/workspace/P78123011/MediaTek_2026_project/Reproduce/LLaRA/.venv/lib/python3.10/site-packages/transformers/utils/hub.py:111: FutureWarning: Using `TRANSFORMERS_CACHE` is deprecated and will be removed in v5 of Transformers. Use `HF_HOME` instead.
  warnings.warn(
Seed set to 1234
Loading full review dataset:   0%|          | 0/1 [00:00<?, ?dataset/s]
Generating full split: 0 examples [00:00, ? examples/s][A
Generating full split: 16016 examples [00:00, 157497.46 examples/s][A
Generating full split: 32000 examples [00:00, 157413.52 examples/s][A
Generating full split: 48544 examples [00:00, 161044.83 examples/s][A
Generating full split: 66000 examples [00:00, 165089.19 examples/s][A
Generating full split: 82813 examples [00:00, 166175.02 examples/s][A
Generating full split: 100182 examples [00:00, 168712.77 examples/s][A
Generating full split: 118000 examples [00:00, 171047.92 examples/s][A
Generating full split: 136000 examples [00:00, 173034.80 examples/s][A
Generating full split: 154000 examples [00:00, 173939.04 examples/s][A
Generating full split: 172000 examples [00:01, 174768.46 examples/s][A
Generating full split: 196000 examples [00:01, 126645.31 examples/s][A
Generating full split: 214000 examples [00:01, 137981.45 examples/s][A
Generating full split: 232000 examples [00:01, 147811.68 examples/s][A
Generating full split: 250000 examples [00:01, 155129.62 examples/s][A
Generating full split: 268000 examples [00:01, 161263.07 examples/s][A
Generating full split: 286050 examples [00:01, 166287.15 examples/s][A
Generating full split: 304000 examples [00:01, 169491.17 examples/s][A
Generating full split: 322000 examples [00:01, 171200.76 examples/s][A
Generating full split: 340000 examples [00:02, 172967.12 examples/s][A
Generating full split: 358000 examples [00:02, 174305.12 examples/s][A
Generating full split: 376746 examples [00:02, 177358.34 examples/s][A
Generating full split: 397978 examples [00:02, 187312.00 examples/s][A
Generating full split: 419000 examples [00:02, 192976.24 examples/s][A
Generating full split: 440000 examples [00:02, 195806.07 examples/s][A
Generating full split: 460913 examples [00:02, 199729.67 examples/s][A
Generating full split: 481768 examples [00:02, 202017.30 examples/s][A
Generating full split: 502778 examples [00:02, 204416.93 examples/s][A
Generating full split: 532914 examples [00:03, 150592.53 examples/s][A
Generating full split: 553533 examples [00:03, 162524.34 examples/s][A
Generating full split: 574766 examples [00:03, 173919.04 examples/s][A
Generating full split: 595593 examples [00:03, 182347.81 examples/s][A
Generating full split: 617000 examples [00:03, 189441.83 examples/s][A
Generating full split: 638833 examples [00:03, 196417.21 examples/s][A
Generating full split: 659716 examples [00:03, 199818.96 examples/s][A
Generating full split: 680362 examples [00:03, 201281.02 examples/s][A
Generating full split: 701193 examples [00:04, 202460.14 examples/s][A
Generating full split: 722945 examples [00:04, 205861.97 examples/s][A
Generating full split: 754000 examples [00:04, 204879.81 examples/s][A
Generating full split: 775000 examples [00:04, 206098.40 examples/s][A
Generating full split: 796000 examples [00:04, 206957.61 examples/s][A
Generating full split: 817000 examples [00:04, 207796.67 examples/s][A
Generating full split: 838000 examples [00:04, 208260.76 examples/s][A
Generating full split: 859668 examples [00:04, 209575.74 examples/s][A
Generating full split: 891000 examples [00:04, 208245.29 examples/s][A
Generating full split: 912544 examples [00:05, 151781.00 examples/s][A
Generating full split: 934000 examples [00:05, 164513.01 examples/s][A
Generating full split: 955000 examples [00:05, 174517.63 examples/s][A
Generating full split: 976000 examples [00:05, 182862.71 examples/s][A
Generating full split: 997845 examples [00:05, 191237.38 examples/s][A
Generating full split: 1018909 examples [00:05, 196274.81 examples/s][A
Generating full split: 1039900 examples [00:05, 199841.95 examples/s][A
Generating full split: 1060863 examples [00:05, 202612.84 examples/s][A
Generating full split: 1081727 examples [00:05, 204355.31 examples/s][A
Generating full split: 1113000 examples [00:06, 204059.98 examples/s][A
Generating full split: 1133801 examples [00:06, 205107.32 examples/s][A
Generating full split: 1165015 examples [00:06, 206189.47 examples/s][A
Generating full split: 1186936 examples [00:06, 208484.03 examples/s][A
Generating full split: 1208000 examples [00:06, 208198.74 examples/s][A
Generating full split: 1229000 examples [00:06, 207687.18 examples/s][A
Generating full split: 1250000 examples [00:06, 208050.99 examples/s][A
Generating full split: 1271000 examples [00:06, 208531.49 examples/s][A
Generating full split: 1295720 examples [00:07, 151145.42 examples/s][A
Generating full split: 1316001 examples [00:07, 162610.71 examples/s][A
Generating full split: 1337642 examples [00:07, 175018.76 examples/s][A
Generating full split: 1359000 examples [00:07, 183440.95 examples/s][A
Generating full split: 1380892 examples [00:07, 191921.76 examples/s][A
Generating full split: 1401957 examples [00:07, 197054.58 examples/s][A
Generating full split: 1422655 examples [00:07, 199422.08 examples/s][A
Generating full split: 1444000 examples [00:07, 201943.43 examples/s][A
Generating full split: 1465291 examples [00:07, 205108.34 examples/s][A
Generating full split: 1486958 examples [00:08, 207491.48 examples/s][A
Generating full split: 1508000 examples [00:08, 207728.55 examples/s][A
Generating full split: 1529000 examples [00:08, 208096.11 examples/s][A
Generating full split: 1550714 examples [00:08, 209520.57 examples/s][A
Generating full split: 1571801 examples [00:08, 209709.27 examples/s][A
Generating full split: 1592851 examples [00:08, 209832.42 examples/s][A
Generating full split: 1624000 examples [00:08, 207793.71 examples/s][A
Generating full split: 1645000 examples [00:08, 207922.96 examples/s][A
Generating full split: 1666000 examples [00:08, 208258.46 examples/s][A
Generating full split: 1687000 examples [00:08, 208230.50 examples/s][A
Generating full split: 1715288 examples [00:09, 153146.90 examples/s][A
Generating full split: 1736000 examples [00:09, 164605.19 examples/s][A
Generating full split: 1757000 examples [00:09, 174855.90 examples/s][A
Generating full split: 1778000 examples [00:09, 183517.38 examples/s][A
Generating full split: 1799000 examples [00:09, 189508.57 examples/s][A
Generating full split: 1820000 examples [00:09, 194231.73 examples/s][A
Generating full split: 1841000 examples [00:09, 198436.78 examples/s][A
Generating full split: 1862000 examples [00:09, 201232.70 examples/s][A
Generating full split: 1883000 examples [00:10, 203249.81 examples/s][A
Generating full split: 1904000 examples [00:10, 205009.75 examples/s][A
Generating full split: 1925000 examples [00:10, 205169.44 examples/s][A
Generating full split: 1946907 examples [00:10, 208077.70 examples/s][A
Generating full split: 1967973 examples [00:10, 208836.92 examples/s][A
Generating full split: 1999000 examples [00:10, 207657.74 examples/s][A
Generating full split: 2020024 examples [00:10, 208351.39 examples/s][A
Generating full split: 2041000 examples [00:10, 208635.20 examples/s][A
Generating full split: 2063628 examples [00:11, 150487.74 examples/s][A
Generating full split: 2085000 examples [00:11, 163458.07 examples/s][A
Generating full split: 2105978 examples [00:11, 174562.62 examples/s][A
Generating full split: 2126426 examples [00:11, 181995.25 examples/s][A
Generating full split: 2147675 examples [00:11, 189537.52 examples/s][A
Generating full split: 2168692 examples [00:11, 194777.17 examples/s][A
Generating full split: 2189969 examples [00:11, 199630.68 examples/s][A
Generating full split: 2211000 examples [00:11, 201551.73 examples/s][A
Generating full split: 2232436 examples [00:11, 205259.14 examples/s][A
Generating full split: 2253606 examples [00:11, 206382.53 examples/s][A
Generating full split: 2275000 examples [00:12, 207077.50 examples/s][A
Generating full split: 2296000 examples [00:12, 207132.33 examples/s][A
Generating full split: 2317733 examples [00:12, 209038.51 examples/s][A
Generating full split: 2339000 examples [00:12, 208690.66 examples/s][A
Generating full split: 2360000 examples [00:12, 208788.41 examples/s][A
Generating full split: 2381000 examples [00:12, 208376.44 examples/s][A
Generating full split: 2403000 examples [00:12, 210361.64 examples/s][A
Generating full split: 2429000 examples [00:12, 150543.33 examples/s][A
Generating full split: 2450000 examples [00:13, 163103.14 examples/s][A
Generating full split: 2471000 examples [00:13, 174251.58 examples/s][A
Generating full split: 2491948 examples [00:13, 183214.72 examples/s][A
Generating full split: 2512614 examples [00:13, 189422.41 examples/s][A
Generating full split: 2533912 examples [00:13, 195592.43 examples/s][A
Generating full split: 2554731 examples [00:13, 198676.75 examples/s][A
Generating full split: 2575653 examples [00:13, 201274.52 examples/s][A
Generating full split: 2596751 examples [00:13, 203568.25 examples/s][A
Generating full split: 2617754 examples [00:13, 205457.35 examples/s][A
Generating full split: 2648504 examples [00:14, 205156.15 examples/s][A
Generating full split: 2669845 examples [00:14, 206412.78 examples/s][A
Generating full split: 2694602 examples [00:14, 183910.88 examples/s][A
Generating full split: 2715941 examples [00:14, 190926.93 examples/s][A
Generating full split: 2736491 examples [00:14, 193733.52 examples/s][A
Generating full split: 2756812 examples [00:14, 196308.16 examples/s][A
Generating full split: 2782000 examples [00:14, 145038.36 examples/s][A
Generating full split: 2802703 examples [00:14, 158354.62 examples/s][A
Generating full split: 2823480 examples [00:15, 169394.83 examples/s][A
Generating full split: 2844456 examples [00:15, 178903.63 examples/s][A
Generating full split: 2864511 examples [00:15, 184594.40 examples/s][A
Generating full split: 2885350 examples [00:15, 190278.23 examples/s][A
Generating full split: 2915698 examples [00:15, 194710.03 examples/s][A
Generating full split: 2946000 examples [00:15, 196790.50 examples/s][A
Generating full split: 2967000 examples [00:15, 199985.05 examples/s][A
Generating full split: 2999000 examples [00:15, 203927.82 examples/s][A
Generating full split: 3020000 examples [00:16, 205032.28 examples/s][A
Generating full split: 3041000 examples [00:16, 205839.20 examples/s][A
Generating full split: 3062000 examples [00:16, 205851.98 examples/s][A
Generating full split: 3083771 examples [00:16, 208029.24 examples/s][A
Generating full split: 3114010 examples [00:16, 154050.96 examples/s][A
Generating full split: 3135802 examples [00:16, 166723.80 examples/s][A
Generating full split: 3156726 examples [00:16, 176492.01 examples/s][A
Generating full split: 3178000 examples [00:16, 184588.63 examples/s][A
Generating full split: 3199000 examples [00:17, 191163.21 examples/s][A
Generating full split: 3221000 examples [00:17, 197122.86 examples/s][A
Generating full split: 3242740 examples [00:17, 201925.36 examples/s][A
Generating full split: 3264000 examples [00:17, 203941.64 examples/s][A
Generating full split: 3285267 examples [00:17, 206441.18 examples/s][A
Generating full split: 3307000 examples [00:17, 207455.46 examples/s][A
Generating full split: 3329000 examples [00:17, 209226.82 examples/s][A
Generating full split: 3360665 examples [00:17, 209941.29 examples/s][A
Generating full split: 3381926 examples [00:17, 210615.76 examples/s][A
Generating full split: 3413981 examples [00:18, 211305.82 examples/s][A
Generating full split: 3445411 examples [00:18, 160420.84 examples/s][A
Generating full split: 3466000 examples [00:18, 168842.42 examples/s][A
Generating full split: 3487000 examples [00:18, 177800.95 examples/s][A
Generating full split: 3508142 examples [00:18, 185842.60 examples/s][A
Generating full split: 3529638 examples [00:18, 192269.07 examples/s][A
Generating full split: 3550808 examples [00:18, 197106.75 examples/s][A
Generating full split: 3571832 examples [00:18, 200519.92 examples/s][A
Generating full split: 3593000 examples [00:19, 202531.97 examples/s][A
Generating full split: 3614000 examples [00:19, 204532.31 examples/s][A
Generating full split: 3641543 examples [00:19, 184681.99 examples/s][A
Generating full split: 3662943 examples [00:19, 191316.81 examples/s][A
Generating full split: 3683750 examples [00:19, 195754.19 examples/s][A
Generating full split: 3705000 examples [00:19, 199449.70 examples/s][A
Generating full split: 3726000 examples [00:19, 201556.50 examples/s][A
Generating full split: 3747000 examples [00:19, 203779.43 examples/s][A
Generating full split: 3768111 examples [00:19, 205900.11 examples/s][A
Generating full split: 3792242 examples [00:20, 148629.82 examples/s][A
Generating full split: 3813754 examples [00:20, 162778.88 examples/s][A
Generating full split: 3834874 examples [00:20, 174445.38 examples/s][A
Generating full split: 3855623 examples [00:20, 182906.86 examples/s][A
Generating full split: 3876985 examples [00:20, 190496.10 examples/s][A
Generating full split: 3898000 examples [00:20, 195219.97 examples/s][A
Generating full split: 3919000 examples [00:20, 198929.52 examples/s][A
Generating full split: 3940376 examples [00:20, 203180.27 examples/s][A
Generating full split: 3961858 examples [00:20, 205832.56 examples/s][A
Generating full split: 3982999 examples [00:21, 207416.30 examples/s][A
Generating full split: 4014126 examples [00:21, 207245.34 examples/s][A
Generating full split: 4036000 examples [00:21, 208454.61 examples/s][A
Generating full split: 4058000 examples [00:21, 209457.38 examples/s][A
Generating full split: 4080000 examples [00:21, 210219.02 examples/s][A
Generating full split: 4101864 examples [00:21, 211600.47 examples/s][A
Generating full split: 4133161 examples [00:21, 210300.64 examples/s][A
Generating full split: 4156551 examples [00:22, 154910.30 examples/s][A
Generating full split: 4177906 examples [00:22, 167049.83 examples/s][A
Generating full split: 4198735 examples [00:22, 176500.32 examples/s][A
Generating full split: 4220000 examples [00:22, 184795.85 examples/s][A
Generating full split: 4241000 examples [00:22, 191337.00 examples/s][A
Generating full split: 4262087 examples [00:22, 196649.59 examples/s][A
Generating full split: 4283137 examples [00:22, 200526.14 examples/s][A
Generating full split: 4304672 examples [00:22, 203575.24 examples/s][A
Generating full split: 4325882 examples [00:22, 205316.19 examples/s][A
Generating full split: 4346957 examples [00:22, 206609.50 examples/s][A
Generating full split: 4368000 examples [00:23, 206897.54 examples/s][A
Generating full split: 4389167 examples [00:23, 208302.51 examples/s][A
Generating full split: 4410867 examples [00:23, 209847.01 examples/s][A
Generating full split: 4432000 examples [00:23, 209178.49 examples/s][A
Generating full split: 4453000 examples [00:23, 209205.15 examples/s][A
Generating full split: 4474000 examples [00:23, 209151.42 examples/s][A
Generating full split: 4495000 examples [00:23, 208352.56 examples/s][A
Generating full split: 4516000 examples [00:23, 208430.52 examples/s][A
Generating full split: 4546000 examples [00:24, 152373.43 examples/s][A
Generating full split: 4567000 examples [00:24, 164658.05 examples/s][A
Generating full split: 4594817 examples [00:24, 162796.04 examples/s][A
Generating full split: 4615762 examples [00:24, 173171.56 examples/s][A
Generating full split: 4636976 examples [00:24, 182550.23 examples/s][A
Generating full split: 4658000 examples [00:24, 188635.57 examples/s][A
Generating full split: 4679905 examples [00:24, 195709.14 examples/s][A
Generating full split: 4701000 examples [00:24, 198479.39 examples/s][A
Generating full split: 4722087 examples [00:24, 201954.53 examples/s][A
Generating full split: 4743000 examples [00:25, 203796.98 examples/s][A
Generating full split: 4764001 examples [00:25, 205593.65 examples/s][A
Generating full split: 4786000 examples [00:25, 207539.68 examples/s][A
Generating full split: 4807000 examples [00:25, 207919.80 examples/s][A
Generating full split: 4828000 examples [00:25, 208021.86 examples/s][A
Generating full split: 4849000 examples [00:25, 208604.53 examples/s][A
Generating full split: 4870099 examples [00:25, 209312.47 examples/s][A
Generating full split: 4896684 examples [00:25, 151867.08 examples/s][A
Generating full split: 4917985 examples [00:25, 165201.90 examples/s][A
Generating full split: 4938971 examples [00:26, 175885.49 examples/s][A
Generating full split: 4960000 examples [00:26, 183905.02 examples/s][A
Generating full split: 4981162 examples [00:26, 191299.09 examples/s][A
Generating full split: 5002050 examples [00:26, 196149.73 examples/s][A
Generating full split: 5023751 examples [00:26, 200853.61 examples/s][A
Generating full split: 5045000 examples [00:26, 202966.52 examples/s][A
Generating full split: 5066691 examples [00:26, 205936.79 examples/s][A
Generating full split: 5087811 examples [00:26, 206866.13 examples/s][A
Generating full split: 5118000 examples [00:26, 203589.55 examples/s][A
Generating full split: 5147555 examples [00:27, 200071.19 examples/s][A
Generating full split: 5168740 examples [00:27, 202044.03 examples/s][A
Generating full split: 5189612 examples [00:27, 203599.85 examples/s][A
Generating full split: 5210838 examples [00:27, 205426.40 examples/s][A
Generating full split: 5231899 examples [00:27, 206640.97 examples/s][A
Generating full split: 5257402 examples [00:27, 150973.54 examples/s][A
Generating full split: 5278000 examples [00:27, 162310.75 examples/s][A
Generating full split: 5299000 examples [00:27, 173457.95 examples/s][A
Generating full split: 5320000 examples [00:28, 182446.12 examples/s][A
Generating full split: 5341647 examples [00:28, 190481.88 examples/s][A
Generating full split: 5362876 examples [00:28, 196035.67 examples/s][A
Generating full split: 5384000 examples [00:28, 199236.25 examples/s][A
Generating full split: 5405000 examples [00:28, 201886.54 examples/s][A
Generating full split: 5426080 examples [00:28, 204460.85 examples/s][A
Generating full split: 5447921 examples [00:28, 207305.85 examples/s][A
Generating full split: 5479037 examples [00:28, 207153.26 examples/s][A
Generating full split: 5500006 examples [00:28, 207829.78 examples/s][A
Generating full split: 5521000 examples [00:29, 207920.12 examples/s][A
Generating full split: 5542133 examples [00:29, 208882.99 examples/s][A
Generating full split: 5572600 examples [00:29, 188387.89 examples/s][A
Generating full split: 5593728 examples [00:29, 193911.93 examples/s][A
Generating full split: 5616429 examples [00:29, 146056.59 examples/s][A
Generating full split: 5637991 examples [00:29, 160481.85 examples/s][A
Generating full split: 5659000 examples [00:29, 171170.69 examples/s][A
Generating full split: 5680000 examples [00:29, 180734.67 examples/s][A
Generating full split: 5701000 examples [00:30, 187926.14 examples/s][A
Generating full split: 5722000 examples [00:30, 193680.83 examples/s][A
Generating full split: 5743000 examples [00:30, 197745.94 examples/s][A
Generating full split: 5764000 examples [00:30, 201127.31 examples/s][A
Generating full split: 5785000 examples [00:30, 202559.52 examples/s][A
Generating full split: 5806000 examples [00:30, 203900.26 examples/s][A
Generating full split: 5827000 examples [00:30, 205173.37 examples/s][A
Generating full split: 5848000 examples [00:30, 205673.67 examples/s][A
Generating full split: 5869000 examples [00:30, 205718.14 examples/s][A
Generating full split: 5890000 examples [00:30, 205985.91 examples/s][A
Generating full split: 5911000 examples [00:31, 206270.47 examples/s][A
Generating full split: 5932000 examples [00:31, 206841.23 examples/s][A
Generating full split: 5953000 examples [00:31, 206894.66 examples/s][A
Generating full split: 5974000 examples [00:31, 207374.24 examples/s][A
Generating full split: 5995000 examples [00:31, 207480.64 examples/s][A
Generating full split: 6016000 examples [00:31, 146363.02 examples/s][A
Generating full split: 6037000 examples [00:31, 160319.85 examples/s][A
Generating full split: 6058000 examples [00:31, 171931.59 examples/s][A
Generating full split: 6079000 examples [00:32, 180852.28 examples/s][A
Generating full split: 6100000 examples [00:32, 188044.65 examples/s][A
Generating full split: 6121000 examples [00:32, 194070.77 examples/s][A
Generating full split: 6142000 examples [00:32, 198187.85 examples/s][A
Generating full split: 6163000 examples [00:32, 201301.00 examples/s][A
Generating full split: 6184289 examples [00:32, 203480.25 examples/s][A
Generating full split: 6214000 examples [00:32, 201130.79 examples/s][A
Generating full split: 6235000 examples [00:32, 202750.49 examples/s][A
Generating full split: 6256000 examples [00:32, 204122.61 examples/s][A
Generating full split: 6277019 examples [00:32, 205828.19 examples/s][A
Generating full split: 6298000 examples [00:33, 206736.24 examples/s][A
Generating full split: 6319000 examples [00:33, 206967.25 examples/s][A
Generating full split: 6345048 examples [00:33, 149388.76 examples/s][A
Generating full split: 6366000 examples [00:33, 162030.61 examples/s][A
Generating full split: 6387000 examples [00:33, 173395.72 examples/s][A
Generating full split: 6408000 examples [00:33, 182648.47 examples/s][A
Generating full split: 6430000 examples [00:33, 190740.56 examples/s][A
Generating full split: 6451127 examples [00:33, 196349.14 examples/s][A
Generating full split: 6472000 examples [00:34, 199055.96 examples/s][A
Generating full split: 6493082 examples [00:34, 202412.63 examples/s][A
Generating full split: 6516111 examples [00:34, 181479.81 examples/s][A
Generating full split: 6537000 examples [00:34, 188209.44 examples/s][A
Generating full split: 6558000 examples [00:34, 193785.83 examples/s][A
Generating full split: 6579000 examples [00:34, 198072.89 examples/s][A
Generating full split: 6600000 examples [00:34, 201020.84 examples/s][A
Generating full split: 6621000 examples [00:34, 203104.32 examples/s][A
Generating full split: 6642740 examples [00:34, 206134.46 examples/s][A
Generating full split: 6663898 examples [00:35, 207730.13 examples/s][A
Generating full split: 6694620 examples [00:35, 152686.26 examples/s][A
Generating full split: 6715689 examples [00:35, 164774.25 examples/s][A
Generating full split: 6736817 examples [00:35, 175164.19 examples/s][A
Generating full split: 6757681 examples [00:35, 182912.38 examples/s][A
Generating full split: 6778630 examples [00:35, 189386.05 examples/s][A
Generating full split: 6799396 examples [00:35, 193581.37 examples/s][A
Generating full split: 6820000 examples [00:35, 196413.37 examples/s][A
Generating full split: 6841000 examples [00:36, 199379.15 examples/s][A
Generating full split: 6862000 examples [00:36, 201805.56 examples/s][A
Generating full split: 6882936 examples [00:36, 204000.36 examples/s][A
Generating full split: 6903670 examples [00:36, 204980.17 examples/s][A
Generating full split: 6924452 examples [00:36, 205494.09 examples/s][A
Generating full split: 6945719 examples [00:36, 206360.83 examples/s][A
Generating full split: 6966711 examples [00:36, 206986.32 examples/s][A
Generating full split: 6987787 examples [00:36, 207430.36 examples/s][A
Generating full split: 7008599 examples [00:36, 207453.39 examples/s][A
Generating full split: 7038754 examples [00:37, 152009.41 examples/s][A
Generating full split: 7059000 examples [00:37, 162437.23 examples/s][A
Generating full split: 7079937 examples [00:37, 173454.85 examples/s][A
Generating full split: 7100861 examples [00:37, 182303.31 examples/s][A
Generating full split: 7121865 examples [00:37, 189192.08 examples/s][A
Generating full split: 7143000 examples [00:37, 193836.09 examples/s][A
Generating full split: 7164000 examples [00:37, 197924.85 examples/s][A
Generating full split: 7185000 examples [00:37, 200752.14 examples/s][A
Generating full split: 7206000 examples [00:37, 202573.74 examples/s][A
Generating full split: 7227000 examples [00:38, 204201.06 examples/s][A
Generating full split: 7248000 examples [00:38, 205523.12 examples/s][A
Generating full split: 7269000 examples [00:38, 205891.46 examples/s][A
Generating full split: 7290000 examples [00:38, 206780.33 examples/s][A
Generating full split: 7311000 examples [00:38, 207363.55 examples/s][A
Generating full split: 7332000 examples [00:38, 207355.66 examples/s][A
Generating full split: 7353000 examples [00:38, 207948.98 examples/s][A
Generating full split: 7374000 examples [00:38, 208175.11 examples/s][A
Generating full split: 7399000 examples [00:38, 149243.21 examples/s][A
Generating full split: 7420000 examples [00:39, 162238.34 examples/s][A
Generating full split: 7441000 examples [00:39, 173725.31 examples/s][A
Generating full split: 7462000 examples [00:39, 182143.19 examples/s][A
Generating full split: 7482832 examples [00:39, 189135.24 examples/s][A
Generating full split: 7503000 examples [00:39, 191667.02 examples/s][A
Generating full split: 7523648 examples [00:39, 195842.53 examples/s][A
Generating full split: 7544653 examples [00:39, 199518.28 examples/s][A
Generating full split: 7565743 examples [00:39, 202469.74 examples/s][A
Generating full split: 7586945 examples [00:39, 204946.62 examples/s][A
Generating full split: 7607725 examples [00:39, 205784.74 examples/s][A
Generating full split: 7628900 examples [00:40, 206869.05 examples/s][A
Generating full split: 7649790 examples [00:40, 207366.91 examples/s][A
Generating full split: 7679000 examples [00:40, 201185.07 examples/s][A
Generating full split: 7702951 examples [00:40, 147764.37 examples/s][A
Generating full split: 7723000 examples [00:40, 158859.30 examples/s][A
Generating full split: 7744000 examples [00:40, 170539.67 examples/s][A
Generating full split: 7764211 examples [00:40, 178391.61 examples/s][A
Generating full split: 7784730 examples [00:41, 185340.56 examples/s][A
Generating full split: 7805910 examples [00:41, 191976.99 examples/s][A
Generating full split: 7826954 examples [00:41, 196966.16 examples/s][A
Generating full split: 7847856 examples [00:41, 200401.36 examples/s][A
Generating full split: 7878885 examples [00:41, 202483.24 examples/s][A
Generating full split: 7900000 examples [00:41, 203865.50 examples/s][A
Generating full split: 7920916 examples [00:41, 205313.68 examples/s][A
Generating full split: 7941780 examples [00:41, 206208.76 examples/s][A
Generating full split: 7962774 examples [00:41, 206863.64 examples/s][A
Generating full split: 7994000 examples [00:42, 206602.01 examples/s][A
Generating full split: 8015000 examples [00:42, 206531.83 examples/s][A
Generating full split: 8039319 examples [00:42, 151471.34 examples/s][A
Generating full split: 8060993 examples [00:42, 164827.46 examples/s][A
Generating full split: 8081756 examples [00:42, 174843.74 examples/s][A
Generating full split: 8102720 examples [00:42, 182926.65 examples/s][A
Generating full split: 8123000 examples [00:42, 187620.84 examples/s][A
Generating full split: 8143981 examples [00:42, 193665.51 examples/s][A
Generating full split: 8164134 examples [00:42, 195691.98 examples/s][A
Generating full split: 8184817 examples [00:43, 198871.92 examples/s][A
Generating full split: 8205313 examples [00:43, 199515.32 examples/s][A
Generating full split: 8235587 examples [00:43, 200313.73 examples/s][A
Generating full split: 8256745 examples [00:43, 202177.41 examples/s][A
Generating full split: 8287779 examples [00:43, 203514.38 examples/s][A
Generating full split: 8308667 examples [00:43, 204270.35 examples/s][A
Generating full split: 8329708 examples [00:43, 205167.72 examples/s][A
Generating full split: 8350755 examples [00:43, 205969.64 examples/s][A
Generating full split: 8371895 examples [00:43, 206957.63 examples/s][A
Generating full split: 8393748 examples [00:44, 148226.36 examples/s][A
Generating full split: 8417000 examples [00:44, 148669.00 examples/s][A
Generating full split: 8438000 examples [00:44, 162131.66 examples/s][A
Generating full split: 8459119 examples [00:44, 173918.44 examples/s][A
Generating full split: 8480000 examples [00:44, 182327.09 examples/s][A
Generating full split: 8501000 examples [00:44, 189414.49 examples/s][A
Generating full split: 8522000 examples [00:44, 194859.99 examples/s][A
Generating full split: 8543000 examples [00:44, 198601.71 examples/s][A
Generating full split: 8564000 examples [00:45, 201055.12 examples/s][A
Generating full split: 8585000 examples [00:45, 202897.13 examples/s][A
Generating full split: 8606000 examples [00:45, 204956.78 examples/s][A
Generating full split: 8627000 examples [00:45, 206042.19 examples/s][A
Generating full split: 8648000 examples [00:45, 206018.53 examples/s][A
Generating full split: 8669000 examples [00:45, 206629.88 examples/s][A
Generating full split: 8690000 examples [00:45, 207250.74 examples/s][A
Generating full split: 8711007 examples [00:45, 208085.63 examples/s][A
Generating full split: 8731937 examples [00:45, 208447.09 examples/s][A
Generating full split: 8753000 examples [00:46, 146481.59 examples/s][A
Generating full split: 8774000 examples [00:46, 160376.11 examples/s][A
Generating full split: 8795060 examples [00:46, 172755.28 examples/s][A
Generating full split: 8815805 examples [00:46, 181790.56 examples/s][A
Generating full split: 8836857 examples [00:46, 189452.74 examples/s][A
Generating full split: 8857698 examples [00:46, 194445.31 examples/s][A
Generating full split: 8878719 examples [00:46, 198543.41 examples/s][A
Generating full split: 8899875 examples [00:46, 201389.97 examples/s][A
Generating full split: 8920948 examples [00:46, 204072.93 examples/s][A
Generating full split: 8942000 examples [00:47, 204771.16 examples/s][A
Generating full split: 8963000 examples [00:47, 205908.55 examples/s][A
Generating full split: 8984000 examples [00:47, 206470.23 examples/s][A
Generating full split: 9016000 examples [00:47, 208333.46 examples/s][A
Generating full split: 9038000 examples [00:47, 209136.61 examples/s][A
Generating full split: 9059000 examples [00:47, 209031.71 examples/s][A
Generating full split: 9080000 examples [00:47, 208842.45 examples/s][A
Generating full split: 9104856 examples [00:47, 152122.64 examples/s][A
Generating full split: 9124012 examples [00:48, 160815.56 examples/s][A
Generating full split: 9145000 examples [00:48, 172493.30 examples/s][A
Generating full split: 9166000 examples [00:48, 181781.23 examples/s][A
Generating full split: 9187000 examples [00:48, 189290.36 examples/s][A
Generating full split: 9208000 examples [00:48, 194891.11 examples/s][A
Generating full split: 9229236 examples [00:48, 198803.45 examples/s][A
Generating full split: 9249723 examples [00:48, 200540.33 examples/s][A
Generating full split: 9270652 examples [00:48, 201966.61 examples/s][A
Generating full split: 9291304 examples [00:48, 202010.16 examples/s][A
Generating full split: 9312000 examples [00:48, 202676.94 examples/s][A
Generating full split: 9333000 examples [00:49, 203536.52 examples/s][A
Generating full split: 9355000 examples [00:49, 206147.41 examples/s][A
Generating full split: 9379490 examples [00:49, 185256.97 examples/s][A
Generating full split: 9400755 examples [00:49, 191937.80 examples/s][A
Generating full split: 9427851 examples [00:49, 145544.57 examples/s][A
Generating full split: 9448947 examples [00:49, 158778.58 examples/s][A
Generating full split: 9470000 examples [00:49, 170352.76 examples/s][A
Generating full split: 9491000 examples [00:50, 179897.94 examples/s][A
Generating full split: 9512916 examples [00:50, 189131.74 examples/s][A
Generating full split: 9533912 examples [00:50, 194688.82 examples/s][A
Generating full split: 9555000 examples [00:50, 198137.79 examples/s][A
Generating full split: 9576000 examples [00:50, 201407.98 examples/s][A
Generating full split: 9597147 examples [00:50, 204306.79 examples/s][A
Generating full split: 9618004 examples [00:50, 205547.95 examples/s][A
Generating full split: 9639064 examples [00:50, 207033.00 examples/s][A
Generating full split: 9660000 examples [00:50, 207371.02 examples/s][A
Generating full split: 9689000 examples [00:50, 201669.14 examples/s][A
Generating full split: 9715278 examples [00:51, 192235.66 examples/s][A
Generating full split: 9742000 examples [00:51, 186419.70 examples/s][A
Generating full split: 9769000 examples [00:51, 183345.24 examples/s][A
Generating full split: 9794000 examples [00:51, 136718.73 examples/s][A
Generating full split: 9812000 examples [00:51, 144394.41 examples/s][A
Generating full split: 9830000 examples [00:51, 150924.16 examples/s][A
Generating full split: 9848000 examples [00:52, 156988.50 examples/s][A
Generating full split: 9866000 examples [00:52, 162150.04 examples/s][A
Generating full split: 9884000 examples [00:52, 165580.73 examples/s][A
Generating full split: 9902000 examples [00:52, 168169.81 examples/s][A
Generating full split: 9920000 examples [00:52, 170338.49 examples/s][A
Generating full split: 9938000 examples [00:52, 172004.59 examples/s][A
Generating full split: 9956000 examples [00:52, 173308.96 examples/s][A
Generating full split: 9974000 examples [00:52, 174070.36 examples/s][A
Generating full split: 9992000 examples [00:52, 174722.26 examples/s][A
Generating full split: 10010000 examples [00:52, 175542.30 examples/s][A
Generating full split: 10028000 examples [00:53, 176070.19 examples/s][A
Generating full split: 10047353 examples [00:53, 180873.58 examples/s][A
Generating full split: 10069000 examples [00:53, 189368.80 examples/s][A
Generating full split: 10090194 examples [00:53, 196021.33 examples/s][A
Generating full split: 10111000 examples [00:53, 199375.55 examples/s][A
Generating full split: 10131906 examples [00:53, 202253.33 examples/s][A
Generating full split: 10152601 examples [00:53, 203273.01 examples/s][A
Generating full split: 10180343 examples [00:53, 148866.36 examples/s][A
Generating full split: 10201924 examples [00:54, 163033.45 examples/s][A
Generating full split: 10222952 examples [00:54, 174204.18 examples/s][A
Generating full split: 10243916 examples [00:54, 182594.24 examples/s][A
Generating full split: 10270000 examples [00:54, 170996.13 examples/s][A
Generating full split: 10291000 examples [00:54, 180196.09 examples/s][A
Generating full split: 10312066 examples [00:54, 187039.63 examples/s][A
Generating full split: 10333001 examples [00:54, 192997.67 examples/s][A
Generating full split: 10354000 examples [00:54, 197252.76 examples/s][A
Generating full split: 10375000 examples [00:54, 200246.48 examples/s][A
Generating full split: 10395412 examples [00:54, 201031.96 examples/s][A
Generating full split: 10416769 examples [00:55, 203606.29 examples/s][A
Generating full split: 10438000 examples [00:55, 204846.86 examples/s][A
Generating full split: 10459910 examples [00:55, 207895.52 examples/s][A
Generating full split: 10480955 examples [00:55, 208644.62 examples/s][A
Generating full split: 10502000 examples [00:55, 207879.51 examples/s][A
Generating full split: 10528794 examples [00:55, 152477.13 examples/s][A
Generating full split: 10549539 examples [00:55, 164554.82 examples/s][A
Generating full split: 10570923 examples [00:55, 176169.27 examples/s][A
Generating full split: 10591791 examples [00:56, 184477.99 examples/s][A
Generating full split: 10612129 examples [00:56, 188802.68 examples/s][A
Generating full split: 10633000 examples [00:56, 194287.37 examples/s][A
Generating full split: 10654000 examples [00:56, 198232.71 examples/s][A
Generating full split: 10675000 examples [00:56, 201209.89 examples/s][A
Generating full split: 10696000 examples [00:56, 203148.48 examples/s][A
Generating full split: 10717000 examples [00:56, 204845.64 examples/s][A
Generating full split: 10738000 examples [00:56, 205555.34 examples/s][A
Generating full split: 10759858 examples [00:56, 208140.81 examples/s][A
Generating full split: 10780991 examples [00:56, 208822.27 examples/s][A
Generating full split: 10801977 examples [00:57, 209127.08 examples/s][A
Generating full split: 10832445 examples [00:57, 206388.43 examples/s][A
Generating full split: 10853859 examples [00:57, 207857.99 examples/s][A
Generating full split: 10878034 examples [00:57, 152413.13 examples/s][A
Generating full split: 10899029 examples [00:57, 164932.12 examples/s][A
Generating full split: 10920000 examples [00:57, 175206.94 examples/s][A
Generating full split: 10941000 examples [00:57, 183940.41 examples/s][A
Generating full split: 10962000 examples [00:57, 190613.61 examples/s][A
Generating full split: 10983248 examples [00:58, 196614.88 examples/s][A
Generating full split: 11004447 examples [00:58, 199967.14 examples/s][A
Generating full split: 11025947 examples [00:58, 203730.35 examples/s][A
Generating full split: 11046961 examples [00:58, 205578.89 examples/s][A
Generating full split: 11068000 examples [00:58, 205603.13 examples/s][A
Generating full split: 11096346 examples [00:58, 199219.95 examples/s][A
Generating full split: 11123000 examples [00:58, 190892.60 examples/s][A
Generating full split: 11150000 examples [00:58, 185807.00 examples/s][A
Generating full split: 11177000 examples [00:59, 183112.89 examples/s][A
Generating full split: 11204009 examples [00:59, 181516.24 examples/s][A
Generating full split: 11226000 examples [00:59, 128284.90 examples/s][A
Generating full split: 11244000 examples [00:59, 137425.44 examples/s][A
Generating full split: 11262000 examples [00:59, 145864.31 examples/s][A
Generating full split: 11280000 examples [00:59, 153003.48 examples/s][A
Generating full split: 11298000 examples [00:59, 158747.61 examples/s][A
Generating full split: 11316092 examples [01:00, 164166.47 examples/s][A
Generating full split: 11334000 examples [01:00, 167911.29 examples/s][A
Generating full split: 11352000 examples [01:00, 170955.54 examples/s][A
Generating full split: 11370000 examples [01:00, 172805.68 examples/s][A
Generating full split: 11388000 examples [01:00, 173915.92 examples/s][A
Generating full split: 11406000 examples [01:00, 175530.54 examples/s][A
Generating full split: 11424000 examples [01:00, 176549.60 examples/s][A
Generating full split: 11442000 examples [01:00, 176758.15 examples/s][A
Generating full split: 11462000 examples [01:00, 182587.48 examples/s][A
Generating full split: 11483000 examples [01:00, 190477.26 examples/s][A
Generating full split: 11511000 examples [01:01, 186732.75 examples/s][A
Generating full split: 11532090 examples [01:01, 193187.38 examples/s][A
Generating full split: 11555523 examples [01:01, 143098.19 examples/s][A
Generating full split: 11576781 examples [01:01, 157897.52 examples/s][A
Generating full split: 11597650 examples [01:01, 169688.97 examples/s][A
Generating full split: 11618712 examples [01:01, 179735.40 examples/s][A
Generating full split: 11639875 examples [01:01, 187948.40 examples/s][A
Generating full split: 11661000 examples [01:01, 193183.20 examples/s][A
Generating full split: 11682000 examples [01:02, 197446.83 examples/s][A
Generating full split: 11703000 examples [01:02, 200035.91 examples/s][A
Generating full split: 11730000 examples [01:02, 191688.45 examples/s][A
Generating full split: 11755000 examples [01:02, 181781.39 examples/s][A
Generating full split: 11782000 examples [01:02, 180497.43 examples/s][A
Generating full split: 11809000 examples [01:02, 179248.67 examples/s][A
Generating full split: 11836000 examples [01:02, 178693.06 examples/s][A
Generating full split: 11863000 examples [01:03, 178499.69 examples/s][A
Generating full split: 11881000 examples [01:03, 178744.36 examples/s][A
Generating full split: 11899013 examples [01:03, 178943.33 examples/s][A
Generating full split: 11920887 examples [01:03, 135173.28 examples/s][A
Generating full split: 11942000 examples [01:03, 150443.03 examples/s][A
Generating full split: 11963000 examples [01:03, 163813.46 examples/s][A
Generating full split: 11984337 examples [01:03, 176012.24 examples/s][A
Generating full split: 12006000 examples [01:03, 185416.96 examples/s][A
Generating full split: 12027848 examples [01:04, 193312.62 examples/s][A
Generating full split: 12049000 examples [01:04, 197307.40 examples/s][A
Generating full split: 12079904 examples [01:04, 183362.92 examples/s][A
Generating full split: 12101000 examples [01:04, 189892.66 examples/s][A
Generating full split: 12122123 examples [01:04, 195406.15 examples/s][A
Generating full split: 12143736 examples [01:04, 200189.74 examples/s][A
Generating full split: 12164704 examples [01:04, 202513.99 examples/s][A
Generating full split: 12185820 examples [01:04, 204709.53 examples/s][A
Generating full split: 12206943 examples [01:04, 206531.68 examples/s][A
Generating full split: 12228000 examples [01:05, 206552.73 examples/s][A
Generating full split: 12249000 examples [01:05, 207338.05 examples/s][A
Generating full split: 12270131 examples [01:05, 208507.13 examples/s][A
Generating full split: 12296095 examples [01:05, 151386.93 examples/s][A
Generating full split: 12317168 examples [01:05, 164600.74 examples/s][A
Generating full split: 12338957 examples [01:05, 176844.98 examples/s][A
Generating full split: 12360000 examples [01:05, 184608.38 examples/s][A
Generating full split: 12382000 examples [01:05, 192165.42 examples/s][A
Generating full split: 12403147 examples [01:06, 197452.72 examples/s][A
Generating full split: 12424000 examples [01:06, 200212.93 examples/s][A
Generating full split: 12445033 examples [01:06, 203107.03 examples/s][A
Generating full split: 12466147 examples [01:06, 205435.87 examples/s][A
Generating full split: 12487977 examples [01:06, 208083.92 examples/s][A
Generating full split: 12509000 examples [01:06, 207840.35 examples/s][A
Generating full split: 12530174 examples [01:06, 208989.32 examples/s][A
Generating full split: 12551973 examples [01:06, 210663.90 examples/s][A
Generating full split: 12584000 examples [01:06, 209871.41 examples/s][A
Generating full split: 12605370 examples [01:06, 210895.22 examples/s][A
Generating full split: 12626960 examples [01:07, 211774.04 examples/s][A
Generating full split: 12658954 examples [01:07, 211404.18 examples/s][A
Generating full split: 12681684 examples [01:07, 155595.55 examples/s][A
Generating full split: 12702854 examples [01:07, 167256.95 examples/s][A
Generating full split: 12724000 examples [01:07, 176909.35 examples/s][A
Generating full split: 12745000 examples [01:07, 184611.49 examples/s][A
Generating full split: 12767000 examples [01:07, 192024.43 examples/s][A
Generating full split: 12788012 examples [01:07, 196907.69 examples/s][A
Generating full split: 12809969 examples [01:08, 202182.12 examples/s][A
Generating full split: 12831000 examples [01:08, 203489.15 examples/s][A
Generating full split: 12852191 examples [01:08, 205906.97 examples/s][A
Generating full split: 12874000 examples [01:08, 207388.35 examples/s][A
Generating full split: 12895778 examples [01:08, 209267.03 examples/s][A
Generating full split: 12917000 examples [01:08, 208157.00 examples/s][A
Generating full split: 12938986 examples [01:08, 210480.88 examples/s][A
Generating full split: 12970000 examples [01:08, 208633.55 examples/s][A
Generating full split: 12991897 examples [01:08, 210292.98 examples/s][A
Generating full split: 13024000 examples [01:09, 209703.35 examples/s][A
Generating full split: 13045452 examples [01:09, 143122.83 examples/s][A
Generating full split: 13067000 examples [01:09, 156577.68 examples/s][A
Generating full split: 13088817 examples [01:09, 169464.21 examples/s][A
Generating full split: 13110000 examples [01:09, 178832.86 examples/s][A
Generating full split: 13131000 examples [01:09, 186660.47 examples/s][A
Generating full split: 13152948 examples [01:09, 194328.47 examples/s][A
Generating full split: 13174000 examples [01:10, 197644.70 examples/s][A
Generating full split: 13195988 examples [01:10, 202828.00 examples/s][A
Generating full split: 13217000 examples [01:10, 203789.96 examples/s][A
Generating full split: 13238284 examples [01:10, 206394.94 examples/s][A
Generating full split: 13259824 examples [01:10, 208218.21 examples/s][A
Generating full split: 13281000 examples [01:10, 208327.76 examples/s][A
Generating full split: 13302926 examples [01:10, 210509.46 examples/s][A
Generating full split: 13334797 examples [01:10, 210434.28 examples/s][A
Generating full split: 13366116 examples [01:10, 209668.34 examples/s][A
Generating full split: 13397858 examples [01:11, 210096.20 examples/s][A
Generating full split: 13418960 examples [01:11, 210281.21 examples/s][A
Generating full split: 13441000 examples [01:11, 154647.11 examples/s][A
Generating full split: 13462000 examples [01:11, 166258.24 examples/s][A
Generating full split: 13483000 examples [01:11, 175907.28 examples/s][A
Generating full split: 13504000 examples [01:11, 183833.13 examples/s][A
Generating full split: 13525000 examples [01:11, 190321.29 examples/s][A
Generating full split: 13546000 examples [01:11, 195360.44 examples/s][A
Generating full split: 13567000 examples [01:12, 198796.27 examples/s][A
Generating full split: 13588000 examples [01:12, 201550.04 examples/s][A
Generating full split: 13609000 examples [01:12, 203548.43 examples/s][A
Generating full split: 13630000 examples [01:12, 205390.25 examples/s][A
Generating full split: 13651000 examples [01:12, 206180.60 examples/s][A
Generating full split: 13672000 examples [01:12, 206377.16 examples/s][A
Generating full split: 13693000 examples [01:12, 206911.65 examples/s][A
Generating full split: 13714000 examples [01:12, 207656.65 examples/s][A
Generating full split: 13735000 examples [01:12, 208090.95 examples/s][A
Generating full split: 13762835 examples [01:13, 151958.26 examples/s][A
Generating full split: 13783841 examples [01:13, 164604.67 examples/s][A
Generating full split: 13804767 examples [01:13, 175259.28 examples/s][A
Generating full split: 13825851 examples [01:13, 183986.60 examples/s][A
Generating full split: 13846709 examples [01:13, 190365.13 examples/s][A
Generating full split: 13867727 examples [01:13, 195745.72 examples/s][A
Generating full split: 13888868 examples [01:13, 199734.98 examples/s][A
Generating full split: 13909801 examples [01:13, 202001.65 examples/s][A
Generating full split: 13930593 examples [01:13, 203118.16 examples/s][A
Generating full split: 13961390 examples [01:14, 203343.00 examples/s][A
Generating full split: 13982000 examples [01:14, 203207.01 examples/s][A
Generating full split: 14003000 examples [01:14, 204410.74 examples/s][A
Generating full split: 14025429 examples [01:14, 183712.23 examples/s][A
Generating full split: 14046955 examples [01:14, 191312.51 examples/s][A
Generating full split: 14068000 examples [01:14, 142324.32 examples/s][A
Generating full split: 14089000 examples [01:14, 156771.67 examples/s][A
Generating full split: 14110000 examples [01:14, 168964.43 examples/s][A
Generating full split: 14131000 examples [01:15, 179240.00 examples/s][A
Generating full split: 14152000 examples [01:15, 187347.89 examples/s][A
Generating full split: 14173000 examples [01:15, 193263.00 examples/s][A
Generating full split: 14194000 examples [01:15, 197352.44 examples/s][A
Generating full split: 14215000 examples [01:15, 200573.52 examples/s][A
Generating full split: 14236000 examples [01:15, 202468.36 examples/s][A
Generating full split: 14257000 examples [01:15, 204408.61 examples/s][A
Generating full split: 14278000 examples [01:15, 205787.61 examples/s][A
Generating full split: 14299000 examples [01:15, 206547.80 examples/s][A
Generating full split: 14319888 examples [01:15, 207236.57 examples/s][A
Generating full split: 14351000 examples [01:16, 206243.28 examples/s][A
Generating full split: 14381584 examples [01:16, 155436.57 examples/s][A
Generating full split: 14402828 examples [01:16, 166738.10 examples/s][A
Generating full split: 14423714 examples [01:16, 175937.21 examples/s][A
Generating full split: 14444764 examples [01:16, 183956.98 examples/s][A
Generating full split: 14465791 examples [01:16, 190156.51 examples/s][A
Generating full split: 14486683 examples [01:16, 194675.74 examples/s][A
Generating full split: 14507666 examples [01:17, 198425.80 examples/s][A
Generating full split: 14528779 examples [01:17, 201172.64 examples/s][A
Generating full split: 14549663 examples [01:17, 202785.45 examples/s][A
Generating full split: 14570971 examples [01:17, 205237.47 examples/s][A
Generating full split: 14591738 examples [01:17, 205947.05 examples/s][A
Generating full split: 14612849 examples [01:17, 207204.27 examples/s][A
Generating full split: 14633884 examples [01:17, 207942.16 examples/s][A
Generating full split: 14665000 examples [01:17, 206238.95 examples/s][A
Generating full split: 14691797 examples [01:18, 154304.41 examples/s][A
Generating full split: 14713000 examples [01:18, 165662.35 examples/s][A
Generating full split: 14734011 examples [01:18, 175874.02 examples/s][A
Generating full split: 14755000 examples [01:18, 184229.54 examples/s][A
Generating full split: 14776769 examples [01:18, 191888.84 examples/s][A
Generating full split: 14798000 examples [01:18, 196033.85 examples/s][A
Generating full split: 14819000 examples [01:18, 199638.69 examples/s][A
Generating full split: 14840000 examples [01:18, 202334.51 examples/s][A
Generating full split: 14861000 examples [01:18, 203914.59 examples/s][A
Generating full split: 14882000 examples [01:18, 205645.43 examples/s][A
Generating full split: 14903172 examples [01:19, 207426.98 examples/s][A
Generating full split: 14925000 examples [01:19, 208259.70 examples/s][A
Generating full split: 14946200 examples [01:19, 209359.77 examples/s][A
Generating full split: 14974703 examples [01:19, 188096.84 examples/s][A
Generating full split: 14995984 examples [01:19, 194072.48 examples/s][A
Generating full split: 15017000 examples [01:19, 143436.52 examples/s][A
Generating full split: 15038000 examples [01:19, 157609.28 examples/s][A
Generating full split: 15059000 examples [01:19, 169886.13 examples/s][A
Generating full split: 15080000 examples [01:20, 179981.90 examples/s][A
Generating full split: 15101000 examples [01:20, 187371.55 examples/s][A
Generating full split: 15122000 examples [01:20, 193173.05 examples/s][A
Generating full split: 15143001 examples [01:20, 197895.70 examples/s][A
Generating full split: 15164000 examples [01:20, 200648.64 examples/s][A
Generating full split: 15185000 examples [01:20, 202972.68 examples/s][A
Generating full split: 15206000 examples [01:20, 204686.88 examples/s][A
Generating full split: 15227000 examples [01:20, 206135.08 examples/s][A
Generating full split: 15248000 examples [01:20, 206148.45 examples/s][A
Generating full split: 15269000 examples [01:20, 206906.85 examples/s][A
Generating full split: 15290000 examples [01:21, 207176.60 examples/s][A
Generating full split: 15311000 examples [01:21, 207634.91 examples/s][A
Generating full split: 15340000 examples [01:21, 151618.53 examples/s][A
Generating full split: 15361000 examples [01:21, 163677.40 examples/s][A
Generating full split: 15382000 examples [01:21, 173827.94 examples/s][A
Generating full split: 15403000 examples [01:21, 182035.69 examples/s][A
Generating full split: 15423977 examples [01:21, 189338.68 examples/s][A
Generating full split: 15444671 examples [01:21, 193867.06 examples/s][A
Generating full split: 15465779 examples [01:22, 197936.51 examples/s][A
Generating full split: 15486718 examples [01:22, 200720.90 examples/s][A
Generating full split: 15507550 examples [01:22, 202224.73 examples/s][A
Generating full split: 15528688 examples [01:22, 203951.05 examples/s][A
Generating full split: 15549773 examples [01:22, 205410.31 examples/s][A
Generating full split: 15570799 examples [01:22, 206223.52 examples/s][A
Generating full split: 15591564 examples [01:22, 205603.93 examples/s][A
Generating full split: 15621000 examples [01:22, 150237.90 examples/s][A
Generating full split: 15641852 examples [01:23, 162756.50 examples/s][A
Generating full split: 15662541 examples [01:23, 172675.31 examples/s][A
Generating full split: 15683659 examples [01:23, 181528.02 examples/s][A
Generating full split: 15704581 examples [01:23, 188074.03 examples/s][A
Generating full split: 15725711 examples [01:23, 193605.51 examples/s][A
Generating full split: 15746420 examples [01:23, 196835.85 examples/s][A
Generating full split: 15767625 examples [01:23, 200087.30 examples/s][A
Generating full split: 15788820 examples [01:23, 202761.17 examples/s][A
Generating full split: 15809665 examples [01:23, 204150.24 examples/s][A
Generating full split: 15830553 examples [01:23, 204614.00 examples/s][A
Generating full split: 15851498 examples [01:24, 205212.40 examples/s][A
Generating full split: 15882508 examples [01:24, 205276.47 examples/s][A
Generating full split: 15906506 examples [01:24, 140137.66 examples/s][A
Generating full split: 15927906 examples [01:24, 154507.09 examples/s][A
Generating full split: 15948627 examples [01:24, 166109.38 examples/s][A
Generating full split: 15969582 examples [01:24, 175823.11 examples/s][A
Generating full split: 15990739 examples [01:24, 184359.74 examples/s][A
Generating full split: 16011583 examples [01:25, 190569.66 examples/s][A
Generating full split: 16032712 examples [01:25, 195594.19 examples/s][A
Generating full split: 16053637 examples [01:25, 198642.27 examples/s][A
Generating full split: 16074655 examples [01:25, 201251.88 examples/s][A
Generating full split: 16095716 examples [01:25, 203324.75 examples/s][A
Generating full split: 16116728 examples [01:25, 204247.02 examples/s][A
Generating full split: 16137395 examples [01:25, 203857.37 examples/s][A
Generating full split: 16158000 examples [01:25, 204112.83 examples/s][A
Generating full split: 16179000 examples [01:25, 205593.39 examples/s][A
Generating full split: 16208833 examples [01:26, 151712.93 examples/s][A
Generating full split: 16229623 examples [01:26, 163591.48 examples/s][A
Generating full split: 16260406 examples [01:26, 188295.46 examples/s]
Loading full review dataset: 100%|██████████| 1/1 [02:49<00:00, 169.82s/dataset]
Loading full item metadata dataset:   0%|          | 0/1 [00:00<?, ?dataset/s]
Generating full split:   0%|          | 0/890874 [00:00<?, ? examples/s][A
Generating full split:   0%|          | 1132/890874 [00:00<01:18, 11288.31 examples/s][A
Generating full split:   0%|          | 2865/890874 [00:00<02:08, 6906.99 examples/s] [A
Generating full split:   0%|          | 4000/890874 [00:00<01:50, 7991.75 examples/s][A
Generating full split:   1%|          | 5184/890874 [00:00<01:37, 9075.52 examples/s][A
Generating full split:   1%|          | 6365/890874 [00:00<01:29, 9858.50 examples/s][A
Generating full split:   1%|          | 7659/890874 [00:00<01:23, 10524.52 examples/s][A
Generating full split:   1%|          | 8873/890874 [00:00<01:20, 10989.99 examples/s][A
Generating full split:   1%|          | 10666/890874 [00:01<01:18, 11209.34 examples/s][A
Generating full split:   1%|▏         | 11825/890874 [00:01<01:17, 11307.83 examples/s][A
Generating full split:   1%|▏         | 13000/890874 [00:01<01:18, 11209.94 examples/s][A
Generating full split:   2%|▏         | 14201/890874 [00:01<01:16, 11428.46 examples/s][A
Generating full split:   2%|▏         | 15385/890874 [00:01<01:15, 11543.47 examples/s][A
Generating full split:   2%|▏         | 16656/890874 [00:01<01:14, 11682.35 examples/s][A
Generating full split:   2%|▏         | 17855/890874 [00:01<01:14, 11766.61 examples/s][A
Generating full split:   2%|▏         | 19220/890874 [00:01<01:47, 8092.63 examples/s] [A
Generating full split:   2%|▏         | 20408/890874 [00:02<01:37, 8905.22 examples/s][A
Generating full split:   2%|▏         | 21656/890874 [00:02<01:30, 9632.67 examples/s][A
Generating full split:   3%|▎         | 22881/890874 [00:02<01:24, 10283.77 examples/s][A
Generating full split:   3%|▎         | 24191/890874 [00:02<01:18, 11020.46 examples/s][A
Generating full split:   3%|▎         | 25633/890874 [00:02<01:12, 11943.15 examples/s][A
Generating full split:   3%|▎         | 27000/890874 [00:02<01:10, 12297.93 examples/s][A
Generating full split:   3%|▎         | 28416/890874 [00:02<01:07, 12823.95 examples/s][A
Generating full split:   3%|▎         | 29864/890874 [00:02<01:04, 13301.08 examples/s][A
Generating full split:   4%|▎         | 31968/890874 [00:02<01:03, 13575.02 examples/s][A
Generating full split:   4%|▍         | 34000/890874 [00:03<01:03, 13478.64 examples/s][A
Generating full split:   4%|▍         | 35425/890874 [00:03<01:02, 13670.23 examples/s][A
Generating full split:   4%|▍         | 37431/890874 [00:03<01:24, 10044.44 examples/s][A
Generating full split:   4%|▍         | 38876/890874 [00:03<01:18, 10913.67 examples/s][A
Generating full split:   5%|▍         | 40194/890874 [00:03<01:14, 11410.26 examples/s][A
Generating full split:   5%|▍         | 41641/890874 [00:03<01:09, 12140.14 examples/s][A
Generating full split:   5%|▍         | 43000/890874 [00:03<01:08, 12435.19 examples/s][A
Generating full split:   5%|▍         | 44437/890874 [00:03<01:05, 12947.65 examples/s][A
Generating full split:   5%|▌         | 45879/890874 [00:04<01:03, 13350.73 examples/s][A
Generating full split:   5%|▌         | 47271/890874 [00:04<01:30, 9320.39 examples/s] [A
Generating full split:   5%|▌         | 48778/890874 [00:04<01:20, 10441.11 examples/s][A
Generating full split:   6%|▌         | 50075/890874 [00:04<01:16, 11034.49 examples/s][A
Generating full split:   6%|▌         | 51518/890874 [00:04<01:10, 11884.98 examples/s][A
Generating full split:   6%|▌         | 52953/890874 [00:04<01:06, 12532.28 examples/s][A
Generating full split:   6%|▌         | 55000/890874 [00:04<01:05, 12786.06 examples/s][A
Generating full split:   6%|▋         | 56451/890874 [00:04<01:03, 13222.11 examples/s][A
Generating full split:   7%|▋         | 57915/890874 [00:05<01:01, 13597.82 examples/s][A
Generating full split:   7%|▋         | 59439/890874 [00:05<01:26, 9643.98 examples/s] [A
Generating full split:   7%|▋         | 60883/890874 [00:05<01:17, 10662.11 examples/s][A
Generating full split:   7%|▋         | 62213/890874 [00:05<01:13, 11275.41 examples/s][A
Generating full split:   7%|▋         | 63661/890874 [00:05<01:08, 12072.70 examples/s][A
Generating full split:   7%|▋         | 65000/890874 [00:05<01:06, 12369.50 examples/s][A
Generating full split:   7%|▋         | 66454/890874 [00:05<01:03, 12957.96 examples/s][A
Generating full split:   8%|▊         | 67915/890874 [00:05<01:01, 13420.19 examples/s][A
Generating full split:   8%|▊         | 70000/890874 [00:06<01:01, 13427.64 examples/s][A
Generating full split:   8%|▊         | 71968/890874 [00:06<01:20, 10121.01 examples/s][A
Generating full split:   8%|▊         | 73284/890874 [00:06<01:16, 10729.25 examples/s][A
Generating full split:   8%|▊         | 74790/890874 [00:06<01:10, 11598.34 examples/s][A
Generating full split:   9%|▊         | 76129/890874 [00:06<01:07, 12026.62 examples/s][A
Generating full split:   9%|▊         | 77590/890874 [00:06<01:04, 12684.12 examples/s][A
Generating full split:   9%|▉         | 79000/890874 [00:06<01:03, 12862.06 examples/s][A
Generating full split:   9%|▉         | 80439/890874 [00:07<01:01, 13276.59 examples/s][A
Generating full split:   9%|▉         | 81883/890874 [00:07<00:59, 13599.05 examples/s][A
Generating full split:   9%|▉         | 83991/890874 [00:07<00:58, 13767.29 examples/s][A
Generating full split:  10%|▉         | 85891/890874 [00:07<01:19, 10075.93 examples/s][A
Generating full split:  10%|▉         | 87228/890874 [00:07<01:14, 10734.08 examples/s][A
Generating full split:  10%|▉         | 88790/890874 [00:07<01:09, 11620.64 examples/s][A
Generating full split:  10%|█         | 90108/890874 [00:07<01:06, 11990.77 examples/s][A
Generating full split:  10%|█         | 91540/890874 [00:07<01:03, 12580.43 examples/s][A
Generating full split:  10%|█         | 92984/890874 [00:08<01:01, 13071.79 examples/s][A
Generating full split:  11%|█         | 95000/890874 [00:08<01:00, 13142.02 examples/s][A
Generating full split:  11%|█         | 96464/890874 [00:08<00:58, 13522.20 examples/s][A
Generating full split:  11%|█         | 97905/890874 [00:08<00:57, 13756.81 examples/s][A
Generating full split:  11%|█         | 99805/890874 [00:08<01:18, 10067.63 examples/s][A
Generating full split:  11%|█▏        | 101037/890874 [00:08<01:14, 10533.31 examples/s][A
Generating full split:  12%|█▏        | 102473/890874 [00:08<01:09, 11406.64 examples/s][A
Generating full split:  12%|█▏        | 103910/890874 [00:08<01:04, 12134.37 examples/s][A
Generating full split:  12%|█▏        | 105231/890874 [00:09<01:03, 12411.22 examples/s][A
Generating full split:  12%|█▏        | 106771/890874 [00:09<01:00, 12978.37 examples/s][A
Generating full split:  12%|█▏        | 108880/890874 [00:09<00:58, 13367.00 examples/s][A
Generating full split:  12%|█▏        | 110980/890874 [00:09<00:57, 13580.82 examples/s][A
Generating full split:  13%|█▎        | 113000/890874 [00:09<00:57, 13484.21 examples/s][A
Generating full split:  13%|█▎        | 114449/890874 [00:09<00:56, 13720.40 examples/s][A
Generating full split:  13%|█▎        | 115941/890874 [00:10<01:15, 10201.73 examples/s][A
Generating full split:  13%|█▎        | 117232/890874 [00:10<01:11, 10763.93 examples/s][A
Generating full split:  13%|█▎        | 118790/890874 [00:10<01:06, 11666.76 examples/s][A
Generating full split:  13%|█▎        | 120102/890874 [00:10<01:04, 12018.40 examples/s][A
Generating full split:  14%|█▎        | 121557/890874 [00:10<01:00, 12668.08 examples/s][A
Generating full split:  14%|█▍        | 122993/890874 [00:10<00:58, 13122.12 examples/s][A
Generating full split:  14%|█▍        | 125000/890874 [00:10<00:58, 13054.28 examples/s][A
Generating full split:  14%|█▍        | 126381/890874 [00:10<01:19, 9676.83 examples/s] [A
Generating full split:  14%|█▍        | 127787/890874 [00:11<01:12, 10546.83 examples/s][A
Generating full split:  14%|█▍        | 129112/890874 [00:11<01:08, 11167.86 examples/s][A
Generating full split:  15%|█▍        | 130552/890874 [00:11<01:03, 11966.53 examples/s][A
Generating full split:  15%|█▍        | 131995/890874 [00:11<01:00, 12608.65 examples/s][A
Generating full split:  15%|█▌        | 134000/890874 [00:11<00:59, 12799.81 examples/s][A
Generating full split:  15%|█▌        | 135447/890874 [00:11<00:57, 13221.03 examples/s][A
Generating full split:  15%|█▌        | 136920/890874 [00:11<00:55, 13620.63 examples/s][A
Generating full split:  16%|█▌        | 138328/890874 [00:11<01:17, 9682.01 examples/s] [A
Generating full split:  16%|█▌        | 139783/890874 [00:12<01:10, 10626.14 examples/s][A
Generating full split:  16%|█▌        | 141106/890874 [00:12<01:06, 11234.88 examples/s][A
Generating full split:  16%|█▌        | 142583/890874 [00:12<01:01, 12119.41 examples/s][A
Generating full split:  16%|█▌        | 144000/890874 [00:12<00:59, 12483.84 examples/s][A
Generating full split:  16%|█▋        | 145446/890874 [00:12<00:57, 13016.74 examples/s][A
Generating full split:  16%|█▋        | 146915/890874 [00:12<00:55, 13482.18 examples/s][A
Generating full split:  17%|█▋        | 149000/890874 [00:12<00:55, 13406.49 examples/s][A
Generating full split:  17%|█▋        | 150454/890874 [00:12<00:54, 13698.98 examples/s][A
Generating full split:  17%|█▋        | 152158/890874 [00:13<01:14, 9854.85 examples/s] [A
Generating full split:  17%|█▋        | 153601/890874 [00:13<01:08, 10798.84 examples/s][A
Generating full split:  17%|█▋        | 155000/890874 [00:13<01:04, 11426.82 examples/s][A
Generating full split:  18%|█▊        | 156460/890874 [00:13<01:00, 12199.26 examples/s][A
Generating full split:  18%|█▊        | 157924/890874 [00:13<00:57, 12828.68 examples/s][A
Generating full split:  18%|█▊        | 160000/890874 [00:13<00:56, 12967.52 examples/s][A
Generating full split:  18%|█▊        | 161453/890874 [00:13<00:54, 13356.95 examples/s][A
Generating full split:  18%|█▊        | 162889/890874 [00:13<00:53, 13618.77 examples/s][A
Generating full split:  19%|█▊        | 164989/890874 [00:14<01:11, 10118.15 examples/s][A
Generating full split:  19%|█▊        | 166318/890874 [00:14<01:07, 10756.13 examples/s][A
Generating full split:  19%|█▉        | 167787/890874 [00:14<01:02, 11623.60 examples/s][A
Generating full split:  19%|█▉        | 169136/890874 [00:14<00:59, 12072.16 examples/s][A
Generating full split:  19%|█▉        | 170590/890874 [00:14<00:56, 12703.79 examples/s][A
Generating full split:  19%|█▉        | 172000/890874 [00:14<00:55, 12927.68 examples/s][A
Generating full split:  19%|█▉        | 173455/890874 [00:14<00:53, 13369.66 examples/s][A
Generating full split:  20%|█▉        | 174901/890874 [00:14<00:52, 13672.84 examples/s][A
Generating full split:  20%|█▉        | 177000/890874 [00:14<00:52, 13587.30 examples/s][A
Generating full split:  20%|██        | 178900/890874 [00:15<01:10, 10170.87 examples/s][A
Generating full split:  20%|██        | 180234/890874 [00:15<01:05, 10808.38 examples/s][A
Generating full split:  20%|██        | 181794/890874 [00:15<01:00, 11715.83 examples/s][A
Generating full split:  21%|██        | 183119/890874 [00:15<00:58, 12080.68 examples/s][A
Generating full split:  21%|██        | 184584/890874 [00:15<00:55, 12734.86 examples/s][A
Generating full split:  21%|██        | 186000/890874 [00:15<00:54, 12910.29 examples/s][A
Generating full split:  21%|██        | 187434/890874 [00:15<00:52, 13297.11 examples/s][A
Generating full split:  21%|██        | 188883/890874 [00:15<00:51, 13627.80 examples/s][A
Generating full split:  21%|██▏       | 191000/890874 [00:16<00:51, 13583.84 examples/s][A
Generating full split:  22%|██▏       | 192481/890874 [00:16<00:50, 13902.36 examples/s][A
Generating full split:  22%|██▏       | 194059/890874 [00:16<01:10, 9842.82 examples/s] [A
Generating full split:  22%|██▏       | 195508/890874 [00:16<01:04, 10812.43 examples/s][A
Generating full split:  22%|██▏       | 196958/890874 [00:16<00:59, 11657.91 examples/s][A
Generating full split:  22%|██▏       | 198297/890874 [00:16<00:57, 12084.84 examples/s][A
Generating full split:  22%|██▏       | 199792/890874 [00:16<00:54, 12740.23 examples/s][A
Generating full split:  23%|██▎       | 201157/890874 [00:17<00:53, 12980.93 examples/s][A
Generating full split:  23%|██▎       | 202633/890874 [00:17<00:51, 13475.62 examples/s][A
Generating full split:  23%|██▎       | 204685/890874 [00:17<00:50, 13547.63 examples/s][A
Generating full split:  23%|██▎       | 206477/890874 [00:17<00:56, 12217.63 examples/s][A
Generating full split:  23%|██▎       | 207971/890874 [00:17<00:53, 12861.96 examples/s][A
Generating full split:  24%|██▎       | 209523/890874 [00:17<01:11, 9527.34 examples/s] [A
Generating full split:  24%|██▎       | 210960/890874 [00:17<01:04, 10509.70 examples/s][A
Generating full split:  24%|██▍       | 212304/890874 [00:18<01:00, 11167.92 examples/s][A
Generating full split:  24%|██▍       | 213799/890874 [00:18<00:56, 12045.83 examples/s][A
Generating full split:  24%|██▍       | 215145/890874 [00:18<00:54, 12408.34 examples/s][A
Generating full split:  24%|██▍       | 216633/890874 [00:18<00:51, 13070.83 examples/s][A
Generating full split:  25%|██▍       | 218780/890874 [00:18<00:49, 13477.70 examples/s][A
Generating full split:  25%|██▍       | 220797/890874 [00:18<01:06, 10113.05 examples/s][A
Generating full split:  25%|██▍       | 222145/890874 [00:18<01:02, 10773.81 examples/s][A
Generating full split:  25%|██▌       | 223611/890874 [00:18<00:57, 11623.95 examples/s][A
Generating full split:  25%|██▌       | 225000/890874 [00:19<00:55, 12070.62 examples/s][A
Generating full split:  25%|██▌       | 226479/890874 [00:19<00:52, 12756.20 examples/s][A
Generating full split:  26%|██▌       | 227957/890874 [00:19<00:49, 13291.23 examples/s][A
Generating full split:  26%|██▌       | 230011/890874 [00:19<00:49, 13434.68 examples/s][A
Generating full split:  26%|██▌       | 232000/890874 [00:19<01:05, 10111.09 examples/s][A
Generating full split:  26%|██▌       | 233461/890874 [00:19<00:59, 10996.91 examples/s][A
Generating full split:  26%|██▋       | 234915/890874 [00:19<00:55, 11771.69 examples/s][A
Generating full split:  27%|██▋       | 236279/890874 [00:20<00:53, 12215.43 examples/s][A
Generating full split:  27%|██▋       | 237813/890874 [00:20<00:50, 12911.38 examples/s][A
Generating full split:  27%|██▋       | 239935/890874 [00:20<00:48, 13341.94 examples/s][A
Generating full split:  27%|██▋       | 242000/890874 [00:20<00:48, 13400.74 examples/s][A
Generating full split:  27%|██▋       | 243477/890874 [00:20<00:47, 13727.27 examples/s][A
Generating full split:  28%|██▊       | 245172/890874 [00:20<01:04, 10034.37 examples/s][A
Generating full split:  28%|██▊       | 246657/890874 [00:20<00:58, 11001.85 examples/s][A
Generating full split:  28%|██▊       | 248012/890874 [00:20<00:55, 11568.53 examples/s][A
Generating full split:  28%|██▊       | 249493/890874 [00:21<00:51, 12350.74 examples/s][A
Generating full split:  28%|██▊       | 250965/890874 [00:21<00:49, 12957.46 examples/s][A
Generating full split:  28%|██▊       | 253000/890874 [00:21<00:48, 13148.87 examples/s][A
Generating full split:  29%|██▊       | 254490/890874 [00:21<00:46, 13589.31 examples/s][A
Generating full split:  29%|██▊       | 255952/890874 [00:21<00:45, 13859.88 examples/s][A
Generating full split:  29%|██▉       | 258000/890874 [00:21<01:02, 10072.10 examples/s][A
Generating full split:  29%|██▉       | 259485/890874 [00:21<00:57, 11032.11 examples/s][A
Generating full split:  29%|██▉       | 260941/890874 [00:22<00:53, 11818.78 examples/s][A
Generating full split:  29%|██▉       | 262294/890874 [00:22<00:51, 12229.97 examples/s][A
Generating full split:  30%|██▉       | 263799/890874 [00:22<00:48, 12865.18 examples/s][A
Generating full split:  30%|██▉       | 265943/890874 [00:22<00:46, 13365.77 examples/s][A
Generating full split:  30%|███       | 268000/890874 [00:22<00:46, 13468.46 examples/s][A
Generating full split:  30%|███       | 269466/890874 [00:22<00:45, 13753.35 examples/s][A
Generating full split:  30%|███       | 271123/890874 [00:22<01:01, 10060.82 examples/s][A
Generating full split:  31%|███       | 272597/890874 [00:23<00:56, 11010.15 examples/s][A
Generating full split:  31%|███       | 274000/890874 [00:23<00:52, 11647.33 examples/s][A
Generating full split:  31%|███       | 275471/890874 [00:23<00:49, 12388.96 examples/s][A
Generating full split:  31%|███       | 276944/890874 [00:23<00:47, 12989.95 examples/s][A
Generating full split:  31%|███▏      | 279000/890874 [00:23<00:46, 13179.50 examples/s][A
Generating full split:  31%|███▏      | 280475/890874 [00:23<00:44, 13572.12 examples/s][A
Generating full split:  32%|███▏      | 281961/890874 [00:23<00:43, 13912.04 examples/s][A
Generating full split:  32%|███▏      | 284005/890874 [00:23<00:43, 13802.44 examples/s][A
Generating full split:  32%|███▏      | 285487/890874 [00:23<00:43, 14059.94 examples/s][A
Generating full split:  32%|███▏      | 287079/890874 [00:24<01:00, 10027.23 examples/s][A
Generating full split:  32%|███▏      | 288562/890874 [00:24<00:54, 11028.15 examples/s][A
Generating full split:  33%|███▎      | 290000/890874 [00:24<00:51, 11682.23 examples/s][A
Generating full split:  33%|███▎      | 291479/890874 [00:24<00:48, 12442.84 examples/s][A
Generating full split:  33%|███▎      | 292963/890874 [00:24<00:45, 13063.83 examples/s][A
Generating full split:  33%|███▎      | 295000/890874 [00:24<00:44, 13242.91 examples/s][A
Generating full split:  33%|███▎      | 296464/890874 [00:24<00:43, 13594.64 examples/s][A
Generating full split:  33%|███▎      | 297940/890874 [00:24<00:42, 13899.97 examples/s][A
Generating full split:  34%|███▎      | 300000/890874 [00:25<00:42, 13774.47 examples/s][A
Generating full split:  34%|███▍      | 301946/890874 [00:25<00:56, 10441.34 examples/s][A
Generating full split:  34%|███▍      | 303245/890874 [00:25<00:53, 10951.07 examples/s][A
Generating full split:  34%|███▍      | 304803/890874 [00:25<00:49, 11862.38 examples/s][A
Generating full split:  34%|███▍      | 306171/890874 [00:25<00:47, 12296.00 examples/s][A
Generating full split:  35%|███▍      | 307648/890874 [00:25<00:45, 12924.61 examples/s][A
Generating full split:  35%|███▍      | 309816/890874 [00:25<00:43, 13461.42 examples/s][A
Generating full split:  35%|███▌      | 311943/890874 [00:26<00:42, 13699.12 examples/s][A
Generating full split:  35%|███▌      | 313812/890874 [00:26<00:55, 10332.34 examples/s][A
Generating full split:  35%|███▌      | 315153/890874 [00:26<00:52, 10924.99 examples/s][A
Generating full split:  36%|███▌      | 316645/890874 [00:26<00:48, 11788.28 examples/s][A
Generating full split:  36%|███▌      | 318000/890874 [00:26<00:47, 12166.93 examples/s][A
Generating full split:  36%|███▌      | 319491/890874 [00:26<00:44, 12855.67 examples/s][A
Generating full split:  36%|███▌      | 320974/890874 [00:26<00:42, 13374.14 examples/s][A
Generating full split:  36%|███▋      | 323007/890874 [00:27<00:42, 13434.32 examples/s][A
Generating full split:  36%|███▋      | 325000/890874 [00:27<00:55, 10119.83 examples/s][A
Generating full split:  37%|███▋      | 326484/890874 [00:27<00:51, 11049.27 examples/s][A
Generating full split:  37%|███▋      | 327996/890874 [00:27<00:47, 11941.95 examples/s][A
Generating full split:  37%|███▋      | 329365/890874 [00:27<00:45, 12357.64 examples/s][A
Generating full split:  37%|███▋      | 330852/890874 [00:27<00:43, 12993.85 examples/s][A
Generating full split:  37%|███▋      | 333000/890874 [00:27<00:42, 13235.85 examples/s][A
Generating full split:  38%|███▊      | 334485/890874 [00:27<00:40, 13635.92 examples/s][A
Generating full split:  38%|███▊      | 335982/890874 [00:28<00:39, 13981.13 examples/s][A
Generating full split:  38%|███▊      | 337514/890874 [00:28<00:55, 9890.40 examples/s] [A
Generating full split:  38%|███▊      | 339000/890874 [00:28<00:51, 10754.32 examples/s][A
Generating full split:  38%|███▊      | 340494/890874 [00:28<00:46, 11710.36 examples/s][A
Generating full split:  38%|███▊      | 341991/890874 [00:28<00:43, 12512.11 examples/s][A
Generating full split:  39%|███▊      | 343363/890874 [00:28<00:42, 12824.41 examples/s][A
Generating full split:  39%|███▊      | 344843/890874 [00:28<00:40, 13355.48 examples/s][A
Generating full split:  39%|███▉      | 347000/890874 [00:28<00:40, 13514.73 examples/s][A
Generating full split:  39%|███▉      | 348501/890874 [00:29<00:39, 13895.85 examples/s][A
Generating full split:  39%|███▉      | 350206/890874 [00:29<00:54, 10003.11 examples/s][A
Generating full split:  39%|███▉      | 351826/890874 [00:29<00:48, 11127.38 examples/s][A
Generating full split:  40%|███▉      | 353182/890874 [00:29<00:46, 11673.54 examples/s][A
Generating full split:  40%|███▉      | 354690/890874 [00:29<00:42, 12501.59 examples/s][A
Generating full split:  40%|████      | 356858/890874 [00:29<00:40, 13166.13 examples/s][A
Generating full split:  40%|████      | 359000/890874 [00:29<00:39, 13343.70 examples/s][A
Generating full split:  40%|████      | 360498/890874 [00:30<00:38, 13727.61 examples/s][A
Generating full split:  41%|████      | 361975/890874 [00:30<00:37, 13989.70 examples/s][A
Generating full split:  41%|████      | 363488/890874 [00:30<00:51, 10147.64 examples/s][A
Generating full split:  41%|████      | 364933/890874 [00:30<00:47, 11056.75 examples/s][A
Generating full split:  41%|████      | 366339/890874 [00:30<00:44, 11751.53 examples/s][A
Generating full split:  41%|████▏     | 367837/890874 [00:30<00:41, 12552.46 examples/s][A
Generating full split:  41%|████▏     | 369208/890874 [00:30<00:40, 12851.66 examples/s][A
Generating full split:  42%|████▏     | 370802/890874 [00:30<00:38, 13473.18 examples/s][A
Generating full split:  42%|████▏     | 372974/890874 [00:31<00:37, 13837.70 examples/s][A
Generating full split:  42%|████▏     | 375048/890874 [00:31<00:37, 13831.37 examples/s][A
Generating full split:  42%|████▏     | 376539/890874 [00:31<00:36, 14094.52 examples/s][A
Generating full split:  42%|████▏     | 378000/890874 [00:31<00:36, 14053.51 examples/s][A
Generating full split:  43%|████▎     | 379477/890874 [00:31<00:35, 14244.43 examples/s][A
Generating full split:  43%|████▎     | 381542/890874 [00:31<00:49, 10376.91 examples/s][A
Generating full split:  43%|████▎     | 383000/890874 [00:31<00:45, 11101.77 examples/s][A
Generating full split:  43%|████▎     | 384462/890874 [00:32<00:42, 11887.79 examples/s][A
Generating full split:  43%|████▎     | 385952/890874 [00:32<00:40, 12615.27 examples/s][A
Generating full split:  44%|████▎     | 388029/890874 [00:32<00:38, 13033.33 examples/s][A
Generating full split:  44%|████▎     | 389532/890874 [00:32<00:37, 13520.32 examples/s][A
Generating full split:  44%|████▍     | 391000/890874 [00:32<00:36, 13640.80 examples/s][A
Generating full split:  44%|████▍     | 392556/890874 [00:32<00:50, 9903.51 examples/s] [A
Generating full split:  44%|████▍     | 394000/890874 [00:32<00:46, 10753.65 examples/s][A
Generating full split:  44%|████▍     | 395506/890874 [00:32<00:42, 11742.39 examples/s][A
Generating full split:  45%|████▍     | 397000/890874 [00:33<00:40, 12303.12 examples/s][A
Generating full split:  45%|████▍     | 398515/890874 [00:33<00:37, 13034.55 examples/s][A
Generating full split:  45%|████▍     | 400000/890874 [00:33<00:37, 13229.17 examples/s][A
Generating full split:  45%|████▌     | 401500/890874 [00:33<00:35, 13709.40 examples/s][A
Generating full split:  45%|████▌     | 403000/890874 [00:33<00:35, 13845.85 examples/s][A
Generating full split:  45%|████▌     | 404573/890874 [00:33<00:49, 9906.87 examples/s] [A
Generating full split:  46%|████▌     | 406000/890874 [00:33<00:45, 10719.90 examples/s][A
Generating full split:  46%|████▌     | 407491/890874 [00:33<00:41, 11702.42 examples/s][A
Generating full split:  46%|████▌     | 408972/890874 [00:34<00:38, 12479.95 examples/s][A
Generating full split:  46%|████▌     | 410346/890874 [00:34<00:37, 12811.53 examples/s][A
Generating full split:  46%|████▌     | 411851/890874 [00:34<00:35, 13422.26 examples/s][A
Generating full split:  46%|████▋     | 414000/890874 [00:34<00:35, 13568.55 examples/s][A
Generating full split:  47%|████▋     | 415508/890874 [00:34<00:34, 13955.78 examples/s][A
Generating full split:  47%|████▋     | 417244/890874 [00:34<00:47, 10067.80 examples/s][A
Generating full split:  47%|████▋     | 418814/890874 [00:34<00:42, 11104.74 examples/s][A
Generating full split:  47%|████▋     | 420172/890874 [00:34<00:40, 11661.39 examples/s][A
Generating full split:  47%|████▋     | 421675/890874 [00:35<00:37, 12481.65 examples/s][A
Generating full split:  47%|████▋     | 423048/890874 [00:35<00:36, 12803.61 examples/s][A
Generating full split:  48%|████▊     | 424561/890874 [00:35<00:34, 13428.76 examples/s][A
Generating full split:  48%|████▊     | 426000/890874 [00:35<00:34, 13569.93 examples/s][A
Generating full split:  48%|████▊     | 427479/890874 [00:35<00:33, 13910.44 examples/s][A
Generating full split:  48%|████▊     | 429245/890874 [00:35<00:46, 9876.47 examples/s] [A
Generating full split:  48%|████▊     | 430810/890874 [00:35<00:41, 11024.11 examples/s][A
Generating full split:  49%|████▊     | 432230/890874 [00:35<00:39, 11758.90 examples/s][A
Generating full split:  49%|████▊     | 433822/890874 [00:36<00:36, 12645.90 examples/s][A
Generating full split:  49%|████▉     | 435207/890874 [00:36<00:35, 12956.45 examples/s][A
Generating full split:  49%|████▉     | 436824/890874 [00:36<00:33, 13584.26 examples/s][A
Generating full split:  49%|████▉     | 439000/890874 [00:36<00:32, 13737.57 examples/s][A
Generating full split:  49%|████▉     | 440574/890874 [00:36<00:44, 10137.05 examples/s][A
Generating full split:  50%|████▉     | 442000/890874 [00:36<00:41, 10942.30 examples/s][A
Generating full split:  50%|████▉     | 443522/890874 [00:36<00:37, 11908.61 examples/s][A
Generating full split:  50%|████▉     | 445000/890874 [00:37<00:35, 12440.03 examples/s][A
Generating full split:  50%|█████     | 446513/890874 [00:37<00:33, 13127.56 examples/s][A
Generating full split:  50%|█████     | 448000/890874 [00:37<00:33, 13375.18 examples/s][A
Generating full split:  50%|█████     | 449527/890874 [00:37<00:31, 13890.79 examples/s][A
Generating full split:  51%|█████     | 451000/890874 [00:37<00:31, 13917.97 examples/s][A
Generating full split:  51%|█████     | 452574/890874 [00:37<00:43, 9962.67 examples/s] [A
Generating full split:  51%|█████     | 454000/890874 [00:37<00:40, 10879.16 examples/s][A
Generating full split:  51%|█████     | 455521/890874 [00:37<00:36, 11906.20 examples/s][A
Generating full split:  51%|█████▏    | 457000/890874 [00:37<00:34, 12449.17 examples/s][A
Generating full split:  51%|█████▏    | 458537/890874 [00:38<00:32, 13215.43 examples/s][A
Generating full split:  52%|█████▏    | 460000/890874 [00:38<00:31, 13472.93 examples/s][A
Generating full split:  52%|█████▏    | 461584/890874 [00:38<00:30, 14129.53 examples/s][A
Generating full split:  52%|█████▏    | 463105/890874 [00:38<00:29, 14435.02 examples/s][A
Generating full split:  52%|█████▏    | 464601/890874 [00:38<00:41, 10173.48 examples/s][A
Generating full split:  52%|█████▏    | 466028/890874 [00:38<00:38, 11088.12 examples/s][A
Generating full split:  52%|█████▏    | 467554/890874 [00:38<00:34, 12095.75 examples/s][A
Generating full split:  53%|█████▎    | 469000/890874 [00:38<00:33, 12626.10 examples/s][A
Generating full split:  53%|█████▎    | 470528/890874 [00:39<00:31, 13332.30 examples/s][A
Generating full split:  53%|█████▎    | 472000/890874 [00:39<00:31, 13501.33 examples/s][A
Generating full split:  53%|█████▎    | 473545/890874 [00:39<00:29, 14044.75 examples/s][A
Generating full split:  53%|█████▎    | 475005/890874 [00:39<00:29, 14200.39 examples/s][A
Generating full split:  54%|█████▎    | 477000/890874 [00:39<00:42, 9750.89 examples/s] [A
Generating full split:  54%|█████▎    | 478234/890874 [00:39<00:40, 10274.18 examples/s][A
Generating full split:  54%|█████▍    | 479474/890874 [00:39<00:38, 10749.30 examples/s][A
Generating full split:  54%|█████▍    | 480740/890874 [00:39<00:36, 11211.41 examples/s][A
Generating full split:  54%|█████▍    | 482000/890874 [00:40<00:35, 11430.79 examples/s][A
Generating full split:  54%|█████▍    | 483330/890874 [00:40<00:34, 11924.73 examples/s][A
Generating full split:  54%|█████▍    | 484709/890874 [00:40<00:33, 12218.21 examples/s][A
Generating full split:  55%|█████▍    | 486000/890874 [00:40<00:33, 12123.49 examples/s][A
Generating full split:  55%|█████▍    | 487307/890874 [00:40<00:32, 12386.15 examples/s][A
Generating full split:  55%|█████▍    | 489034/890874 [00:40<00:46, 8668.17 examples/s] [A
Generating full split:  55%|█████▌    | 490306/890874 [00:40<00:42, 9493.87 examples/s][A
Generating full split:  55%|█████▌    | 491698/890874 [00:41<00:38, 10294.63 examples/s][A
Generating full split:  55%|█████▌    | 492981/890874 [00:41<00:36, 10902.14 examples/s][A
Generating full split:  56%|█████▌    | 494793/890874 [00:41<00:35, 11299.63 examples/s][A
Generating full split:  56%|█████▌    | 496000/890874 [00:41<00:34, 11370.48 examples/s][A
Generating full split:  56%|█████▌    | 497262/890874 [00:41<00:33, 11689.39 examples/s][A
Generating full split:  56%|█████▌    | 498524/890874 [00:41<00:32, 11936.37 examples/s][A
Generating full split:  56%|█████▌    | 499783/890874 [00:41<00:32, 12114.36 examples/s][A
Generating full split:  56%|█████▌    | 501052/890874 [00:41<00:47, 8271.82 examples/s] [A
Generating full split:  56%|█████▋    | 502540/890874 [00:42<00:40, 9686.68 examples/s][A
Generating full split:  57%|█████▋    | 504000/890874 [00:42<00:36, 10740.74 examples/s][A
Generating full split:  57%|█████▋    | 505527/890874 [00:42<00:32, 11868.50 examples/s][A
Generating full split:  57%|█████▋    | 507000/890874 [00:42<00:30, 12466.41 examples/s][A
Generating full split:  57%|█████▋    | 508526/890874 [00:42<00:28, 13218.73 examples/s][A
Generating full split:  57%|█████▋    | 510000/890874 [00:42<00:28, 13474.87 examples/s][A
Generating full split:  57%|█████▋    | 511548/890874 [00:42<00:27, 14036.77 examples/s][A
Generating full split:  58%|█████▊    | 513287/890874 [00:42<00:38, 9932.52 examples/s] [A
Generating full split:  58%|█████▊    | 514845/890874 [00:43<00:37, 10081.54 examples/s][A
Generating full split:  58%|█████▊    | 516228/890874 [00:43<00:34, 10891.27 examples/s][A
Generating full split:  58%|█████▊    | 517834/890874 [00:43<00:31, 11983.09 examples/s][A
Generating full split:  58%|█████▊    | 519241/890874 [00:43<00:29, 12503.57 examples/s][A
Generating full split:  58%|█████▊    | 520827/890874 [00:43<00:27, 13252.68 examples/s][A
Generating full split:  59%|█████▊    | 522250/890874 [00:43<00:27, 13516.22 examples/s][A
Generating full split:  59%|█████▉    | 523832/890874 [00:43<00:26, 14027.29 examples/s][A
Generating full split:  59%|█████▉    | 525278/890874 [00:43<00:37, 9786.29 examples/s] [A
Generating full split:  59%|█████▉    | 526828/890874 [00:44<00:33, 11006.56 examples/s][A
Generating full split:  59%|█████▉    | 528234/890874 [00:44<00:30, 11729.64 examples/s][A
Generating full split:  59%|█████▉    | 529837/890874 [00:44<00:28, 12681.02 examples/s][A
Generating full split:  60%|█████▉    | 531227/890874 [00:44<00:27, 13000.10 examples/s][A
Generating full split:  60%|█████▉    | 532814/890874 [00:44<00:26, 13598.10 examples/s][A
Generating full split:  60%|██████    | 535000/890874 [00:44<00:25, 13768.36 examples/s][A
Generating full split:  60%|██████    | 536590/890874 [00:44<00:34, 10208.23 examples/s][A
Generating full split:  60%|██████    | 538001/890874 [00:44<00:32, 11013.35 examples/s][A
Generating full split:  61%|██████    | 539519/890874 [00:45<00:29, 11963.24 examples/s][A
Generating full split:  61%|██████    | 541000/890874 [00:45<00:28, 12469.84 examples/s][A
Generating full split:  61%|██████    | 542507/890874 [00:45<00:26, 13136.23 examples/s][A
Generating full split:  61%|██████    | 544000/890874 [00:45<00:25, 13345.98 examples/s][A
Generating full split:  61%|██████    | 545534/890874 [00:45<00:24, 13889.58 examples/s][A
Generating full split:  61%|██████▏   | 547000/890874 [00:45<00:24, 13998.08 examples/s][A
Generating full split:  62%|██████▏   | 548590/890874 [00:45<00:33, 10086.09 examples/s][A
Generating full split:  62%|██████▏   | 550000/890874 [00:45<00:31, 10931.63 examples/s][A
Generating full split:  62%|██████▏   | 551521/890874 [00:46<00:28, 11950.63 examples/s][A
Generating full split:  62%|██████▏   | 552999/890874 [00:46<00:26, 12667.62 examples/s][A
Generating full split:  62%|██████▏   | 555022/890874 [00:46<00:25, 12952.79 examples/s][A
Generating full split:  62%|██████▏   | 556588/890874 [00:46<00:24, 13630.30 examples/s][A
Generating full split:  63%|██████▎   | 558822/890874 [00:46<00:23, 14067.64 examples/s][A
Generating full split:  63%|██████▎   | 560595/890874 [00:46<00:31, 10511.55 examples/s][A
Generating full split:  63%|██████▎   | 562000/890874 [00:46<00:29, 11172.76 examples/s][A
Generating full split:  63%|██████▎   | 563604/890874 [00:47<00:26, 12249.39 examples/s][A
Generating full split:  63%|██████▎   | 565043/890874 [00:47<00:25, 12761.91 examples/s][A
Generating full split:  64%|██████▎   | 566534/890874 [00:47<00:24, 13308.23 examples/s][A
Generating full split:  64%|██████▍   | 568000/890874 [00:47<00:24, 13446.52 examples/s][A
Generating full split:  64%|██████▍   | 569500/890874 [00:47<00:23, 13869.42 examples/s][A
Generating full split:  64%|██████▍   | 570976/890874 [00:47<00:22, 14116.97 examples/s][A
Generating full split:  64%|██████▍   | 573079/890874 [00:47<00:22, 14078.21 examples/s][A
Generating full split:  64%|██████▍   | 574541/890874 [00:47<00:30, 10332.78 examples/s][A
Generating full split:  65%|██████▍   | 575998/890874 [00:48<00:28, 11241.17 examples/s][A
Generating full split:  65%|██████▍   | 577531/890874 [00:48<00:29, 10758.33 examples/s][A
Generating full split:  65%|██████▍   | 579000/890874 [00:48<00:27, 11534.45 examples/s][A
Generating full split:  65%|██████▌   | 580526/890874 [00:48<00:24, 12441.73 examples/s][A
Generating full split:  65%|██████▌   | 582000/890874 [00:48<00:24, 12855.68 examples/s][A
Generating full split:  66%|██████▌   | 583531/890874 [00:48<00:22, 13509.66 examples/s][A
Generating full split:  66%|██████▌   | 585000/890874 [00:48<00:22, 13665.92 examples/s][A
Generating full split:  66%|██████▌   | 586540/890874 [00:48<00:21, 14148.36 examples/s][A
Generating full split:  66%|██████▌   | 588000/890874 [00:48<00:21, 14095.19 examples/s][A
Generating full split:  66%|██████▌   | 589499/890874 [00:48<00:21, 14348.41 examples/s][A
Generating full split:  66%|██████▋   | 591092/890874 [00:49<00:29, 10001.94 examples/s][A
Generating full split:  67%|██████▋   | 592618/890874 [00:49<00:26, 11151.34 examples/s][A
Generating full split:  67%|██████▋   | 594015/890874 [00:49<00:25, 11822.87 examples/s][A
Generating full split:  67%|██████▋   | 595527/890874 [00:49<00:23, 12657.56 examples/s][A
Generating full split:  67%|██████▋   | 597000/890874 [00:49<00:22, 13036.45 examples/s][A
Generating full split:  67%|██████▋   | 598521/890874 [00:49<00:21, 13626.98 examples/s][A
Generating full split:  67%|██████▋   | 600000/890874 [00:49<00:21, 13819.43 examples/s][A
Generating full split:  68%|██████▊   | 601521/890874 [00:49<00:20, 14213.55 examples/s][A
Generating full split:  68%|██████▊   | 603000/890874 [00:50<00:20, 14113.00 examples/s][A
Generating full split:  68%|██████▊   | 604535/890874 [00:50<00:19, 14465.73 examples/s][A
Generating full split:  68%|██████▊   | 606620/890874 [00:50<00:27, 10509.37 examples/s][A
Generating full split:  68%|██████▊   | 608000/890874 [00:50<00:25, 11187.81 examples/s][A
Generating full split:  68%|██████▊   | 609509/890874 [00:50<00:23, 12089.92 examples/s][A
Generating full split:  69%|██████▊   | 611000/890874 [00:50<00:22, 12598.61 examples/s][A
Generating full split:  69%|██████▉   | 612535/890874 [00:50<00:20, 13309.53 examples/s][A
Generating full split:  69%|██████▉   | 614000/890874 [00:50<00:20, 13498.45 examples/s][A
Generating full split:  69%|██████▉   | 615514/890874 [00:51<00:19, 13948.77 examples/s][A
Generating full split:  69%|██████▉   | 617007/890874 [00:51<00:27, 9822.88 examples/s] [A
Generating full split:  69%|██████▉   | 618524/890874 [00:51<00:24, 10987.86 examples/s][A
Generating full split:  70%|██████▉   | 620000/890874 [00:51<00:23, 11697.92 examples/s][A
Generating full split:  70%|██████▉   | 621520/890874 [00:51<00:21, 12573.29 examples/s][A
Generating full split:  70%|██████▉   | 623000/890874 [00:51<00:20, 12924.37 examples/s][A
Generating full split:  70%|███████   | 624510/890874 [00:51<00:19, 13509.27 examples/s][A
Generating full split:  70%|███████   | 626000/890874 [00:51<00:19, 13667.89 examples/s][A
Generating full split:  70%|███████   | 627531/890874 [00:52<00:18, 14127.22 examples/s][A
Generating full split:  71%|███████   | 629000/890874 [00:52<00:26, 9964.77 examples/s] [A
Generating full split:  71%|███████   | 630520/890874 [00:52<00:23, 11125.75 examples/s][A
Generating full split:  71%|███████   | 632000/890874 [00:52<00:21, 11849.83 examples/s][A
Generating full split:  71%|███████   | 633517/890874 [00:52<00:20, 12689.95 examples/s][A
Generating full split:  71%|███████▏  | 635000/890874 [00:52<00:19, 13064.03 examples/s][A
Generating full split:  71%|███████▏  | 636519/890874 [00:52<00:18, 13642.15 examples/s][A
Generating full split:  72%|███████▏  | 638000/890874 [00:52<00:18, 13769.94 examples/s][A
Generating full split:  72%|███████▏  | 639533/890874 [00:53<00:17, 14205.86 examples/s][A
Generating full split:  72%|███████▏  | 641536/890874 [00:53<00:26, 9467.63 examples/s] [A
Generating full split:  72%|███████▏  | 643000/890874 [00:53<00:23, 10371.82 examples/s][A
Generating full split:  72%|███████▏  | 644500/890874 [00:53<00:21, 11376.95 examples/s][A
Generating full split:  73%|███████▎  | 646000/890874 [00:53<00:20, 12047.42 examples/s][A
Generating full split:  73%|███████▎  | 647507/890874 [00:53<00:19, 12800.69 examples/s][A
Generating full split:  73%|███████▎  | 649000/890874 [00:53<00:18, 13135.72 examples/s][A
Generating full split:  73%|███████▎  | 650522/890874 [00:53<00:17, 13697.14 examples/s][A
Generating full split:  73%|███████▎  | 652000/890874 [00:54<00:17, 13777.10 examples/s][A
Generating full split:  73%|███████▎  | 653541/890874 [00:54<00:16, 14235.05 examples/s][A
Generating full split:  74%|███████▎  | 655810/890874 [00:54<00:22, 10502.75 examples/s][A
Generating full split:  74%|███████▍  | 657380/890874 [00:54<00:20, 11568.24 examples/s][A
Generating full split:  74%|███████▍  | 659000/890874 [00:54<00:18, 12510.38 examples/s][A
Generating full split:  74%|███████▍  | 660428/890874 [00:54<00:17, 12939.18 examples/s][A
Generating full split:  74%|███████▍  | 661864/890874 [00:54<00:17, 13303.74 examples/s][A
Generating full split:  75%|███████▍  | 663967/890874 [00:55<00:16, 13555.88 examples/s][A
Generating full split:  75%|███████▍  | 666000/890874 [00:55<00:16, 13416.12 examples/s][A
Generating full split:  75%|███████▍  | 667436/890874 [00:55<00:16, 13639.21 examples/s][A
Generating full split:  75%|███████▌  | 668904/890874 [00:55<00:22, 9881.03 examples/s] [A
Generating full split:  75%|███████▌  | 670203/890874 [00:55<00:20, 10521.08 examples/s][A
Generating full split:  75%|███████▌  | 671630/890874 [00:55<00:19, 11372.17 examples/s][A
Generating full split:  76%|███████▌  | 673000/890874 [00:55<00:18, 11835.25 examples/s][A
Generating full split:  76%|███████▌  | 674437/890874 [00:55<00:17, 12486.66 examples/s][A
Generating full split:  76%|███████▌  | 675888/890874 [00:56<00:16, 13029.15 examples/s][A
Generating full split:  76%|███████▌  | 677994/890874 [00:56<00:15, 13395.91 examples/s][A
Generating full split:  76%|███████▋  | 680000/890874 [00:56<00:15, 13326.49 examples/s][A
Generating full split:  76%|███████▋  | 681437/890874 [00:56<00:15, 13582.00 examples/s][A
Generating full split:  77%|███████▋  | 683361/890874 [00:56<00:20, 9933.49 examples/s] [A
Generating full split:  77%|███████▋  | 684777/890874 [00:56<00:19, 10762.49 examples/s][A
Generating full split:  77%|███████▋  | 686239/890874 [00:56<00:17, 11602.29 examples/s][A
Generating full split:  77%|███████▋  | 687972/890874 [00:57<00:15, 12964.81 examples/s][A
Generating full split:  77%|███████▋  | 689576/890874 [00:57<00:14, 13743.85 examples/s][A
Generating full split:  78%|███████▊  | 691181/890874 [00:57<00:13, 14355.96 examples/s][A
Generating full split:  78%|███████▊  | 692918/890874 [00:57<00:13, 15158.93 examples/s][A
Generating full split:  78%|███████▊  | 694543/890874 [00:57<00:12, 15463.94 examples/s][A
Generating full split:  78%|███████▊  | 697000/890874 [00:57<00:12, 15633.57 examples/s][A
Generating full split:  78%|███████▊  | 699000/890874 [00:57<00:16, 11552.46 examples/s][A
Generating full split:  79%|███████▊  | 700717/890874 [00:57<00:14, 12701.52 examples/s][A
Generating full split:  79%|███████▉  | 702311/890874 [00:58<00:14, 13432.86 examples/s][A
Generating full split:  79%|███████▉  | 704000/890874 [00:58<00:13, 14094.47 examples/s][A
Generating full split:  79%|███████▉  | 705728/890874 [00:58<00:12, 14909.39 examples/s][A
Generating full split:  79%|███████▉  | 707322/890874 [00:58<00:12, 15183.26 examples/s][A
Generating full split:  80%|███████▉  | 709000/890874 [00:58<00:11, 15452.60 examples/s][A
Generating full split:  80%|███████▉  | 711000/890874 [00:58<00:15, 11254.58 examples/s][A
Generating full split:  80%|████████  | 712742/890874 [00:58<00:14, 12565.46 examples/s][A
Generating full split:  80%|████████  | 714339/890874 [00:58<00:13, 13357.30 examples/s][A
Generating full split:  80%|████████  | 716000/890874 [00:59<00:12, 14061.90 examples/s][A
Generating full split:  81%|████████  | 717751/890874 [00:59<00:11, 14961.35 examples/s][A
Generating full split:  81%|████████  | 719356/890874 [00:59<00:11, 15256.10 examples/s][A
Generating full split:  81%|████████  | 721000/890874 [00:59<00:10, 15500.42 examples/s][A
Generating full split:  81%|████████  | 723000/890874 [00:59<00:14, 11241.46 examples/s][A
Generating full split:  81%|████████▏ | 724724/890874 [00:59<00:13, 12523.62 examples/s][A
Generating full split:  82%|████████▏ | 726322/890874 [00:59<00:12, 13330.66 examples/s][A
Generating full split:  82%|████████▏ | 728000/890874 [00:59<00:11, 14012.81 examples/s][A
Generating full split:  82%|████████▏ | 729741/890874 [01:00<00:10, 14899.14 examples/s][A
Generating full split:  82%|████████▏ | 731343/890874 [01:00<00:10, 15201.58 examples/s][A
Generating full split:  82%|████████▏ | 733000/890874 [01:00<00:10, 15449.69 examples/s][A
Generating full split:  82%|████████▏ | 734612/890874 [01:00<00:14, 11018.72 examples/s][A
Generating full split:  83%|████████▎ | 736225/890874 [01:00<00:12, 12152.87 examples/s][A
Generating full split:  83%|████████▎ | 737953/890874 [01:00<00:11, 13386.78 examples/s][A
Generating full split:  83%|████████▎ | 739567/890874 [01:00<00:10, 14091.31 examples/s][A
Generating full split:  83%|████████▎ | 741177/890874 [01:00<00:10, 14627.68 examples/s][A
Generating full split:  83%|████████▎ | 742928/890874 [01:01<00:09, 15380.60 examples/s][A
Generating full split:  84%|████████▎ | 745324/890874 [01:01<00:09, 15597.79 examples/s][A
Generating full split:  84%|████████▍ | 747315/890874 [01:01<00:12, 11533.50 examples/s][A
Generating full split:  84%|████████▍ | 749000/890874 [01:01<00:11, 12515.81 examples/s][A
Generating full split:  84%|████████▍ | 750748/890874 [01:01<00:10, 13630.83 examples/s][A
Generating full split:  84%|████████▍ | 752355/890874 [01:01<00:09, 14221.79 examples/s][A
Generating full split:  85%|████████▍ | 754000/890874 [01:01<00:09, 14711.90 examples/s][A
Generating full split:  85%|████████▍ | 755723/890874 [01:01<00:08, 15383.07 examples/s][A
Generating full split:  85%|████████▌ | 758120/890874 [01:02<00:08, 15597.38 examples/s][A
Generating full split:  85%|████████▌ | 759924/890874 [01:02<00:08, 16041.69 examples/s][A
Generating full split:  86%|████████▌ | 762046/890874 [01:02<00:11, 11620.45 examples/s][A
Generating full split:  86%|████████▌ | 763943/890874 [01:02<00:09, 12934.72 examples/s][A
Generating full split:  86%|████████▌ | 765576/890874 [01:02<00:09, 13687.41 examples/s][A
Generating full split:  86%|████████▌ | 767213/890874 [01:02<00:08, 14331.69 examples/s][A
Generating full split:  86%|████████▋ | 768973/890874 [01:02<00:08, 15165.45 examples/s][A
Generating full split:  87%|████████▋ | 770609/890874 [01:02<00:07, 15481.43 examples/s][A
Generating full split:  87%|████████▋ | 772249/890874 [01:03<00:07, 15733.63 examples/s][A
Generating full split:  87%|████████▋ | 774000/890874 [01:03<00:07, 15962.96 examples/s][A
Generating full split:  87%|████████▋ | 775775/890874 [01:03<00:06, 16469.15 examples/s][A
Generating full split:  87%|████████▋ | 778000/890874 [01:03<00:09, 11718.81 examples/s][A
Generating full split:  88%|████████▊ | 779773/890874 [01:03<00:08, 12982.19 examples/s][A
Generating full split:  88%|████████▊ | 781420/890874 [01:03<00:07, 13786.70 examples/s][A
Generating full split:  88%|████████▊ | 783068/890874 [01:03<00:07, 14453.55 examples/s][A
Generating full split:  88%|████████▊ | 784936/890874 [01:03<00:06, 15325.92 examples/s][A
Generating full split:  88%|████████▊ | 787356/890874 [01:04<00:06, 15611.23 examples/s][A
Generating full split:  89%|████████▊ | 789706/890874 [01:04<00:08, 11858.59 examples/s][A
Generating full split:  89%|████████▉ | 791351/890874 [01:04<00:07, 12756.80 examples/s][A
Generating full split:  89%|████████▉ | 793000/890874 [01:04<00:07, 13551.94 examples/s][A
Generating full split:  89%|████████▉ | 794797/890874 [01:04<00:06, 14600.26 examples/s][A
Generating full split:  89%|████████▉ | 796445/890874 [01:04<00:06, 15074.54 examples/s][A
Generating full split:  90%|████████▉ | 798084/890874 [01:04<00:06, 15422.22 examples/s][A
Generating full split:  90%|████████▉ | 799959/890874 [01:05<00:05, 16061.31 examples/s][A
Generating full split:  90%|████████▉ | 801691/890874 [01:05<00:07, 11369.91 examples/s][A
Generating full split:  90%|█████████ | 803341/890874 [01:05<00:07, 12477.16 examples/s][A
Generating full split:  90%|█████████ | 805000/890874 [01:05<00:06, 13446.83 examples/s][A
Generating full split:  91%|█████████ | 806785/890874 [01:05<00:05, 14555.04 examples/s][A
Generating full split:  91%|█████████ | 808429/890874 [01:05<00:05, 15051.95 examples/s][A
Generating full split:  91%|█████████ | 810064/890874 [01:05<00:05, 15405.99 examples/s][A
Generating full split:  91%|█████████ | 811946/890874 [01:05<00:04, 16073.95 examples/s][A
Generating full split:  91%|█████████▏| 813660/890874 [01:06<00:06, 11277.23 examples/s][A
Generating full split:  92%|█████████▏| 815293/890874 [01:06<00:06, 12376.73 examples/s][A
Generating full split:  92%|█████████▏| 817000/890874 [01:06<00:05, 13366.79 examples/s][A
Generating full split:  92%|█████████▏| 818751/890874 [01:06<00:05, 14405.18 examples/s][A
Generating full split:  92%|█████████▏| 820381/890874 [01:06<00:04, 14904.37 examples/s][A
Generating full split:  92%|█████████▏| 822026/890874 [01:06<00:04, 15324.57 examples/s][A
Generating full split:  92%|█████████▏| 823794/890874 [01:06<00:04, 15985.40 examples/s][A
Generating full split:  93%|█████████▎| 826000/890874 [01:07<00:05, 11531.88 examples/s][A
Generating full split:  93%|█████████▎| 827784/890874 [01:07<00:04, 12858.25 examples/s][A
Generating full split:  93%|█████████▎| 829423/890874 [01:07<00:04, 13673.88 examples/s][A
Generating full split:  93%|█████████▎| 831069/890874 [01:07<00:04, 14363.43 examples/s][A
Generating full split:  93%|█████████▎| 832948/890874 [01:07<00:03, 15262.96 examples/s][A
Generating full split:  94%|█████████▎| 834609/890874 [01:07<00:03, 15623.37 examples/s][A
Generating full split:  94%|█████████▍| 836329/890874 [01:07<00:04, 11276.78 examples/s][A
Generating full split:  94%|█████████▍| 838000/890874 [01:07<00:04, 12333.38 examples/s][A
Generating full split:  94%|█████████▍| 839758/890874 [01:08<00:03, 13566.06 examples/s][A
Generating full split:  94%|█████████▍| 841400/890874 [01:08<00:03, 14282.86 examples/s][A
Generating full split:  95%|█████████▍| 843031/890874 [01:08<00:03, 14815.71 examples/s][A
Generating full split:  95%|█████████▍| 844823/890874 [01:08<00:02, 15665.23 examples/s][A
Generating full split:  95%|█████████▌| 847283/890874 [01:08<00:02, 15931.12 examples/s][A
Generating full split:  95%|█████████▌| 849636/890874 [01:08<00:03, 11955.98 examples/s][A
Generating full split:  96%|█████████▌| 851272/890874 [01:08<00:03, 12830.48 examples/s][A
Generating full split:  96%|█████████▌| 853000/890874 [01:08<00:02, 13679.37 examples/s][A
Generating full split:  96%|█████████▌| 854768/890874 [01:09<00:02, 14631.86 examples/s][A
Generating full split:  96%|█████████▌| 856410/890874 [01:09<00:02, 15083.96 examples/s][A
Generating full split:  96%|█████████▋| 858050/890874 [01:09<00:02, 15431.28 examples/s][A
Generating full split:  97%|█████████▋| 859946/890874 [01:09<00:01, 16117.79 examples/s][A
Generating full split:  97%|█████████▋| 862330/890874 [01:09<00:02, 11770.14 examples/s][A
Generating full split:  97%|█████████▋| 864000/890874 [01:09<00:02, 12734.21 examples/s][A
Generating full split:  97%|█████████▋| 865774/890874 [01:09<00:01, 13859.97 examples/s][A
Generating full split:  97%|█████████▋| 867422/890874 [01:09<00:01, 14496.26 examples/s][A
Generating full split:  98%|█████████▊| 869078/890874 [01:10<00:01, 15027.45 examples/s][A
Generating full split:  98%|█████████▊| 870957/890874 [01:10<00:01, 15846.01 examples/s][A
Generating full split:  98%|█████████▊| 872624/890874 [01:10<00:01, 16068.77 examples/s][A
Generating full split:  98%|█████████▊| 875086/890874 [01:10<00:00, 16191.72 examples/s][A
Generating full split:  98%|█████████▊| 877094/890874 [01:10<00:01, 11908.67 examples/s][A
Generating full split:  99%|█████████▊| 878954/890874 [01:10<00:00, 13178.02 examples/s][A
Generating full split:  99%|█████████▉| 880617/890874 [01:10<00:00, 13955.06 examples/s][A
Generating full split:  99%|█████████▉| 882254/890874 [01:10<00:00, 14541.10 examples/s][A
Generating full split:  99%|█████████▉| 884000/890874 [01:11<00:00, 15110.84 examples/s][A
Generating full split:  99%|█████████▉| 885781/890874 [01:11<00:00, 15829.37 examples/s][A
Generating full split: 100%|█████████▉| 888233/890874 [01:11<00:00, 16015.93 examples/s][A
Generating full split: 100%|██████████| 890874/890874 [01:11<00:00, 12432.45 examples/s]
Loading full item metadata dataset: 100%|██████████| 1/1 [01:40<00:00, 100.12s/dataset]
Scanning review item IDs: 100%|██████████| 16260406/16260406 [04:15<00:00, 63661.68review/s]
Joining item metadata by parent_asin: 100%|██████████| 890874/890874 [00:28<00:00, 31213.04item/s]
Normalising review interactions: 100%|██████████| 16260406/16260406 [04:31<00:00, 59873.03review/s]
Grouping interactions by user: 100%|██████████| 16260406/16260406 [00:22<00:00, 726041.93interaction/s] 
Building item index and text table: 100%|██████████| 568262/568262 [00:01<00:00, 326482.99user/s]
Creating chronological train/valid/test split: 100%|██████████| 568262/568262 [00:02<00:00, 192331.03user/s]
Finalising item text array: 100%|██████████| 333160/333160 [00:00<00:00, 2535374.74item/s]
`torch_dtype` is deprecated! Use `dtype` instead!
Loading LLAMA
Loading checkpoint shards: 100%|██████████| 2/2 [00:00<00:00,  2.21it/s]
The new embeddings will be initialized from a multivariate normal distribution that has old embeddings' mean and covariance. As described in this article: https://nlp.stanford.edu/~johnhew/vocab-expansion.html. To disable this, use `mean_resizing=False`
The new lm_head weights will be initialized from a multivariate normal distribution that has old embeddings' mean and covariance. As described in this article: https://nlp.stanford.edu/~johnhew/vocab-expansion.html. To disable this, use `mean_resizing=False`
Using bfloat16 Automatic Mixed Precision (AMP)
GPU available: True (cuda), used: True
TPU available: False, using: 0 TPU cores
💡 Tip: For seamless cloud logging and experiment tracking, try installing [litlogger](https://pypi.org/project/litlogger/) to enable LitLogger, which logs metrics and artifacts automatically to the Lightning Experiments platform.
You are using a CUDA device ('NVIDIA RTX PRO 6000 Blackwell Workstation Edition') that has Tensor Cores. To properly utilize them, you should set `torch.set_float32_matmul_precision('medium' | 'high')` which will trade-off precision for performance. For more details, read https://pytorch.org/docs/stable/generated/torch.set_float32_matmul_precision.html#torch.set_float32_matmul_precision
LOCAL_RANK: 0 - CUDA_VISIBLE_DEVICES: [1]
/workspace/P78123011/MediaTek_2026_project/Reproduce/LLaRA/.venv/lib/python3.10/site-packages/pytorch_lightning/utilities/model_summary/model_summary.py:242: Precision bf16-mixed is not supported by the model summary.  Estimated model size in MB will not be accurate. Using 32 bits instead.

  | Name        | Type                 | Params | Mode  | FLOPs
---------------------------------------------------------------------
0 | llama_model | PeftModelForCausalLM | 6.8 B  | train | 0    
1 | rec_model   | SASRec               | 43.0 M | eval  | 0    
2 | projector   | MlpProjector         | 17.0 M | train | 0    
---------------------------------------------------------------------
37.0 M    Trainable params
6.8 B     Non-trainable params
6.8 B     Total params
27,273.969Total estimated model params size (MB)
2248      Modules in train mode
442       Modules in eval mode
0         Total Flops
trainable params: 19,988,480 || all params: 6,758,445,056 || trainable%: 0.2958
Loading LLAMA Done
max_step: 785
warmup_steps: 39
/workspace/P78123011/MediaTek_2026_project/Reproduce/LLaRA/.venv/lib/python3.10/site-packages/pytorch_lightning/loops/fit_loop.py:538: Found 442 module(s) in eval mode at the start of training. This may lead to unexpected behavior during training. If this is intentional, you can ignore this warning.
Validation DataLoader 0:   0%|          | 0/250 [00:00<?, ?it/s][A
Validation DataLoader 0:   0%|          | 1/250 [00:01<07:15,  0.57it/s][A
Validation DataLoader 0:   1%|          | 2/250 [00:03<07:36,  0.54it/s][A
Validation DataLoader 0:   1%|          | 3/250 [00:05<07:24,  0.56it/s][A
Validation DataLoader 0:   2%|▏         | 4/250 [00:07<07:30,  0.55it/s][A
Validation DataLoader 0:   2%|▏         | 5/250 [00:09<07:32,  0.54it/s][A
Validation DataLoader 0:   2%|▏         | 6/250 [00:11<07:31,  0.54it/s][A
Validation DataLoader 0:   3%|▎         | 7/250 [00:12<07:25,  0.55it/s][A
Validation DataLoader 0:   3%|▎         | 8/250 [00:14<07:25,  0.54it/s][A
Validation DataLoader 0:   4%|▎         | 9/250 [00:16<07:25,  0.54it/s][A
Validation DataLoader 0:   4%|▍         | 10/250 [00:18<07:24,  0.54it/s][A
Validation DataLoader 0:   4%|▍         | 11/250 [00:20<07:24,  0.54it/s][A
Validation DataLoader 0:   5%|▍         | 12/250 [00:22<07:23,  0.54it/s][A
Validation DataLoader 0:   5%|▌         | 13/250 [00:24<07:22,  0.54it/s][A
Validation DataLoader 0:   6%|▌         | 14/250 [00:26<07:20,  0.54it/s][A
Validation DataLoader 0:   6%|▌         | 15/250 [00:28<07:19,  0.53it/s][A
Validation DataLoader 0:   6%|▋         | 16/250 [00:29<07:16,  0.54it/s][A
Validation DataLoader 0:   7%|▋         | 17/250 [00:31<07:13,  0.54it/s][A
Validation DataLoader 0:   7%|▋         | 18/250 [00:33<07:12,  0.54it/s][A
Validation DataLoader 0:   8%|▊         | 19/250 [00:35<07:11,  0.54it/s][A
Validation DataLoader 0:   8%|▊         | 20/250 [00:37<07:08,  0.54it/s][A
Validation DataLoader 0:   8%|▊         | 21/250 [00:39<07:05,  0.54it/s][A
Validation DataLoader 0:   9%|▉         | 22/250 [00:40<07:03,  0.54it/s][A
Validation DataLoader 0:   9%|▉         | 23/250 [00:42<07:02,  0.54it/s][A
Validation DataLoader 0:  10%|▉         | 24/250 [00:44<07:01,  0.54it/s][A
Validation DataLoader 0:  10%|█         | 25/250 [00:46<06:59,  0.54it/s][A
Validation DataLoader 0:  10%|█         | 26/250 [00:48<06:58,  0.54it/s][A
Validation DataLoader 0:  11%|█         | 27/250 [00:50<06:55,  0.54it/s][A
Validation DataLoader 0:  11%|█         | 28/250 [00:52<06:54,  0.54it/s][A
Validation DataLoader 0:  12%|█▏        | 29/250 [00:54<06:52,  0.54it/s][A
Validation DataLoader 0:  12%|█▏        | 30/250 [00:56<06:50,  0.54it/s][A
Validation DataLoader 0:  12%|█▏        | 31/250 [00:57<06:48,  0.54it/s][A
Validation DataLoader 0:  13%|█▎        | 32/250 [00:59<06:46,  0.54it/s][A
Validation DataLoader 0:  13%|█▎        | 33/250 [01:01<06:45,  0.54it/s][A
Validation DataLoader 0:  14%|█▎        | 34/250 [01:03<06:42,  0.54it/s][A
Validation DataLoader 0:  14%|█▍        | 35/250 [01:05<06:40,  0.54it/s][A
Validation DataLoader 0:  14%|█▍        | 36/250 [01:07<06:39,  0.54it/s][A
Validation DataLoader 0:  15%|█▍        | 37/250 [01:09<06:37,  0.54it/s][A
Validation DataLoader 0:  15%|█▌        | 38/250 [01:10<06:35,  0.54it/s][A
Validation DataLoader 0:  16%|█▌        | 39/250 [01:12<06:33,  0.54it/s][A
Validation DataLoader 0:  16%|█▌        | 40/250 [01:14<06:32,  0.54it/s][A
Validation DataLoader 0:  16%|█▋        | 41/250 [01:16<06:29,  0.54it/s][A
Validation DataLoader 0:  17%|█▋        | 42/250 [01:18<06:27,  0.54it/s][A
Validation DataLoader 0:  17%|█▋        | 43/250 [01:20<06:25,  0.54it/s][A
Validation DataLoader 0:  18%|█▊        | 44/250 [01:22<06:23,  0.54it/s][A
Validation DataLoader 0:  18%|█▊        | 45/250 [01:23<06:22,  0.54it/s][A
Validation DataLoader 0:  18%|█▊        | 46/250 [01:25<06:19,  0.54it/s][A
Validation DataLoader 0:  19%|█▉        | 47/250 [01:27<06:18,  0.54it/s][A
Validation DataLoader 0:  19%|█▉        | 48/250 [01:29<06:15,  0.54it/s][A
Validation DataLoader 0:  20%|█▉        | 49/250 [01:31<06:14,  0.54it/s][A
Validation DataLoader 0:  20%|██        | 50/250 [01:32<06:11,  0.54it/s][A
Validation DataLoader 0:  20%|██        | 51/250 [01:34<06:10,  0.54it/s][A
Validation DataLoader 0:  21%|██        | 52/250 [01:36<06:08,  0.54it/s][A
Validation DataLoader 0:  21%|██        | 53/250 [01:38<06:07,  0.54it/s][A
Validation DataLoader 0:  22%|██▏       | 54/250 [01:40<06:05,  0.54it/s][A
Validation DataLoader 0:  22%|██▏       | 55/250 [01:42<06:03,  0.54it/s][A
Validation DataLoader 0:  22%|██▏       | 56/250 [01:44<06:01,  0.54it/s][A
Validation DataLoader 0:  23%|██▎       | 57/250 [01:46<05:59,  0.54it/s][A
Validation DataLoader 0:  23%|██▎       | 58/250 [01:48<05:57,  0.54it/s][A
Validation DataLoader 0:  24%|██▎       | 59/250 [01:49<05:55,  0.54it/s][A
Validation DataLoader 0:  24%|██▍       | 60/250 [01:51<05:53,  0.54it/s][A
Validation DataLoader 0:  24%|██▍       | 61/250 [01:53<05:52,  0.54it/s][A
Validation DataLoader 0:  25%|██▍       | 62/250 [01:55<05:50,  0.54it/s][A
Validation DataLoader 0:  25%|██▌       | 63/250 [01:57<05:48,  0.54it/s][A
Validation DataLoader 0:  26%|██▌       | 64/250 [01:59<05:46,  0.54it/s][A
Validation DataLoader 0:  26%|██▌       | 65/250 [02:00<05:44,  0.54it/s][A
Validation DataLoader 0:  26%|██▋       | 66/250 [02:02<05:42,  0.54it/s][A
Validation DataLoader 0:  27%|██▋       | 67/250 [02:04<05:40,  0.54it/s][A
Validation DataLoader 0:  27%|██▋       | 68/250 [02:06<05:38,  0.54it/s][A
Validation DataLoader 0:  28%|██▊       | 69/250 [02:08<05:36,  0.54it/s][A
Validation DataLoader 0:  28%|██▊       | 70/250 [02:10<05:34,  0.54it/s][A
Validation DataLoader 0:  28%|██▊       | 71/250 [02:12<05:33,  0.54it/s][A
Validation DataLoader 0:  29%|██▉       | 72/250 [02:13<05:31,  0.54it/s][A
Validation DataLoader 0:  29%|██▉       | 73/250 [02:15<05:29,  0.54it/s][A
Validation DataLoader 0:  30%|██▉       | 74/250 [02:17<05:27,  0.54it/s][A
Validation DataLoader 0:  30%|███       | 75/250 [02:19<05:25,  0.54it/s][A
Validation DataLoader 0:  30%|███       | 76/250 [02:21<05:23,  0.54it/s][A
Validation DataLoader 0:  31%|███       | 77/250 [02:23<05:21,  0.54it/s][A
Validation DataLoader 0:  31%|███       | 78/250 [02:24<05:19,  0.54it/s][A
Validation DataLoader 0:  32%|███▏      | 79/250 [02:26<05:17,  0.54it/s][A
Validation DataLoader 0:  32%|███▏      | 80/250 [02:28<05:16,  0.54it/s][A
Validation DataLoader 0:  32%|███▏      | 81/250 [02:30<05:14,  0.54it/s][A
Validation DataLoader 0:  33%|███▎      | 82/250 [02:32<05:12,  0.54it/s][A
Validation DataLoader 0:  33%|███▎      | 83/250 [02:34<05:10,  0.54it/s][A
Validation DataLoader 0:  34%|███▎      | 84/250 [02:36<05:08,  0.54it/s][A
Validation DataLoader 0:  34%|███▍      | 85/250 [02:38<05:06,  0.54it/s][A
Validation DataLoader 0:  34%|███▍      | 86/250 [02:39<05:05,  0.54it/s][A
Validation DataLoader 0:  35%|███▍      | 87/250 [02:41<05:03,  0.54it/s][A
Validation DataLoader 0:  35%|███▌      | 88/250 [02:43<05:01,  0.54it/s][A
Validation DataLoader 0:  36%|███▌      | 89/250 [02:45<04:59,  0.54it/s][A
Validation DataLoader 0:  36%|███▌      | 90/250 [02:47<04:57,  0.54it/s][A
Validation DataLoader 0:  36%|███▋      | 91/250 [02:49<04:55,  0.54it/s][A
Validation DataLoader 0:  37%|███▋      | 92/250 [02:51<04:53,  0.54it/s][A
Validation DataLoader 0:  37%|███▋      | 93/250 [02:53<04:52,  0.54it/s][A
Validation DataLoader 0:  38%|███▊      | 94/250 [02:54<04:50,  0.54it/s][A
Validation DataLoader 0:  38%|███▊      | 95/250 [02:56<04:48,  0.54it/s][A
Validation DataLoader 0:  38%|███▊      | 96/250 [02:58<04:46,  0.54it/s][A
Validation DataLoader 0:  39%|███▉      | 97/250 [03:00<04:44,  0.54it/s][A
Validation DataLoader 0:  39%|███▉      | 98/250 [03:02<04:42,  0.54it/s][A
Validation DataLoader 0:  40%|███▉      | 99/250 [03:04<04:40,  0.54it/s][A
Validation DataLoader 0:  40%|████      | 100/250 [03:05<04:38,  0.54it/s][A
Validation DataLoader 0:  40%|████      | 101/250 [03:07<04:37,  0.54it/s][A
Validation DataLoader 0:  41%|████      | 102/250 [03:09<04:35,  0.54it/s][A
Validation DataLoader 0:  41%|████      | 103/250 [03:11<04:33,  0.54it/s][A
Validation DataLoader 0:  42%|████▏     | 104/250 [03:13<04:31,  0.54it/s][A
Validation DataLoader 0:  42%|████▏     | 105/250 [03:15<04:29,  0.54it/s][A
Validation DataLoader 0:  42%|████▏     | 106/250 [03:17<04:27,  0.54it/s][A
Validation DataLoader 0:  43%|████▎     | 107/250 [03:18<04:25,  0.54it/s][A
Validation DataLoader 0:  43%|████▎     | 108/250 [03:20<04:23,  0.54it/s][A
Validation DataLoader 0:  44%|████▎     | 109/250 [03:22<04:21,  0.54it/s][A
Validation DataLoader 0:  44%|████▍     | 110/250 [03:24<04:20,  0.54it/s][A
Validation DataLoader 0:  44%|████▍     | 111/250 [03:26<04:18,  0.54it/s][A
Validation DataLoader 0:  45%|████▍     | 112/250 [03:27<04:16,  0.54it/s][A
Validation DataLoader 0:  45%|████▌     | 113/250 [03:29<04:14,  0.54it/s][A
Validation DataLoader 0:  46%|████▌     | 114/250 [03:31<04:12,  0.54it/s][A
Validation DataLoader 0:  46%|████▌     | 115/250 [03:33<04:10,  0.54it/s][A
Validation DataLoader 0:  46%|████▋     | 116/250 [03:35<04:08,  0.54it/s][A
Validation DataLoader 0:  47%|████▋     | 117/250 [03:37<04:06,  0.54it/s][A
Validation DataLoader 0:  47%|████▋     | 118/250 [03:39<04:05,  0.54it/s][A
Validation DataLoader 0:  48%|████▊     | 119/250 [03:40<04:03,  0.54it/s][A
Validation DataLoader 0:  48%|████▊     | 120/250 [03:42<04:01,  0.54it/s][A
Validation DataLoader 0:  48%|████▊     | 121/250 [03:44<03:59,  0.54it/s][A
Validation DataLoader 0:  49%|████▉     | 122/250 [03:46<03:57,  0.54it/s][A
Validation DataLoader 0:  49%|████▉     | 123/250 [03:48<03:55,  0.54it/s][A
Validation DataLoader 0:  50%|████▉     | 124/250 [03:50<03:54,  0.54it/s][A
Validation DataLoader 0:  50%|█████     | 125/250 [03:52<03:52,  0.54it/s][A
Validation DataLoader 0:  50%|█████     | 126/250 [03:53<03:50,  0.54it/s][A
Validation DataLoader 0:  51%|█████     | 127/250 [03:55<03:48,  0.54it/s][A
Validation DataLoader 0:  51%|█████     | 128/250 [03:57<03:46,  0.54it/s][A
Validation DataLoader 0:  52%|█████▏    | 129/250 [03:59<03:44,  0.54it/s][A
Validation DataLoader 0:  52%|█████▏    | 130/250 [04:01<03:42,  0.54it/s][A
Validation DataLoader 0:  52%|█████▏    | 131/250 [04:03<03:40,  0.54it/s][A
Validation DataLoader 0:  53%|█████▎    | 132/250 [04:05<03:39,  0.54it/s][A
Validation DataLoader 0:  53%|█████▎    | 133/250 [04:06<03:37,  0.54it/s][A
Validation DataLoader 0:  54%|█████▎    | 134/250 [04:08<03:35,  0.54it/s][A
Validation DataLoader 0:  54%|█████▍    | 135/250 [04:10<03:33,  0.54it/s][A
Validation DataLoader 0:  54%|█████▍    | 136/250 [04:12<03:31,  0.54it/s][A
Validation DataLoader 0:  55%|█████▍    | 137/250 [04:14<03:30,  0.54it/s][A
Validation DataLoader 0:  55%|█████▌    | 138/250 [04:16<03:28,  0.54it/s][A
Validation DataLoader 0:  56%|█████▌    | 139/250 [04:18<03:26,  0.54it/s][A
Validation DataLoader 0:  56%|█████▌    | 140/250 [04:20<03:24,  0.54it/s][A
Validation DataLoader 0:  56%|█████▋    | 141/250 [04:21<03:22,  0.54it/s][A
Validation DataLoader 0:  57%|█████▋    | 142/250 [04:23<03:20,  0.54it/s][A
Validation DataLoader 0:  57%|█████▋    | 143/250 [04:25<03:18,  0.54it/s][A
Validation DataLoader 0:  58%|█████▊    | 144/250 [04:27<03:16,  0.54it/s][A
Validation DataLoader 0:  58%|█████▊    | 145/250 [04:29<03:15,  0.54it/s][A
Validation DataLoader 0:  58%|█████▊    | 146/250 [04:31<03:13,  0.54it/s][A
Validation DataLoader 0:  59%|█████▉    | 147/250 [04:32<03:11,  0.54it/s][A
Validation DataLoader 0:  59%|█████▉    | 148/250 [04:34<03:09,  0.54it/s][A
Validation DataLoader 0:  60%|█████▉    | 149/250 [04:36<03:07,  0.54it/s][A
Validation DataLoader 0:  60%|██████    | 150/250 [04:38<03:05,  0.54it/s][A
Validation DataLoader 0:  60%|██████    | 151/250 [04:40<03:03,  0.54it/s][A
Validation DataLoader 0:  61%|██████    | 152/250 [04:42<03:01,  0.54it/s][A
Validation DataLoader 0:  61%|██████    | 153/250 [04:44<03:00,  0.54it/s][A
Validation DataLoader 0:  62%|██████▏   | 154/250 [04:45<02:58,  0.54it/s][A
Validation DataLoader 0:  62%|██████▏   | 155/250 [04:47<02:56,  0.54it/s][A
Validation DataLoader 0:  62%|██████▏   | 156/250 [04:49<02:54,  0.54it/s][A
Validation DataLoader 0:  63%|██████▎   | 157/250 [04:51<02:52,  0.54it/s][A
Validation DataLoader 0:  63%|██████▎   | 158/250 [04:53<02:50,  0.54it/s][A
Validation DataLoader 0:  64%|██████▎   | 159/250 [04:55<02:49,  0.54it/s][A
Validation DataLoader 0:  64%|██████▍   | 160/250 [04:57<02:47,  0.54it/s][A
Validation DataLoader 0:  64%|██████▍   | 161/250 [04:59<02:45,  0.54it/s][A
Validation DataLoader 0:  65%|██████▍   | 162/250 [05:00<02:43,  0.54it/s][A
Validation DataLoader 0:  65%|██████▌   | 163/250 [05:02<02:41,  0.54it/s][A
Validation DataLoader 0:  66%|██████▌   | 164/250 [05:04<02:39,  0.54it/s][A
Validation DataLoader 0:  66%|██████▌   | 165/250 [05:06<02:37,  0.54it/s][A
Validation DataLoader 0:  66%|██████▋   | 166/250 [05:08<02:36,  0.54it/s][A
Validation DataLoader 0:  67%|██████▋   | 167/250 [05:10<02:34,  0.54it/s][A
Validation DataLoader 0:  67%|██████▋   | 168/250 [05:12<02:32,  0.54it/s][A
Validation DataLoader 0:  68%|██████▊   | 169/250 [05:14<02:30,  0.54it/s][A
Validation DataLoader 0:  68%|██████▊   | 170/250 [05:16<02:28,  0.54it/s][A
Validation DataLoader 0:  68%|██████▊   | 171/250 [05:17<02:26,  0.54it/s][A
Validation DataLoader 0:  69%|██████▉   | 172/250 [05:19<02:25,  0.54it/s][A
Validation DataLoader 0:  69%|██████▉   | 173/250 [05:21<02:23,  0.54it/s][A
Validation DataLoader 0:  70%|██████▉   | 174/250 [05:23<02:21,  0.54it/s][A
Validation DataLoader 0:  70%|███████   | 175/250 [05:25<02:19,  0.54it/s][A
Validation DataLoader 0:  70%|███████   | 176/250 [05:27<02:17,  0.54it/s][A
Validation DataLoader 0:  71%|███████   | 177/250 [05:29<02:15,  0.54it/s][A
Validation DataLoader 0:  71%|███████   | 178/250 [05:30<02:13,  0.54it/s][A
Validation DataLoader 0:  72%|███████▏  | 179/250 [05:32<02:11,  0.54it/s][A
Validation DataLoader 0:  72%|███████▏  | 180/250 [05:34<02:10,  0.54it/s][A
Validation DataLoader 0:  72%|███████▏  | 181/250 [05:36<02:08,  0.54it/s][A
Validation DataLoader 0:  73%|███████▎  | 182/250 [05:38<02:06,  0.54it/s][A
Validation DataLoader 0:  73%|███████▎  | 183/250 [05:39<02:04,  0.54it/s][A
Validation DataLoader 0:  74%|███████▎  | 184/250 [05:41<02:02,  0.54it/s][A
Validation DataLoader 0:  74%|███████▍  | 185/250 [05:43<02:00,  0.54it/s][A
Validation DataLoader 0:  74%|███████▍  | 186/250 [05:45<01:58,  0.54it/s][A
Validation DataLoader 0:  75%|███████▍  | 187/250 [05:47<01:57,  0.54it/s][A
Validation DataLoader 0:  75%|███████▌  | 188/250 [05:49<01:55,  0.54it/s][A
Validation DataLoader 0:  76%|███████▌  | 189/250 [05:51<01:53,  0.54it/s][A
Validation DataLoader 0:  76%|███████▌  | 190/250 [05:53<01:51,  0.54it/s][A
Validation DataLoader 0:  76%|███████▋  | 191/250 [05:55<01:49,  0.54it/s][A
Validation DataLoader 0:  77%|███████▋  | 192/250 [05:56<01:47,  0.54it/s][A
Validation DataLoader 0:  77%|███████▋  | 193/250 [05:58<01:45,  0.54it/s][A
Validation DataLoader 0:  78%|███████▊  | 194/250 [06:00<01:44,  0.54it/s][A
Validation DataLoader 0:  78%|███████▊  | 195/250 [06:02<01:42,  0.54it/s][A
Validation DataLoader 0:  78%|███████▊  | 196/250 [06:04<01:40,  0.54it/s][A
Validation DataLoader 0:  79%|███████▉  | 197/250 [06:05<01:38,  0.54it/s][A
Validation DataLoader 0:  79%|███████▉  | 198/250 [06:07<01:36,  0.54it/s][A
Validation DataLoader 0:  80%|███████▉  | 199/250 [06:09<01:34,  0.54it/s][A
Validation DataLoader 0:  80%|████████  | 200/250 [06:11<01:32,  0.54it/s][A
Validation DataLoader 0:  80%|████████  | 201/250 [06:13<01:30,  0.54it/s][A
Validation DataLoader 0:  81%|████████  | 202/250 [06:15<01:29,  0.54it/s][A
Validation DataLoader 0:  81%|████████  | 203/250 [06:17<01:27,  0.54it/s][A
Validation DataLoader 0:  82%|████████▏ | 204/250 [06:18<01:25,  0.54it/s][A
Validation DataLoader 0:  82%|████████▏ | 205/250 [06:20<01:23,  0.54it/s][A
Validation DataLoader 0:  82%|████████▏ | 206/250 [06:22<01:21,  0.54it/s][A
Validation DataLoader 0:  83%|████████▎ | 207/250 [06:24<01:19,  0.54it/s][A
Validation DataLoader 0:  83%|████████▎ | 208/250 [06:26<01:18,  0.54it/s][A
Validation DataLoader 0:  84%|████████▎ | 209/250 [06:28<01:16,  0.54it/s][A
Validation DataLoader 0:  84%|████████▍ | 210/250 [06:30<01:14,  0.54it/s][A
Validation DataLoader 0:  84%|████████▍ | 211/250 [06:32<01:12,  0.54it/s][A
Validation DataLoader 0:  85%|████████▍ | 212/250 [06:34<01:10,  0.54it/s][A
Validation DataLoader 0:  85%|████████▌ | 213/250 [06:35<01:08,  0.54it/s][A
Validation DataLoader 0:  86%|████████▌ | 214/250 [06:37<01:06,  0.54it/s][A
Validation DataLoader 0:  86%|████████▌ | 215/250 [06:39<01:05,  0.54it/s][A
Validation DataLoader 0:  86%|████████▋ | 216/250 [06:41<01:03,  0.54it/s][A
Validation DataLoader 0:  87%|████████▋ | 217/250 [06:43<01:01,  0.54it/s][A
Validation DataLoader 0:  87%|████████▋ | 218/250 [06:45<00:59,  0.54it/s][A
Validation DataLoader 0:  88%|████████▊ | 219/250 [06:47<00:57,  0.54it/