2026-09-07 08:09:53,065 | INFO | EXPERIMENT_CONFIG {"batch_size": 256, "branch_factor": 0, "cache_dir": "/workspace/P78123011/cache", "d_model": 96, "data_path": null, "dataset": "amazon-all-beauty", "device": "cuda", "din_batch_size": 128, "din_negatives": 60, "din_steps": 30000, "eval_batch_size": 50, "eval_every_steps": 300, "eval_user_limit": 0, "kmeans_iters": 100, "log_every_steps": 100, "max_events": null, "max_train_samples": 0, "maxlen": 19, "min_history": 4, "min_rating": 4.0, "monitor_metric": "ndcg@10", "num_heads": 4, "output_dir": "/workspace/P78123011/MediaTek_2026_project/Reproduce/EAGER/outputs/Full_Beauty/eager_20260907_080950_r1", "predict_candidates": 50, "seed": 2024, "semantic_backend": "t5", "semantic_batch_size": 32, "semantic_max_tokens": 64, "semantic_model_id": "google-t5/t5-base", "train_steps": 60000, "tree_workers": 1, "use_contrastive": false, "use_guide": false}
2026-09-07 08:09:53,067 | INFO | INTERACTION_CACHE hit path=/workspace/P78123011/cache/mamba_multi_agent_data/amazon-all-beauty_90e3e920169a.pkl
2026-09-07 08:09:54,191 | INFO | DIN step=100 loss=9.315698
2026-09-07 08:09:54,825 | INFO | DIN step=200 loss=7.353183
2026-09-07 08:09:55,460 | INFO | DIN step=300 loss=7.198204
2026-09-07 08:09:56,097 | INFO | DIN step=400 loss=6.950549
2026-09-07 08:09:56,732 | INFO | DIN step=500 loss=6.474884
2026-09-07 08:09:57,369 | INFO | DIN step=600 loss=5.413227
2026-09-07 08:09:58,005 | INFO | DIN step=700 loss=3.592740
2026-09-07 08:09:58,643 | INFO | DIN step=800 loss=1.961954
2026-09-07 08:09:59,280 | INFO | DIN step=900 loss=0.934073
2026-09-07 08:09:59,920 | INFO | DIN step=1000 loss=0.533846
2026-09-07 08:10:00,528 | INFO | DIN step=1100 loss=0.397330
2026-09-07 08:10:01,135 | INFO | DIN step=1200 loss=0.290902
2026-09-07 08:10:01,745 | INFO | DIN step=1300 loss=0.251575
2026-09-07 08:10:02,353 | INFO | DIN step=1400 loss=0.231851
2026-09-07 08:10:02,960 | INFO | DIN step=1500 loss=0.181700
2026-09-07 08:10:03,582 | INFO | DIN step=1600 loss=0.172710
2026-09-07 08:10:04,193 | INFO | DIN step=1700 loss=0.158700
2026-09-07 08:10:04,804 | INFO | DIN step=1800 loss=0.141214
2026-09-07 08:10:05,413 | INFO | DIN step=1900 loss=0.158263
2026-09-07 08:10:06,019 | INFO | DIN step=2000 loss=0.126942
2026-09-07 08:10:06,627 | INFO | DIN step=2100 loss=0.118350
2026-09-07 08:10:07,235 | INFO | DIN step=2200 loss=0.124565
2026-09-07 08:10:07,844 | INFO | DIN step=2300 loss=0.102346
2026-09-07 08:10:08,451 | INFO | DIN step=2400 loss=0.107985
2026-09-07 08:10:09,060 | INFO | DIN step=2500 loss=0.090224
2026-09-07 08:10:09,675 | INFO | DIN step=2600 loss=0.098319
2026-09-07 08:10:10,281 | INFO | DIN step=2700 loss=0.112259
2026-09-07 08:10:10,889 | INFO | DIN step=2800 loss=0.078564
2026-09-07 08:10:11,499 | INFO | DIN step=2900 loss=0.090167
2026-09-07 08:10:12,104 | INFO | DIN step=3000 loss=0.077683
2026-09-07 08:10:12,713 | INFO | DIN step=3100 loss=0.086596
2026-09-07 08:10:13,321 | INFO | DIN step=3200 loss=0.076409
2026-09-07 08:10:13,927 | INFO | DIN step=3300 loss=0.102657
2026-09-07 08:10:14,534 | INFO | DIN step=3400 loss=0.074652
2026-09-07 08:10:15,145 | INFO | DIN step=3500 loss=0.065021
2026-09-07 08:10:15,750 | INFO | DIN step=3600 loss=0.054542
2026-09-07 08:10:16,359 | INFO | DIN step=3700 loss=0.052246
2026-09-07 08:10:16,968 | INFO | DIN step=3800 loss=0.050514
2026-09-07 08:10:17,574 | INFO | DIN step=3900 loss=0.045387
2026-09-07 08:10:18,182 | INFO | DIN step=4000 loss=0.054435
2026-09-07 08:10:18,792 | INFO | DIN step=4100 loss=0.059803
2026-09-07 08:10:19,398 | INFO | DIN step=4200 loss=0.070563
2026-09-07 08:10:20,006 | INFO | DIN step=4300 loss=0.058392
2026-09-07 08:10:20,619 | INFO | DIN step=4400 loss=0.065800
2026-09-07 08:10:21,226 | INFO | DIN step=4500 loss=0.065280
2026-09-07 08:10:21,834 | INFO | DIN step=4600 loss=0.075645
2026-09-07 08:10:22,458 | INFO | DIN step=4700 loss=0.074614
2026-09-07 08:10:23,073 | INFO | DIN step=4800 loss=0.051914
2026-09-07 08:10:23,683 | INFO | DIN step=4900 loss=0.046834
2026-09-07 08:10:24,291 | INFO | DIN step=5000 loss=0.056119
2026-09-07 08:10:24,900 | INFO | DIN step=5100 loss=0.043146
2026-09-07 08:10:25,510 | INFO | DIN step=5200 loss=0.042697
2026-09-07 08:10:26,119 | INFO | DIN step=5300 loss=0.046056
2026-09-07 08:10:26,727 | INFO | DIN step=5400 loss=0.052032
2026-09-07 08:10:27,337 | INFO | DIN step=5500 loss=0.044276
2026-09-07 08:10:27,946 | INFO | DIN step=5600 loss=0.033892
2026-09-07 08:10:28,554 | INFO | DIN step=5700 loss=0.034213
2026-09-07 08:10:29,165 | INFO | DIN step=5800 loss=0.032317
2026-09-07 08:10:29,775 | INFO | DIN step=5900 loss=0.025330
2026-09-07 08:10:30,385 | INFO | DIN step=6000 loss=0.030178
2026-09-07 08:10:30,996 | INFO | DIN step=6100 loss=0.028148
2026-09-07 08:10:31,605 | INFO | DIN step=6200 loss=0.023862
2026-09-07 08:10:32,212 | INFO | DIN step=6300 loss=0.023086
2026-09-07 08:10:32,822 | INFO | DIN step=6400 loss=0.020372
2026-09-07 08:10:33,432 | INFO | DIN step=6500 loss=0.017520
2026-09-07 08:10:34,039 | INFO | DIN step=6600 loss=0.016245
2026-09-07 08:10:34,648 | INFO | DIN step=6700 loss=0.015936
2026-09-07 08:10:35,257 | INFO | DIN step=6800 loss=0.014157
2026-09-07 08:10:35,866 | INFO | DIN step=6900 loss=0.018662
2026-09-07 08:10:36,476 | INFO | DIN step=7000 loss=0.019205
2026-09-07 08:10:37,085 | INFO | DIN step=7100 loss=0.012578
2026-09-07 08:10:37,692 | INFO | DIN step=7200 loss=0.016260
2026-09-07 08:10:38,302 | INFO | DIN step=7300 loss=0.010796
2026-09-07 08:10:38,911 | INFO | DIN step=7400 loss=0.011684
2026-09-07 08:10:39,518 | INFO | DIN step=7500 loss=0.012842
2026-09-07 08:10:40,128 | INFO | DIN step=7600 loss=0.013227
2026-09-07 08:10:40,737 | INFO | DIN step=7700 loss=0.009596
2026-09-07 08:10:41,344 | INFO | DIN step=7800 loss=0.009442
2026-09-07 08:10:41,954 | INFO | DIN step=7900 loss=0.010872
2026-09-07 08:10:42,564 | INFO | DIN step=8000 loss=0.010164
2026-09-07 08:10:43,171 | INFO | DIN step=8100 loss=0.008560
2026-09-07 08:10:43,780 | INFO | DIN step=8200 loss=0.005937
2026-09-07 08:10:44,390 | INFO | DIN step=8300 loss=0.007797
2026-09-07 08:10:44,997 | INFO | DIN step=8400 loss=0.003910
2026-09-07 08:10:45,606 | INFO | DIN step=8500 loss=0.005008
2026-09-07 08:10:46,215 | INFO | DIN step=8600 loss=0.006291
2026-09-07 08:10:46,823 | INFO | DIN step=8700 loss=0.006765
2026-09-07 08:10:47,433 | INFO | DIN step=8800 loss=0.004898
2026-09-07 08:10:48,041 | INFO | DIN step=8900 loss=0.006730
2026-09-07 08:10:48,649 | INFO | DIN step=9000 loss=0.006532
2026-09-07 08:10:49,258 | INFO | DIN step=9100 loss=0.003352
2026-09-07 08:10:49,866 | INFO | DIN step=9200 loss=0.005586
2026-09-07 08:10:50,475 | INFO | DIN step=9300 loss=0.004819
2026-09-07 08:10:51,085 | INFO | DIN step=9400 loss=0.005437
2026-09-07 08:10:51,699 | INFO | DIN step=9500 loss=0.004017
2026-09-07 08:10:52,306 | INFO | DIN step=9600 loss=0.005196
2026-09-07 08:10:52,916 | INFO | DIN step=9700 loss=0.004926
2026-09-07 08:10:53,529 | INFO | DIN step=9800 loss=0.006838
2026-09-07 08:10:54,136 | INFO | DIN step=9900 loss=0.005763
2026-09-07 08:10:54,745 | INFO | DIN step=10000 loss=0.006247
2026-09-07 08:10:55,355 | INFO | DIN step=10100 loss=0.002412
2026-09-07 08:10:55,967 | INFO | DIN step=10200 loss=0.003770
2026-09-07 08:10:56,581 | INFO | DIN step=10300 loss=0.006521
2026-09-07 08:10:57,199 | INFO | DIN step=10400 loss=0.003658
2026-09-07 08:10:57,806 | INFO | DIN step=10500 loss=0.003696
2026-09-07 08:10:58,416 | INFO | DIN step=10600 loss=0.002214
2026-09-07 08:10:59,027 | INFO | DIN step=10700 loss=0.002526
2026-09-07 08:10:59,634 | INFO | DIN step=10800 loss=0.001069
2026-09-07 08:11:00,246 | INFO | DIN step=10900 loss=0.002526
2026-09-07 08:11:00,855 | INFO | DIN step=11000 loss=0.002694
2026-09-07 08:11:01,463 | INFO | DIN step=11100 loss=0.003631
2026-09-07 08:11:02,074 | INFO | DIN step=11200 loss=0.002069
2026-09-07 08:11:02,684 | INFO | DIN step=11300 loss=0.003396
2026-09-07 08:11:03,298 | INFO | DIN step=11400 loss=0.002130
2026-09-07 08:11:03,909 | INFO | DIN step=11500 loss=0.001624
2026-09-07 08:11:04,519 | INFO | DIN step=11600 loss=0.005583
2026-09-07 08:11:05,128 | INFO | DIN step=11700 loss=0.002177
2026-09-07 08:11:05,739 | INFO | DIN step=11800 loss=0.001047
2026-09-07 08:11:06,349 | INFO | DIN step=11900 loss=0.003415
2026-09-07 08:11:06,956 | INFO | DIN step=12000 loss=0.002673
2026-09-07 08:11:07,567 | INFO | DIN step=12100 loss=0.003026
2026-09-07 08:11:08,177 | INFO | DIN step=12200 loss=0.001472
2026-09-07 08:11:08,785 | INFO | DIN step=12300 loss=0.001027
2026-09-07 08:11:09,395 | INFO | DIN step=12400 loss=0.001146
2026-09-07 08:11:10,005 | INFO | DIN step=12500 loss=0.001043
2026-09-07 08:11:10,613 | INFO | DIN step=12600 loss=0.002108
2026-09-07 08:11:11,224 | INFO | DIN step=12700 loss=0.000751
2026-09-07 08:11:11,833 | INFO | DIN step=12800 loss=0.002203
2026-09-07 08:11:12,441 | INFO | DIN step=12900 loss=0.000423
2026-09-07 08:11:13,052 | INFO | DIN step=13000 loss=0.001714
2026-09-07 08:11:13,661 | INFO | DIN step=13100 loss=0.001022
2026-09-07 08:11:14,270 | INFO | DIN step=13200 loss=0.001530
2026-09-07 08:11:14,880 | INFO | DIN step=13300 loss=0.001296
2026-09-07 08:11:15,490 | INFO | DIN step=13400 loss=0.000414
2026-09-07 08:11:16,098 | INFO | DIN step=13500 loss=0.001651
2026-09-07 08:11:16,708 | INFO | DIN step=13600 loss=0.003066
2026-09-07 08:11:17,319 | INFO | DIN step=13700 loss=0.000552
2026-09-07 08:11:17,926 | INFO | DIN step=13800 loss=0.002280
2026-09-07 08:11:18,536 | INFO | DIN step=13900 loss=0.001108
2026-09-07 08:11:19,146 | INFO | DIN step=14000 loss=0.002185
2026-09-07 08:11:19,754 | INFO | DIN step=14100 loss=0.000847
2026-09-07 08:11:20,379 | INFO | DIN step=14200 loss=0.001041
2026-09-07 08:11:21,015 | INFO | DIN step=14300 loss=0.000662
2026-09-07 08:11:21,648 | INFO | DIN step=14400 loss=0.001521
2026-09-07 08:11:22,287 | INFO | DIN step=14500 loss=0.001004
2026-09-07 08:11:22,925 | INFO | DIN step=14600 loss=0.003062
2026-09-07 08:11:23,561 | INFO | DIN step=14700 loss=0.000871
2026-09-07 08:11:24,200 | INFO | DIN step=14800 loss=0.001323
2026-09-07 08:11:24,837 | INFO | DIN step=14900 loss=0.002419
2026-09-07 08:11:25,473 | INFO | DIN step=15000 loss=0.000931
2026-09-07 08:11:26,111 | INFO | DIN step=15100 loss=0.000874
2026-09-07 08:11:26,739 | INFO | DIN step=15200 loss=0.001143
2026-09-07 08:11:27,347 | INFO | DIN step=15300 loss=0.002146
2026-09-07 08:11:27,956 | INFO | DIN step=15400 loss=0.000807
2026-09-07 08:11:28,566 | INFO | DIN step=15500 loss=0.000115
2026-09-07 08:11:29,174 | INFO | DIN step=15600 loss=0.000921
2026-09-07 08:11:29,784 | INFO | DIN step=15700 loss=0.001946
2026-09-07 08:11:30,394 | INFO | DIN step=15800 loss=0.000649
2026-09-07 08:11:31,002 | INFO | DIN step=15900 loss=0.000713
2026-09-07 08:11:31,612 | INFO | DIN step=16000 loss=0.000285
2026-09-07 08:11:32,222 | INFO | DIN step=16100 loss=0.000212
2026-09-07 08:11:32,830 | INFO | DIN step=16200 loss=0.000873
2026-09-07 08:11:33,440 | INFO | DIN step=16300 loss=0.000317
2026-09-07 08:11:34,050 | INFO | DIN step=16400 loss=0.000597
2026-09-07 08:11:34,657 | INFO | DIN step=16500 loss=0.001468
2026-09-07 08:11:35,267 | INFO | DIN step=16600 loss=0.001615
2026-09-07 08:11:35,876 | INFO | DIN step=16700 loss=0.000963
2026-09-07 08:11:36,484 | INFO | DIN step=16800 loss=0.000352
2026-09-07 08:11:37,094 | INFO | DIN step=16900 loss=0.001740
2026-09-07 08:11:37,705 | INFO | DIN step=17000 loss=0.000512
2026-09-07 08:11:38,312 | INFO | DIN step=17100 loss=0.001060
2026-09-07 08:11:38,922 | INFO | DIN step=17200 loss=0.000621
2026-09-07 08:11:39,531 | INFO | DIN step=17300 loss=0.000990
2026-09-07 08:11:40,140 | INFO | DIN step=17400 loss=0.000645
2026-09-07 08:11:40,749 | INFO | DIN step=17500 loss=0.000541
2026-09-07 08:11:41,361 | INFO | DIN step=17600 loss=0.000927
2026-09-07 08:11:41,968 | INFO | DIN step=17700 loss=0.001249
2026-09-07 08:11:42,579 | INFO | DIN step=17800 loss=0.001232
2026-09-07 08:11:43,198 | INFO | DIN step=17900 loss=0.000717
2026-09-07 08:11:43,806 | INFO | DIN step=18000 loss=0.000553
2026-09-07 08:11:44,417 | INFO | DIN step=18100 loss=0.000488
2026-09-07 08:11:45,027 | INFO | DIN step=18200 loss=0.000472
2026-09-07 08:11:45,645 | INFO | DIN step=18300 loss=0.001000
2026-09-07 08:11:46,285 | INFO | DIN step=18400 loss=0.000163
2026-09-07 08:11:46,924 | INFO | DIN step=18500 loss=0.000910
2026-09-07 08:11:47,560 | INFO | DIN step=18600 loss=0.001093
2026-09-07 08:11:48,197 | INFO | DIN step=18700 loss=0.000023
2026-09-07 08:11:48,806 | INFO | DIN step=18800 loss=0.000384
2026-09-07 08:11:49,417 | INFO | DIN step=18900 loss=0.000183
2026-09-07 08:11:50,036 | INFO | DIN step=19000 loss=0.000345
2026-09-07 08:11:50,645 | INFO | DIN step=19100 loss=0.000163
2026-09-07 08:11:51,253 | INFO | DIN step=19200 loss=0.000745
2026-09-07 08:11:51,862 | INFO | DIN step=19300 loss=0.000744
2026-09-07 08:11:52,473 | INFO | DIN step=19400 loss=0.000244
2026-09-07 08:11:53,081 | INFO | DIN step=19500 loss=0.000577
2026-09-07 08:11:53,691 | INFO | DIN step=19600 loss=0.000660
2026-09-07 08:11:54,301 | INFO | DIN step=19700 loss=0.000103
2026-09-07 08:11:54,910 | INFO | DIN step=19800 loss=0.000476
2026-09-07 08:11:55,519 | INFO | DIN step=19900 loss=0.000616
2026-09-07 08:11:56,151 | INFO | DIN step=20000 loss=0.000427
2026-09-07 08:11:56,785 | INFO | DIN step=20100 loss=0.000141
2026-09-07 08:11:57,422 | INFO | DIN step=20200 loss=0.001254
2026-09-07 08:11:58,060 | INFO | DIN step=20300 loss=0.000357
2026-09-07 08:11:58,695 | INFO | DIN step=20400 loss=0.000968
2026-09-07 08:11:59,331 | INFO | DIN step=20500 loss=0.000117
2026-09-07 08:11:59,942 | INFO | DIN step=20600 loss=0.000346
2026-09-07 08:12:00,549 | INFO | DIN step=20700 loss=0.001674
2026-09-07 08:12:01,159 | INFO | DIN step=20800 loss=0.000425
2026-09-07 08:12:01,769 | INFO | DIN step=20900 loss=0.000194
2026-09-07 08:12:02,380 | INFO | DIN step=21000 loss=0.000022
2026-09-07 08:12:02,989 | INFO | DIN step=21100 loss=0.000094
2026-09-07 08:12:03,599 | INFO | DIN step=21200 loss=0.000486
2026-09-07 08:12:04,207 | INFO | DIN step=21300 loss=0.002456
2026-09-07 08:12:04,817 | INFO | DIN step=21400 loss=0.000441
2026-09-07 08:12:05,427 | INFO | DIN step=21500 loss=0.000452
2026-09-07 08:12:06,035 | INFO | DIN step=21600 loss=0.000277
2026-09-07 08:12:06,644 | INFO | DIN step=21700 loss=0.000196
2026-09-07 08:12:07,275 | INFO | DIN step=21800 loss=0.000561
2026-09-07 08:12:07,909 | INFO | DIN step=21900 loss=0.000024
2026-09-07 08:12:08,550 | INFO | DIN step=22000 loss=0.000752
2026-09-07 08:12:09,197 | INFO | DIN step=22100 loss=0.000488
2026-09-07 08:12:09,838 | INFO | DIN step=22200 loss=0.000053
2026-09-07 08:12:10,468 | INFO | DIN step=22300 loss=0.000036
2026-09-07 08:12:11,079 | INFO | DIN step=22400 loss=0.001580
2026-09-07 08:12:11,687 | INFO | DIN step=22500 loss=0.000063
2026-09-07 08:12:12,298 | INFO | DIN step=22600 loss=0.000573
2026-09-07 08:12:12,908 | INFO | DIN step=22700 loss=0.000348
2026-09-07 08:12:13,517 | INFO | DIN step=22800 loss=0.000383
2026-09-07 08:12:14,127 | INFO | DIN step=22900 loss=0.000449
2026-09-07 08:12:14,737 | INFO | DIN step=23000 loss=0.000284
2026-09-07 08:12:15,345 | INFO | DIN step=23100 loss=0.000375
2026-09-07 08:12:15,956 | INFO | DIN step=23200 loss=0.000299
2026-09-07 08:12:16,566 | INFO | DIN step=23300 loss=0.000292
2026-09-07 08:12:17,174 | INFO | DIN step=23400 loss=0.000368
2026-09-07 08:12:17,786 | INFO | DIN step=23500 loss=0.000195
2026-09-07 08:12:18,410 | INFO | DIN step=23600 loss=0.000262
2026-09-07 08:12:19,018 | INFO | DIN step=23700 loss=0.000770
2026-09-07 08:12:19,641 | INFO | DIN step=23800 loss=0.000339
2026-09-07 08:12:20,279 | INFO | DIN step=23900 loss=0.000049
2026-09-07 08:12:20,911 | INFO | DIN step=24000 loss=0.000676
2026-09-07 08:12:21,550 | INFO | DIN step=24100 loss=0.000052
2026-09-07 08:12:22,187 | INFO | DIN step=24200 loss=0.000184
2026-09-07 08:12:22,822 | INFO | DIN step=24300 loss=0.000408
2026-09-07 08:12:23,457 | INFO | DIN step=24400 loss=0.001542
2026-09-07 08:12:24,068 | INFO | DIN step=24500 loss=0.000121
2026-09-07 08:12:24,677 | INFO | DIN step=24600 loss=0.000578
2026-09-07 08:12:25,292 | INFO | DIN step=24700 loss=0.000071
2026-09-07 08:12:25,907 | INFO | DIN step=24800 loss=0.000189
2026-09-07 08:12:26,516 | INFO | DIN step=24900 loss=0.000018
2026-09-07 08:12:27,126 | INFO | DIN step=25000 loss=0.000495
2026-09-07 08:12:27,736 | INFO | DIN step=25100 loss=0.001042
2026-09-07 08:12:28,358 | INFO | DIN step=25200 loss=0.000066
2026-09-07 08:12:28,996 | INFO | DIN step=25300 loss=0.000347
2026-09-07 08:12:29,637 | INFO | DIN step=25400 loss=0.000743
2026-09-07 08:12:30,273 | INFO | DIN step=25500 loss=0.000100
2026-09-07 08:12:30,916 | INFO | DIN step=25600 loss=0.000319
2026-09-07 08:12:31,556 | INFO | DIN step=25700 loss=0.000498
2026-09-07 08:12:32,196 | INFO | DIN step=25800 loss=0.000079
2026-09-07 08:12:32,808 | INFO | DIN step=25900 loss=0.000033
2026-09-07 08:12:33,418 | INFO | DIN step=26000 loss=0.000251
2026-09-07 08:12:34,027 | INFO | DIN step=26100 loss=0.000046
2026-09-07 08:12:34,636 | INFO | DIN step=26200 loss=0.000024
2026-09-07 08:12:35,248 | INFO | DIN step=26300 loss=0.000190
2026-09-07 08:12:35,856 | INFO | DIN step=26400 loss=0.000673
2026-09-07 08:12:36,467 | INFO | DIN step=26500 loss=0.000132
2026-09-07 08:12:37,079 | INFO | DIN step=26600 loss=0.000036
2026-09-07 08:12:37,687 | INFO | DIN step=26700 loss=0.000168
2026-09-07 08:12:38,298 | INFO | DIN step=26800 loss=0.000028
2026-09-07 08:12:38,907 | INFO | DIN step=26900 loss=0.000206
2026-09-07 08:12:39,516 | INFO | DIN step=27000 loss=0.000028
2026-09-07 08:12:40,126 | INFO | DIN step=27100 loss=0.000182
2026-09-07 08:12:40,738 | INFO | DIN step=27200 loss=0.000182
2026-09-07 08:12:41,346 | INFO | DIN step=27300 loss=0.000439
2026-09-07 08:12:41,957 | INFO | DIN step=27400 loss=0.001064
2026-09-07 08:12:42,568 | INFO | DIN step=27500 loss=0.000082
2026-09-07 08:12:43,176 | INFO | DIN step=27600 loss=0.000163
2026-09-07 08:12:43,787 | INFO | DIN step=27700 loss=0.000644
2026-09-07 08:12:44,409 | INFO | DIN step=27800 loss=0.000500
2026-09-07 08:12:45,048 | INFO | DIN step=27900 loss=0.000029
2026-09-07 08:12:45,689 | INFO | DIN step=28000 loss=0.000156
2026-09-07 08:12:46,311 | INFO | DIN step=28100 loss=0.000051
2026-09-07 08:12:46,920 | INFO | DIN step=28200 loss=0.000061
2026-09-07 08:12:47,531 | INFO | DIN step=28300 loss=0.000273
2026-09-07 08:12:48,142 | INFO | DIN step=28400 loss=0.000319
2026-09-07 08:12:48,751 | INFO | DIN step=28500 loss=0.000740
2026-09-07 08:12:49,363 | INFO | DIN step=28600 loss=0.000207
2026-09-07 08:12:49,974 | INFO | DIN step=28700 loss=0.000139
2026-09-07 08:12:50,580 | INFO | DIN step=28800 loss=0.000027
2026-09-07 08:12:51,191 | INFO | DIN step=28900 loss=0.000272
2026-09-07 08:12:51,801 | INFO | DIN step=29000 loss=0.000068
2026-09-07 08:12:52,409 | INFO | DIN step=29100 loss=0.000097
2026-09-07 08:12:53,020 | INFO | DIN step=29200 loss=0.000348
2026-09-07 08:12:53,631 | INFO | DIN step=29300 loss=0.000088
2026-09-07 08:12:54,239 | INFO | DIN step=29400 loss=0.000472
2026-09-07 08:12:54,850 | INFO | DIN step=29500 loss=0.000261
2026-09-07 08:12:55,460 | INFO | DIN step=29600 loss=0.000762
2026-09-07 08:12:56,069 | INFO | DIN step=29700 loss=0.000132
2026-09-07 08:12:56,680 | INFO | DIN step=29800 loss=0.000023
2026-09-07 08:12:57,290 | INFO | DIN step=29900 loss=0.000227
2026-09-07 08:12:57,899 | INFO | DIN step=30000 loss=0.000303
2026-09-07 08:12:57,904 | INFO | DIN_CACHE saved path=/workspace/P78123011/cache/eager/amazon-all-beauty/din_steps30000_seed2024.pt
2026-09-07 08:13:15,816 | INFO | TRAIN step=100 loss=8.235240 lr=5.0095e-05
2026-09-07 08:13:17,415 | INFO | TRAIN step=200 loss=7.745921 lr=0.00010009
2026-09-07 08:13:19,001 | INFO | TRAIN step=300 loss=7.329818 lr=0.000150085
2026-09-07 08:13:21,166 | INFO | VALID step=300 ndcg@10=0.004513 metrics={"evaluated_users": 1457, "hit@10": 0.008236101578586136, "hit@5": 0.004804392587508579, "ndcg@10": 0.004513032360588134, "ndcg@5": 0.003456118820598489, "recall@10": 0.008236101578586136, "recall@5": 0.004804392587508579, "users_per_second": 674.2179319199572}
2026-09-07 08:13:22,686 | INFO | TRAIN step=400 loss=7.013247 lr=0.00020008
2026-09-07 08:13:24,231 | INFO | TRAIN step=500 loss=6.552025 lr=0.000250075
2026-09-07 08:13:25,708 | INFO | TRAIN step=600 loss=5.905487 lr=0.00030007
2026-09-07 08:13:28,054 | INFO | VALID step=600 ndcg@10=0.006194 metrics={"evaluated_users": 1457, "hit@10": 0.013040494166094716, "hit@5": 0.0075497597803706245, "ndcg@10": 0.0061943929028265956, "ndcg@5": 0.004497836432682222, "recall@10": 0.013040494166094716, "recall@5": 0.0075497597803706245, "users_per_second": 622.2162152322253}
2026-09-07 08:13:29,578 | INFO | TRAIN step=700 loss=5.130782 lr=0.000350065
2026-09-07 08:13:31,103 | INFO | TRAIN step=800 loss=4.330696 lr=0.00040006
2026-09-07 08:13:32,608 | INFO | TRAIN step=900 loss=3.558984 lr=0.000450055
2026-09-07 08:13:34,955 | INFO | VALID step=900 ndcg@10=0.007915 metrics={"evaluated_users": 1457, "hit@10": 0.015099519560741249, "hit@5": 0.01098146877144818, "ndcg@10": 0.007915453262429723, "ndcg@5": 0.006619851860768781, "recall@10": 0.015099519560741249, "recall@5": 0.01098146877144818, "users_per_second": 621.8357235286468}
2026-09-07 08:13:36,400 | INFO | TRAIN step=1000 loss=2.857483 lr=0.00050005
2026-09-07 08:13:37,835 | INFO | TRAIN step=1100 loss=2.253581 lr=0.000550045
2026-09-07 08:13:39,327 | INFO | TRAIN step=1200 loss=1.759764 lr=0.00060004
2026-09-07 08:13:41,676 | INFO | VALID step=1200 ndcg@10=0.008525 metrics={"evaluated_users": 1457, "hit@10": 0.017844886753603295, "hit@5": 0.009608785175017159, "ndcg@10": 0.008525137914438452, "ndcg@5": 0.005853018525278135, "recall@10": 0.017844886753603295, "recall@5": 0.009608785175017159, "users_per_second": 621.0697056120628}
2026-09-07 08:13:43,192 | INFO | TRAIN step=1300 loss=1.351590 lr=0.000650035
2026-09-07 08:13:44,697 | INFO | TRAIN step=1400 loss=1.043747 lr=0.00070003
2026-09-07 08:13:46,203 | INFO | TRAIN step=1500 loss=0.821138 lr=0.000750025
2026-09-07 08:13:48,553 | INFO | VALID step=1500 ndcg@10=0.008151 metrics={"evaluated_users": 1457, "hit@10": 0.017158544955387784, "hit@5": 0.008922443376801648, "ndcg@10": 0.00815075118253613, "ndcg@5": 0.00549197446897556, "recall@10": 0.017158544955387784, "recall@5": 0.008922443376801648, "users_per_second": 621.1293955718573}
2026-09-07 08:13:50,032 | INFO | TRAIN step=1600 loss=0.649243 lr=0.00080002
2026-09-07 08:13:51,537 | INFO | TRAIN step=1700 loss=0.531569 lr=0.000850015
2026-09-07 08:13:53,036 | INFO | TRAIN step=1800 loss=0.441915 lr=0.00090001
2026-09-07 08:13:55,384 | INFO | VALID step=1800 ndcg@10=0.008561 metrics={"evaluated_users": 1457, "hit@10": 0.015785861358956762, "hit@5": 0.01098146877144818, "ndcg@10": 0.008560914283078728, "ndcg@5": 0.00697239378510755, "recall@10": 0.015785861358956762, "recall@5": 0.01098146877144818, "users_per_second": 621.574680097499}
2026-09-07 08:13:56,830 | INFO | TRAIN step=1900 loss=0.383474 lr=0.000950005
2026-09-07 08:13:58,286 | INFO | TRAIN step=2000 loss=0.341703 lr=0.001
2026-09-07 08:13:59,832 | INFO | TRAIN step=2100 loss=0.305267 lr=0.00097590007
2026-09-07 08:14:02,180 | INFO | VALID step=2100 ndcg@10=0.009321 metrics={"evaluated_users": 1457, "hit@10": 0.017844886753603295, "hit@5": 0.012354152367879203, "ndcg@10": 0.00932059760797669, "ndcg@5": 0.007509088530266051, "recall@10": 0.017844886753603295, "recall@5": 0.012354152367879203, "users_per_second": 621.6306339982704}
2026-09-07 08:14:03,667 | INFO | TRAIN step=2200 loss=0.267830 lr=0.00095346259
2026-09-07 08:14:05,172 | INFO | TRAIN step=2300 loss=0.225481 lr=0.00093250481
2026-09-07 08:14:06,678 | INFO | TRAIN step=2400 loss=0.199999 lr=0.00091287093
2026-09-07 08:14:09,027 | INFO | VALID step=2400 ndcg@10=0.007188 metrics={"evaluated_users": 1457, "hit@10": 0.013726835964310227, "hit@5": 0.0075497597803706245, "ndcg@10": 0.007187564530727395, "ndcg@5": 0.005154471812302157, "recall@10": 0.013726835964310227, "recall@5": 0.0075497597803706245, "users_per_second": 621.2883042750709}
2026-09-07 08:14:10,537 | INFO | TRAIN step=2500 loss=0.164098 lr=0.00089442719
2026-09-07 08:14:12,000 | INFO | TRAIN step=2600 loss=0.146558 lr=0.00087705802
2026-09-07 08:14:13,559 | INFO | TRAIN step=2700 loss=0.140429 lr=0.00086066297
2026-09-07 08:14:15,909 | INFO | VALID step=2700 ndcg@10=0.008309 metrics={"evaluated_users": 1457, "hit@10": 0.015785861358956762, "hit@5": 0.01098146877144818, "ndcg@10": 0.00830914079891735, "ndcg@5": 0.006732884169544392, "recall@10": 0.015785861358956762, "recall@5": 0.01098146877144818, "users_per_second": 621.1102667615557}
2026-09-07 08:14:17,351 | INFO | TRAIN step=2800 loss=0.129627 lr=0.00084515425
2026-09-07 08:14:18,787 | INFO | TRAIN step=2900 loss=0.115492 lr=0.0008304548
2026-09-07 08:14:20,225 | INFO | TRAIN step=3000 loss=0.109510 lr=0.00081649658
2026-09-07 08:14:22,576 | INFO | VALID step=3000 ndcg@10=0.010831 metrics={"evaluated_users": 1457, "hit@10": 0.01990391214824983, "hit@5": 0.009608785175017159, "ndcg@10": 0.010831310801419724, "ndcg@5": 0.007509088530266051, "recall@10": 0.01990391214824983, "recall@5": 0.009608785175017159, "users_per_second": 620.8522271715751}
2026-09-07 08:14:24,020 | INFO | TRAIN step=3100 loss=0.102967 lr=0.00080321933
2026-09-07 08:14:25,454 | INFO | TRAIN step=3200 loss=0.101611 lr=0.00079056942
2026-09-07 08:14:26,890 | INFO | TRAIN step=3300 loss=0.096195 lr=0.00077849894
2026-09-07 08:14:29,243 | INFO | VALID step=3300 ndcg@10=0.011378 metrics={"evaluated_users": 1457, "hit@10": 0.02059025394646534, "hit@5": 0.012354152367879203, "ndcg@10": 0.01137791742485375, "ndcg@5": 0.008670746776811218, "recall@10": 0.02059025394646534, "recall@5": 0.012354152367879203, "users_per_second": 620.2027759514042}
2026-09-07 08:14:30,693 | INFO | TRAIN step=3400 loss=0.091140 lr=0.00076696499
2026-09-07 08:14:32,131 | INFO | TRAIN step=3500 loss=0.089814 lr=0.00075592895
2026-09-07 08:14:33,573 | INFO | TRAIN step=3600 loss=0.090324 lr=0.00074535599
2026-09-07 08:14:35,923 | INFO | VALID step=3600 ndcg@10=0.009890 metrics={"evaluated_users": 1457, "hit@10": 0.017844886753603295, "hit@5": 0.013040494166094716, "ndcg@10": 0.00988970576788086, "ndcg@5": 0.008339780792463928, "recall@10": 0.017844886753603295, "recall@5": 0.013040494166094716, "users_per_second": 621.0114353256098}
2026-09-07 08:14:37,535 | INFO | TRAIN step=3700 loss=0.081358 lr=0.00073521462
2026-09-07 08:14:39,034 | INFO | TRAIN step=3800 loss=0.079460 lr=0.00072547625
2026-09-07 08:14:40,536 | INFO | TRAIN step=3900 loss=0.076891 lr=0.00071611487
2026-09-07 08:14:42,886 | INFO | VALID step=3900 ndcg@10=0.010012 metrics={"evaluated_users": 1457, "hit@10": 0.019217570350034317, "hit@5": 0.01098146877144818, "ndcg@10": 0.010012024077221167, "ndcg@5": 0.00743550531867674, "recall@10": 0.019217570350034317, "recall@5": 0.01098146877144818, "users_per_second": 620.9359819441821}
2026-09-07 08:14:44,399 | INFO | TRAIN step=4000 loss=0.078510 lr=0.00070710678
2026-09-07 08:14:45,878 | INFO | TRAIN step=4100 loss=0.077938 lr=0.0006984303
2026-09-07 08:14:47,332 | INFO | TRAIN step=4200 loss=0.072512 lr=0.00069006556
2026-09-07 08:14:49,683 | INFO | VALID step=4200 ndcg@10=0.009062 metrics={"evaluated_users": 1457, "hit@10": 0.017158544955387784, "hit@5": 0.01098146877144818, "ndcg@10": 0.0090622343672073, "ndcg@5": 0.007040680407622217, "recall@10": 0.017158544955387784, "recall@5": 0.01098146877144818, "users_per_second": 620.7823818449675}
2026-09-07 08:14:51,118 | INFO | TRAIN step=4300 loss=0.067474 lr=0.00068199434
2026-09-07 08:14:52,551 | INFO | TRAIN step=4400 loss=0.063476 lr=0.00067419986
2026-09-07 08:14:54,013 | INFO | TRAIN step=4500 loss=0.063961 lr=0.00066666667
2026-09-07 08:14:56,362 | INFO | VALID step=4500 ndcg@10=0.009092 metrics={"evaluated_users": 1457, "hit@10": 0.017844886753603295, "hit@5": 0.01029512697323267, "ndcg@10": 0.009092333507709365, "ndcg@5": 0.006659300957955081, "recall@10": 0.017844886753603295, "recall@5": 0.01029512697323267, "users_per_second": 621.0547254042482}
2026-09-07 08:14:57,868 | INFO | TRAIN step=4600 loss=0.060269 lr=0.00065938047
2026-09-07 08:14:59,316 | INFO | TRAIN step=4700 loss=0.059297 lr=0.00065232807
2026-09-07 08:15:00,751 | INFO | TRAIN step=4800 loss=0.060422 lr=0.00064549722
2026-09-07 08:15:03,103 | INFO | VALID step=4800 ndcg@10=0.009198 metrics={"evaluated_users": 1457, "hit@10": 0.015785861358956762, "hit@5": 0.011667810569663692, "ndcg@10": 0.009197738059319484, "ndcg@5": 0.007912043919924668, "recall@10": 0.015785861358956762, "recall@5": 0.011667810569663692, "users_per_second": 620.434140410769}
2026-09-07 08:15:04,585 | INFO | TRAIN step=4900 loss=0.061433 lr=0.00063887656
2026-09-07 08:15:06,092 | INFO | TRAIN step=5000 loss=0.060714 lr=0.00063245553
2026-09-07 08:15:07,607 | INFO | TRAIN step=5100 loss=0.055418 lr=0.00062622429
2026-09-07 08:15:09,959 | INFO | VALID step=5100 ndcg@10=0.008606 metrics={"evaluated_users": 1457, "hit@10": 0.015785861358956762, "hit@5": 0.012354152367879203, "ndcg@10": 0.008606393673059378, "ndcg@5": 0.007499345851675327, "recall@10": 0.015785861358956762, "recall@5": 0.012354152367879203, "users_per_second": 620.5130228330017}
2026-09-07 08:15:11,461 | INFO | TRAIN step=5200 loss=0.051405 lr=0.00062017367
2026-09-07 08:15:12,963 | INFO | TRAIN step=5300 loss=0.050937 lr=0.00061429512
2026-09-07 08:15:14,585 | INFO | TRAIN step=5400 loss=0.051147 lr=0.00060858062
2026-09-07 08:15:16,935 | INFO | VALID step=5400 ndcg@10=0.008621 metrics={"evaluated_users": 1457, "hit@10": 0.016472203157172273, "hit@5": 0.009608785175017159, "ndcg@10": 0.008621449562474006, "ndcg@5": 0.006371840113241816, "recall@10": 0.016472203157172273, "recall@5": 0.009608785175017159, "users_per_second": 620.8663902885687}
2026-09-07 08:15:18,372 | INFO | TRAIN step=5500 loss=0.049980 lr=0.00060302269
2026-09-07 08:15:19,834 | INFO | TRAIN step=5600 loss=0.049927 lr=0.0005976143
2026-09-07 08:15:21,342 | INFO | TRAIN step=5700 loss=0.044273 lr=0.00059234888
2026-09-07 08:15:23,687 | INFO | VALID step=5700 ndcg@10=0.008512 metrics={"evaluated_users": 1457, "hit@10": 0.015099519560741249, "hit@5": 0.009608785175017159, "ndcg@10": 0.008511674382760423, "ndcg@5": 0.006754460109535871, "recall@10": 0.015099519560741249, "recall@5": 0.009608785175017159, "users_per_second": 622.4040976363506}
2026-09-07 08:15:25,198 | INFO | TRAIN step=5800 loss=0.044378 lr=0.00058722022
2026-09-07 08:15:26,698 | INFO | TRAIN step=5900 loss=0.043243 lr=0.00058222251
2026-09-07 08:15:28,205 | INFO | TRAIN step=6000 loss=0.043257 lr=0.00057735027
2026-09-07 08:15:30,557 | INFO | VALID step=6000 ndcg@10=0.009681 metrics={"evaluated_users": 1457, "hit@10": 0.018531228551818806, "hit@5": 0.01029512697323267, "ndcg@10": 0.009681170250637756, "ndcg@5": 0.007019973360897945, "recall@10": 0.018531228551818806, "recall@5": 0.01029512697323267, "users_per_second": 620.5799141787667}
2026-09-07 08:15:32,058 | INFO | TRAIN step=6100 loss=0.044879 lr=0.00057259833
2026-09-07 08:15:33,563 | INFO | TRAIN step=6200 loss=0.041090 lr=0.00056796183
2026-09-07 08:15:35,009 | INFO | TRAIN step=6300 loss=0.044842 lr=0.00056343617
2026-09-07 08:15:37,361 | INFO | VALID step=6300 ndcg@10=0.008021 metrics={"evaluated_users": 1457, "hit@10": 0.015785861358956762, "hit@5": 0.008922443376801648, "ndcg@10": 0.008021336814159107, "ndcg@5": 0.005822940453322848, "recall@10": 0.015785861358956762, "recall@5": 0.008922443376801648, "users_per_second": 620.6473261839699}
2026-09-07 08:15:38,798 | INFO | TRAIN step=6400 loss=0.042992 lr=0.00055901699
2026-09-07 08:15:40,234 | INFO | TRAIN step=6500 loss=0.038446 lr=0.0005547002
2026-09-07 08:15:41,668 | INFO | TRAIN step=6600 loss=0.036809 lr=0.00055048188
2026-09-07 08:15:44,019 | INFO | VALID step=6600 ndcg@10=0.011105 metrics={"evaluated_users": 1457, "hit@10": 0.01990391214824983, "hit@5": 0.013040494166094716, "ndcg@10": 0.01110520658221378, "ndcg@5": 0.008944390506777387, "recall@10": 0.01990391214824983, "recall@5": 0.013040494166094716, "users_per_second": 620.8147085804839}
2026-09-07 08:15:45,458 | INFO | TRAIN step=6700 loss=0.036944 lr=0.00054635836
2026-09-07 08:15:46,893 | INFO | TRAIN step=6800 loss=0.039214 lr=0.00054232614
2026-09-07 08:15:48,327 | INFO | TRAIN step=6900 loss=0.039838 lr=0.0005383819
2026-09-07 08:15:50,678 | INFO | VALID step=6900 ndcg@10=0.009517 metrics={"evaluated_users": 1457, "hit@10": 0.015785861358956762, "hit@5": 0.009608785175017159, "ndcg@10": 0.009517455412222936, "ndcg@5": 0.0075566681060564465, "recall@10": 0.015785861358956762, "recall@5": 0.009608785175017159, "users_per_second": 620.6340553642817}
2026-09-07 08:15:52,124 | INFO | TRAIN step=7000 loss=0.036642 lr=0.00053452248
2026-09-07 08:15:53,667 | INFO | TRAIN step=7100 loss=0.037896 lr=0.00053074489
2026-09-07 08:15:55,099 | INFO | TRAIN step=7200 loss=0.034907 lr=0.00052704628
2026-09-07 08:15:57,451 | INFO | VALID step=7200 ndcg@10=0.008434 metrics={"evaluated_users": 1457, "hit@10": 0.015099519560741249, "hit@5": 0.01029512697323267, "ndcg@10": 0.00843448365229108, "ndcg@5": 0.006860583629250211, "recall@10": 0.015099519560741249, "recall@5": 0.01029512697323267, "users_per_second": 620.5343976378742}
2026-09-07 08:15:58,887 | INFO | TRAIN step=7300 loss=0.036351 lr=0.00052342392
2026-09-07 08:16:00,323 | INFO | TRAIN step=7400 loss=0.034946 lr=0.00051987524
2026-09-07 08:16:01,758 | INFO | TRAIN step=7500 loss=0.034811 lr=0.00051639778
2026-09-07 08:16:04,110 | INFO | VALID step=7500 ndcg@10=0.007754 metrics={"evaluated_users": 1457, "hit@10": 0.014413177762525738, "hit@5": 0.01098146877144818, "ndcg@10": 0.007754331211657168, "ndcg@5": 0.00664142780076026, "recall@10": 0.014413177762525738, "recall@5": 0.01098146877144818, "users_per_second": 620.6269456628819}
2026-09-07 08:16:05,551 | INFO | TRAIN step=7600 loss=0.028780 lr=0.00051298918
2026-09-07 08:16:06,987 | INFO | TRAIN step=7700 loss=0.032200 lr=0.00050964719
2026-09-07 08:16:08,424 | INFO | TRAIN step=7800 loss=0.030152 lr=0.00050636968
2026-09-07 08:16:10,776 | INFO | VALID step=7800 ndcg@10=0.006962 metrics={"evaluated_users": 1457, "hit@10": 0.013726835964310227, "hit@5": 0.008922443376801648, "ndcg@10": 0.006962315797512179, "ndcg@5": 0.00540248355982912, "recall@10": 0.013726835964310227, "recall@5": 0.008922443376801648, "users_per_second": 620.5419546710385}
2026-09-07 08:16:12,221 | INFO | TRAIN step=7900 loss=0.027613 lr=0.00050315461
2026-09-07 08:16:13,659 | INFO | TRAIN step=8000 loss=0.029260 lr=0.0005
2026-09-07 08:16:15,095 | INFO | TRAIN step=8100 loss=0.030886 lr=0.00049690399
2026-09-07 08:16:17,446 | INFO | VALID step=8100 ndcg@10=0.007478 metrics={"evaluated_users": 1457, "hit@10": 0.013040494166094716, "hit@5": 0.0075497597803706245, "ndcg@10": 0.007477687236526761, "ndcg@5": 0.005665162921661742, "recall@10": 0.013040494166094716, "recall@5": 0.0075497597803706245, "users_per_second": 620.7837244758346}
2026-09-07 08:16:18,883 | INFO | TRAIN step=8200 loss=0.030176 lr=0.0004938648
2026-09-07 08:16:20,318 | INFO | TRAIN step=8300 loss=0.028173 lr=0.00049088069
2026-09-07 08:16:21,758 | INFO | TRAIN step=8400 loss=0.028326 lr=0.00048795004
2026-09-07 08:16:24,112 | INFO | VALID step=8400 ndcg@10=0.007554 metrics={"evaluated_users": 1457, "hit@10": 0.015099519560741249, "hit@5": 0.008922443376801648, "ndcg@10": 0.007553567714338023, "ndcg@5": 0.005611915103436994, "recall@10": 0.015099519560741249, "recall@5": 0.008922443376801648, "users_per_second": 619.843718885769}
2026-09-07 08:16:25,550 | INFO | TRAIN step=8500 loss=0.030976 lr=0.00048507125
2026-09-07 08:16:26,984 | INFO | TRAIN step=8600 loss=0.028419 lr=0.00048224282
2026-09-07 08:16:28,527 | INFO | TRAIN step=8700 loss=0.029025 lr=0.0004794633
2026-09-07 08:16:30,878 | INFO | VALID step=8700 ndcg@10=0.008124 metrics={"evaluated_users": 1457, "hit@10": 0.017158544955387784, "hit@5": 0.0075497597803706245, "ndcg@10": 0.008123658423382312, "ndcg@5": 0.0049694500982152175, "recall@10": 0.017158544955387784, "recall@5": 0.0075497597803706245, "users_per_second": 620.767059193653}
2026-09-07 08:16:32,314 | INFO | TRAIN step=8800 loss=0.028523 lr=0.00047673129
2026-09-07 08:16:33,747 | INFO | TRAIN step=8900 loss=0.024039 lr=0.00047404546
2026-09-07 08:16:35,181 | INFO | TRAIN step=9000 loss=0.024981 lr=0.00047140452
2026-09-07 08:16:37,530 | INFO | VALID step=9000 ndcg@10=0.007552 metrics={"evaluated_users": 1457, "hit@10": 0.014413177762525738, "hit@5": 0.009608785175017159, "ndcg@10": 0.007552456024327308, "ndcg@5": 0.006050245154125541, "recall@10": 0.014413177762525738, "recall@5": 0.009608785175017159, "users_per_second": 621.1501081366856}
2026-09-07 08:16:38,968 | INFO | TRAIN step=9100 loss=0.026564 lr=0.00046880723
2026-09-07 08:16:40,401 | INFO | TRAIN step=9200 loss=0.023693 lr=0.0004662524
2026-09-07 08:16:41,834 | INFO | TRAIN step=9300 loss=0.023493 lr=0.0004637389
2026-09-07 08:16:44,186 | INFO | VALID step=9300 ndcg@10=0.007041 metrics={"evaluated_users": 1457, "hit@10": 0.015099519560741249, "hit@5": 0.008236101578586136, "ndcg@10": 0.0070405153826369506, "ndcg@5": 0.004909293954304645, "recall@10": 0.015099519560741249, "recall@5": 0.008236101578586136, "users_per_second": 620.6241522015924}
2026-09-07 08:16:45,624 | INFO | TRAIN step=9400 loss=0.027699 lr=0.0004612656
2026-09-07 08:16:47,059 | INFO | TRAIN step=9500 loss=0.026476 lr=0.00045883147
2026-09-07 08:16:48,493 | INFO | TRAIN step=9600 loss=0.024871 lr=0.00045643546
2026-09-07 08:16:50,845 | INFO | VALID step=9600 ndcg@10=0.008180 metrics={"evaluated_users": 1457, "hit@10": 0.016472203157172273, "hit@5": 0.0068634179821551134, "ndcg@10": 0.008180329207890951, "ndcg@5": 0.005082110753631119, "recall@10": 0.016472203157172273, "recall@5": 0.0068634179821551134, "users_per_second": 620.6209632399692}
2026-09-07 08:16:52,283 | INFO | TRAIN step=9700 loss=0.023316 lr=0.00045407661
2026-09-07 08:16:53,717 | INFO | TRAIN step=9800 loss=0.025053 lr=0.00045175395
2026-09-07 08:16:55,150 | INFO | TRAIN step=9900 loss=0.024800 lr=0.00044946657
2026-09-07 08:16:57,507 | INFO | VALID step=9900 ndcg@10=0.007015 metrics={"evaluated_users": 1457, "hit@10": 0.013726835964310227, "hit@5": 0.0068634179821551134, "ndcg@10": 0.007015015487136349, "ndcg@5": 0.004691360278732968, "recall@10": 0.013726835964310227, "recall@5": 0.0068634179821551134, "users_per_second": 619.3708491593071}
2026-09-07 08:16:58,944 | INFO | TRAIN step=10000 loss=0.023353 lr=0.0004472136
2026-09-07 08:17:00,380 | INFO | TRAIN step=10100 loss=0.022888 lr=0.00044499416
2026-09-07 08:17:01,816 | INFO | TRAIN step=10200 loss=0.020212 lr=0.00044280744
2026-09-07 08:17:04,168 | INFO | VALID step=10200 ndcg@10=0.009834 metrics={"evaluated_users": 1457, "hit@10": 0.017844886753603295, "hit@5": 0.013040494166094716, "ndcg@10": 0.009834190737684795, "ndcg@5": 0.008197892564651305, "recall@10": 0.017844886753603295, "recall@5": 0.013040494166094716, "users_per_second": 620.4814555709686}
2026-09-07 08:17:05,607 | INFO | TRAIN step=10300 loss=0.021729 lr=0.00044065265
2026-09-07 08:17:07,150 | INFO | TRAIN step=10400 loss=0.023362 lr=0.00043852901
2026-09-07 08:17:08,583 | INFO | TRAIN step=10500 loss=0.022885 lr=0.00043643578
2026-09-07 08:17:10,936 | INFO | VALID step=10500 ndcg@10=0.008020 metrics={"evaluated_users": 1457, "hit@10": 0.014413177762525738, "hit@5": 0.008922443376801648, "ndcg@10": 0.008020305702017191, "ndcg@5": 0.006123828365714853, "recall@10": 0.014413177762525738, "recall@5": 0.008922443376801648, "users_per_second": 620.5035098016513}
2026-09-07 08:17:12,371 | INFO | TRAIN step=10600 loss=0.021390 lr=0.00043437224
2026-09-07 08:17:13,806 | INFO | TRAIN step=10700 loss=0.023254 lr=0.0004323377
2026-09-07 08:17:15,240 | INFO | TRAIN step=10800 loss=0.019378 lr=0.00043033148
2026-09-07 08:17:17,591 | INFO | VALID step=10800 ndcg@10=0.008268 metrics={"evaluated_users": 1457, "hit@10": 0.015785861358956762, "hit@5": 0.008922443376801648, "ndcg@10": 0.008268114347990454, "ndcg@5": 0.006088453704684924, "recall@10": 0.015785861358956762, "recall@5": 0.008922443376801648, "users_per_second": 620.6541603290368}
2026-09-07 08:17:19,026 | INFO | TRAIN step=10900 loss=0.019719 lr=0.00042835294
2026-09-07 08:17:20,459 | INFO | TRAIN step=11000 loss=0.022768 lr=0.00042640143
2026-09-07 08:17:21,892 | INFO | TRAIN step=11100 loss=0.019330 lr=0.00042447636
2026-09-07 08:17:24,244 | INFO | VALID step=11100 ndcg@10=0.006959 metrics={"evaluated_users": 1457, "hit@10": 0.013726835964310227, "hit@5": 0.009608785175017159, "ndcg@10": 0.006959144832488524, "ndcg@5": 0.005629788260631813, "recall@10": 0.013726835964310227, "recall@5": 0.009608785175017159, "users_per_second": 620.6618578020091}
2026-09-07 08:17:25,680 | INFO | TRAIN step=11200 loss=0.019479 lr=0.00042257713
2026-09-07 08:17:27,115 | INFO | TRAIN step=11300 loss=0.021769 lr=0.00042070316
2026-09-07 08:17:28,550 | INFO | TRAIN step=11400 loss=0.017809 lr=0.00041885391
2026-09-07 08:17:30,902 | INFO | VALID step=11400 ndcg@10=0.006969 metrics={"evaluated_users": 1457, "hit@10": 0.014413177762525738, "hit@5": 0.009608785175017159, "ndcg@10": 0.006968692255857345, "ndcg@5": 0.005422818953193683, "recall@10": 0.014413177762525738, "recall@5": 0.009608785175017159, "users_per_second": 620.5317241376397}
2026-09-07 08:17:32,341 | INFO | TRAIN step=11500 loss=0.018056 lr=0.00041702883
2026-09-07 08:17:33,776 | INFO | TRAIN step=11600 loss=0.018669 lr=0.0004152274
2026-09-07 08:17:35,210 | INFO | TRAIN step=11700 loss=0.021151 lr=0.00041344912
2026-09-07 08:17:37,563 | INFO | VALID step=11700 ndcg@10=0.006593 metrics={"evaluated_users": 1457, "hit@10": 0.013726835964310227, "hit@5": 0.008922443376801648, "ndcg@10": 0.006592922094786808, "ndcg@5": 0.005059312660721365, "recall@10": 0.013726835964310227, "recall@5": 0.008922443376801648, "users_per_second": 620.2003268361972}
2026-09-07 08:17:39,002 | INFO | TRAIN step=11800 loss=0.020662 lr=0.00041169348
2026-09-07 08:17:40,438 | INFO | TRAIN step=11900 loss=0.021705 lr=0.00040996003
2026-09-07 08:17:41,874 | INFO | TRAIN step=12000 loss=0.021425 lr=0.00040824829
2026-09-07 08:17:44,333 | INFO | VALID step=12000 ndcg@10=0.006582 metrics={"evaluated_users": 1457, "hit@10": 0.014413177762525738, "hit@5": 0.0068634179821551134, "ndcg@10": 0.006582363995235528, "ndcg@5": 0.004142460618814001, "recall@10": 0.014413177762525738, "recall@5": 0.0068634179821551134, "users_per_second": 620.5501692228753}
2026-09-07 08:17:45,772 | INFO | TRAIN step=12100 loss=0.021333 lr=0.00040655781
2026-09-07 08:17:47,206 | INFO | TRAIN step=12200 loss=0.017465 lr=0.00040488817
2026-09-07 08:17:48,642 | INFO | TRAIN step=12300 loss=0.017111 lr=0.00040323892
2026-09-07 08:17:50,993 | INFO | VALID step=12300 ndcg@10=0.006159 metrics={"evaluated_users": 1457, "hit@10": 0.012354152367879203, "hit@5": 0.008922443376801648, "ndcg@10": 0.006159468778168853, "ndcg@5": 0.005029234588766079, "recall@10": 0.012354152367879203, "recall@5": 0.008922443376801648, "users_per_second": 620.6285921820092}
2026-09-07 08:17:52,433 | INFO | TRAIN step=12400 loss=0.017595 lr=0.00040160966
2026-09-07 08:17:53,870 | INFO | TRAIN step=12500 loss=0.015839 lr=0.0004
2026-09-07 08:17:55,354 | INFO | TRAIN step=12600 loss=0.014992 lr=0.00039840954
2026-09-07 08:17:57,705 | INFO | VALID step=12600 ndcg@10=0.006675 metrics={"evaluated_users": 1457, "hit@10": 0.013726835964310227, "hit@5": 0.0075497597803706245, "ndcg@10": 0.006675126845876826, "ndcg@5": 0.004698640257778499, "recall@10": 0.013726835964310227, "recall@5": 0.0075497597803706245, "users_per_second": 620.7595454468054}
2026-09-07 08:17:59,219 | INFO | TRAIN step=12700 loss=0.015613 lr=0.0003968379
2026-09-07 08:18:00,715 | INFO | TRAIN step=12800 loss=0.016534 lr=0.00039528471
2026-09-07 08:18:02,152 | INFO | TRAIN step=12900 loss=0.018144 lr=0.00039374962
2026-09-07 08:18:04,503 | INFO | VALID step=12900 ndcg@10=0.007089 metrics={"evaluated_users": 1457, "hit@10": 0.015099519560741249, "hit@5": 0.008236101578586136, "ndcg@10": 0.007089175460285196, "ndcg@5": 0.004865788814670619, "recall@10": 0.015099519560741249, "recall@5": 0.008236101578586136, "users_per_second": 620.5878500786677}
2026-09-07 08:18:05,985 | INFO | TRAIN step=13000 loss=0.015847 lr=0.00039223227
2026-09-07 08:18:07,479 | INFO | TRAIN step=13100 loss=0.017705 lr=0.00039073233
2026-09-07 08:18:08,914 | INFO | TRAIN step=13200 loss=0.017761 lr=0.00038924947
2026-09-07 08:18:11,267 | INFO | VALID step=13200 ndcg@10=0.006081 metrics={"evaluated_users": 1457, "hit@10": 0.013040494166094716, "hit@5": 0.0075497597803706245, "ndcg@10": 0.00608123220081023, "ndcg@5": 0.004378267451580498, "recall@10": 0.013040494166094716, "recall@5": 0.0075497597803706245, "users_per_second": 620.3675320220549}
2026-09-07 08:18:12,704 | INFO | TRAIN step=13300 loss=0.014713 lr=0.00038778337
2026-09-07 08:18:14,170 | INFO | TRAIN step=13400 loss=0.015242 lr=0.0003863337
2026-09-07 08:18:15,684 | INFO | TRAIN step=13500 loss=0.015585 lr=0.00038490018
2026-09-07 08:18:18,035 | INFO | VALID step=13500 ndcg@10=0.007404 metrics={"evaluated_users": 1457, "hit@10": 0.013040494166094716, "hit@5": 0.008236101578586136, "ndcg@10": 0.007403801445021576, "ndcg@5": 0.00589652366491216, "recall@10": 0.013040494166094716, "recall@5": 0.008236101578586136, "users_per_second": 620.6870636160497}
2026-09-07 08:18:19,523 | INFO | TRAIN step=13600 loss=0.016021 lr=0.00038348249
2026-09-07 08:18:20,957 | INFO | TRAIN step=13700 loss=0.014966 lr=0.00038208036
2026-09-07 08:18:22,501 | INFO | TRAIN step=13800 loss=0.014215 lr=0.00038069349
2026-09-07 08:18:24,852 | INFO | VALID step=13800 ndcg@10=0.007131 metrics={"evaluated_users": 1457, "hit@10": 0.013040494166094716, "hit@5": 0.008236101578586136, "ndcg@10": 0.007130801107572614, "ndcg@5": 0.005631010413550087, "recall@10": 0.013040494166094716, "recall@5": 0.008236101578586136, "users_per_second": 620.7796061979175}
2026-09-07 08:18:26,287 | INFO | TRAIN step=13900 loss=0.013978 lr=0.00037932162
2026-09-07 08:18:27,721 | INFO | TRAIN step=14000 loss=0.015643 lr=0.00037796447
2026-09-07 08:18:29,154 | INFO | TRAIN step=14100 loss=0.016304 lr=0.00037662179
2026-09-07 08:18:31,506 | INFO | VALID step=14100 ndcg@10=0.006913 metrics={"evaluated_users": 1457, "hit@10": 0.014413177762525738, "hit@5": 0.008236101578586136, "ndcg@10": 0.006912784102190937, "ndcg@5": 0.004981655012975683, "recall@10": 0.014413177762525738, "recall@5": 0.008236101578586136, "users_per_second": 620.30114428512}
2026-09-07 08:18:32,945 | INFO | TRAIN step=14200 loss=0.014821 lr=0.00037529331
2026-09-07 08:18:34,382 | INFO | TRAIN step=14300 loss=0.013933 lr=0.0003739788
2026-09-07 08:18:35,815 | INFO | TRAIN step=14400 loss=0.015157 lr=0.000372678
2026-09-07 08:18:38,166 | INFO | VALID step=14400 ndcg@10=0.006167 metrics={"evaluated_users": 1457, "hit@10": 0.01098146877144818, "hit@5": 0.0068634179821551134, "ndcg@10": 0.006166745759243957, "ndcg@5": 0.004858880488984797, "recall@10": 0.01098146877144818, "recall@5": 0.0068634179821551134, "users_per_second": 620.8716790166515}
2026-09-07 08:18:39,601 | INFO | TRAIN step=14500 loss=0.013319 lr=0.00037139068
2026-09-07 08:18:41,035 | INFO | TRAIN step=14600 loss=0.012469 lr=0.00037011661
2026-09-07 08:18:42,471 | INFO | TRAIN step=14700 loss=0.013267 lr=0.00036885556
2026-09-07 08:18:44,823 | INFO | VALID step=14700 ndcg@10=0.007083 metrics={"evaluated_users": 1457, "hit@10": 0.014413177762525738, "hit@5": 0.0075497597803706245, "ndcg@10": 0.0070826110222741955, "ndcg@5": 0.004957245183454751, "recall@10": 0.014413177762525738, "recall@5": 0.0075497597803706245, "users_per_second": 620.2511397967094}
2026-09-07 08:18:46,262 | INFO | TRAIN step=14800 loss=0.014849 lr=0.00036760731
2026-09-07 08:18:47,698 | INFO | TRAIN step=14900 loss=0.014408 lr=0.00036637165
2026-09-07 08:18:49,133 | INFO | TRAIN step=15000 loss=0.014289 lr=0.00036514837
2026-09-07 08:18:51,485 | INFO | VALID step=15000 ndcg@10=0.007348 metrics={"evaluated_users": 1457, "hit@10": 0.013040494166094716, "hit@5": 0.008922443376801648, "ndcg@10": 0.007347762238567741, "ndcg@5": 0.005998591142178775, "recall@10": 0.013040494166094716, "recall@5": 0.008922443376801648, "users_per_second": 620.5135017778989}
2026-09-07 08:18:52,924 | INFO | TRAIN step=15100 loss=0.012530 lr=0.00036393726
2026-09-07 08:18:54,359 | INFO | TRAIN step=15200 loss=0.013543 lr=0.00036273813
2026-09-07 08:18:55,794 | INFO | TRAIN step=15300 loss=0.013570 lr=0.00036155076
2026-09-07 08:18:58,145 | INFO | VALID step=15300 ndcg@10=0.007124 metrics={"evaluated_users": 1457, "hit@10": 0.014413177762525738, "hit@5": 0.008236101578586136, "ndcg@10": 0.007124157399408634, "ndcg@5": 0.0050589410073616555, "recall@10": 0.014413177762525738, "recall@5": 0.008236101578586136, "users_per_second": 620.6614523754984}
2026-09-07 08:18:59,692 | INFO | TRAIN step=15400 loss=0.012394 lr=0.00036037499
2026-09-07 08:19:01,126 | INFO | TRAIN step=15500 loss=0.014929 lr=0.0003592106
2026-09-07 08:19:02,560 | INFO | TRAIN step=15600 loss=0.012719 lr=0.00035805744
2026-09-07 08:19:04,912 | INFO | VALID step=15600 ndcg@10=0.007068 metrics={"evaluated_users": 1457, "hit@10": 0.015099519560741249, "hit@5": 0.0061770761839396015, "ndcg@10": 0.007067947298413677, "ndcg@5": 0.0041302557040535344, "recall@10": 0.015099519560741249, "recall@5": 0.0061770761839396015, "users_per_second": 620.3408316184596}
2026-09-07 08:19:06,351 | INFO | TRAIN step=15700 loss=0.013446 lr=0.00035691531
2026-09-07 08:19:07,822 | INFO | TRAIN step=15800 loss=0.012691 lr=0.00035578403
2026-09-07 08:19:09,334 | INFO | TRAIN step=15900 loss=0.011588 lr=0.00035466345
2026-09-07 08:19:11,688 | INFO | VALID step=15900 ndcg@10=0.008216 metrics={"evaluated_users": 1457, "hit@10": 0.017844886753603295, "hit@5": 0.009608785175017159, "ndcg@10": 0.008215865145170824, "ndcg@5": 0.005625342171115734, "recall@10": 0.017844886753603295, "recall@5": 0.009608785175017159, "users_per_second": 620.1257015320084}
2026-09-07 08:19:13,126 | INFO | TRAIN step=16000 loss=0.011403 lr=0.00035355339
2026-09-07 08:19:14,560 | INFO | TRAIN step=16100 loss=0.010391 lr=0.00035245369
2026-09-07 08:19:15,992 | INFO | TRAIN step=16200 loss=0.012345 lr=0.00035136418
2026-09-07 08:19:18,344 | INFO | VALID step=16200 ndcg@10=0.007655 metrics={"evaluated_users": 1457, "hit@10": 0.015099519560741249, "hit@5": 0.01029512697323267, "ndcg@10": 0.0076547259705602964, "ndcg@5": 0.006108789098049484, "recall@10": 0.015099519560741249, "recall@5": 0.01029512697323267, "users_per_second": 620.5600486091631}
2026-09-07 08:19:19,782 | INFO | TRAIN step=16300 loss=0.012445 lr=0.00035028472
2026-09-07 08:19:21,217 | INFO | TRAIN step=16400 loss=0.011531 lr=0.00034921515
2026-09-07 08:19:22,651 | INFO | TRAIN step=16500 loss=0.012865 lr=0.00034815531
2026-09-07 08:19:25,003 | INFO | VALID step=16500 ndcg@10=0.007728 metrics={"evaluated_users": 1457, "hit@10": 0.014413177762525738, "hit@5": 0.009608785175017159, "ndcg@10": 0.007728117465376642, "ndcg@5": 0.006183984509625424, "recall@10": 0.014413177762525738, "recall@5": 0.009608785175017159, "users_per_second": 620.3917781921517}
2026-09-07 08:19:26,441 | INFO | TRAIN step=16600 loss=0.011890 lr=0.00034710507
2026-09-07 08:19:27,876 | INFO | TRAIN step=16700 loss=0.011182 lr=0.00034606427
2026-09-07 08:19:29,311 | INFO | TRAIN step=16800 loss=0.012967 lr=0.00034503278
2026-09-07 08:19:31,663 | INFO | VALID step=16800 ndcg@10=0.006470 metrics={"evaluated_users": 1457, "hit@10": 0.013726835964310227, "hit@5": 0.0068634179821551134, "ndcg@10": 0.006469816245213347, "ndcg@5": 0.004360765947745387, "recall@10": 0.013726835964310227, "recall@5": 0.0068634179821551134, "users_per_second": 620.3770396543914}
2026-09-07 08:19:33,100 | INFO | TRAIN step=16900 loss=0.012576 lr=0.00034401046
2026-09-07 08:19:34,537 | INFO | TRAIN step=17000 loss=0.011828 lr=0.00034299717
2026-09-07 08:19:36,080 | INFO | TRAIN step=17100 loss=0.012681 lr=0.00034199278
2026-09-07 08:19:38,432 | INFO | VALID step=17100 ndcg@10=0.006834 metrics={"evaluated_users": 1457, "hit@10": 0.014413177762525738, "hit@5": 0.0061770761839396015, "ndcg@10": 0.006834235066155468, "ndcg@5": 0.0043184829610296354, "recall@10": 0.014413177762525738, "recall@5": 0.0061770761839396015, "users_per_second": 620.515814186442}
2026-09-07 08:19:39,870 | INFO | TRAIN step=17200 loss=0.013318 lr=0.00034099717
2026-09-07 08:19:41,306 | INFO | TRAIN step=17300 loss=0.010351 lr=0.0003400102
2026-09-07 08:19:42,741 | INFO | TRAIN step=17400 loss=0.011121 lr=0.00033903175
2026-09-07 08:19:45,094 | INFO | VALID step=17400 ndcg@10=0.006642 metrics={"evaluated_users": 1457, "hit@10": 0.012354152367879203, "hit@5": 0.008236101578586136, "ndcg@10": 0.006641728439504875, "ndcg@5": 0.005300044429202797, "recall@10": 0.012354152367879203, "recall@5": 0.008236101578586136, "users_per_second": 620.3598002744761}
2026-09-07 08:19:46,532 | INFO | TRAIN step=17500 loss=0.011507 lr=0.0003380617
2026-09-07 08:19:47,967 | INFO | TRAIN step=17600 loss=0.012390 lr=0.00033709993
2026-09-07 08:19:49,401 | INFO | TRAIN step=17700 loss=0.010788 lr=0.00033614632
2026-09-07 08:19:51,753 | INFO | VALID step=17700 ndcg@10=0.007595 metrics={"evaluated_users": 1457, "hit@10": 0.013040494166094716, "hit@5": 0.0075497597803706245, "ndcg@10": 0.007595296702897344, "ndcg@5": 0.005810735538562383, "recall@10": 0.013040494166094716, "recall@5": 0.0075497597803706245, "users_per_second": 620.6587838130633}
2026-09-07 08:19:53,193 | INFO | TRAIN step=17800 loss=0.011385 lr=0.00033520076
2026-09-07 08:19:54,631 | INFO | TRAIN step=17900 loss=0.012274 lr=0.00033426314
2026-09-07 08:19:56,067 | INFO | TRAIN step=18000 loss=0.010735 lr=0.00033333333
2026-09-07 08:19:58,419 | INFO | VALID step=18000 ndcg@10=0.007863 metrics={"evaluated_users": 1457, "hit@10": 0.015785861358956762, "hit@5": 0.01029512697323267, "ndcg@10": 0.007863140489762941, "ndcg@5": 0.006156740327199591, "recall@10": 0.015785861358956762, "recall@5": 0.01029512697323267, "users_per_second": 620.4608291613602}
2026-09-07 08:19:59,856 | INFO | TRAIN step=18100 loss=0.009164 lr=0.00033241125
2026-09-07 08:20:01,291 | INFO | TRAIN step=18200 loss=0.009376 lr=0.00033149677
2026-09-07 08:20:02,727 | INFO | TRAIN step=18300 loss=0.010849 lr=0.0003305898
2026-09-07 08:20:05,080 | INFO | VALID step=18300 ndcg@10=0.007881 metrics={"evaluated_users": 1457, "hit@10": 0.015099519560741249, "hit@5": 0.009608785175017159, "ndcg@10": 0.007880804288707707, "ndcg@5": 0.006028669214134061, "recall@10": 0.015099519560741249, "recall@5": 0.009608785175017159, "users_per_second": 620.2737619811719}
2026-09-07 08:20:06,521 | INFO | TRAIN step=18400 loss=0.010218 lr=0.00032969024
2026-09-07 08:20:07,964 | INFO | TRAIN step=18500 loss=0.011047 lr=0.00032879797
2026-09-07 08:20:09,472 | INFO | TRAIN step=18600 loss=0.011154 lr=0.00032791292
2026-09-07 08:20:11,824 | INFO | VALID step=18600 ndcg@10=0.007157 metrics={"evaluated_users": 1457, "hit@10": 0.015099519560741249, "hit@5": 0.0061770761839396015, "ndcg@10": 0.007156924150908429, "ndcg@5": 0.004348189379625212, "recall@10": 0.015099519560741249, "recall@5": 0.0061770761839396015, "users_per_second": 620.4769698312448}
2026-09-07 08:20:13,328 | INFO | TRAIN step=18700 loss=0.009140 lr=0.00032703497
2026-09-07 08:20:14,899 | INFO | TRAIN step=18800 loss=0.010045 lr=0.00032616404
2026-09-07 08:20:16,333 | INFO | TRAIN step=18900 loss=0.011262 lr=0.00032530002
2026-09-07 08:20:18,686 | INFO | VALID step=18900 ndcg@10=0.007530 metrics={"evaluated_users": 1457, "hit@10": 0.013726835964310227, "hit@5": 0.008922443376801648, "ndcg@10": 0.007530119170415504, "ndcg@5": 0.005930676173023817, "recall@10": 0.013726835964310227, "recall@5": 0.008922443376801648, "users_per_second": 620.1904002621304}
2026-09-07 08:20:20,129 | INFO | TRAIN step=19000 loss=0.010587 lr=0.00032444284
2026-09-07 08:20:21,568 | INFO | TRAIN step=19100 loss=0.010422 lr=0.0003235924
2026-09-07 08:20:23,003 | INFO | TRAIN step=19200 loss=0.011285 lr=0.00032274861
2026-09-07 08:20:25,355 | INFO | VALID step=19200 ndcg@10=0.007543 metrics={"evaluated_users": 1457, "hit@10": 0.013726835964310227, "hit@5": 0.0068634179821551134, "ndcg@10": 0.007543106453915464, "ndcg@5": 0.005335419090232727, "recall@10": 0.013726835964310227, "recall@5": 0.0068634179821551134, "users_per_second": 620.3445628015643}
2026-09-07 08:20:26,793 | INFO | TRAIN step=19300 loss=0.010133 lr=0.00032191139
2026-09-07 08:20:28,227 | INFO | TRAIN step=19400 loss=0.011190 lr=0.00032108065
2026-09-07 08:20:29,661 | INFO | TRAIN step=19500 loss=0.008858 lr=0.00032025631
2026-09-07 08:20:32,014 | INFO | VALID step=19500 ndcg@10=0.007978 metrics={"evaluated_users": 1457, "hit@10": 0.015785861358956762, "hit@5": 0.009608785175017159, "ndcg@10": 0.007977612506706382, "ndcg@5": 0.006058747286089346, "recall@10": 0.015785861358956762, "recall@5": 0.009608785175017159, "users_per_second": 620.3367679182957}
2026-09-07 08:20:33,454 | INFO | TRAIN step=19600 loss=0.008670 lr=0.00031943828
2026-09-07 08:20:34,891 | INFO | TRAIN step=19700 loss=0.010339 lr=0.00031862649
2026-09-07 08:20:36,329 | INFO | TRAIN step=19800 loss=0.009285 lr=0.00031782086
2026-09-07 08:20:38,682 | INFO | VALID step=19800 ndcg@10=0.008464 metrics={"evaluated_users": 1457, "hit@10": 0.015785861358956762, "hit@5": 0.009608785175017159, "ndcg@10": 0.008464132250951134, "ndcg@5": 0.006517412730142457, "recall@10": 0.015785861358956762, "recall@5": 0.009608785175017159, "users_per_second": 620.2983317436674}
2026-09-07 08:20:40,119 | INFO | TRAIN step=19900 loss=0.010023 lr=0.00031702131
2026-09-07 08:20:41,554 | INFO | TRAIN step=20000 loss=0.009119 lr=0.00031622777
2026-09-07 08:20:42,989 | INFO | TRAIN step=20100 loss=0.010456 lr=0.00031544015
2026-09-07 08:20:45,342 | INFO | VALID step=20100 ndcg@10=0.008542 metrics={"evaluated_users": 1457, "hit@10": 0.017158544955387784, "hit@5": 0.01098146877144818, "ndcg@10": 0.008542348899135032, "ndcg@5": 0.006589773788813495, "recall@10": 0.017158544955387784, "recall@5": 0.01098146877144818, "users_per_second": 620.1047024251112}
2026-09-07 08:20:46,782 | INFO | TRAIN step=20200 loss=0.011225 lr=0.00031465839
2026-09-07 08:20:48,218 | INFO | TRAIN step=20300 loss=0.010153 lr=0.00031388241
2026-09-07 08:20:49,654 | INFO | TRAIN step=20400 loss=0.009425 lr=0.00031311215
2026-09-07 08:20:52,007 | INFO | VALID step=20400 ndcg@10=0.007192 metrics={"evaluated_users": 1457, "hit@10": 0.013040494166094716, "hit@5": 0.0075497597803706245, "ndcg@10": 0.007192143213966809, "ndcg@5": 0.0054553597246941605, "recall@10": 0.013040494166094716, "recall@5": 0.0075497597803706245, "users_per_second": 620.3274298868618}
2026-09-07 08:20:53,554 | INFO | TRAIN step=20500 loss=0.008708 lr=0.00031234752
2026-09-07 08:20:54,989 | INFO | TRAIN step=20600 loss=0.008818 lr=0.00031158848
2026-09-07 08:20:56,425 | INFO | TRAIN step=20700 loss=0.010056 lr=0.00031083494
2026-09-07 08:20:58,780 | INFO | VALID step=20700 ndcg@10=0.006938 metrics={"evaluated_users": 1457, "hit@10": 0.012354152367879203, "hit@5": 0.0068634179821551134, "ndcg@10": 0.00693841502236115, "ndcg@5": 0.005171973316137267, "recall@10": 0.012354152367879203, "recall@5": 0.0068634179821551134, "users_per_second": 619.6841678514832}
2026-09-07 08:21:00,222 | INFO | TRAIN step=20800 loss=0.009110 lr=0.00031008684
2026-09-07 08:21:01,660 | INFO | TRAIN step=20900 loss=0.008539 lr=0.00030934411
2026-09-07 08:21:03,098 | INFO | TRAIN step=21000 loss=0.009385 lr=0.0003086067
2026-09-07 08:21:05,445 | INFO | VALID step=21000 ndcg@10=0.007729 metrics={"evaluated_users": 1457, "hit@10": 0.014413177762525738, "hit@5": 0.008922443376801648, "ndcg@10": 0.007729465090382596, "ndcg@5": 0.005908728579672627, "recall@10": 0.014413177762525738, "recall@5": 0.008922443376801648, "users_per_second": 621.7974037566786}
2026-09-07 08:21:06,885 | INFO | TRAIN step=21100 loss=0.008301 lr=0.00030787454
2026-09-07 08:21:08,323 | INFO | TRAIN step=21200 loss=0.008361 lr=0.00030714756
2026-09-07 08:21:09,760 | INFO | TRAIN step=21300 loss=0.010199 lr=0.00030642571
2026-09-07 08:21:12,114 | INFO | VALID step=21300 ndcg@10=0.007105 metrics={"evaluated_users": 1457, "hit@10": 0.013040494166094716, "hit@5": 0.009608785175017159, "ndcg@10": 0.00710527475497106, "ndcg@5": 0.006040874128894527, "recall@10": 0.013040494166094716, "recall@5": 0.009608785175017159, "users_per_second": 620.0341902844715}
2026-09-07 08:21:13,558 | INFO | TRAIN step=21400 loss=0.009401 lr=0.00030570892
2026-09-07 08:21:14,995 | INFO | TRAIN step=21500 loss=0.009324 lr=0.00030499714
2026-09-07 08:21:16,433 | INFO | TRAIN step=21600 loss=0.008436 lr=0.00030429031
2026-09-07 08:21:18,786 | INFO | VALID step=21600 ndcg@10=0.009018 metrics={"evaluated_users": 1457, "hit@10": 0.017158544955387784, "hit@5": 0.01029512697323267, "ndcg@10": 0.009018142461450171, "ndcg@5": 0.006920739773160784, "recall@10": 0.017158544955387784, "recall@5": 0.01029512697323267, "users_per_second": 620.2187809935023}
2026-09-07 08:21:20,231 | INFO | TRAIN step=21700 loss=0.010024 lr=0.00030358837
2026-09-07 08:21:21,669 | INFO | TRAIN step=21800 loss=0.009411 lr=0.00030289127
2026-09-07 08:21:23,105 | INFO | TRAIN step=21900 loss=0.009010 lr=0.00030219894
2026-09-07 08:21:25,458 | INFO | VALID step=21900 ndcg@10=0.008287 metrics={"evaluated_users": 1457, "hit@10": 0.016472203157172273, "hit@5": 0.009608785175017159, "ndcg@10": 0.008287045243640021, "ndcg@5": 0.00601116771029895, "recall@10": 0.016472203157172273, "recall@5": 0.009608785175017159, "users_per_second": 620.3256752631816}
2026-09-07 08:21:26,897 | INFO | TRAIN step=22000 loss=0.007548 lr=0.00030151134
2026-09-07 08:21:28,333 | INFO | TRAIN step=22100 loss=0.007328 lr=0.00030082842
2026-09-07 08:21:29,876 | INFO | TRAIN step=22200 loss=0.007461 lr=0.00030015011
2026-09-07 08:21:32,229 | INFO | VALID step=22200 ndcg@10=0.007877 metrics={"evaluated_users": 1457, "hit@10": 0.016472203157172273, "hit@5": 0.008236101578586136, "ndcg@10": 0.007876860519066376, "ndcg@5": 0.00534232741591855, "recall@10": 0.016472203157172273, "recall@5": 0.008236101578586136, "users_per_second": 620.3308498758095}
2026-09-07 08:21:33,669 | INFO | TRAIN step=22300 loss=0.007648 lr=0.00029947637
2026-09-07 08:21:35,104 | INFO | TRAIN step=22400 loss=0.008868 lr=0.00029880715
2026-09-07 08:21:36,541 | INFO | TRAIN step=22500 loss=0.009893 lr=0.0002981424
2026-09-07 08:21:38,892 | INFO | VALID step=22500 ndcg@10=0.007319 metrics={"evaluated_users": 1457, "hit@10": 0.013040494166094716, "hit@5": 0.008922443376801648, "ndcg@10": 0.007319247532367412, "ndcg@5": 0.00604654237132888, "recall@10": 0.013040494166094716, "recall@5": 0.008922443376801648, "users_per_second": 620.6181700787344}
2026-09-07 08:21:40,334 | INFO | TRAIN step=22600 loss=0.009506 lr=0.00029748206
2026-09-07 08:21:41,782 | INFO | TRAIN step=22700 loss=0.007762 lr=0.00029682609
2026-09-07 08:21:43,224 | INFO | TRAIN step=22800 loss=0.008973 lr=0.00029617444
2026-09-07 08:21:45,576 | INFO | VALID step=22800 ndcg@10=0.008938 metrics={"evaluated_users": 1457, "hit@10": 0.015099519560741249, "hit@5": 0.009608785175017159, "ndcg@10": 0.008938214926895036, "ndcg@5": 0.007165917631158294, "recall@10": 0.015099519560741249, "recall@5": 0.009608785175017159, "users_per_second": 620.5059525749627}
2026-09-07 08:21:47,015 | INFO | TRAIN step=22900 loss=0.007617 lr=0.00029552706
2026-09-07 08:21:48,453 | INFO | TRAIN step=23000 loss=0.008584 lr=0.00029488391
2026-09-07 08:21:49,890 | INFO | TRAIN step=23100 loss=0.008165 lr=0.00029424494
2026-09-07 08:21:52,244 | INFO | VALID step=23100 ndcg@10=0.008679 metrics={"evaluated_users": 1457, "hit@10": 0.014413177762525738, "hit@5": 0.008236101578586136, "ndcg@10": 0.008679013501761987, "ndcg@5": 0.006652392632269257, "recall@10": 0.014413177762525738, "recall@5": 0.008236101578586136, "users_per_second": 619.9810757969738}
2026-09-07 08:21:53,690 | INFO | TRAIN step=23200 loss=0.007739 lr=0.00029361011
2026-09-07 08:21:55,130 | INFO | TRAIN step=23300 loss=0.007286 lr=0.00029297937
2026-09-07 08:21:56,568 | INFO | TRAIN step=23400 loss=0.008477 lr=0.00029235267
2026-09-07 08:21:58,921 | INFO | VALID step=23400 ndcg@10=0.008211 metrics={"evaluated_users": 1457, "hit@10": 0.014413177762525738, "hit@5": 0.008236101578586136, "ndcg@10": 0.008210969587709917, "ndcg@5": 0.006141701522909672, "recall@10": 0.014413177762525738, "recall@5": 0.008236101578586136, "users_per_second": 620.3219773896909}
2026-09-07 08:22:00,361 | INFO | TRAIN step=23500 loss=0.008474 lr=0.00029172998
2026-09-07 08:22:01,797 | INFO | TRAIN step=23600 loss=0.009169 lr=0.00029111125
2026-09-07 08:22:03,233 | INFO | TRAIN step=23700 loss=0.006275 lr=0.00029049645
2026-09-07 08:22:05,586 | INFO | VALID step=23700 ndcg@10=0.007747 metrics={"evaluated_users": 1457, "hit@10": 0.014413177762525738, "hit@5": 0.008922443376801648, "ndcg@10": 0.007746995107532434, "ndcg@5": 0.005990460663574679, "recall@10": 0.014413177762525738, "recall@5": 0.008922443376801648, "users_per_second": 620.3965143836631}
2026-09-07 08:22:07,028 | INFO | TRAIN step=23800 loss=0.005870 lr=0.00028988552
2026-09-07 08:22:08,577 | INFO | TRAIN step=23900 loss=0.006468 lr=0.00028927843
2026-09-07 08:22:10,014 | INFO | TRAIN step=24000 loss=0.007077 lr=0.00028867513
2026-09-07 08:22:12,368 | INFO | VALID step=24000 ndcg@10=0.008526 metrics={"evaluated_users": 1457, "hit@10": 0.014413177762525738, "hit@5": 0.01098146877144818, "ndcg@10": 0.008526155881468446, "ndcg@5": 0.007443635797280835, "recall@10": 0.014413177762525738, "recall@5": 0.01098146877144818, "users_per_second": 619.9780060908801}
2026-09-07 08:22:13,812 | INFO | TRAIN step=24100 loss=0.007105 lr=0.0002880756
2026-09-07 08:22:15,262 | INFO | TRAIN step=24200 loss=0.008459 lr=0.00028747979
2026-09-07 08:22:16,701 | INFO | TRAIN step=24300 loss=0.008392 lr=0.00028688766
2026-09-07 08:22:19,054 | INFO | VALID step=24300 ndcg@10=0.009300 metrics={"evaluated_users": 1457, "hit@10": 0.016472203157172273, "hit@5": 0.01098146877144818, "ndcg@10": 0.00930035992101492, "ndcg@5": 0.007563576431742269, "recall@10": 0.016472203157172273, "recall@5": 0.01098146877144818, "users_per_second": 620.2016092938711}
2026-09-07 08:22:20,546 | INFO | TRAIN step=24400 loss=0.007827 lr=0.00028629917
2026-09-07 08:22:22,052 | INFO | TRAIN step=24500 loss=0.008897 lr=0.00028571429
2026-09-07 08:22:23,553 | INFO | TRAIN step=24600 loss=0.007731 lr=0.00028513297
2026-09-07 08:22:25,905 | INFO | VALID step=24600 ndcg@10=0.007946 metrics={"evaluated_users": 1457, "hit@10": 0.014413177762525738, "hit@5": 0.008236101578586136, "ndcg@10": 0.007945682316347163, "ndcg@5": 0.005998962795538484, "recall@10": 0.014413177762525738, "recall@5": 0.008236101578586136, "users_per_second": 620.3099464466534}
2026-09-07 08:22:27,406 | INFO | TRAIN step=24700 loss=0.008713 lr=0.0002845552
2026-09-07 08:22:28,842 | INFO | TRAIN step=24800 loss=0.008048 lr=0.00028398092
2026-09-07 08:22:30,316 | INFO | TRAIN step=24900 loss=0.007864 lr=0.0002834101
2026-09-07 08:22:32,669 | INFO | VALID step=24900 ndcg@10=0.008068 metrics={"evaluated_users": 1457, "hit@10": 0.012354152367879203, "hit@5": 0.009608785175017159, "ndcg@10": 0.008068158205904792, "ndcg@5": 0.007183419134993406, "recall@10": 0.012354152367879203, "recall@5": 0.009608785175017159, "users_per_second": 620.0966557375909}
2026-09-07 08:22:34,111 | INFO | TRAIN step=25000 loss=0.008587 lr=0.00028284271
2026-09-07 08:22:35,547 | INFO | TRAIN step=25100 loss=0.006628 lr=0.00028227872
2026-09-07 08:22:37,080 | INFO | TRAIN step=25200 loss=0.005577 lr=0.00028171808
2026-09-07 08:22:39,432 | INFO | VALID step=25200 ndcg@10=0.007534 metrics={"evaluated_users": 1457, "hit@10": 0.012354152367879203, "hit@5": 0.009608785175017159, "ndcg@10": 0.0075341116980535555, "ndcg@5": 0.006637725017963598, "recall@10": 0.012354152367879203, "recall@5": 0.009608785175017159, "users_per_second": 620.2251094994917}
2026-09-07 08:22:40,884 | INFO | TRAIN step=25300 loss=0.006635 lr=0.00028116078
2026-09-07 08:22:42,324 | INFO | TRAIN step=25400 loss=0.005118 lr=0.00028060677
2026-09-07 08:22:43,872 | INFO | TRAIN step=25500 loss=0.007215 lr=0.00028005602
2026-09-07 08:22:46,226 | INFO | VALID step=25500 ndcg@10=0.009450 metrics={"evaluated_users": 1457, "hit@10": 0.017844886753603295, "hit@5": 0.009608785175017159, "ndcg@10": 0.009450382126134565, "ndcg@5": 0.006754460109535871, "recall@10": 0.017844886753603295, "recall@5": 0.009608785175017159, "users_per_second": 620.0299670644858}
2026-09-07 08:22:47,664 | INFO | TRAIN step=25600 loss=0.006319 lr=0.0002795085
2026-09-07 08:22:49,099 | INFO | TRAIN step=25700 loss=0.007583 lr=0.00027896418
2026-09-07 08:22:50,536 | INFO | TRAIN step=25800 loss=0.007226 lr=0.00027842302
2026-09-07 08:22:52,891 | INFO | VALID step=25800 ndcg@10=0.008182 metrics={"evaluated_users": 1457, "hit@10": 0.013726835964310227, "hit@5": 0.009608785175017159, "ndcg@10": 0.008181809722502828, "ndcg@5": 0.006852453150646115, "recall@10": 0.013726835964310227, "recall@5": 0.009608785175017159, "users_per_second": 619.6049718409507}
2026-09-07 08:22:54,333 | INFO | TRAIN step=25900 loss=0.007002 lr=0.00027788501
2026-09-07 08:22:55,770 | INFO | TRAIN step=26000 loss=0.006662 lr=0.0002773501
2026-09-07 08:22:57,208 | INFO | TRAIN step=26100 loss=0.006669 lr=0.00027681827
2026-09-07 08:22:59,560 | INFO | VALID step=26100 ndcg@10=0.008639 metrics={"evaluated_users": 1457, "hit@10": 0.015099519560741249, "hit@5": 0.01029512697323267, "ndcg@10": 0.008638668383680746, "ndcg@5": 0.007118338055367899, "recall@10": 0.015099519560741249, "recall@5": 0.01029512697323267, "users_per_second": 620.3597310266373}
2026-09-07 08:23:01,002 | INFO | TRAIN step=26200 loss=0.006388 lr=0.00027628948
2026-09-07 08:23:02,438 | INFO | TRAIN step=26300 loss=0.007897 lr=0.00027576372
2026-09-07 08:23:03,873 | INFO | TRAIN step=26400 loss=0.008270 lr=0.00027524094
2026-09-07 08:23:06,229 | INFO | VALID step=26400 ndcg@10=0.007314 metrics={"evaluated_users": 1457, "hit@10": 0.013040494166094716, "hit@5": 0.01029512697323267, "ndcg@10": 0.007314004147218897, "ndcg@5": 0.006401918185197103, "recall@10": 0.013040494166094716, "recall@5": 0.01029512697323267, "users_per_second": 619.3970704437173}
2026-09-07 08:23:07,669 | INFO | TRAIN step=26500 loss=0.006727 lr=0.00027472113
2026-09-07 08:23:09,105 | INFO | TRAIN step=26600 loss=0.007153 lr=0.00027420425
2026-09-07 08:23:10,542 | INFO | TRAIN step=26700 loss=0.007515 lr=0.00027369028
2026-09-07 08:23:12,896 | INFO | VALID step=26700 ndcg@10=0.008882 metrics={"evaluated_users": 1457, "hit@10": 0.015785861358956762, "hit@5": 0.008922443376801648, "ndcg@10": 0.008881666055549558, "ndcg@5": 0.006738180758619035, "recall@10": 0.015785861358956762, "recall@5": 0.008922443376801648, "users_per_second": 620.0713904518566}
2026-09-07 08:23:14,336 | INFO | TRAIN step=26800 loss=0.006417 lr=0.00027317918
2026-09-07 08:23:15,772 | INFO | TRAIN step=26900 loss=0.006727 lr=0.00027267094
2026-09-07 08:23:17,208 | INFO | TRAIN step=27000 loss=0.007038 lr=0.00027216553
2026-09-07 08:23:19,556 | INFO | VALID step=27000 ndcg@10=0.008062 metrics={"evaluated_users": 1457, "hit@10": 0.015099519560741249, "hit@5": 0.01029512697323267, "ndcg@10": 0.008061858385415632, "ndcg@5": 0.006529989298262632, "recall@10": 0.015099519560741249, "recall@5": 0.01029512697323267, "users_per_second": 621.6525284104491}
2026-09-07 08:23:20,997 | INFO | TRAIN step=27100 loss=0.007772 lr=0.00027166291
2026-09-07 08:23:22,545 | INFO | TRAIN step=27200 loss=0.005849 lr=0.00027116307
2026-09-07 08:23:23,980 | INFO | TRAIN step=27300 loss=0.007112 lr=0.00027066598
2026-09-07 08:23:26,332 | INFO | VALID step=27300 ndcg@10=0.008414 metrics={"evaluated_users": 1457, "hit@10": 0.015785861358956762, "hit@5": 0.008236101578586136, "ndcg@10": 0.00841441845714811, "ndcg@5": 0.006008333820769499, "recall@10": 0.015785861358956762, "recall@5": 0.008236101578586136, "users_per_second": 620.285185040067}
2026-09-07 08:23:27,774 | INFO | TRAIN step=27400 loss=0.007916 lr=0.00027017161
2026-09-07 08:23:29,212 | INFO | TRAIN step=27500 loss=0.008475 lr=0.00026967994
2026-09-07 08:23:30,647 | INFO | TRAIN step=27600 loss=0.007282 lr=0.00026919095
2026-09-07 08:23:33,001 | INFO | VALID step=27600 ndcg@10=0.007198 metrics={"evaluated_users": 1457, "hit@10": 0.013726835964310227, "hit@5": 0.008922443376801648, "ndcg@10": 0.0071981708319230195, "ndcg@5": 0.005667996811191195, "recall@10": 0.013726835964310227, "recall@5": 0.008922443376801648, "users_per_second": 620.0319147613764}
2026-09-07 08:23:34,441 | INFO | TRAIN step=27700 loss=0.006166 lr=0.00026870461
2026-09-07 08:23:35,876 | INFO | TRAIN step=27800 loss=0.005410 lr=0.00026822089
2026-09-07 08:23:37,311 | INFO | TRAIN step=27900 loss=0.005800 lr=0.00026773978
2026-09-07 08:23:39,666 | INFO | VALID step=27900 ndcg@10=0.007611 metrics={"evaluated_users": 1457, "hit@10": 0.014413177762525738, "hit@5": 0.008236101578586136, "ndcg@10": 0.007610813253760071, "ndcg@5": 0.005575300359155594, "recall@10": 0.014413177762525738, "recall@5": 0.008236101578586136, "users_per_second": 619.659445210552}
2026-09-07 08:23:41,105 | INFO | TRAIN step=28000 loss=0.006489 lr=0.00026726124
2026-09-07 08:23:42,544 | INFO | TRAIN step=28100 loss=0.005961 lr=0.00026678526
2026-09-07 08:23:43,982 | INFO | TRAIN step=28200 loss=0.005993 lr=0.00026631182
2026-09-07 08:23:46,335 | INFO | VALID step=28200 ndcg@10=0.007974 metrics={"evaluated_users": 1457, "hit@10": 0.014413177762525738, "hit@5": 0.01098146877144818, "ndcg@10": 0.007973553438752818, "ndcg@5": 0.006891033354565206, "recall@10": 0.014413177762525738, "recall@5": 0.01098146877144818, "users_per_second": 620.0225893458273}
2026-09-07 08:23:47,777 | INFO | TRAIN step=28300 loss=0.007486 lr=0.00026584089
2026-09-07 08:23:49,213 | INFO | TRAIN step=28400 loss=0.007457 lr=0.00026537245
2026-09-07 08:23:50,651 | INFO | TRAIN step=28500 loss=0.006614 lr=0.00026490647
2026-09-07 08:23:53,006 | INFO | VALID step=28500 ndcg@10=0.008477 metrics={"evaluated_users": 1457, "hit@10": 0.015785861358956762, "hit@5": 0.009608785175017159, "ndcg@10": 0.008476938498238305, "ndcg@5": 0.006535285887337276, "recall@10": 0.015785861358956762, "recall@5": 0.009608785175017159, "users_per_second": 619.7586987046109}
2026-09-07 08:23:54,447 | INFO | TRAIN step=28600 loss=0.006300 lr=0.00026444294
2026-09-07 08:23:55,884 | INFO | TRAIN step=28700 loss=0.005920 lr=0.00026398184
2026-09-07 08:23:57,323 | INFO | TRAIN step=28800 loss=0.006263 lr=0.00026352314
2026-09-07 08:23:59,674 | INFO | VALID step=28800 ndcg@10=0.007070 metrics={"evaluated_users": 1457, "hit@10": 0.013726835964310227, "hit@5": 0.0075497597803706245, "ndcg@10": 0.007070297818129405, "ndcg@5": 0.005059312660721365, "recall@10": 0.013726835964310227, "recall@5": 0.0075497597803706245, "users_per_second": 620.6251311165945}
2026-09-07 08:24:01,224 | INFO | TRAIN step=28900 loss=0.006711 lr=0.00026306682
2026-09-07 08:24:02,660 | INFO | TRAIN step=29000 loss=0.007016 lr=0.00026261287
2026-09-07 08:24:04,097 | INFO | TRAIN step=29100 loss=0.006840 lr=0.00026216125
2026-09-07 08:24:06,450 | INFO | VALID step=29100 ndcg@10=0.010037 metrics={"evaluated_users": 1457, "hit@10": 0.018531228551818806, "hit@5": 0.008922443376801648, "ndcg@10": 0.010036932475546753, "ndcg@5": 0.0070431431071674095, "recall@10": 0.018531228551818806, "recall@5": 0.008922443376801648, "users_per_second": 620.1362494305205}
2026-09-07 08:24:07,895 | INFO | TRAIN step=29200 loss=0.006818 lr=0.00026171196
2026-09-07 08:24:09,332 | INFO | TRAIN step=29300 loss=0.007055 lr=0.00026126497
2026-09-07 08:24:10,769 | INFO | TRAIN step=29400 loss=0.005778 lr=0.00026082027
2026-09-07 08:24:13,120 | INFO | VALID step=29400 ndcg@10=0.007811 metrics={"evaluated_users": 1457, "hit@10": 0.013726835964310227, "hit@5": 0.01029512697323267, "ndcg@10": 0.0078112919322846615, "ndcg@5": 0.006762590588139967, "recall@10": 0.013726835964310227, "recall@5": 0.01029512697323267, "users_per_second": 620.5281829298149}
2026-09-07 08:24:14,559 | INFO | TRAIN step=29500 loss=0.005292 lr=0.00026037782
2026-09-07 08:24:15,995 | INFO | TRAIN step=29600 loss=0.004757 lr=0.00025993762
2026-09-07 08:24:17,431 | INFO | TRAIN step=29700 loss=0.005369 lr=0.00025949965
2026-09-07 08:24:19,787 | INFO | VALID step=29700 ndcg@10=0.007044 metrics={"evaluated_users": 1457, "hit@10": 0.012354152367879203, "hit@5": 0.009608785175017159, "ndcg@10": 0.0070443196205717306, "ndcg@5": 0.00617831626719107, "recall@10": 0.012354152367879203, "recall@5": 0.009608785175017159, "users_per_second": 619.4526127232971}
2026-09-07 08:24:21,227 | INFO | TRAIN step=29800 loss=0.005219 lr=0.00025906388
2026-09-07 08:24:22,689 | INFO | TRAIN step=29900 loss=0.004926 lr=0.0002586303
2026-09-07 08:24:24,204 | INFO | TRAIN step=30000 loss=0.006268 lr=0.00025819889
2026-09-07 08:24:26,559 | INFO | VALID step=30000 ndcg@10=0.007948 metrics={"evaluated_users": 1457, "hit@10": 0.015785861358956762, "hit@5": 0.008922443376801648, "ndcg@10": 0.007948428815827194, "ndcg@5": 0.005810735538562383, "recall@10": 0.015785861358956762, "recall@5": 0.008922443376801648, "users_per_second": 619.9166990462015}
2026-09-07 08:24:28,068 | INFO | TRAIN step=30100 loss=0.006580 lr=0.00025776963
2026-09-07 08:24:29,576 | INFO | TRAIN step=30200 loss=0.005884 lr=0.00025734251
2026-09-07 08:24:31,052 | INFO | TRAIN step=30300 loss=0.006171 lr=0.0002569175
2026-09-07 08:24:33,408 | INFO | VALID step=30300 ndcg@10=0.007646 metrics={"evaluated_users": 1457, "hit@10": 0.014413177762525738, "hit@5": 0.008922443376801648, "ndcg@10": 0.007645989984729962, "ndcg@5": 0.005805438949487738, "recall@10": 0.014413177762525738, "recall@5": 0.008922443376801648, "users_per_second": 619.586354940949}
2026-09-07 08:24:34,866 | INFO | TRAIN step=30400 loss=0.005574 lr=0.00025649459
2026-09-07 08:24:36,366 | INFO | TRAIN step=30500 loss=0.006016 lr=0.00025607376
2026-09-07 08:24:37,979 | INFO | TRAIN step=30600 loss=0.005898 lr=0.000255655
2026-09-07 08:24:40,331 | INFO | VALID step=30600 ndcg@10=0.007116 metrics={"evaluated_users": 1457, "hit@10": 0.014413177762525738, "hit@5": 0.008236101578586136, "ndcg@10": 0.007115597256231843, "ndcg@5": 0.005192680362861539, "recall@10": 0.014413177762525738, "recall@5": 0.008236101578586136, "users_per_second": 620.5625893057152}
2026-09-07 08:24:41,773 | INFO | TRAIN step=30700 loss=0.006265 lr=0.00025523828
2026-09-07 08:24:43,216 | INFO | TRAIN step=30800 loss=0.006413 lr=0.0002548236
2026-09-07 08:24:44,652 | INFO | TRAIN step=30900 loss=0.005388 lr=0.00025441093
2026-09-07 08:24:46,998 | INFO | VALID step=30900 ndcg@10=0.005732 metrics={"evaluated_users": 1457, "hit@10": 0.009608785175017159, "hit@5": 0.0075497597803706245, "ndcg@10": 0.005731597376204827, "ndcg@5": 0.005082110753631119, "recall@10": 0.009608785175017159, "recall@5": 0.0075497597803706245, "users_per_second": 621.9445758819488}
2026-09-07 08:24:48,450 | INFO | TRAIN step=31000 loss=0.005377 lr=0.00025400025
2026-09-07 08:24:49,951 | INFO | TRAIN step=31100 loss=0.004981 lr=0.00025359156
2026-09-07 08:24:51,450 | INFO | TRAIN step=31200 loss=0.005959 lr=0.00025318484
2026-09-07 08:24:53,802 | INFO | VALID step=31200 ndcg@10=0.005633 metrics={"evaluated_users": 1457, "hit@10": 0.011667810569663692, "hit@5": 0.0061770761839396015, "ndcg@10": 0.005632960309990048, "ndcg@5": 0.003962735493801705, "recall@10": 0.011667810569663692, "recall@5": 0.0061770761839396015, "users_per_second": 620.3989836236085}
2026-09-07 08:24:55,287 | INFO | TRAIN step=31300 loss=0.005888 lr=0.00025278007
2026-09-07 08:24:56,724 | INFO | TRAIN step=31400 loss=0.005887 lr=0.00025237723
2026-09-07 08:24:58,164 | INFO | TRAIN step=31500 loss=0.004927 lr=0.00025197632
2026-09-07 08:25:00,516 | INFO | VALID step=31500 ndcg@10=0.005587 metrics={"evaluated_users": 1457, "hit@10": 0.01098146877144818, "hit@5": 0.0061770761839396015, "ndcg@10": 0.005586518495038932, "ndcg@5": 0.004082676128263138, "recall@10": 0.01098146877144818, "recall@5": 0.0061770761839396015, "users_per_second": 620.4351788870581}
2026-09-07 08:25:01,957 | INFO | TRAIN step=31600 loss=0.005078 lr=0.0002515773
2026-09-07 08:25:03,394 | INFO | TRAIN step=31700 loss=0.004910 lr=0.00025118018
2026-09-07 08:25:04,831 | INFO | TRAIN step=31800 loss=0.005240 lr=0.00025078493
2026-09-07 08:25:07,185 | INFO | VALID step=31800 ndcg@10=0.007083 metrics={"evaluated_users": 1457, "hit@10": 0.013040494166094716, "hit@5": 0.008236101578586136, "ndcg@10": 0.007082958969606036, "ndcg@5": 0.0055098476261703794, "recall@10": 0.013040494166094716, "recall@5": 0.008236101578586136, "users_per_second": 619.9126475332139}
2026-09-07 08:25:08,626 | INFO | TRAIN step=31900 loss=0.005443 lr=0.00025039154
2026-09-07 08:25:10,064 | INFO | TRAIN step=32000 loss=0.005808 lr=0.00025
2026-09-07 08:25:11,501 | INFO | TRAIN step=32100 loss=0.005120 lr=0.00024961029
2026-09-07 08:25:13,854 | INFO | VALID step=32100 ndcg@10=0.006945 metrics={"evaluated_users": 1457, "hit@10": 0.011667810569663692, "hit@5": 0.009608785175017159, "ndcg@10": 0.006945445871731873, "ndcg@5": 0.0062860519868920385, "recall@10": 0.011667810569663692, "recall@5": 0.009608785175017159, "users_per_second": 620.0585137455068}
2026-09-07 08:25:15,406 | INFO | TRAIN step=32200 loss=0.004745 lr=0.00024922239
2026-09-07 08:25:16,899 | INFO | TRAIN step=32300 loss=0.005952 lr=0.0002488363
2026-09-07 08:25:18,404 | INFO | TRAIN step=32400 loss=0.004985 lr=0.000248452
2026-09-07 08:25:20,757 | INFO | VALID step=32400 ndcg@10=0.007867 metrics={"evaluated_users": 1457, "hit@10": 0.013040494166094716, "hit@5": 0.01029512697323267, "ndcg@10": 0.007866757626934154, "ndcg@5": 0.007006546293219206, "recall@10": 0.013040494166094716, "recall@5": 0.01029512697323267, "users_per_second": 620.4522391351053}
2026-09-07 08:25:22,264 | INFO | TRAIN step=32500 loss=0.004888 lr=0.00024806947
2026-09-07 08:25:23,722 | INFO | TRAIN step=32600 loss=0.005676 lr=0.0002476887
2026-09-07 08:25:25,156 | INFO | TRAIN step=32700 loss=0.004663 lr=0.00024730968
2026-09-07 08:25:27,510 | INFO | VALID step=32700 ndcg@10=0.007820 metrics={"evaluated_users": 1457, "hit@10": 0.012354152367879203, "hit@5": 0.01029512697323267, "ndcg@10": 0.00781970222740153, "ndcg@5": 0.007148044473963475, "recall@10": 0.012354152367879203, "recall@5": 0.01029512697323267, "users_per_second": 620.0207735400863}
2026-09-07 08:25:28,948 | INFO | TRAIN step=32800 loss=0.005478 lr=0.0002469324
2026-09-07 08:25:30,385 | INFO | TRAIN step=32900 loss=0.005248 lr=0.00024655684
2026-09-07 08:25:31,881 | INFO | TRAIN step=33000 loss=0.004646 lr=0.00024618298
2026-09-07 08:25:34,232 | INFO | VALID step=33000 ndcg@10=0.008695 metrics={"evaluated_users": 1457, "hit@10": 0.015099519560741249, "hit@5": 0.009608785175017159, "ndcg@10": 0.00869505553746642, "ndcg@5": 0.006882531222601402, "recall@10": 0.015099519560741249, "recall@5": 0.009608785175017159, "users_per_second": 620.6662947514742}
2026-09-07 08:25:35,737 | INFO | TRAIN step=33100 loss=0.004431 lr=0.00024581082
2026-09-07 08:25:37,244 | INFO | TRAIN step=33200 loss=0.004984 lr=0.00024544035
2026-09-07 08:25:38,733 | INFO | TRAIN step=33300 loss=0.005577 lr=0.00024507154
2026-09-07 08:25:41,088 | INFO | VALID step=33300 ndcg@10=0.007783 metrics={"evaluated_users": 1457, "hit@10": 0.014413177762525738, "hit@5": 0.01029512697323267, "ndcg@10": 0.007783159751281684, "ndcg@5": 0.00647427924386814, "recall@10": 0.014413177762525738, "recall@5": 0.01029512697323267, "users_per_second": 619.808616821965}
2026-09-07 08:25:42,525 | INFO | TRAIN step=33400 loss=0.005137 lr=0.00024470439
2026-09-07 08:25:43,960 | INFO | TRAIN step=33500 loss=0.005086 lr=0.00024433889
2026-09-07 08:25:45,393 | INFO | TRAIN step=33600 loss=0.004531 lr=0.00024397502
2026-09-07 08:25:47,745 | INFO | VALID step=33600 ndcg@10=0.006777 metrics={"evaluated_users": 1457, "hit@10": 0.013040494166094716, "hit@5": 0.0075497597803706245, "ndcg@10": 0.006777122054981889, "ndcg@5": 0.005004824759245147, "recall@10": 0.013040494166094716, "recall@5": 0.0075497597803706245, "users_per_second": 620.4645771680521}
2026-09-07 08:25:49,179 | INFO | TRAIN step=33700 loss=0.004376 lr=0.00024361277
2026-09-07 08:25:50,637 | INFO | TRAIN step=33800 loss=0.005561 lr=0.00024325213
2026-09-07 08:25:52,180 | INFO | TRAIN step=33900 loss=0.005109 lr=0.00024289308
2026-09-07 08:25:54,532 | INFO | VALID step=33900 ndcg@10=0.007212 metrics={"evaluated_users": 1457, "hit@10": 0.012354152367879203, "hit@5": 0.009608785175017159, "ndcg@10": 0.0072122114841832695, "ndcg@5": 0.00634620813080261, "recall@10": 0.012354152367879203, "recall@5": 0.009608785175017159, "users_per_second": 620.525369067515}
2026-09-07 08:25:55,991 | INFO | TRAIN step=34000 loss=0.004368 lr=0.00024253563
2026-09-07 08:25:57,498 | INFO | TRAIN step=34100 loss=0.004779 lr=0.00024217974
2026-09-07 08:25:59,009 | INFO | TRAIN step=34200 loss=0.005844 lr=0.00024182542
2026-09-07 08:26:01,361 | INFO | VALID step=34200 ndcg@10=0.007364 metrics={"evaluated_users": 1457, "hit@10": 0.012354152367879203, "hit@5": 0.008922443376801648, "ndcg@10": 0.007363913196243824, "ndcg@5": 0.006261642157371106, "recall@10": 0.012354152367879203, "recall@5": 0.008922443376801648, "users_per_second": 620.3144307555413}
2026-09-07 08:26:02,863 | INFO | TRAIN step=34300 loss=0.004623 lr=0.00024147264
2026-09-07 08:26:04,339 | INFO | TRAIN step=34400 loss=0.004276 lr=0.00024112141
2026-09-07 08:26:05,774 | INFO | TRAIN step=34500 loss=0.004921 lr=0.00024077171
2026-09-07 08:26:08,127 | INFO | VALID step=34500 ndcg@10=0.006428 metrics={"evaluated_users": 1457, "hit@10": 0.01098146877144818, "hit@5": 0.008236101578586136, "ndcg@10": 0.00642840543712468, "ndcg@5": 0.0055098476261703794, "recall@10": 0.01098146877144818, "recall@5": 0.008236101578586136, "users_per_second": 620.2725477156663}
2026-09-07 08:26:09,563 | INFO | TRAIN step=34600 loss=0.004830 lr=0.00024042352
2026-09-07 08:26:11,000 | INFO | TRAIN step=34700 loss=0.004429 lr=0.00024007684
2026-09-07 08:26:12,436 | INFO | TRAIN step=34800 loss=0.004458 lr=0.00023973165
2026-09-07 08:26:14,788 | INFO | VALID step=34800 ndcg@10=0.007475 metrics={"evaluated_users": 1457, "hit@10": 0.011667810569663692, "hit@5": 0.008922443376801648, "ndcg@10": 0.007474916284257131, "ndcg@5": 0.006634519475074438, "recall@10": 0.011667810569663692, "recall@5": 0.008922443376801648, "users_per_second": 620.3355317601468}
2026-09-07 08:26:16,225 | INFO | TRAIN step=34900 loss=0.005151 lr=0.00023938795
2026-09-07 08:26:17,659 | INFO | TRAIN step=35000 loss=0.004503 lr=0.00023904572
2026-09-07 08:26:19,092 | INFO | TRAIN step=35100 loss=0.004818 lr=0.00023870496
2026-09-07 08:26:21,441 | INFO | VALID step=35100 ndcg@10=0.007336 metrics={"evaluated_users": 1457, "hit@10": 0.013040494166094716, "hit@5": 0.008922443376801648, "ndcg@10": 0.007335977178811326, "ndcg@5": 0.0060164642993735945, "recall@10": 0.013040494166094716, "recall@5": 0.008922443376801648, "users_per_second": 621.483023296418}
2026-09-07 08:26:22,879 | INFO | TRAIN step=35200 loss=0.004317 lr=0.00023836565
2026-09-07 08:26:24,314 | INFO | TRAIN step=35300 loss=0.004234 lr=0.00023802778
2026-09-07 08:26:25,750 | INFO | TRAIN step=35400 loss=0.005298 lr=0.00023769134
2026-09-07 08:26:28,105 | INFO | VALID step=35400 ndcg@10=0.006937 metrics={"evaluated_users": 1457, "hit@10": 0.01098146877144818, "hit@5": 0.008236101578586136, "ndcg@10": 0.006936516156324081, "ndcg@5": 0.006034337456568413, "recall@10": 0.01098146877144818, "recall@5": 0.008236101578586136, "users_per_second": 619.9185445796925}
2026-09-07 08:26:29,541 | INFO | TRAIN step=35500 loss=0.005296 lr=0.00023735633
2026-09-07 08:26:31,081 | INFO | TRAIN step=35600 loss=0.004316 lr=0.00023702273
2026-09-07 08:26:32,516 | INFO | TRAIN step=35700 loss=0.004446 lr=0.00023669053
2026-09-07 08:26:34,868 | INFO | VALID step=35700 ndcg@10=0.007285 metrics={"evaluated_users": 1457, "hit@10": 0.013040494166094716, "hit@5": 0.008236101578586136, "ndcg@10": 0.007284758581348882, "ndcg@5": 0.005703371472221125, "recall@10": 0.013040494166094716, "recall@5": 0.008236101578586136, "users_per_second": 620.5844900297666}
2026-09-07 08:26:36,304 | INFO | TRAIN step=35800 loss=0.004557 lr=0.00023635973
2026-09-07 08:26:37,738 | INFO | TRAIN step=35900 loss=0.004624 lr=0.00023603031
2026-09-07 08:26:39,171 | INFO | TRAIN step=36000 loss=0.004283 lr=0.00023570226
2026-09-07 08:26:41,522 | INFO | VALID step=36000 ndcg@10=0.006510 metrics={"evaluated_users": 1457, "hit@10": 0.01098146877144818, "hit@5": 0.0075497597803706245, "ndcg@10": 0.006510099389420825, "ndcg@5": 0.005437486567499341, "recall@10": 0.01098146877144818, "recall@5": 0.0075497597803706245, "users_per_second": 620.9707847933907}
2026-09-07 08:26:42,958 | INFO | TRAIN step=36100 loss=0.006034 lr=0.00023537558
2026-09-07 08:26:44,391 | INFO | TRAIN step=36200 loss=0.005659 lr=0.00023505025
2026-09-07 08:26:45,823 | INFO | TRAIN step=36300 loss=0.004046 lr=0.00023472626
2026-09-07 08:26:48,174 | INFO | VALID step=36300 ndcg@10=0.006881 metrics={"evaluated_users": 1457, "hit@10": 0.011667810569663692, "hit@5": 0.008922443376801648, "ndcg@10": 0.0068809174816788655, "ndcg@5": 0.006041245782254235, "recall@10": 0.011667810569663692, "recall@5": 0.008922443376801648, "users_per_second": 620.9708122759897}
2026-09-07 08:26:49,613 | INFO | TRAIN step=36400 loss=0.005211 lr=0.00023440362
2026-09-07 08:26:51,048 | INFO | TRAIN step=36500 loss=0.004665 lr=0.00023408229
2026-09-07 08:26:52,483 | INFO | TRAIN step=36600 loss=0.004776 lr=0.00023376229
2026-09-07 08:26:54,837 | INFO | VALID step=36600 ndcg@10=0.007157 metrics={"evaluated_users": 1457, "hit@10": 0.012354152367879203, "hit@5": 0.008236101578586136, "ndcg@10": 0.007157089175893695, "ndcg@5": 0.005793234034727273, "recall@10": 0.012354152367879203, "recall@5": 0.008236101578586136, "users_per_second": 619.8293200988727}
2026-09-07 08:26:56,273 | INFO | TRAIN step=36700 loss=0.003734 lr=0.0002334436
2026-09-07 08:26:57,708 | INFO | TRAIN step=36800 loss=0.004622 lr=0.0002331262
2026-09-07 08:26:59,142 | INFO | TRAIN step=36900 loss=0.004622 lr=0.0002328101
2026-09-07 08:27:01,496 | INFO | VALID step=36900 ndcg@10=0.007500 metrics={"evaluated_users": 1457, "hit@10": 0.013726835964310227, "hit@5": 0.009608785175017159, "ndcg@10": 0.007499697767137773, "ndcg@5": 0.006226267496341175, "recall@10": 0.013726835964310227, "recall@5": 0.009608785175017159, "users_per_second": 619.9947509035377}
2026-09-07 08:27:02,933 | INFO | TRAIN step=37000 loss=0.004054 lr=0.00023249528
2026-09-07 08:27:04,366 | INFO | TRAIN step=37100 loss=0.003781 lr=0.00023218173
2026-09-07 08:27:05,909 | INFO | TRAIN step=37200 loss=0.004398 lr=0.00023186945
2026-09-07 08:27:08,260 | INFO | VALID step=37200 ndcg@10=0.008006 metrics={"evaluated_users": 1457, "hit@10": 0.015099519560741249, "hit@5": 0.008922443376801648, "ndcg@10": 0.00800557565723644, "ndcg@5": 0.0060587472860893455, "recall@10": 0.015099519560741249, "recall@5": 0.008922443376801648, "users_per_second": 620.8232904154526}
2026-09-07 08:27:09,693 | INFO | TRAIN step=37300 loss=0.004696 lr=0.00023155842
2026-09-07 08:27:11,126 | INFO | TRAIN step=37400 loss=0.004514 lr=0.00023124865
2026-09-07 08:27:12,559 | INFO | TRAIN step=37500 loss=0.004990 lr=0.00023094011
2026-09-07 08:27:14,911 | INFO | VALID step=37500 ndcg@10=0.008801 metrics={"evaluated_users": 1457, "hit@10": 0.015785861358956762, "hit@5": 0.009608785175017159, "ndcg@10": 0.008801170071476908, "ndcg@5": 0.006792668660095254, "recall@10": 0.015785861358956762, "recall@5": 0.009608785175017159, "users_per_second": 620.5090302186105}
2026-09-07 08:27:16,347 | INFO | TRAIN step=37600 loss=0.004236 lr=0.0002306328
2026-09-07 08:27:17,782 | INFO | TRAIN step=37700 loss=0.004529 lr=0.00023032672
2026-09-07 08:27:19,214 | INFO | TRAIN step=37800 loss=0.004785 lr=0.00023002185
2026-09-07 08:27:21,567 | INFO | VALID step=37800 ndcg@10=0.007712 metrics={"evaluated_users": 1457, "hit@10": 0.013726835964310227, "hit@5": 0.01029512697323267, "ndcg@10": 0.0077120811079506016, "ndcg@5": 0.0066674314365591765, "recall@10": 0.013726835964310227, "recall@5": 0.01029512697323267, "users_per_second": 620.281597212825}
2026-09-07 08:27:23,002 | INFO | TRAIN step=37900 loss=0.004667 lr=0.00022971819
2026-09-07 08:27:24,436 | INFO | TRAIN step=38000 loss=0.004631 lr=0.00022941573
2026-09-07 08:27:25,872 | INFO | TRAIN step=38100 loss=0.004938 lr=0.00022911447
2026-09-07 08:27:28,224 | INFO | VALID step=38100 ndcg@10=0.007934 metrics={"evaluated_users": 1457, "hit@10": 0.015785861358956762, "hit@5": 0.01029512697323267, "ndcg@10": 0.007933761201521537, "ndcg@5": 0.006229101385870627, "recall@10": 0.015785861358956762, "recall@5": 0.01029512697323267, "users_per_second": 620.5299196241502}
2026-09-07 08:27:29,725 | INFO | TRAIN step=38200 loss=0.005293 lr=0.00022881438
2026-09-07 08:27:31,206 | INFO | TRAIN step=38300 loss=0.004504 lr=0.00022851547
2026-09-07 08:27:32,707 | INFO | TRAIN step=38400 loss=0.003904 lr=0.00022821773
2026-09-07 08:27:35,060 | INFO | VALID step=38400 ndcg@10=0.007568 metrics={"evaluated_users": 1457, "hit@10": 0.013726835964310227, "hit@5": 0.009608785175017159, "ndcg@10": 0.007567564534648389, "ndcg@5": 0.006264476046900558, "recall@10": 0.013726835964310227, "recall@5": 0.009608785175017159, "users_per_second": 620.0676803720252}
2026-09-07 08:27:36,561 | INFO | TRAIN step=38500 loss=0.003581 lr=0.00022792115
2026-09-07 08:27:38,051 | INFO | TRAIN step=38600 loss=0.004247 lr=0.00022762573
2026-09-07 08:27:39,553 | INFO | TRAIN step=38700 loss=0.004004 lr=0.00022733145
2026-09-07 08:27:41,906 | INFO | VALID step=38700 ndcg@10=0.006813 metrics={"evaluated_users": 1457, "hit@10": 0.012354152367879203, "hit@5": 0.008922443376801648, "ndcg@10": 0.00681278051594666, "ndcg@5": 0.00571557638698159, "recall@10": 0.012354152367879203, "recall@5": 0.008922443376801648, "users_per_second": 620.3631859345601}
2026-09-07 08:27:43,413 | INFO | TRAIN step=38800 loss=0.003823 lr=0.0002270383
2026-09-07 08:27:44,960 | INFO | TRAIN step=38900 loss=0.004121 lr=0.00022674629
2026-09-07 08:27:46,399 | INFO | TRAIN step=39000 loss=0.004286 lr=0.00022645541
2026-09-07 08:27:48,752 | INFO | VALID step=39000 ndcg@10=0.008772 metrics={"evaluated_users": 1457, "hit@10": 0.017844886753603295, "hit@5": 0.008922443376801648, "ndcg@10": 0.008771690024622863, "ndcg@5": 0.005913174669188706, "recall@10": 0.017844886753603295, "recall@5": 0.008922443376801648, "users_per_second": 620.3311491020391}
2026-09-07 08:27:50,191 | INFO | TRAIN step=39100 loss=0.003825 lr=0.00022616564
2026-09-07 08:27:51,627 | INFO | TRAIN step=39200 loss=0.004095 lr=0.00022587698
2026-09-07 08:27:53,064 | INFO | TRAIN step=39300 loss=0.003467 lr=0.00022558942
2026-09-07 08:27:55,419 | INFO | VALID step=39300 ndcg@10=0.007819 metrics={"evaluated_users": 1457, "hit@10": 0.015099519560741249, "hit@5": 0.008922443376801648, "ndcg@10": 0.007818780713227872, "ndcg@5": 0.005805438949487738, "recall@10": 0.015099519560741249, "recall@5": 0.008922443376801648, "users_per_second": 619.6193214316584}
2026-09-07 08:27:56,859 | INFO | TRAIN step=39400 loss=0.004043 lr=0.00022530295
2026-09-07 08:27:58,318 | INFO | TRAIN step=39500 loss=0.003997 lr=0.00022501758
2026-09-07 08:27:59,822 | INFO | TRAIN step=39600 loss=0.003747 lr=0.00022473329
2026-09-07 08:28:02,176 | INFO | VALID step=39600 ndcg@10=0.007625 metrics={"evaluated_users": 1457, "hit@10": 0.013726835964310227, "hit@5": 0.008922443376801648, "ndcg@10": 0.007625428726408597, "ndcg@5": 0.006183984509625424, "recall@10": 0.013726835964310227, "recall@5": 0.008922443376801648, "users_per_second": 619.992821376585}
2026-09-07 08:28:03,685 | INFO | TRAIN step=39700 loss=0.003096 lr=0.00022445007
2026-09-07 08:28:05,154 | INFO | TRAIN step=39800 loss=0.004438 lr=0.00022416792
2026-09-07 08:28:06,591 | INFO | TRAIN step=39900 loss=0.004807 lr=0.00022388683
2026-09-07 08:28:08,946 | INFO | VALID step=39900 ndcg@10=0.008329 metrics={"evaluated_users": 1457, "hit@10": 0.015785861358956762, "hit@5": 0.008236101578586136, "ndcg@10": 0.00832860756739523, "ndcg@5": 0.005918471258263351, "recall@10": 0.015785861358956762, "recall@5": 0.008236101578586136, "users_per_second": 619.7793709012522}
2026-09-07 08:28:10,387 | INFO | TRAIN step=40000 loss=0.003978 lr=0.0002236068
2026-09-07 08:28:11,824 | INFO | TRAIN step=40100 loss=0.004330 lr=0.00022332781
2026-09-07 08:28:13,262 | INFO | TRAIN step=40200 loss=0.003572 lr=0.00022304987
2026-09-07 08:28:15,615 | INFO | VALID step=40200 ndcg@10=0.007292 metrics={"evaluated_users": 1457, "hit@10": 0.013726835964310227, "hit@5": 0.008236101578586136, "ndcg@10": 0.007292111138011001, "ndcg@5": 0.005497642711409912, "recall@10": 0.013726835964310227, "recall@5": 0.008236101578586136, "users_per_second": 620.1288699197969}
2026-09-07 08:28:17,054 | INFO | TRAIN step=40300 loss=0.004677 lr=0.00022277296
2026-09-07 08:28:18,491 | INFO | TRAIN step=40400 loss=0.005267 lr=0.00022249708
2026-09-07 08:28:19,928 | INFO | TRAIN step=40500 loss=0.004365 lr=0.00022222222
2026-09-07 08:28:22,281 | INFO | VALID step=40500 ndcg@10=0.009027 metrics={"evaluated_users": 1457, "hit@10": 0.01990391214824983, "hit@5": 0.008236101578586136, "ndcg@10": 0.009026780453488264, "ndcg@5": 0.005450063135619516, "recall@10": 0.01990391214824983, "recall@5": 0.008236101578586136, "users_per_second": 620.2737482092225}
2026-09-07 08:28:23,828 | INFO | TRAIN step=40600 loss=0.003358 lr=0.00022194838
2026-09-07 08:28:25,266 | INFO | TRAIN step=40700 loss=0.004937 lr=0.00022167555
2026-09-07 08:28:26,702 | INFO | TRAIN step=40800 loss=0.003914 lr=0.00022140372
2026-09-07 08:28:29,058 | INFO | VALID step=40800 ndcg@10=0.008755 metrics={"evaluated_users": 1457, "hit@10": 0.017844886753603295, "hit@5": 0.008236101578586136, "ndcg@10": 0.008754830409726104, "ndcg@5": 0.0057330778908167, "recall@10": 0.017844886753603295, "recall@5": 0.008236101578586136, "users_per_second": 619.5668634420024}
2026-09-07 08:28:30,498 | INFO | TRAIN step=40900 loss=0.003492 lr=0.00022113289
2026-09-07 08:28:31,936 | INFO | TRAIN step=41000 loss=0.003739 lr=0.00022086305
2026-09-07 08:28:33,373 | INFO | TRAIN step=41100 loss=0.003460 lr=0.0002205942
2026-09-07 08:28:35,727 | INFO | VALID step=41100 ndcg@10=0.007500 metrics={"evaluated_users": 1457, "hit@10": 0.014413177762525738, "hit@5": 0.01029512697323267, "ndcg@10": 0.00750013755131655, "ndcg@5": 0.0061486098485954935, "recall@10": 0.014413177762525738, "recall@5": 0.01029512697323267, "users_per_second": 620.1166737892922}
2026-09-07 08:28:37,169 | INFO | TRAIN step=41200 loss=0.003972 lr=0.00022032632
2026-09-07 08:28:38,607 | INFO | TRAIN step=41300 loss=0.003790 lr=0.00022005942
2026-09-07 08:28:40,057 | INFO | TRAIN step=41400 loss=0.003762 lr=0.00021979349
2026-09-07 08:28:42,411 | INFO | VALID step=41400 ndcg@10=0.008510 metrics={"evaluated_users": 1457, "hit@10": 0.015785861358956762, "hit@5": 0.008236101578586136, "ndcg@10": 0.008510113845764014, "ndcg@5": 0.006094121947119276, "recall@10": 0.015785861358956762, "recall@5": 0.008236101578586136, "users_per_second": 620.0388053963961}
2026-09-07 08:28:43,925 | INFO | TRAIN step=41500 loss=0.005369 lr=0.00021952852
2026-09-07 08:28:45,460 | INFO | TRAIN step=41600 loss=0.004692 lr=0.0002192645
2026-09-07 08:28:46,962 | INFO | TRAIN step=41700 loss=0.004348 lr=0.00021900144
2026-09-07 08:28:49,315 | INFO | VALID step=41700 ndcg@10=0.007574 metrics={"evaluated_users": 1457, "hit@10": 0.013726835964310227, "hit@5": 0.0068634179821551134, "ndcg@10": 0.00757422064029445, "ndcg@5": 0.005395575234143298, "recall@10": 0.013726835964310227, "recall@5": 0.0068634179821551134, "users_per_second": 620.0712155885253}
2026-09-07 08:28:50,788 | INFO | TRAIN step=41800 loss=0.004612 lr=0.00021873932
2026-09-07 08:28:52,302 | INFO | TRAIN step=41900 loss=0.003803 lr=0.00021847814
2026-09-07 08:28:53,812 | INFO | TRAIN step=42000 loss=0.003016 lr=0.00021821789
2026-09-07 08:28:56,166 | INFO | VALID step=42000 ndcg@10=0.006999 metrics={"evaluated_users": 1457, "hit@10": 0.013726835964310227, "hit@5": 0.0075497597803706245, "ndcg@10": 0.006999064902006469, "ndcg@5": 0.005064609249796009, "recall@10": 0.013726835964310227, "recall@5": 0.0075497597803706245, "users_per_second": 619.8338678197636}
2026-09-07 08:28:57,609 | INFO | TRAIN step=42100 loss=0.004111 lr=0.00021795857
2026-09-07 08:28:59,156 | INFO | TRAIN step=42200 loss=0.002889 lr=0.00021770017
2026-09-07 08:29:00,595 | INFO | TRAIN step=42300 loss=0.003205 lr=0.00021744269
2026-09-07 08:29:02,950 | INFO | VALID step=42300 ndcg@10=0.008025 metrics={"evaluated_users": 1457, "hit@10": 0.016472203157172273, "hit@5": 0.008236101578586136, "ndcg@10": 0.008024779672260672, "ndcg@5": 0.005432561631784406, "recall@10": 0.016472203157172273, "recall@5": 0.008236101578586136, "users_per_second": 619.6937763010767}
2026-09-07 08:29:04,453 | INFO | TRAIN step=42400 loss=0.003556 lr=0.00021718612
2026-09-07 08:29:05,955 | INFO | TRAIN step=42500 loss=0.003333 lr=0.00021693046
2026-09-07 08:29:07,457 | INFO | TRAIN step=42600 loss=0.003272 lr=0.0002166757
2026-09-07 08:29:09,812 | INFO | VALID step=42600 ndcg@10=0.007934 metrics={"evaluated_users": 1457, "hit@10": 0.015099519560741249, "hit@5": 0.0075497597803706245, "ndcg@10": 0.007934474883089583, "ndcg@5": 0.0054553597246941605, "recall@10": 0.015099519560741249, "recall@5": 0.0075497597803706245, "users_per_second": 619.7598118916375}
2026-09-07 08:29:11,315 | INFO | TRAIN step=42700 loss=0.004442 lr=0.00021642183
2026-09-07 08:29:12,755 | INFO | TRAIN step=42800 loss=0.004199 lr=0.00021616885
2026-09-07 08:29:14,190 | INFO | TRAIN step=42900 loss=0.003735 lr=0.00021591676
2026-09-07 08:29:16,545 | INFO | VALID step=42900 ndcg@10=0.006147 metrics={"evaluated_users": 1457, "hit@10": 0.013040494166094716, "hit@5": 0.00549073438572409, "ndcg@10": 0.006147086832683254, "ndcg@5": 0.0037870848049457785, "recall@10": 0.013040494166094716, "recall@5": 0.00549073438572409, "users_per_second": 619.8321453336162}
2026-09-07 08:29:17,984 | INFO | TRAIN step=43000 loss=0.003374 lr=0.00021566555
2026-09-07 08:29:19,421 | INFO | TRAIN step=43100 loss=0.003572 lr=0.00021541521
2026-09-07 08:29:20,877 | INFO | TRAIN step=43200 loss=0.004273 lr=0.00021516574
2026-09-07 08:29:23,231 | INFO | VALID step=43200 ndcg@10=0.006919 metrics={"evaluated_users": 1457, "hit@10": 0.014413177762525738, "hit@5": 0.0061770761839396015, "ndcg@10": 0.006918514410893582, "ndcg@5": 0.0043099808290658305, "recall@10": 0.014413177762525738, "recall@5": 0.0061770761839396015, "users_per_second": 620.2137862675403}
2026-09-07 08:29:24,733 | INFO | TRAIN step=43300 loss=0.003744 lr=0.00021491714
2026-09-07 08:29:26,241 | INFO | TRAIN step=43400 loss=0.003189 lr=0.0002146694
2026-09-07 08:29:27,745 | INFO | TRAIN step=43500 loss=0.003954 lr=0.00021442251
2026-09-07 08:29:30,098 | INFO | VALID step=43500 ndcg@10=0.006631 metrics={"evaluated_users": 1457, "hit@10": 0.013726835964310227, "hit@5": 0.004804392587508579, "ndcg@10": 0.0066311142148743904, "ndcg@5": 0.0037395052291553823, "recall@10": 0.013726835964310227, "recall@5": 0.004804392587508579, "users_per_second": 620.2087553552934}
2026-09-07 08:29:31,565 | INFO | TRAIN step=43600 loss=0.004722 lr=0.00021417647
2026-09-07 08:29:33,051 | INFO | TRAIN step=43700 loss=0.003708 lr=0.00021393127
2026-09-07 08:29:34,651 | INFO | TRAIN step=43800 loss=0.003835 lr=0.00021368692
2026-09-07 08:29:37,005 | INFO | VALID step=43800 ndcg@10=0.006979 metrics={"evaluated_users": 1457, "hit@10": 0.014413177762525738, "hit@5": 0.0068634179821551134, "ndcg@10": 0.006978724820999275, "ndcg@5": 0.00456612305519689, "recall@10": 0.014413177762525738, "recall@5": 0.0068634179821551134, "users_per_second": 619.9027731516741}
2026-09-07 08:29:38,623 | INFO | TRAIN step=43900 loss=0.002965 lr=0.0002134434
2026-09-07 08:29:40,081 | INFO | TRAIN step=44000 loss=0.003668 lr=0.00021320072
2026-09-07 08:29:41,517 | INFO | TRAIN step=44100 loss=0.003826 lr=0.00021295885
2026-09-07 08:29:43,871 | INFO | VALID step=44100 ndcg@10=0.007715 metrics={"evaluated_users": 1457, "hit@10": 0.015785861358956762, "hit@5": 0.008236101578586136, "ndcg@10": 0.0077145393606982745, "ndcg@5": 0.005252464853412401, "recall@10": 0.015785861358956762, "recall@5": 0.008236101578586136, "users_per_second": 620.020808924791}
2026-09-07 08:29:45,309 | INFO | TRAIN step=44200 loss=0.004001 lr=0.00021271781
2026-09-07 08:29:46,746 | INFO | TRAIN step=44300 loss=0.004283 lr=0.00021247759
2026-09-07 08:29:48,183 | INFO | TRAIN step=44400 loss=0.003578 lr=0.00021223818
2026-09-07 08:29:50,536 | INFO | VALID step=44400 ndcg@10=0.008329 metrics={"evaluated_users": 1457, "hit@10": 0.015785861358956762, "hit@5": 0.008236101578586136, "ndcg@10": 0.008328661518951197, "ndcg@5": 0.006008333820769499, "recall@10": 0.015785861358956762, "recall@5": 0.008236101578586136, "users_per_second": 620.2897521187812}
2026-09-07 08:29:51,975 | INFO | TRAIN step=44500 loss=0.003499 lr=0.00021199958
2026-09-07 08:29:53,412 | INFO | TRAIN step=44600 loss=0.003082 lr=0.00021176177
2026-09-07 08:29:54,851 | INFO | TRAIN step=44700 loss=0.003232 lr=0.00021152477
2026-09-07 08:29:57,205 | INFO | VALID step=44700 ndcg@10=0.008017 metrics={"evaluated_users": 1457, "hit@10": 0.015099519560741249, "hit@5": 0.008922443376801648, "ndcg@10": 0.008017177985923744, "ndcg@5": 0.0060587472860893455, "recall@10": 0.015099519560741249, "recall@5": 0.008922443376801648, "users_per_second": 619.9422123774917}
2026-09-07 08:29:58,646 | INFO | TRAIN step=44800 loss=0.003233 lr=0.00021128856
2026-09-07 08:30:00,084 | INFO | TRAIN step=44900 loss=0.002666 lr=0.00021105314
2026-09-07 08:30:01,521 | INFO | TRAIN step=45000 loss=0.003507 lr=0.00021081851
2026-09-07 08:30:03,875 | INFO | VALID step=45000 ndcg@10=0.007376 metrics={"evaluated_users": 1457, "hit@10": 0.013726835964310227, "hit@5": 0.0075497597803706245, "ndcg@10": 0.00737647731731427, "ndcg@5": 0.005467564639454627, "recall@10": 0.013726835964310227, "recall@5": 0.0075497597803706245, "users_per_second": 619.947943422587}
2026-09-07 08:30:05,317 | INFO | TRAIN step=45100 loss=0.004358 lr=0.00021058466
2026-09-07 08:30:06,755 | INFO | TRAIN step=45200 loss=0.002954 lr=0.00021035158
2026-09-07 08:30:08,192 | INFO | TRAIN step=45300 loss=0.004190 lr=0.00021011928
2026-09-07 08:30:10,547 | INFO | VALID step=45300 ndcg@10=0.007665 metrics={"evaluated_users": 1457, "hit@10": 0.014413177762525738, "hit@5": 0.0068634179821551134, "ndcg@10": 0.007665441771277422, "ndcg@5": 0.005159768401376801, "recall@10": 0.014413177762525738, "recall@5": 0.0068634179821551134, "users_per_second": 619.850062948441}
2026-09-07 08:30:12,024 | INFO | TRAIN step=45400 loss=0.003838 lr=0.00020988774
2026-09-07 08:30:13,481 | INFO | TRAIN step=45500 loss=0.003095 lr=0.00020965697
2026-09-07 08:30:15,021 | INFO | TRAIN step=45600 loss=0.003427 lr=0.00020942695
2026-09-07 08:30:17,373 | INFO | VALID step=45600 ndcg@10=0.009611 metrics={"evaluated_users": 1457, "hit@10": 0.019217570350034317, "hit@5": 0.01029512697323267, "ndcg@10": 0.009610727317234138, "ndcg@5": 0.006787372071020609, "recall@10": 0.019217570350034317, "recall@5": 0.01029512697323267, "users_per_second": 620.585230891697}
2026-09-07 08:30:18,811 | INFO | TRAIN step=45700 loss=0.003446 lr=0.0002091977
2026-09-07 08:30:20,240 | INFO | TRAIN step=45800 loss=0.003990 lr=0.00020896919
2026-09-07 08:30:21,672 | INFO | TRAIN step=45900 loss=0.002816 lr=0.00020874143
2026-09-07 08:30:24,022 | INFO | VALID step=45900 ndcg@10=0.008367 metrics={"evaluated_users": 1457, "hit@10": 0.016472203157172273, "hit@5": 0.008236101578586136, "ndcg@10": 0.008366527876692077, "ndcg@5": 0.005677367836422209, "recall@10": 0.016472203157172273, "recall@5": 0.008236101578586136, "users_per_second": 620.8661149391154}
2026-09-07 08:30:25,456 | INFO | TRAIN step=46000 loss=0.003579 lr=0.00020851441
2026-09-07 08:30:26,888 | INFO | TRAIN step=46100 loss=0.003601 lr=0.00020828814
2026-09-07 08:30:28,320 | INFO | TRAIN step=46200 loss=0.003712 lr=0.00020806259
2026-09-07 08:30:30,674 | INFO | VALID step=46200 ndcg@10=0.007370 metrics={"evaluated_users": 1457, "hit@10": 0.013040494166094716, "hit@5": 0.0075497597803706245, "ndcg@10": 0.007369511732647014, "ndcg@5": 0.0056350848497064565, "recall@10": 0.013040494166094716, "recall@5": 0.0075497597803706245, "users_per_second": 620.0154298817088}
2026-09-07 08:30:32,108 | INFO | TRAIN step=46300 loss=0.003081 lr=0.00020783778
2026-09-07 08:30:33,540 | INFO | TRAIN step=46400 loss=0.002970 lr=0.0002076137
2026-09-07 08:30:34,972 | INFO | TRAIN step=46500 loss=0.003061 lr=0.00020739034
2026-09-07 08:30:37,327 | INFO | VALID step=46500 ndcg@10=0.008428 metrics={"evaluated_users": 1457, "hit@10": 0.016472203157172273, "hit@5": 0.008922443376801648, "ndcg@10": 0.008427788265845415, "ndcg@5": 0.005942881087784283, "recall@10": 0.016472203157172273, "recall@5": 0.008922443376801648, "users_per_second": 619.6374454162612}
2026-09-07 08:30:38,764 | INFO | TRAIN step=46600 loss=0.002577 lr=0.0002071677
2026-09-07 08:30:40,199 | INFO | TRAIN step=46700 loss=0.004183 lr=0.00020694577
2026-09-07 08:30:41,632 | INFO | TRAIN step=46800 loss=0.003749 lr=0.00020672456
2026-09-07 08:30:43,984 | INFO | VALID step=46800 ndcg@10=0.008274 metrics={"evaluated_users": 1457, "hit@10": 0.016472203157172273, "hit@5": 0.008236101578586136, "ndcg@10": 0.008273965321493918, "ndcg@5": 0.005643215328310552, "recall@10": 0.016472203157172273, "recall@5": 0.008236101578586136, "users_per_second": 620.4911824022638}
2026-09-07 08:30:45,418 | INFO | TRAIN step=46900 loss=0.002835 lr=0.00020650405
2026-09-07 08:30:46,851 | INFO | TRAIN step=47000 loss=0.002820 lr=0.00020628425
2026-09-07 08:30:48,285 | INFO | TRAIN step=47100 loss=0.002776 lr=0.00020606515
2026-09-07 08:30:50,637 | INFO | VALID step=47100 ndcg@10=0.006951 metrics={"evaluated_users": 1457, "hit@10": 0.012354152367879203, "hit@5": 0.0068634179821551134, "ndcg@10": 0.00695092227072255, "ndcg@5": 0.005124393740346871, "recall@10": 0.012354152367879203, "recall@5": 0.0068634179821551134, "users_per_second": 620.540759538697}
2026-09-07 08:30:52,074 | INFO | TRAIN step=47200 loss=0.003629 lr=0.00020584674
2026-09-07 08:30:53,615 | INFO | TRAIN step=47300 loss=0.002885 lr=0.00020562903
2026-09-07 08:30:55,047 | INFO | TRAIN step=47400 loss=0.004113 lr=0.00020541201
2026-09-07 08:30:57,401 | INFO | VALID step=47400 ndcg@10=0.007723 metrics={"evaluated_users": 1457, "hit@10": 0.014413177762525738, "hit@5": 0.0075497597803706245, "ndcg@10": 0.007723385963356579, "ndcg@5": 0.005497642711409912, "recall@10": 0.014413177762525738, "recall@5": 0.0075497597803706245, "users_per_second": 619.9378239747672}
2026-09-07 08:30:58,836 | INFO | TRAIN step=47500 loss=0.003427 lr=0.00020519567
2026-09-07 08:31:00,268 | INFO | TRAIN step=47600 loss=0.003154 lr=0.00020498002
2026-09-07 08:31:01,700 | INFO | TRAIN step=47700 loss=0.002980 lr=0.00020476504
2026-09-07 08:31:04,054 | INFO | VALID step=47700 ndcg@10=0.006617 metrics={"evaluated_users": 1457, "hit@10": 0.012354152367879203, "hit@5": 0.0061770761839396015, "ndcg@10": 0.006616913594948134, "ndcg@5": 0.004635650224338476, "recall@10": 0.012354152367879203, "recall@5": 0.0061770761839396015, "users_per_second": 619.8314723289051}
2026-09-07 08:31:05,489 | INFO | TRAIN step=47800 loss=0.003734 lr=0.00020455074
2026-09-07 08:31:06,922 | INFO | TRAIN step=47900 loss=0.003908 lr=0.00020433711
2026-09-07 08:31:08,355 | INFO | TRAIN step=48000 loss=0.002774 lr=0.00020412415
2026-09-07 08:31:10,710 | INFO | VALID step=48000 ndcg@10=0.007423 metrics={"evaluated_users": 1457, "hit@10": 0.013726835964310227, "hit@5": 0.008922443376801648, "ndcg@10": 0.00742263550154242, "ndcg@5": 0.005865223440038601, "recall@10": 0.013726835964310227, "recall@5": 0.008922443376801648, "users_per_second": 619.8088084807979}
2026-09-07 08:31:12,145 | INFO | TRAIN step=48100 loss=0.002610 lr=0.00020391185
2026-09-07 08:31:13,579 | INFO | TRAIN step=48200 loss=0.002915 lr=0.00020370021
2026-09-07 08:31:15,011 | INFO | TRAIN step=48300 loss=0.004011 lr=0.00020348923
2026-09-07 08:31:17,364 | INFO | VALID step=48300 ndcg@10=0.007234 metrics={"evaluated_users": 1457, "hit@10": 0.013726835964310227, "hit@5": 0.0068634179821551134, "ndcg@10": 0.007233965539234464, "ndcg@5": 0.0050386056139970934, "recall@10": 0.013726835964310227, "recall@5": 0.0068634179821551134, "users_per_second": 620.2190196240903}
2026-09-07 08:31:18,799 | INFO | TRAIN step=48400 loss=0.003708 lr=0.00020327891
2026-09-07 08:31:20,231 | INFO | TRAIN step=48500 loss=0.002974 lr=0.00020306923
2026-09-07 08:31:21,664 | INFO | TRAIN step=48600 loss=0.002357 lr=0.00020286021
2026-09-07 08:31:24,013 | INFO | VALID step=48600 ndcg@10=0.007036 metrics={"evaluated_users": 1457, "hit@10": 0.013726835964310227, "hit@5": 0.0068634179821551134, "ndcg@10": 0.0070364365767861215, "ndcg@5": 0.004901163475700549, "recall@10": 0.013726835964310227, "recall@5": 0.0068634179821551134, "users_per_second": 621.2355507379488}
2026-09-07 08:31:25,445 | INFO | TRAIN step=48700 loss=0.003613 lr=0.00020265182
2026-09-07 08:31:26,878 | INFO | TRAIN step=48800 loss=0.002761 lr=0.00020244408
2026-09-07 08:31:28,417 | INFO | TRAIN step=48900 loss=0.003446 lr=0.00020223698
2026-09-07 08:31:30,766 | INFO | VALID step=48900 ndcg@10=0.006275 metrics={"evaluated_users": 1457, "hit@10": 0.013040494166094716, "hit@5": 0.00549073438572409, "ndcg@10": 0.006274760854147833, "ndcg@5": 0.003889152282212393, "recall@10": 0.013040494166094716, "recall@5": 0.00549073438572409, "users_per_second": 621.1908567643662}
2026-09-07 08:31:32,200 | INFO | TRAIN step=49000 loss=0.003594 lr=0.00020203051
2026-09-07 08:31:33,631 | INFO | TRAIN step=49100 loss=0.004581 lr=0.00020182467
2026-09-07 08:31:35,061 | INFO | TRAIN step=49200 loss=0.002807 lr=0.00020161946
2026-09-07 08:31:37,412 | INFO | VALID step=49200 ndcg@10=0.006367 metrics={"evaluated_users": 1457, "hit@10": 0.012354152367879203, "hit@5": 0.0061770761839396015, "ndcg@10": 0.006367135429680159, "ndcg@5": 0.004468130014086646, "recall@10": 0.012354152367879203, "recall@5": 0.0061770761839396015, "users_per_second": 620.6711007590669}
2026-09-07 08:31:38,845 | INFO | TRAIN step=49300 loss=0.003115 lr=0.00020141487
2026-09-07 08:31:40,274 | INFO | TRAIN step=49400 loss=0.003214 lr=0.00020121091
2026-09-07 08:31:41,704 | INFO | TRAIN step=49500 loss=0.003090 lr=0.00020100756
2026-09-07 08:31:44,056 | INFO | VALID step=49500 ndcg@10=0.006385 metrics={"evaluated_users": 1457, "hit@10": 0.01098146877144818, "hit@5": 0.0068634179821551134, "ndcg@10": 0.006385199241378949, "ndcg@5": 0.005082110753631119, "recall@10": 0.01098146877144818, "recall@5": 0.0068634179821551134, "users_per_second": 620.5966687491801}
2026-09-07 08:31:45,489 | INFO | TRAIN step=49600 loss=0.004299 lr=0.00020080483
2026-09-07 08:31:46,920 | INFO | TRAIN step=49700 loss=0.003147 lr=0.00020060271
2026-09-07 08:31:48,353 | INFO | TRAIN step=49800 loss=0.002948 lr=0.0002004012
2026-09-07 08:31:50,704 | INFO | VALID step=49800 ndcg@10=0.005476 metrics={"evaluated_users": 1457, "hit@10": 0.008922443376801648, "hit@5": 0.0075497597803706245, "ndcg@10": 0.005475911364724345, "ndcg@5": 0.004986951602050327, "recall@10": 0.008922443376801648, "recall@5": 0.0075497597803706245, "users_per_second": 620.7308542604226}
2026-09-07 08:31:52,204 | INFO | TRAIN step=49900 loss=0.002020 lr=0.0002002003
2026-09-07 08:31:53,706 | INFO | TRAIN step=50000 loss=0.003059 lr=0.0002
2026-09-07 08:31:55,160 | INFO | TRAIN step=50100 loss=0.003531 lr=0.0001998003
2026-09-07 08:31:57,510 | INFO | VALID step=50100 ndcg@10=0.006696 metrics={"evaluated_users": 1457, "hit@10": 0.013040494166094716, "hit@5": 0.0075497597803706245, "ndcg@10": 0.006696484844346363, "ndcg@5": 0.005046736092601189, "recall@10": 0.013040494166094716, "recall@5": 0.0075497597803706245, "users_per_second": 620.8836710189781}
2026-09-07 08:31:58,945 | INFO | TRAIN step=50200 loss=0.003114 lr=0.0001996012
2026-09-07 08:32:00,379 | INFO | TRAIN step=50300 loss=0.003105 lr=0.00019940269
2026-09-07 08:32:01,811 | INFO | TRAIN step=50400 loss=0.002939 lr=0.00019920477
2026-09-07 08:32:04,167 | INFO | VALID step=50400 ndcg@10=0.005860 metrics={"evaluated_users": 1457, "hit@10": 0.011667810569663692, "hit@5": 0.004118050789293068, "ndcg@10": 0.005860427305902393, "ndcg@5": 0.0033581257794882448, "recall@10": 0.011667810569663692, "recall@5": 0.004118050789293068, "users_per_second": 619.5557134098138}
2026-09-07 08:32:05,601 | INFO | TRAIN step=50500 loss=0.003002 lr=0.00019900744
2026-09-07 08:32:07,142 | INFO | TRAIN step=50600 loss=0.003020 lr=0.00019881069
2026-09-07 08:32:08,575 | INFO | TRAIN step=50700 loss=0.002559 lr=0.00019861453
2026-09-07 08:32:10,929 | INFO | VALID step=50700 ndcg@10=0.005995 metrics={"evaluated_users": 1457, "hit@10": 0.01029512697323267, "hit@5": 0.0061770761839396015, "ndcg@10": 0.005994835738475664, "ndcg@5": 0.004653151728173586, "recall@10": 0.01029512697323267, "recall@5": 0.0061770761839396015, "users_per_second": 619.9831730620286}
2026-09-07 08:32:12,364 | INFO | TRAIN step=50800 loss=0.002800 lr=0.00019841895
2026-09-07 08:32:13,801 | INFO | TRAIN step=50900 loss=0.002593 lr=0.00019822394
2026-09-07 08:32:15,234 | INFO | TRAIN step=51000 loss=0.002574 lr=0.00019802951
2026-09-07 08:32:17,588 | INFO | VALID step=51000 ndcg@10=0.005966 metrics={"evaluated_users": 1457, "hit@10": 0.012354152367879203, "hit@5": 0.0061770761839396015, "ndcg@10": 0.005966166687850244, "ndcg@5": 0.004047301467233208, "recall@10": 0.012354152367879203, "recall@5": 0.0061770761839396015, "users_per_second": 619.8616558354029}
2026-09-07 08:32:19,023 | INFO | TRAIN step=51100 loss=0.002653 lr=0.00019783565
2026-09-07 08:32:20,456 | INFO | TRAIN step=51200 loss=0.002488 lr=0.00019764235
2026-09-07 08:32:21,891 | INFO | TRAIN step=51300 loss=0.002673 lr=0.00019744963
2026-09-07 08:32:24,244 | INFO | VALID step=51300 ndcg@10=0.006809 metrics={"evaluated_users": 1457, "hit@10": 0.013040494166094716, "hit@5": 0.0075497597803706245, "ndcg@10": 0.0068091261260718045, "ndcg@5": 0.005046736092601189, "recall@10": 0.013040494166094716, "recall@5": 0.0075497597803706245, "users_per_second": 620.0737087827588}
2026-09-07 08:32:25,680 | INFO | TRAIN step=51400 loss=0.002829 lr=0.00019725746
2026-09-07 08:32:27,115 | INFO | TRAIN step=51500 loss=0.002391 lr=0.00019706586
2026-09-07 08:32:28,550 | INFO | TRAIN step=51600 loss=0.002820 lr=0.00019687481
2026-09-07 08:32:30,903 | INFO | VALID step=51600 ndcg@10=0.006718 metrics={"evaluated_users": 1457, "hit@10": 0.012354152367879203, "hit@5": 0.0075497597803706245, "ndcg@10": 0.006718162239475962, "ndcg@5": 0.005214256302853019, "recall@10": 0.012354152367879203, "recall@5": 0.0075497597803706245, "users_per_second": 620.0877913012287}
2026-09-07 08:32:32,337 | INFO | TRAIN step=51700 loss=0.002302 lr=0.00019668431
2026-09-07 08:32:33,772 | INFO | TRAIN step=51800 loss=0.002429 lr=0.00019649437
2026-09-07 08:32:35,206 | INFO | TRAIN step=51900 loss=0.003648 lr=0.00019630498
2026-09-07 08:32:37,561 | INFO | VALID step=51900 ndcg@10=0.006163 metrics={"evaluated_users": 1457, "hit@10": 0.011667810569663692, "hit@5": 0.008922443376801648, "ndcg@10": 0.00616330589911282, "ndcg@5": 0.005247168264337757, "recall@10": 0.011667810569663692, "recall@5": 0.008922443376801648, "users_per_second": 619.811847780915}
2026-09-07 08:32:38,998 | INFO | TRAIN step=52000 loss=0.003743 lr=0.00019611614
2026-09-07 08:32:40,432 | INFO | TRAIN step=52100 loss=0.003225 lr=0.00019592783
2026-09-07 08:32:41,867 | INFO | TRAIN step=52200 loss=0.003158 lr=0.00019574007
2026-09-07 08:32:44,221 | INFO | VALID step=52200 ndcg@10=0.006293 metrics={"evaluated_users": 1457, "hit@10": 0.011667810569663692, "hit@5": 0.008236101578586136, "ndcg@10": 0.006293282019869257, "ndcg@5": 0.005226461217613486, "recall@10": 0.011667810569663692, "recall@5": 0.008236101578586136, "users_per_second": 620.1254307721035}
2026-09-07 08:32:45,764 | INFO | TRAIN step=52300 loss=0.003374 lr=0.00019555285
2026-09-07 08:32:47,196 | INFO | TRAIN step=52400 loss=0.003233 lr=0.00019536617
2026-09-07 08:32:48,629 | INFO | TRAIN step=52500 loss=0.002596 lr=0.00019518001
2026-09-07 08:32:50,983 | INFO | VALID step=52500 ndcg@10=0.008195 metrics={"evaluated_users": 1457, "hit@10": 0.015785861358956762, "hit@5": 0.008236101578586136, "ndcg@10": 0.008194562957141334, "ndcg@5": 0.0058148099747187525, "recall@10": 0.015785861358956762, "recall@5": 0.008236101578586136, "users_per_second": 619.9318122083246}
2026-09-07 08:32:52,421 | INFO | TRAIN step=52600 loss=0.002407 lr=0.00019499439
2026-09-07 08:32:53,856 | INFO | TRAIN step=52700 loss=0.003165 lr=0.0001948093
2026-09-07 08:32:55,291 | INFO | TRAIN step=52800 loss=0.003550 lr=0.00019462474
2026-09-07 08:32:57,642 | INFO | VALID step=52800 ndcg@10=0.007308 metrics={"evaluated_users": 1457, "hit@10": 0.014413177762525738, "hit@5": 0.008236101578586136, "ndcg@10": 0.007307751466105086, "ndcg@5": 0.005256539289568771, "recall@10": 0.014413177762525738, "recall@5": 0.008236101578586136, "users_per_second": 620.8938382490912}
2026-09-07 08:32:59,078 | INFO | TRAIN step=52900 loss=0.003475 lr=0.00019444069
2026-09-07 08:33:00,514 | INFO | TRAIN step=53000 loss=0.002796 lr=0.00019425717
2026-09-07 08:33:01,948 | INFO | TRAIN step=53100 loss=0.003173 lr=0.00019407417
2026-09-07 08:33:04,301 | INFO | VALID step=53100 ndcg@10=0.007200 metrics={"evaluated_users": 1457, "hit@10": 0.013726835964310227, "hit@5": 0.008236101578586136, "ndcg@10": 0.0072004309853987754, "ndcg@5": 0.0054199850636642306, "recall@10": 0.013726835964310227, "recall@5": 0.008236101578586136, "users_per_second": 620.2804262008397}
2026-09-07 08:33:05,739 | INFO | TRAIN step=53200 loss=0.002466 lr=0.00019389168
2026-09-07 08:33:07,175 | INFO | TRAIN step=53300 loss=0.002290 lr=0.00019370971
2026-09-07 08:33:08,611 | INFO | TRAIN step=53400 loss=0.002282 lr=0.00019352825
2026-09-07 08:33:10,965 | INFO | VALID step=53400 ndcg@10=0.007441 metrics={"evaluated_users": 1457, "hit@10": 0.014413177762525738, "hit@5": 0.0075497597803706245, "ndcg@10": 0.0074414965219489464, "ndcg@5": 0.005261835878643415, "recall@10": 0.014413177762525738, "recall@5": 0.0075497597803706245, "users_per_second": 620.0947919384498}
2026-09-07 08:33:12,403 | INFO | TRAIN step=53500 loss=0.003041 lr=0.0001933473
2026-09-07 08:33:13,837 | INFO | TRAIN step=53600 loss=0.002454 lr=0.00019316685
2026-09-07 08:33:15,286 | INFO | TRAIN step=53700 loss=0.003070 lr=0.00019298691
2026-09-07 08:33:17,637 | INFO | VALID step=53700 ndcg@10=0.007617 metrics={"evaluated_users": 1457, "hit@10": 0.015099519560741249, "hit@5": 0.008236101578586136, "ndcg@10": 0.007617345310076787, "ndcg@5": 0.005389906991708945, "recall@10": 0.015099519560741249, "recall@5": 0.008236101578586136, "users_per_second": 620.5718156442487}
2026-09-07 08:33:19,081 | INFO | TRAIN step=53800 loss=0.002501 lr=0.00019280747
2026-09-07 08:33:20,515 | INFO | TRAIN step=53900 loss=0.002481 lr=0.00019262853
2026-09-07 08:33:22,055 | INFO | TRAIN step=54000 loss=0.002090 lr=0.00019245009
2026-09-07 08:33:24,410 | INFO | VALID step=54000 ndcg@10=0.007817 metrics={"evaluated_users": 1457, "hit@10": 0.013726835964310227, "hit@5": 0.008922443376801648, "ndcg@10": 0.007817363768463145, "ndcg@5": 0.006273847072131572, "recall@10": 0.013726835964310227, "recall@5": 0.008922443376801648, "users_per_second": 619.786559044985}
2026-09-07 08:33:25,857 | INFO | TRAIN step=54100 loss=0.002616 lr=0.00019227214
2026-09-07 08:33:27,289 | INFO | TRAIN step=54200 loss=0.003435 lr=0.00019209469
2026-09-07 08:33:28,722 | INFO | TRAIN step=54300 loss=0.001984 lr=0.00019191772
2026-09-07 08:33:31,076 | INFO | VALID step=54300 ndcg@10=0.006733 metrics={"evaluated_users": 1457, "hit@10": 0.011667810569663692, "hit@5": 0.008922443376801648, "ndcg@10": 0.006733459622519994, "ndcg@5": 0.005870891682472954, "recall@10": 0.011667810569663692, "recall@5": 0.008922443376801648, "users_per_second": 620.088367287724}
2026-09-07 08:33:32,514 | INFO | TRAIN step=54400 loss=0.002775 lr=0.00019174125
2026-09-07 08:33:33,949 | INFO | TRAIN step=54500 loss=0.003643 lr=0.00019156526
2026-09-07 08:33:35,385 | INFO | TRAIN step=54600 loss=0.003212 lr=0.00019138975
2026-09-07 08:33:37,741 | INFO | VALID step=54600 ndcg@10=0.007478 metrics={"evaluated_users": 1457, "hit@10": 0.013726835964310227, "hit@5": 0.008922443376801648, "ndcg@10": 0.007477964725595885, "ndcg@5": 0.005986386227418308, "recall@10": 0.013726835964310227, "recall@5": 0.008922443376801648, "users_per_second": 619.5055575820901}
2026-09-07 08:33:39,234 | INFO | TRAIN step=54700 loss=0.003122 lr=0.00019121473
2026-09-07 08:33:40,741 | INFO | TRAIN step=54800 loss=0.003381 lr=0.00019104018
2026-09-07 08:33:42,212 | INFO | TRAIN step=54900 loss=0.002985 lr=0.00019086611
2026-09-07 08:33:44,567 | INFO | VALID step=54900 ndcg@10=0.006849 metrics={"evaluated_users": 1457, "hit@10": 0.012354152367879203, "hit@5": 0.0068634179821551134, "ndcg@10": 0.006848575223258104, "ndcg@5": 0.0050861851897874896, "recall@10": 0.012354152367879203, "recall@5": 0.0068634179821551134, "users_per_second": 619.7982285012054}
2026-09-07 08:33:46,013 | INFO | TRAIN step=55000 loss=0.002720 lr=0.00019069252
2026-09-07 08:33:47,451 | INFO | TRAIN step=55100 loss=0.004168 lr=0.0001905194
2026-09-07 08:33:48,886 | INFO | TRAIN step=55200 loss=0.003137 lr=0.00019034675
2026-09-07 08:33:51,239 | INFO | VALID step=55200 ndcg@10=0.006512 metrics={"evaluated_users": 1457, "hit@10": 0.01098146877144818, "hit@5": 0.0068634179821551134, "ndcg@10": 0.006511657005264157, "ndcg@5": 0.005202051388092553, "recall@10": 0.01098146877144818, "recall@5": 0.0068634179821551134, "users_per_second": 620.1238799602813}
2026-09-07 08:33:52,677 | INFO | TRAIN step=55300 loss=0.003969 lr=0.00019017457
2026-09-07 08:33:54,111 | INFO | TRAIN step=55400 loss=0.002516 lr=0.00019000285
2026-09-07 08:33:55,583 | INFO | TRAIN step=55500 loss=0.003326 lr=0.0001898316
2026-09-07 08:33:57,936 | INFO | VALID step=55500 ndcg@10=0.007704 metrics={"evaluated_users": 1457, "hit@10": 0.014413177762525738, "hit@5": 0.0075497597803706245, "ndcg@10": 0.007704347912224918, "ndcg@5": 0.0055574272019607756, "recall@10": 0.014413177762525738, "recall@5": 0.0075497597803706245, "users_per_second": 620.3009102643674}
2026-09-07 08:33:59,479 | INFO | TRAIN step=55600 loss=0.002562 lr=0.00018966081
2026-09-07 08:34:00,914 | INFO | TRAIN step=55700 loss=0.002813 lr=0.00018949048
2026-09-07 08:34:02,348 | INFO | TRAIN step=55800 loss=0.002462 lr=0.00018932061
2026-09-07 08:34:04,700 | INFO | VALID step=55800 ndcg@10=0.007130 metrics={"evaluated_users": 1457, "hit@10": 0.012354152367879203, "hit@5": 0.0075497597803706245, "ndcg@10": 0.007129583956936124, "ndcg@5": 0.005527720783365198, "recall@10": 0.012354152367879203, "recall@5": 0.0075497597803706245, "users_per_second": 620.58261825041}
2026-09-07 08:34:06,152 | INFO | TRAIN step=55900 loss=0.002803 lr=0.0001891512
2026-09-07 08:34:07,647 | INFO | TRAIN step=56000 loss=0.002365 lr=0.00018898224
2026-09-07 08:34:09,145 | INFO | TRAIN step=56100 loss=0.002021 lr=0.00018881373
2026-09-07 08:34:11,496 | INFO | VALID step=56100 ndcg@10=0.007056 metrics={"evaluated_users": 1457, "hit@10": 0.012354152367879203, "hit@5": 0.008236101578586136, "ndcg@10": 0.007056031933499678, "ndcg@5": 0.005793234034727273, "recall@10": 0.012354152367879203, "recall@5": 0.008236101578586136, "users_per_second": 620.81589109543}
2026-09-07 08:34:12,945 | INFO | TRAIN step=56200 loss=0.002518 lr=0.00018864567
2026-09-07 08:34:14,378 | INFO | TRAIN step=56300 loss=0.002613 lr=0.00018847806
2026-09-07 08:34:15,814 | INFO | TRAIN step=56400 loss=0.003394 lr=0.00018831089
2026-09-07 08:34:18,168 | INFO | VALID step=56400 ndcg@10=0.006980 metrics={"evaluated_users": 1457, "hit@10": 0.012354152367879203, "hit@5": 0.0075497597803706245, "ndcg@10": 0.006979619202075372, "ndcg@5": 0.005467564639454627, "recall@10": 0.012354152367879203, "recall@5": 0.0075497597803706245, "users_per_second": 619.8663744804448}
2026-09-07 08:34:19,604 | INFO | TRAIN step=56500 loss=0.002702 lr=0.00018814417
2026-09-07 08:34:21,039 | INFO | TRAIN step=56600 loss=0.002209 lr=0.0001879779
2026-09-07 08:34:22,477 | INFO | TRAIN step=56700 loss=0.002865 lr=0.00018781206
2026-09-07 08:34:24,831 | INFO | VALID step=56700 ndcg@10=0.007119 metrics={"evaluated_users": 1457, "hit@10": 0.013726835964310227, "hit@5": 0.008922443376801648, "ndcg@10": 0.007118730335964527, "ndcg@5": 0.005685498315026305, "recall@10": 0.013726835964310227, "recall@5": 0.008922443376801648, "users_per_second": 619.7914944682216}
2026-09-07 08:34:26,269 | INFO | TRAIN step=56800 loss=0.002516 lr=0.00018764666
2026-09-07 08:34:27,705 | INFO | TRAIN step=56900 loss=0.002250 lr=0.00018748169
2026-09-07 08:34:29,141 | INFO | TRAIN step=57000 loss=0.001953 lr=0.00018731716
2026-09-07 08:34:31,494 | INFO | VALID step=57000 ndcg@10=0.006797 metrics={"evaluated_users": 1457, "hit@10": 0.011667810569663692, "hit@5": 0.0075497597803706245, "ndcg@10": 0.006796677831548156, "ndcg@5": 0.005515144215245023, "recall@10": 0.011667810569663692, "recall@5": 0.0075497597803706245, "users_per_second": 620.1219707689329}
2026-09-07 08:34:32,932 | INFO | TRAIN step=57100 loss=0.002067 lr=0.00018715306
2026-09-07 08:34:34,364 | INFO | TRAIN step=57200 loss=0.003111 lr=0.0001869894
2026-09-07 08:34:35,909 | INFO | TRAIN step=57300 loss=0.002964 lr=0.00018682616
2026-09-07 08:34:38,263 | INFO | VALID step=57300 ndcg@10=0.007528 metrics={"evaluated_users": 1457, "hit@10": 0.015099519560741249, "hit@5": 0.0075497597803706245, "ndcg@10": 0.007527929421033102, "ndcg@5": 0.005232129460047839, "recall@10": 0.015099519560741249, "recall@5": 0.0075497597803706245, "users_per_second": 619.8366356299663}
2026-09-07 08:34:39,700 | INFO | TRAIN step=57400 loss=0.002191 lr=0.00018666335
2026-09-07 08:34:41,133 | INFO | TRAIN step=57500 loss=0.002167 lr=0.00018650096
2026-09-07 08:34:42,567 | INFO | TRAIN step=57600 loss=0.003037 lr=0.000186339
2026-09-07 08:34:44,923 | INFO | VALID step=57600 ndcg@10=0.007733 metrics={"evaluated_users": 1457, "hit@10": 0.015099519560741249, "hit@5": 0.008922443376801648, "ndcg@10": 0.007732650895374495, "ndcg@5": 0.005757859373697343, "recall@10": 0.015099519560741249, "recall@5": 0.008922443376801648, "users_per_second": 619.4275517052762}
2026-09-07 08:34:46,359 | INFO | TRAIN step=57700 loss=0.002608 lr=0.00018617746
2026-09-07 08:34:47,794 | INFO | TRAIN step=57800 loss=0.002275 lr=0.00018601633
2026-09-07 08:34:49,227 | INFO | TRAIN step=57900 loss=0.002684 lr=0.00018585563
2026-09-07 08:34:51,578 | INFO | VALID step=57900 ndcg@10=0.007219 metrics={"evaluated_users": 1457, "hit@10": 0.013726835964310227, "hit@5": 0.008236101578586136, "ndcg@10": 0.007219439822304169, "ndcg@5": 0.0055574272019607756, "recall@10": 0.013726835964310227, "recall@5": 0.008236101578586136, "users_per_second": 620.7659446022002}
2026-09-07 08:34:53,016 | INFO | TRAIN step=58000 loss=0.002544 lr=0.00018569534
2026-09-07 08:34:54,450 | INFO | TRAIN step=58100 loss=0.002747 lr=0.00018553546
2026-09-07 08:34:55,885 | INFO | TRAIN step=58200 loss=0.002470 lr=0.000185376
2026-09-07 08:34:58,240 | INFO | VALID step=58200 ndcg@10=0.007760 metrics={"evaluated_users": 1457, "hit@10": 0.014413177762525738, "hit@5": 0.0075497597803706245, "ndcg@10": 0.007759564230884663, "ndcg@5": 0.00552734913000549, "recall@10": 0.014413177762525738, "recall@5": 0.0075497597803706245, "users_per_second": 619.6492395827612}
2026-09-07 08:34:59,674 | INFO | TRAIN step=58300 loss=0.002737 lr=0.00018521695
2026-09-07 08:35:01,108 | INFO | TRAIN step=58400 loss=0.003177 lr=0.0001850583
2026-09-07 08:35:02,541 | INFO | TRAIN step=58500 loss=0.002087 lr=0.00018490007
2026-09-07 08:35:04,894 | INFO | VALID step=58500 ndcg@10=0.007605 metrics={"evaluated_users": 1457, "hit@10": 0.014413177762525738, "hit@5": 0.009608785175017159, "ndcg@10": 0.007605392446144207, "ndcg@5": 0.0061063268618797425, "recall@10": 0.014413177762525738, "recall@5": 0.009608785175017159, "users_per_second": 620.2552152855127}
2026-09-07 08:35:06,332 | INFO | TRAIN step=58600 loss=0.002882 lr=0.00018474223
2026-09-07 08:35:07,766 | INFO | TRAIN step=58700 loss=0.003064 lr=0.00018458481
2026-09-07 08:35:09,202 | INFO | TRAIN step=58800 loss=0.002587 lr=0.00018442778
2026-09-07 08:35:11,554 | INFO | VALID step=58800 ndcg@10=0.008685 metrics={"evaluated_users": 1457, "hit@10": 0.018531228551818806, "hit@5": 0.0075497597803706245, "ndcg@10": 0.00868534915366311, "ndcg@5": 0.005124393740346871, "recall@10": 0.018531228551818806, "recall@5": 0.0075497597803706245, "users_per_second": 620.5265017470882}
2026-09-07 08:35:13,100 | INFO | TRAIN step=58900 loss=0.002599 lr=0.00018427115
2026-09-07 08:35:14,534 | INFO | TRAIN step=59000 loss=0.002561 lr=0.00018411492
2026-09-07 08:35:15,967 | INFO | TRAIN step=59100 loss=0.002906 lr=0.00018395909
2026-09-07 08:35:18,322 | INFO | VALID step=59100 ndcg@10=0.008643 metrics={"evaluated_users": 1457, "hit@10": 0.017844886753603295, "hit@5": 0.01098146877144818, "ndcg@10": 0.008642602093721034, "ndcg@5": 0.006439755082396775, "recall@10": 0.017844886753603295, "recall@5": 0.01098146877144818, "users_per_second": 619.7623440755654}
2026-09-07 08:35:19,759 | INFO | TRAIN step=59200 loss=0.003036 lr=0.00018380366
2026-09-07 08:35:21,195 | INFO | TRAIN step=59300 loss=0.003591 lr=0.00018364861
2026-09-07 08:35:22,629 | INFO | TRAIN step=59400 loss=0.003466 lr=0.00018349396
2026-09-07 08:35:24,980 | INFO | VALID step=59400 ndcg@10=0.008239 metrics={"evaluated_users": 1457, "hit@10": 0.016472203157172273, "hit@5": 0.01098146877144818, "ndcg@10": 0.008238518561514314, "ndcg@5": 0.006392175506606378, "recall@10": 0.016472203157172273, "recall@5": 0.01098146877144818, "users_per_second": 620.5827826937808}
2026-09-07 08:35:26,417 | INFO | TRAIN step=59500 loss=0.002968 lr=0.0001833397
2026-09-07 08:35:27,851 | INFO | TRAIN step=59600 loss=0.002662 lr=0.00018318583
2026-09-07 08:35:29,284 | INFO | TRAIN step=59700 loss=0.002252 lr=0.00018303234
2026-09-07 08:35:31,636 | INFO | VALID step=59700 ndcg@10=0.007458 metrics={"evaluated_users": 1457, "hit@10": 0.015099519560741249, "hit@5": 0.009608785175017159, "ndcg@10": 0.007457736656925296, "ndcg@5": 0.005697703229786771, "recall@10": 0.015099519560741249, "recall@5": 0.009608785175017159, "users_per_second": 620.7201233328378}
2026-09-07 08:35:33,074 | INFO | TRAIN step=59800 loss=0.002648 lr=0.00018287924
2026-09-07 08:35:34,511 | INFO | TRAIN step=59900 loss=0.001879 lr=0.00018272652
2026-09-07 08:35:35,945 | INFO | TRAIN step=60000 loss=0.003399 lr=0.00018257419
2026-09-07 08:35:38,299 | INFO | VALID step=60000 ndcg@10=0.008804 metrics={"evaluated_users": 1457, "hit@10": 0.017844886753603295, "hit@5": 0.01029512697323267, "ndcg@10": 0.008803531293818395, "ndcg@5": 0.006371840113241816, "recall@10": 0.017844886753603295, "recall@5": 0.01029512697323267, "users_per_second": 620.000779124837}
2026-09-07 08:35:40,672 | INFO | FINAL_RESULT {"best_score": 0.01137791742485375, "best_step": 3300, "branch_factor": 64, "dataset": "amazon-all-beauty", "din_cache": "/workspace/P78123011/cache/eager/amazon-all-beauty/din_steps30000_seed2024.pt", "evaluation_users": 1457, "history": [{"loss": 7.7703263425827025, "step": 300, "valid": {"evaluated_users": 1457, "hit@10": 0.008236101578586136, "hit@5": 0.004804392587508579, "ndcg@10": 0.004513032360588134, "ndcg@5": 0.003456118820598489, "recall@10": 0.008236101578586136, "recall@5": 0.004804392587508579, "users_per_second": 674.2179319199572}}, {"loss": 6.490253046353658, "step": 600, "valid": {"evaluated_users": 1457, "hit@10": 0.013040494166094716, "hit@5": 0.0075497597803706245, "ndcg@10": 0.0061943929028265956, "ndcg@5": 0.004497836432682222, "recall@10": 0.013040494166094716, "recall@5": 0.0075497597803706245, "users_per_second": 622.2162152322253}}, {"loss": 4.340153814951579, "step": 900, "valid": {"evaluated_users": 1457, "hit@10": 0.015099519560741249, "hit@5": 0.01098146877144818, "ndcg@10": 0.007915453262429723, "ndcg@5": 0.006619851860768781, "recall@10": 0.015099519560741249, "recall@5": 0.01098146877144818, "users_per_second": 621.8357235286468}}, {"loss": 2.2902760271231335, "step": 1200, "valid": {"evaluated_users": 1457, "hit@10": 0.017844886753603295, "hit@5": 0.009608785175017159, "ndcg@10": 0.008525137914438452, "ndcg@5": 0.005853018525278135, "recall@10": 0.017844886753603295, "recall@5": 0.009608785175017159, "users_per_second": 621.0697056120628}}, {"loss": 1.0721582021315892, "step": 1500, "valid": {"evaluated_users": 1457, "hit@10": 0.017158544955387784, "hit@5": 0.008922443376801648, "ndcg@10": 0.00815075118253613, "ndcg@5": 0.00549197446897556, "recall@10": 0.017158544955387784, "recall@5": 0.008922443376801648, "users_per_second": 621.1293955718573}}, {"loss": 0.5409087900320689, "step": 1800, "valid": {"evaluated_users": 1457, "hit@10": 0.015785861358956762, "hit@5": 0.01098146877144818, "ndcg@10": 0.008560914283078728, "ndcg@5": 0.00697239378510755, "recall@10": 0.015785861358956762, "recall@5": 0.01098146877144818, "users_per_second": 621.574680097499}}, {"loss": 0.343481401403745, "step": 2100, "valid": {"evaluated_users": 1457, "hit@10": 0.017844886753603295, "hit@5": 0.012354152367879203, "ndcg@10": 0.00932059760797669, "ndcg@5": 0.007509088530266051, "recall@10": 0.017844886753603295, "recall@5": 0.012354152367879203, "users_per_second": 621.6306339982704}}, {"loss": 0.23110335831840834, "step": 2400, "valid": {"evaluated_users": 1457, "hit@10": 0.013726835964310227, "hit@5": 0.0075497597803706245, "ndcg@10": 0.007187564530727395, "ndcg@5": 0.005154471812302157, "recall@10": 0.013726835964310227, "recall@5": 0.0075497597803706245, "users_per_second": 621.2883042750709}}, {"loss": 0.15036165984968344, "step": 2700, "valid": {"evaluated_users": 1457, "hit@10": 0.015785861358956762, "hit@5": 0.01098146877144818, "ndcg@10": 0.00830914079891735, "ndcg@5": 0.006732884169544392, "recall@10": 0.015785861358956762, "recall@5": 0.01098146877144818, "users_per_second": 621.1102667615557}}, {"loss": 0.118209870805343, "step": 3000, "valid": {"evaluated_users": 1457, "hit@10": 0.01990391214824983, "hit@5": 0.009608785175017159, "ndcg@10": 0.010831310801419724, "ndcg@5": 0.007509088530266051, "recall@10": 0.01990391214824983, "recall@5": 0.009608785175017159, "users_per_second": 620.8522271715751}}, {"loss": 0.10025771157195171, "step": 3300, "valid": {"evaluated_users": 1457, "hit@10": 0.02059025394646534, "hit@5": 0.012354152367879203, "ndcg@10": 0.01137791742485375, "ndcg@5": 0.008670746776811218, "recall@10": 0.02059025394646534, "recall@5": 0.012354152367879203, "users_per_second": 620.2027759514042}}, {"loss": 0.09042587416867415, "step": 3600, "valid": {"evaluated_users": 1457, "hit@10": 0.017844886753603295, "hit@5": 0.013040494166094716, "ndcg@10": 0.00988970576788086, "ndcg@5": 0.008339780792463928, "recall@10": 0.017844886753603295, "recall@5": 0.013040494166094716, "users_per_second": 621.0114353256098}}, {"loss": 0.07923613612850507, "step": 3900, "valid": {"evaluated_users": 1457, "hit@10": 0.019217570350034317, "hit@5": 0.01098146877144818, "ndcg@10": 0.010012024077221167, "ndcg@5": 0.00743550531867674, "recall@10": 0.019217570350034317, "recall@5": 0.01098146877144818, "users_per_second": 620.9359819441821}}, {"loss": 0.07632001331696908, "step": 4200, "valid": {"evaluated_users": 1457, "hit@10": 0.017158544955387784, "hit@5": 0.01098146877144818, "ndcg@10": 0.0090622343672073, "ndcg@5": 0.007040680407622217, "recall@10": 0.017158544955387784, "recall@5": 0.01098146877144818, "users_per_second": 620.7823818449675}}, {"loss": 0.064970443037649, "step": 4500, "valid": {"evaluated_users": 1457, "hit@10": 0.017844886753603295, "hit@5": 0.01029512697323267, "ndcg@10": 0.009092333507709365, "ndcg@5": 0.006659300957955081, "recall@10": 0.017844886753603295, "recall@5": 0.01029512697323267, "users_per_second": 621.0547254042482}}, {"loss": 0.059996078498661516, "step": 4800, "valid": {"evaluated_users": 1457, "hit@10": 0.015785861358956762, "hit@5": 0.011667810569663692, "ndcg@10": 0.009197738059319484, "ndcg@5": 0.007912043919924668, "recall@10": 0.015785861358956762, "recall@5": 0.011667810569663692, "users_per_second": 620.434140410769}}, {"loss": 0.05918847692509492, "step": 5100, "valid": {"evaluated_users": 1457, "hit@10": 0.015785861358956762, "hit@5": 0.012354152367879203, "ndcg@10": 0.008606393673059378, "ndcg@5": 0.007499345851675327, "recall@10": 0.015785861358956762, "recall@5": 0.012354152367879203, "users_per_second": 620.5130228330017}}, {"loss": 0.05116287370522817, "step": 5400, "valid": {"evaluated_users": 1457, "hit@10": 0.016472203157172273, "hit@5": 0.009608785175017159, "ndcg@10": 0.008621449562474006, "ndcg@5": 0.006371840113241816, "recall@10": 0.016472203157172273, "recall@5": 0.009608785175017159, "users_per_second": 620.8663902885687}}, {"loss": 0.04806026665493846, "step": 5700, "valid": {"evaluated_users": 1457, "hit@10": 0.015099519560741249, "hit@5": 0.009608785175017159, "ndcg@10": 0.008511674382760423, "ndcg@5": 0.006754460109535871, "recall@10": 0.015099519560741249, "recall@5": 0.009608785175017159, "users_per_second": 622.4040976363506}}, {"loss": 0.04362578889044622, "step": 6000, "valid": {"evaluated_users": 1457, "hit@10": 0.018531228551818806, "hit@5": 0.01029512697323267, "ndcg@10": 0.009681170250637756, "ndcg@5": 0.007019973360897945, "recall@10": 0.018531228551818806, "recall@5": 0.01029512697323267, "users_per_second": 620.5799141787667}}, {"loss": 0.043603868891174596, "step": 6300, "valid": {"evaluated_users": 1457, "hit@10": 0.015785861358956762, "hit@5": 0.008922443376801648, "ndcg@10": 0.008021336814159107, "ndcg@5": 0.005822940453322848, "recall@10": 0.015785861358956762, "recall@5": 0.008922443376801648, "users_per_second": 620.6473261839699}}, {"loss": 0.03941593175753951, "step": 6600, "valid": {"evaluated_users": 1457, "hit@10": 0.01990391214824983, "hit@5": 0.013040494166094716, "ndcg@10": 0.01110520658221378, "ndcg@5": 0.008944390506777387, "recall@10": 0.01990391214824983, "recall@5": 0.013040494166094716, "users_per_second": 620.8147085804839}}, {"loss": 0.03866543430835009, "step": 6900, "valid": {"evaluated_users": 1457, "hit@10": 0.015785861358956762, "hit@5": 0.009608785175017159, "ndcg@10": 0.009517455412222936, "ndcg@5": 0.0075566681060564465, "recall@10": 0.015785861358956762, "recall@5": 0.009608785175017159, "users_per_second": 620.6340553642817}}, {"loss": 0.03648189994196097, "step": 7200, "valid": {"evaluated_users": 1457, "hit@10": 0.015099519560741249, "hit@5": 0.01029512697323267, "ndcg@10": 0.00843448365229108, "ndcg@5": 0.006860583629250211, "recall@10": 0.015099519560741249, "recall@5": 0.01029512697323267, "users_per_second": 620.5343976378742}}, {"loss": 0.03536928849294782, "step": 7500, "valid": {"evaluated_users": 1457, "hit@10": 0.014413177762525738, "hit@5": 0.01098146877144818, "ndcg@10": 0.007754331211657168, "ndcg@5": 0.00664142780076026, "recall@10": 0.014413177762525738, "recall@5": 0.01098146877144818, "users_per_second": 620.6269456628819}}, {"loss": 0.030377388447523117, "step": 7800, "valid": {"evaluated_users": 1457, "hit@10": 0.013726835964310227, "hit@5": 0.008922443376801648, "ndcg@10": 0.006962315797512179, "ndcg@5": 0.00540248355982912, "recall@10": 0.013726835964310227, "recall@5": 0.008922443376801648, "users_per_second": 620.5419546710385}}, {"loss": 0.029252888235884407, "step": 8100, "valid": {"evaluated_users": 1457, "hit@10": 0.013040494166094716, "hit@5": 0.0075497597803706245, "ndcg@10": 0.007477687236526761, "ndcg@5": 0.005665162921661742, "recall@10": 0.013040494166094716, "recall@5": 0.0075497597803706245, "users_per_second": 620.7837244758346}}, {"loss": 0.028891731121887764, "step": 8400, "valid": {"evaluated_users": 1457, "hit@10": 0.015099519560741249, "hit@5": 0.008922443376801648, "ndcg@10": 0.007553567714338023, "ndcg@5": 0.005611915103436994, "recall@10": 0.015099519560741249, "recall@5": 0.008922443376801648, "users_per_second": 619.843718885769}}, {"loss": 0.029473208154862127, "step": 8700, "valid": {"evaluated_users": 1457, "hit@10": 0.017158544955387784, "hit@5": 0.0075497597803706245, "ndcg@10": 0.008123658423382312, "ndcg@5": 0.0049694500982152175, "recall@10": 0.017158544955387784, "recall@5": 0.0075497597803706245, "users_per_second": 620.767059193653}}, {"loss": 0.02584799562736104, "step": 9000, "valid": {"evaluated_users": 1457, "hit@10": 0.014413177762525738, "hit@5": 0.009608785175017159, "ndcg@10": 0.007552456024327308, "ndcg@5": 0.006050245154125541, "recall@10": 0.014413177762525738, "recall@5": 0.009608785175017159, "users_per_second": 621.1501081366856}}, {"loss": 0.024583531202127536, "step": 9300, "valid": {"evaluated_users": 1457, "hit@10": 0.015099519560741249, "hit@5": 0.008236101578586136, "ndcg@10": 0.0070405153826369506, "ndcg@5": 0.004909293954304645, "recall@10": 0.015099519560741249, "recall@5": 0.008236101578586136, "users_per_second": 620.6241522015924}}, {"loss": 0.02634871307760477, "step": 9600, "valid": {"evaluated_users": 1457, "hit@10": 0.016472203157172273, "hit@5": 0.0068634179821551134, "ndcg@10": 0.008180329207890951, "ndcg@5": 0.005082110753631119, "recall@10": 0.016472203157172273, "recall@5": 0.0068634179821551134, "users_per_second": 620.6209632399692}}, {"loss": 0.024389678278627494, "step": 9900, "valid": {"evaluated_users": 1457, "hit@10": 0.013726835964310227, "hit@5": 0.0068634179821551134, "ndcg@10": 0.007015015487136349, "ndcg@5": 0.004691360278732968, "recall@10": 0.013726835964310227, "recall@5": 0.0068634179821551134, "users_per_second": 619.3708491593071}}, {"loss": 0.02215123882672439, "step": 10200, "valid": {"evaluated_users": 1457, "hit@10": 0.017844886753603295, "hit@5": 0.013040494166094716, "ndcg@10": 0.009834190737684795, "ndcg@5": 0.008197892564651305, "recall@10": 0.017844886753603295, "recall@5": 0.013040494166094716, "users_per_second": 620.4814555709686}}, {"loss": 0.02265831079954902, "step": 10500, "valid": {"evaluated_users": 1457, "hit@10": 0.014413177762525738, "hit@5": 0.008922443376801648, "ndcg@10": 0.008020305702017191, "ndcg@5": 0.006123828365714853, "recall@10": 0.014413177762525738, "recall@5": 0.008922443376801648, "users_per_second": 620.5035098016513}}, {"loss": 0.021340582217089833, "step": 10800, "valid": {"evaluated_users": 1457, "hit@10": 0.015785861358956762, "hit@5": 0.008922443376801648, "ndcg@10": 0.008268114347990454, "ndcg@5": 0.006088453704684924, "recall@10": 0.015785861358956762, "recall@5": 0.008922443376801648, "users_per_second": 620.6541603290368}}, {"loss": 0.02060588392894715, "step": 11100, "valid": {"evaluated_users": 1457, "hit@10": 0.013726835964310227, "hit@5": 0.009608785175017159, "ndcg@10": 0.006959144832488524, "ndcg@5": 0.005629788260631813, "recall@10": 0.013726835964310227, "recall@5": 0.009608785175017159, "users_per_second": 620.6618578020091}}, {"loss": 0.019685546931189794, "step": 11400, "valid": {"evaluated_users": 1457, "hit@10": 0.014413177762525738, "hit@5": 0.009608785175017159, "ndcg@10": 0.006968692255857345, "ndcg@5": 0.005422818953193683, "recall@10": 0.014413177762525738, "recall@5": 0.009608785175017159, "users_per_second": 620.5317241376397}}, {"loss": 0.019291865997947754, "step": 11700, "valid": {"evaluated_users": 1457, "hit@10": 0.013726835964310227, "hit@5": 0.008922443376801648, "ndcg@10": 0.006592922094786808, "ndcg@5": 0.005059312660721365, "recall@10": 0.013726835964310227, "recall@5": 0.008922443376801648, "users_per_second": 620.2003268361972}}, {"loss": 0.021264257933944465, "step": 12000, "valid": {"evaluated_users": 1457, "hit@10": 0.014413177762525738, "hit@5": 0.0068634179821551134, "ndcg@10": 0.006582363995235528, "ndcg@5": 0.004142460618814001, "recall@10": 0.014413177762525738, "recall@5": 0.0068634179821551134, "users_per_second": 620.5501692228753}}, {"loss": 0.018636163001259167, "step": 12300, "valid": {"evaluated_users": 1457, "hit@10": 0.012354152367879203, "hit@5": 0.008922443376801648, "ndcg@10": 0.006159468778168853, "ndcg@5": 0.005029234588766079, "recall@10": 0.012354152367879203, "recall@5": 0.008922443376801648, "users_per_second": 620.6285921820092}}, {"loss": 0.01614214480156079, "step": 12600, "valid": {"evaluated_users": 1457, "hit@10": 0.013726835964310227, "hit@5": 0.0075497597803706245, "ndcg@10": 0.006675126845876826, "ndcg@5": 0.004698640257778499, "recall@10": 0.013726835964310227, "recall@5": 0.0075497597803706245, "users_per_second": 620.7595454468054}}, {"loss": 0.016763778726259868, "step": 12900, "valid": {"evaluated_users": 1457, "hit@10": 0.015099519560741249, "hit@5": 0.008236101578586136, "ndcg@10": 0.007089175460285196, "ndcg@5": 0.004865788814670619, "recall@10": 0.015099519560741249, "recall@5": 0.008236101578586136, "users_per_second": 620.5878500786677}}, {"loss": 0.017104298656340687, "step": 13200, "valid": {"evaluated_users": 1457, "hit@10": 0.013040494166094716, "hit@5": 0.0075497597803706245, "ndcg@10": 0.00608123220081023, "ndcg@5": 0.004378267451580498, "recall@10": 0.013040494166094716, "recall@5": 0.0075497597803706245, "users_per_second": 620.3675320220549}}, {"loss": 0.015179928781775136, "step": 13500, "valid": {"evaluated_users": 1457, "hit@10": 0.013040494166094716, "hit@5": 0.008236101578586136, "ndcg@10": 0.007403801445021576, "ndcg@5": 0.00589652366491216, "recall@10": 0.013040494166094716, "recall@5": 0.008236101578586136, "users_per_second": 620.6870636160497}}, {"loss": 0.015067213855218142, "step": 13800, "valid": {"evaluated_users": 1457, "hit@10": 0.013040494166094716, "hit@5": 0.008236101578586136, "ndcg@10": 0.007130801107572614, "ndcg@5": 0.005631010413550087, "recall@10": 0.013040494166094716, "recall@5": 0.008236101578586136, "users_per_second": 620.7796061979175}}, {"loss": 0.015308421284426004, "step": 14100, "valid": {"evaluated_users": 1457, "hit@10": 0.014413177762525738, "hit@5": 0.008236101578586136, "ndcg@10": 0.006912784102190937, "ndcg@5": 0.004981655012975683, "recall@10": 0.014413177762525738, "recall@5": 0.008236101578586136, "users_per_second": 620.30114428512}}, {"loss": 0.014636803139777234, "step": 14400, "valid": {"evaluated_users": 1457, "hit@10": 0.01098146877144818, "hit@5": 0.0068634179821551134, "ndcg@10": 0.006166745759243957, "ndcg@5": 0.004858880488984797, "recall@10": 0.01098146877144818, "recall@5": 0.0068634179821551134, "users_per_second": 620.8716790166515}}, {"loss": 0.013018427558708936, "step": 14700, "valid": {"evaluated_users": 1457, "hit@10": 0.014413177762525738, "hit@5": 0.0075497597803706245, "ndcg@10": 0.0070826110222741955, "ndcg@5": 0.004957245183454751, "recall@10": 0.014413177762525738, "recall@5": 0.0075497597803706245, "users_per_second": 620.2511397967094}}, {"loss": 0.014515560485112171, "step": 15000, "valid": {"evaluated_users": 1457, "hit@10": 0.013040494166094716, "hit@5": 0.008922443376801648, "ndcg@10": 0.007347762238567741, "ndcg@5": 0.005998591142178775, "recall@10": 0.013040494166094716, "recall@5": 0.008922443376801648, "users_per_second": 620.5135017778989}}, {"loss": 0.013214356168173253, "step": 15300, "valid": {"evaluated_users": 1457, "hit@10": 0.014413177762525738, "hit@5": 0.008236101578586136, "ndcg@10": 0.007124157399408634, "ndcg@5": 0.0050589410073616555, "recall@10": 0.014413177762525738, "recall@5": 0.008236101578586136, "users_per_second": 620.6614523754984}}, {"loss": 0.013347341365491351, "step": 15600, "valid": {"evaluated_users": 1457, "hit@10": 0.015099519560741249, "hit@5": 0.0061770761839396015, "ndcg@10": 0.007067947298413677, "ndcg@5": 0.0041302557040535344, "recall@10": 0.015099519560741249, "recall@5": 0.0061770761839396015, "users_per_second": 620.3408316184596}}, {"loss": 0.01257494804294159, "step": 15900, "valid": {"evaluated_users": 1457, "hit@10": 0.017844886753603295, "hit@5": 0.009608785175017159, "ndcg@10": 0.008215865145170824, "ndcg@5": 0.005625342171115734, "recall@10": 0.017844886753603295, "recall@5": 0.009608785175017159, "users_per_second": 620.1257015320084}}, {"loss": 0.01137968346166114, "step": 16200, "valid": {"evaluated_users": 1457, "hit@10": 0.015099519560741249, "hit@5": 0.01029512697323267, "ndcg@10": 0.0076547259705602964, "ndcg@5": 0.006108789098049484, "recall@10": 0.015099519560741249, "recall@5": 0.01029512697323267, "users_per_second": 620.5600486091631}}, {"loss": 0.012280473915549615, "step": 16500, "valid": {"evaluated_users": 1457, "hit@10": 0.014413177762525738, "hit@5": 0.009608785175017159, "ndcg@10": 0.007728117465376642, "ndcg@5": 0.006183984509625424, "recall@10": 0.014413177762525738, "recall@5": 0.009608785175017159, "users_per_second": 620.3917781921517}}, {"loss": 0.012013031009895106, "step": 16800, "valid": {"evaluated_users": 1457, "hit@10": 0.013726835964310227, "hit@5": 0.0068634179821551134, "ndcg@10": 0.006469816245213347, "ndcg@5": 0.004360765947745387, "recall@10": 0.013726835964310227, "recall@5": 0.0068634179821551134, "users_per_second": 620.3770396543914}}, {"loss": 0.012361306940050176, "step": 17100, "valid": {"evaluated_users": 1457, "hit@10": 0.014413177762525738, "hit@5": 0.0061770761839396015, "ndcg@10": 0.006834235066155468, "ndcg@5": 0.0043184829610296354, "recall@10": 0.014413177762525738, "recall@5": 0.0061770761839396015, "users_per_second": 620.515814186442}}, {"loss": 0.011596591738052666, "step": 17400, "valid": {"evaluated_users": 1457, "hit@10": 0.012354152367879203, "hit@5": 0.008236101578586136, "ndcg@10": 0.006641728439504875, "ndcg@5": 0.005300044429202797, "recall@10": 0.012354152367879203, "recall@5": 0.008236101578586136, "users_per_second": 620.3598002744761}}, {"loss": 0.011561684875826662, "step": 17700, "valid": {"evaluated_users": 1457, "hit@10": 0.013040494166094716, "hit@5": 0.0075497597803706245, "ndcg@10": 0.007595296702897344, "ndcg@5": 0.005810735538562383, "recall@10": 0.013040494166094716, "recall@5": 0.0075497597803706245, "users_per_second": 620.6587838130633}}, {"loss": 0.01146464591069768, "step": 18000, "valid": {"evaluated_users": 1457, "hit@10": 0.015785861358956762, "hit@5": 0.01029512697323267, "ndcg@10": 0.007863140489762941, "ndcg@5": 0.006156740327199591, "recall@10": 0.015785861358956762, "recall@5": 0.01029512697323267, "users_per_second": 620.4608291613602}}, {"loss": 0.009796390138411274, "step": 18300, "valid": {"evaluated_users": 1457, "hit@10": 0.015099519560741249, "hit@5": 0.009608785175017159, "ndcg@10": 0.007880804288707707, "ndcg@5": 0.006028669214134061, "recall@10": 0.015099519560741249, "recall@5": 0.009608785175017159, "users_per_second": 620.2737619811719}}, {"loss": 0.010806401591592778, "step": 18600, "valid": {"evaluated_users": 1457, "hit@10": 0.015099519560741249, "hit@5": 0.0061770761839396015, "ndcg@10": 0.007156924150908429, "ndcg@5": 0.004348189379625212, "recall@10": 0.015099519560741249, "recall@5": 0.0061770761839396015, "users_per_second": 620.4769698312448}}, {"loss": 0.010149137838355577, "step": 18900, "valid": {"evaluated_users": 1457, "hit@10": 0.013726835964310227, "hit@5": 0.008922443376801648, "ndcg@10": 0.007530119170415504, "ndcg@5": 0.005930676173023817, "recall@10": 0.013726835964310227, "recall@5": 0.008922443376801648, "users_per_second": 620.1904002621304}}, {"loss": 0.010764638816084093, "step": 19200, "valid": {"evaluated_users": 1457, "hit@10": 0.013726835964310227, "hit@5": 0.0068634179821551134, "ndcg@10": 0.007543106453915464, "ndcg@5": 0.005335419090232727, "recall@10": 0.013726835964310227, "recall@5": 0.0068634179821551134, "users_per_second": 620.3445628015643}}, {"loss": 0.010060623792232945, "step": 19500, "valid": {"evaluated_users": 1457, "hit@10": 0.015785861358956762, "hit@5": 0.009608785175017159, "ndcg@10": 0.007977612506706382, "ndcg@5": 0.006058747286089346, "recall@10": 0.015785861358956762, "recall@5": 0.009608785175017159, "users_per_second": 620.3367679182957}}, {"loss": 0.009431408711631471, "step": 19800, "valid": {"evaluated_users": 1457, "hit@10": 0.015785861358956762, "hit@5": 0.009608785175017159, "ndcg@10": 0.008464132250951134, "ndcg@5": 0.006517412730142457, "recall@10": 0.015785861358956762, "recall@5": 0.009608785175017159, "users_per_second": 620.2983317436674}}, {"loss": 0.009866031303536147, "step": 20100, "valid": {"evaluated_users": 1457, "hit@10": 0.017158544955387784, "hit@5": 0.01098146877144818, "ndcg@10": 0.008542348899135032, "ndcg@5": 0.006589773788813495, "recall@10": 0.017158544955387784, "recall@5": 0.01098146877144818, "users_per_second": 620.1047024251112}}, {"loss": 0.01026767818722874, "step": 20400, "valid": {"evaluated_users": 1457, "hit@10": 0.013040494166094716, "hit@5": 0.0075497597803706245, "ndcg@10": 0.007192143213966809, "ndcg@5": 0.0054553597246941605, "recall@10": 0.013040494166094716, "recall@5": 0.0075497597803706245, "users_per_second": 620.3274298868618}}, {"loss": 0.009194336830405518, "step": 20700, "valid": {"evaluated_users": 1457, "hit@10": 0.012354152367879203, "hit@5": 0.0068634179821551134, "ndcg@10": 0.00693841502236115, "ndcg@5": 0.005171973316137267, "recall@10": 0.012354152367879203, "recall@5": 0.0068634179821551134, "users_per_second": 619.6841678514832}}, {"loss": 0.009011692349643757, "step": 21000, "valid": {"evaluated_users": 1457, "hit@10": 0.014413177762525738, "hit@5": 0.008922443376801648, "ndcg@10": 0.007729465090382596, "ndcg@5": 0.005908728579672627, "recall@10": 0.014413177762525738, "recall@5": 0.008922443376801648, "users_per_second": 621.7974037566786}}, {"loss": 0.008953237705475962, "step": 21300, "valid": {"evaluated_users": 1457, "hit@10": 0.013040494166094716, "hit@5": 0.009608785175017159, "ndcg@10": 0.00710527475497106, "ndcg@5": 0.006040874128894527, "recall@10": 0.013040494166094716, "recall@5": 0.009608785175017159, "users_per_second": 620.0341902844715}}, {"loss": 0.009053287030158876, "step": 21600, "valid": {"evaluated_users": 1457, "hit@10": 0.017158544955387784, "hit@5": 0.01029512697323267, "ndcg@10": 0.009018142461450171, "ndcg@5": 0.006920739773160784, "recall@10": 0.017158544955387784, "recall@5": 0.01029512697323267, "users_per_second": 620.2187809935023}}, {"loss": 0.0094815577500655, "step": 21900, "valid": {"evaluated_users": 1457, "hit@10": 0.016472203157172273, "hit@5": 0.009608785175017159, "ndcg@10": 0.008287045243640021, "ndcg@5": 0.00601116771029895, "recall@10": 0.016472203157172273, "recall@5": 0.009608785175017159, "users_per_second": 620.3256752631816}}, {"loss": 0.007445577642453524, "step": 22200, "valid": {"evaluated_users": 1457, "hit@10": 0.016472203157172273, "hit@5": 0.008236101578586136, "ndcg@10": 0.007876860519066376, "ndcg@5": 0.00534232741591855, "recall@10": 0.016472203157172273, "recall@5": 0.008236101578586136, "users_per_second": 620.3308498758095}}, {"loss": 0.008802985639388984, "step": 22500, "valid": {"evaluated_users": 1457, "hit@10": 0.013040494166094716, "hit@5": 0.008922443376801648, "ndcg@10": 0.007319247532367412, "ndcg@5": 0.00604654237132888, "recall@10": 0.013040494166094716, "recall@5": 0.008922443376801648, "users_per_second": 620.6181700787344}}, {"loss": 0.008747184509411454, "step": 22800, "valid": {"evaluated_users": 1457, "hit@10": 0.015099519560741249, "hit@5": 0.009608785175017159, "ndcg@10": 0.008938214926895036, "ndcg@5": 0.007165917631158294, "recall@10": 0.015099519560741249, "recall@5": 0.009608785175017159, "users_per_second": 620.5059525749627}}, {"loss": 0.008121741641274032, "step": 23100, "valid": {"evaluated_users": 1457, "hit@10": 0.014413177762525738, "hit@5": 0.008236101578586136, "ndcg@10": 0.008679013501761987, "ndcg@5": 0.006652392632269257, "recall@10": 0.014413177762525738, "recall@5": 0.008236101578586136, "users_per_second": 619.9810757969738}}, {"loss": 0.007833812697596537, "step": 23400, "valid": {"evaluated_users": 1457, "hit@10": 0.014413177762525738, "hit@5": 0.008236101578586136, "ndcg@10": 0.008210969587709917, "ndcg@5": 0.006141701522909672, "recall@10": 0.014413177762525738, "recall@5": 0.008236101578586136, "users_per_second": 620.3219773896909}}, {"loss": 0.007972405609713558, "step": 23700, "valid": {"evaluated_users": 1457, "hit@10": 0.014413177762525738, "hit@5": 0.008922443376801648, "ndcg@10": 0.007746995107532434, "ndcg@5": 0.005990460663574679, "recall@10": 0.014413177762525738, "recall@5": 0.008922443376801648, "users_per_second": 620.3965143836631}}, {"loss": 0.006471785439255958, "step": 24000, "valid": {"evaluated_users": 1457, "hit@10": 0.014413177762525738, "hit@5": 0.01098146877144818, "ndcg@10": 0.008526155881468446, "ndcg@5": 0.007443635797280835, "recall@10": 0.014413177762525738, "recall@5": 0.01098146877144818, "users_per_second": 619.9780060908801}}, {"loss": 0.007985397019268325, "step": 24300, "valid": {"evaluated_users": 1457, "hit@10": 0.016472203157172273, "hit@5": 0.01098146877144818, "ndcg@10": 0.00930035992101492, "ndcg@5": 0.007563576431742269, "recall@10": 0.016472203157172273, "recall@5": 0.01098146877144818, "users_per_second": 620.2016092938711}}, {"loss": 0.008151370032768076, "step": 24600, "valid": {"evaluated_users": 1457, "hit@10": 0.014413177762525738, "hit@5": 0.008236101578586136, "ndcg@10": 0.007945682316347163, "ndcg@5": 0.005998962795538484, "recall@10": 0.014413177762525738, "recall@5": 0.008236101578586136, "users_per_second": 620.3099464466534}}, {"loss": 0.008208422639096777, "step": 24900, "valid": {"evaluated_users": 1457, "hit@10": 0.012354152367879203, "hit@5": 0.009608785175017159, "ndcg@10": 0.008068158205904792, "ndcg@5": 0.007183419134993406, "recall@10": 0.012354152367879203, "recall@5": 0.009608785175017159, "users_per_second": 620.0966557375909}}, {"loss": 0.006930635616493722, "step": 25200, "valid": {"evaluated_users": 1457, "hit@10": 0.012354152367879203, "hit@5": 0.009608785175017159, "ndcg@10": 0.0075341116980535555, "ndcg@5": 0.006637725017963598, "recall@10": 0.012354152367879203, "recall@5": 0.009608785175017159, "users_per_second": 620.2251094994917}}, {"loss": 0.006322751733435628, "step": 25500, "valid": {"evaluated_users": 1457, "hit@10": 0.017844886753603295, "hit@5": 0.009608785175017159, "ndcg@10": 0.009450382126134565, "ndcg@5": 0.006754460109535871, "recall@10": 0.017844886753603295, "recall@5": 0.009608785175017159, "users_per_second": 620.0299670644858}}, {"loss": 0.007042462131163726, "step": 25800, "valid": {"evaluated_users": 1457, "hit@10": 0.013726835964310227, "hit@5": 0.009608785175017159, "ndcg@10": 0.008181809722502828, "ndcg@5": 0.006852453150646115, "recall@10": 0.013726835964310227, "recall@5": 0.009608785175017159, "users_per_second": 619.6049718409507}}, {"loss": 0.006777616522740572, "step": 26100, "valid": {"evaluated_users": 1457, "hit@10": 0.015099519560741249, "hit@5": 0.01029512697323267, "ndcg@10": 0.008638668383680746, "ndcg@5": 0.007118338055367899, "recall@10": 0.015099519560741249, "recall@5": 0.01029512697323267, "users_per_second": 620.3597310266373}}, {"loss": 0.007518460927337098, "step": 26400, "valid": {"evaluated_users": 1457, "hit@10": 0.013040494166094716, "hit@5": 0.01029512697323267, "ndcg@10": 0.007314004147218897, "ndcg@5": 0.006401918185197103, "recall@10": 0.013040494166094716, "recall@5": 0.01029512697323267, "users_per_second": 619.3970704437173}}, {"loss": 0.00713149415969383, "step": 26700, "valid": {"evaluated_users": 1457, "hit@10": 0.015785861358956762, "hit@5": 0.008922443376801648, "ndcg@10": 0.008881666055549558, "ndcg@5": 0.006738180758619035, "recall@10": 0.015785861358956762, "recall@5": 0.008922443376801648, "users_per_second": 620.0713904518566}}, {"loss": 0.0067274057494554045, "step": 27000, "valid": {"evaluated_users": 1457, "hit@10": 0.015099519560741249, "hit@5": 0.01029512697323267, "ndcg@10": 0.008061858385415632, "ndcg@5": 0.006529989298262632, "recall@10": 0.015099519560741249, "recall@5": 0.01029512697323267, "users_per_second": 621.6525284104491}}, {"loss": 0.006910969291930087, "step": 27300, "valid": {"evaluated_users": 1457, "hit@10": 0.015785861358956762, "hit@5": 0.008236101578586136, "ndcg@10": 0.00841441845714811, "ndcg@5": 0.006008333820769499, "recall@10": 0.015785861358956762, "recall@5": 0.008236101578586136, "users_per_second": 620.285185040067}}, {"loss": 0.007891310156943897, "step": 27600, "valid": {"evaluated_users": 1457, "hit@10": 0.013726835964310227, "hit@5": 0.008922443376801648, "ndcg@10": 0.0071981708319230195, "ndcg@5": 0.005667996811191195, "recall@10": 0.013726835964310227, "recall@5": 0.008922443376801648, "users_per_second": 620.0319147613764}}, {"loss": 0.0057919929997297, "step": 27900, "valid": {"evaluated_users": 1457, "hit@10": 0.014413177762525738, "hit@5": 0.008236101578586136, "ndcg@10": 0.007610813253760071, "ndcg@5": 0.005575300359155594, "recall@10": 0.014413177762525738, "recall@5": 0.008236101578586136, "users_per_second": 619.659445210552}}, {"loss": 0.0061475534733229625, "step": 28200, "valid": {"evaluated_users": 1457, "hit@10": 0.014413177762525738, "hit@5": 0.01098146877144818, "ndcg@10": 0.007973553438752818, "ndcg@5": 0.006891033354565206, "recall@10": 0.014413177762525738, "recall@5": 0.01098146877144818, "users_per_second": 620.0225893458273}}, {"loss": 0.007185704633399534, "step": 28500, "valid": {"evaluated_users": 1457, "hit@10": 0.015785861358956762, "hit@5": 0.009608785175017159, "ndcg@10": 0.008476938498238305, "ndcg@5": 0.006535285887337276, "recall@10": 0.015785861358956762, "recall@5": 0.009608785175017159, "users_per_second": 619.7586987046109}}, {"loss": 0.006161087212773661, "step": 28800, "valid": {"evaluated_users": 1457, "hit@10": 0.013726835964310227, "hit@5": 0.0075497597803706245, "ndcg@10": 0.007070297818129405, "ndcg@5": 0.005059312660721365, "recall@10": 0.013726835964310227, "recall@5": 0.0075497597803706245, "users_per_second": 620.6251311165945}}, {"loss": 0.006855796180898324, "step": 29100, "valid": {"evaluated_users": 1457, "hit@10": 0.018531228551818806, "hit@5": 0.008922443376801648, "ndcg@10": 0.010036932475546753, "ndcg@5": 0.0070431431071674095, "recall@10": 0.018531228551818806, "recall@5": 0.008922443376801648, "users_per_second": 620.1362494305205}}, {"loss": 0.006550264703303886, "step": 29400, "valid": {"evaluated_users": 1457, "hit@10": 0.013726835964310227, "hit@5": 0.01029512697323267, "ndcg@10": 0.0078112919322846615, "ndcg@5": 0.006762590588139967, "recall@10": 0.013726835964310227, "recall@5": 0.01029512697323267, "users_per_second": 620.5281829298149}}, {"loss": 0.0051392235795113565, "step": 29700, "valid": {"evaluated_users": 1457, "hit@10": 0.012354152367879203, "hit@5": 0.009608785175017159, "ndcg@10": 0.0070443196205717306, "ndcg@5": 0.00617831626719107, "recall@10": 0.012354152367879203, "recall@5": 0.009608785175017159, "users_per_second": 619.4526127232971}}, {"loss": 0.005471050370833837, "step": 30000, "valid": {"evaluated_users": 1457, "hit@10": 0.015785861358956762, "hit@5": 0.008922443376801648, "ndcg@10": 0.007948428815827194, "ndcg@5": 0.005810735538562383, "recall@10": 0.015785861358956762, "recall@5": 0.008922443376801648, "users_per_second": 619.9166990462015}}, {"loss": 0.006211795076184596, "step": 30300, "valid": {"evaluated_users": 1457, "hit@10": 0.014413177762525738, "hit@5": 0.008922443376801648, "ndcg@10": 0.007645989984729962, "ndcg@5": 0.005805438949487738, "recall@10": 0.014413177762525738, "recall@5": 0.008922443376801648, "users_per_second": 619.586354940949}}, {"loss": 0.005829625142990456, "step": 30600, "valid": {"evaluated_users": 1457, "hit@10": 0.014413177762525738, "hit@5": 0.008236101578586136, "ndcg@10": 0.007115597256231843, "ndcg@5": 0.005192680362861539, "recall@10": 0.014413177762525738, "recall@5": 0.008236101578586136, "users_per_second": 620.5625893057152}}, {"loss": 0.006021894992445595, "step": 30900, "valid": {"evaluated_users": 1457, "hit@10": 0.009608785175017159, "hit@5": 0.0075497597803706245, "ndcg@10": 0.005731597376204827, "ndcg@5": 0.005082110753631119, "recall@10": 0.009608785175017159, "recall@5": 0.0075497597803706245, "users_per_second": 621.9445758819488}}, {"loss": 0.005439129698594722, "step": 31200, "valid": {"evaluated_users": 1457, "hit@10": 0.011667810569663692, "hit@5": 0.0061770761839396015, "ndcg@10": 0.005632960309990048, "ndcg@5": 0.003962735493801705, "recall@10": 0.011667810569663692, "recall@5": 0.0061770761839396015, "users_per_second": 620.3989836236085}}, {"loss": 0.0055676234459194045, "step": 31500, "valid": {"evaluated_users": 1457, "hit@10": 0.01098146877144818, "hit@5": 0.0061770761839396015, "ndcg@10": 0.005586518495038932, "ndcg@5": 0.004082676128263138, "recall@10": 0.01098146877144818, "recall@5": 0.0061770761839396015, "users_per_second": 620.4351788870581}}, {"loss": 0.0050758821039926265, "step": 31800, "valid": {"evaluated_users": 1457, "hit@10": 0.013040494166094716, "hit@5": 0.008236101578586136, "ndcg@10": 0.007082958969606036, "ndcg@5": 0.0055098476261703794, "recall@10": 0.013040494166094716, "recall@5": 0.008236101578586136, "users_per_second": 619.9126475332139}}, {"loss": 0.005456971664098091, "step": 32100, "valid": {"evaluated_users": 1457, "hit@10": 0.011667810569663692, "hit@5": 0.009608785175017159, "ndcg@10": 0.006945445871731873, "ndcg@5": 0.0062860519868920385, "recall@10": 0.011667810569663692, "recall@5": 0.009608785175017159, "users_per_second": 620.0585137455068}}, {"loss": 0.005227211379775933, "step": 32400, "valid": {"evaluated_users": 1457, "hit@10": 0.013040494166094716, "hit@5": 0.01029512697323267, "ndcg@10": 0.007866757626934154, "ndcg@5": 0.007006546293219206, "recall@10": 0.013040494166094716, "recall@5": 0.01029512697323267, "users_per_second": 620.4522391351053}}, {"loss": 0.005075591538334265, "step": 32700, "valid": {"evaluated_users": 1457, "hit@10": 0.012354152367879203, "hit@5": 0.01029512697323267, "ndcg@10": 0.00781970222740153, "ndcg@5": 0.007148044473963475, "recall@10": 0.012354152367879203, "recall@5": 0.01029512697323267, "users_per_second": 620.0207735400863}}, {"loss": 0.005124071174359415, "step": 33000, "valid": {"evaluated_users": 1457, "hit@10": 0.015099519560741249, "hit@5": 0.009608785175017159, "ndcg@10": 0.00869505553746642, "ndcg@5": 0.006882531222601402, "recall@10": 0.015099519560741249, "recall@5": 0.009608785175017159, "users_per_second": 620.6662947514742}}, {"loss": 0.004997699221615524, "step": 33300, "valid": {"evaluated_users": 1457, "hit@10": 0.014413177762525738, "hit@5": 0.01029512697323267, "ndcg@10": 0.007783159751281684, "ndcg@5": 0.00647427924386814, "recall@10": 0.014413177762525738, "recall@5": 0.01029512697323267, "users_per_second": 619.808616821965}}, {"loss": 0.004918067049972403, "step": 33600, "valid": {"evaluated_users": 1457, "hit@10": 0.013040494166094716, "hit@5": 0.0075497597803706245, "ndcg@10": 0.006777122054981889, "ndcg@5": 0.005004824759245147, "recall@10": 0.013040494166094716, "recall@5": 0.0075497597803706245, "users_per_second": 620.4645771680521}}, {"loss": 0.005015227530675475, "step": 33900, "valid": {"evaluated_users": 1457, "hit@10": 0.012354152367879203, "hit@5": 0.009608785175017159, "ndcg@10": 0.0072122114841832695, "ndcg@5": 0.00634620813080261, "recall@10": 0.012354152367879203, "recall@5": 0.009608785175017159, "users_per_second": 620.525369067515}}, {"loss": 0.004996887424204033, "step": 34200, "valid": {"evaluated_users": 1457, "hit@10": 0.012354152367879203, "hit@5": 0.008922443376801648, "ndcg@10": 0.007363913196243824, "ndcg@5": 0.006261642157371106, "recall@10": 0.012354152367879203, "recall@5": 0.008922443376801648, "users_per_second": 620.3144307555413}}, {"loss": 0.004606498395830083, "step": 34500, "valid": {"evaluated_users": 1457, "hit@10": 0.01098146877144818, "hit@5": 0.008236101578586136, "ndcg@10": 0.00642840543712468, "ndcg@5": 0.0055098476261703794, "recall@10": 0.01098146877144818, "recall@5": 0.008236101578586136, "users_per_second": 620.2725477156663}}, {"loss": 0.0045723279198864476, "step": 34800, "valid": {"evaluated_users": 1457, "hit@10": 0.011667810569663692, "hit@5": 0.008922443376801648, "ndcg@10": 0.007474916284257131, "ndcg@5": 0.006634519475074438, "recall@10": 0.011667810569663692, "recall@5": 0.008922443376801648, "users_per_second": 620.3355317601468}}, {"loss": 0.00482391278463183, "step": 35100, "valid": {"evaluated_users": 1457, "hit@10": 0.013040494166094716, "hit@5": 0.008922443376801648, "ndcg@10": 0.007335977178811326, "ndcg@5": 0.0060164642993735945, "recall@10": 0.013040494166094716, "recall@5": 0.008922443376801648, "users_per_second": 621.483023296418}}, {"loss": 0.004616290503181517, "step": 35400, "valid": {"evaluated_users": 1457, "hit@10": 0.01098146877144818, "hit@5": 0.008236101578586136, "ndcg@10": 0.006936516156324081, "ndcg@5": 0.006034337456568413, "recall@10": 0.01098146877144818, "recall@5": 0.008236101578586136, "users_per_second": 619.9185445796925}}, {"loss": 0.004686036862646385, "step": 35700, "valid": {"evaluated_users": 1457, "hit@10": 0.013040494166094716, "hit@5": 0.008236101578586136, "ndcg@10": 0.007284758581348882, "ndcg@5": 0.005703371472221125, "recall@10": 0.013040494166094716, "recall@5": 0.008236101578586136, "users_per_second": 620.5844900297666}}, {"loss": 0.004487875167978927, "step": 36000, "valid": {"evaluated_users": 1457, "hit@10": 0.01098146877144818, "hit@5": 0.0075497597803706245, "ndcg@10": 0.006510099389420825, "ndcg@5": 0.005437486567499341, "recall@10": 0.01098146877144818, "recall@5": 0.0075497597803706245, "users_per_second": 620.9707847933907}}, {"loss": 0.005245921518459606, "step": 36300, "valid": {"evaluated_users": 1457, "hit@10": 0.011667810569663692, "hit@5": 0.008922443376801648, "ndcg@10": 0.0068809174816788655, "ndcg@5": 0.006041245782254235, "recall@10": 0.011667810569663692, "recall@5": 0.008922443376801648, "users_per_second": 620.9708122759897}}, {"loss": 0.00488396717866029, "step": 36600, "valid": {"evaluated_users": 1457, "hit@10": 0.012354152367879203, "hit@5": 0.008236101578586136, "ndcg@10": 0.007157089175893695, "ndcg@5": 0.005793234034727273, "recall@10": 0.012354152367879203, "recall@5": 0.008236101578586136, "users_per_second": 619.8293200988727}}, {"loss": 0.004325974656094331, "step": 36900, "valid": {"evaluated_users": 1457, "hit@10": 0.013726835964310227, "hit@5": 0.009608785175017159, "ndcg@10": 0.007499697767137773, "ndcg@5": 0.006226267496341175, "recall@10": 0.013726835964310227, "recall@5": 0.009608785175017159, "users_per_second": 619.9947509035377}}, {"loss": 0.004077961307096606, "step": 37200, "valid": {"evaluated_users": 1457, "hit@10": 0.015099519560741249, "hit@5": 0.008922443376801648, "ndcg@10": 0.00800557565723644, "ndcg@5": 0.0060587472860893455, "recall@10": 0.015099519560741249, "recall@5": 0.008922443376801648, "users_per_second": 620.8232904154526}}, {"loss": 0.004733560635359026, "step": 37500, "valid": {"evaluated_users": 1457, "hit@10": 0.015785861358956762, "hit@5": 0.009608785175017159, "ndcg@10": 0.008801170071476908, "ndcg@5": 0.006792668660095254, "recall@10": 0.015785861358956762, "recall@5": 0.009608785175017159, "users_per_second": 620.5090302186105}}, {"loss": 0.004516702317244684, "step": 37800, "valid": {"evaluated_users": 1457, "hit@10": 0.013726835964310227, "hit@5": 0.01029512697323267, "ndcg@10": 0.0077120811079506016, "ndcg@5": 0.0066674314365591765, "recall@10": 0.013726835964310227, "recall@5": 0.01029512697323267, "users_per_second": 620.281597212825}}, {"loss": 0.0047453918634952665, "step": 38100, "valid": {"evaluated_users": 1457, "hit@10": 0.015785861358956762, "hit@5": 0.01029512697323267, "ndcg@10": 0.007933761201521537, "ndcg@5": 0.006229101385870627, "recall@10": 0.015785861358956762, "recall@5": 0.01029512697323267, "users_per_second": 620.5299196241502}}, {"loss": 0.004567028111002097, "step": 38400, "valid": {"evaluated_users": 1457, "hit@10": 0.013726835964310227, "hit@5": 0.009608785175017159, "ndcg@10": 0.007567564534648389, "ndcg@5": 0.006264476046900558, "recall@10": 0.013726835964310227, "recall@5": 0.009608785175017159, "users_per_second": 620.0676803720252}}, {"loss": 0.003943536128402533, "step": 38700, "valid": {"evaluated_users": 1457, "hit@10": 0.012354152367879203, "hit@5": 0.008922443376801648, "ndcg@10": 0.00681278051594666, "ndcg@5": 0.00571557638698159, "recall@10": 0.012354152367879203, "recall@5": 0.008922443376801648, "users_per_second": 620.3631859345601}}, {"loss": 0.004076737390132621, "step": 39000, "valid": {"evaluated_users": 1457, "hit@10": 0.017844886753603295, "hit@5": 0.008922443376801648, "ndcg@10": 0.008771690024622863, "ndcg@5": 0.005913174669188706, "recall@10": 0.017844886753603295, "recall@5": 0.008922443376801648, "users_per_second": 620.3311491020391}}, {"loss": 0.003795822700194549, "step": 39300, "valid": {"evaluated_users": 1457, "hit@10": 0.015099519560741249, "hit@5": 0.008922443376801648, "ndcg@10": 0.007818780713227872, "ndcg@5": 0.005805438949487738, "recall@10": 0.015099519560741249, "recall@5": 0.008922443376801648, "users_per_second": 619.6193214316584}}, {"loss": 0.003928961269557476, "step": 39600, "valid": {"evaluated_users": 1457, "hit@10": 0.013726835964310227, "hit@5": 0.008922443376801648, "ndcg@10": 0.007625428726408597, "ndcg@5": 0.006183984509625424, "recall@10": 0.013726835964310227, "recall@5": 0.008922443376801648, "users_per_second": 619.992821376585}}, {"loss": 0.0041136016812621775, "step": 39900, "valid": {"evaluated_users": 1457, "hit@10": 0.015785861358956762, "hit@5": 0.008236101578586136, "ndcg@10": 0.00832860756739523, "ndcg@5": 0.005918471258263351, "recall@10": 0.015785861358956762, "recall@5": 0.008236101578586136, "users_per_second": 619.7793709012522}}, {"loss": 0.003960130763298366, "step": 40200, "valid": {"evaluated_users": 1457, "hit@10": 0.013726835964310227, "hit@5": 0.008236101578586136, "ndcg@10": 0.007292111138011001, "ndcg@5": 0.005497642711409912, "recall@10": 0.013726835964310227, "recall@5": 0.008236101578586136, "users_per_second": 620.1288699197969}}, {"loss": 0.004769492346871023, "step": 40500, "valid": {"evaluated_users": 1457, "hit@10": 0.01990391214824983, "hit@5": 0.008236101578586136, "ndcg@10": 0.009026780453488264, "ndcg@5": 0.005450063135619516, "recall@10": 0.01990391214824983, "recall@5": 0.008236101578586136, "users_per_second": 620.2737482092225}}, {"loss": 0.004069495647078535, "step": 40800, "valid": {"evaluated_users": 1457, "hit@10": 0.017844886753603295, "hit@5": 0.008236101578586136, "ndcg@10": 0.008754830409726104, "ndcg@5": 0.0057330778908167, "recall@10": 0.017844886753603295, "recall@5": 0.008236101578586136, "users_per_second": 619.5668634420024}}, {"loss": 0.0035637690657555746, "step": 41100, "valid": {"evaluated_users": 1457, "hit@10": 0.014413177762525738, "hit@5": 0.01029512697323267, "ndcg@10": 0.00750013755131655, "ndcg@5": 0.0061486098485954935, "recall@10": 0.014413177762525738, "recall@5": 0.01029512697323267, "users_per_second": 620.1166737892922}}, {"loss": 0.003841384898890586, "step": 41400, "valid": {"evaluated_users": 1457, "hit@10": 0.015785861358956762, "hit@5": 0.008236101578586136, "ndcg@10": 0.008510113845764014, "ndcg@5": 0.006094121947119276, "recall@10": 0.015785861358956762, "recall@5": 0.008236101578586136, "users_per_second": 620.0388053963961}}, {"loss": 0.004802967793608938, "step": 41700, "valid": {"evaluated_users": 1457, "hit@10": 0.013726835964310227, "hit@5": 0.0068634179821551134, "ndcg@10": 0.00757422064029445, "ndcg@5": 0.005395575234143298, "recall@10": 0.013726835964310227, "recall@5": 0.0068634179821551134, "users_per_second": 620.0712155885253}}, {"loss": 0.003810514724464156, "step": 42000, "valid": {"evaluated_users": 1457, "hit@10": 0.013726835964310227, "hit@5": 0.0075497597803706245, "ndcg@10": 0.006999064902006469, "ndcg@5": 0.005064609249796009, "recall@10": 0.013726835964310227, "recall@5": 0.0075497597803706245, "users_per_second": 619.8338678197636}}, {"loss": 0.0034018876170739533, "step": 42300, "valid": {"evaluated_users": 1457, "hit@10": 0.016472203157172273, "hit@5": 0.008236101578586136, "ndcg@10": 0.008024779672260672, "ndcg@5": 0.005432561631784406, "recall@10": 0.016472203157172273, "recall@5": 0.008236101578586136, "users_per_second": 619.6937763010767}}, {"loss": 0.003387178395835993, "step": 42600, "valid": {"evaluated_users": 1457, "hit@10": 0.015099519560741249, "hit@5": 0.0075497597803706245, "ndcg@10": 0.007934474883089583, "ndcg@5": 0.0054553597246941605, "recall@10": 0.015099519560741249, "recall@5": 0.0075497597803706245, "users_per_second": 619.7598118916375}}, {"loss": 0.004125201298350778, "step": 42900, "valid": {"evaluated_users": 1457, "hit@10": 0.013040494166094716, "hit@5": 0.00549073438572409, "ndcg@10": 0.006147086832683254, "ndcg@5": 0.0037870848049457785, "recall@10": 0.013040494166094716, "recall@5": 0.00549073438572409, "users_per_second": 619.8321453336162}}, {"loss": 0.0037396672925873037, "step": 43200, "valid": {"evaluated_users": 1457, "hit@10": 0.014413177762525738, "hit@5": 0.0061770761839396015, "ndcg@10": 0.006918514410893582, "ndcg@5": 0.0043099808290658305, "recall@10": 0.014413177762525738, "recall@5": 0.0061770761839396015, "users_per_second": 620.2137862675403}}, {"loss": 0.0036290787061443552, "step": 43500, "valid": {"evaluated_users": 1457, "hit@10": 0.013726835964310227, "hit@5": 0.004804392587508579, "ndcg@10": 0.0066311142148743904, "ndcg@5": 0.0037395052291553823, "recall@10": 0.013726835964310227, "recall@5": 0.004804392587508579, "users_per_second": 620.2087553552934}}, {"loss": 0.004088496038990949, "step": 43800, "valid": {"evaluated_users": 1457, "hit@10": 0.014413177762525738, "hit@5": 0.0068634179821551134, "ndcg@10": 0.006978724820999275, "ndcg@5": 0.00456612305519689, "recall@10": 0.014413177762525738, "recall@5": 0.0068634179821551134, "users_per_second": 619.9027731516741}}, {"loss": 0.0034865124089022478, "step": 44100, "valid": {"evaluated_users": 1457, "hit@10": 0.015785861358956762, "hit@5": 0.008236101578586136, "ndcg@10": 0.0077145393606982745, "ndcg@5": 0.005252464853412401, "recall@10": 0.015785861358956762, "recall@5": 0.008236101578586136, "users_per_second": 620.020808924791}}, {"loss": 0.003953931371652289, "step": 44400, "valid": {"evaluated_users": 1457, "hit@10": 0.015785861358956762, "hit@5": 0.008236101578586136, "ndcg@10": 0.008328661518951197, "ndcg@5": 0.006008333820769499, "recall@10": 0.015785861358956762, "recall@5": 0.008236101578586136, "users_per_second": 620.2897521187812}}, {"loss": 0.003271211631266245, "step": 44700, "valid": {"evaluated_users": 1457, "hit@10": 0.015099519560741249, "hit@5": 0.008922443376801648, "ndcg@10": 0.008017177985923744, "ndcg@5": 0.0060587472860893455, "recall@10": 0.015099519560741249, "recall@5": 0.008922443376801648, "users_per_second": 619.9422123774917}}, {"loss": 0.0031354181501471127, "step": 45000, "valid": {"evaluated_users": 1457, "hit@10": 0.013726835964310227, "hit@5": 0.0075497597803706245, "ndcg@10": 0.00737647731731427, "ndcg@5": 0.005467564639454627, "recall@10": 0.013726835964310227, "recall@5": 0.0075497597803706245, "users_per_second": 619.947943422587}}, {"loss": 0.003833898796632032, "step": 45300, "valid": {"evaluated_users": 1457, "hit@10": 0.014413177762525738, "hit@5": 0.0068634179821551134, "ndcg@10": 0.007665441771277422, "ndcg@5": 0.005159768401376801, "recall@10": 0.014413177762525738, "recall@5": 0.0068634179821551134, "users_per_second": 619.850062948441}}, {"loss": 0.0034533033250287795, "step": 45600, "valid": {"evaluated_users": 1457, "hit@10": 0.019217570350034317, "hit@5": 0.01029512697323267, "ndcg@10": 0.009610727317234138, "ndcg@5": 0.006787372071020609, "recall@10": 0.019217570350034317, "recall@5": 0.01029512697323267, "users_per_second": 620.585230891697}}, {"loss": 0.0034173833685539044, "step": 45900, "valid": {"evaluated_users": 1457, "hit@10": 0.016472203157172273, "hit@5": 0.008236101578586136, "ndcg@10": 0.008366527876692077, "ndcg@5": 0.005677367836422209, "recall@10": 0.016472203157172273, "recall@5": 0.008236101578586136, "users_per_second": 620.8661149391154}}, {"loss": 0.003630930741734725, "step": 46200, "valid": {"evaluated_users": 1457, "hit@10": 0.013040494166094716, "hit@5": 0.0075497597803706245, "ndcg@10": 0.007369511732647014, "ndcg@5": 0.0056350848497064565, "recall@10": 0.013040494166094716, "recall@5": 0.0075497597803706245, "users_per_second": 620.0154298817088}}, {"loss": 0.0030373775924817893, "step": 46500, "valid": {"evaluated_users": 1457, "hit@10": 0.016472203157172273, "hit@5": 0.008922443376801648, "ndcg@10": 0.008427788265845415, "ndcg@5": 0.005942881087784283, "recall@10": 0.016472203157172273, "recall@5": 0.008922443376801648, "users_per_second": 619.6374454162612}}, {"loss": 0.003502781392307952, "step": 46800, "valid": {"evaluated_users": 1457, "hit@10": 0.016472203157172273, "hit@5": 0.008236101578586136, "ndcg@10": 0.008273965321493918, "ndcg@5": 0.005643215328310552, "recall@10": 0.016472203157172273, "recall@5": 0.008236101578586136, "users_per_second": 620.4911824022638}}, {"loss": 0.002810321847985809, "step": 47100, "valid": {"evaluated_users": 1457, "hit@10": 0.012354152367879203, "hit@5": 0.0068634179821551134, "ndcg@10": 0.00695092227072255, "ndcg@5": 0.005124393740346871, "recall@10": 0.012354152367879203, "recall@5": 0.0068634179821551134, "users_per_second": 620.540759538697}}, {"loss": 0.003542439565450574, "step": 47400, "valid": {"evaluated_users": 1457, "hit@10": 0.014413177762525738, "hit@5": 0.0075497597803706245, "ndcg@10": 0.007723385963356579, "ndcg@5": 0.005497642711409912, "recall@10": 0.014413177762525738, "recall@5": 0.0075497597803706245, "users_per_second": 619.9378239747672}}, {"loss": 0.0031868589099516005, "step": 47700, "valid": {"evaluated_users": 1457, "hit@10": 0.012354152367879203, "hit@5": 0.0061770761839396015, "ndcg@10": 0.006616913594948134, "ndcg@5": 0.004635650224338476, "recall@10": 0.012354152367879203, "recall@5": 0.0061770761839396015, "users_per_second": 619.8314723289051}}, {"loss": 0.003472104050597409, "step": 48000, "valid": {"evaluated_users": 1457, "hit@10": 0.013726835964310227, "hit@5": 0.008922443376801648, "ndcg@10": 0.00742263550154242, "ndcg@5": 0.005865223440038601, "recall@10": 0.013726835964310227, "recall@5": 0.008922443376801648, "users_per_second": 619.8088084807979}}, {"loss": 0.0031786133749119472, "step": 48300, "valid": {"evaluated_users": 1457, "hit@10": 0.013726835964310227, "hit@5": 0.0068634179821551134, "ndcg@10": 0.007233965539234464, "ndcg@5": 0.0050386056139970934, "recall@10": 0.013726835964310227, "recall@5": 0.0068634179821551134, "users_per_second": 620.2190196240903}}, {"loss": 0.003013031176888035, "step": 48600, "valid": {"evaluated_users": 1457, "hit@10": 0.013726835964310227, "hit@5": 0.0068634179821551134, "ndcg@10": 0.0070364365767861215, "ndcg@5": 0.004901163475700549, "recall@10": 0.013726835964310227, "recall@5": 0.0068634179821551134, "users_per_second": 621.2355507379488}}, {"loss": 0.003273459700406723, "step": 48900, "valid": {"evaluated_users": 1457, "hit@10": 0.013040494166094716, "hit@5": 0.00549073438572409, "ndcg@10": 0.006274760854147833, "ndcg@5": 0.003889152282212393, "recall@10": 0.013040494166094716, "recall@5": 0.00549073438572409, "users_per_second": 621.1908567643662}}, {"loss": 0.003660396165845062, "step": 49200, "valid": {"evaluated_users": 1457, "hit@10": 0.012354152367879203, "hit@5": 0.0061770761839396015, "ndcg@10": 0.006367135429680159, "ndcg@5": 0.004468130014086646, "recall@10": 0.012354152367879203, "recall@5": 0.0061770761839396015, "users_per_second": 620.6711007590669}}, {"loss": 0.003139997767478538, "step": 49500, "valid": {"evaluated_users": 1457, "hit@10": 0.01098146877144818, "hit@5": 0.0068634179821551134, "ndcg@10": 0.006385199241378949, "ndcg@5": 0.005082110753631119, "recall@10": 0.01098146877144818, "recall@5": 0.0068634179821551134, "users_per_second": 620.5966687491801}}, {"loss": 0.0034646464810551454, "step": 49800, "valid": {"evaluated_users": 1457, "hit@10": 0.008922443376801648, "hit@5": 0.0075497597803706245, "ndcg@10": 0.005475911364724345, "ndcg@5": 0.004986951602050327, "recall@10": 0.008922443376801648, "recall@5": 0.0075497597803706245, "users_per_second": 620.7308542604226}}, {"loss": 0.0028702330604331414, "step": 50100, "valid": {"evaluated_users": 1457, "hit@10": 0.013040494166094716, "hit@5": 0.0075497597803706245, "ndcg@10": 0.006696484844346363, "ndcg@5": 0.005046736092601189, "recall@10": 0.013040494166094716, "recall@5": 0.0075497597803706245, "users_per_second": 620.8836710189781}}, {"loss": 0.0030528841993267028, "step": 50400, "valid": {"evaluated_users": 1457, "hit@10": 0.011667810569663692, "hit@5": 0.004118050789293068, "ndcg@10": 0.005860427305902393, "ndcg@5": 0.0033581257794882448, "recall@10": 0.011667810569663692, "recall@5": 0.004118050789293068, "users_per_second": 619.5557134098138}}, {"loss": 0.002860410022646344, "step": 50700, "valid": {"evaluated_users": 1457, "hit@10": 0.01029512697323267, "hit@5": 0.0061770761839396015, "ndcg@10": 0.005994835738475664, "ndcg@5": 0.004653151728173586, "recall@10": 0.01029512697323267, "recall@5": 0.0061770761839396015, "users_per_second": 619.9831730620286}}, {"loss": 0.002655476505315164, "step": 51000, "valid": {"evaluated_users": 1457, "hit@10": 0.012354152367879203, "hit@5": 0.0061770761839396015, "ndcg@10": 0.005966166687850244, "ndcg@5": 0.004047301467233208, "recall@10": 0.012354152367879203, "recall@5": 0.0061770761839396015, "users_per_second": 619.8616558354029}}, {"loss": 0.002604654158349149, "step": 51300, "valid": {"evaluated_users": 1457, "hit@10": 0.013040494166094716, "hit@5": 0.0075497597803706245, "ndcg@10": 0.0068091261260718045, "ndcg@5": 0.005046736092601189, "recall@10": 0.013040494166094716, "recall@5": 0.0075497597803706245, "users_per_second": 620.0737087827588}}, {"loss": 0.0026796483089371274, "step": 51600, "valid": {"evaluated_users": 1457, "hit@10": 0.012354152367879203, "hit@5": 0.0075497597803706245, "ndcg@10": 0.006718162239475962, "ndcg@5": 0.005214256302853019, "recall@10": 0.012354152367879203, "recall@5": 0.0075497597803706245, "users_per_second": 620.0877913012287}}, {"loss": 0.002793115662934724, "step": 51900, "valid": {"evaluated_users": 1457, "hit@10": 0.011667810569663692, "hit@5": 0.008922443376801648, "ndcg@10": 0.00616330589911282, "ndcg@5": 0.005247168264337757, "recall@10": 0.011667810569663692, "recall@5": 0.008922443376801648, "users_per_second": 619.811847780915}}, {"loss": 0.0033756350581825244, "step": 52200, "valid": {"evaluated_users": 1457, "hit@10": 0.011667810569663692, "hit@5": 0.008236101578586136, "ndcg@10": 0.006293282019869257, "ndcg@5": 0.005226461217613486, "recall@10": 0.011667810569663692, "recall@5": 0.008236101578586136, "users_per_second": 620.1254307721035}}, {"loss": 0.0030676772510196317, "step": 52500, "valid": {"evaluated_users": 1457, "hit@10": 0.015785861358956762, "hit@5": 0.008236101578586136, "ndcg@10": 0.008194562957141334, "ndcg@5": 0.0058148099747187525, "recall@10": 0.015785861358956762, "recall@5": 0.008236101578586136, "users_per_second": 619.9318122083246}}, {"loss": 0.003040982847790777, "step": 52800, "valid": {"evaluated_users": 1457, "hit@10": 0.014413177762525738, "hit@5": 0.008236101578586136, "ndcg@10": 0.007307751466105086, "ndcg@5": 0.005256539289568771, "recall@10": 0.014413177762525738, "recall@5": 0.008236101578586136, "users_per_second": 620.8938382490912}}, {"loss": 0.0031481186824385077, "step": 53100, "valid": {"evaluated_users": 1457, "hit@10": 0.013726835964310227, "hit@5": 0.008236101578586136, "ndcg@10": 0.0072004309853987754, "ndcg@5": 0.0054199850636642306, "recall@10": 0.013726835964310227, "recall@5": 0.008236101578586136, "users_per_second": 620.2804262008397}}, {"loss": 0.002345830992926494, "step": 53400, "valid": {"evaluated_users": 1457, "hit@10": 0.014413177762525738, "hit@5": 0.0075497597803706245, "ndcg@10": 0.0074414965219489464, "ndcg@5": 0.005261835878643415, "recall@10": 0.014413177762525738, "recall@5": 0.0075497597803706245, "users_per_second": 620.0947919384498}}, {"loss": 0.002854762597174461, "step": 53700, "valid": {"evaluated_users": 1457, "hit@10": 0.015099519560741249, "hit@5": 0.008236101578586136, "ndcg@10": 0.007617345310076787, "ndcg@5": 0.005389906991708945, "recall@10": 0.015099519560741249, "recall@5": 0.008236101578586136, "users_per_second": 620.5718156442487}}, {"loss": 0.002357048566045705, "step": 54000, "valid": {"evaluated_users": 1457, "hit@10": 0.013726835964310227, "hit@5": 0.008922443376801648, "ndcg@10": 0.007817363768463145, "ndcg@5": 0.006273847072131572, "recall@10": 0.013726835964310227, "recall@5": 0.008922443376801648, "users_per_second": 619.786559044985}}, {"loss": 0.002678609429858625, "step": 54300, "valid": {"evaluated_users": 1457, "hit@10": 0.011667810569663692, "hit@5": 0.008922443376801648, "ndcg@10": 0.006733459622519994, "ndcg@5": 0.005870891682472954, "recall@10": 0.011667810569663692, "recall@5": 0.008922443376801648, "users_per_second": 620.088367287724}}, {"loss": 0.003210089732359241, "step": 54600, "valid": {"evaluated_users": 1457, "hit@10": 0.013726835964310227, "hit@5": 0.008922443376801648, "ndcg@10": 0.007477964725595885, "ndcg@5": 0.005986386227418308, "recall@10": 0.013726835964310227, "recall@5": 0.008922443376801648, "users_per_second": 619.5055575820901}}, {"loss": 0.0031628866797109366, "step": 54900, "valid": {"evaluated_users": 1457, "hit@10": 0.012354152367879203, "hit@5": 0.0068634179821551134, "ndcg@10": 0.006848575223258104, "ndcg@5": 0.0050861851897874896, "recall@10": 0.012354152367879203, "recall@5": 0.0068634179821551134, "users_per_second": 619.7982285012054}}, {"loss": 0.0033417622819251844, "step": 55200, "valid": {"evaluated_users": 1457, "hit@10": 0.01098146877144818, "hit@5": 0.0068634179821551134, "ndcg@10": 0.006511657005264157, "ndcg@5": 0.005202051388092553, "recall@10": 0.01098146877144818, "recall@5": 0.0068634179821551134, "users_per_second": 620.1238799602813}}, {"loss": 0.00327025151088795, "step": 55500, "valid": {"evaluated_users": 1457, "hit@10": 0.014413177762525738, "hit@5": 0.0075497597803706245, "ndcg@10": 0.007704347912224918, "ndcg@5": 0.0055574272019607756, "recall@10": 0.014413177762525738, "recall@5": 0.0075497597803706245, "users_per_second": 620.3009102643674}}, {"loss": 0.0026126890556527845, "step": 55800, "valid": {"evaluated_users": 1457, "hit@10": 0.012354152367879203, "hit@5": 0.0075497597803706245, "ndcg@10": 0.007129583956936124, "ndcg@5": 0.005527720783365198, "recall@10": 0.012354152367879203, "recall@5": 0.0075497597803706245, "users_per_second": 620.58261825041}}, {"loss": 0.0023962022411918344, "step": 56100, "valid": {"evaluated_users": 1457, "hit@10": 0.012354152367879203, "hit@5": 0.008236101578586136, "ndcg@10": 0.007056031933499678, "ndcg@5": 0.005793234034727273, "recall@10": 0.012354152367879203, "recall@5": 0.008236101578586136, "users_per_second": 620.81589109543}}, {"loss": 0.002841777838693815, "step": 56400, "valid": {"evaluated_users": 1457, "hit@10": 0.012354152367879203, "hit@5": 0.0075497597803706245, "ndcg@10": 0.006979619202075372, "ndcg@5": 0.005467564639454627, "recall@10": 0.012354152367879203, "recall@5": 0.0075497597803706245, "users_per_second": 619.8663744804448}}, {"loss": 0.0025920882190742607, "step": 56700, "valid": {"evaluated_users": 1457, "hit@10": 0.013726835964310227, "hit@5": 0.008922443376801648, "ndcg@10": 0.007118730335964527, "ndcg@5": 0.005685498315026305, "recall@10": 0.013726835964310227, "recall@5": 0.008922443376801648, "users_per_second": 619.7914944682216}}, {"loss": 0.002239947480969325, "step": 57000, "valid": {"evaluated_users": 1457, "hit@10": 0.011667810569663692, "hit@5": 0.0075497597803706245, "ndcg@10": 0.006796677831548156, "ndcg@5": 0.005515144215245023, "recall@10": 0.011667810569663692, "recall@5": 0.0075497597803706245, "users_per_second": 620.1219707689329}}, {"loss": 0.0027139808036978743, "step": 57300, "valid": {"evaluated_users": 1457, "hit@10": 0.015099519560741249, "hit@5": 0.0075497597803706245, "ndcg@10": 0.007527929421033102, "ndcg@5": 0.005232129460047839, "recall@10": 0.015099519560741249, "recall@5": 0.0075497597803706245, "users_per_second": 619.8366356299663}}, {"loss": 0.0024651295466173906, "step": 57600, "valid": {"evaluated_users": 1457, "hit@10": 0.015099519560741249, "hit@5": 0.008922443376801648, "ndcg@10": 0.007732650895374495, "ndcg@5": 0.005757859373697343, "recall@10": 0.015099519560741249, "recall@5": 0.008922443376801648, "users_per_second": 619.4275517052762}}, {"loss": 0.0025224347634260386, "step": 57900, "valid": {"evaluated_users": 1457, "hit@10": 0.013726835964310227, "hit@5": 0.008236101578586136, "ndcg@10": 0.007219439822304169, "ndcg@5": 0.0055574272019607756, "recall@10": 0.013726835964310227, "recall@5": 0.008236101578586136, "users_per_second": 620.7659446022002}}, {"loss": 0.0025867074826480046, "step": 58200, "valid": {"evaluated_users": 1457, "hit@10": 0.014413177762525738, "hit@5": 0.0075497597803706245, "ndcg@10": 0.007759564230884663, "ndcg@5": 0.00552734913000549, "recall@10": 0.014413177762525738, "recall@5": 0.0075497597803706245, "users_per_second": 619.6492395827612}}, {"loss": 0.0026669676975143376, "step": 58500, "valid": {"evaluated_users": 1457, "hit@10": 0.014413177762525738, "hit@5": 0.009608785175017159, "ndcg@10": 0.007605392446144207, "ndcg@5": 0.0061063268618797425, "recall@10": 0.014413177762525738, "recall@5": 0.009608785175017159, "users_per_second": 620.2552152855127}}, {"loss": 0.00284440205769594, "step": 58800, "valid": {"evaluated_users": 1457, "hit@10": 0.018531228551818806, "hit@5": 0.0075497597803706245, "ndcg@10": 0.00868534915366311, "ndcg@5": 0.005124393740346871, "recall@10": 0.018531228551818806, "recall@5": 0.0075497597803706245, "users_per_second": 620.5265017470882}}, {"loss": 0.0026889675275742777, "step": 59100, "valid": {"evaluated_users": 1457, "hit@10": 0.017844886753603295, "hit@5": 0.01098146877144818, "ndcg@10": 0.008642602093721034, "ndcg@5": 0.006439755082396775, "recall@10": 0.017844886753603295, "recall@5": 0.01098146877144818, "users_per_second": 619.7623440755654}}, {"loss": 0.003364180225034943, "step": 59400, "valid": {"evaluated_users": 1457, "hit@10": 0.016472203157172273, "hit@5": 0.01098146877144818, "ndcg@10": 0.008238518561514314, "ndcg@5": 0.006392175506606378, "recall@10": 0.016472203157172273, "recall@5": 0.01098146877144818, "users_per_second": 620.5827826937808}}, {"loss": 0.00262747088073714, "step": 59700, "valid": {"evaluated_users": 1457, "hit@10": 0.015099519560741249, "hit@5": 0.009608785175017159, "ndcg@10": 0.007457736656925296, "ndcg@5": 0.005697703229786771, "recall@10": 0.015099519560741249, "recall@5": 0.009608785175017159, "users_per_second": 620.7201233328378}}, {"loss": 0.0026421559044198756, "step": 60000, "valid": {"evaluated_users": 1457, "hit@10": 0.017844886753603295, "hit@5": 0.01029512697323267, "ndcg@10": 0.008803531293818395, "ndcg@5": 0.006371840113241816, "recall@10": 0.017844886753603295, "recall@5": 0.01029512697323267, "users_per_second": 620.000779124837}}], "interaction_cache": "/workspace/P78123011/cache/mamba_multi_agent_data/amazon-all-beauty_90e3e920169a.pkl", "method": "EAGER", "monitor_metric": "ndcg@10", "num_items": 4090, "num_users": 1603, "semantic_cache": "/workspace/P78123011/cache/eager/semantic/amazon-all-beauty_147ca0dd6cb1.pt", "streams": ["DIN_behavior", "T5_semantic"], "test": {"evaluated_users": 1457, "hit@10": 0.014413177762525738, "hit@5": 0.008922443376801648, "ndcg@10": 0.0088059775408262, "ndcg@5": 0.006977690374182194, "recall@10": 0.014413177762525738, "recall@5": 0.008922443376801648, "users_per_second": 620.108854153153}, "train_examples": 3785, "train_interactions": 8445, "tree_cache": "/workspace/P78123011/cache/eager/amazon-all-beauty/trees", "validation": {"evaluated_users": 1457, "hit@10": 0.02059025394646534, "hit@5": 0.012354152367879203, "ndcg@10": 0.01137791742485375, "ndcg@5": 0.008670746776811218, "recall@10": 0.02059025394646534, "recall@5": 0.012354152367879203, "users_per_second": 620.2027759514042}, "visible_gpus": 1}
2026-09-07 08:35:40,675 | INFO | outputs=/workspace/P78123011/MediaTek_2026_project/Reproduce/EAGER/outputs/Full_Beauty/eager_20260907_080950_r1
