dataset,split,user,history_length,lag,item,target,raw_cosine,random_cosine,excess_cosine,raw_cluster_match,random_cluster_match,excess_cluster_match,matching_widened_bins
amazon-sports-and-outdoors,valid,3612,3,1,12815,23818,0.22580300271511078,0.17304721474647522,0.05275578796863556,1.0,0.2,0.8,0
amazon-sports-and-outdoors,valid,3612,3,2,188838,23818,0.0521276593208313,0.1852751076221466,-0.1331474483013153,0.0,0.2,-0.2,0
amazon-sports-and-outdoors,valid,3612,3,3,30232,23818,0.24866390228271484,0.1707870215177536,0.07787688076496124,1.0,0.15,0.85,0
amazon-sports-and-outdoors,valid,9465,4,1,150512,297198,0.03596199303865433,0.07559819519519806,-0.03963620215654373,0.0,0.05,-0.05,0
amazon-sports-and-outdoors,valid,9465,4,2,66875,297198,0.11040790379047394,0.07808078825473785,0.032327115535736084,1.0,0.1,0.9,0
amazon-sports-and-outdoors,valid,9465,4,3,191506,297198,0.10688268393278122,0.07620681822299957,0.030675865709781647,1.0,0.1,0.9,0
amazon-sports-and-outdoors,valid,9465,4,4,362171,297198,0.08056050539016724,0.07172586023807526,0.00883464515209198,0.0,0.05,-0.05,0
amazon-sports-and-outdoors,valid,18078,7,1,20264,2151,0.1449582874774933,0.15864701569080353,-0.013688728213310242,0.0,0.15,-0.15,0
amazon-sports-and-outdoors,valid,18078,7,2,60994,2151,0.18053831160068512,0.1256994605064392,0.05483885109424591,1.0,0.15,0.85,0
amazon-sports-and-outdoors,valid,18078,7,3,145181,2151,0.14171981811523438,0.13584241271018982,0.005877405405044556,0.0,0.15,-0.15,0
amazon-sports-and-outdoors,valid,18078,7,4,181095,2151,0.10920801758766174,0.13064537942409515,-0.02143736183643341,0.0,0.2,-0.2,0
amazon-sports-and-outdoors,valid,18078,7,5,294948,2151,0.04696611315011978,0.12752792239189148,-0.0805618092417717,0.0,0.05,-0.05,0
amazon-sports-and-outdoors,valid,18078,7,6,1120,2151,0.0851874053478241,0.1430918425321579,-0.0579044371843338,0.0,0.15,-0.15,0
amazon-sports-and-outdoors,valid,18078,7,7,177101,2151,0.11104943603277206,0.14697350561618805,-0.035924069583415985,0.0,0.1,-0.1,0
amazon-sports-and-outdoors,valid,18754,4,1,54147,187285,0.09686869382858276,0.11488997936248779,-0.01802128553390503,0.0,0.1,-0.1,0
amazon-sports-and-outdoors,valid,18754,4,2,36816,187285,0.11503918468952179,0.11111561208963394,0.003923572599887848,0.0,0.05,-0.05,0
amazon-sports-and-outdoors,valid,18754,4,3,60742,187285,0.12504258751869202,0.0952744111418724,0.02976817637681961,0.0,0.0,0.0,0
amazon-sports-and-outdoors,valid,18754,4,4,11224,187285,0.15615016222000122,0.0959140956401825,0.060236066579818726,0.0,0.05,-0.05,0
amazon-sports-and-outdoors,valid,20907,10,1,63316,7342,0.08722418546676636,0.1196446418762207,-0.032420456409454346,0.0,0.05,-0.05,0
amazon-sports-and-outdoors,valid,20907,10,2,40363,7342,0.2818365693092346,0.12603877484798431,0.1557977944612503,1.0,0.0,1.0,0
amazon-sports-and-outdoors,valid,20907,10,3,68825,7342,0.13852277398109436,0.132969468832016,0.005553305149078369,0.0,0.15,-0.15,0
amazon-sports-and-outdoors,valid,20907,10,4,45321,7342,0.15196967124938965,0.1414036601781845,0.01056601107120514,0.0,0.0,0.0,0
amazon-sports-and-outdoors,valid,20907,10,5,15389,7342,0.21826165914535522,0.13246724009513855,0.08579441905021667,0.0,0.0,0.0,0
amazon-sports-and-outdoors,valid,20907,10,6,129958,7342,0.08552718162536621,0.14498920738697052,-0.05946202576160431,0.0,0.0,0.0,0
amazon-sports-and-outdoors,valid,20907,10,7,47474,7342,0.10494863986968994,0.13773879408836365,-0.032790154218673706,0.0,0.0,0.0,0
amazon-sports-and-outdoors,valid,20907,10,8,68825,7342,0.13852277398109436,0.13787484169006348,0.0006479322910308838,0.0,0.05,-0.05,0
amazon-sports-and-outdoors,valid,20907,10,9,18972,7342,0.0786282941699028,0.12110588699579239,-0.04247759282588959,0.0,0.0,0.0,0
amazon-sports-and-outdoors,valid,20907,10,10,270116,7342,0.07221581786870956,0.13347628712654114,-0.061260469257831573,0.0,0.05,-0.05,0
amazon-sports-and-outdoors,valid,24953,2,1,327611,110287,0.09758113324642181,0.10121873766183853,-0.0036376044154167175,0.0,0.0,0.0,0
amazon-sports-and-outdoors,valid,24953,2,2,256724,110287,0.13944894075393677,0.11159136146306992,0.027857579290866852,0.0,0.05,-0.05,0
amazon-sports-and-outdoors,valid,26315,4,1,273930,107479,0.06252943724393845,0.07346690446138382,-0.010937467217445374,0.0,0.25,-0.25,0
amazon-sports-and-outdoors,valid,26315,4,2,151165,107479,0.18205811083316803,0.07522238045930862,0.1068357303738594,0.0,0.2,-0.2,0
amazon-sports-and-outdoors,valid,26315,4,3,57875,107479,0.0988444909453392,0.10442762076854706,-0.005583129823207855,0.0,0.05,-0.05,0
amazon-sports-and-outdoors,valid,26315,4,4,73827,107479,0.054098330438137054,0.09945645928382874,-0.04535812884569168,0.0,0.25,-0.25,0
amazon-sports-and-outdoors,valid,26487,4,1,25096,14663,0.28822726011276245,0.17025813460350037,0.11796912550926208,1.0,0.15,0.85,0
amazon-sports-and-outdoors,valid,26487,4,2,114274,14663,0.103204146027565,0.14574508368968964,-0.042540937662124634,0.0,0.05,-0.05,0
amazon-sports-and-outdoors,valid,26487,4,3,4749,14663,0.18550977110862732,0.13573740422725677,0.049772366881370544,0.0,0.0,0.0,0
amazon-sports-and-outdoors,valid,26487,4,4,53885,14663,0.1338788866996765,0.12086252868175507,0.013016358017921448,0.0,0.0,0.0,0
amazon-sports-and-outdoors,valid,34522,6,1,16498,80272,0.18936461210250854,0.11998293548822403,0.06938167661428452,0.0,0.25,-0.25,0
amazon-sports-and-outdoors,valid,34522,6,2,198957,80272,0.14291107654571533,0.1021101102232933,0.04080096632242203,0.0,0.0,0.0,0
amazon-sports-and-outdoors,valid,34522,6,3,60999,80272,0.13500413298606873,0.11357519775629044,0.02142893522977829,0.0,0.15,-0.15,0
amazon-sports-and-outdoors,valid,34522,6,4,11670,80272,0.05366072431206703,0.12088616192340851,-0.06722543761134148,0.0,0.15,-0.15,0
amazon-sports-and-outdoors,valid,34522,6,5,19337,80272,0.05219430476427078,0.12740853428840637,-0.07521422952413559,0.0,0.15,-0.15,0
amazon-sports-and-outdoors,valid,34522,6,6,198956,80272,0.077487513422966,0.12080266326665878,-0.04331514984369278,0.0,0.25,-0.25,0
amazon-sports-and-outdoors,valid,38415,6,1,35519,185318,0.11006498336791992,0.12154563516378403,-0.011480651795864105,0.0,0.05,-0.05,0
amazon-sports-and-outdoors,valid,38415,6,2,44436,185318,0.15599432587623596,0.11997227370738983,0.03602205216884613,0.0,0.1,-0.1,0
amazon-sports-and-outdoors,valid,38415,6,3,17518,185318,0.08837799727916718,0.12279549986124039,-0.03441750258207321,0.0,0.0,0.0,0
amazon-sports-and-outdoors,valid,38415,6,4,17518,185318,0.08837799727916718,0.12659497559070587,-0.038216978311538696,0.0,0.0,0.0,0
amazon-sports-and-outdoors,valid,38415,6,5,245694,185318,0.11812743544578552,0.11229387670755386,0.005833558738231659,0.0,0.0,0.0,0
amazon-sports-and-outdoors,valid,38415,6,6,148230,185318,0.13347142934799194,0.12102138996124268,0.012450039386749268,0.0,0.05,-0.05,0
amazon-sports-and-outdoors,valid,44226,3,1,5068,33586,0.1561148762702942,0.11133603751659393,0.044778838753700256,0.0,0.0,0.0,0
amazon-sports-and-outdoors,valid,44226,3,2,39925,33586,0.15607212483882904,0.11067129671573639,0.04540082812309265,0.0,0.0,0.0,0
amazon-sports-and-outdoors,valid,44226,3,3,81671,33586,0.052772536873817444,0.14155520498752594,-0.0887826681137085,0.0,0.1,-0.1,0
amazon-sports-and-outdoors,valid,44584,13,1,249537,4068,0.10875201225280762,0.12284330278635025,-0.014091290533542633,0.0,0.15,-0.15,0
amazon-sports-and-outdoors,valid,44584,13,2,320080,4068,0.17213737964630127,0.12105505168437958,0.05108232796192169,1.0,0.3,0.7,0
amazon-sports-and-outdoors,valid,44584,13,3,320079,4068,0.10984869301319122,0.12216738611459732,-0.012318693101406097,1.0,0.0,1.0,0
amazon-sports-and-outdoors,valid,44584,13,4,90690,4068,0.07746182382106781,0.1507219523191452,-0.07326012849807739,0.0,0.1,-0.1,0
amazon-sports-and-outdoors,valid,44584,13,5,203618,4068,0.06453921645879745,0.1343858242034912,-0.06984660774469376,0.0,0.05,-0.05,0
amazon-sports-and-outdoors,valid,44584,13,6,42897,4068,0.11645375192165375,0.11853375285863876,-0.002080000936985016,0.0,0.1,-0.1,0
amazon-sports-and-outdoors,valid,44584,13,7,320078,4068,0.024646321311593056,0.124972864985466,-0.10032654367387295,0.0,0.0,0.0,0
amazon-sports-and-outdoors,valid,44584,13,8,173437,4068,0.07950684428215027,0.1488494724035263,-0.06934262812137604,0.0,0.25,-0.25,0
amazon-sports-and-outdoors,valid,44584,13,9,127,4068,0.15475764870643616,0.13520871102809906,0.019548937678337097,0.0,0.1,-0.1,0
amazon-sports-and-outdoors,valid,44584,13,10,4879,4068,0.18013033270835876,0.12983134388923645,0.050298988819122314,0.0,0.15,-0.15,0
amazon-sports-and-outdoors,valid,44584,13,11,182207,4068,0.10442633926868439,0.13847856223583221,-0.03405222296714783,0.0,0.2,-0.2,0
amazon-sports-and-outdoors,valid,44584,13,12,104724,4068,0.08119933307170868,0.1314888745546341,-0.050289541482925415,0.0,0.1,-0.1,0
amazon-sports-and-outdoors,valid,44584,13,13,131364,4068,0.13546374440193176,0.12203669548034668,0.013427048921585083,0.0,0.1,-0.1,0
amazon-sports-and-outdoors,valid,50087,3,1,20208,73348,0.1249128058552742,0.14117547869682312,-0.01626267284154892,0.0,0.05,-0.05,0
amazon-sports-and-outdoors,valid,50087,3,2,55222,73348,0.08208213746547699,0.1400085687637329,-0.05792643129825592,0.0,0.05,-0.05,0
amazon-sports-and-outdoors,valid,50087,3,3,41126,73348,0.0468863919377327,0.1606363207101822,-0.1137499287724495,0.0,0.05,-0.05,0
amazon-sports-and-outdoors,valid,58928,2,1,697,697,1.0,0.12377526611089706,0.8762247338891029,1.0,0.05,0.95,0
amazon-sports-and-outdoors,valid,58928,2,2,697,697,1.0,0.1215440183877945,0.8784559816122055,1.0,0.0,1.0,0
amazon-sports-and-outdoors,valid,60405,2,1,59460,37110,0.15380918979644775,0.1278533935546875,0.025955796241760254,0.0,0.25,-0.25,0
amazon-sports-and-outdoors,valid,60405,2,2,132851,37110,0.10625065118074417,0.12476442009210587,-0.018513768911361694,0.0,0.1,-0.1,0
amazon-sports-and-outdoors,valid,74464,6,1,111123,23259,0.18728944659233093,0.15662196278572083,0.030667483806610107,0.0,0.0,0.0,0
amazon-sports-and-outdoors,valid,74464,6,2,20018,23259,0.23083952069282532,0.1710038185119629,0.05983570218086243,0.0,0.05,-0.05,0
amazon-sports-and-outdoors,valid,74464,6,3,8373,23259,0.14319822192192078,0.16042649745941162,-0.017228275537490845,0.0,0.05,-0.05,0
amazon-sports-and-outdoors,valid,74464,6,4,110627,23259,0.13042248785495758,0.17615635693073273,-0.045733869075775146,0.0,0.05,-0.05,0
amazon-sports-and-outdoors,valid,74464,6,5,15403,23259,0.10079734027385712,0.16854164004325867,-0.06774429976940155,0.0,0.0,0.0,0
amazon-sports-and-outdoors,valid,74464,6,6,6209,23259,0.1180877536535263,0.15866997838020325,-0.04058222472667694,0.0,0.0,0.0,0
amazon-sports-and-outdoors,valid,77119,3,1,337334,83892,0.05485899746417999,0.10126067698001862,-0.04640167951583862,0.0,0.15,-0.15,0
amazon-sports-and-outdoors,valid,77119,3,2,9639,83892,0.1396448016166687,0.10920226573944092,0.030442535877227783,0.0,0.05,-0.05,0
amazon-sports-and-outdoors,valid,77119,3,3,58853,83892,0.1187361553311348,0.11579892784357071,0.002937227487564087,0.0,0.15,-0.15,0
amazon-sports-and-outdoors,valid,84349,12,1,173932,50966,0.14360570907592773,0.07456924021244049,0.06903646886348724,1.0,0.15,0.85,0
amazon-sports-and-outdoors,valid,84349,12,2,223404,50966,0.06774581223726273,0.05584289878606796,0.011902913451194763,1.0,0.05,0.95,0
amazon-sports-and-outdoors,valid,84349,12,3,11095,50966,0.13859522342681885,0.0471554771065712,0.09143974632024765,1.0,0.0,1.0,0
amazon-sports-and-outdoors,valid,84349,12,4,175639,50966,0.04054602235555649,0.049886852502822876,-0.009340830147266388,0.0,0.0,0.0,0
amazon-sports-and-outdoors,valid,84349,12,5,3729,50966,0.07521183043718338,0.0538211464881897,0.021390683948993683,0.0,0.0,0.0,0
amazon-sports-and-outdoors,valid,84349,12,6,198428,50966,0.12850265204906464,0.04905012249946594,0.0794525295495987,1.0,0.05,0.95,0
amazon-sports-and-outdoors,valid,84349,12,7,40614,50966,0.051475316286087036,0.062018997967243195,-0.010543681681156158,0.0,0.0,0.0,0
amazon-sports-and-outdoors,valid,84349,12,8,181752,50966,0.04592849314212799,0.05483901500701904,-0.008910521864891052,0.0,0.05,-0.05,0
amazon-sports-and-outdoors,valid,84349,12,9,25013,50966,0.05776180326938629,0.06890559941530228,-0.011143796145915985,0.0,0.0,0.0,0
amazon-sports-and-outdoors,valid,84349,12,10,1243,50966,0.058269672095775604,0.05904468148946762,-0.0007750093936920166,0.0,0.0,0.0,0
amazon-sports-and-outdoors,valid,84349,12,11,114396,50966,0.1036556139588356,0.061575017869472504,0.0420805960893631,0.0,0.0,0.0,0
amazon-sports-and-outdoors,valid,84349,12,12,1216,50966,0.027305185794830322,0.06953330338001251,-0.04222811758518219,0.0,0.05,-0.05,0
amazon-sports-and-outdoors,valid,85798,5,1,397392,3092,0.3829646110534668,0.14606668055057526,0.23689793050289154,1.0,0.1,0.9,0
amazon-sports-and-outdoors,valid,85798,5,2,20218,3092,0.17336228489875793,0.15369929373264313,0.019662991166114807,0.0,0.05,-0.05,0
amazon-sports-and-outdoors,valid,85798,5,3,30943,3092,0.13292941451072693,0.11318016052246094,0.01974925398826599,0.0,0.0,0.0,0
amazon-sports-and-outdoors,valid,85798,5,4,8601,3092,0.11310272663831711,0.14286431670188904,-0.02976159006357193,0.0,0.0,0.0,0
amazon-sports-and-outdoors,valid,85798,5,5,77250,3092,0.22376158833503723,0.13953718543052673,0.0842244029045105,0.0,0.0,0.0,0
amazon-sports-and-outdoors,valid,86716,2,1,142983,287721,0.0782608687877655,0.1195862889289856,-0.04132542014122009,0.0,0.05,-0.05,0
amazon-sports-and-outdoors,valid,86716,2,2,287720,287721,0.12365439534187317,0.1393977552652359,-0.015743359923362732,0.0,0.0,0.0,0
amazon-sports-and-outdoors,valid,88047,5,1,125006,358731,0.08408142626285553,0.10070077329874039,-0.016619347035884857,0.0,0.1,-0.1,0
amazon-sports-and-outdoors,valid,88047,5,2,45132,358731,0.11697706580162048,0.08901933580636978,0.027957729995250702,1.0,0.05,0.95,0
amazon-sports-and-outdoors,valid,88047,5,3,48626,358731,0.07873466610908508,0.0966368094086647,-0.01790214329957962,0.0,0.05,-0.05,0
amazon-sports-and-outdoors,valid,88047,5,4,68962,358731,0.07870759069919586,0.09459032863378525,-0.015882737934589386,0.0,0.1,-0.1,0
amazon-sports-and-outdoors,valid,88047,5,5,13403,358731,0.09414371103048325,0.07280893623828888,0.021334774792194366,0.0,0.05,-0.05,0
amazon-sports-and-outdoors,valid,90899,5,1,39979,2525,0.09700077027082443,0.11257268488407135,-0.015571914613246918,0.0,0.1,-0.1,0
amazon-sports-and-outdoors,valid,90899,5,2,51992,2525,0.026272360235452652,0.09229210764169693,-0.06601974740624428,0.0,0.0,0.0,0
amazon-sports-and-outdoors,valid,90899,5,3,80608,2525,0.11018091440200806,0.09826181828975677,0.011919096112251282,0.0,0.1,-0.1,0
amazon-sports-and-outdoors,valid,90899,5,4,293679,2525,0.09468387067317963,0.09062756597995758,0.004056304693222046,1.0,0.1,0.9,0
amazon-sports-and-outdoors,valid,90899,5,5,91105,2525,0.10829822719097137,0.10187079757452011,0.006427429616451263,0.0,0.15,-0.15,0
amazon-sports-and-outdoors,valid,97264,4,1,158574,7056,0.3122718334197998,0.12614253163337708,0.18612930178642273,1.0,0.0,1.0,0
amazon-sports-and-outdoors,valid,97264,4,2,24032,7056,0.18238815665245056,0.11435975879430771,0.06802839785814285,0.0,0.0,0.0,0
amazon-sports-and-outdoors,valid,97264,4,3,10898,7056,0.15109211206436157,0.1354588121175766,0.015633299946784973,0.0,0.0,0.0,0
amazon-sports-and-outdoors,valid,97264,4,4,120338,7056,0.1262383610010147,0.1321433186531067,-0.00590495765209198,0.0,0.0,0.0,0
amazon-sports-and-outdoors,valid,98769,4,1,230880,60012,0.04637700691819191,0.10821463912725449,-0.061837632209062576,0.0,0.0,0.0,0
amazon-sports-and-outdoors,valid,98769,4,2,19829,60012,0.09498937427997589,0.10512594878673553,-0.010136574506759644,0.0,0.1,-0.1,0
amazon-sports-and-outdoors,valid,98769,4,3,12909,60012,0.07454773783683777,0.10103173553943634,-0.026483997702598572,0.0,0.15,-0.15,0
amazon-sports-and-outdoors,valid,98769,4,4,105652,60012,0.10919321328401566,0.10247160494327545,0.006721608340740204,0.0,0.05,-0.05,0
amazon-sports-and-outdoors,valid,100329,3,1,42237,8438,0.10722829401493073,0.13428707420825958,-0.027058780193328857,0.0,0.0,0.0,0
amazon-sports-and-outdoors,valid,100329,3,2,36032,8438,0.14746204018592834,0.12145992368459702,0.02600211650133133,0.0,0.0,0.0,0
amazon-sports-and-outdoors,valid,100329,3,3,42236,8438,0.1818806678056717,0.1322348564863205,0.049645811319351196,0.0,0.05,-0.05,0
amazon-sports-and-outdoors,valid,104963,6,1,782,1541,0.06036686524748802,0.11396817862987518,-0.05360131338238716,0.0,0.2,-0.2,0
amazon-sports-and-outdoors,valid,104963,6,2,293321,1541,0.08296632021665573,0.10177996009588242,-0.018813639879226685,0.0,0.05,-0.05,0
amazon-sports-and-outdoors,valid,104963,6,3,59265,1541,0.1793772280216217,0.14701679348945618,0.03236043453216553,0.0,0.15,-0.15,0
amazon-sports-and-outdoors,valid,104963,6,4,106868,1541,0.22882622480392456,0.12169258296489716,0.1071336418390274,0.0,0.2,-0.2,0
amazon-sports-and-outdoors,valid,104963,6,5,18744,1541,0.1375148892402649,0.12596914172172546,0.011545747518539429,0.0,0.2,-0.2,0
amazon-sports-and-outdoors,valid,104963,6,6,14416,1541,0.19539588689804077,0.11971081793308258,0.07568506896495819,0.0,0.05,-0.05,0
amazon-sports-and-outdoors,valid,121053,5,1,95901,63557,0.15684334933757782,0.14286461472511292,0.013978734612464905,0.0,0.15,-0.15,0
amazon-sports-and-outdoors,valid,121053,5,2,3522,63557,0.11025310307741165,0.1379511058330536,-0.027698002755641937,0.0,0.1,-0.1,0
amazon-sports-and-outdoors,valid,121053,5,3,118501,63557,0.1274232417345047,0.14250850677490234,-0.015085265040397644,0.0,0.1,-0.1,0
amazon-sports-and-outdoors,valid,121053,5,4,32285,63557,0.21174073219299316,0.13144245743751526,0.0802982747554779,0.0,0.0,0.0,0
amazon-sports-and-outdoors,valid,121053,5,5,9812,63557,0.15012255311012268,0.11045535653829575,0.039667196571826935,0.0,0.0,0.0,0
amazon-sports-and-outdoors,valid,123486,2,1,339147,9607,0.1561703085899353,0.11829935014247894,0.03787095844745636,1.0,0.1,0.9,0
amazon-sports-and-outdoors,valid,123486,2,2,28364,9607,0.2616081237792969,0.13522323966026306,0.1263848841190338,1.0,0.15,0.85,0
amazon-sports-and-outdoors,valid,126297,3,1,164223,264408,0.0903567299246788,0.12342596054077148,-0.03306923061609268,0.0,0.05,-0.05,0
amazon-sports-and-outdoors,valid,126297,3,2,156761,264408,0.20654308795928955,0.13342027366161346,0.07312281429767609,1.0,0.0,1.0,0
amazon-sports-and-outdoors,valid,126297,3,3,264407,264408,0.10390661656856537,0.14103694260120392,-0.03713032603263855,0.0,0.05,-0.05,0
amazon-sports-and-outdoors,valid,144746,4,1,11760,26053,0.282884806394577,0.12699691951274872,0.1558878868818283,1.0,0.0,1.0,0
amazon-sports-and-outdoors,valid,144746,4,2,1455,26053,0.16150039434432983,0.11550571769475937,0.045994676649570465,0.0,0.0,0.0,0
amazon-sports-and-outdoors,valid,144746,4,3,10642,26053,0.20221221446990967,0.12359791994094849,0.07861429452896118,1.0,0.05,0.95,0
amazon-sports-and-outdoors,valid,144746,4,4,72555,26053,0.12545351684093475,0.1487722098827362,-0.023318693041801453,0.0,0.05,-0.05,0
amazon-sports-and-outdoors,valid,145067,5,1,27910,15523,0.1342291235923767,0.11854740232229233,0.01568172127008438,1.0,0.0,1.0,0
amazon-sports-and-outdoors,valid,145067,5,2,27725,15523,0.13381916284561157,0.11900963634252548,0.01480952650308609,0.0,0.0,0.0,0
amazon-sports-and-outdoors,valid,145067,5,3,143661,15523,0.04351454973220825,0.11403024196624756,-0.0705156922340393,0.0,0.2,-0.2,0
amazon-sports-and-outdoors,valid,145067,5,4,243161,15523,0.17587482929229736,0.09188227355480194,0.08399255573749542,0.0,0.2,-0.2,0
amazon-sports-and-outdoors,valid,145067,5,5,274035,15523,0.10158627480268478,0.12941136956214905,-0.027825094759464264,1.0,0.05,0.95,0
amazon-sports-and-outdoors,valid,162568,1,1,166903,37882,0.10678332298994064,0.10263822972774506,0.004145093262195587,0.0,0.0,0.0,0
amazon-sports-and-outdoors,valid,174711,4,1,352036,49152,0.20719799399375916,0.19039729237556458,0.01680070161819458,0.0,0.0,0.0,0
amazon-sports-and-outdoors,valid,174711,4,2,10299,49152,0.2850193381309509,0.1845523566007614,0.10046698153018951,0.0,0.0,0.0,0
amazon-sports-and-outdoors,valid,174711,4,3,287666,49152,0.1693168580532074,0.17049896717071533,-0.0011821091175079346,0.0,0.0,0.0,0
amazon-sports-and-outdoors,valid,174711,4,4,53353,49152,0.12609046697616577,0.19307498633861542,-0.06698451936244965,0.0,0.0,0.0,0
amazon-sports-and-outdoors,valid,177578,8,1,21928,35315,0.061177439987659454,0.14371879398822784,-0.08254135400056839,0.0,0.2,-0.2,0
amazon-sports-and-outdoors,valid,177578,8,2,314730,35315,0.07753126323223114,0.13686051964759827,-0.059329256415367126,0.0,0.05,-0.05,0
amazon-sports-and-outdoors,valid,177578,8,3,14043,35315,0.28799712657928467,0.1236494928598404,0.16434763371944427,1.0,0.0,1.0,0
amazon-sports-and-outdoors,valid,177578,8,4,153147,35315,0.10026746988296509,0.13174574077129364,-0.03147827088832855,0.0,0.1,-0.1,0
amazon-sports-and-outdoors,valid,177578,8,5,259572,35315,0.12207088619470596,0.1359122097492218,-0.013841323554515839,0.0,0.15,-0.15,0
amazon-sports-and-outdoors,valid,177578,8,6,23106,35315,0.19823680818080902,0.14057841897010803,0.05765838921070099,1.0,0.05,0.95,0
amazon-sports-and-outdoors,valid,177578,8,7,36001,35315,0.2746424078941345,0.1401224434375763,0.13451996445655823,1.0,0.1,0.9,0
amazon-sports-and-outdoors,valid,177578,8,8,124166,35315,0.18083760142326355,0.14762648940086365,0.0332111120223999,0.0,0.15,-0.15,0
amazon-sports-and-outdoors,valid,183451,14,1,186254,129092,0.03303394094109535,0.12627384066581726,-0.09323989972472191,0.0,0.05,-0.05,0
amazon-sports-and-outdoors,valid,183451,14,2,68140,129092,0.1418897956609726,0.1246049553155899,0.01728484034538269,0.0,0.2,-0.2,0
amazon-sports-and-outdoors,valid,183451,14,3,156789,129092,0.15253928303718567,0.12310786545276642,0.02943141758441925,0.0,0.0,0.0,0
amazon-sports-and-outdoors,valid,183451,14,4,31720,129092,0.12776008248329163,0.13120821118354797,-0.0034481287002563477,0.0,0.05,-0.05,0
amazon-sports-and-outdoors,valid,183451,14,5,103788,129092,0.09294065833091736,0.1258089244365692,-0.032868266105651855,0.0,0.05,-0.05,0
amazon-sports-and-outdoors,valid,183451,14,6,66841,129092,0.1559569537639618,0.1400323361158371,0.015924617648124695,0.0,0.1,-0.1,0
amazon-sports-and-outdoors,valid,183451,14,7,33905,129092,0.10728709399700165,0.1344563215970993,-0.027169227600097656,0.0,0.0,0.0,0
amazon-sports-and-outdoors,valid,183451,14,8,210171,129092,0.19109593331813812,0.12430306524038315,0.06679286807775497,0.0,0.1,-0.1,0
amazon-sports-and-outdoors,valid,183451,14,9,27834,129092,0.16275747120380402,0.12160185724496841,0.0411556139588356,0.0,0.0,0.0,0
amazon-sports-and-outdoors,valid,183451,14,10,24916,129092,0.28793609142303467,0.1343376338481903,0.15359845757484436,1.0,0.05,0.95,0
amazon-sports-and-outdoors,valid,183451,14,11,1279,129092,0.1676492691040039,0.1029760017991066,0.06467326730489731,0.0,0.15,-0.15,0
amazon-sports-and-outdoors,valid,183451,14,12,28586,129092,0.14489513635635376,0.11702437698841095,0.02787075936794281,0.0,0.05,-0.05,0
amazon-sports-and-outdoors,valid,183451,14,13,73909,129092,0.1114538386464119,0.12991593778133392,-0.018462099134922028,0.0,0.1,-0.1,0
amazon-sports-and-outdoors,valid,183451,14,14,19154,129092,0.1709584891796112,0.14066150784492493,0.03029698133468628,0.0,0.0,0.0,0
amazon-sports-and-outdoors,valid,194616,3,1,200166,60563,0.1723659634590149,0.151088684797287,0.021277278661727905,0.0,0.05,-0.05,0
amazon-sports-and-outdoors,valid,194616,3,2,54511,60563,0.24696658551692963,0.13762669265270233,0.1093398928642273,0.0,0.0,0.0,0
amazon-sports-and-outdoors,valid,194616,3,3,63972,60563,0.11532893776893616,0.14715781807899475,-0.031828880310058594,0.0,0.0,0.0,0
amazon-sports-and-outdoors,valid,196193,33,1,47064,38794,0.15354380011558533,0.11907313019037247,0.03447066992521286,0.0,0.2,-0.2,0
amazon-sports-and-outdoors,valid,196193,33,2,65893,38794,0.12538039684295654,0.1081462949514389,0.01723410189151764,0.0,0.15,-0.15,0
amazon-sports-and-outdoors,valid,196193,33,3,122941,38794,0.1700649857521057,0.09511397778987885,0.07495100796222687,0.0,0.25,-0.25,0
amazon-sports-and-outdoors,valid,196193,33,4,59326,38794,0.1824326515197754,0.10850640386343002,0.07392624765634537,1.0,0.1,0.9,0
amazon-sports-and-outdoors,valid,196193,33,5,252420,38794,0.08236624300479889,0.10336889326572418,-0.021002650260925293,0.0,0.15,-0.15,0
amazon-sports-and-outdoors,valid,196193,33,6,35748,38794,0.11674457788467407,0.08882342278957367,0.027921155095100403,1.0,0.25,0.75,0
amazon-sports-and-outdoors,valid,196193,33,7,82580,38794,0.05950489640235901,0.10474638640880585,-0.04524149000644684,1.0,0.2,0.8,0
amazon-sports-and-outdoors,valid,196193,33,8,204430,38794,0.0749339908361435,0.09629347175359726,-0.021359480917453766,1.0,0.2,0.8,0
amazon-sports-and-outdoors,valid,196193,33,9,32072,38794,0.1061723381280899,0.10127788782119751,0.004894450306892395,1.0,0.1,0.9,0
amazon-sports-and-outdoors,valid,196193,33,10,12676,38794,0.09327507019042969,0.09724362194538116,-0.003968551754951477,0.0,0.15,-0.15,0
amazon-sports-and-outdoors,valid,196193,33,11,82782,38794,0.23402413725852966,0.11200709640979767,0.122017040848732,1.0,0.05,0.95,0
amazon-sports-and-outdoors,valid,196193,33,12,73774,38794,0.03234434127807617,0.09803755581378937,-0.0656932145357132,1.0,0.15,0.85,0
amazon-sports-and-outdoors,valid,196193,33,13,31779,38794,0.16635635495185852,0.10667704045772552,0.059679314494132996,0.0,0.05,-0.05,0
amazon-sports-and-outdoors,valid,196193,33,14,60259,38794,0.08184248208999634,0.09380953013896942,-0.011967048048973083,1.0,0.2,0.8,0
amazon-sports-and-outdoors,valid,196193,33,15,10535,38794,0.18014810979366302,0.09454918652772903,0.08559892326593399,0.0,0.2,-0.2,0
amazon-sports-and-outdoors,valid,196193,33,16,138432,38794,0.15172801911830902,0.10985294729471207,0.041875071823596954,0.0,0.2,-0.2,0
amazon-sports-and-outdoors,valid,196193,33,17,11166,38794,0.09929194301366806,0.10656331479549408,-0.007271371781826019,1.0,0.05,0.95,0
amazon-sports-and-outdoors,valid,196193,33,18,220735,38794,0.2382127344608307,0.10805133730173111,0.13016139715909958,0.0,0.15,-0.15,0
amazon-sports-and-outdoors,valid,196193,33,19,25260,38794,0.1340441256761551,0.10755538940429688,0.026488736271858215,0.0,0.15,-0.15,0
amazon-sports-and-outdoors,valid,196193,33,20,55174,38794,0.1511179804801941,0.09490927308797836,0.05620870739221573,0.0,0.15,-0.15,0
amazon-sports-and-outdoors,valid,196193,33,21,65892,38794,0.1969238668680191,0.1013302206993103,0.0955936461687088,1.0,0.15,0.85,0
amazon-sports-and-outdoors,valid,196193,33,22,384922,38794,0.16502396762371063,0.10255929082632065,0.062464676797389984,0.0,0.15,-0.15,0
amazon-sports-and-outdoors,valid,196193,33,23,216312,38794,0.14030951261520386,0.1038326844573021,0.036476828157901764,0.0,0.1,-0.1,0
amazon-sports-and-outdoors,valid,196193,33,24,13837,38794,0.08617667853832245,0.10020583868026733,-0.014029160141944885,0.0,0.1,-0.1,0
amazon-sports-and-outdoors,valid,196193,33,25,36778,38794,0.10994632542133331,0.10405826568603516,0.005888059735298157,0.0,0.1,-0.1,0
amazon-sports-and-outdoors,valid,196193,33,26,449,38794,0.1240944117307663,0.11279009282588959,0.011304318904876709,0.0,0.05,-0.05,0
amazon-sports-and-outdoors,valid,196193,33,27,2893,38794,0.07399094849824905,0.1106048971414566,-0.03661394864320755,1.0,0.05,0.95,0
amazon-sports-and-outdoors,valid,196193,33,28,14752,38794,0.10960046947002411,0.10715381801128387,0.0024466514587402344,1.0,0.1,0.9,0
amazon-sports-and-outdoors,valid,196193,33,29,20212,38794,0.1490996778011322,0.10858912765979767,0.040510550141334534,0.0,0.2,-0.2,0
amazon-sports-and-outdoors,valid,196193,33,30,57075,38794,0.13654759526252747,0.10783626139163971,0.028711333870887756,1.0,0.0,1.0,0
amazon-sports-and-outdoors,valid,196193,33,31,36372,38794,0.1432918757200241,0.10771653801202774,0.03557533770799637,0.0,0.1,-0.1,0
amazon-sports-and-outdoors,valid,196193,33,32,76822,38794,0.1577414572238922,0.10584123432636261,0.0519002228975296,0.0,0.15,-0.15,0
amazon-sports-and-outdoors,valid,196193,33,33,199161,38794,0.1892421990633011,0.10879393666982651,0.08044826239347458,0.0,0.05,-0.05,0
amazon-sports-and-outdoors,valid,202720,1,1,57556,392988,0.05173904076218605,0.06927691400051117,-0.01753787323832512,0.0,0.05,-0.05,0
amazon-sports-and-outdoors,valid,206577,3,1,7041,167539,0.05229271203279495,0.08446109294891357,-0.03216838091611862,0.0,0.05,-0.05,0
amazon-sports-and-outdoors,valid,206577,3,2,167538,167539,0.11094079911708832,0.09227069467306137,0.018670104444026947,0.0,0.0,0.0,0
amazon-sports-and-outdoors,valid,206577,3,3,8337,167539,0.027028879150748253,0.09058286249637604,-0.06355398334562778,0.0,0.0,0.0,0
amazon-sports-and-outdoors,valid,206803,4,1,16253,140748,0.19268077611923218,0.14830484986305237,0.04437592625617981,1.0,0.05,0.95,0
amazon-sports-and-outdoors,valid,206803,4,2,120410,140748,0.1515701711177826,0.13922396302223206,0.012346208095550537,1.0,0.2,0.8,0
amazon-sports-and-outdoors,valid,206803,4,3,106587,140748,0.06689462065696716,0.13350394368171692,-0.06660932302474976,0.0,0.1,-0.1,0
amazon-sports-and-outdoors,valid,206803,4,4,94153,140748,0.17843641340732574,0.14873266220092773,0.02970375120639801,0.0,0.15,-0.15,0
amazon-sports-and-outdoors,valid,208905,5,1,40874,29721,0.15785706043243408,0.19559155404567719,-0.0377344936132431,0.0,0.0,0.0,0
amazon-sports-and-outdoors,valid,208905,5,2,67276,29721,0.20232748985290527,0.18787650763988495,0.014450982213020325,0.0,0.0,0.0,0
amazon-sports-and-outdoors,valid,208905,5,3,6634,29721,0.21856559813022614,0.15226133167743683,0.0663042664527893,0.0,0.05,-0.05,0
amazon-sports-and-outdoors,valid,208905,5,4,33475,29721,0.19700376689434052,0.1820698380470276,0.014933928847312927,0.0,0.0,0.0,0
amazon-sports-and-outdoors,valid,208905,5,5,14684,29721,0.17807362973690033,0.17549344897270203,0.0025801807641983032,0.0,0.0,0.0,0
amazon-sports-and-outdoors,valid,223232,3,1,2544,8773,0.12941968441009521,0.14696145057678223,-0.01754176616668701,0.0,0.05,-0.05,0
amazon-sports-and-outdoors,valid,223232,3,2,50926,8773,0.11318328976631165,0.14462146162986755,-0.03143817186355591,0.0,0.0,0.0,0
amazon-sports-and-outdoors,valid,223232,3,3,137507,8773,0.15766532719135284,0.14631132781505585,0.011353999376296997,0.0,0.0,0.0,0
amazon-sports-and-outdoors,valid,223775,2,1,121330,380425,0.08241439610719681,0.08493256568908691,-0.002518169581890106,0.0,0.05,-0.05,0
amazon-sports-and-outdoors,valid,223775,2,2,121330,380425,0.08241439610719681,0.06687965989112854,0.015534736216068268,0.0,0.05,-0.05,0
amazon-sports-and-outdoors,valid,230626,3,1,139724,11757,0.18616029620170593,0.15981942415237427,0.026340872049331665,0.0,0.0,0.0,0
amazon-sports-and-outdoors,valid,230626,3,2,314970,11757,0.12683400511741638,0.14484749734401703,-0.018013492226600647,0.0,0.05,-0.05,0
amazon-sports-and-outdoors,valid,230626,3,3,1529,11757,0.253579705953598,0.1468847393989563,0.10669496655464172,0.0,0.0,0.0,0
amazon-sports-and-outdoors,valid,235158,22,1,114155,180408,0.12298206984996796,0.12495534121990204,-0.001973271369934082,0.0,0.15,-0.15,0
amazon-sports-and-outdoors,valid,235158,22,2,180408,180408,1.0,0.12518028914928436,0.8748197108507156,1.0,0.2,0.8,0
amazon-sports-and-outdoors,valid,235158,22,3,15831,180408,0.1587335169315338,0.12538936734199524,0.033344149589538574,1.0,0.2,0.8,0
amazon-sports-and-outdoors,valid,235158,22,4,29607,180408,0.11823572218418121,0.12988241016864777,-0.011646687984466553,0.0,0.15,-0.15,0
amazon-sports-and-outdoors,valid,235158,22,5,66447,180408,0.2848767638206482,0.12832534313201904,0.15655142068862915,1.0,0.25,0.75,0
amazon-sports-and-outdoors,valid,235158,22,6,351834,180408,0.3727928400039673,0.1335376799106598,0.2392551600933075,0.0,0.05,-0.05,0
amazon-sports-and-outdoors,valid,235158,22,7,10450,180408,0.1627955436706543,0.1375502049922943,0.025245338678359985,0.0,0.15,-0.15,0
amazon-sports-and-outdoors,valid,235158,22,8,10661,180408,0.11262720823287964,0.12185396999120712,-0.009226761758327484,0.0,0.15,-0.15,0
amazon-sports-and-outdoors,valid,235158,22,9,23119,180408,0.21366456151008606,0.13398230075836182,0.07968226075172424,1.0,0.1,0.9,0
amazon-sports-and-outdoors,valid,235158,22,10,82866,180408,0.2804076671600342,0.12310712039470673,0.15730054676532745,0.0,0.15,-0.15,0
amazon-sports-and-outdoors,valid,235158,22,11,167830,180408,0.12947477400302887,0.12757308781147003,0.0019016861915588379,0.0,0.15,-0.15,0
amazon-sports-and-outdoors,valid,235158,22,12,386562,180408,0.11745104193687439,0.13126347959041595,-0.013812437653541565,1.0,0.15,0.85,0
amazon-sports-and-outdoors,valid,235158,22,13,9575,180408,0.13715124130249023,0.12713447213172913,0.010016769170761108,0.0,0.05,-0.05,0
amazon-sports-and-outdoors,valid,235158,22,14,3841,180408,0.16978804767131805,0.12636958062648773,0.04341846704483032,1.0,0.2,0.8,0
amazon-sports-and-outdoors,valid,235158,22,15,3839,180408,0.13272207975387573,0.1343521773815155,-0.0016300976276397705,0.0,0.15,-0.15,0
amazon-sports-and-outdoors,valid,235158,22,16,47239,180408,0.11304403096437454,0.11878721415996552,-0.005743183195590973,0.0,0.05,-0.05,0
amazon-sports-and-outdoors,valid,235158,22,17,132993,180408,0.19352126121520996,0.125300794839859,0.06822046637535095,1.0,0.25,0.75,0
amazon-sports-and-outdoors,valid,235158,22,18,186018,180408,0.10861615836620331,0.12226283550262451,-0.013646677136421204,0.0,0.1,-0.1,0
amazon-sports-and-outdoors,valid,235158,22,19,48706,180408,0.13257375359535217,0.13214614987373352,0.00042760372161865234,1.0,0.25,0.75,0
amazon-sports-and-outdoors,valid,235158,22,20,38482,180408,0.10758678615093231,0.12104979902505875,-0.013463012874126434,1.0,0.2,0.8,0
amazon-sports-and-outdoors,valid,235158,22,21,201622,180408,0.0376349501311779,0.14375506341457367,-0.10612011328339577,0.0,0.1,-0.1,0
amazon-sports-and-outdoors,valid,235158,22,22,10575,180408,0.09466694295406342,0.11833634227514267,-0.023669399321079254,0.0,0.25,-0.25,0
amazon-sports-and-outdoors,valid,240076,10,1,14797,174184,0.2311578094959259,0.14077743887901306,0.09038037061691284,1.0,0.1,0.9,0
amazon-sports-and-outdoors,valid,240076,10,2,39300,174184,0.17904506623744965,0.12536931037902832,0.053675755858421326,1.0,0.1,0.9,0
amazon-sports-and-outdoors,valid,240076,10,3,75514,174184,0.11196007579565048,0.11983054876327515,-0.007870472967624664,0.0,0.15,-0.15,0
amazon-sports-and-outdoors,valid,240076,10,4,5761,174184,0.15291249752044678,0.11290842294692993,0.040004074573516846,1.0,0.0,1.0,0
amazon-sports-and-outdoors,valid,240076,10,5,32715,174184,0.12479254603385925,0.13811931014060974,-0.013326764106750488,0.0,0.2,-0.2,0
amazon-sports-and-outdoors,valid,240076,10,6,7836,174184,0.19524851441383362,0.12786786258220673,0.06738065183162689,0.0,0.05,-0.05,0
amazon-sports-and-outdoors,valid,240076,10,7,35317,174184,0.15858933329582214,0.10502393543720245,0.05356539785861969,0.0,0.15,-0.15,0
amazon-sports-and-outdoors,valid,240076,10,8,72548,174184,0.10643770545721054,0.1254120171070099,-0.018974311649799347,1.0,0.25,0.75,0
amazon-sports-and-outdoors,valid,240076,10,9,70559,174184,0.108701191842556,0.1219651848077774,-0.013263992965221405,1.0,0.0,1.0,0
amazon-sports-and-outdoors,valid,240076,10,10,19337,174184,0.11253786087036133,0.11311763525009155,-0.0005797743797302246,0.0,0.0,0.0,0
amazon-sports-and-outdoors,valid,241767,3,1,31740,60552,0.1028510108590126,0.1368318498134613,-0.0339808389544487,0.0,0.2,-0.2,0
amazon-sports-and-outdoors,valid,241767,3,2,1269,60552,0.16279500722885132,0.1358564794063568,0.026938527822494507,0.0,0.2,-0.2,0
amazon-sports-and-outdoors,valid,241767,3,3,2373,60552,0.17551495134830475,0.12788090109825134,0.047634050250053406,0.0,0.15,-0.15,0
amazon-sports-and-outdoors,valid,253892,4,1,20873,2924,0.26746073365211487,0.14129292964935303,0.12616780400276184,0.0,0.3,-0.3,0
amazon-sports-and-outdoors,valid,253892,4,2,26061,2924,0.07732518017292023,0.13838201761245728,-0.06105683743953705,0.0,0.2,-0.2,0
amazon-sports-and-outdoors,valid,253892,4,3,32839,2924,0.15274418890476227,0.13326182961463928,0.019482359290122986,0.0,0.25,-0.25,0
amazon-sports-and-outdoors,valid,253892,4,4,283828,2924,0.09302814304828644,0.12852464616298676,-0.03549650311470032,0.0,0.05,-0.05,0
amazon-sports-and-outdoors,valid,260451,11,1,19213,3881,0.054905883967876434,0.09026088565587997,-0.03535500168800354,0.0,0.0,0.0,0
amazon-sports-and-outdoors,valid,260451,11,2,65477,3881,0.42717134952545166,0.06850036978721619,0.3586709797382355,0.0,0.0,0.0,0
amazon-sports-and-outdoors,valid,260451,11,3,58456,3881,0.10494454950094223,0.07581494003534317,0.02912960946559906,0.0,0.0,0.0,0
amazon-sports-and-outdoors,valid,260451,11,4,78988,3881,0.1556689441204071,0.08681435883045197,0.06885458528995514,0.0,0.05,-0.05,0
amazon-sports-and-outdoors,valid,260451,11,5,11694,3881,0.10297761857509613,0.08519429713487625,0.01778332144021988,0.0,0.0,0.0,0
amazon-sports-and-outdoors,valid,260451,11,6,7615,3881,0.14959150552749634,0.07872775197029114,0.0708637535572052,0.0,0.0,0.0,0
amazon-sports-and-outdoors,valid,260451,11,7,45608,3881,0.05126451700925827,0.06259015947580338,-0.011325642466545105,0.0,0.0,0.0,0
amazon-sports-and-outdoors,valid,260451,11,8,36428,3881,0.06730789691209793,0.08063127100467682,-0.013323374092578888,0.0,0.05,-0.05,0
amazon-sports-and-outdoors,valid,260451,11,9,13188,3881,0.12060453742742538,0.0865100622177124,0.03409447520971298,0.0,0.0,0.0,0
amazon-sports-and-outdoors,valid,260451,11,10,36329,3881,0.04792337864637375,0.0872364267706871,-0.039313048124313354,0.0,0.0,0.0,0
amazon-sports-and-outdoors,valid,260451,11,11,4953,3881,0.11249324679374695,0.06366057693958282,0.048832669854164124,0.0,0.0,0.0,0
amazon-sports-and-outdoors,valid,262541,3,1,17335,30517,0.1436244547367096,0.11524613201618195,0.02837832272052765,0.0,0.1,-0.1,0
amazon-sports-and-outdoors,valid,262541,3,2,24964,30517,0.16075757145881653,0.14067718386650085,0.020080387592315674,0.0,0.0,0.0,0
amazon-sports-and-outdoors,valid,262541,3,3,289541,30517,0.07229030132293701,0.12907573580741882,-0.05678543448448181,0.0,0.05,-0.05,0
amazon-sports-and-outdoors,valid,263946,4,1,1379,23046,0.11416350305080414,0.1392340064048767,-0.02507050335407257,0.0,0.0,0.0,0
amazon-sports-and-outdoors,valid,263946,4,2,146523,23046,0.19237613677978516,0.1250310242176056,0.06734511256217957,0.0,0.05,-0.05,0
amazon-sports-and-outdoors,valid,263946,4,3,44041,23046,0.05170807987451553,0.13448631763458252,-0.08277823776006699,0.0,0.05,-0.05,0
amazon-sports-and-outdoors,valid,263946,4,4,169044,23046,0.17200076580047607,0.14875604212284088,0.023244723677635193,0.0,0.1,-0.1,0
amazon-sports-and-outdoors,valid,264549,4,1,82997,39197,0.11783372610807419,0.09641808271408081,0.021415643393993378,0.0,0.1,-0.1,0
amazon-sports-and-outdoors,valid,264549,4,2,188694,39197,0.09168656170368195,0.09810046851634979,-0.006413906812667847,0.0,0.15,-0.15,0
amazon-sports-and-outdoors,valid,264549,4,3,90693,39197,0.132198303937912,0.08598734438419342,0.04621095955371857,0.0,0.05,-0.05,0
amazon-sports-and-outdoors,valid,264549,4,4,266326,39197,0.08384070545434952,0.10078918933868408,-0.016948483884334564,0.0,0.05,-0.05,0
amazon-sports-and-outdoors,valid,276948,4,1,189227,115483,0.09701425582170486,0.164896160364151,-0.06788190454244614,0.0,0.2,-0.2,0
amazon-sports-and-outdoors,valid,276948,4,2,114413,115483,0.10829572379589081,0.15262024104595184,-0.044324517250061035,0.0,0.15,-0.15,0
amazon-sports-and-outdoors,valid,276948,4,3,130945,115483,0.16154688596725464,0.1556517779827118,0.005895107984542847,0.0,0.2,-0.2,0
amazon-sports-and-outdoors,valid,276948,4,4,273601,115483,0.09876878559589386,0.1480727642774582,-0.04930397868156433,0.0,0.3,-0.3,0
amazon-sports-and-outdoors,valid,282344,4,1,1190,31101,0.2707017660140991,0.16178300976753235,0.10891875624656677,1.0,0.1,0.9,0
amazon-sports-and-outdoors,valid,282344,4,2,10178,31101,0.06786683201789856,0.1527417004108429,-0.08487486839294434,0.0,0.15,-0.15,0
amazon-sports-and-outdoors,valid,282344,4,3,1427,31101,0.19915671646595,0.16718623042106628,0.03197048604488373,1.0,0.2,0.8,0
amazon-sports-and-outdoors,valid,282344,4,4,36449,31101,0.25558459758758545,0.17033226788043976,0.08525232970714569,0.0,0.35,-0.35,0
amazon-sports-and-outdoors,valid,288285,16,1,327849,346449,0.0901324599981308,0.10968427360057831,-0.01955181360244751,0.0,0.0,0.0,0
amazon-sports-and-outdoors,valid,288285,16,2,306058,346449,0.046314164996147156,0.11333688348531723,-0.06702271848917007,0.0,0.0,0.0,0
amazon-sports-and-outdoors,valid,288285,16,3,39872,346449,0.1499561071395874,0.12310148775577545,0.02685461938381195,0.0,0.0,0.0,0
amazon-sports-and-outdoors,valid,288285,16,4,70958,346449,0.13656120002269745,0.11764280498027802,0.018918395042419434,0.0,0.05,-0.05,0
amazon-sports-and-outdoors,valid,288285,16,5,111853,346449,0.11958746612071991,0.12736931443214417,-0.007781848311424255,0.0,0.05,-0.05,0
amazon-sports-and-outdoors,valid,288285,16,6,174212,346449,0.11989796161651611,0.11935341358184814,0.0005445480346679688,0.0,0.0,0.0,0
amazon-sports-and-outdoors,valid,288285,16,7,70550,346449,0.1314496397972107,0.09781048446893692,0.03363915532827377,0.0,0.0,0.0,0
amazon-sports-and-outdoors,valid,288285,16,8,60310,346449,0.1295405924320221,0.11196472495794296,0.017575867474079132,0.0,0.0,0.0,0
amazon-sports-and-outdoors,valid,288285,16,9,157334,346449,0.18012122809886932,0.11503876745700836,0.06508246064186096,0.0,0.15,-0.15,0
amazon-sports-and-outdoors,valid,288285,16,10,112951,346449,0.19447432458400726,0.12267090380191803,0.07180342078208923,0.0,0.0,0.0,0
amazon-sports-and-outdoors,valid,288285,16,11,346448,346449,0.18229085206985474,0.1223004087805748,0.05999044328927994,0.0,0.0,0.0,0
amazon-sports-and-outdoors,valid,288285,16,12,289196,346449,0.1526551991701126,0.13024583458900452,0.022409364581108093,0.0,0.1,-0.1,0
amazon-sports-and-outdoors,valid,288285,16,13,314388,346449,0.16569438576698303,0.14029332995414734,0.025401055812835693,0.0,0.15,-0.15,0
amazon-sports-and-outdoors,valid,288285,16,14,29264,346449,0.1293308287858963,0.12680326402187347,0.002527564764022827,0.0,0.0,0.0,0
amazon-sports-and-outdoors,valid,288285,16,15,190391,346449,0.21126270294189453,0.12284620106220245,0.08841650187969208,0.0,0.05,-0.05,0
amazon-sports-and-outdoors,valid,288285,16,16,270056,346449,0.14763464033603668,0.13424353301525116,0.013391107320785522,0.0,0.0,0.0,0
amazon-sports-and-outdoors,valid,294805,3,1,11063,164360,0.06116219609975815,0.0915076807141304,-0.030345484614372253,0.0,0.05,-0.05,0
amazon-sports-and-outdoors,valid,294805,3,2,2656,164360,0.09335444122552872,0.09656009078025818,-0.0032056495547294617,0.0,0.05,-0.05,0
amazon-sports-and-outdoors,valid,294805,3,3,83861,164360,0.13703002035617828,0.08418075740337372,0.052849262952804565,0.0,0.0,0.0,0
amazon-sports-and-outdoors,valid,303178,4,1,1019,15651,0.18840673565864563,0.16628053784370422,0.022126197814941406,0.0,0.05,-0.05,0
amazon-sports-and-outdoors,valid,303178,4,2,264361,15651,0.17938466370105743,0.15028934180736542,0.029095321893692017,0.0,0.1,-0.1,0
amazon-sports-and-outdoors,valid,303178,4,3,11841,15651,0.2864159345626831,0.14481200277805328,0.14160393178462982,0.0,0.05,-0.05,0
amazon-sports-and-outdoors,valid,303178,4,4,9303,15651,0.28078025579452515,0.15204033255577087,0.12873992323875427,0.0,0.0,0.0,0
amazon-sports-and-outdoors,valid,308874,3,1,32060,34953,0.15291504561901093,0.10939673334360123,0.0435183122754097,1.0,0.0,1.0,0
amazon-sports-and-outdoors,valid,308874,3,2,35906,34953,0.08324338495731354,0.11071868240833282,-0.027475297451019287,0.0,0.0,0.0,0
amazon-sports-and-outdoors,valid,308874,3,3,57569,34953,0.09788501262664795,0.10329467058181763,-0.005409657955169678,0.0,0.05,-0.05,0
amazon-sports-and-outdoors,valid,320808,3,1,63435,44823,0.18696430325508118,0.14389100670814514,0.043073296546936035,0.0,0.2,-0.2,0
amazon-sports-and-outdoors,valid,320808,3,2,7067,44823,0.12022318691015244,0.15778711438179016,-0.037563927471637726,0.0,0.1,-0.1,0
amazon-sports-and-outdoors,valid,320808,3,3,127340,44823,0.12590664625167847,0.16712599992752075,-0.041219353675842285,0.0,0.05,-0.05,0
amazon-sports-and-outdoors,valid,325737,10,1,35132,25046,0.13726845383644104,0.14189329743385315,-0.004624843597412109,0.0,0.05,-0.05,0
amazon-sports-and-outdoors,valid,325737,10,2,35132,25046,0.13726845383644104,0.1389630138874054,-0.0016945600509643555,0.0,0.0,0.0,0
amazon-sports-and-outdoors,valid,325737,10,3,3476,25046,0.15371373295783997,0.14027199149131775,0.013441741466522217,0.0,0.0,0.0,0
amazon-sports-and-outdoors,valid,325737,10,4,3476,25046,0.15371373295783997,0.14093968272209167,0.012774050235748291,0.0,0.0,0.0,0
amazon-sports-and-outdoors,valid,325737,10,5,201667,25046,0.1547200232744217,0.09977065026760101,0.05494937300682068,0.0,0.0,0.0,0
amazon-sports-and-outdoors,valid,325737,10,6,201667,25046,0.1547200232744217,0.137202650308609,0.017517372965812683,0.0,0.0,0.0,0
amazon-sports-and-outdoors,valid,325737,10,7,8679,25046,0.10466418415307999,0.14198768138885498,-0.037323497235774994,0.0,0.05,-0.05,0
amazon-sports-and-outdoors,valid,325737,10,8,8679,25046,0.10466418415307999,0.13580924272537231,-0.031145058572292328,0.0,0.0,0.0,0
amazon-sports-and-outdoors,valid,325737,10,9,2778,25046,0.12959127128124237,0.16634687781333923,-0.03675560653209686,0.0,0.15,-0.15,0
amazon-sports-and-outdoors,valid,325737,10,10,2778,25046,0.12959127128124237,0.14044637978076935,-0.010855108499526978,0.0,0.0,0.0,0
amazon-sports-and-outdoors,valid,325831,4,1,183044,239569,0.4622318148612976,0.10611788183450699,0.3561139330267906,0.0,0.0,0.0,0
amazon-sports-and-outdoors,valid,325831,4,2,208536,239569,0.16804668307304382,0.09594544768333435,0.07210123538970947,0.0,0.0,0.0,0
amazon-sports-and-outdoors,valid,325831,4,3,75404,239569,0.14604324102401733,0.09668641537427902,0.04935682564973831,0.0,0.05,-0.05,0
amazon-sports-and-outdoors,valid,325831,4,4,139718,239569,0.1320839524269104,0.10445363819599152,0.027630314230918884,0.0,0.05,-0.05,0
amazon-sports-and-outdoors,valid,326374,2,1,3276,25379,0.14644257724285126,0.16867661476135254,-0.022234037518501282,0.0,0.05,-0.05,0
amazon-sports-and-outdoors,valid,326374,2,2,18403,25379,0.09410378336906433,0.1621762216091156,-0.06807243824005127,0.0,0.0,0.0,0
amazon-sports-and-outdoors,valid,327377,20,1,86808,17079,0.14039956033229828,0.14965125918388367,-0.009251698851585388,0.0,0.1,-0.1,0
amazon-sports-and-outdoors,valid,327377,20,2,145793,17079,0.1606883853673935,0.17661267518997192,-0.01592428982257843,0.0,0.1,-0.1,0
amazon-sports-and-outdoors,valid,327377,20,3,41336,17079,0.14859576523303986,0.15587468445301056,-0.007278919219970703,0.0,0.0,0.0,0
amazon-sports-and-outdoors,valid,327377,20,4,61182,17079,0.09881685674190521,0.13585758209228516,-0.037040725350379944,0.0,0.05,-0.05,0
amazon-sports-and-outdoors,valid,327377,20,5,42563,17079,0.10968048870563507,0.16522590816020966,-0.055545419454574585,0.0,0.0,0.0,0
amazon-sports-and-outdoors,valid,327377,20,6,72952,17079,0.1655392199754715,0.18336817622184753,-0.017828956246376038,0.0,0.25,-0.25,0
amazon-sports-and-outdoors,valid,327377,20,7,35722,17079,0.2063305377960205,0.16422639787197113,0.04210413992404938,0.0,0.0,0.0,0
amazon-sports-and-outdoors,valid,327377,20,8,15553,17079,0.1259259283542633,0.1613711416721344,-0.035445213317871094,0.0,0.1,-0.1,0
amazon-sports-and-outdoors,valid,327377,20,9,29649,17079,0.20641884207725525,0.15536126494407654,0.05105757713317871,0.0,0.0,0.0,0
amazon-sports-and-outdoors,valid,327377,20,10,84314,17079,0.1370653212070465,0.1512787938117981,-0.014213472604751587,0.0,0.05,-0.05,0
amazon-sports-and-outdoors,valid,327377,20,11,11667,17079,0.1765567660331726,0.15642371773719788,0.02013304829597473,0.0,0.1,-0.1,0
amazon-sports-and-outdoors,valid,327377,20,12,4717,17079,0.18666991591453552,0.16875624656677246,0.01791366934776306,0.0,0.05,-0.05,0
amazon-sports-and-outdoors,valid,327377,20,13,27892,17079,0.13124987483024597,0.12282892316579819,0.008420951664447784,0.0,0.0,0.0,0
amazon-sports-and-outdoors,valid,327377,20,14,56254,17079,0.15847128629684448,0.16542556881904602,-0.006954282522201538,0.0,0.0,0.0,0
amazon-sports-and-outdoors,valid,327377,20,15,9392,17079,0.10303257405757904,0.15362673997879028,-0.05059416592121124,0.0,0.0,0.0,0
amazon-sports-and-outdoors,valid,327377,20,16,213490,17079,0.09813693165779114,0.16761329770088196,-0.06947636604309082,0.0,0.1,-0.1,0
amazon-sports-and-outdoors,valid,327377,20,17,38768,17079,0.04687559977173805,0.15385101735591888,-0.10697541758418083,0.0,0.0,0.0,0
amazon-sports-and-outdoors,valid,327377,20,18,13367,17079,0.20654959976673126,0.170846089720726,0.03570351004600525,0.0,0.0,0.0,0
amazon-sports-and-outdoors,valid,327377,20,19,2093,17079,0.21849536895751953,0.15912698209285736,0.05936838686466217,0.0,0.0,0.0,0
amazon-sports-and-outdoors,valid,327377,20,20,349861,17079,0.1077774167060852,0.1436290442943573,-0.035851627588272095,0.0,0.05,-0.05,0
amazon-sports-and-outdoors,valid,329362,2,1,14380,101463,0.1759571135044098,0.10419614613056183,0.07176096737384796,0.0,0.0,0.0,0
amazon-sports-and-outdoors,valid,329362,2,2,317930,101463,0.03909844160079956,0.10263754427433014,-0.06353910267353058,0.0,0.0,0.0,0
amazon-sports-and-outdoors,valid,338025,12,1,71435,40047,0.22012603282928467,0.16435542702674866,0.05577060580253601,1.0,0.1,0.9,0
amazon-sports-and-outdoors,valid,338025,12,2,160377,40047,0.1501692235469818,0.15524376928806305,-0.005074545741081238,1.0,0.05,0.95,0
amazon-sports-and-outdoors,valid,338025,12,3,36911,40047,0.22090351581573486,0.16050319373607635,0.06040032207965851,0.0,0.15,-0.15,0
amazon-sports-and-outdoors,valid,338025,12,4,8054,40047,0.14137855172157288,0.15699335932731628,-0.015614807605743408,0.0,0.2,-0.2,0
amazon-sports-and-outdoors,valid,338025,12,5,10845,40047,0.20977553725242615,0.1651785671710968,0.044596970081329346,0.0,0.05,-0.05,0
amazon-sports-and-outdoors,valid,338025,12,6,290085,40047,0.0980042815208435,0.1539713591337204,-0.05596707761287689,0.0,0.25,-0.25,0
amazon-sports-and-outdoors,valid,338025,12,7,36647,40047,0.22843801975250244,0.14600354433059692,0.08243447542190552,0.0,0.05,-0.05,0
amazon-sports-and-outdoors,valid,338025,12,8,51081,40047,0.1246168464422226,0.17083942890167236,-0.04622258245944977,0.0,0.2,-0.2,0
amazon-sports-and-outdoors,valid,338025,12,9,53679,40047,0.223521888256073,0.1672138273715973,0.05630806088447571,1.0,0.3,0.7,0
amazon-sports-and-outdoors,valid,338025,12,10,163226,40047,0.22215056419372559,0.14680230617523193,0.07534825801849365,0.0,0.05,-0.05,0
amazon-sports-and-outdoors,valid,338025,12,11,15573,40047,0.07629506289958954,0.15056999027729034,-0.0742749273777008,0.0,0.15,-0.15,0
amazon-sports-and-outdoors,valid,338025,12,12,119921,40047,0.15073788166046143,0.15333640575408936,-0.0025985240936279297,0.0,0.15,-0.15,0
amazon-sports-and-outdoors,valid,340342,2,1,11319,49980,0.1253809928894043,0.1516391783952713,-0.026258185505867004,0.0,0.0,0.0,0
amazon-sports-and-outdoors,valid,340342,2,2,10875,49980,0.09307125210762024,0.15665552020072937,-0.06358426809310913,0.0,0.0,0.0,0
amazon-sports-and-outdoors,valid,347754,10,1,14609,15506,0.11238276213407516,0.11140237003564835,0.0009803920984268188,0.0,0.1,-0.1,0
amazon-sports-and-outdoors,valid,347754,10,2,39414,15506,0.0476190522313118,0.12128238379955292,-0.07366333156824112,0.0,0.3,-0.3,0
amazon-sports-and-outdoors,valid,347754,10,3,1648,15506,0.16772350668907166,0.10657354444265366,0.061149962246418,0.0,0.05,-0.05,0
amazon-sports-and-outdoors,valid,347754,10,4,257178,15506,0.12656229734420776,0.1045462042093277,0.022016093134880066,0.0,0.15,-0.15,0
amazon-sports-and-outdoors,valid,347754,10,5,102506,15506,0.10154911130666733,0.11593804508447647,-0.014388933777809143,0.0,0.2,-0.2,0
amazon-sports-and-outdoors,valid,347754,10,6,160114,15506,0.13599175214767456,0.11382249742746353,0.02216925472021103,0.0,0.1,-0.1,0
amazon-sports-and-outdoors,valid,347754,10,7,28290,15506,0.04507489502429962,0.10408840328454971,-0.05901350826025009,0.0,0.15,-0.15,0
amazon-sports-and-outdoors,valid,347754,10,8,90493,15506,0.052504099905490875,0.10664023458957672,-0.054136134684085846,0.0,0.3,-0.3,0
amazon-sports-and-outdoors,valid,347754,10,9,75173,15506,0.2436726838350296,0.10477609932422638,0.13889658451080322,1.0,0.2,0.8,0
amazon-sports-and-outdoors,valid,347754,10,10,78767,15506,0.11851852387189865,0.11221728473901749,0.0063012391328811646,0.0,0.1,-0.1,0
amazon-sports-and-outdoors,valid,351184,2,1,2539,683,0.23857790231704712,0.17606937885284424,0.06250852346420288,0.0,0.0,0.0,0
amazon-sports-and-outdoors,valid,351184,2,2,196129,683,0.1793653666973114,0.13589689135551453,0.043468475341796875,0.0,0.1,-0.1,0
amazon-sports-and-outdoors,valid,352593,4,1,66077,244758,0.10006754100322723,0.07188926637172699,0.028178274631500244,0.0,0.0,0.0,0
amazon-sports-and-outdoors,valid,352593,4,2,29601,244758,0.14420416951179504,0.09596510231494904,0.04823906719684601,0.0,0.1,-0.1,0
amazon-sports-and-outdoors,valid,352593,4,3,43467,244758,0.06234797090291977,0.10334420204162598,-0.04099623113870621,0.0,0.05,-0.05,0
amazon-sports-and-outdoors,valid,352593,4,4,19072,244758,0.07118184119462967,0.0642700046300888,0.006911836564540863,0.0,0.0,0.0,0
amazon-sports-and-outdoors,valid,355113,3,1,154440,103379,0.09100314974784851,0.052019864320755005,0.038983285427093506,0.0,0.05,-0.05,0
amazon-sports-and-outdoors,valid,355113,3,2,396371,103379,0.05825311318039894,0.057504404336214066,0.0007487088441848755,1.0,0.05,0.95,0
amazon-sports-and-outdoors,valid,355113,3,3,38637,103379,0.040805939584970474,0.0520160086452961,-0.011210069060325623,1.0,0.05,0.95,0
amazon-sports-and-outdoors,valid,357431,16,1,57447,63878,0.04966098070144653,0.11008419841527939,-0.060423217713832855,1.0,0.1,0.9,0
amazon-sports-and-outdoors,valid,357431,16,2,44056,63878,0.11466428637504578,0.09838908165693283,0.016275204718112946,1.0,0.1,0.9,0
amazon-sports-and-outdoors,valid,357431,16,3,205256,63878,0.1515243500471115,0.09704465419054031,0.0544796958565712,0.0,0.1,-0.1,0
amazon-sports-and-outdoors,valid,357431,16,4,7659,63878,0.0821371078491211,0.09709830582141876,-0.014961197972297668,0.0,0.05,-0.05,0
amazon-sports-and-outdoors,valid,357431,16,5,99311,63878,0.06726305186748505,0.10132579505443573,-0.034062743186950684,0.0,0.05,-0.05,0
amazon-sports-and-outdoors,valid,357431,16,6,21665,63878,0.10602564364671707,0.09036850929260254,0.015657134354114532,0.0,0.15,-0.15,0
amazon-sports-and-outdoors,valid,357431,16,7,449,63878,0.0893971249461174,0.09148745238780975,-0.0020903274416923523,0.0,0.1,-0.1,0
amazon-sports-and-outdoors,valid,357431,16,8,10899,63878,0.1030854806303978,0.10701922327280045,-0.003933742642402649,0.0,0.1,-0.1,0
amazon-sports-and-outdoors,valid,357431,16,9,118383,63878,0.12269996106624603,0.10025815665721893,0.0224418044090271,0.0,0.1,-0.1,0
amazon-sports-and-outdoors,valid,357431,16,10,154245,63878,0.09958738088607788,0.10698257386684418,-0.007395192980766296,0.0,0.1,-0.1,0
amazon-sports-and-outdoors,valid,357431,16,11,13061,63878,0.10792422294616699,0.10041751712560654,0.007506705820560455,0.0,0.05,-0.05,0
amazon-sports-and-outdoors,valid,357431,16,12,9371,63878,0.10264769196510315,0.10797393321990967,-0.0053262412548065186,0.0,0.0,0.0,0
amazon-sports-and-outdoors,valid,357431,16,13,9711,63878,0.0738680362701416,0.08132374286651611,-0.007455706596374512,0.0,0.1,-0.1,0
amazon-sports-and-outdoors,valid,357431,16,14,15835,63878,0.15235254168510437,0.09354639053344727,0.058806151151657104,0.0,0.1,-0.1,0
amazon-sports-and-outdoors,valid,357431,16,15,228,63878,0.11343661695718765,0.10725259780883789,0.006184019148349762,0.0,0.1,-0.1,0
amazon-sports-and-outdoors,valid,357431,16,16,10164,63878,0.1289190798997879,0.09445751458406448,0.03446156531572342,1.0,0.1,0.9,0
amazon-sports-and-outdoors,valid,362526,3,1,361980,43145,0.13787585496902466,0.08522094786167145,0.05265490710735321,0.0,0.1,-0.1,0
amazon-sports-and-outdoors,valid,362526,3,2,99971,43145,0.10993955284357071,0.09141115099191666,0.018528401851654053,0.0,0.1,-0.1,0
amazon-sports-and-outdoors,valid,362526,3,3,21526,43145,0.09102344512939453,0.10739170014858246,-0.016368255019187927,0.0,0.05,-0.05,0
amazon-sports-and-outdoors,valid,363433,6,1,159090,11147,0.1388666033744812,0.12007232010364532,0.018794283270835876,0.0,0.15,-0.15,0
amazon-sports-and-outdoors,valid,363433,6,2,9350,11147,0.18559378385543823,0.14039433002471924,0.045199453830718994,1.0,0.0,1.0,0
amazon-sports-and-outdoors,valid,363433,6,3,85107,11147,0.11335840076208115,0.1466490626335144,-0.03329066187143326,0.0,0.1,-0.1,0
amazon-sports-and-outdoors,valid,363433,6,4,118976,11147,0.15555432438850403,0.13009223341941833,0.025462090969085693,0.0,0.0,0.0,0
amazon-sports-and-outdoors,valid,363433,6,5,19864,11147,0.1527615487575531,0.1288360059261322,0.0239255428314209,0.0,0.15,-0.15,0
amazon-sports-and-outdoors,valid,363433,6,6,90672,11147,0.1303112506866455,0.1375838816165924,-0.007272630929946899,0.0,0.25,-0.25,0
amazon-sports-and-outdoors,valid,372008,11,1,89024,21971,0.19053465127944946,0.15075530111789703,0.03977935016155243,0.0,0.0,0.0,0
amazon-sports-and-outdoors,valid,372008,11,2,114389,21971,0.1511717438697815,0.15711015462875366,-0.005938410758972168,0.0,0.0,0.0,0
amazon-sports-and-outdoors,valid,372008,11,3,44823,21971,0.21714617311954498,0.16019561886787415,0.05695055425167084,0.0,0.05,-0.05,0
amazon-sports-and-outdoors,valid,372008,11,4,114388,21971,0.30065566301345825,0.18057651817798615,0.1200791448354721,0.0,0.05,-0.05,0
amazon-sports-and-outdoors,valid,372008,11,5,8502,21971,0.25317466259002686,0.21431481838226318,0.03885984420776367,0.0,0.25,-0.25,0
amazon-sports-and-outdoors,valid,372008,11,6,58958,21971,0.16328072547912598,0.16647979617118835,-0.003199070692062378,0.0,0.0,0.0,0
amazon-sports-and-outdoors,valid,372008,11,7,110661,21971,0.158447265625,0.1636503040790558,-0.005203038454055786,0.0,0.05,-0.05,0
amazon-sports-and-outdoors,valid,372008,11,8,114387,21971,0.19567251205444336,0.13658204674720764,0.05909046530723572,0.0,0.0,0.0,0
amazon-sports-and-outdoors,valid,372008,11,9,13129,21971,0.11351987719535828,0.14234688878059387,-0.028827011585235596,0.0,0.0,0.0,0
amazon-sports-and-outdoors,valid,372008,11,10,25991,21971,0.23516951501369476,0.16743987798690796,0.0677296370267868,0.0,0.1,-0.1,0
amazon-sports-and-outdoors,valid,372008,11,11,30962,21971,0.10297752916812897,0.15743067860603333,-0.05445314943790436,0.0,0.0,0.0,0
amazon-sports-and-outdoors,valid,378173,9,1,205243,114144,0.12612944841384888,0.12042135000228882,0.005708098411560059,0.0,0.0,0.0,0
amazon-sports-and-outdoors,valid,378173,9,2,113767,114144,0.12425263226032257,0.11114916950464249,0.013103462755680084,0.0,0.0,0.0,0
amazon-sports-and-outdoors,valid,378173,9,3,51905,114144,0.15575850009918213,0.1172318086028099,0.03852669149637222,0.0,0.0,0.0,0
amazon-sports-and-outdoors,valid,378173,9,4,33206,114144,0.08057636022567749,0.12736079096794128,-0.046784430742263794,0.0,0.05,-0.05,0
amazon-sports-and-outdoors,valid,378173,9,5,101272,114144,0.062193434685468674,0.12646158039569855,-0.06426814571022987,0.0,0.05,-0.05,0
amazon-sports-and-outdoors,valid,378173,9,6,73413,114144,0.08398662507534027,0.13137230277061462,-0.04738567769527435,0.0,0.05,-0.05,0
amazon-sports-and-outdoors,valid,378173,9,7,162446,114144,0.16512219607830048,0.13729426264762878,0.027827933430671692,1.0,0.0,1.0,0
amazon-sports-and-outdoors,valid,378173,9,8,87156,114144,0.11491847038269043,0.13386422395706177,-0.018945753574371338,0.0,0.0,0.0,0
amazon-sports-and-outdoors,valid,378173,9,9,205242,114144,0.11082456260919571,0.1462918519973755,-0.03546728938817978,0.0,0.0,0.0,0
amazon-sports-and-outdoors,valid,385108,11,1,208705,32078,0.22264769673347473,0.18361042439937592,0.039037272334098816,0.0,0.1,-0.1,0
amazon-sports-and-outdoors,valid,385108,11,2,119237,32078,0.17567625641822815,0.17276959121227264,0.0029066652059555054,0.0,0.0,0.0,0
amazon-sports-and-outdoors,valid,385108,11,3,46135,32078,0.14417815208435059,0.1642325222492218,-0.020054370164871216,0.0,0.0,0.0,0
amazon-sports-and-outdoors,valid,385108,11,4,7277,32078,0.27299273014068604,0.18179330229759216,0.09119942784309387,0.0,0.1,-0.1,0
amazon-sports-and-outdoors,valid,385108,11,5,7379,32078,0.15879333019256592,0.166672021150589,-0.007878690958023071,0.0,0.05,-0.05,0
amazon-sports-and-outdoors,valid,385108,11,6,3719,32078,0.13430699706077576,0.16802676022052765,-0.03371976315975189,0.0,0.0,0.0,0
amazon-sports-and-outdoors,valid,385108,11,7,2161,32078,0.17330966889858246,0.17613424360752106,-0.0028245747089385986,0.0,0.2,-0.2,0
amazon-sports-and-outdoors,valid,385108,11,8,10587,32078,0.19340142607688904,0.1604962795972824,0.03290514647960663,0.0,0.0,0.0,0
amazon-sports-and-outdoors,valid,385108,11,9,10749,32078,0.22132271528244019,0.18032902479171753,0.040993690490722656,0.0,0.1,-0.1,0
amazon-sports-and-outdoors,valid,385108,11,10,3376,32078,0.08555660396814346,0.16580718755722046,-0.080250583589077,0.0,0.0,0.0,0
amazon-sports-and-outdoors,valid,385108,11,11,40280,32078,0.18144887685775757,0.16011346876621246,0.021335408091545105,0.0,0.0,0.0,0
amazon-sports-and-outdoors,valid,386120,1,1,5070,23313,0.07155422866344452,0.11881221830844879,-0.04725798964500427,0.0,0.0,0.0,0
amazon-sports-and-outdoors,valid,392034,3,1,6353,193210,0.291313111782074,0.131182461977005,0.16013064980506897,0.0,0.1,-0.1,0
amazon-sports-and-outdoors,valid,392034,3,2,49949,193210,0.10097738355398178,0.1358717381954193,-0.03489435464143753,0.0,0.25,-0.25,0
amazon-sports-and-outdoors,valid,392034,3,3,52349,193210,0.04968549311161041,0.15245166420936584,-0.10276617109775543,0.0,0.2,-0.2,0
amazon-sports-and-outdoors,valid,393654,3,1,21690,9578,0.34383851289749146,0.21513846516609192,0.12870004773139954,1.0,0.05,0.95,0
amazon-sports-and-outdoors,valid,393654,3,2,187785,9578,0.18595556914806366,0.16112306714057922,0.024832502007484436,0.0,0.0,0.0,0
amazon-sports-and-outdoors,valid,393654,3,3,31190,9578,0.1907329559326172,0.20075730979442596,-0.010024353861808777,0.0,0.0,0.0,0
amazon-sports-and-outdoors,valid,401384,4,1,136009,377515,0.18818917870521545,0.13876697421073914,0.04942220449447632,0.0,0.0,0.0,0
amazon-sports-and-outdoors,valid,401384,4,2,24611,377515,0.19964808225631714,0.15823185443878174,0.0414162278175354,1.0,0.0,1.0,0
amazon-sports-and-outdoors,valid,401384,4,3,11435,377515,0.35103800892829895,0.16524377465248108,0.18579423427581787,1.0,0.0,1.0,0
amazon-sports-and-outdoors,valid,401384,4,4,109566,377515,0.11963830143213272,0.1283135861158371,-0.008675284683704376,0.0,0.0,0.0,0
amazon-sports-and-outdoors,valid,419323,6,1,80561,47863,0.07393750548362732,0.07930061966180801,-0.005363114178180695,0.0,0.1,-0.1,0
amazon-sports-and-outdoors,valid,419323,6,2,25550,47863,0.1336490362882614,0.08472295105457306,0.048926085233688354,1.0,0.05,0.95,0
amazon-sports-and-outdoors,valid,419323,6,3,3519,47863,0.09502997994422913,0.0746539905667305,0.020375989377498627,0.0,0.0,0.0,0
amazon-sports-and-outdoors,valid,419323,6,4,10853,47863,0.104298435151577,0.058894865214824677,0.04540356993675232,0.0,0.0,0.0,0
amazon-sports-and-outdoors,valid,419323,6,5,252826,47863,0.1598605513572693,0.06990574300289154,0.08995480835437775,0.0,0.0,0.0,0
amazon-sports-and-outdoors,valid,419323,6,6,302502,47863,0.09414182603359222,0.06474335491657257,0.029398471117019653,0.0,0.0,0.0,0
amazon-sports-and-outdoors,valid,431511,3,1,178161,42523,0.2789875864982605,0.15740078687667847,0.12158679962158203,1.0,0.1,0.9,0
amazon-sports-and-outdoors,valid,431511,3,2,4883,42523,0.17893438041210175,0.14938053488731384,0.029553845524787903,0.0,0.0,0.0,0
amazon-sports-and-outdoors,valid,431511,3,3,3352,42523,0.10828123986721039,0.1425025463104248,-0.034221306443214417,0.0,0.1,-0.1,0
amazon-sports-and-outdoors,valid,432794,11,1,159707,227282,0.1978619396686554,0.1628866195678711,0.0349753201007843,0.0,0.0,0.0,0
amazon-sports-and-outdoors,valid,432794,11,2,48388,227282,0.22799089550971985,0.14831256866455078,0.07967832684516907,0.0,0.05,-0.05,0
amazon-sports-and-outdoors,valid,432794,11,3,9280,227282,0.20609498023986816,0.16334965825080872,0.04274532198905945,0.0,0.0,0.0,0
amazon-sports-and-outdoors,valid,432794,11,4,97230,227282,0.17095676064491272,0.12854178249835968,0.04241497814655304,0.0,0.0,0.0,0
amazon-sports-and-outdoors,valid,432794,11,5,86349,227282,0.0733107402920723,0.12877072393894196,-0.05545998364686966,0.0,0.0,0.0,0
amazon-sports-and-outdoors,valid,432794,11,6,227281,227282,0.10189583897590637,0.12365256249904633,-0.021756723523139954,0.0,0.0,0.0,0
amazon-sports-and-outdoors,valid,432794,11,7,117878,227282,0.16239649057388306,0.1389845311641693,0.023411959409713745,0.0,0.0,0.0,0
amazon-sports-and-outdoors,valid,432794,11,8,13798,227282,0.08903148770332336,0.14636459946632385,-0.05733311176300049,0.0,0.05,-0.05,0
amazon-sports-and-outdoors,valid,432794,11,9,227280,227282,0.1657211184501648,0.11991260200738907,0.045808516442775726,0.0,0.0,0.0,0
amazon-sports-and-outdoors,valid,432794,11,10,183381,227282,0.05146140605211258,0.15486589074134827,-0.10340448468923569,0.0,0.1,-0.1,0
amazon-sports-and-outdoors,valid,432794,11,11,9299,227282,0.10390898585319519,0.13983558118343353,-0.03592659533023834,0.0,0.0,0.0,0
amazon-sports-and-outdoors,valid,432927,5,1,168383,157418,0.18496672809123993,0.1237393468618393,0.061227381229400635,0.0,0.05,-0.05,0
amazon-sports-and-outdoors,valid,432927,5,2,283058,157418,0.18672598898410797,0.11561425775289536,0.07111173123121262,0.0,0.0,0.0,0
amazon-sports-and-outdoors,valid,432927,5,3,140422,157418,0.1647954285144806,0.09787623584270477,0.06691919267177582,0.0,0.05,-0.05,0
amazon-sports-and-outdoors,valid,432927,5,4,106613,157418,0.053695447742938995,0.10463342815637589,-0.05093798041343689,0.0,0.0,0.0,0
amazon-sports-and-outdoors,valid,432927,5,5,10820,157418,0.15902060270309448,0.11796436458826065,0.04105623811483383,0.0,0.0,0.0,0
amazon-sports-and-outdoors,valid,436101,5,1,4914,18014,0.16346636414527893,0.13397440314292908,0.029491961002349854,0.0,0.05,-0.05,0
amazon-sports-and-outdoors,valid,436101,5,2,94564,18014,0.16489878296852112,0.15266361832618713,0.012235164642333984,0.0,0.05,-0.05,0
amazon-sports-and-outdoors,valid,436101,5,3,65677,18014,0.1631602644920349,0.11729443073272705,0.04586583375930786,0.0,0.0,0.0,0
amazon-sports-and-outdoors,valid,436101,5,4,12570,18014,0.09461852163076401,0.13503068685531616,-0.040412165224552155,0.0,0.0,0.0,0
amazon-sports-and-outdoors,valid,436101,5,5,320527,18014,0.18097001314163208,0.13172012567520142,0.049249887466430664,0.0,0.0,0.0,0
amazon-sports-and-outdoors,valid,446005,4,1,24826,2068,0.18000008165836334,0.17088456451892853,0.009115517139434814,0.0,0.1,-0.1,0
amazon-sports-and-outdoors,valid,446005,4,2,202549,2068,0.11728186160326004,0.1702944040298462,-0.05301254242658615,0.0,0.2,-0.2,0
amazon-sports-and-outdoors,valid,446005,4,3,29000,2068,0.20393356680870056,0.18325266242027283,0.020680904388427734,0.0,0.1,-0.1,0
amazon-sports-and-outdoors,valid,446005,4,4,80386,2068,0.23010167479515076,0.1927412450313568,0.037360429763793945,0.0,0.0,0.0,0
amazon-sports-and-outdoors,valid,449649,9,1,108051,380537,0.11505912989377975,0.15280292928218842,-0.03774379938840866,0.0,0.05,-0.05,0
amazon-sports-and-outdoors,valid,449649,9,2,32038,380537,0.17259334027767181,0.14906534552574158,0.023527994751930237,0.0,0.2,-0.2,0
amazon-sports-and-outdoors,valid,449649,9,3,43740,380537,0.14459331333637238,0.14142557978630066,0.0031677335500717163,0.0,0.0,0.0,0
amazon-sports-and-outdoors,valid,449649,9,4,29521,380537,0.15716400742530823,0.15973442792892456,-0.002570420503616333,0.0,0.2,-0.2,0
amazon-sports-and-outdoors,valid,449649,9,5,8396,380537,0.11703016608953476,0.13413742184638977,-0.01710725575685501,0.0,0.0,0.0,0
amazon-sports-and-outdoors,valid,449649,9,6,18330,380537,0.23909823596477509,0.134892538189888,0.10420569777488708,0.0,0.15,-0.15,0
amazon-sports-and-outdoors,valid,449649,9,7,11150,380537,0.1265525221824646,0.1623038500547409,-0.035751327872276306,0.0,0.1,-0.1,0
amazon-sports-and-outdoors,valid,449649,9,8,2352,380537,0.17902417480945587,0.15914221107959747,0.0198819637298584,0.0,0.1,-0.1,0
amazon-sports-and-outdoors,valid,449649,9,9,123159,380537,0.20286911725997925,0.12990298867225647,0.07296612858772278,0.0,0.1,-0.1,0
amazon-sports-and-outdoors,valid,450921,3,1,48084,24999,0.1633673459291458,0.12963852286338806,0.03372882306575775,0.0,0.15,-0.15,0
amazon-sports-and-outdoors,valid,450921,3,2,4452,24999,0.26022258400917053,0.13872277736663818,0.12149980664253235,1.0,0.1,0.9,0
amazon-sports-and-outdoors,valid,450921,3,3,52083,24999,0.0355292446911335,0.15738293528556824,-0.12185369059443474,0.0,0.1,-0.1,0
amazon-sports-and-outdoors,valid,451047,5,1,136545,15361,0.22106707096099854,0.1140117272734642,0.10705534368753433,0.0,0.0,0.0,0
amazon-sports-and-outdoors,valid,451047,5,2,54576,15361,0.08811655640602112,0.10769100487232208,-0.019574448466300964,0.0,0.0,0.0,0
amazon-sports-and-outdoors,valid,451047,5,3,84756,15361,0.045097172260284424,0.160146102309227,-0.11504893004894257,0.0,0.1,-0.1,0
amazon-sports-and-outdoors,valid,451047,5,4,15103,15361,0.248508021235466,0.09718818962574005,0.15131983160972595,0.0,0.05,-0.05,0
amazon-sports-and-outdoors,valid,451047,5,5,1554,15361,0.09419479221105576,0.10463009774684906,-0.010435305535793304,0.0,0.0,0.0,0
amazon-sports-and-outdoors,valid,454730,3,1,9789,5035,0.1062995195388794,0.1623535454273224,-0.05605402588844299,0.0,0.0,0.0,0
amazon-sports-and-outdoors,valid,454730,3,2,228,5035,0.3046538829803467,0.139512836933136,0.1651410460472107,0.0,0.0,0.0,0
amazon-sports-and-outdoors,valid,454730,3,3,32786,5035,0.4003666043281555,0.15485458076000214,0.24551202356815338,1.0,0.1,0.9,0
amazon-sports-and-outdoors,valid,455592,4,1,119118,15831,0.12621967494487762,0.14469681680202484,-0.018477141857147217,0.0,0.2,-0.2,0
amazon-sports-and-outdoors,valid,455592,4,2,9367,15831,0.2559362053871155,0.13130266964435577,0.1246335357427597,0.0,0.05,-0.05,0
amazon-sports-and-outdoors,valid,455592,4,3,112145,15831,0.2035086303949356,0.1422516405582428,0.06125698983669281,1.0,0.1,0.9,0
amazon-sports-and-outdoors,valid,455592,4,4,379586,15831,0.4392029047012329,0.16126957535743713,0.2779333293437958,1.0,0.15,0.85,0
amazon-sports-and-outdoors,valid,462139,5,1,8353,3289,0.1821683943271637,0.18662281334400177,-0.004454419016838074,0.0,0.2,-0.2,0
amazon-sports-and-outdoors,valid,462139,5,2,201662,3289,0.21574321389198303,0.1494145542383194,0.06632865965366364,0.0,0.0,0.0,0
amazon-sports-and-outdoors,valid,462139,5,3,4568,3289,0.18427114188671112,0.1354970932006836,0.04877404868602753,0.0,0.0,0.0,0
amazon-sports-and-outdoors,valid,462139,5,4,82454,3289,0.14666666090488434,0.13613632321357727,0.010530337691307068,0.0,0.1,-0.1,0
amazon-sports-and-outdoors,valid,462139,5,5,31094,3289,0.19838708639144897,0.14980384707450867,0.04858323931694031,0.0,0.0,0.0,0
amazon-sports-and-outdoors,valid,484599,3,1,91897,2990,0.14084970951080322,0.1203935518860817,0.020456157624721527,1.0,0.05,0.95,0
amazon-sports-and-outdoors,valid,484599,3,2,308319,2990,0.09143102169036865,0.10671931505203247,-0.015288293361663818,0.0,0.05,-0.05,0
amazon-sports-and-outdoors,valid,484599,3,3,2185,2990,0.14073801040649414,0.1217404454946518,0.018997564911842346,0.0,0.15,-0.15,0
amazon-sports-and-outdoors,valid,487761,4,1,57831,212446,0.49985677003860474,0.11256346851587296,0.3872933015227318,1.0,0.0,1.0,0
amazon-sports-and-outdoors,valid,487761,4,2,2847,212446,0.2806520164012909,0.12561605870723724,0.15503595769405365,1.0,0.05,0.95,0
amazon-sports-and-outdoors,valid,487761,4,3,115568,212446,0.31954899430274963,0.12450084835290909,0.19504814594984055,1.0,0.05,0.95,0
amazon-sports-and-outdoors,valid,487761,4,4,320729,212446,0.2276889532804489,0.11385796219110489,0.11383099108934402,1.0,0.0,1.0,0
amazon-sports-and-outdoors,valid,491302,3,1,169423,328774,0.2645428776741028,0.08576501905918121,0.17877785861492157,0.0,0.25,-0.25,0
amazon-sports-and-outdoors,valid,491302,3,2,247502,328774,0.059334538877010345,0.10271672904491425,-0.0433821901679039,0.0,0.15,-0.15,0
amazon-sports-and-outdoors,valid,491302,3,3,153522,328774,0.1308148354291916,0.09340527653694153,0.03740955889225006,0.0,0.2,-0.2,0
amazon-sports-and-outdoors,valid,500221,3,1,291275,104614,0.7325818538665771,0.07326652109622955,0.6593153327703476,1.0,0.0,1.0,0
amazon-sports-and-outdoors,valid,500221,3,2,1118,104614,0.11988496035337448,0.09657735377550125,0.02330760657787323,0.0,0.0,0.0,0
amazon-sports-and-outdoors,valid,500221,3,3,12955,104614,0.06808614730834961,0.1053246483206749,-0.03723850101232529,0.0,0.0,0.0,0
amazon-sports-and-outdoors,valid,502670,4,1,17243,88694,0.39817914366722107,0.17898771166801453,0.21919143199920654,1.0,0.0,1.0,0
amazon-sports-and-outdoors,valid,502670,4,2,17411,88694,0.22612115740776062,0.14999251067638397,0.07612864673137665,1.0,0.15,0.85,0
amazon-sports-and-outdoors,valid,502670,4,3,31822,88694,0.17530423402786255,0.14774246513843536,0.027561768889427185,0.0,0.05,-0.05,0
amazon-sports-and-outdoors,valid,502670,4,4,13607,88694,0.23353242874145508,0.16622062027454376,0.06731180846691132,0.0,0.05,-0.05,0
amazon-sports-and-outdoors,valid,505109,3,1,12216,2743,0.11905886232852936,0.10758481919765472,0.011474043130874634,0.0,0.0,0.0,0
amazon-sports-and-outdoors,valid,505109,3,2,13393,2743,0.09101865440607071,0.11193356662988663,-0.020914912223815918,0.0,0.2,-0.2,0
amazon-sports-and-outdoors,valid,505109,3,3,76877,2743,0.07370277494192123,0.09271728247404099,-0.01901450753211975,0.0,0.2,-0.2,0
amazon-sports-and-outdoors,valid,518923,3,1,6861,14043,0.28658878803253174,0.1726551353931427,0.11393365263938904,1.0,0.1,0.9,0
amazon-sports-and-outdoors,valid,518923,3,2,24451,14043,0.31354081630706787,0.14869049191474915,0.16485032439231873,0.0,0.1,-0.1,0
amazon-sports-and-outdoors,valid,518923,3,3,49437,14043,0.26649588346481323,0.14805486798286438,0.11844101548194885,1.0,0.15,0.85,0
amazon-sports-and-outdoors,valid,524571,4,1,142201,15819,0.22630250453948975,0.12673500180244446,0.09956750273704529,0.0,0.05,-0.05,0
amazon-sports-and-outdoors,valid,524571,4,2,27832,15819,0.15331560373306274,0.1403617411851883,0.01295386254787445,0.0,0.05,-0.05,0
amazon-sports-and-outdoors,valid,524571,4,3,336383,15819,0.054440516978502274,0.11595115810632706,-0.06151064112782478,0.0,0.0,0.0,0
amazon-sports-and-outdoors,valid,524571,4,4,51796,15819,0.12991148233413696,0.12367810308933258,0.006233379244804382,0.0,0.0,0.0,0
amazon-sports-and-outdoors,valid,529647,3,1,933,14033,0.15584968030452728,0.13006505370140076,0.025784626603126526,0.0,0.3,-0.3,0
amazon-sports-and-outdoors,valid,529647,3,2,112483,14033,0.1220717579126358,0.11364815384149551,0.00842360407114029,0.0,0.0,0.0,0
amazon-sports-and-outdoors,valid,529647,3,3,17164,14033,0.10690043121576309,0.13936945796012878,-0.03246902674436569,0.0,0.2,-0.2,0
amazon-sports-and-outdoors,valid,537240,3,1,194783,34135,0.11996002495288849,0.09646925330162048,0.023490771651268005,0.0,0.1,-0.1,0
amazon-sports-and-outdoors,valid,537240,3,2,282288,34135,0.07634784281253815,0.10453537851572037,-0.02818753570318222,1.0,0.2,0.8,0
amazon-sports-and-outdoors,valid,537240,3,3,2817,34135,0.1192258670926094,0.1030874028801918,0.016138464212417603,0.0,0.15,-0.15,0
amazon-sports-and-outdoors,valid,538215,3,1,372285,97324,0.33935338258743286,0.1227649673819542,0.21658841520547867,1.0,0.0,1.0,0
amazon-sports-and-outdoors,valid,538215,3,2,47682,97324,0.3904017508029938,0.14726337790489197,0.2431383728981018,0.0,0.0,0.0,0
amazon-sports-and-outdoors,valid,538215,3,3,40732,97324,0.21214789152145386,0.12779313325881958,0.08435475826263428,1.0,0.0,1.0,0
amazon-sports-and-outdoors,valid,538774,2,1,3096,7395,0.10314968228340149,0.13110633194446564,-0.027956649661064148,0.0,0.0,0.0,0
amazon-sports-and-outdoors,valid,538774,2,2,50727,7395,0.12806344032287598,0.12530139088630676,0.002762049436569214,0.0,0.05,-0.05,0
amazon-sports-and-outdoors,valid,538896,4,1,68368,18127,0.155925452709198,0.15218284726142883,0.003742605447769165,0.0,0.0,0.0,0
amazon-sports-and-outdoors,valid,538896,4,2,59940,18127,0.13586965203285217,0.11649690568447113,0.019372746348381042,0.0,0.0,0.0,0
amazon-sports-and-outdoors,valid,538896,4,3,136568,18127,0.17114821076393127,0.11952636390924454,0.05162184685468674,0.0,0.0,0.0,0
amazon-sports-and-outdoors,valid,538896,4,4,136567,18127,0.07383252680301666,0.1269829124212265,-0.05315038561820984,0.0,0.05,-0.05,0
amazon-sports-and-outdoors,valid,542681,9,1,142602,69905,0.1761387288570404,0.11010780185461044,0.06603092700242996,0.0,0.0,0.0,0
amazon-sports-and-outdoors,valid,542681,9,2,39323,69905,0.12587004899978638,0.14249005913734436,-0.016620010137557983,0.0,0.05,-0.05,0
amazon-sports-and-outdoors,valid,542681,9,3,303418,69905,0.1379401534795761,0.11689160019159317,0.02104855328798294,0.0,0.05,-0.05,0
amazon-sports-and-outdoors,valid,542681,9,4,93226,69905,0.0716274231672287,0.12460635602474213,-0.05297893285751343,0.0,0.05,-0.05,0
amazon-sports-and-outdoors,valid,542681,9,5,9194,69905,0.14178550243377686,0.12364522367715836,0.0181402787566185,0.0,0.1,-0.1,0
amazon-sports-and-outdoors,valid,542681,9,6,62792,69905,0.1591041386127472,0.12714825570583344,0.03195588290691376,0.0,0.0,0.0,0
amazon-sports-and-outdoors,valid,542681,9,7,58017,69905,0.1511543244123459,0.11791064590215683,0.033243678510189056,0.0,0.0,0.0,0
amazon-sports-and-outdoors,valid,542681,9,8,1413,69905,0.16985158622264862,0.1305048167705536,0.03934676945209503,0.0,0.0,0.0,0
amazon-sports-and-outdoors,valid,542681,9,9,1938,69905,0.17992739379405975,0.12451722472906113,0.05541016906499863,0.0,0.1,-0.1,0
amazon-sports-and-outdoors,valid,548173,2,1,337992,337950,0.25863730907440186,0.0843137875199318,0.17432352155447006,1.0,0.0,1.0,0
amazon-sports-and-outdoors,valid,548173,2,2,4350,337950,0.27926915884017944,0.11349596828222275,0.1657731905579567,1.0,0.1,0.9,0
amazon-sports-and-outdoors,valid,550335,13,1,78599,65903,0.12690329551696777,0.10291901975870132,0.02398427575826645,1.0,0.1,0.9,0
amazon-sports-and-outdoors,valid,550335,13,2,185977,65903,0.04530293866991997,0.11182160675525665,-0.06651866808533669,0.0,0.2,-0.2,0
amazon-sports-and-outdoors,valid,550335,13,3,141449,65903,0.09040270000696182,0.11736822128295898,-0.026965521275997162,0.0,0.15,-0.15,0
amazon-sports-and-outdoors,valid,550335,13,4,46274,65903,0.07838863879442215,0.11991702020168304,-0.041528381407260895,1.0,0.1,0.9,0
amazon-sports-and-outdoors,valid,550335,13,5,185976,65903,0.12012167274951935,0.09914833307266235,0.020973339676856995,0.0,0.1,-0.1,0
amazon-sports-and-outdoors,valid,550335,13,6,82901,65903,0.1567772924900055,0.10634922981262207,0.05042806267738342,0.0,0.05,-0.05,0
amazon-sports-and-outdoors,valid,550335,13,7,28864,65903,0.14023099839687347,0.11145360767841339,0.028777390718460083,0.0,0.05,-0.05,0
amazon-sports-and-outdoors,valid,550335,13,8,58310,65903,0.13899463415145874,0.09682543575763702,0.042169198393821716,0.0,0.35,-0.35,0
amazon-sports-and-outdoors,valid,550335,13,9,4401,65903,0.0954870879650116,0.10593855381011963,-0.010451465845108032,1.0,0.25,0.75,0
amazon-sports-and-outdoors,valid,550335,13,10,185975,65903,0.0716153159737587,0.11557380110025406,-0.04395848512649536,1.0,0.1,0.9,0
amazon-sports-and-outdoors,valid,550335,13,11,185974,65903,0.1246844157576561,0.11710432916879654,0.007580086588859558,0.0,0.1,-0.1,0
amazon-sports-and-outdoors,valid,550335,13,12,157067,65903,0.14950241148471832,0.1101197749376297,0.03938263654708862,1.0,0.1,0.9,0
amazon-sports-and-outdoors,valid,550335,13,13,68170,65903,0.12912458181381226,0.09699378907680511,0.03213079273700714,0.0,0.1,-0.1,0
amazon-sports-and-outdoors,valid,554445,7,1,12336,1190,0.2602384686470032,0.16456067562103271,0.09567779302597046,1.0,0.05,0.95,0
amazon-sports-and-outdoors,valid,554445,7,2,123865,1190,0.18871530890464783,0.15992584824562073,0.0287894606590271,0.0,0.0,0.0,0
amazon-sports-and-outdoors,valid,554445,7,3,13845,1190,0.20804789662361145,0.16240446269512177,0.045643433928489685,0.0,0.2,-0.2,0
amazon-sports-and-outdoors,valid,554445,7,4,23928,1190,0.13074533641338348,0.17864108085632324,-0.04789574444293976,0.0,0.15,-0.15,0
amazon-sports-and-outdoors,valid,554445,7,5,101494,1190,0.19477763772010803,0.15271475911140442,0.04206287860870361,1.0,0.15,0.85,0
amazon-sports-and-outdoors,valid,554445,7,6,139051,1190,0.11512846499681473,0.16631023585796356,-0.051181770861148834,0.0,0.1,-0.1,0
amazon-sports-and-outdoors,valid,554445,7,7,3773,1190,0.11917580664157867,0.16103366017341614,-0.04185785353183746,0.0,0.1,-0.1,0
amazon-sports-and-outdoors,valid,561166,7,1,71760,41200,0.058040421456098557,0.1366441547870636,-0.07860373333096504,0.0,0.1,-0.1,0
amazon-sports-and-outdoors,valid,561166,7,2,50914,41200,0.16889575123786926,0.10905057191848755,0.059845179319381714,0.0,0.15,-0.15,0
amazon-sports-and-outdoors,valid,561166,7,3,35602,41200,0.15871360898017883,0.12267856299877167,0.036035045981407166,0.0,0.25,-0.25,0
amazon-sports-and-outdoors,valid,561166,7,4,133131,41200,0.12011637538671494,0.11567912250757217,0.004437252879142761,0.0,0.1,-0.1,0
amazon-sports-and-outdoors,valid,561166,7,5,27491,41200,0.13539797067642212,0.13135109841823578,0.00404687225818634,0.0,0.05,-0.05,0
amazon-sports-and-outdoors,valid,561166,7,6,8613,41200,0.1266336590051651,0.11100772768259048,0.015625931322574615,0.0,0.1,-0.1,0
amazon-sports-and-outdoors,valid,561166,7,7,4828,41200,0.12570931017398834,0.12506811320781708,0.0006411969661712646,0.0,0.05,-0.05,0
amazon-sports-and-outdoors,valid,562782,5,1,103606,140489,0.09995868057012558,0.16298039257526398,-0.0630217120051384,0.0,0.1,-0.1,0
amazon-sports-and-outdoors,valid,562782,5,2,19028,140489,0.1858627200126648,0.18085527420043945,0.005007445812225342,0.0,0.0,0.0,0
amazon-sports-and-outdoors,valid,562782,5,3,149050,140489,0.11660394072532654,0.16259190440177917,-0.04598796367645264,0.0,0.0,0.0,0
amazon-sports-and-outdoors,valid,562782,5,4,3469,140489,0.12116096913814545,0.17765572667121887,-0.056494757533073425,0.0,0.1,-0.1,0
amazon-sports-and-outdoors,valid,562782,5,5,132061,140489,0.17476758360862732,0.1560152918100357,0.018752291798591614,0.0,0.0,0.0,0
amazon-sports-and-outdoors,valid,565524,5,1,9166,1841,0.20102815330028534,0.13723301887512207,0.06379513442516327,1.0,0.1,0.9,0
amazon-sports-and-outdoors,valid,565524,5,2,37929,1841,0.1555364727973938,0.17622868716716766,-0.020692214369773865,0.0,0.2,-0.2,0
amazon-sports-and-outdoors,valid,565524,5,3,52152,1841,0.1376320719718933,0.1557697057723999,-0.018137633800506592,0.0,0.15,-0.15,0
amazon-sports-and-outdoors,valid,565524,5,4,3982,1841,0.17935475707054138,0.17528773844242096,0.004067018628120422,1.0,0.3,0.7,0
amazon-sports-and-outdoors,valid,565524,5,5,67940,1841,0.2519156336784363,0.16976270079612732,0.08215293288230896,0.0,0.15,-0.15,0
amazon-sports-and-outdoors,valid,572036,4,1,2670,205155,0.17102426290512085,0.16110128164291382,0.009922981262207031,0.0,0.0,0.0,0
amazon-sports-and-outdoors,valid,572036,4,2,117587,205155,0.20702067017555237,0.1864606738090515,0.020559996366500854,0.0,0.0,0.0,0
amazon-sports-and-outdoors,valid,572036,4,3,519,205155,0.2553882896900177,0.1674143522977829,0.0879739373922348,0.0,0.0,0.0,0
amazon-sports-and-outdoors,valid,572036,4,4,81287,205155,0.30351322889328003,0.16632018983364105,0.13719303905963898,0.0,0.0,0.0,0
amazon-sports-and-outdoors,valid,573925,2,1,19366,50205,0.23016084730625153,0.1866798996925354,0.043480947613716125,0.0,0.05,-0.05,0
amazon-sports-and-outdoors,valid,573925,2,2,134961,50205,0.1447964608669281,0.17188122868537903,-0.027084767818450928,0.0,0.0,0.0,0
amazon-sports-and-outdoors,valid,577566,4,1,212721,49797,0.12247724086046219,0.14240136742591858,-0.01992412656545639,0.0,0.15,-0.15,0
amazon-sports-and-outdoors,valid,577566,4,2,53807,49797,0.13402020931243896,0.16369208693504333,-0.02967187762260437,0.0,0.1,-0.1,0
amazon-sports-and-outdoors,valid,577566,4,3,138914,49797,0.08828940987586975,0.12691128253936768,-0.038621872663497925,0.0,0.05,-0.05,0
amazon-sports-and-outdoors,valid,577566,4,4,90506,49797,0.19568856060504913,0.14165610074996948,0.05403245985507965,1.0,0.1,0.9,0
amazon-sports-and-outdoors,valid,582327,13,1,2359,32105,0.2224830985069275,0.16304074227809906,0.05944235622882843,0.0,0.0,0.0,0
amazon-sports-and-outdoors,valid,582327,13,2,224699,32105,0.3298502564430237,0.16092482209205627,0.1689254343509674,1.0,0.0,1.0,0
amazon-sports-and-outdoors,valid,582327,13,3,27985,32105,0.2571430802345276,0.17492951452732086,0.08221356570720673,1.0,0.15,0.85,0
amazon-sports-and-outdoors,valid,582327,13,4,101151,32105,0.2594657838344574,0.15248151123523712,0.10698427259922028,1.0,0.0,1.0,0
amazon-sports-and-outdoors,valid,582327,13,5,209,32105,0.2316943109035492,0.17231027781963348,0.05938403308391571,0.0,0.0,0.0,0
amazon-sports-and-outdoors,valid,582327,13,6,209125,32105,0.11826927959918976,0.17093123495578766,-0.0526619553565979,0.0,0.1,-0.1,0
amazon-sports-and-outdoors,valid,582327,13,7,104773,32105,0.2127140313386917,0.17924652993679047,0.033467501401901245,0.0,0.0,0.0,0
amazon-sports-and-outdoors,valid,582327,13,8,30614,32105,0.20587611198425293,0.14886422455310822,0.057011887431144714,0.0,0.0,0.0,0
amazon-sports-and-outdoors,valid,582327,13,9,225044,32105,0.20699940621852875,0.1714344471693039,0.035564959049224854,0.0,0.0,0.0,0
amazon-sports-and-outdoors,valid,582327,13,10,32170,32105,0.2141466736793518,0.1728784739971161,0.04126819968223572,0.0,0.05,-0.05,0
amazon-sports-and-outdoors,valid,582327,13,11,12281,32105,0.2098292112350464,0.15958482027053833,0.05024439096450806,0.0,0.0,0.0,0
amazon-sports-and-outdoors,valid,582327,13,12,38045,32105,0.11445009708404541,0.15211205184459686,-0.03766195476055145,0.0,0.0,0.0,0
amazon-sports-and-outdoors,valid,582327,13,13,225043,32105,0.04104747250676155,0.14953212440013885,-0.1084846518933773,0.0,0.05,-0.05,0
amazon-sports-and-outdoors,valid,597305,5,1,9051,144147,0.12292645126581192,0.12429537624120712,-0.0013689249753952026,0.0,0.25,-0.25,0
amazon-sports-and-outdoors,valid,597305,5,2,120183,144147,0.16017886996269226,0.12334296852350235,0.03683590143918991,0.0,0.1,-0.1,0
amazon-sports-and-outdoors,valid,597305,5,3,27886,144147,0.20147255063056946,0.12800593674182892,0.07346661388874054,1.0,0.2,0.8,0
amazon-sports-and-outdoors,valid,597305,5,4,52780,144147,0.28113996982574463,0.12133929878473282,0.1598006710410118,0.0,0.25,-0.25,0
amazon-sports-and-outdoors,valid,597305,5,5,110002,144147,0.17602947354316711,0.12311281263828278,0.05291666090488434,0.0,0.25,-0.25,0
amazon-sports-and-outdoors,valid,599180,6,1,67664,141787,0.1993938833475113,0.1396653950214386,0.05972848832607269,0.0,0.05,-0.05,0
amazon-sports-and-outdoors,valid,599180,6,2,167804,141787,0.12041884660720825,0.12305758893489838,-0.0026387423276901245,1.0,0.1,0.9,0
amazon-sports-and-outdoors,valid,599180,6,3,39644,141787,0.18883100152015686,0.1446629762649536,0.04416802525520325,0.0,0.25,-0.25,0
amazon-sports-and-outdoors,valid,599180,6,4,65796,141787,0.11503945291042328,0.1431232988834381,-0.02808384597301483,0.0,0.15,-0.15,0
amazon-sports-and-outdoors,valid,599180,6,5,49006,141787,0.22973594069480896,0.1415245234966278,0.08821141719818115,0.0,0.15,-0.15,0
amazon-sports-and-outdoors,valid,599180,6,6,140048,141787,0.22295436263084412,0.15318581461906433,0.06976854801177979,1.0,0.0,1.0,0
amazon-sports-and-outdoors,valid,604811,42,1,368132,368133,0.2114030420780182,0.14945153892040253,0.06195150315761566,0.0,0.0,0.0,0
amazon-sports-and-outdoors,valid,604811,42,2,249895,368133,0.2319929599761963,0.16550835967063904,0.06648460030555725,0.0,0.0,0.0,0
amazon-sports-and-outdoors,valid,604811,42,3,350381,368133,0.181210458278656,0.1596234291791916,0.021587029099464417,0.0,0.05,-0.05,0
amazon-sports-and-outdoors,valid,604811,42,4,368131,368133,0.17193877696990967,0.14981511235237122,0.022123664617538452,0.0,0.0,0.0,0
amazon-sports-and-outdoors,valid,604811,42,5,218906,368133,0.21035048365592957,0.16323354840278625,0.04711693525314331,0.0,0.05,-0.05,0
amazon-sports-and-outdoors,valid,604811,42,6,368130,368133,0.1446755975484848,0.14156585931777954,0.0031097382307052612,0.0,0.05,-0.05,0
amazon-sports-and-outdoors,valid,604811,42,7,330638,368133,0.14316706359386444,0.16015610098838806,-0.01698903739452362,0.0,0.05,-0.05,0
amazon-sports-and-outdoors,valid,604811,42,8,203498,368133,0.1487835794687271,0.15833833813667297,-0.009554758667945862,0.0,0.05,-0.05,0
amazon-sports-and-outdoors,valid,604811,42,9,175129,368133,0.28742483258247375,0.16343799233436584,0.12398684024810791,0.0,0.0,0.0,0
amazon-sports-and-outdoors,valid,604811,42,10,279853,368133,0.2714465260505676,0.18908491730690002,0.0823616087436676,0.0,0.1,-0.1,0
amazon-sports-and-outdoors,valid,604811,42,11,185905,368133,0.15835414826869965,0.1491212695837021,0.009232878684997559,0.0,0.0,0.0,0
amazon-sports-and-outdoors,valid,604811,42,12,26478,368133,0.20621180534362793,0.14419612288475037,0.062015682458877563,0.0,0.0,0.0,0
amazon-sports-and-outdoors,valid,604811,42,13,26479,368133,0.15219853818416595,0.16121895611286163,-0.009020417928695679,0.0,0.1,-0.1,0
amazon-sports-and-outdoors,valid,604811,42,14,168491,368133,0.2557488679885864,0.17206478118896484,0.08368408679962158,0.0,0.0,0.0,0
amazon-sports-and-outdoors,valid,604811,42,15,204904,368133,0.22102665901184082,0.16310854256153107,0.05791811645030975,0.0,0.05,-0.05,0
amazon-sports-and-outdoors,valid,604811,42,16,195625,368133,0.19795022904872894,0.1664579212665558,0.03149230778217316,0.0,0.0,0.0,0
amazon-sports-and-outdoors,valid,604811,42,17,42955,368133,0.15252992510795593,0.1697247475385666,-0.017194822430610657,0.0,0.0,0.0,0
amazon-sports-and-outdoors,valid,604811,42,18,89260,368133,0.32948219776153564,0.1846565455198288,0.14482565224170685,1.0,0.0,1.0,0
amazon-sports-and-outdoors,valid,604811,42,19,22374,368133,0.23494181036949158,0.15965940058231354,0.07528240978717804,0.0,0.05,-0.05,0
amazon-sports-and-outdoors,valid,604811,42,20,42951,368133,0.19374796748161316,0.17251574993133545,0.02123221755027771,0.0,0.05,-0.05,0
amazon-sports-and-outdoors,valid,604811,42,21,245901,368133,0.165676087141037,0.14936143159866333,0.016314655542373657,0.0,0.0,0.0,0
amazon-sports-and-outdoors,valid,604811,42,22,5212,368133,0.20429563522338867,0.14966267347335815,0.05463296175003052,0.0,0.0,0.0,0
amazon-sports-and-outdoors,valid,604811,42,23,14709,368133,0.20210525393486023,0.16000059247016907,0.04210466146469116,0.0,0.05,-0.05,0
amazon-sports-and-outdoors,valid,604811,42,24,9081,368133,0.24313583970069885,0.17968162894248962,0.06345421075820923,0.0,0.05,-0.05,0
amazon-sports-and-outdoors,valid,604811,42,25,102229,368133,0.20929574966430664,0.19941718876361847,0.009878560900688171,0.0,0.0,0.0,0
amazon-sports-and-outdoors,valid,604811,42,26,59153,368133,0.2789471447467804,0.1870327889919281,0.0919143557548523,0.0,0.0,0.0,0
amazon-sports-and-outdoors,valid,604811,42,27,368129,368133,0.11540787667036057,0.13694533705711365,-0.021537460386753082,0.0,0.0,0.0,0
amazon-sports-and-outdoors,valid,604811,42,28,153045,368133,0.2507880926132202,0.15894199907779694,0.09184609353542328,0.0,0.0,0.0,0
amazon-sports-and-outdoors,valid,604811,42,29,240673,368133,0.20175157487392426,0.16334494948387146,0.038406625390052795,0.0,0.0,0.0,0
amazon-sports-and-outdoors,valid,604811,42,30,211391,368133,0.157640278339386,0.16736356914043427,-0.009723290801048279,0.0,0.05,-0.05,0
amazon-sports-and-outdoors,valid,604811,42,31,59171,368133,0.29232361912727356,0.16317519545555115,0.1291484236717224,0.0,0.0,0.0,0
amazon-sports-and-outdoors,valid,604811,42,32,22348,368133,0.1965731680393219,0.1697787493467331,0.026794418692588806,0.0,0.05,-0.05,0
amazon-sports-and-outdoors,valid,604811,42,33,21760,368133,0.25941890478134155,0.17760179936885834,0.08181710541248322,0.0,0.05,-0.05,0
amazon-sports-and-outdoors,valid,604811,42,34,211388,368133,0.3125355541706085,0.17008444666862488,0.14245110750198364,0.0,0.0,0.0,0
amazon-sports-and-outdoors,valid,604811,42,35,21781,368133,0.231562077999115,0.17079207301139832,0.060770004987716675,0.0,0.05,-0.05,0
amazon-sports-and-outdoors,valid,604811,42,36,19245,368133,0.26513227820396423,0.16693104803562164,0.09820123016834259,0.0,0.05,-0.05,0
amazon-sports-and-outdoors,valid,604811,42,37,49323,368133,0.19812604784965515,0.15285716950893402,0.04526887834072113,0.0,0.05,-0.05,0
amazon-sports-and-outdoors,valid,604811,42,38,9046,368133,0.19454875588417053,0.18050825595855713,0.014040499925613403,0.0,0.05,-0.05,0
amazon-sports-and-outdoors,valid,604811,42,39,17269,368133,0.22435888648033142,0.15058943629264832,0.0737694501876831,0.0,0.0,0.0,0
amazon-sports-and-outdoors,valid,604811,42,40,18843,368133,0.2223149538040161,0.1672041118144989,0.05511084198951721,0.0,0.0,0.0,0
amazon-sports-and-outdoors,valid,604811,42,41,326258,368133,0.18225564062595367,0.1665649712085724,0.015690669417381287,0.0,0.0,0.0,0
amazon-sports-and-outdoors,valid,604811,42,42,25473,368133,0.13360628485679626,0.17280809581279755,-0.03920181095600128,0.0,0.0,0.0,0
amazon-sports-and-outdoors,valid,605503,4,1,142424,24364,0.18861481547355652,0.11936408281326294,0.06925073266029358,1.0,0.0,1.0,0
amazon-sports-and-outdoors,valid,605503,4,2,21005,24364,0.11939235031604767,0.14810483157634735,-0.028712481260299683,0.0,0.05,-0.05,0
amazon-sports-and-outdoors,valid,605503,4,3,15621,24364,0.12271518260240555,0.13271869719028473,-0.010003514587879181,0.0,0.0,0.0,0
amazon-sports-and-outdoors,valid,605503,4,4,35780,24364,0.12620529532432556,0.13502056896686554,-0.008815273642539978,0.0,0.05,-0.05,0
amazon-sports-and-outdoors,valid,606578,24,1,13667,22208,0.18360325694084167,0.13761702179908752,0.04598623514175415,0.0,0.0,0.0,0
amazon-sports-and-outdoors,valid,606578,24,2,62156,22208,0.1332348734140396,0.11921769380569458,0.014017179608345032,0.0,0.0,0.0,0
amazon-sports-and-outdoors,valid,606578,24,3,159990,22208,0.07362517714500427,0.1295451819896698,-0.05592000484466553,0.0,0.0,0.0,0
amazon-sports-and-outdoors,valid,606578,24,4,233101,22208,0.14589214324951172,0.12026762962341309,0.025624513626098633,0.0,0.0,0.0,0
amazon-sports-and-outdoors,valid,606578,24,5,22641,22208,0.1367170214653015,0.13103064894676208,0.005686372518539429,0.0,0.0,0.0,0
amazon-sports-and-outdoors,valid,606578,24,6,129850,22208,0.1390700787305832,0.12655267119407654,0.012517407536506653,0.0,0.1,-0.1,0
amazon-sports-and-outdoors,valid,606578,24,7,9451,22208,0.15383177995681763,0.13938042521476746,0.014451354742050171,0.0,0.05,-0.05,0
amazon-sports-and-outdoors,valid,606578,24,8,113701,22208,0.11297223716974258,0.11251616477966309,0.0004560723900794983,0.0,0.0,0.0,0
amazon-sports-and-outdoors,valid,606578,24,9,280752,22208,0.06178230047225952,0.138612300157547,-0.07682999968528748,0.0,0.0,0.0,0
amazon-sports-and-outdoors,valid,606578,24,10,257901,22208,0.21201324462890625,0.12944558262825012,0.08256766200065613,0.0,0.05,-0.05,0
amazon-sports-and-outdoors,valid,606578,24,11,24492,22208,0.1554226577281952,0.1183668002486229,0.037055857479572296,0.0,0.0,0.0,0
amazon-sports-and-outdoors,valid,606578,24,12,287221,22208,0.14133940637111664,0.08945037424564362,0.05188903212547302,0.0,0.0,0.0,0
amazon-sports-and-outdoors,valid,606578,24,13,19243,22208,0.21200652420520782,0.11027631908655167,0.10173020511865616,0.0,0.0,0.0,0
amazon-sports-and-outdoors,valid,606578,24,14,216868,22208,0.15705788135528564,0.12737157940864563,0.029686301946640015,0.0,0.0,0.0,0
amazon-sports-and-outdoors,valid,606578,24,15,102230,22208,0.22704124450683594,0.14745423197746277,0.07958701252937317,1.0,0.0,1.0,0
amazon-sports-and-outdoors,valid,606578,24,16,200581,22208,0.294769287109375,0.13392460346221924,0.16084468364715576,0.0,0.0,0.0,0
amazon-sports-and-outdoors,valid,606578,24,17,227065,22208,0.35034072399139404,0.11353626102209091,0.23680446296930313,0.0,0.0,0.0,0
amazon-sports-and-outdoors,valid,606578,24,18,22845,22208,0.16776925325393677,0.14041933417320251,0.027349919080734253,0.0,0.0,0.0,0
amazon-sports-and-outdoors,valid,606578,24,19,274377,22208,0.15589161217212677,0.13708506524562836,0.018806546926498413,0.0,0.05,-0.05,0
amazon-sports-and-outdoors,valid,606578,24,20,435,22208,0.2309839427471161,0.11818823963403702,0.11279570311307907,0.0,0.0,0.0,0
amazon-sports-and-outdoors,valid,606578,24,21,432,22208,0.12713713943958282,0.14081653952598572,-0.013679400086402893,0.0,0.0,0.0,0
amazon-sports-and-outdoors,valid,606578,24,22,241895,22208,0.19910217821598053,0.12085779011249542,0.07824438810348511,0.0,0.0,0.0,0
amazon-sports-and-outdoors,valid,606578,24,23,87898,22208,0.14259561896324158,0.13775084912776947,0.004844769835472107,1.0,0.05,0.95,0
amazon-sports-and-outdoors,valid,606578,24,24,1456,22208,0.15219533443450928,0.10928754508495331,0.04290778934955597,0.0,0.05,-0.05,0
amazon-sports-and-outdoors,valid,606820,2,1,57795,129131,0.06971713900566101,0.09292899072170258,-0.023211851716041565,0.0,0.0,0.0,0
amazon-sports-and-outdoors,valid,606820,2,2,129130,129131,0.022259186953306198,0.06307755410671234,-0.04081836715340614,0.0,0.0,0.0,0
amazon-sports-and-outdoors,valid,617070,2,1,7354,2929,0.1880880743265152,0.1569501757621765,0.031137898564338684,0.0,0.0,0.0,0
amazon-sports-and-outdoors,valid,617070,2,2,15610,2929,0.111485555768013,0.13047590851783752,-0.018990352749824524,0.0,0.05,-0.05,0
amazon-sports-and-outdoors,valid,617975,3,1,82159,61047,0.033582497388124466,0.10981551557779312,-0.07623301818966866,0.0,0.05,-0.05,0
amazon-sports-and-outdoors,valid,617975,3,2,277380,61047,0.15496861934661865,0.12429269403219223,0.030675925314426422,1.0,0.0,1.0,0
amazon-sports-and-outdoors,valid,617975,3,3,174081,61047,0.08422994613647461,0.11583651602268219,-0.03160656988620758,0.0,0.15,-0.15,0
amazon-sports-and-outdoors,valid,622277,3,1,13176,40060,0.1474519670009613,0.13114459812641144,0.016307368874549866,0.0,0.0,0.0,0
amazon-sports-and-outdoors,valid,622277,3,2,17488,40060,0.1163664385676384,0.1362687349319458,-0.019902296364307404,0.0,0.0,0.0,0
amazon-sports-and-outdoors,valid,622277,3,3,49979,40060,0.11520487070083618,0.15432988107204437,-0.03912501037120819,0.0,0.05,-0.05,0
amazon-sports-and-outdoors,valid,623693,11,1,138820,11815,0.09044691175222397,0.12425659596920013,-0.033809684216976166,0.0,0.05,-0.05,0
amazon-sports-and-outdoors,valid,623693,11,2,67700,11815,0.15326794981956482,0.11071494966745377,0.04255300015211105,0.0,0.05,-0.05,0
amazon-sports-and-outdoors,valid,623693,11,3,7905,11815,0.09753217548131943,0.10546346753835678,-0.007931292057037354,0.0,0.0,0.0,0
amazon-sports-and-outdoors,valid,623693,11,4,1190,11815,0.1893831491470337,0.10568137466907501,0.08370177447795868,0.0,0.0,0.0,0
amazon-sports-and-outdoors,valid,623693,11,5,6385,11815,0.19608376920223236,0.12307703495025635,0.07300673425197601,0.0,0.0,0.0,0
amazon-sports-and-outdoors,valid,623693,11,6,21180,11815,0.02313762903213501,0.11204985529184341,-0.0889122262597084,0.0,0.05,-0.05,0
amazon-sports-and-outdoors,valid,623693,11,7,80981,11815,0.05691104754805565,0.10957369953393936,-0.05266265198588371,0.0,0.0,0.0,0
amazon-sports-and-outdoors,valid,623693,11,8,46923,11815,0.03794069588184357,0.11676150560379028,-0.07882080972194672,0.0,0.0,0.0,0
amazon-sports-and-outdoors,valid,623693,11,9,3734,11815,0.08291856944561005,0.10827536880970001,-0.025356799364089966,0.0,0.0,0.0,0
amazon-sports-and-outdoors,valid,623693,11,10,19065,11815,0.09370197355747223,0.1237378939986229,-0.030035920441150665,0.0,0.05,-0.05,0
amazon-sports-and-outdoors,valid,623693,11,11,21316,11815,0.16731908917427063,0.10852092504501343,0.0587981641292572,0.0,0.0,0.0,0
amazon-sports-and-outdoors,valid,626093,3,1,41968,10779,0.19843235611915588,0.15192538499832153,0.04650697112083435,0.0,0.0,0.0,0
amazon-sports-and-outdoors,valid,626093,3,2,247504,10779,0.08572139590978622,0.13100206851959229,-0.04528067260980606,0.0,0.0,0.0,0
amazon-sports-and-outdoors,valid,626093,3,3,83374,10779,0.1804075688123703,0.1654001623392105,0.01500740647315979,0.0,0.0,0.0,0
amazon-sports-and-outdoors,valid,626490,12,1,344083,108661,0.17027512192726135,0.12489205598831177,0.045383065938949585,0.0,0.0,0.0,0
amazon-sports-and-outdoors,valid,626490,12,2,82738,108661,0.138405442237854,0.12671110033988953,0.011694341897964478,0.0,0.0,0.0,0
amazon-sports-and-outdoors,valid,626490,12,3,82278,108661,0.20630024373531342,0.1450153887271881,0.061284855008125305,0.0,0.0,0.0,0
amazon-sports-and-outdoors,valid,626490,12,4,8393,108661,0.18854361772537231,0.17911317944526672,0.00943043828010559,0.0,0.0,0.0,0
amazon-sports-and-outdoors,valid,626490,12,5,42691,108661,0.28828057646751404,0.18980799615383148,0.09847258031368256,1.0,0.05,0.95,0
amazon-sports-and-outdoors,valid,626490,12,6,43531,108661,0.3884876072406769,0.13761785626411438,0.2508697509765625,1.0,0.05,0.95,0
amazon-sports-and-outdoors,valid,626490,12,7,172879,108661,0.14364543557167053,0.14908775687217712,-0.005442321300506592,0.0,0.0,0.0,0
amazon-sports-and-outdoors,valid,626490,12,8,314949,108661,0.2596440017223358,0.1331181824207306,0.12652581930160522,0.0,0.0,0.0,0
amazon-sports-and-outdoors,valid,626490,12,9,13683,108661,0.3957584500312805,0.12776212394237518,0.26799632608890533,1.0,0.0,1.0,0
amazon-sports-and-outdoors,valid,626490,12,10,87729,108661,0.12055634707212448,0.13602674007415771,-0.015470393002033234,0.0,0.0,0.0,0
amazon-sports-and-outdoors,valid,626490,12,11,8478,108661,0.20304422080516815,0.1669640839099884,0.03608013689517975,0.0,0.0,0.0,0
amazon-sports-and-outdoors,valid,626490,12,12,21053,108661,0.11442191898822784,0.15240707993507385,-0.03798516094684601,0.0,0.0,0.0,0
amazon-sports-and-outdoors,test,3612,4,1,23818,9089,0.1422785520553589,0.1495521366596222,-0.007273584604263306,0.0,0.0,0.0,0
amazon-sports-and-outdoors,test,3612,4,2,12815,9089,0.1756930947303772,0.13960686326026917,0.03608623147010803,0.0,0.0,0.0,0
amazon-sports-and-outdoors,test,3612,4,3,188838,9089,0.11918888241052628,0.14349471032619476,-0.024305827915668488,0.0,0.0,0.0,0
amazon-sports-and-outdoors,test,3612,4,4,30232,9089,0.18239545822143555,0.17083880305290222,0.011556655168533325,0.0,0.0,0.0,0
amazon-sports-and-outdoors,test,9465,5,1,297198,80941,0.22218821942806244,0.11690817028284073,0.10528004914522171,1.0,0.1,0.9,0
amazon-sports-and-outdoors,test,9465,5,2,150512,80941,0.09851016104221344,0.1113261952996254,-0.012816034257411957,0.0,0.1,-0.1,0
amazon-sports-and-outdoors,test,9465,5,3,66875,80941,0.0725061371922493,0.105691097676754,-0.0331849604845047,1.0,0.1,0.9,0
amazon-sports-and-outdoors,test,9465,5,4,191506,80941,0.08620242774486542,0.1146269291639328,-0.028424501419067383,1.0,0.05,0.95,0
amazon-sports-and-outdoors,test,9465,5,5,362171,80941,0.06608385592699051,0.11321709305047989,-0.04713323712348938,0.0,0.05,-0.05,0
amazon-sports-and-outdoors,test,18078,8,1,2151,294949,0.16199259459972382,0.114706851541996,0.047285743057727814,0.0,0.0,0.0,0
amazon-sports-and-outdoors,test,18078,8,2,20264,294949,0.1033029779791832,0.10748814046382904,-0.0041851624846458435,0.0,0.0,0.0,0
amazon-sports-and-outdoors,test,18078,8,3,60994,294949,0.14633160829544067,0.11305208504199982,0.03327952325344086,0.0,0.05,-0.05,0
amazon-sports-and-outdoors,test,18078,8,4,145181,294949,0.14662745594978333,0.1054309830069542,0.04119647294282913,1.0,0.1,0.9,0
amazon-sports-and-outdoors,test,18078,8,5,181095,294949,0.04794633015990257,0.10922761261463165,-0.06128128245472908,0.0,0.0,0.0,0
amazon-sports-and-outdoors,test,18078,8,6,294948,294949,0.02999250218272209,0.10377929359674454,-0.07378679141402245,0.0,0.0,0.0,0
amazon-sports-and-outdoors,test,18078,8,7,1120,294949,0.05319167673587799,0.1115051731467247,-0.05831349641084671,0.0,0.0,0.0,0
amazon-sports-and-outdoors,test,18078,8,8,177101,294949,0.07800764590501785,0.11094363033771515,-0.032935984432697296,0.0,0.05,-0.05,0
amazon-sports-and-outdoors,test,18754,5,1,187285,16701,0.11401380598545074,0.1188301295042038,-0.004816323518753052,0.0,0.0,0.0,1
amazon-sports-and-outdoors,test,18754,5,2,54147,16701,0.20024578273296356,0.1147986426949501,0.08544714003801346,0.0,0.0,0.0,0
amazon-sports-and-outdoors,test,18754,5,3,36816,16701,0.2214759886264801,0.10759278386831284,0.11388320475816727,0.0,0.0,0.0,0
amazon-sports-and-outdoors,test,18754,5,4,60742,16701,0.146514892578125,0.11010825634002686,0.036406636238098145,0.0,0.0,0.0,0
amazon-sports-and-outdoors,test,18754,5,5,11224,16701,0.1510518491268158,0.13567672669887543,0.015375122427940369,0.0,0.0,0.0,0
amazon-sports-and-outdoors,test,20907,11,1,7342,29973,0.506598949432373,0.1537357121706009,0.35286323726177216,1.0,0.05,0.95,0
amazon-sports-and-outdoors,test,20907,11,2,63316,29973,0.15472829341888428,0.12511710822582245,0.02961118519306183,0.0,0.0,0.0,0
amazon-sports-and-outdoors,test,20907,11,3,40363,29973,0.26380303502082825,0.13302159309387207,0.13078144192695618,1.0,0.05,0.95,0
amazon-sports-and-outdoors,test,20907,11,4,68825,29973,0.12686511874198914,0.11935530602931976,0.0075098127126693726,0.0,0.0,0.0,0
amazon-sports-and-outdoors,test,20907,11,5,45321,29973,0.1465386003255844,0.1159282773733139,0.030610322952270508,0.0,0.0,0.0,0
amazon-sports-and-outdoors,test,20907,11,6,15389,29973,0.2287931740283966,0.13887499272823334,0.08991818130016327,0.0,0.05,-0.05,0
amazon-sports-and-outdoors,test,20907,11,7,129958,29973,0.1347469687461853,0.1279749721288681,0.0067719966173172,0.0,0.0,0.0,0
amazon-sports-and-outdoors,test,20907,11,8,47474,29973,0.08987515419721603,0.12597763538360596,-0.03610248118638992,0.0,0.0,0.0,0
amazon-sports-and-outdoors,test,20907,11,9,68825,29973,0.12686511874198914,0.13219772279262543,-0.0053326040506362915,0.0,0.0,0.0,0
amazon-sports-and-outdoors,test,20907,11,10,18972,29973,0.0793592631816864,0.1293172538280487,-0.049957990646362305,0.0,0.0,0.0,0
amazon-sports-and-outdoors,test,20907,11,11,270116,29973,0.10485522449016571,0.115106962621212,-0.010251738131046295,0.0,0.05,-0.05,0
amazon-sports-and-outdoors,test,24953,3,1,110287,1160,0.17370527982711792,0.17731262743473053,-0.00360734760761261,0.0,0.25,-0.25,0
amazon-sports-and-outdoors,test,24953,3,2,327611,1160,0.19227410852909088,0.14296302199363708,0.049311086535453796,0.0,0.1,-0.1,0
amazon-sports-and-outdoors,test,24953,3,3,256724,1160,0.17593792080879211,0.1537822037935257,0.02215571701526642,0.0,0.05,-0.05,0
amazon-sports-and-outdoors,test,26315,5,1,107479,254753,0.12915736436843872,0.18149498105049133,-0.05233761668205261,0.0,0.05,-0.05,0
amazon-sports-and-outdoors,test,26315,5,2,273930,254753,0.09537608921527863,0.15515926480293274,-0.059783175587654114,0.0,0.05,-0.05,0
amazon-sports-and-outdoors,test,26315,5,3,151165,254753,0.15494568645954132,0.1586460918188095,-0.0037004053592681885,0.0,0.05,-0.05,0
amazon-sports-and-outdoors,test,26315,5,4,57875,254753,0.2534831464290619,0.17609648406505585,0.07738666236400604,0.0,0.15,-0.15,0
amazon-sports-and-outdoors,test,26315,5,5,73827,254753,0.11288206279277802,0.18754324316978455,-0.07466118037700653,0.0,0.25,-0.25,0
amazon-sports-and-outdoors,test,26487,5,1,14663,4412,0.12139241397380829,0.11305848509073257,0.008333928883075714,0.0,0.15,-0.15,0
amazon-sports-and-outdoors,test,26487,5,2,25096,4412,0.09736241400241852,0.1117868572473526,-0.014424443244934082,0.0,0.15,-0.15,0
amazon-sports-and-outdoors,test,26487,5,3,114274,4412,0.10117983818054199,0.09997774660587311,0.0012020915746688843,0.0,0.1,-0.1,0
amazon-sports-and-outdoors,test,26487,5,4,4749,4412,0.1657082438468933,0.09959511458873749,0.06611312925815582,0.0,0.05,-0.05,0
amazon-sports-and-outdoors,test,26487,5,5,53885,4412,0.09498565644025803,0.10544668138027191,-0.010461024940013885,0.0,0.3,-0.3,0
amazon-sports-and-outdoors,test,34522,7,1,80272,121712,0.03708227723836899,0.06006515026092529,-0.022982873022556305,0.0,0.05,-0.05,0
amazon-sports-and-outdoors,test,34522,7,2,16498,121712,0.12001702934503555,0.04701680690050125,0.0730002224445343,0.0,0.0,0.0,0
amazon-sports-and-outdoors,test,34522,7,3,198957,121712,0.03811540827155113,0.06665261834859848,-0.028537210077047348,0.0,0.0,0.0,0
amazon-sports-and-outdoors,test,34522,7,4,60999,121712,0.09101661294698715,0.06108063459396362,0.02993597835302353,0.0,0.0,0.0,0
amazon-sports-and-outdoors,test,34522,7,5,11670,121712,0.23035022616386414,0.06467922031879425,0.16567100584506989,1.0,0.0,1.0,0
amazon-sports-and-outdoors,test,34522,7,6,19337,121712,0.04021505266427994,0.06690314412117004,-0.026688091456890106,0.0,0.0,0.0,0
amazon-sports-and-outdoors,test,34522,7,7,198956,121712,0.0671660453081131,0.07000575214624405,-0.002839706838130951,1.0,0.1,0.9,0
amazon-sports-and-outdoors,test,38415,7,1,185318,12558,0.32782211899757385,0.14019158482551575,0.1876305341720581,0.0,0.1,-0.1,0
amazon-sports-and-outdoors,test,38415,7,2,35519,12558,0.12133803218603134,0.11904191970825195,0.0022961124777793884,0.0,0.05,-0.05,0
amazon-sports-and-outdoors,test,38415,7,3,44436,12558,0.0934486836194992,0.1458384245634079,-0.05238974094390869,0.0,0.2,-0.2,0
amazon-sports-and-outdoors,test,38415,7,4,17518,12558,0.1389753669500351,0.1422836035490036,-0.003308236598968506,0.0,0.05,-0.05,0
amazon-sports-and-outdoors,test,38415,7,5,17518,12558,0.1389753669500351,0.12777520716190338,0.011200159788131714,0.0,0.05,-0.05,0
amazon-sports-and-outdoors,test,38415,7,6,245694,12558,0.13759754598140717,0.12426100671291351,0.013336539268493652,0.0,0.05,-0.05,0
amazon-sports-and-outdoors,test,38415,7,7,148230,12558,0.14991803467273712,0.12317290157079697,0.026745133101940155,0.0,0.1,-0.1,0
amazon-sports-and-outdoors,test,44226,4,1,33586,93069,0.15891650319099426,0.15803775191307068,0.000878751277923584,0.0,0.0,0.0,0
amazon-sports-and-outdoors,test,44226,4,2,5068,93069,0.16761358082294464,0.1911623179912567,-0.023548737168312073,0.0,0.05,-0.05,0
amazon-sports-and-outdoors,test,44226,4,3,39925,93069,0.20035165548324585,0.18046697974205017,0.01988467574119568,0.0,0.05,-0.05,0
amazon-sports-and-outdoors,test,44226,4,4,81671,93069,0.05572950094938278,0.14991366863250732,-0.09418416768312454,0.0,0.0,0.0,0
amazon-sports-and-outdoors,test,44584,14,1,4068,102899,0.20874476432800293,0.1516633927822113,0.057081371545791626,1.0,0.15,0.85,0
amazon-sports-and-outdoors,test,44584,14,2,249537,102899,0.15324580669403076,0.11654902994632721,0.03669677674770355,0.0,0.25,-0.25,0
amazon-sports-and-outdoors,test,44584,14,3,320080,102899,0.1770978569984436,0.13405117392539978,0.04304668307304382,1.0,0.2,0.8,0
amazon-sports-and-outdoors,test,44584,14,4,320079,102899,0.11983832716941833,0.12011124938726425,-0.00027292221784591675,1.0,0.0,1.0,0
amazon-sports-and-outdoors,test,44584,14,5,90690,102899,0.11502231657505035,0.15143130719661713,-0.03640899062156677,0.0,0.2,-0.2,0
amazon-sports-and-outdoors,test,44584,14,6,203618,102899,0.09241103380918503,0.14143307507038116,-0.049022041261196136,0.0,0.15,-0.15,0
amazon-sports-and-outdoors,test,44584,14,7,42897,102899,0.055581774562597275,0.1375281810760498,-0.08194640651345253,0.0,0.05,-0.05,0
amazon-sports-and-outdoors,test,44584,14,8,320078,102899,0.0156844649463892,0.12750966846942902,-0.11182520352303982,0.0,0.05,-0.05,0
amazon-sports-and-outdoors,test,44584,14,9,173437,102899,0.11700485646724701,0.13614365458488464,-0.019138798117637634,0.0,0.35,-0.35,0
amazon-sports-and-outdoors,test,44584,14,10,127,102899,0.15232336521148682,0.1491013914346695,0.0032219737768173218,0.0,0.25,-0.25,0
amazon-sports-and-outdoors,test,44584,14,11,4879,102899,0.16717113554477692,0.14140595495700836,0.025765180587768555,0.0,0.1,-0.1,0
amazon-sports-and-outdoors,test,44584,14,12,182207,102899,0.11518867313861847,0.13446947932243347,-0.019280806183815002,0.0,0.25,-0.25,0
amazon-sports-and-outdoors,test,44584,14,13,104724,102899,0.09904137253761292,0.12259966135025024,-0.02355828881263733,0.0,0.15,-0.15,0
amazon-sports-and-outdoors,test,44584,14,14,131364,102899,0.1774107664823532,0.131636381149292,0.04577438533306122,0.0,0.1,-0.1,0
amazon-sports-and-outdoors,test,50087,4,1,73348,124086,0.17055319249629974,0.16861827671527863,0.0019349157810211182,0.0,0.2,-0.2,0
amazon-sports-and-outdoors,test,50087,4,2,20208,124086,0.1510845124721527,0.17891408503055573,-0.027829572558403015,1.0,0.15,0.85,0
amazon-sports-and-outdoors,test,50087,4,3,55222,124086,0.14124196767807007,0.13109645247459412,0.010145515203475952,0.0,0.15,-0.15,0
amazon-sports-and-outdoors,test,50087,4,4,41126,124086,0.1803087741136551,0.16064032912254333,0.019668444991111755,0.0,0.05,-0.05,0
amazon-sports-and-outdoors,test,58928,3,1,697,697,1.0,0.11252516508102417,0.8874748349189758,1.0,0.0,1.0,0
amazon-sports-and-outdoors,test,58928,3,2,697,697,1.0,0.11180707067251205,0.888192929327488,1.0,0.0,1.0,0
amazon-sports-and-outdoors,test,58928,3,3,697,697,1.0,0.11376655101776123,0.8862334489822388,1.0,0.0,1.0,0
amazon-sports-and-outdoors,test,60405,3,1,37110,20081,0.11706245690584183,0.18890908360481262,-0.0718466266989708,0.0,0.15,-0.15,0
amazon-sports-and-outdoors,test,60405,3,2,59460,20081,0.1630639284849167,0.17251375317573547,-0.009449824690818787,1.0,0.1,0.9,0
amazon-sports-and-outdoors,test,60405,3,3,132851,20081,0.22377538681030273,0.17582273483276367,0.04795265197753906,1.0,0.05,0.95,0
amazon-sports-and-outdoors,test,74464,7,1,23259,43072,0.1538248360157013,0.1324874758720398,0.0213373601436615,0.0,0.05,-0.05,0
amazon-sports-and-outdoors,test,74464,7,2,111123,43072,0.23441338539123535,0.13486015796661377,0.09955322742462158,0.0,0.1,-0.1,0
amazon-sports-and-outdoors,test,74464,7,3,20018,43072,0.2473386526107788,0.14130476117134094,0.10603389143943787,0.0,0.1,-0.1,0
amazon-sports-and-outdoors,test,74464,7,4,8373,43072,0.1395511031150818,0.13492906093597412,0.004622042179107666,0.0,0.05,-0.05,0
amazon-sports-and-outdoors,test,74464,7,5,110627,43072,0.2060760110616684,0.12117103487253189,0.0849049761891365,0.0,0.05,-0.05,0
amazon-sports-and-outdoors,test,74464,7,6,15403,43072,0.10576682537794113,0.11720128357410431,-0.011434458196163177,0.0,0.0,0.0,0
amazon-sports-and-outdoors,test,74464,7,7,6209,43072,0.20306514203548431,0.14111794531345367,0.06194719672203064,0.0,0.1,-0.1,0
amazon-sports-and-outdoors,test,77119,4,1,83892,5092,0.08528759330511093,0.12218912690877914,-0.03690153360366821,0.0,0.0,0.0,0
amazon-sports-and-outdoors,test,77119,4,2,337334,5092,0.13637447357177734,0.11598020792007446,0.02039426565170288,0.0,0.0,0.0,0
amazon-sports-and-outdoors,test,77119,4,3,9639,5092,0.12159585952758789,0.12338536977767944,-0.0017895102500915527,0.0,0.05,-0.05,0
amazon-sports-and-outdoors,test,77119,4,4,58853,5092,0.14900271594524384,0.13500407338142395,0.013998642563819885,0.0,0.0,0.0,0
amazon-sports-and-outdoors,test,84349,13,1,50966,242622,0.15091581642627716,0.06666712462902069,0.08424869179725647,1.0,0.0,1.0,0
amazon-sports-and-outdoors,test,84349,13,2,173932,242622,0.3364742398262024,0.07156606018543243,0.26490817964076996,1.0,0.0,1.0,0
amazon-sports-and-outdoors,test,84349,13,3,223404,242622,0.327846884727478,0.09255918860435486,0.23528769612312317,1.0,0.05,0.95,0
amazon-sports-and-outdoors,test,84349,13,4,11095,242622,0.22747965157032013,0.07437092065811157,0.15310873091220856,1.0,0.0,1.0,0
amazon-sports-and-outdoors,test,84349,13,5,175639,242622,0.06339321285486221,0.06621958315372467,-0.0028263702988624573,0.0,0.0,0.0,0
amazon-sports-and-outdoors,test,84349,13,6,3729,242622,0.12132588773965836,0.06054510921239853,0.06078077852725983,0.0,0.0,0.0,0
amazon-sports-and-outdoors,test,84349,13,7,198428,242622,0.15546788275241852,0.09048234671354294,0.06498553603887558,1.0,0.05,0.95,0
amazon-sports-and-outdoors,test,84349,13,8,40614,242622,0.08431346714496613,0.061999499797821045,0.02231396734714508,0.0,0.0,0.0,0
amazon-sports-and-outdoors,test,84349,13,9,181752,242622,0.034194592386484146,0.09032321721315384,-0.05612862482666969,0.0,0.0,0.0,0
amazon-sports-and-outdoors,test,84349,13,10,25013,242622,0.09262552112340927,0.09808003902435303,-0.005454517900943756,0.0,0.0,0.0,0
amazon-sports-and-outdoors,test,84349,13,11,1243,242622,0.03904453665018082,0.07055074721574783,-0.03150621056556702,0.0,0.0,0.0,0
amazon-sports-and-outdoors,test,84349,13,12,114396,242622,0.09646683931350708,0.06237775832414627,0.03408908098936081,0.0,0.0,0.0,0
amazon-sports-and-outdoors,test,84349,13,13,1216,242622,0.09656371176242828,0.07775004953145981,0.018813662230968475,0.0,0.05,-0.05,0
amazon-sports-and-outdoors,test,85798,6,1,3092,204870,0.1774769425392151,0.129775732755661,0.04770120978355408,0.0,0.0,0.0,0
amazon-sports-and-outdoors,test,85798,6,2,397392,204870,0.15515895187854767,0.1272280514240265,0.02793090045452118,0.0,0.0,0.0,0
amazon-sports-and-outdoors,test,85798,6,3,20218,204870,0.11052827537059784,0.12862075865268707,-0.018092483282089233,0.0,0.0,0.0,0
amazon-sports-and-outdoors,test,85798,6,4,30943,204870,0.1163998544216156,0.1196303516626358,-0.0032304972410202026,0.0,0.05,-0.05,0
amazon-sports-and-outdoors,test,85798,6,5,8601,204870,0.1326627880334854,0.13591668009757996,-0.0032538920640945435,0.0,0.05,-0.05,0
amazon-sports-and-outdoors,test,85798,6,6,77250,204870,0.12051691114902496,0.1293385773897171,-0.008821666240692139,0.0,0.0,0.0,0
amazon-sports-and-outdoors,test,86716,3,1,287721,36470,0.1416349709033966,0.13882386684417725,0.0028111040592193604,0.0,0.1,-0.1,1
amazon-sports-and-outdoors,test,86716,3,2,142983,36470,0.07863183319568634,0.10483811050653458,-0.026206277310848236,0.0,0.05,-0.05,0
amazon-sports-and-outdoors,test,86716,3,3,287720,36470,0.15542058646678925,0.12388519197702408,0.03153539448976517,0.0,0.0,0.0,0
amazon-sports-and-outdoors,test,88047,6,1,358731,156258,0.23709872364997864,0.1308847963809967,0.10621392726898193,0.0,0.05,-0.05,0
amazon-sports-and-outdoors,test,88047,6,2,125006,156258,0.08610482513904572,0.1587238907814026,-0.07261906564235687,0.0,0.2,-0.2,0
amazon-sports-and-outdoors,test,88047,6,3,45132,156258,0.14375048875808716,0.13716745376586914,0.006583034992218018,0.0,0.15,-0.15,0
amazon-sports-and-outdoors,test,88047,6,4,48626,156258,0.1497403085231781,0.12913981080055237,0.020600497722625732,0.0,0.2,-0.2,0
amazon-sports-and-outdoors,test,88047,6,5,68962,156258,0.16613814234733582,0.1371496617794037,0.02898848056793213,1.0,0.05,0.95,0
amazon-sports-and-outdoors,test,88047,6,6,13403,156258,0.19281849265098572,0.13553181290626526,0.05728667974472046,0.0,0.2,-0.2,0
amazon-sports-and-outdoors,test,90899,6,1,2525,3321,0.10361233353614807,0.1103348508477211,-0.0067225173115730286,1.0,0.15,0.85,0
amazon-sports-and-outdoors,test,90899,6,2,39979,3321,0.09254814684391022,0.07661160826683044,0.015936538577079773,0.0,0.1,-0.1,0
amazon-sports-and-outdoors,test,90899,6,3,51992,3321,0.018230095505714417,0.07790406048297882,-0.059673964977264404,0.0,0.25,-0.25,0
amazon-sports-and-outdoors,test,90899,6,4,80608,3321,0.08655089884996414,0.07991988211870193,0.006631016731262207,0.0,0.15,-0.15,0
amazon-sports-and-outdoors,test,90899,6,5,293679,3321,0.05141744762659073,0.07320419698953629,-0.021786749362945557,1.0,0.05,0.95,0
amazon-sports-and-outdoors,test,90899,6,6,91105,3321,0.03757346048951149,0.07524377107620239,-0.0376703105866909,0.0,0.15,-0.15,0
amazon-sports-and-outdoors,test,97264,5,1,7056,32416,0.11885486543178558,0.12156645208597183,-0.0027115866541862488,0.0,0.1,-0.1,0
amazon-sports-and-outdoors,test,97264,5,2,158574,32416,0.12500914931297302,0.11518982797861099,0.00981932133436203,0.0,0.0,0.0,0
amazon-sports-and-outdoors,test,97264,5,3,24032,32416,0.1453239619731903,0.12348481267690659,0.021839149296283722,0.0,0.05,-0.05,0
amazon-sports-and-outdoors,test,97264,5,4,10898,32416,0.1134580671787262,0.12729761004447937,-0.013839542865753174,0.0,0.05,-0.05,0
amazon-sports-and-outdoors,test,97264,5,5,120338,32416,0.12656214833259583,0.13263681530952454,-0.006074666976928711,0.0,0.0,0.0,0
amazon-sports-and-outdoors,test,98769,5,1,60012,171268,0.16563498973846436,0.17458981275558472,-0.008954823017120361,0.0,0.05,-0.05,0
amazon-sports-and-outdoors,test,98769,5,2,230880,171268,0.1174556165933609,0.19834628701210022,-0.08089067041873932,0.0,0.05,-0.05,0
amazon-sports-and-outdoors,test,98769,5,3,19829,171268,0.1810021996498108,0.17657026648521423,0.004431933164596558,0.0,0.1,-0.1,0
amazon-sports-and-outdoors,test,98769,5,4,12909,171268,0.17022109031677246,0.1679724156856537,0.0022486746311187744,0.0,0.0,0.0,0
amazon-sports-and-outdoors,test,98769,5,5,105652,171268,0.15170499682426453,0.16497595608234406,-0.013270959258079529,0.0,0.0,0.0,0
amazon-sports-and-outdoors,test,100329,4,1,8438,42238,0.14095541834831238,0.16001325845718384,-0.01905784010887146,0.0,0.0,0.0,0
amazon-sports-and-outdoors,test,100329,4,2,42237,42238,0.14483866095542908,0.14584557712078094,-0.0010069161653518677,0.0,0.0,0.0,0
amazon-sports-and-outdoors,test,100329,4,3,36032,42238,0.18075644969940186,0.15975938737392426,0.0209970623254776,0.0,0.0,0.0,0
amazon-sports-and-outdoors,test,100329,4,4,42236,42238,0.2587957978248596,0.14402741193771362,0.114768385887146,0.0,0.0,0.0,0
amazon-sports-and-outdoors,test,104963,7,1,1541,6909,0.11870434880256653,0.12847523391246796,-0.009770885109901428,0.0,0.05,-0.05,0
amazon-sports-and-outdoors,test,104963,7,2,782,6909,0.13356560468673706,0.12924878299236298,0.0043168216943740845,0.0,0.0,0.0,0
amazon-sports-and-outdoors,test,104963,7,3,293321,6909,0.10878126323223114,0.1347987800836563,-0.02601751685142517,0.0,0.0,0.0,0
amazon-sports-and-outdoors,test,104963,7,4,59265,6909,0.17013771831989288,0.14569346606731415,0.024444252252578735,0.0,0.05,-0.05,0
amazon-sports-and-outdoors,test,104963,7,5,106868,6909,0.20276638865470886,0.15129521489143372,0.051471173763275146,0.0,0.0,0.0,0
amazon-sports-and-outdoors,test,104963,7,6,18744,6909,0.07266506552696228,0.1345687359571457,-0.06190367043018341,0.0,0.05,-0.05,0
amazon-sports-and-outdoors,test,104963,7,7,14416,6909,0.17012831568717957,0.14614400267601013,0.023984313011169434,0.0,0.1,-0.1,0
amazon-sports-and-outdoors,test,121053,6,1,63557,292623,0.017719246447086334,0.020286107435822487,-0.0025668609887361526,0.0,0.15,-0.15,0
amazon-sports-and-outdoors,test,121053,6,2,95901,292623,0.0,0.028247222304344177,-0.028247222304344177,1.0,0.1,0.9,0
amazon-sports-and-outdoors,test,121053,6,3,3522,292623,0.1111111044883728,0.034002989530563354,0.07710811495780945,0.0,0.05,-0.05,0
amazon-sports-and-outdoors,test,121053,6,4,118501,292623,0.0,0.019815606996417046,-0.019815606996417046,0.0,0.2,-0.2,0
amazon-sports-and-outdoors,test,121053,6,5,32285,292623,0.03000190481543541,0.03624995797872543,-0.006248053163290024,0.0,0.1,-0.1,0
amazon-sports-and-outdoors,test,121053,6,6,9812,292623,0.0,0.02149314247071743,-0.02149314247071743,0.0,0.05,-0.05,0
amazon-sports-and-outdoors,test,123486,3,1,9607,203753,0.1382519155740738,0.14395175874233246,-0.005699843168258667,0.0,0.0,0.0,0
amazon-sports-and-outdoors,test,123486,3,2,339147,203753,0.1187528669834137,0.162504643201828,-0.04375177621841431,0.0,0.05,-0.05,0
amazon-sports-and-outdoors,test,123486,3,3,28364,203753,0.17137016355991364,0.1513403058052063,0.020029857754707336,0.0,0.0,0.0,0
amazon-sports-and-outdoors,test,126297,4,1,264408,21,0.18059149384498596,0.11454303562641144,0.06604845821857452,0.0,0.05,-0.05,1
amazon-sports-and-outdoors,test,126297,4,2,164223,21,0.09660331159830093,0.0887378379702568,0.007865473628044128,0.0,0.0,0.0,0
amazon-sports-and-outdoors,test,126297,4,3,156761,21,0.10165233910083771,0.1008390560746193,0.0008132830262184143,0.0,0.0,0.0,0
amazon-sports-and-outdoors,test,126297,4,4,264407,21,0.1059512123465538,0.10539419949054718,0.0005570128560066223,0.0,0.05,-0.05,0
amazon-sports-and-outdoors,test,144746,5,1,26053,52517,0.17081958055496216,0.1376146823167801,0.03320489823818207,0.0,0.0,0.0,0
amazon-sports-and-outdoors,test,144746,5,2,11760,52517,0.1688285768032074,0.1442382037639618,0.024590373039245605,0.0,0.05,-0.05,0
amazon-sports-and-outdoors,test,144746,5,3,1455,52517,0.19199788570404053,0.14742042124271393,0.0445774644613266,0.0,0.1,-0.1,0
amazon-sports-and-outdoors,test,144746,5,4,10642,52517,0.1384107768535614,0.1290004551410675,0.009410321712493896,0.0,0.0,0.0,0
amazon-sports-and-outdoors,test,144746,5,5,72555,52517,0.20857559144496918,0.13007953763008118,0.078496053814888,0.0,0.05,-0.05,0
amazon-sports-and-outdoors,test,145067,6,1,15523,95598,0.10198621451854706,0.07778148353099823,0.024204730987548828,0.0,0.0,0.0,0
amazon-sports-and-outdoors,test,145067,6,2,27910,95598,0.1169910803437233,0.06732474267482758,0.04966633766889572,0.0,0.0,0.0,0
amazon-sports-and-outdoors,test,145067,6,3,27725,95598,0.07157071679830551,0.06621216982603073,0.00535854697227478,0.0,0.0,0.0,0
amazon-sports-and-outdoors,test,145067,6,4,143661,95598,0.10666771978139877,0.07974766939878464,0.026920050382614136,0.0,0.0,0.0,0
amazon-sports-and-outdoors,test,145067,6,5,243161,95598,0.11757926642894745,0.07059347629547119,0.04698579013347626,0.0,0.0,0.0,0
amazon-sports-and-outdoors,test,145067,6,6,274035,95598,0.07662142068147659,0.08724182099103928,-0.010620400309562683,0.0,0.05,-0.05,0
amazon-sports-and-outdoors,test,162568,2,1,37882,26784,0.17805573344230652,0.15502633154392242,0.023029401898384094,0.0,0.05,-0.05,0
amazon-sports-and-outdoors,test,162568,2,2,166903,26784,0.19490481913089752,0.14743606746196747,0.047468751668930054,0.0,0.0,0.0,0
amazon-sports-and-outdoors,test,174711,5,1,49152,7654,0.2186916619539261,0.12124420702457428,0.0974474549293518,0.0,0.15,-0.15,0
amazon-sports-and-outdoors,test,174711,5,2,352036,7654,0.12182553112506866,0.14601799845695496,-0.02419246733188629,1.0,0.15,0.85,0
amazon-sports-and-outdoors,test,174711,5,3,10299,7654,0.1860061138868332,0.14956429600715637,0.03644181787967682,0.0,0.15,-0.15,0
amazon-sports-and-outdoors,test,174711,5,4,287666,7654,0.14531199634075165,0.13547901809215546,0.009832978248596191,0.0,0.05,-0.05,0
amazon-sports-and-outdoors,test,174711,5,5,53353,7654,0.11212964355945587,0.1403467059135437,-0.02821706235408783,0.0,0.1,-0.1,0
amazon-sports-and-outdoors,test,177578,9,1,35315,65156,0.10711895674467087,0.1053224578499794,0.0017964988946914673,0.0,0.05,-0.05,0
amazon-sports-and-outdoors,test,177578,9,2,21928,65156,0.09871156513690948,0.08082856237888336,0.017883002758026123,1.0,0.1,0.9,0
amazon-sports-and-outdoors,test,177578,9,3,314730,65156,0.08515137434005737,0.09052535891532898,-0.0053739845752716064,1.0,0.1,0.9,0
amazon-sports-and-outdoors,test,177578,9,4,14043,65156,0.11394868791103363,0.0802496150135994,0.033699072897434235,0.0,0.2,-0.2,0
amazon-sports-and-outdoors,test,177578,9,5,153147,65156,0.08320343494415283,0.09798403084278107,-0.014780595898628235,0.0,0.0,0.0,0
amazon-sports-and-outdoors,test,177578,9,6,259572,65156,0.07352146506309509,0.08472596108913422,-0.011204496026039124,0.0,0.1,-0.1,0
amazon-sports-and-outdoors,test,177578,9,7,23106,65156,0.10499989986419678,0.08849374949932098,0.016506150364875793,0.0,0.15,-0.15,0
amazon-sports-and-outdoors,test,177578,9,8,36001,65156,0.11448363959789276,0.09170426428318024,0.022779375314712524,0.0,0.1,-0.1,0
amazon-sports-and-outdoors,test,177578,9,9,124166,65156,0.12129049003124237,0.09972445666790009,0.021566033363342285,0.0,0.2,-0.2,0
amazon-sports-and-outdoors,test,183451,15,1,129092,34500,0.16961795091629028,0.13198073208332062,0.037637218832969666,0.0,0.15,-0.15,0
amazon-sports-and-outdoors,test,183451,15,2,186254,34500,0.08248445391654968,0.15915052592754364,-0.07666607201099396,0.0,0.3,-0.3,0
amazon-sports-and-outdoors,test,183451,15,3,68140,34500,0.162197545170784,0.14080765843391418,0.021389886736869812,0.0,0.05,-0.05,0
amazon-sports-and-outdoors,test,183451,15,4,156789,34500,0.10387761890888214,0.11960349977016449,-0.01572588086128235,0.0,0.15,-0.15,0
amazon-sports-and-outdoors,test,183451,15,5,31720,34500,0.08990879356861115,0.13717584311962128,-0.04726704955101013,0.0,0.1,-0.1,0
amazon-sports-and-outdoors,test,183451,15,6,103788,34500,0.0961865708231926,0.14095215499401093,-0.04476558417081833,0.0,0.25,-0.25,0
amazon-sports-and-outdoors,test,183451,15,7,66841,34500,0.1856069415807724,0.14501047134399414,0.04059647023677826,0.0,0.2,-0.2,0
amazon-sports-and-outdoors,test,183451,15,8,33905,34500,0.10594586282968521,0.1274157166481018,-0.021469853818416595,0.0,0.3,-0.3,0
amazon-sports-and-outdoors,test,183451,15,9,210171,34500,0.16214144229888916,0.12205977737903595,0.04008166491985321,0.0,0.15,-0.15,0
amazon-sports-and-outdoors,test,183451,15,10,27834,34500,0.16573649644851685,0.14728765189647675,0.0184488445520401,0.0,0.1,-0.1,0
amazon-sports-and-outdoors,test,183451,15,11,24916,34500,0.14277322590351105,0.1431034952402115,-0.00033026933670043945,0.0,0.1,-0.1,0
amazon-sports-and-outdoors,test,183451,15,12,1279,34500,0.17251324653625488,0.14052800834178925,0.03198523819446564,0.0,0.3,-0.3,0
amazon-sports-and-outdoors,test,183451,15,13,28586,34500,0.1365608274936676,0.14025749266147614,-0.0036966651678085327,0.0,0.2,-0.2,0
amazon-sports-and-outdoors,test,183451,15,14,73909,34500,0.14139226078987122,0.1385805904865265,0.0028116703033447266,0.0,0.05,-0.05,0
amazon-sports-and-outdoors,test,183451,15,15,19154,34500,0.18475037813186646,0.13637790083885193,0.048372477293014526,0.0,0.1,-0.1,0
amazon-sports-and-outdoors,test,194616,4,1,60563,8438,0.15077418088912964,0.13678894937038422,0.013985231518745422,0.0,0.0,0.0,0
amazon-sports-and-outdoors,test,194616,4,2,200166,8438,0.1439988911151886,0.13360634446144104,0.010392546653747559,0.0,0.0,0.0,0
amazon-sports-and-outdoors,test,194616,4,3,54511,8438,0.19509494304656982,0.12207523733377457,0.07301970571279526,0.0,0.05,-0.05,0
amazon-sports-and-outdoors,test,194616,4,4,63972,8438,0.06190413981676102,0.12406527996063232,-0.06216114014387131,0.0,0.0,0.0,0
amazon-sports-and-outdoors,test,196193,34,1,38794,157078,0.12088773399591446,0.1098509281873703,0.011036805808544159,1.0,0.1,0.9,0
amazon-sports-and-outdoors,test,196193,34,2,47064,157078,0.1338396668434143,0.110369011759758,0.02347065508365631,0.0,0.1,-0.1,0
amazon-sports-and-outdoors,test,196193,34,3,65893,157078,0.16130101680755615,0.10891381651163101,0.05238720029592514,0.0,0.05,-0.05,0
amazon-sports-and-outdoors,test,196193,34,4,122941,157078,0.20019766688346863,0.10291022062301636,0.09728744626045227,0.0,0.1,-0.1,0
amazon-sports-and-outdoors,test,196193,34,5,59326,157078,0.18834573030471802,0.11558560281991959,0.07276012748479843,1.0,0.15,0.85,0
amazon-sports-and-outdoors,test,196193,34,6,252420,157078,0.09185699373483658,0.11040328443050385,-0.018546290695667267,0.0,0.1,-0.1,0
amazon-sports-and-outdoors,test,196193,34,7,35748,157078,0.129111647605896,0.10848122835159302,0.02063041925430298,1.0,0.05,0.95,0
amazon-sports-and-outdoors,test,196193,34,8,82580,157078,0.07465660572052002,0.10967862606048584,-0.03502202033996582,1.0,0.05,0.95,0
amazon-sports-and-outdoors,test,196193,34,9,204430,157078,0.15316513180732727,0.12788787484169006,0.025277256965637207,1.0,0.1,0.9,0
amazon-sports-and-outdoors,test,196193,34,10,32072,157078,0.1540488600730896,0.10947684943675995,0.04457201063632965,1.0,0.0,1.0,0
amazon-sports-and-outdoors,test,196193,34,11,12676,157078,0.10499802231788635,0.10728271305561066,-0.002284690737724304,0.0,0.1,-0.1,0
amazon-sports-and-outdoors,test,196193,34,12,82782,157078,0.09243392199277878,0.11696910858154297,-0.02453518658876419,1.0,0.05,0.95,0
amazon-sports-and-outdoors,test,196193,34,13,73774,157078,0.030660569667816162,0.10673820972442627,-0.07607764005661011,1.0,0.05,0.95,0
amazon-sports-and-outdoors,test,196193,34,14,31779,157078,0.11798439174890518,0.10477054119110107,0.013213850557804108,0.0,0.1,-0.1,0
amazon-sports-and-outdoors,test,196193,34,15,60259,157078,0.027707837522029877,0.11497534811496735,-0.08726751059293747,1.0,0.0,1.0,0
amazon-sports-and-outdoors,test,196193,34,16,10535,157078,0.1627843677997589,0.10624609142541885,0.05653827637434006,0.0,0.1,-0.1,0
amazon-sports-and-outdoors,test,196193,34,17,138432,157078,0.14382940530776978,0.10961784422397614,0.03421156108379364,0.0,0.25,-0.25,0
amazon-sports-and-outdoors,test,196193,34,18,11166,157078,0.05882689356803894,0.1181289330124855,-0.059302039444446564,1.0,0.1,0.9,0
amazon-sports-and-outdoors,test,196193,34,19,220735,157078,0.12034550309181213,0.11065831035375595,0.009687192738056183,0.0,0.05,-0.05,0
amazon-sports-and-outdoors,test,196193,34,20,25260,157078,0.10267967730760574,0.12295141071081161,-0.02027173340320587,0.0,0.05,-0.05,0
amazon-sports-and-outdoors,test,196193,34,21,55174,157078,0.09056105464696884,0.10144325345754623,-0.010882198810577393,0.0,0.05,-0.05,0
amazon-sports-and-outdoors,test,196193,34,22,65892,157078,0.07778019458055496,0.0993540808558464,-0.021573886275291443,1.0,0.2,0.8,0
amazon-sports-and-outdoors,test,196193,34,23,384922,157078,0.16315118968486786,0.10013362020254135,0.06301756948232651,0.0,0.1,-0.1,0
amazon-sports-and-outdoors,test,196193,34,24,216312,157078,0.18620747327804565,0.11180315166711807,0.07440432161092758,0.0,0.1,-0.1,0
amazon-sports-and-outdoors,test,196193,34,25,13837,157078,0.1307048350572586,0.11633098125457764,0.01437385380268097,0.0,0.1,-0.1,0
amazon-sports-and-outdoors,test,196193,34,26,36778,157078,0.14788365364074707,0.11145617067813873,0.03642748296260834,0.0,0.1,-0.1,0
amazon-sports-and-outdoors,test,196193,34,27,449,157078,0.14704293012619019,0.12645579874515533,0.02058713138103485,0.0,0.25,-0.25,0
amazon-sports-and-outdoors,test,196193,34,28,2893,157078,0.08386202156543732,0.11527185142040253,-0.03140982985496521,1.0,0.05,0.95,0
amazon-sports-and-outdoors,test,196193,34,29,14752,157078,0.12409670650959015,0.1161520853638649,0.00794462114572525,1.0,0.2,0.8,0
amazon-sports-and-outdoors,test,196193,34,30,20212,157078,0.10629068315029144,0.11464522033929825,-0.008354537189006805,0.0,0.15,-0.15,0
amazon-sports-and-outdoors,test,196193,34,31,57075,157078,0.07937312871217728,0.11124435812234879,-0.03187122941017151,1.0,0.05,0.95,0
amazon-sports-and-outdoors,test,196193,34,32,36372,157078,0.08489527553319931,0.1115003377199173,-0.026605062186717987,0.0,0.05,-0.05,0
amazon-sports-and-outdoors,test,196193,34,33,76822,157078,0.16510583460330963,0.09398477524518967,0.07112105935811996,0.0,0.25,-0.25,0
amazon-sports-and-outdoors,test,196193,34,34,199161,157078,0.10090726613998413,0.11716873943805695,-0.016261473298072815,0.0,0.2,-0.2,0
amazon-sports-and-outdoors,test,202720,2,1,392988,123091,0.03332754969596863,0.0884280800819397,-0.05510053038597107,0.0,0.0,0.0,1
amazon-sports-and-outdoors,test,202720,2,2,57556,123091,0.07414641976356506,0.08319725096225739,-0.009050831198692322,0.0,0.0,0.0,0
amazon-sports-and-outdoors,test,206577,4,1,167539,3326,0.08549655973911285,0.13850422203540802,-0.053007662296295166,0.0,0.0,0.0,0
amazon-sports-and-outdoors,test,206577,4,2,7041,3326,0.029971236363053322,0.12441116571426392,-0.0944399293512106,0.0,0.1,-0.1,0
amazon-sports-and-outdoors,test,206577,4,3,167538,3326,0.13140901923179626,0.1469772309064865,-0.015568211674690247,0.0,0.0,0.0,0
amazon-sports-and-outdoors,test,206577,4,4,8337,3326,0.07745715230703354,0.12988576292991638,-0.05242861062288284,0.0,0.0,0.0,0
amazon-sports-and-outdoors,test,206803,5,1,140748,203901,0.07302434742450714,0.07984109967947006,-0.006816752254962921,0.0,0.05,-0.05,0
amazon-sports-and-outdoors,test,206803,5,2,16253,203901,0.1059654951095581,0.08921748399734497,0.016748011112213135,0.0,0.2,-0.2,0
amazon-sports-and-outdoors,test,206803,5,3,120410,203901,0.12009322643280029,0.09043019264936447,0.02966303378343582,0.0,0.15,-0.15,0
amazon-sports-and-outdoors,test,206803,5,4,106587,203901,0.08009260892868042,0.09791742265224457,-0.017824813723564148,0.0,0.1,-0.1,0
amazon-sports-and-outdoors,test,206803,5,5,94153,203901,0.06998585164546967,0.09674765914678574,-0.02676180750131607,0.0,0.0,0.0,0
amazon-sports-and-outdoors,test,208905,6,1,29721,36662,0.17126019299030304,0.10397521406412125,0.0672849789261818,0.0,0.05,-0.05,0
amazon-sports-and-outdoors,test,208905,6,2,40874,36662,0.0977596640586853,0.12011496722698212,-0.022355303168296814,0.0,0.0,0.0,0
amazon-sports-and-outdoors,test,208905,6,3,67276,36662,0.04300045967102051,0.13096199929714203,-0.08796153962612152,0.0,0.05,-0.05,0
amazon-sports-and-outdoors,test,208905,6,4,6634,36662,0.13358470797538757,0.12488500028848648,0.008699707686901093,0.0,0.0,0.0,0
amazon-sports-and-outdoors,test,208905,6,5,33475,36662,0.11362439393997192,0.10283996909856796,0.010784424841403961,0.0,0.0,0.0,0
amazon-sports-and-outdoors,test,208905,6,6,14684,36662,0.37470579147338867,0.101204514503479,0.27350127696990967,1.0,0.0,1.0,0
amazon-sports-and-outdoors,test,223232,4,1,8773,49979,0.07450979948043823,0.09743566811084747,-0.02292586863040924,0.0,0.1,-0.1,0
amazon-sports-and-outdoors,test,223232,4,2,2544,49979,0.0417482890188694,0.08522961288690567,-0.04348132386803627,0.0,0.15,-0.15,0
amazon-sports-and-outdoors,test,223232,4,3,50926,49979,0.03593120351433754,0.08873668313026428,-0.05280547961592674,1.0,0.2,0.8,0
amazon-sports-and-outdoors,test,223232,4,4,137507,49979,0.15527646243572235,0.09250001609325409,0.06277644634246826,0.0,0.1,-0.1,0
amazon-sports-and-outdoors,test,223775,3,1,380425,380425,1.0,0.082731232047081,0.917268767952919,1.0,0.0,1.0,1
amazon-sports-and-outdoors,test,223775,3,2,121330,380425,0.08241439610719681,0.06972895562648773,0.012685440480709076,0.0,0.05,-0.05,0
amazon-sports-and-outdoors,test,223775,3,3,121330,380425,0.08241439610719681,0.08800645172595978,-0.00559205561876297,0.0,0.0,0.0,0
amazon-sports-and-outdoors,test,230626,4,1,11757,35981,0.18542513251304626,0.15320785343647003,0.03221727907657623,0.0,0.25,-0.25,0
amazon-sports-and-outdoors,test,230626,4,2,139724,35981,0.17502829432487488,0.15496595203876495,0.020062342286109924,0.0,0.2,-0.2,0
amazon-sports-and-outdoors,test,230626,4,3,314970,35981,0.14598806202411652,0.13177534937858582,0.0142127126455307,0.0,0.1,-0.1,0
amazon-sports-and-outdoors,test,230626,4,4,1529,35981,0.23870274424552917,0.1697220355272293,0.06898070871829987,0.0,0.05,-0.05,0
amazon-sports-and-outdoors,test,235158,23,1,180408,55058,0.09397280216217041,0.09807734191417694,-0.004104539752006531,0.0,0.1,-0.1,0
amazon-sports-and-outdoors,test,235158,23,2,114155,55058,0.12983673810958862,0.08249777555465698,0.04733896255493164,0.0,0.1,-0.1,0
amazon-sports-and-outdoors,test,235158,23,3,180408,55058,0.09397280216217041,0.1031547337770462,-0.009181931614875793,0.0,0.1,-0.1,0
amazon-sports-and-outdoors,test,235158,23,4,15831,55058,0.15198710560798645,0.09200925379991531,0.059977851808071136,0.0,0.2,-0.2,0
amazon-sports-and-outdoors,test,235158,23,5,29607,55058,0.14735789597034454,0.10012169927358627,0.04723619669675827,0.0,0.0,0.0,0
amazon-sports-and-outdoors,test,235158,23,6,66447,55058,0.07672207057476044,0.10352621972560883,-0.02680414915084839,0.0,0.0,0.0,0
amazon-sports-and-outdoors,test,235158,23,7,351834,55058,0.09292279928922653,0.07653408497571945,0.01638871431350708,0.0,0.1,-0.1,0
amazon-sports-and-outdoors,test,235158,23,8,10450,55058,0.057215843349695206,0.08524036407470703,-0.028024520725011826,0.0,0.15,-0.15,0
amazon-sports-and-outdoors,test,235158,23,9,10661,55058,0.12152911722660065,0.09387160837650299,0.027657508850097656,0.0,0.15,-0.15,0
amazon-sports-and-outdoors,test,235158,23,10,23119,55058,0.036202430725097656,0.08984405547380447,-0.05364162474870682,0.0,0.15,-0.15,0
amazon-sports-and-outdoors,test,235158,23,11,82866,55058,0.1237846165895462,0.08742384612560272,0.03636077046394348,0.0,0.1,-0.1,0
amazon-sports-and-outdoors,test,235158,23,12,167830,55058,0.07419291138648987,0.09805256128311157,-0.023859649896621704,0.0,0.0,0.0,0
amazon-sports-and-outdoors,test,235158,23,13,386562,55058,0.09173143655061722,0.1003609299659729,-0.008629493415355682,0.0,0.25,-0.25,0
amazon-sports-and-outdoors,test,235158,23,14,9575,55058,0.10042279958724976,0.10105322301387787,-0.0006304234266281128,0.0,0.15,-0.15,0
amazon-sports-and-outdoors,test,235158,23,15,3841,55058,0.1105063259601593,0.08258386701345444,0.027922458946704865,0.0,0.25,-0.25,0
amazon-sports-and-outdoors,test,235158,23,16,3839,55058,0.08574683964252472,0.0922979861497879,-0.006551146507263184,0.0,0.1,-0.1,0
amazon-sports-and-outdoors,test,235158,23,17,47239,55058,0.09737809002399445,0.10780180990695953,-0.010423719882965088,0.0,0.05,-0.05,0
amazon-sports-and-outdoors,test,235158,23,18,132993,55058,0.10360655188560486,0.08887214213609695,0.014734409749507904,0.0,0.05,-0.05,0
amazon-sports-and-outdoors,test,235158,23,19,186018,55058,0.1209741085767746,0.09908878803253174,0.02188532054424286,1.0,0.15,0.85,0
amazon-sports-and-outdoors,test,235158,23,20,48706,55058,0.09956014156341553,0.0967521220445633,0.002808019518852234,0.0,0.05,-0.05,0
amazon-sports-and-outdoors,test,235158,23,21,38482,55058,0.08752840757369995,0.08968658000230789,-0.0021581724286079407,0.0,0.25,-0.25,0
amazon-sports-and-outdoors,test,235158,23,22,201622,55058,0.031493134796619415,0.0978752076625824,-0.06638207286596298,1.0,0.3,0.7,0
amazon-sports-and-outdoors,test,235158,23,23,10575,55058,0.07188282907009125,0.09840591251850128,-0.026523083448410034,1.0,0.0,1.0,0
amazon-sports-and-outdoors,test,240076,11,1,174184,10249,0.14265933632850647,0.14048174023628235,0.002177596092224121,1.0,0.2,0.8,0
amazon-sports-and-outdoors,test,240076,11,2,14797,10249,0.26486650109291077,0.13068142533302307,0.1341850757598877,1.0,0.0,1.0,0
amazon-sports-and-outdoors,test,240076,11,3,39300,10249,0.2527602016925812,0.1624159812927246,0.09034422039985657,1.0,0.1,0.9,0
amazon-sports-and-outdoors,test,240076,11,4,75514,10249,0.130330428481102,0.11786766350269318,0.012462764978408813,0.0,0.05,-0.05,0
amazon-sports-and-outdoors,test,240076,11,5,5761,10249,0.24589313566684723,0.14327093958854675,0.10262219607830048,1.0,0.15,0.85,0
amazon-sports-and-outdoors,test,240076,11,6,32715,10249,0.12522244453430176,0.11965291202068329,0.005569532513618469,0.0,0.05,-0.05,0
amazon-sports-and-outdoors,test,240076,11,7,7836,10249,0.18079987168312073,0.10748155415058136,0.07331831753253937,0.0,0.05,-0.05,0
amazon-sports-and-outdoors,test,240076,11,8,35317,10249,0.3466448187828064,0.1269458830356598,0.2196989357471466,0.0,0.0,0.0,0
amazon-sports-and-outdoors,test,240076,11,9,72548,10249,0.22082524001598358,0.13870084285736084,0.08212439715862274,1.0,0.15,0.85,0
amazon-sports-and-outdoors,test,240076,11,10,70559,10249,0.08782978355884552,0.1423555463552475,-0.05452576279640198,1.0,0.05,0.95,0
amazon-sports-and-outdoors,test,240076,11,11,19337,10249,0.07586503773927689,0.15896281599998474,-0.08309777826070786,0.0,0.1,-0.1,0
amazon-sports-and-outdoors,test,241767,4,1,60552,18001,0.2273148000240326,0.13835470378398895,0.08896009624004364,0.0,0.0,0.0,0
amazon-sports-and-outdoors,test,241767,4,2,31740,18001,0.1369953155517578,0.15377971529960632,-0.01678439974784851,0.0,0.0,0.0,0
amazon-sports-and-outdoors,test,241767,4,3,1269,18001,0.3722410202026367,0.12710417807102203,0.24513684213161469,1.0,0.0,1.0,0
amazon-sports-and-outdoors,test,241767,4,4,2373,18001,0.1346682459115982,0.13753853738307953,-0.0028702914714813232,0.0,0.0,0.0,0
amazon-sports-and-outdoors,test,253892,5,1,2924,250997,0.1631874144077301,0.12776075303554535,0.03542666137218475,0.0,0.0,0.0,0
amazon-sports-and-outdoors,test,253892,5,2,20873,250997,0.14342884719371796,0.10213269293308258,0.041296154260635376,0.0,0.0,0.0,0
amazon-sports-and-outdoors,test,253892,5,3,26061,250997,0.10206645727157593,0.1090194433927536,-0.006952986121177673,0.0,0.0,0.0,0
amazon-sports-and-outdoors,test,253892,5,4,32839,250997,0.21234115958213806,0.11086580902338028,0.10147535055875778,0.0,0.0,0.0,0
amazon-sports-and-outdoors,test,253892,5,5,283828,250997,0.0962815135717392,0.11418972164392471,-0.017908208072185516,0.0,0.15,-0.15,0
amazon-sports-and-outdoors,test,260451,12,1,3881,20457,0.11865916848182678,0.16876673698425293,-0.05010756850242615,0.0,0.05,-0.05,0
amazon-sports-and-outdoors,test,260451,12,2,19213,20457,0.23952525854110718,0.1887664496898651,0.050758808851242065,0.0,0.1,-0.1,0
amazon-sports-and-outdoors,test,260451,12,3,65477,20457,0.22575238347053528,0.1589766889810562,0.06677569448947906,0.0,0.1,-0.1,0
amazon-sports-and-outdoors,test,260451,12,4,58456,20457,0.17721055448055267,0.18381640315055847,-0.006605848670005798,0.0,0.0,0.0,0
amazon-sports-and-outdoors,test,260451,12,5,78988,20457,0.20541635155677795,0.15216854214668274,0.053247809410095215,0.0,0.0,0.0,0
amazon-sports-and-outdoors,test,260451,12,6,11694,20457,0.2244621068239212,0.17197321355342865,0.052488893270492554,0.0,0.0,0.0,0
amazon-sports-and-outdoors,test,260451,12,7,7615,20457,0.21941474080085754,0.15817055106163025,0.061244189739227295,0.0,0.0,0.0,0
amazon-sports-and-outdoors,test,260451,12,8,45608,20457,0.17597264051437378,0.17618754506111145,-0.0002149045467376709,0.0,0.0,0.0,0
amazon-sports-and-outdoors,test,260451,12,9,36428,20457,0.22096537053585052,0.1682431399822235,0.052722230553627014,0.0,0.1,-0.1,0
amazon-sports-and-outdoors,test,260451,12,10,13188,20457,0.22261297702789307,0.16286563873291016,0.05974733829498291,1.0,0.0,1.0,0
amazon-sports-and-outdoors,test,260451,12,11,36329,20457,0.15401071310043335,0.1505970060825348,0.0034137070178985596,0.0,0.05,-0.05,0
amazon-sports-and-outdoors,test,260451,12,12,4953,20457,0.19894184172153473,0.1565912663936615,0.04235057532787323,0.0,0.05,-0.05,0
amazon-sports-and-outdoors,test,262541,4,1,30517,379578,0.17251306772232056,0.15998056530952454,0.01253250241279602,0.0,0.05,-0.05,0
amazon-sports-and-outdoors,test,262541,4,2,17335,379578,0.1619684398174286,0.1483510136604309,0.01361742615699768,0.0,0.05,-0.05,0
amazon-sports-and-outdoors,test,262541,4,3,24964,379578,0.2047603875398636,0.11735516786575317,0.08740521967411041,0.0,0.0,0.0,0
amazon-sports-and-outdoors,test,262541,4,4,289541,379578,0.10559962689876556,0.11432129144668579,-0.008721664547920227,0.0,0.0,0.0,0
amazon-sports-and-outdoors,test,263946,5,1,23046,62551,0.14137084782123566,0.1425067037343979,-0.0011358559131622314,0.0,0.1,-0.1,0
amazon-sports-and-outdoors,test,263946,5,2,1379,62551,0.12374140322208405,0.12462840229272842,-0.0008869990706443787,0.0,0.05,-0.05,0
amazon-sports-and-outdoors,test,263946,5,3,146523,62551,0.1329396516084671,0.15628203749656677,-0.02334238588809967,0.0,0.05,-0.05,0
amazon-sports-and-outdoors,test,263946,5,4,44041,62551,0.09850543737411499,0.13921315968036652,-0.040707722306251526,0.0,0.0,0.0,0
amazon-sports-and-outdoors,test,263946,5,5,169044,62551,0.10389429330825806,0.16919657588005066,-0.0653022825717926,0.0,0.15,-0.15,0
amazon-sports-and-outdoors,test,264549,5,1,39197,15835,0.13975806534290314,0.18479786813259125,-0.04503980278968811,0.0,0.15,-0.15,0
amazon-sports-and-outdoors,test,264549,5,2,82997,15835,0.22207137942314148,0.17071989178657532,0.05135148763656616,0.0,0.25,-0.25,0
amazon-sports-and-outdoors,test,264549,5,3,188694,15835,0.19701871275901794,0.1440093070268631,0.053009405732154846,1.0,0.05,0.95,0
amazon-sports-and-outdoors,test,264549,5,4,90693,15835,0.1836497187614441,0.18208688497543335,0.0015628337860107422,0.0,0.05,-0.05,0
amazon-sports-and-outdoors,test,264549,5,5,266326,15835,0.15171310305595398,0.17638057470321655,-0.024667471647262573,0.0,0.0,0.0,0
amazon-sports-and-outdoors,test,276948,5,1,115483,115688,0.16605523228645325,0.13737106323242188,0.028684169054031372,1.0,0.05,0.95,0
amazon-sports-and-outdoors,test,276948,5,2,189227,115688,0.1682426780462265,0.1462717056274414,0.021970972418785095,0.0,0.0,0.0,0
amazon-sports-and-outdoors,test,276948,5,3,114413,115688,0.2885553240776062,0.14745567739009857,0.14109964668750763,0.0,0.15,-0.15,0
amazon-sports-and-outdoors,test,276948,5,4,130945,115688,0.16960768401622772,0.14479927718639374,0.024808406829833984,0.0,0.4,-0.4,0
amazon-sports-and-outdoors,test,276948,5,5,273601,115688,0.1215200424194336,0.1533852517604828,-0.031865209341049194,0.0,0.2,-0.2,0
amazon-sports-and-outdoors,test,282344,5,1,31101,7654,0.19453276693820953,0.12385646998882294,0.0706762969493866,1.0,0.15,0.85,0
amazon-sports-and-outdoors,test,282344,5,2,1190,7654,0.18687233328819275,0.12920807301998138,0.057664260268211365,1.0,0.35,0.65,0
amazon-sports-and-outdoors,test,282344,5,3,10178,7654,0.08493005484342575,0.12847799062728882,-0.04354793578386307,0.0,0.15,-0.15,0
amazon-sports-and-outdoors,test,282344,5,4,1427,7654,0.2030896693468094,0.1281636506319046,0.07492601871490479,1.0,0.25,0.75,0
amazon-sports-and-outdoors,test,282344,5,5,36449,7654,0.16165411472320557,0.13531184196472168,0.026342272758483887,0.0,0.1,-0.1,0
amazon-sports-and-outdoors,test,288285,17,1,346449,12041,0.26586589217185974,0.16927766799926758,0.09658822417259216,0.0,0.05,-0.05,0
amazon-sports-and-outdoors,test,288285,17,2,327849,12041,0.13045009970664978,0.1261037290096283,0.004346370697021484,0.0,0.0,0.0,0
amazon-sports-and-outdoors,test,288285,17,3,306058,12041,0.05591382831335068,0.14195555448532104,-0.08604172617197037,0.0,0.0,0.0,0
amazon-sports-and-outdoors,test,288285,17,4,39872,12041,0.1767948716878891,0.15989896655082703,0.016895905137062073,0.0,0.0,0.0,0
amazon-sports-and-outdoors,test,288285,17,5,70958,12041,0.199838325381279,0.13197550177574158,0.06786282360553741,0.0,0.0,0.0,0
amazon-sports-and-outdoors,test,288285,17,6,111853,12041,0.20106980204582214,0.14460065960884094,0.0564691424369812,0.0,0.1,-0.1,0
amazon-sports-and-outdoors,test,288285,17,7,174212,12041,0.18288250267505646,0.143275648355484,0.03960685431957245,0.0,0.0,0.0,0
amazon-sports-and-outdoors,test,288285,17,8,70550,12041,0.2098691314458847,0.16863249242305756,0.04123663902282715,0.0,0.0,0.0,0
amazon-sports-and-outdoors,test,288285,17,9,60310,12041,0.21992459893226624,0.17158213257789612,0.04834246635437012,0.0,0.05,-0.05,0
amazon-sports-and-outdoors,test,288285,17,10,157334,12041,0.27714914083480835,0.15172965824604034,0.125419482588768,0.0,0.0,0.0,0
amazon-sports-and-outdoors,test,288285,17,11,112951,12041,0.19329571723937988,0.1791023313999176,0.01419338583946228,0.0,0.0,0.0,0
amazon-sports-and-outdoors,test,288285,17,12,346448,12041,0.11003738641738892,0.1340530812740326,-0.024015694856643677,0.0,0.0,0.0,0
amazon-sports-and-outdoors,test,288285,17,13,289196,12041,0.17944657802581787,0.12226180732250214,0.057184770703315735,0.0,0.0,0.0,0
amazon-sports-and-outdoors,test,288285,17,14,314388,12041,0.31295305490493774,0.16651415824890137,0.14643889665603638,0.0,0.05,-0.05,0
amazon-sports-and-outdoors,test,288285,17,15,29264,12041,0.18832387030124664,0.1700962632894516,0.018227607011795044,0.0,0.0,0.0,0
amazon-sports-and-outdoors,test,288285,17,16,190391,12041,0.17645087838172913,0.1541978418827057,0.022253036499023438,0.0,0.1,-0.1,0
amazon-sports-and-outdoors,test,288285,17,17,270056,12041,0.17493462562561035,0.13619808852672577,0.03873653709888458,0.0,0.0,0.0,0
amazon-sports-and-outdoors,test,294805,4,1,164360,14411,0.06153953820466995,0.10604007542133331,-0.04450053721666336,0.0,0.15,-0.15,0
amazon-sports-and-outdoors,test,294805,4,2,11063,14411,0.898991584777832,0.11796693503856659,0.7810246497392654,1.0,0.1,0.9,0
amazon-sports-and-outdoors,test,294805,4,3,2656,14411,0.17818304896354675,0.10860693454742432,0.06957611441612244,0.0,0.05,-0.05,0
amazon-sports-and-outdoors,test,294805,4,4,83861,14411,0.13077270984649658,0.13648630678653717,-0.005713596940040588,0.0,0.1,-0.1,0
amazon-sports-and-outdoors,test,303178,5,1,15651,157761,0.18408668041229248,0.1637864112854004,0.02030026912689209,0.0,0.0,0.0,0
amazon-sports-and-outdoors,test,303178,5,2,1019,157761,0.18440404534339905,0.15524587035179138,0.029158174991607666,0.0,0.0,0.0,0
amazon-sports-and-outdoors,test,303178,5,3,264361,157761,0.24831870198249817,0.16421931982040405,0.08409938216209412,0.0,0.0,0.0,0
amazon-sports-and-outdoors,test,303178,5,4,11841,157761,0.21140536665916443,0.18028920888900757,0.03111615777015686,0.0,0.05,-0.05,0
amazon-sports-and-outdoors,test,303178,5,5,9303,157761,0.17906025052070618,0.1574670374393463,0.021593213081359863,0.0,0.0,0.0,0
amazon-sports-and-outdoors,test,308874,4,1,34953,52484,0.1174815371632576,0.1384449601173401,-0.02096342295408249,0.0,0.05,-0.05,0
amazon-sports-and-outdoors,test,308874,4,2,32060,52484,0.10828668624162674,0.13122685253620148,-0.022940166294574738,0.0,0.05,-0.05,0
amazon-sports-and-outdoors,test,308874,4,3,35906,52484,0.2644660472869873,0.11771614849567413,0.14674989879131317,0.0,0.0,0.0,0
amazon-sports-and-outdoors,test,308874,4,4,57569,52484,0.13216771185398102,0.15468397736549377,-0.022516265511512756,0.0,0.1,-0.1,0
amazon-sports-and-outdoors,test,320808,4,1,44823,18202,0.14959827065467834,0.1350654512643814,0.014532819390296936,1.0,0.15,0.85,0
amazon-sports-and-outdoors,test,320808,4,2,63435,18202,0.17272192239761353,0.1677429974079132,0.004978924989700317,0.0,0.2,-0.2,0
amazon-sports-and-outdoors,test,320808,4,3,7067,18202,0.05570439621806145,0.1552967131137848,-0.09959231689572334,0.0,0.05,-0.05,0
amazon-sports-and-outdoors,test,320808,4,4,127340,18202,0.09297583997249603,0.1343168467283249,-0.04134100675582886,0.0,0.05,-0.05,0
amazon-sports-and-outdoors,test,325737,11,1,25046,25046,1.0,0.1596556305885315,0.8403443694114685,1.0,0.15,0.85,0
amazon-sports-and-outdoors,test,325737,11,2,35132,25046,0.13726845383644104,0.1505136340856552,-0.013245180249214172,0.0,0.05,-0.05,0
amazon-sports-and-outdoors,test,325737,11,3,35132,25046,0.13726845383644104,0.14938615262508392,-0.012117698788642883,0.0,0.0,0.0,0
amazon-sports-and-outdoors,test,325737,11,4,3476,25046,0.15371373295783997,0.13513608276844025,0.01857765018939972,0.0,0.0,0.0,0
amazon-sports-and-outdoors,test,325737,11,5,3476,25046,0.15371373295783997,0.13879097998142242,0.014922752976417542,0.0,0.05,-0.05,0
amazon-sports-and-outdoors,test,325737,11,6,201667,25046,0.1547200232744217,0.1277949959039688,0.02692502737045288,0.0,0.0,0.0,0
amazon-sports-and-outdoors,test,325737,11,7,201667,25046,0.1547200232744217,0.13542620837688446,0.01929381489753723,0.0,0.0,0.0,0
amazon-sports-and-outdoors,test,325737,11,8,8679,25046,0.10466418415307999,0.14856436848640442,-0.04390018433332443,0.0,0.0,0.0,0
amazon-sports-and-outdoors,test,325737,11,9,8679,25046,0.10466418415307999,0.1396905481815338,-0.03502636402845383,0.0,0.0,0.0,0
amazon-sports-and-outdoors,test,325737,11,10,2778,25046,0.12959127128124237,0.1428661346435547,-0.013274863362312317,0.0,0.0,0.0,0
amazon-sports-and-outdoors,test,325737,11,11,2778,25046,0.12959127128124237,0.13921068608760834,-0.009619414806365967,0.0,0.0,0.0,0
amazon-sports-and-outdoors,test,325831,5,1,239569,1319,0.11880214512348175,0.14591577649116516,-0.02711363136768341,0.0,0.05,-0.05,0
amazon-sports-and-outdoors,test,325831,5,2,183044,1319,0.1558452844619751,0.15510405600070953,0.000741228461265564,0.0,0.05,-0.05,0
amazon-sports-and-outdoors,test,325831,5,3,208536,1319,0.18242044746875763,0.13126897811889648,0.051151469349861145,0.0,0.05,-0.05,0
amazon-sports-and-outdoors,test,325831,5,4,75404,1319,0.10225149989128113,0.14822505414485931,-0.045973554253578186,0.0,0.05,-0.05,0
amazon-sports-and-outdoors,test,325831,5,5,139718,1319,0.24501992762088776,0.14610378444194794,0.09891614317893982,0.0,0.1,-0.1,0
amazon-sports-and-outdoors,test,326374,3,1,25379,246352,0.20613540709018707,0.1222824901342392,0.08385291695594788,0.0,0.1,-0.1,0
amazon-sports-and-outdoors,test,326374,3,2,3276,246352,0.11228092014789581,0.12042494863271713,-0.00814402848482132,0.0,0.05,-0.05,0
amazon-sports-and-outdoors,test,326374,3,3,18403,246352,0.07733892649412155,0.14332517981529236,-0.0659862533211708,0.0,0.05,-0.05,0
amazon-sports-and-outdoors,test,327377,21,1,17079,279082,0.18995630741119385,0.1584441363811493,0.031512171030044556,0.0,0.05,-0.05,0
amazon-sports-and-outdoors,test,327377,21,2,86808,279082,0.10617229342460632,0.15537166595458984,-0.04919937252998352,0.0,0.1,-0.1,0
amazon-sports-and-outdoors,test,327377,21,3,145793,279082,0.14836134016513824,0.14335522055625916,0.005006119608879089,0.0,0.0,0.0,0
amazon-sports-and-outdoors,test,327377,21,4,41336,279082,0.11849967390298843,0.12832807004451752,-0.009828396141529083,0.0,0.1,-0.1,0
amazon-sports-and-outdoors,test,327377,21,5,61182,279082,0.101242795586586,0.1299382746219635,-0.028695479035377502,0.0,0.0,0.0,0
amazon-sports-and-outdoors,test,327377,21,6,42563,279082,0.07592388242483139,0.15398095548152924,-0.07805707305669785,0.0,0.0,0.0,0
amazon-sports-and-outdoors,test,327377,21,7,72952,279082,0.14845265448093414,0.1302918791770935,0.018160775303840637,0.0,0.05,-0.05,0
amazon-sports-and-outdoors,test,327377,21,8,35722,279082,0.2167358696460724,0.13522078096866608,0.08151508867740631,0.0,0.0,0.0,0
amazon-sports-and-outdoors,test,327377,21,9,15553,279082,0.1307038813829422,0.12077343463897705,0.009930446743965149,0.0,0.0,0.0,0
amazon-sports-and-outdoors,test,327377,21,10,29649,279082,0.2139512598514557,0.13925376534461975,0.07469749450683594,0.0,0.0,0.0,0
amazon-sports-and-outdoors,test,327377,21,11,84314,279082,0.1741335093975067,0.13627532124519348,0.03785818815231323,0.0,0.0,0.0,0
amazon-sports-and-outdoors,test,327377,21,12,11667,279082,0.15423068404197693,0.12995943427085876,0.024271249771118164,0.0,0.0,0.0,0
amazon-sports-and-outdoors,test,327377,21,13,4717,279082,0.1962457001209259,0.1448298543691635,0.05141584575176239,0.0,0.05,-0.05,0
amazon-sports-and-outdoors,test,327377,21,14,27892,279082,0.09263628721237183,0.12765498459339142,-0.03501869738101959,0.0,0.0,0.0,0
amazon-sports-and-outdoors,test,327377,21,15,56254,279082,0.15620316565036774,0.14256873726844788,0.01363442838191986,0.0,0.0,0.0,0
amazon-sports-and-outdoors,test,327377,21,16,9392,279082,0.19392129778862,0.15466701984405518,0.03925427794456482,0.0,0.05,-0.05,0
amazon-sports-and-outdoors,test,327377,21,17,213490,279082,0.09647645056247711,0.13949927687644958,-0.04302282631397247,0.0,0.0,0.0,0
amazon-sports-and-outdoors,test,327377,21,18,38768,279082,0.08173903077840805,0.13704252243041992,-0.05530349165201187,0.0,0.1,-0.1,0
amazon-sports-and-outdoors,test,327377,21,19,13367,279082,0.12280234694480896,0.1381414234638214,-0.015339076519012451,0.0,0.0,0.0,0
amazon-sports-and-outdoors,test,327377,21,20,2093,279082,0.19358807802200317,0.12454695999622345,0.06904111802577972,0.0,0.0,0.0,0
amazon-sports-and-outdoors,test,327377,21,21,349861,279082,0.11102020740509033,0.14374271035194397,-0.03272250294685364,0.0,0.1,-0.1,0
amazon-sports-and-outdoors,test,329362,3,1,101463,11932,0.047958776354789734,0.1091921478509903,-0.06123337149620056,0.0,0.05,-0.05,1
amazon-sports-and-outdoors,test,329362,3,2,14380,11932,0.12715944647789001,0.10230390727519989,0.024855539202690125,0.0,0.25,-0.25,0
amazon-sports-and-outdoors,test,329362,3,3,317930,11932,0.1047111302614212,0.1096312552690506,-0.0049201250076293945,0.0,0.05,-0.05,0
amazon-sports-and-outdoors,test,338025,13,1,40047,132608,0.12318941950798035,0.11944757401943207,0.003741845488548279,0.0,0.15,-0.15,0
amazon-sports-and-outdoors,test,338025,13,2,71435,132608,0.12253246456384659,0.12539668381214142,-0.0028642192482948303,0.0,0.05,-0.05,0
amazon-sports-and-outdoors,test,338025,13,3,160377,132608,0.06874705851078033,0.11404858529567719,-0.04530152678489685,0.0,0.1,-0.1,0
amazon-sports-and-outdoors,test,338025,13,4,36911,132608,0.17347942292690277,0.11030405759811401,0.06317536532878876,0.0,0.15,-0.15,0
amazon-sports-and-outdoors,test,338025,13,5,8054,132608,0.12277261912822723,0.11384828388690948,0.008924335241317749,0.0,0.0,0.0,0
amazon-sports-and-outdoors,test,338025,13,6,10845,132608,0.10084758698940277,0.12607792019844055,-0.02523033320903778,0.0,0.0,0.0,0
amazon-sports-and-outdoors,test,338025,13,7,290085,132608,0.06605285406112671,0.10069875419139862,-0.03464590013027191,0.0,0.05,-0.05,0
amazon-sports-and-outdoors,test,338025,13,8,36647,132608,0.1314602792263031,0.12088527530431747,0.010575003921985626,0.0,0.05,-0.05,0
amazon-sports-and-outdoors,test,338025,13,9,51081,132608,0.15560288727283478,0.12952996790409088,0.026072919368743896,0.0,0.05,-0.05,0
amazon-sports-and-outdoors,test,338025,13,10,53679,132608,0.11244363337755203,0.11061619222164154,0.001827441155910492,0.0,0.15,-0.15,0
amazon-sports-and-outdoors,test,338025,13,11,163226,132608,0.13548696041107178,0.10932596027851105,0.02616100013256073,0.0,0.15,-0.15,0
amazon-sports-and-outdoors,test,338025,13,12,15573,132608,0.07797954231500626,0.1274782121181488,-0.04949866980314255,0.0,0.1,-0.1,0
amazon-sports-and-outdoors,test,338025,13,13,119921,132608,0.1075703352689743,0.11356059461832047,-0.005990259349346161,0.0,0.15,-0.15,0
amazon-sports-and-outdoors,test,340342,3,1,49980,263403,0.1529410481452942,0.09939797222614288,0.053543075919151306,0.0,0.1,-0.1,0
amazon-sports-and-outdoors,test,340342,3,2,11319,263403,0.1973499357700348,0.0835341140627861,0.11381582170724869,1.0,0.05,0.95,0
amazon-sports-and-outdoors,test,340342,3,3,10875,263403,0.1202700212597847,0.10560234636068344,0.014667674899101257,0.0,0.0,0.0,0
amazon-sports-and-outdoors,test,347754,11,1,15506,3906,0.1250152587890625,0.11276955902576447,0.012245699763298035,0.0,0.05,-0.05,0
amazon-sports-and-outdoors,test,347754,11,2,14609,3906,0.1138390600681305,0.1230301484465599,-0.009191088378429413,0.0,0.05,-0.05,0
amazon-sports-and-outdoors,test,347754,11,3,39414,3906,0.06697246432304382,0.11653520911931992,-0.04956274479627609,0.0,0.0,0.0,0
amazon-sports-and-outdoors,test,347754,11,4,1648,3906,0.11543551087379456,0.11058863252401352,0.004846878349781036,0.0,0.0,0.0,0
amazon-sports-and-outdoors,test,347754,11,5,257178,3906,0.1361176073551178,0.10490623861551285,0.03121136873960495,0.0,0.05,-0.05,0
amazon-sports-and-outdoors,test,347754,11,6,102506,3906,0.16662433743476868,0.10270265489816666,0.06392168253660202,0.0,0.0,0.0,0
amazon-sports-and-outdoors,test,347754,11,7,160114,3906,0.13698475062847137,0.10094521194696426,0.03603953868150711,0.0,0.05,-0.05,0
amazon-sports-and-outdoors,test,347754,11,8,28290,3906,0.2615015208721161,0.11498737335205078,0.1465141475200653,0.0,0.0,0.0,0
amazon-sports-and-outdoors,test,347754,11,9,90493,3906,0.1635092943906784,0.15040847659111023,0.013100817799568176,0.0,0.15,-0.15,0
amazon-sports-and-outdoors,test,347754,11,10,75173,3906,0.2003515064716339,0.10939894616603851,0.0909525603055954,0.0,0.0,0.0,0
amazon-sports-and-outdoors,test,347754,11,11,78767,3906,0.07292556762695312,0.1339818686246872,-0.06105630099773407,0.0,0.1,-0.1,0
amazon-sports-and-outdoors,test,351184,3,1,683,197737,0.11216486245393753,0.0814337208867073,0.030731141567230225,0.0,0.05,-0.05,0
amazon-sports-and-outdoors,test,351184,3,2,2539,197737,0.08183498680591583,0.09297525882720947,-0.01114027202129364,0.0,0.15,-0.15,0
amazon-sports-and-outdoors,test,351184,3,3,196129,197737,0.16386838257312775,0.08079703897237778,0.08307134360074997,0.0,0.0,0.0,0
amazon-sports-and-outdoors,test,352593,5,1,244758,244759,0.12622646987438202,0.1273151934146881,-0.0010887235403060913,0.0,0.15,-0.15,1
amazon-sports-and-outdoors,test,352593,5,2,66077,244759,0.2872146666049957,0.12346526235342026,0.16374940425157547,0.0,0.25,-0.25,0
amazon-sports-and-outdoors,test,352593,5,3,29601,244759,0.15991435945034027,0.1301463395357132,0.029768019914627075,0.0,0.05,-0.05,0
amazon-sports-and-outdoors,test,352593,5,4,43467,244759,0.08926579356193542,0.12514172494411469,-0.03587593138217926,0.0,0.15,-0.15,0
amazon-sports-and-outdoors,test,352593,5,5,19072,244759,0.14267897605895996,0.12119735777378082,0.021481618285179138,0.0,0.15,-0.15,0
amazon-sports-and-outdoors,test,355113,4,1,103379,266848,0.060537189245224,0.13285911083221436,-0.07232192158699036,0.0,0.05,-0.05,0
amazon-sports-and-outdoors,test,355113,4,2,154440,266848,0.06822778284549713,0.12819550931453705,-0.05996772646903992,0.0,0.0,0.0,0
amazon-sports-and-outdoors,test,355113,4,3,396371,266848,0.17313659191131592,0.14016945660114288,0.032967135310173035,0.0,0.05,-0.05,0
amazon-sports-and-outdoors,test,355113,4,4,38637,266848,0.11071908473968506,0.15021958947181702,-0.03950050473213196,0.0,0.1,-0.1,0
amazon-sports-and-outdoors,test,357431,17,1,63878,29956,0.07800352573394775,0.14361882209777832,-0.06561529636383057,0.0,0.1,-0.1,0
amazon-sports-and-outdoors,test,357431,17,2,57447,29956,0.1307571828365326,0.16871866583824158,-0.037961483001708984,0.0,0.05,-0.05,0
amazon-sports-and-outdoors,test,357431,17,3,44056,29956,0.10063689947128296,0.13446162641048431,-0.033824726939201355,0.0,0.0,0.0,0
amazon-sports-and-outdoors,test,357431,17,4,205256,29956,0.1421743482351303,0.13768772780895233,0.0044866204261779785,0.0,0.05,-0.05,0
amazon-sports-and-outdoors,test,357431,17,5,7659,29956,0.18287259340286255,0.13933929800987244,0.04353329539299011,0.0,0.05,-0.05,0
amazon-sports-and-outdoors,test,357431,17,6,99311,29956,0.09224134683609009,0.12534639239311218,-0.033105045557022095,0.0,0.0,0.0,0
amazon-sports-and-outdoors,test,357431,17,7,21665,29956,0.18108722567558289,0.1431831419467926,0.03790408372879028,0.0,0.05,-0.05,0
amazon-sports-and-outdoors,test,357431,17,8,449,29956,0.13310310244560242,0.14829112589359283,-0.015188023447990417,0.0,0.05,-0.05,0
amazon-sports-and-outdoors,test,357431,17,9,10899,29956,0.17623692750930786,0.1585618257522583,0.01767510175704956,0.0,0.0,0.0,0
amazon-sports-and-outdoors,test,357431,17,10,118383,29956,0.18228697776794434,0.14349281787872314,0.03879415988922119,0.0,0.0,0.0,0
amazon-sports-and-outdoors,test,357431,17,11,154245,29956,0.10295230150222778,0.15793317556381226,-0.05498087406158447,0.0,0.05,-0.05,0
amazon-sports-and-outdoors,test,357431,17,12,13061,29956,0.13550417125225067,0.15577851235866547,-0.020274341106414795,0.0,0.05,-0.05,0
amazon-sports-and-outdoors,test,357431,17,13,9371,29956,0.14910784363746643,0.14584510028362274,0.003262743353843689,0.0,0.0,0.0,0
amazon-sports-and-outdoors,test,357431,17,14,9711,29956,0.20014247298240662,0.15163421630859375,0.048508256673812866,0.0,0.0,0.0,0
amazon-sports-and-outdoors,test,357431,17,15,15835,29956,0.16714322566986084,0.16634486615657806,0.0007983595132827759,0.0,0.05,-0.05,0
amazon-sports-and-outdoors,test,357431,17,16,228,29956,0.15210464596748352,0.1422814279794693,0.009823217988014221,0.0,0.0,0.0,0
amazon-sports-and-outdoors,test,357431,17,17,10164,29956,0.12304826825857162,0.15393543243408203,-0.030887164175510406,0.0,0.0,0.0,0
amazon-sports-and-outdoors,test,362526,4,1,43145,20825,0.04447007179260254,0.080593541264534,-0.03612346947193146,0.0,0.0,0.0,0
amazon-sports-and-outdoors,test,362526,4,2,361980,20825,0.21083930134773254,0.07380229979753494,0.1370370015501976,1.0,0.0,1.0,0
amazon-sports-and-outdoors,test,362526,4,3,99971,20825,0.3647072911262512,0.08384276926517487,0.28086452186107635,1.0,0.05,0.95,0
amazon-sports-and-outdoors,test,362526,4,4,21526,20825,0.18737486004829407,0.07277920842170715,0.11459565162658691,0.0,0.0,0.0,0
amazon-sports-and-outdoors,test,363433,7,1,11147,45887,0.0859932005405426,0.11718562990427017,-0.03119242936372757,0.0,0.0,0.0,0
amazon-sports-and-outdoors,test,363433,7,2,159090,45887,0.1411738097667694,0.1129988580942154,0.028174951672554016,0.0,0.05,-0.05,0
amazon-sports-and-outdoors,test,363433,7,3,9350,45887,0.1211642175912857,0.10421174764633179,0.01695246994495392,0.0,0.05,-0.05,0
amazon-sports-and-outdoors,test,363433,7,4,85107,45887,0.12362301349639893,0.09879355132579803,0.02482946217060089,0.0,0.05,-0.05,0
amazon-sports-and-outdoors,test,363433,7,5,118976,45887,0.13653934001922607,0.09596531093120575,0.040574029088020325,0.0,0.0,0.0,0
amazon-sports-and-outdoors,test,363433,7,6,19864,45887,0.08536655455827713,0.11946149170398712,-0.03409493714570999,0.0,0.15,-0.15,0
amazon-sports-and-outdoors,test,363433,7,7,90672,45887,0.10509045422077179,0.11131588369607925,-0.006225429475307465,0.0,0.0,0.0,0
amazon-sports-and-outdoors,test,372008,12,1,21971,112809,0.3233366310596466,0.17671465873718262,0.146621972322464,0.0,0.05,-0.05,0
amazon-sports-and-outdoors,test,372008,12,2,89024,112809,0.19431325793266296,0.17366623878479004,0.020647019147872925,0.0,0.1,-0.1,0
amazon-sports-and-outdoors,test,372008,12,3,114389,112809,0.21628573536872864,0.19518062472343445,0.02110511064529419,0.0,0.15,-0.15,0
amazon-sports-and-outdoors,test,372008,12,4,44823,112809,0.2952950596809387,0.19737035036087036,0.09792470932006836,1.0,0.0,1.0,0
amazon-sports-and-outdoors,test,372008,12,5,114388,112809,0.2844235599040985,0.16303196549415588,0.12139159440994263,0.0,0.05,-0.05,0
amazon-sports-and-outdoors,test,372008,12,6,8502,112809,0.2931768298149109,0.18101447820663452,0.11216235160827637,1.0,0.15,0.85,0
amazon-sports-and-outdoors,test,372008,12,7,58958,112809,0.13332247734069824,0.19618073105812073,-0.06285825371742249,0.0,0.1,-0.1,0
amazon-sports-and-outdoors,test,372008,12,8,110661,112809,0.20062118768692017,0.16258437931537628,0.038036808371543884,0.0,0.1,-0.1,0
amazon-sports-and-outdoors,test,372008,12,9,114387,112809,0.2797660231590271,0.1410001814365387,0.1387658417224884,1.0,0.15,0.85,0
amazon-sports-and-outdoors,test,372008,12,10,13129,112809,0.1773030012845993,0.1924363076686859,-0.015133306384086609,0.0,0.0,0.0,0
amazon-sports-and-outdoors,test,372008,12,11,25991,112809,0.2604125142097473,0.18537390232086182,0.0750386118888855,1.0,0.1,0.9,0
amazon-sports-and-outdoors,test,372008,12,12,30962,112809,0.13821950554847717,0.1935535967350006,-0.05533409118652344,0.0,0.05,-0.05,0
amazon-sports-and-outdoors,test,378173,10,1,114144,44033,0.10697825998067856,0.1469578593969345,-0.03997959941625595,0.0,0.05,-0.05,0
amazon-sports-and-outdoors,test,378173,10,2,205243,44033,0.19226975739002228,0.13035960495471954,0.061910152435302734,0.0,0.05,-0.05,0
amazon-sports-and-outdoors,test,378173,10,3,113767,44033,0.21243324875831604,0.17000673711299896,0.04242651164531708,0.0,0.05,-0.05,0
amazon-sports-and-outdoors,test,378173,10,4,51905,44033,0.2901509404182434,0.1519821286201477,0.1381688117980957,0.0,0.05,-0.05,0
amazon-sports-and-outdoors,test,378173,10,5,33206,44033,0.12539042532444,0.14814643561840057,-0.02275601029396057,0.0,0.05,-0.05,0
amazon-sports-and-outdoors,test,378173,10,6,101272,44033,0.1001993864774704,0.1516701877117157,-0.0514708012342453,0.0,0.0,0.0,0
amazon-sports-and-outdoors,test,378173,10,7,73413,44033,0.14094814658164978,0.15105506777763367,-0.010106921195983887,0.0,0.0,0.0,0
amazon-sports-and-outdoors,test,378173,10,8,162446,44033,0.10792768746614456,0.14644375443458557,-0.03851606696844101,0.0,0.05,-0.05,0
amazon-sports-and-outdoors,test,378173,10,9,87156,44033,0.11050279438495636,0.15690644085407257,-0.04640364646911621,0.0,0.0,0.0,0
amazon-sports-and-outdoors,test,378173,10,10,205242,44033,0.15555372834205627,0.1612463891506195,-0.005692660808563232,0.0,0.0,0.0,0
amazon-sports-and-outdoors,test,385108,12,1,32078,110117,0.7986758947372437,0.1335109919309616,0.665164902806282,0.0,0.05,-0.05,0
amazon-sports-and-outdoors,test,385108,12,2,208705,110117,0.25267916917800903,0.14602266252040863,0.1066565066576004,1.0,0.15,0.85,0
amazon-sports-and-outdoors,test,385108,12,3,119237,110117,0.13972657918930054,0.13131648302078247,0.008410096168518066,0.0,0.0,0.0,0
amazon-sports-and-outdoors,test,385108,12,4,46135,110117,0.10750699788331985,0.1497231125831604,-0.042216114699840546,0.0,0.1,-0.1,0
amazon-sports-and-outdoors,test,385108,12,5,7277,110117,0.20822051167488098,0.13748012483119965,0.07074038684368134,0.0,0.05,-0.05,0
amazon-sports-and-outdoors,test,385108,12,6,7379,110117,0.1413629651069641,0.1504056751728058,-0.009042710065841675,0.0,0.1,-0.1,0
amazon-sports-and-outdoors,test,385108,12,7,3719,110117,0.10781123489141464,0.13549500703811646,-0.027683772146701813,1.0,0.1,0.9,0
amazon-sports-and-outdoors,test,385108,12,8,2161,110117,0.13648621737957,0.1456693857908249,-0.009183168411254883,0.0,0.15,-0.15,0
amazon-sports-and-outdoors,test,385108,12,9,10587,110117,0.16631533205509186,0.13893824815750122,0.027377083897590637,1.0,0.05,0.95,0
amazon-sports-and-outdoors,test,385108,12,10,10749,110117,0.1963847577571869,0.14315703511238098,0.05322772264480591,1.0,0.05,0.95,0
amazon-sports-and-outdoors,test,385108,12,11,3376,110117,0.12319153547286987,0.1291210651397705,-0.005929529666900635,0.0,0.1,-0.1,0
amazon-sports-and-outdoors,test,385108,12,12,40280,110117,0.1360064148902893,0.13126491010189056,0.004741504788398743,0.0,0.1,-0.1,0
amazon-sports-and-outdoors,test,386120,2,1,23313,105857,0.24852246046066284,0.09705935418605804,0.1514631062746048,1.0,0.05,0.95,0
amazon-sports-and-outdoors,test,386120,2,2,5070,105857,0.17125606536865234,0.13802146911621094,0.033234596252441406,0.0,0.05,-0.05,0
amazon-sports-and-outdoors,test,392034,4,1,193210,43042,0.20198595523834229,0.1434708833694458,0.058515071868896484,0.0,0.05,-0.05,0
amazon-sports-and-outdoors,test,392034,4,2,6353,43042,0.11795219779014587,0.1787281334400177,-0.060775935649871826,0.0,0.05,-0.05,0
amazon-sports-and-outdoors,test,392034,4,3,49949,43042,0.1332179754972458,0.16484560072422028,-0.03162762522697449,0.0,0.1,-0.1,0
amazon-sports-and-outdoors,test,392034,4,4,52349,43042,0.08641811460256577,0.15222345292568207,-0.0658053383231163,0.0,0.05,-0.05,0
amazon-sports-and-outdoors,test,393654,4,1,9578,39320,0.1872776448726654,0.14102591574192047,0.046251729130744934,0.0,0.0,0.0,0
amazon-sports-and-outdoors,test,393654,4,2,21690,39320,0.10957437753677368,0.14648133516311646,-0.03690695762634277,0.0,0.05,-0.05,0
amazon-sports-and-outdoors,test,393654,4,3,187785,39320,0.15990322828292847,0.11753509938716888,0.04236812889575958,0.0,0.0,0.0,0
amazon-sports-and-outdoors,test,393654,4,4,31190,39320,0.09738169610500336,0.1227198988199234,-0.025338202714920044,0.0,0.05,-0.05,0
amazon-sports-and-outdoors,test,401384,5,1,377515,80649,0.13307340443134308,0.11641351878643036,0.01665988564491272,0.0,0.0,0.0,1
amazon-sports-and-outdoors,test,401384,5,2,136009,80649,0.08950957655906677,0.10251235961914062,-0.013002783060073853,0.0,0.0,0.0,0
amazon-sports-and-outdoors,test,401384,5,3,24611,80649,0.11711712926626205,0.12307105958461761,-0.00595393031835556,0.0,0.05,-0.05,0
amazon-sports-and-outdoors,test,401384,5,4,11435,80649,0.08927853405475616,0.11816062033176422,-0.028882086277008057,0.0,0.0,0.0,0
amazon-sports-and-outdoors,test,401384,5,5,109566,80649,0.09357595443725586,0.1211942583322525,-0.027618303894996643,0.0,0.05,-0.05,0
amazon-sports-and-outdoors,test,419323,7,1,47863,2352,0.10159943997859955,0.17216819524765015,-0.0705687552690506,0.0,0.05,-0.05,0
amazon-sports-and-outdoors,test,419323,7,2,80561,2352,0.20972079038619995,0.16609196364879608,0.04362882673740387,0.0,0.05,-0.05,0
amazon-sports-and-outdoors,test,419323,7,3,25550,2352,0.13589443266391754,0.156802237033844,-0.020907804369926453,0.0,0.0,0.0,0
amazon-sports-and-outdoors,test,419323,7,4,3519,2352,0.16126546263694763,0.19055774807929993,-0.029292285442352295,0.0,0.05,-0.05,0
amazon-sports-and-outdoors,test,419323,7,5,10853,2352,0.10095212608575821,0.16157348453998566,-0.06062135845422745,0.0,0.0,0.0,0
amazon-sports-and-outdoors,test,419323,7,6,252826,2352,0.24680328369140625,0.1373240053653717,0.10947927832603455,0.0,0.0,0.0,0
amazon-sports-and-outdoors,test,419323,7,7,302502,2352,0.15061387419700623,0.16019512712955475,-0.009581252932548523,0.0,0.0,0.0,0
amazon-sports-and-outdoors,test,431511,4,1,42523,8445,0.2254147231578827,0.11622709035873413,0.10918763279914856,0.0,0.0,0.0,0
amazon-sports-and-outdoors,test,431511,4,2,178161,8445,0.24248914420604706,0.12445922940969467,0.11802991479635239,0.0,0.0,0.0,0
amazon-sports-and-outdoors,test,431511,4,3,4883,8445,0.16886170208454132,0.11111198365688324,0.05774971842765808,0.0,0.05,-0.05,0
amazon-sports-and-outdoors,test,431511,4,4,3352,8445,0.08794388175010681,0.12072722613811493,-0.03278334438800812,0.0,0.05,-0.05,0
amazon-sports-and-outdoors,test,432794,12,1,227282,140117,0.1007738709449768,0.09294421225786209,0.007829658687114716,0.0,0.0,0.0,0
amazon-sports-and-outdoors,test,432794,12,2,159707,140117,0.1655118465423584,0.12505227327346802,0.04045957326889038,0.0,0.0,0.0,0
amazon-sports-and-outdoors,test,432794,12,3,48388,140117,0.1568230539560318,0.1344590187072754,0.02236403524875641,1.0,0.1,0.9,0
amazon-sports-and-outdoors,test,432794,12,4,9280,140117,0.21634361147880554,0.13212743401527405,0.0842161774635315,1.0,0.0,1.0,0
amazon-sports-and-outdoors,test,432794,12,5,97230,140117,0.11963869631290436,0.11480529606342316,0.004833400249481201,1.0,0.0,1.0,0
amazon-sports-and-outdoors,test,432794,12,6,86349,140117,0.09688250720500946,0.1263473480939865,-0.02946484088897705,0.0,0.1,-0.1,0
amazon-sports-and-outdoors,test,432794,12,7,227281,140117,0.1504165530204773,0.10613471269607544,0.044281840324401855,0.0,0.05,-0.05,0
amazon-sports-and-outdoors,test,432794,12,8,117878,140117,0.12785407900810242,0.11342757940292358,0.014426499605178833,1.0,0.15,0.85,0
amazon-sports-and-outdoors,test,432794,12,9,13798,140117,0.06620000302791595,0.12646035850048065,-0.0602603554725647,0.0,0.1,-0.1,0
amazon-sports-and-outdoors,test,432794,12,10,227280,140117,0.14524191617965698,0.12712796032428741,0.018113955855369568,1.0,0.1,0.9,0
amazon-sports-and-outdoors,test,432794,12,11,183381,140117,0.06077302247285843,0.12634128332138062,-0.06556826084852219,0.0,0.15,-0.15,0
amazon-sports-and-outdoors,test,432794,12,12,9299,140117,0.15192748606204987,0.10874762386083603,0.04317986220121384,0.0,0.05,-0.05,0
amazon-sports-and-outdoors,test,432927,6,1,157418,32437,0.17245888710021973,0.15600907802581787,0.016449809074401855,0.0,0.05,-0.05,0
amazon-sports-and-outdoors,test,432927,6,2,168383,32437,0.18881139159202576,0.14639580249786377,0.04241558909416199,0.0,0.0,0.0,0
amazon-sports-and-outdoors,test,432927,6,3,283058,32437,0.17209462821483612,0.15905550122261047,0.013039126992225647,0.0,0.05,-0.05,0
amazon-sports-and-outdoors,test,432927,6,4,140422,32437,0.1957860291004181,0.15352775156497955,0.04225827753543854,0.0,0.05,-0.05,0
amazon-sports-and-outdoors,test,432927,6,5,106613,32437,0.15951047837734222,0.14556580781936646,0.013944670557975769,0.0,0.0,0.0,0
amazon-sports-and-outdoors,test,432927,6,6,10820,32437,0.24365626275539398,0.17997774481773376,0.06367851793766022,0.0,0.15,-0.15,0
amazon-sports-and-outdoors,test,436101,6,1,18014,25706,0.21763798594474792,0.1272011697292328,0.09043681621551514,0.0,0.1,-0.1,0
amazon-sports-and-outdoors,test,436101,6,2,4914,25706,0.20563599467277527,0.1192428469657898,0.08639314770698547,0.0,0.0,0.0,0
amazon-sports-and-outdoors,test,436101,6,3,94564,25706,0.18769946694374084,0.14257802069187164,0.0451214462518692,0.0,0.05,-0.05,0
amazon-sports-and-outdoors,test,436101,6,4,65677,25706,0.09469297528266907,0.12266240268945694,-0.027969427406787872,0.0,0.05,-0.05,0
amazon-sports-and-outdoors,test,436101,6,5,12570,25706,0.11244203895330429,0.13511548936367035,-0.02267345041036606,0.0,0.0,0.0,0
amazon-sports-and-outdoors,test,436101,6,6,320527,25706,0.1304410696029663,0.12201540172100067,0.008425667881965637,0.0,0.0,0.0,0
amazon-sports-and-outdoors,test,446005,5,1,2068,228931,0.18941892683506012,0.13965654373168945,0.049762383103370667,0.0,0.1,-0.1,0
amazon-sports-and-outdoors,test,446005,5,2,24826,228931,0.14568515121936798,0.1391582190990448,0.006526932120323181,0.0,0.0,0.0,0
amazon-sports-and-outdoors,test,446005,5,3,202549,228931,0.06046222522854805,0.10579369962215424,-0.045331474393606186,0.0,0.0,0.0,0
amazon-sports-and-outdoors,test,446005,5,4,29000,228931,0.1074596717953682,0.1279691755771637,-0.0205095037817955,0.0,0.0,0.0,0
amazon-sports-and-outdoors,test,446005,5,5,80386,228931,0.21599091589450836,0.12146063894033432,0.09453027695417404,1.0,0.0,1.0,0
amazon-sports-and-outdoors,test,449649,10,1,380537,35404,0.23084323108196259,0.13067187368869781,0.10017135739326477,0.0,0.0,0.0,0
amazon-sports-and-outdoors,test,449649,10,2,108051,35404,0.12724953889846802,0.1337352991104126,-0.00648576021194458,0.0,0.0,0.0,0
amazon-sports-and-outdoors,test,449649,10,3,32038,35404,0.11782681941986084,0.16695794463157654,-0.0491311252117157,0.0,0.0,0.0,0
amazon-sports-and-outdoors,test,449649,10,4,43740,35404,0.13446125388145447,0.13773714005947113,-0.0032758861780166626,0.0,0.0,0.0,0
amazon-sports-and-outdoors,test,449649,10,5,29521,35404,0.20625342428684235,0.14723603427410126,0.05901739001274109,0.0,0.0,0.0,0
amazon-sports-and-outdoors,test,449649,10,6,8396,35404,0.11717886477708817,0.12865427136421204,-0.01147540658712387,0.0,0.05,-0.05,0
amazon-sports-and-outdoors,test,449649,10,7,18330,35404,0.13155744969844818,0.1414802372455597,-0.009922787547111511,0.0,0.05,-0.05,0
amazon-sports-and-outdoors,test,449649,10,8,11150,35404,0.1369985044002533,0.17582619190216064,-0.03882768750190735,0.0,0.0,0.0,0
amazon-sports-and-outdoors,test,449649,10,9,2352,35404,0.21999068558216095,0.14945031702518463,0.07054036855697632,0.0,0.0,0.0,0
amazon-sports-and-outdoors,test,449649,10,10,123159,35404,0.22900091111660004,0.13941165804862976,0.08958925306797028,0.0,0.0,0.0,0
amazon-sports-and-outdoors,test,450921,4,1,24999,18686,0.07578647136688232,0.08780812472105026,-0.012021653354167938,0.0,0.05,-0.05,0
amazon-sports-and-outdoors,test,450921,4,2,48084,18686,0.08832813054323196,0.09140811115503311,-0.0030799806118011475,0.0,0.2,-0.2,0
amazon-sports-and-outdoors,test,450921,4,3,4452,18686,0.1063317209482193,0.11242513358592987,-0.006093412637710571,0.0,0.05,-0.05,0
amazon-sports-and-outdoors,test,450921,4,4,52083,18686,0.1406421661376953,0.08858831971883774,0.052053846418857574,1.0,0.1,0.9,0
amazon-sports-and-outdoors,test,451047,6,1,15361,2688,0.11462539434432983,0.11174605786800385,0.0028793364763259888,0.0,0.1,-0.1,0
amazon-sports-and-outdoors,test,451047,6,2,136545,2688,0.09619776159524918,0.09882582724094391,-0.0026280656456947327,0.0,0.15,-0.15,0
amazon-sports-and-outdoors,test,451047,6,3,54576,2688,0.10038046538829803,0.10153015702962875,-0.001149691641330719,1.0,0.05,0.95,0
amazon-sports-and-outdoors,test,451047,6,4,84756,2688,0.05221133679151535,0.12367995828390121,-0.07146862149238586,1.0,0.05,0.95,0
amazon-sports-and-outdoors,test,451047,6,5,15103,2688,0.10878315567970276,0.10454569011926651,0.004237465560436249,0.0,0.2,-0.2,0
amazon-sports-and-outdoors,test,451047,6,6,1554,2688,0.14059880375862122,0.10374555736780167,0.03685324639081955,0.0,0.05,-0.05,0
amazon-sports-and-outdoors,test,454730,4,1,5035,3295,0.09880710393190384,0.10132516920566559,-0.0025180652737617493,0.0,0.0,0.0,0
amazon-sports-and-outdoors,test,454730,4,2,9789,3295,0.15661242604255676,0.12741267681121826,0.0291997492313385,0.0,0.0,0.0,0
amazon-sports-and-outdoors,test,454730,4,3,228,3295,0.12055745720863342,0.12916456162929535,-0.008607104420661926,0.0,0.05,-0.05,0
amazon-sports-and-outdoors,test,454730,4,4,32786,3295,0.13674360513687134,0.10933717340230942,0.02740643173456192,0.0,0.0,0.0,0
amazon-sports-and-outdoors,test,455592,5,1,15831,128668,0.24516260623931885,0.11554937064647675,0.1296132355928421,1.0,0.25,0.75,0
amazon-sports-and-outdoors,test,455592,5,2,119118,128668,0.19511854648590088,0.12047109752893448,0.0746474489569664,0.0,0.15,-0.15,0
amazon-sports-and-outdoors,test,455592,5,3,9367,128668,0.1549755185842514,0.1330658495426178,0.021909669041633606,0.0,0.2,-0.2,0
amazon-sports-and-outdoors,test,455592,5,4,112145,128668,0.14216631650924683,0.1150667816400528,0.02709953486919403,1.0,0.15,0.85,0
amazon-sports-and-outdoors,test,455592,5,5,379586,128668,0.18818676471710205,0.11102159321308136,0.07716517150402069,1.0,0.05,0.95,0
amazon-sports-and-outdoors,test,462139,6,1,3289,108221,0.2835516333580017,0.16514095664024353,0.11841067671775818,0.0,0.0,0.0,0
amazon-sports-and-outdoors,test,462139,6,2,8353,108221,0.2867926359176636,0.171571284532547,0.11522135138511658,1.0,0.0,1.0,0
amazon-sports-and-outdoors,test,462139,6,3,201662,108221,0.31280240416526794,0.15252520143985748,0.16027720272541046,1.0,0.0,1.0,0
amazon-sports-and-outdoors,test,462139,6,4,4568,108221,0.20437940955162048,0.16957850754261017,0.034800902009010315,1.0,0.0,1.0,0
amazon-sports-and-outdoors,test,462139,6,5,82454,108221,0.09422639012336731,0.1799398958683014,-0.08571350574493408,0.0,0.05,-0.05,0
amazon-sports-and-outdoors,test,462139,6,6,31094,108221,0.1724679172039032,0.16364425420761108,0.008823662996292114,0.0,0.05,-0.05,0
amazon-sports-and-outdoors,test,484599,4,1,2990,84542,0.14400702714920044,0.14591912925243378,-0.0019121021032333374,1.0,0.05,0.95,0
amazon-sports-and-outdoors,test,484599,4,2,91897,84542,0.20988571643829346,0.1567160189151764,0.053169697523117065,1.0,0.15,0.85,0
amazon-sports-and-outdoors,test,484599,4,3,308319,84542,0.30740272998809814,0.13219015300273895,0.1752125769853592,0.0,0.0,0.0,0
amazon-sports-and-outdoors,test,484599,4,4,2185,84542,0.2403338998556137,0.16525854170322418,0.07507535815238953,0.0,0.1,-0.1,0
amazon-sports-and-outdoors,test,487761,5,1,212446,1869,0.4395606517791748,0.054856885224580765,0.38470376655459404,0.0,0.05,-0.05,0
amazon-sports-and-outdoors,test,487761,5,2,57831,1869,0.20140130817890167,0.0401841402053833,0.16121716797351837,0.0,0.0,0.0,0
amazon-sports-and-outdoors,test,487761,5,3,2847,1869,0.1150016114115715,0.06710831820964813,0.04789329320192337,0.0,0.0,0.0,0
amazon-sports-and-outdoors,test,487761,5,4,115568,1869,0.35540932416915894,0.04241450875997543,0.3129948154091835,0.0,0.05,-0.05,0
amazon-sports-and-outdoors,test,487761,5,5,320729,1869,0.04901430755853653,0.05597977712750435,-0.006965469568967819,0.0,0.05,-0.05,0
amazon-sports-and-outdoors,test,491302,4,1,328774,97807,0.1757344901561737,0.14116178452968597,0.03457270562648773,0.0,0.15,-0.15,0
amazon-sports-and-outdoors,test,491302,4,2,169423,97807,0.22029592096805573,0.1369818150997162,0.08331410586833954,0.0,0.0,0.0,0
amazon-sports-and-outdoors,test,491302,4,3,247502,97807,0.12173566222190857,0.13858003914356232,-0.016844376921653748,0.0,0.0,0.0,0
amazon-sports-and-outdoors,test,491302,4,4,153522,97807,0.37556636333465576,0.1351415365934372,0.24042482674121857,0.0,0.0,0.0,0
amazon-sports-and-outdoors,test,500221,4,1,104614,258956,0.0268341563642025,0.09477345645427704,-0.06793930009007454,0.0,0.05,-0.05,0
amazon-sports-and-outdoors,test,500221,4,2,291275,258956,0.041946761310100555,0.09931322187185287,-0.05736646056175232,0.0,0.25,-0.25,0
amazon-sports-and-outdoors,test,500221,4,3,1118,258956,0.12996727228164673,0.08920460194349289,0.04076267033815384,1.0,0.05,0.95,0
amazon-sports-and-outdoors,test,500221,4,4,12955,258956,0.08201353996992111,0.10531364381313324,-0.023300103843212128,0.0,0.0,0.0,0
amazon-sports-and-outdoors,test,502670,5,1,88694,178960,0.20080405473709106,0.10295367240905762,0.09785038232803345,0.0,0.0,0.0,0
amazon-sports-and-outdoors,test,502670,5,2,17243,178960,0.19657140970230103,0.141747385263443,0.05482402443885803,0.0,0.05,-0.05,0
amazon-sports-and-outdoors,test,502670,5,3,17411,178960,0.1525837481021881,0.12636296451091766,0.026220783591270447,0.0,0.0,0.0,0
amazon-sports-and-outdoors,test,502670,5,4,31822,178960,0.10351605713367462,0.1273847371339798,-0.023868680000305176,0.0,0.05,-0.05,0
amazon-sports-and-outdoors,test,502670,5,5,13607,178960,0.1938462257385254,0.14048922061920166,0.05335700511932373,0.0,0.05,-0.05,0
amazon-sports-and-outdoors,test,505109,4,1,2743,82716,0.13506340980529785,0.15291741490364075,-0.017854005098342896,0.0,0.2,-0.2,0
amazon-sports-and-outdoors,test,505109,4,2,12216,82716,0.19296595454216003,0.1389078050851822,0.054058149456977844,0.0,0.1,-0.1,0
amazon-sports-and-outdoors,test,505109,4,3,13393,82716,0.11063960194587708,0.1474153697490692,-0.03677576780319214,0.0,0.15,-0.15,0
amazon-sports-and-outdoors,test,505109,4,4,76877,82716,0.06515704095363617,0.12216140329837799,-0.05700436234474182,0.0,0.05,-0.05,0
amazon-sports-and-outdoors,test,518923,4,1,14043,7197,0.1809166669845581,0.15628859400749207,0.02462807297706604,0.0,0.05,-0.05,0
amazon-sports-and-outdoors,test,518923,4,2,6861,7197,0.213782399892807,0.15758343040943146,0.05619896948337555,0.0,0.05,-0.05,0
amazon-sports-and-outdoors,test,518923,4,3,24451,7197,0.22738425433635712,0.13107743859291077,0.09630681574344635,0.0,0.0,0.0,0
amazon-sports-and-outdoors,test,518923,4,4,49437,7197,0.10840275883674622,0.13325901329517365,-0.02485625445842743,0.0,0.0,0.0,0
amazon-sports-and-outdoors,test,524571,5,1,15819,25151,0.175275057554245,0.13001759350299835,0.04525746405124664,0.0,0.0,0.0,0
amazon-sports-and-outdoors,test,524571,5,2,142201,25151,0.21183809638023376,0.1472448855638504,0.06459321081638336,0.0,0.05,-0.05,0
amazon-sports-and-outdoors,test,524571,5,3,27832,25151,0.1701957732439041,0.11967331171035767,0.05052246153354645,0.0,0.0,0.0,0
amazon-sports-and-outdoors,test,524571,5,4,336383,25151,0.06058330833911896,0.10775399208068848,-0.04717068374156952,0.0,0.0,0.0,0
amazon-sports-and-outdoors,test,524571,5,5,51796,25151,0.1502750813961029,0.12301161140203476,0.027263469994068146,0.0,0.0,0.0,0
amazon-sports-and-outdoors,test,529647,4,1,14033,68241,0.07075625658035278,0.08414246886968613,-0.013386212289333344,0.0,0.0,0.0,0
amazon-sports-and-outdoors,test,529647,4,2,933,68241,0.08355574309825897,0.0755542516708374,0.00800149142742157,0.0,0.0,0.0,0
amazon-sports-and-outdoors,test,529647,4,3,112483,68241,0.06766417622566223,0.08645647764205933,-0.018792301416397095,0.0,0.0,0.0,0
amazon-sports-and-outdoors,test,529647,4,4,17164,68241,0.07289917021989822,0.0778971016407013,-0.00499793142080307,0.0,0.0,0.0,0
amazon-sports-and-outdoors,test,537240,4,1,34135,177064,0.19501522183418274,0.10824243724346161,0.08677278459072113,0.0,0.0,0.0,0
amazon-sports-and-outdoors,test,537240,4,2,194783,177064,0.18165364861488342,0.11090266704559326,0.07075098156929016,0.0,0.0,0.0,0
amazon-sports-and-outdoors,test,537240,4,3,282288,177064,0.059159521013498306,0.11659357696771622,-0.05743405595421791,0.0,0.0,0.0,0
amazon-sports-and-outdoors,test,537240,4,4,2817,177064,0.16056101024150848,0.12972605228424072,0.03083495795726776,0.0,0.2,-0.2,0
amazon-sports-and-outdoors,test,538215,4,1,97324,28325,0.1066497415304184,0.13236479461193085,-0.02571505308151245,0.0,0.0,0.0,0
amazon-sports-and-outdoors,test,538215,4,2,372285,28325,0.19168329238891602,0.14036549627780914,0.05131779611110687,0.0,0.0,0.0,0
amazon-sports-and-outdoors,test,538215,4,3,47682,28325,0.09355305135250092,0.14438682794570923,-0.05083377659320831,0.0,0.0,0.0,0
amazon-sports-and-outdoors,test,538215,4,4,40732,28325,0.19576424360275269,0.13697215914726257,0.05879208445549011,0.0,0.05,-0.05,0
amazon-sports-and-outdoors,test,538774,3,1,7395,10231,0.2127714455127716,0.15805378556251526,0.05471765995025635,0.0,0.0,0.0,0
amazon-sports-and-outdoors,test,538774,3,2,3096,10231,0.26420867443084717,0.191432386636734,0.07277628779411316,0.0,0.0,0.0,0
amazon-sports-and-outdoors,test,538774,3,3,50727,10231,0.16401150822639465,0.18733534216880798,-0.02332383394241333,0.0,0.0,0.0,0
amazon-sports-and-outdoors,test,538896,5,1,18127,136569,0.2259589433670044,0.14056332409381866,0.08539561927318573,0.0,0.15,-0.15,0
amazon-sports-and-outdoors,test,538896,5,2,68368,136569,0.14491471648216248,0.12544727325439453,0.019467443227767944,0.0,0.1,-0.1,0
amazon-sports-and-outdoors,test,538896,5,3,59940,136569,0.12481625378131866,0.14787694811820984,-0.023060694336891174,1.0,0.1,0.9,0
amazon-sports-and-outdoors,test,538896,5,4,136568,136569,0.10524437576532364,0.12778344750404358,-0.02253907173871994,0.0,0.15,-0.15,0
amazon-sports-and-outdoors,test,538896,5,5,136567,136569,0.044140756130218506,0.13582845032215118,-0.09168769419193268,0.0,0.1,-0.1,0
amazon-sports-and-outdoors,test,542681,10,1,69905,335608,0.19000735878944397,0.17807039618492126,0.011936962604522705,0.0,0.15,-0.15,0
amazon-sports-and-outdoors,test,542681,10,2,142602,335608,0.22440853714942932,0.18645091354846954,0.03795762360095978,0.0,0.1,-0.1,0
amazon-sports-and-outdoors,test,542681,10,3,39323,335608,0.21210512518882751,0.16799260675907135,0.044112518429756165,0.0,0.05,-0.05,0
amazon-sports-and-outdoors,test,542681,10,4,303418,335608,0.10514692962169647,0.13255678117275238,-0.027409851551055908,0.0,0.15,-0.15,0
amazon-sports-and-outdoors,test,542681,10,5,93226,335608,0.12731394171714783,0.17464640736579895,-0.04733246564865112,0.0,0.25,-0.25,0
amazon-sports-and-outdoors,test,542681,10,6,9194,335608,0.22552591562271118,0.16291514039039612,0.06261077523231506,0.0,0.1,-0.1,0
amazon-sports-and-outdoors,test,542681,10,7,62792,335608,0.24339275062084198,0.16329213976860046,0.08010061085224152,1.0,0.1,0.9,0
amazon-sports-and-outdoors,test,542681,10,8,58017,335608,0.197168231010437,0.17067143321037292,0.026496797800064087,0.0,0.05,-0.05,0
amazon-sports-and-outdoors,test,542681,10,9,1413,335608,0.22634777426719666,0.1939346343278885,0.032413139939308167,0.0,0.1,-0.1,0
amazon-sports-and-outdoors,test,542681,10,10,1938,335608,0.18971861898899078,0.18057958781719208,0.009139031171798706,1.0,0.15,0.85,0
amazon-sports-and-outdoors,test,548173,3,1,337950,36007,0.06695294380187988,0.06566992402076721,0.001283019781112671,0.0,0.1,-0.1,0
amazon-sports-and-outdoors,test,548173,3,2,337992,36007,0.05053599178791046,0.06863323599100113,-0.018097244203090668,0.0,0.1,-0.1,0
amazon-sports-and-outdoors,test,548173,3,3,4350,36007,0.06503834575414658,0.0889536663889885,-0.02391532063484192,0.0,0.05,-0.05,0
amazon-sports-and-outdoors,test,550335,14,1,65903,37688,0.12532679736614227,0.1058063730597496,0.01952042430639267,0.0,0.1,-0.1,0
amazon-sports-and-outdoors,test,550335,14,2,78599,37688,0.06250488013029099,0.09405480325222015,-0.03154992312192917,0.0,0.1,-0.1,0
amazon-sports-and-outdoors,test,550335,14,3,185977,37688,0.10901730507612228,0.11458303779363632,-0.005565732717514038,0.0,0.2,-0.2,0
amazon-sports-and-outdoors,test,550335,14,4,141449,37688,0.05009275674819946,0.10828177630901337,-0.058189019560813904,0.0,0.25,-0.25,0
amazon-sports-and-outdoors,test,550335,14,5,46274,37688,0.029784470796585083,0.10911794006824493,-0.07933346927165985,0.0,0.25,-0.25,0
amazon-sports-and-outdoors,test,550335,14,6,185976,37688,0.17749401926994324,0.0947074443101883,0.08278657495975494,0.0,0.1,-0.1,0
amazon-sports-and-outdoors,test,550335,14,7,82901,37688,0.11417379975318909,0.10090278089046478,0.013271018862724304,0.0,0.2,-0.2,0
amazon-sports-and-outdoors,test,550335,14,8,28864,37688,0.125593364238739,0.10899718105792999,0.01659618318080902,1.0,0.05,0.95,0
amazon-sports-and-outdoors,test,550335,14,9,58310,37688,0.1332201361656189,0.08966772258281708,0.04355241358280182,0.0,0.15,-0.15,0
amazon-sports-and-outdoors,test,550335,14,10,4401,37688,0.11640211194753647,0.08972007781267166,0.026682034134864807,0.0,0.2,-0.2,0
amazon-sports-and-outdoors,test,550335,14,11,185975,37688,0.11640211939811707,0.09435692429542542,0.02204519510269165,0.0,0.1,-0.1,0
amazon-sports-and-outdoors,test,550335,14,12,185974,37688,0.09044311940670013,0.11352226883172989,-0.023079149425029755,0.0,0.05,-0.05,0
amazon-sports-and-outdoors,test,550335,14,13,157067,37688,0.04570499807596207,0.07913971692323685,-0.03343471884727478,0.0,0.1,-0.1,0
amazon-sports-and-outdoors,test,550335,14,14,68170,37688,0.06397306174039841,0.09737290441989899,-0.03339984267950058,0.0,0.05,-0.05,0
amazon-sports-and-outdoors,test,554445,8,1,1190,7092,0.190775066614151,0.11595843732357025,0.07481662929058075,1.0,0.2,0.8,0
amazon-sports-and-outdoors,test,554445,8,2,12336,7092,0.14406359195709229,0.12082847207784653,0.023235119879245758,1.0,0.15,0.85,0
amazon-sports-and-outdoors,test,554445,8,3,123865,7092,0.14827395975589752,0.14129264652729034,0.006981313228607178,0.0,0.25,-0.25,0
amazon-sports-and-outdoors,test,554445,8,4,13845,7092,0.1329544484615326,0.12191923707723618,0.011035211384296417,0.0,0.15,-0.15,0
amazon-sports-and-outdoors,test,554445,8,5,23928,7092,0.12794160842895508,0.11094740778207779,0.01699420064687729,0.0,0.1,-0.1,0
amazon-sports-and-outdoors,test,554445,8,6,101494,7092,0.17139296233654022,0.12082280963659286,0.05057015269994736,1.0,0.35,0.65,0
amazon-sports-and-outdoors,test,554445,8,7,139051,7092,0.10944080352783203,0.11090545356273651,-0.00146465003490448,0.0,0.2,-0.2,0
amazon-sports-and-outdoors,test,554445,8,8,3773,7092,0.11961047351360321,0.12172731012105942,-0.0021168366074562073,0.0,0.05,-0.05,0
amazon-sports-and-outdoors,test,561166,8,1,41200,77218,0.20989613234996796,0.15590934455394745,0.05398678779602051,0.0,0.25,-0.25,0
amazon-sports-and-outdoors,test,561166,8,2,71760,77218,0.11428618431091309,0.15447157621383667,-0.040185391902923584,0.0,0.3,-0.3,0
amazon-sports-and-outdoors,test,561166,8,3,50914,77218,0.14119598269462585,0.12969398498535156,0.011501997709274292,0.0,0.1,-0.1,0
amazon-sports-and-outdoors,test,561166,8,4,35602,77218,0.20596662163734436,0.11275535821914673,0.09321126341819763,0.0,0.05,-0.05,0
amazon-sports-and-outdoors,test,561166,8,5,133131,77218,0.26713934540748596,0.12433705478906631,0.14280229061841965,0.0,0.05,-0.05,0
amazon-sports-and-outdoors,test,561166,8,6,27491,77218,0.15846052765846252,0.12812483310699463,0.030335694551467896,0.0,0.05,-0.05,0
amazon-sports-and-outdoors,test,561166,8,7,8613,77218,0.13028624653816223,0.15090808272361755,-0.020621836185455322,0.0,0.15,-0.15,0
amazon-sports-and-outdoors,test,561166,8,8,4828,77218,0.16311395168304443,0.13567453622817993,0.027439415454864502,0.0,0.2,-0.2,0
amazon-sports-and-outdoors,test,562782,6,1,140489,35661,0.3084712624549866,0.1721063107252121,0.13636495172977448,0.0,0.0,0.0,0
amazon-sports-and-outdoors,test,562782,6,2,103606,35661,0.11764669418334961,0.13873329758644104,-0.02108660340309143,0.0,0.0,0.0,0
amazon-sports-and-outdoors,test,562782,6,3,19028,35661,0.1732330471277237,0.1528043895959854,0.02042865753173828,0.0,0.0,0.0,0
amazon-sports-and-outdoors,test,562782,6,4,149050,35661,0.17451584339141846,0.12806564569473267,0.04645019769668579,0.0,0.0,0.0,0
amazon-sports-and-outdoors,test,562782,6,5,3469,35661,0.09787747263908386,0.16002757847309113,-0.06215010583400726,0.0,0.1,-0.1,0
amazon-sports-and-outdoors,test,562782,6,6,132061,35661,0.20283645391464233,0.16669395565986633,0.036142498254776,0.0,0.0,0.0,0
amazon-sports-and-outdoors,test,565524,6,1,1841,37119,0.1762644201517105,0.13494713604450226,0.04131728410720825,0.0,0.05,-0.05,0
amazon-sports-and-outdoors,test,565524,6,2,9166,37119,0.17202460765838623,0.15524569153785706,0.016778916120529175,0.0,0.05,-0.05,0
amazon-sports-and-outdoors,test,565524,6,3,37929,37119,0.13075634837150574,0.1631840467453003,-0.032427698373794556,0.0,0.0,0.0,0
amazon-sports-and-outdoors,test,565524,6,4,52152,37119,0.1252051293849945,0.14385414123535156,-0.018649011850357056,0.0,0.05,-0.05,0
amazon-sports-and-outdoors,test,565524,6,5,3982,37119,0.19222044944763184,0.13900485634803772,0.053215593099594116,0.0,0.0,0.0,0
amazon-sports-and-outdoors,test,565524,6,6,67940,37119,0.18120789527893066,0.15590336918830872,0.025304526090621948,0.0,0.0,0.0,0
amazon-sports-and-outdoors,test,572036,5,1,205155,39546,0.21277908980846405,0.16020038723945618,0.052578702569007874,0.0,0.05,-0.05,0
amazon-sports-and-outdoors,test,572036,5,2,2670,39546,0.23558612167835236,0.1538340151309967,0.08175210654735565,1.0,0.0,1.0,0
amazon-sports-and-outdoors,test,572036,5,3,117587,39546,0.23563994467258453,0.17304834723472595,0.06259159743785858,0.0,0.05,-0.05,0
amazon-sports-and-outdoors,test,572036,5,4,519,39546,0.14557145535945892,0.14685635268688202,-0.0012848973274230957,0.0,0.0,0.0,0
amazon-sports-and-outdoors,test,572036,5,5,81287,39546,0.2251780927181244,0.15178194642066956,0.07339614629745483,0.0,0.05,-0.05,0
amazon-sports-and-outdoors,test,573925,3,1,50205,23699,0.2892177104949951,0.1034621000289917,0.18575561046600342,0.0,0.0,0.0,0
amazon-sports-and-outdoors,test,573925,3,2,19366,23699,0.1229880154132843,0.09376102685928345,0.029226988554000854,1.0,0.05,0.95,0
amazon-sports-and-outdoors,test,573925,3,3,134961,23699,0.08646123111248016,0.09025992453098297,-0.0037986934185028076,0.0,0.1,-0.1,0
amazon-sports-and-outdoors,test,577566,5,1,49797,142782,0.15504536032676697,0.1403309404850006,0.014714419841766357,1.0,0.15,0.85,0
amazon-sports-and-outdoors,test,577566,5,2,212721,142782,0.12160079926252365,0.1414630115032196,-0.019862212240695953,0.0,0.1,-0.1,0
amazon-sports-and-outdoors,test,577566,5,3,53807,142782,0.09931052476167679,0.1363598257303238,-0.037049300968647,0.0,0.25,-0.25,0
amazon-sports-and-outdoors,test,577566,5,4,138914,142782,0.13429029285907745,0.1448063850402832,-0.01051609218120575,0.0,0.2,-0.2,0
amazon-sports-and-outdoors,test,577566,5,5,90506,142782,0.17364883422851562,0.13877347111701965,0.03487536311149597,1.0,0.15,0.85,0
amazon-sports-and-outdoors,test,582327,14,1,32105,36720,0.436585932970047,0.1825152337551117,0.2540706992149353,1.0,0.05,0.95,0
amazon-sports-and-outdoors,test,582327,14,2,2359,36720,0.16778025031089783,0.15679791569709778,0.010982334613800049,0.0,0.05,-0.05,0
amazon-sports-and-outdoors,test,582327,14,3,224699,36720,0.3575287163257599,0.17923274636268616,0.17829596996307373,1.0,0.05,0.95,0
amazon-sports-and-outdoors,test,582327,14,4,27985,36720,0.3175225555896759,0.17222049832344055,0.14530205726623535,1.0,0.05,0.95,0
amazon-sports-and-outdoors,test,582327,14,5,101151,36720,0.18410317599773407,0.19469495117664337,-0.010591775178909302,1.0,0.05,0.95,0
amazon-sports-and-outdoors,test,582327,14,6,209,36720,0.21880167722702026,0.190132737159729,0.02866894006729126,0.0,0.05,-0.05,0
amazon-sports-and-outdoors,test,582327,14,7,209125,36720,0.11555866152048111,0.1926044374704361,-0.07704577594995499,0.0,0.05,-0.05,0
amazon-sports-and-outdoors,test,582327,14,8,104773,36720,0.16086843609809875,0.15870581567287445,0.002162620425224304,0.0,0.0,0.0,0
amazon-sports-and-outdoors,test,582327,14,9,30614,36720,0.20751044154167175,0.16006572544574738,0.04744471609592438,0.0,0.0,0.0,0
amazon-sports-and-outdoors,test,582327,14,10,225044,36720,0.21128740906715393,0.2068409025669098,0.004446506500244141,0.0,0.15,-0.15,0
amazon-sports-and-outdoors,test,582327,14,11,32170,36720,0.22313913702964783,0.1583317518234253,0.06480738520622253,0.0,0.05,-0.05,0
amazon-sports-and-outdoors,test,582327,14,12,12281,36720,0.18340744078159332,0.19333557784557343,-0.009928137063980103,0.0,0.0,0.0,0
amazon-sports-and-outdoors,test,582327,14,13,38045,36720,0.3579155206680298,0.178310364484787,0.1796051561832428,0.0,0.0,0.0,0
amazon-sports-and-outdoors,test,582327,14,14,225043,36720,0.02091033384203911,0.1659339964389801,-0.145023662596941,0.0,0.0,0.0,0
amazon-sports-and-outdoors,test,597305,6,1,144147,50449,0.13753864169120789,0.18905609846115112,-0.05151745676994324,0.0,0.2,-0.2,0
amazon-sports-and-outdoors,test,597305,6,2,9051,50449,0.16134008765220642,0.1727994978427887,-0.011459410190582275,0.0,0.15,-0.15,0
amazon-sports-and-outdoors,test,597305,6,3,120183,50449,0.13331164419651031,0.16325999796390533,-0.02994835376739502,0.0,0.15,-0.15,0
amazon-sports-and-outdoors,test,597305,6,4,27886,50449,0.26175808906555176,0.1973361372947693,0.06442195177078247,0.0,0.05,-0.05,0
amazon-sports-and-outdoors,test,597305,6,5,52780,50449,0.23748065531253815,0.1854398250579834,0.05204083025455475,0.0,0.05,-0.05,0
amazon-sports-and-outdoors,test,597305,6,6,110002,50449,0.156333327293396,0.17425113916397095,-0.01791781187057495,0.0,0.1,-0.1,0
amazon-sports-and-outdoors,test,599180,7,1,141787,45991,0.20141461491584778,0.1407535970211029,0.06066101789474487,0.0,0.0,0.0,0
amazon-sports-and-outdoors,test,599180,7,2,67664,45991,0.18759199976921082,0.1428283154964447,0.04476368427276611,0.0,0.05,-0.05,0
amazon-sports-and-outdoors,test,599180,7,3,167804,45991,0.18702897429466248,0.13494399189949036,0.05208498239517212,0.0,0.0,0.0,0
amazon-sports-and-outdoors,test,599180,7,4,39644,45991,0.12215562164783478,0.15066303312778473,-0.02850741147994995,0.0,0.1,-0.1,0
amazon-sports-and-outdoors,test,599180,7,5,65796,45991,0.07844223082065582,0.13710704445838928,-0.05866481363773346,0.0,0.05,-0.05,0
amazon-sports-and-outdoors,test,599180,7,6,49006,45991,0.2574518322944641,0.1413448005914688,0.1161070317029953,1.0,0.0,1.0,0
amazon-sports-and-outdoors,test,599180,7,7,140048,45991,0.24877050518989563,0.12312066555023193,0.1256498396396637,0.0,0.0,0.0,0
amazon-sports-and-outdoors,test,604811,43,1,368133,368134,0.5613790154457092,0.1535002887248993,0.40787872672080994,1.0,0.0,1.0,0
amazon-sports-and-outdoors,test,604811,43,2,368132,368134,0.21848371624946594,0.17265935242176056,0.04582436382770538,0.0,0.1,-0.1,0
amazon-sports-and-outdoors,test,604811,43,3,249895,368134,0.19116413593292236,0.12739509344100952,0.06376904249191284,0.0,0.0,0.0,0
amazon-sports-and-outdoors,test,604811,43,4,350381,368134,0.14791278541088104,0.12546561658382416,0.022447168827056885,0.0,0.0,0.0,0
amazon-sports-and-outdoors,test,604811,43,5,368131,368134,0.15814991295337677,0.15189354121685028,0.006256371736526489,0.0,0.0,0.0,0
amazon-sports-and-outdoors,test,604811,43,6,218906,368134,0.20803257822990417,0.19092993438243866,0.017102643847465515,0.0,0.0,0.0,0
amazon-sports-and-outdoors,test,604811,43,7,368130,368134,0.16818800568580627,0.13399310410022736,0.03419490158557892,0.0,0.0,0.0,0
amazon-sports-and-outdoors,test,604811,43,8,330638,368134,0.15072274208068848,0.1258651316165924,0.02485761046409607,0.0,0.05,-0.05,0
amazon-sports-and-outdoors,test,604811,43,9,203498,368134,0.15864381194114685,0.1400802880525589,0.01856352388858795,0.0,0.0,0.0,0
amazon-sports-and-outdoors,test,604811,43,10,175129,368134,0.24966445565223694,0.1581663191318512,0.09149813652038574,0.0,0.0,0.0,0
amazon-sports-and-outdoors,test,604811,43,11,279853,368134,0.20457161962985992,0.15448811650276184,0.050083503127098083,0.0,0.0,0.0,0
amazon-sports-and-outdoors,test,604811,43,12,185905,368134,0.12665626406669617,0.1476387232542038,-0.02098245918750763,0.0,0.0,0.0,0
amazon-sports-and-outdoors,test,604811,43,13,26478,368134,0.18962115049362183,0.14863809943199158,0.04098305106163025,0.0,0.05,-0.05,0
amazon-sports-and-outdoors,test,604811,43,14,26479,368134,0.1636819839477539,0.1638558804988861,-0.00017389655113220215,0.0,0.1,-0.1,0
amazon-sports-and-outdoors,test,604811,43,15,168491,368134,0.22481271624565125,0.14568695425987244,0.07912576198577881,0.0,0.05,-0.05,0
amazon-sports-and-outdoors,test,604811,43,16,204904,368134,0.23191314935684204,0.16833187639713287,0.06358127295970917,0.0,0.0,0.0,0
amazon-sports-and-outdoors,test,604811,43,17,195625,368134,0.20336976647377014,0.1384858638048172,0.06488390266895294,0.0,0.05,-0.05,0
amazon-sports-and-outdoors,test,604811,43,18,42955,368134,0.19662824273109436,0.1967904269695282,-0.0001621842384338379,0.0,0.1,-0.1,0
amazon-sports-and-outdoors,test,604811,43,19,89260,368134,0.2827990651130676,0.16409194469451904,0.11870712041854858,1.0,0.0,1.0,0
amazon-sports-and-outdoors,test,604811,43,20,22374,368134,0.2765245735645294,0.14779171347618103,0.1287328600883484,0.0,0.05,-0.05,0
amazon-sports-and-outdoors,test,604811,43,21,42951,368134,0.23184628784656525,0.16759556531906128,0.06425072252750397,0.0,0.05,-0.05,0
amazon-sports-and-outdoors,test,604811,43,22,245901,368134,0.1916266679763794,0.14910931885242462,0.04251734912395477,0.0,0.0,0.0,0
amazon-sports-and-outdoors,test,604811,43,23,5212,368134,0.185297429561615,0.1309049427509308,0.054392486810684204,0.0,0.0,0.0,0
amazon-sports-and-outdoors,test,604811,43,24,14709,368134,0.22475673258304596,0.17711207270622253,0.047644659876823425,0.0,0.0,0.0,0
amazon-sports-and-outdoors,test,604811,43,25,9081,368134,0.23384174704551697,0.1667650043964386,0.06707674264907837,0.0,0.0,0.0,0
amazon-sports-and-outdoors,test,604811,43,26,102229,368134,0.18180295825004578,0.14916494488716125,0.03263801336288452,0.0,0.05,-0.05,0
amazon-sports-and-outdoors,test,604811,43,27,59153,368134,0.2941940128803253,0.15867024660110474,0.13552376627922058,0.0,0.0,0.0,0
amazon-sports-and-outdoors,test,604811,43,28,368129,368134,0.15202896296977997,0.1450718343257904,0.006957128643989563,0.0,0.0,0.0,0
amazon-sports-and-outdoors,test,604811,43,29,153045,368134,0.24309387803077698,0.16072294116020203,0.08237093687057495,0.0,0.0,0.0,0
amazon-sports-and-outdoors,test,604811,43,30,240673,368134,0.1538531631231308,0.16014397144317627,-0.006290808320045471,0.0,0.0,0.0,0
amazon-sports-and-outdoors,test,604811,43,31,211391,368134,0.15677712857723236,0.16081638634204865,-0.004039257764816284,0.0,0.0,0.0,0
amazon-sports-and-outdoors,test,604811,43,32,59171,368134,0.3004485070705414,0.14076386392116547,0.15968464314937592,0.0,0.0,0.0,0
amazon-sports-and-outdoors,test,604811,43,33,22348,368134,0.22305478155612946,0.14870242774486542,0.07435235381126404,0.0,0.0,0.0,0
amazon-sports-and-outdoors,test,604811,43,34,21760,368134,0.21082159876823425,0.1558409482240677,0.054980650544166565,0.0,0.0,0.0,0
amazon-sports-and-outdoors,test,604811,43,35,211388,368134,0.25326043367385864,0.1549927294254303,0.09826770424842834,0.0,0.0,0.0,0
amazon-sports-and-outdoors,test,604811,43,36,21781,368134,0.22388802468776703,0.16290947794914246,0.06097854673862457,0.0,0.0,0.0,0
amazon-sports-and-outdoors,test,604811,43,37,19245,368134,0.2537335753440857,0.15215998888015747,0.10157358646392822,0.0,0.0,0.0,0
amazon-sports-and-outdoors,test,604811,43,38,49323,368134,0.17355486750602722,0.14928963780403137,0.02426522970199585,0.0,0.0,0.0,0
amazon-sports-and-outdoors,test,604811,43,39,9046,368134,0.22183158993721008,0.14919674396514893,0.07263484597206116,0.0,0.05,-0.05,0
amazon-sports-and-outdoors,test,604811,43,40,17269,368134,0.21174956858158112,0.1580597162246704,0.053689852356910706,0.0,0.0,0.0,0
amazon-sports-and-outdoors,test,604811,43,41,18843,368134,0.21077466011047363,0.15137512981891632,0.05939953029155731,0.0,0.0,0.0,0
amazon-sports-and-outdoors,test,604811,43,42,326258,368134,0.17810413241386414,0.14769235253334045,0.03041177988052368,0.0,0.05,-0.05,0
amazon-sports-and-outdoors,test,604811,43,43,25473,368134,0.0883248895406723,0.13824191689491272,-0.04991702735424042,0.0,0.0,0.0,0
amazon-sports-and-outdoors,test,605503,5,1,24364,379673,0.14798690378665924,0.15174856781959534,-0.003761664032936096,0.0,0.0,0.0,0
amazon-sports-and-outdoors,test,605503,5,2,142424,379673,0.2240147590637207,0.15375348925590515,0.07026126980781555,0.0,0.0,0.0,0
amazon-sports-and-outdoors,test,605503,5,3,21005,379673,0.23476865887641907,0.15888729691505432,0.07588136196136475,0.0,0.0,0.0,0
amazon-sports-and-outdoors,test,605503,5,4,15621,379673,0.17830055952072144,0.14279453456401825,0.035506024956703186,0.0,0.05,-0.05,0
amazon-sports-and-outdoors,test,605503,5,5,35780,379673,0.14772553741931915,0.1687239110469818,-0.02099837362766266,0.0,0.0,0.0,0
amazon-sports-and-outdoors,test,606578,25,1,22208,280922,0.10909762978553772,0.13313888013362885,-0.024041250348091125,0.0,0.0,0.0,0
amazon-sports-and-outdoors,test,606578,25,2,13667,280922,0.1568932831287384,0.1310034692287445,0.025889813899993896,0.0,0.0,0.0,0
amazon-sports-and-outdoors,test,606578,25,3,62156,280922,0.09728410840034485,0.13534003496170044,-0.03805592656135559,0.0,0.0,0.0,0
amazon-sports-and-outdoors,test,606578,25,4,159990,280922,0.12155847251415253,0.14353948831558228,-0.02198101580142975,0.0,0.0,0.0,0
amazon-sports-and-outdoors,test,606578,25,5,233101,280922,0.10854098945856094,0.1360568255186081,-0.02751583606004715,0.0,0.0,0.0,0
amazon-sports-and-outdoors,test,606578,25,6,22641,280922,0.11033649742603302,0.13491643965244293,-0.024579942226409912,0.0,0.0,0.0,0
amazon-sports-and-outdoors,test,606578,25,7,129850,280922,0.128840833902359,0.13869760930538177,-0.009856775403022766,0.0,0.05,-0.05,0
amazon-sports-and-outdoors,test,606578,25,8,9451,280922,0.16932210326194763,0.14468178153038025,0.024640321731567383,0.0,0.05,-0.05,0
amazon-sports-and-outdoors,test,606578,25,9,113701,280922,0.11084749549627304,0.12218379974365234,-0.011336304247379303,0.0,0.0,0.0,0
amazon-sports-and-outdoors,test,606578,25,10,280752,280922,0.12805595993995667,0.1406424343585968,-0.012586474418640137,0.0,0.05,-0.05,0
amazon-sports-and-outdoors,test,606578,25,11,257901,280922,0.1421714425086975,0.12586790323257446,0.016303539276123047,0.0,0.1,-0.1,0
amazon-sports-and-outdoors,test,606578,25,12,24492,280922,0.14570429921150208,0.11800236999988556,0.027701929211616516,0.0,0.0,0.0,0
amazon-sports-and-outdoors,test,606578,25,13,287221,280922,0.207811176776886,0.1392444670200348,0.0685667097568512,0.0,0.0,0.0,0
amazon-sports-and-outdoors,test,606578,25,14,19243,280922,0.24002215266227722,0.11591021716594696,0.12411193549633026,0.0,0.0,0.0,0
amazon-sports-and-outdoors,test,606578,25,15,216868,280922,0.38055920600891113,0.12183912098407745,0.2587200850248337,1.0,0.0,1.0,0
amazon-sports-and-outdoors,test,606578,25,16,102230,280922,0.17820042371749878,0.13669705390930176,0.04150336980819702,0.0,0.0,0.0,0
amazon-sports-and-outdoors,test,606578,25,17,200581,280922,0.17475803196430206,0.1623077690601349,0.012450262904167175,0.0,0.15,-0.15,0
amazon-sports-and-outdoors,test,606578,25,18,227065,280922,0.13170365989208221,0.14987881481647491,-0.0181751549243927,0.0,0.0,0.0,0
amazon-sports-and-outdoors,test,606578,25,19,22845,280922,0.14852899312973022,0.14239338040351868,0.006135612726211548,0.0,0.05,-0.05,0
amazon-sports-and-outdoors,test,606578,25,20,274377,280922,0.166012704372406,0.1505047082901001,0.015507996082305908,0.0,0.0,0.0,0
amazon-sports-and-outdoors,test,606578,25,21,435,280922,0.18650901317596436,0.13560441136360168,0.05090460181236267,0.0,0.0,0.0,0
amazon-sports-and-outdoors,test,606578,25,22,432,280922,0.17306391894817352,0.12712886929512024,0.045935049653053284,0.0,0.0,0.0,0
amazon-sports-and-outdoors,test,606578,25,23,241895,280922,0.19679273664951324,0.14356788992881775,0.053224846720695496,0.0,0.0,0.0,0
amazon-sports-and-outdoors,test,606578,25,24,87898,280922,0.168614000082016,0.12565746903419495,0.042956531047821045,0.0,0.0,0.0,0
amazon-sports-and-outdoors,test,606578,25,25,1456,280922,0.18453070521354675,0.13702742755413055,0.0475032776594162,0.0,0.0,0.0,0
amazon-sports-and-outdoors,test,606820,3,1,129131,31034,0.10031989216804504,0.08821331709623337,0.012106575071811676,0.0,0.2,-0.2,0
amazon-sports-and-outdoors,test,606820,3,2,57795,31034,0.09510341286659241,0.08233878016471863,0.01276463270187378,0.0,0.05,-0.05,0
amazon-sports-and-outdoors,test,606820,3,3,129130,31034,0.09311772882938385,0.082562156021595,0.010555572807788849,0.0,0.1,-0.1,0
amazon-sports-and-outdoors,test,617070,3,1,2929,252237,0.1940890997648239,0.11932077258825302,0.07476832717657089,0.0,0.05,-0.05,0
amazon-sports-and-outdoors,test,617070,3,2,7354,252237,0.14391902089118958,0.11094899475574493,0.03297002613544464,0.0,0.0,0.0,0
amazon-sports-and-outdoors,test,617070,3,3,15610,252237,0.10858950018882751,0.12138813734054565,-0.01279863715171814,0.0,0.0,0.0,0
amazon-sports-and-outdoors,test,617975,4,1,61047,10818,0.061695560812950134,0.10527805984020233,-0.0435824990272522,0.0,0.15,-0.15,0
amazon-sports-and-outdoors,test,617975,4,2,82159,10818,0.06896436959505081,0.11108653247356415,-0.042122162878513336,0.0,0.2,-0.2,0
amazon-sports-and-outdoors,test,617975,4,3,277380,10818,0.14396598935127258,0.11977805942296982,0.024187929928302765,0.0,0.1,-0.1,0
amazon-sports-and-outdoors,test,617975,4,4,174081,10818,0.057657670229673386,0.09254425019025803,-0.03488657996058464,0.0,0.1,-0.1,0
amazon-sports-and-outdoors,test,622277,4,1,40060,11706,0.19704803824424744,0.12603388726711273,0.0710141509771347,1.0,0.0,1.0,0
amazon-sports-and-outdoors,test,622277,4,2,13176,11706,0.13882474601268768,0.1303182989358902,0.008506447076797485,0.0,0.05,-0.05,0
amazon-sports-and-outdoors,test,622277,4,3,17488,11706,0.15660956501960754,0.13414183259010315,0.022467732429504395,0.0,0.0,0.0,0
amazon-sports-and-outdoors,test,622277,4,4,49979,11706,0.08673499524593353,0.14129526913166046,-0.05456027388572693,0.0,0.0,0.0,0
amazon-sports-and-outdoors,test,623693,12,1,11815,6473,0.10562567412853241,0.11402203887701035,-0.008396364748477936,0.0,0.0,0.0,0
amazon-sports-and-outdoors,test,623693,12,2,138820,6473,0.1774224042892456,0.1295352578163147,0.04788714647293091,0.0,0.05,-0.05,0
amazon-sports-and-outdoors,test,623693,12,3,67700,6473,0.13095125555992126,0.1291695088148117,0.001781746745109558,0.0,0.0,0.0,0
amazon-sports-and-outdoors,test,623693,12,4,7905,6473,0.09453508257865906,0.11792133003473282,-0.02338624745607376,0.0,0.05,-0.05,0
amazon-sports-and-outdoors,test,623693,12,5,1190,6473,0.11633743345737457,0.138111412525177,-0.02177397906780243,0.0,0.1,-0.1,0
amazon-sports-and-outdoors,test,623693,12,6,6385,6473,0.19497357308864594,0.12116259336471558,0.07381097972393036,0.0,0.0,0.0,0
amazon-sports-and-outdoors,test,623693,12,7,21180,6473,0.11119869351387024,0.12799763679504395,-0.016798943281173706,0.0,0.05,-0.05,0
amazon-sports-and-outdoors,test,623693,12,8,80981,6473,0.04688788205385208,0.11780885607004166,-0.07092097401618958,0.0,0.05,-0.05,0
amazon-sports-and-outdoors,test,623693,12,9,46923,6473,0.06512205302715302,0.1029021292924881,-0.03778007626533508,0.0,0.05,-0.05,0
amazon-sports-and-outdoors,test,623693,12,10,3734,6473,0.2070150375366211,0.13643841445446014,0.07057662308216095,0.0,0.05,-0.05,0
amazon-sports-and-outdoors,test,623693,12,11,19065,6473,0.0600438192486763,0.11692611128091812,-0.05688229203224182,0.0,0.0,0.0,0
amazon-sports-and-outdoors,test,623693,12,12,21316,6473,0.14947685599327087,0.12654288113117218,0.022933974862098694,0.0,0.1,-0.1,0
amazon-sports-and-outdoors,test,626093,4,1,10779,49012,0.07092750817537308,0.06621457636356354,0.00471293181180954,0.0,0.2,-0.2,0
amazon-sports-and-outdoors,test,626093,4,2,41968,49012,0.08452381193637848,0.07490703463554382,0.009616777300834656,0.0,0.1,-0.1,0
amazon-sports-and-outdoors,test,626093,4,3,247504,49012,0.06393354386091232,0.07142447680234909,-0.007490932941436768,1.0,0.1,0.9,0
amazon-sports-and-outdoors,test,626093,4,4,83374,49012,0.07881730049848557,0.07660119235515594,0.0022161081433296204,0.0,0.1,-0.1,0
amazon-sports-and-outdoors,test,626490,13,1,108661,52990,0.3489048182964325,0.12159822881221771,0.22730658948421478,0.0,0.0,0.0,0
amazon-sports-and-outdoors,test,626490,13,2,344083,52990,0.146053746342659,0.11722873151302338,0.02882501482963562,0.0,0.0,0.0,0
amazon-sports-and-outdoors,test,626490,13,3,82738,52990,0.07620195299386978,0.12133562564849854,-0.045133672654628754,0.0,0.05,-0.05,0
amazon-sports-and-outdoors,test,626490,13,4,82278,52990,0.15559446811676025,0.11843079328536987,0.03716367483139038,1.0,0.1,0.9,0
amazon-sports-and-outdoors,test,626490,13,5,8393,52990,0.15962570905685425,0.1427779495716095,0.01684775948524475,0.0,0.1,-0.1,0
amazon-sports-and-outdoors,test,626490,13,6,42691,52990,0.1451982855796814,0.1344108283519745,0.01078745722770691,0.0,0.0,0.0,0
amazon-sports-and-outdoors,test,626490,13,7,43531,52990,0.10085272789001465,0.14716634154319763,-0.04631361365318298,0.0,0.05,-0.05,0
amazon-sports-and-outdoors,test,626490,13,8,172879,52990,0.19984763860702515,0.1397435963153839,0.060104042291641235,0.0,0.05,-0.05,0
amazon-sports-and-outdoors,test,626490,13,9,314949,52990,0.15012815594673157,0.11711907386779785,0.033009082078933716,1.0,0.0,1.0,0
amazon-sports-and-outdoors,test,626490,13,10,13683,52990,0.17059460282325745,0.126368910074234,0.04422569274902344,0.0,0.0,0.0,0
amazon-sports-and-outdoors,test,626490,13,11,87729,52990,0.1167704313993454,0.10612241923809052,0.010648012161254883,0.0,0.05,-0.05,0
amazon-sports-and-outdoors,test,626490,13,12,8478,52990,0.13282492756843567,0.1297517567873001,0.003073170781135559,0.0,0.1,-0.1,0
amazon-sports-and-outdoors,test,626490,13,13,21053,52990,0.09909383952617645,0.14042069017887115,-0.0413268506526947,0.0,0.05,-0.05,0
