dataset,split,user,history_length,positive_signal_total,items_for_50pct,items_for_80pct,items_for_90pct
amazon-toys-and-games,valid,10,4,2.025461254635884,1,2,2
amazon-toys-and-games,valid,528,3,1.0342981856928701,1,1,1
amazon-toys-and-games,valid,722,25,21.778188837375033,12,17,23
amazon-toys-and-games,valid,1764,4,1.6562081105580542,2,3,3
amazon-toys-and-games,valid,2311,6,13.45200377112888,1,5,5
amazon-toys-and-games,valid,2318,3,0.9104917235079745,1,1,1
amazon-toys-and-games,valid,2377,6,0.14177871072902865,3,3,3
amazon-toys-and-games,valid,2714,5,7.86105741497552,4,5,5
amazon-toys-and-games,valid,2944,3,14.647166774044884,1,2,3
amazon-toys-and-games,valid,3057,5,9.966750467422532,2,2,4
amazon-toys-and-games,valid,3230,15,2.685551867220442,7,8,15
amazon-toys-and-games,valid,3583,3,0.4981097871065313,2,2,2
amazon-toys-and-games,valid,3624,4,0.5258999484622506,1,1,1
amazon-toys-and-games,valid,3629,3,1.828502177911043,2,3,3
amazon-toys-and-games,valid,4004,18,15.421884703053323,8,13,14
amazon-toys-and-games,valid,4199,2,3.9741927992486072,1,1,1
amazon-toys-and-games,valid,4966,3,4.797943625455841,2,2,2
amazon-toys-and-games,valid,5398,11,30.721132203845617,5,6,7
amazon-toys-and-games,valid,5678,6,2.6404693331417453,3,5,5
amazon-toys-and-games,valid,5804,4,2.0480001183932592,1,1,1
amazon-toys-and-games,valid,5993,9,16.136905613820034,3,7,8
amazon-toys-and-games,valid,6082,5,2.211132495401668,3,3,3
amazon-toys-and-games,valid,6403,4,33.03020236076918,2,3,4
amazon-toys-and-games,valid,6844,7,2.259776187409446,3,3,3
amazon-toys-and-games,valid,7961,3,8.522034522386603,2,3,3
amazon-toys-and-games,valid,8213,77,33.66718061062462,32,51,67
amazon-toys-and-games,valid,8484,4,4.318429675321033,4,4,4
amazon-toys-and-games,valid,8490,8,20.22780431542165,2,5,5
amazon-toys-and-games,valid,9207,2,15.421273384012649,1,1,1
amazon-toys-and-games,valid,9307,7,1.2631141563364015,2,2,4
amazon-toys-and-games,valid,9710,3,8.636555019251238,2,2,3
amazon-toys-and-games,valid,9721,4,4.1629703452080555,2,3,4
amazon-toys-and-games,valid,9790,4,2.3889151528256494,2,4,4
amazon-toys-and-games,valid,9940,4,6.627612660008774,2,2,2
amazon-toys-and-games,valid,10693,4,3.4765027010675817,1,1,2
amazon-toys-and-games,valid,11198,6,1.1903990656039691,5,5,5
amazon-toys-and-games,valid,11563,5,2.0208160900486987,4,4,4
amazon-toys-and-games,valid,12966,3,1.2897632647093031,3,3,3
amazon-toys-and-games,valid,13470,5,1.4340722518897544,2,5,5
amazon-toys-and-games,valid,14672,7,3.5549308990026445,3,5,7
amazon-toys-and-games,valid,15233,5,5.702588922855977,4,5,5
amazon-toys-and-games,valid,15338,9,7.956459866993521,4,5,6
amazon-toys-and-games,valid,15453,5,3.3690724552200586,1,2,3
amazon-toys-and-games,valid,16029,4,0.483752833580123,1,1,1
amazon-toys-and-games,valid,16226,5,11.488399958739443,3,4,5
amazon-toys-and-games,valid,16800,24,13.280644706951701,10,14,19
amazon-toys-and-games,valid,16835,7,32.315126933448255,4,6,7
amazon-toys-and-games,valid,17529,3,9.085743851503484,2,3,3
amazon-toys-and-games,valid,18011,3,11.012482836297728,2,2,2
amazon-toys-and-games,valid,18425,9,7.309456136657191,4,6,8
amazon-toys-and-games,valid,18738,7,2.089745505720412,5,7,7
amazon-toys-and-games,valid,18760,5,2.2864217541036513,3,4,4
amazon-toys-and-games,valid,18791,8,7.679052317614456,1,3,3
amazon-toys-and-games,valid,18905,3,2.206269264597614,1,1,1
amazon-toys-and-games,valid,19292,20,13.426932986569257,6,15,16
amazon-toys-and-games,valid,19395,25,8.604109068272244,8,20,21
amazon-toys-and-games,valid,19423,4,2.3669476377350938,1,3,3
amazon-toys-and-games,valid,19490,5,2.901720503239656,1,3,3
amazon-toys-and-games,valid,19622,3,17.30333750724384,2,3,3
amazon-toys-and-games,valid,19841,18,10.394772583435152,14,17,18
amazon-toys-and-games,valid,21495,4,28.0708089086627,2,2,3
amazon-toys-and-games,valid,22007,18,11.90179911585786,11,16,18
amazon-toys-and-games,valid,22053,8,10.6418817040104,3,6,6
amazon-toys-and-games,valid,22204,5,2.3142817371250963,2,3,3
amazon-toys-and-games,valid,22386,3,0.37022963548979615,2,2,2
amazon-toys-and-games,valid,22646,8,26.810057178505225,2,2,3
amazon-toys-and-games,valid,22903,6,1.2109811518816653,5,6,6
amazon-toys-and-games,valid,22905,6,5.3176605618455834,3,3,5
amazon-toys-and-games,valid,23313,3,1.9555657196112426,2,2,3
amazon-toys-and-games,valid,23757,4,3.795202935343303,2,2,4
amazon-toys-and-games,valid,23862,4,0.6561182404611368,2,2,2
amazon-toys-and-games,valid,25220,21,2.7506566493657774,10,18,18
amazon-toys-and-games,valid,25949,3,1.9989014471615376,3,3,3
amazon-toys-and-games,valid,26622,5,2.3104254814675023,5,5,5
amazon-toys-and-games,valid,27406,6,28.666438186227914,2,5,5
amazon-toys-and-games,valid,27540,10,4.655905233785262,5,7,8
amazon-toys-and-games,valid,28623,3,1.3255453505316408,1,2,2
amazon-toys-and-games,valid,28667,7,2.6107282127784908,1,1,1
amazon-toys-and-games,valid,28934,6,3.2390607189822784,4,6,6
amazon-toys-and-games,valid,29027,3,3.384729710782091,3,3,3
amazon-toys-and-games,valid,29179,30,20.515603782538147,13,23,28
amazon-toys-and-games,valid,29238,4,1.2815668082979763,1,2,2
amazon-toys-and-games,valid,29387,4,1.0955950307971098,4,4,4
amazon-toys-and-games,valid,30094,4,2.9848880997129275,1,1,4
amazon-toys-and-games,valid,30119,7,3.5096801351858757,3,3,3
amazon-toys-and-games,valid,30154,11,5.847257896378197,8,10,10
amazon-toys-and-games,valid,30229,3,2.912680607430784,1,1,1
amazon-toys-and-games,valid,30507,3,6.851874411314499,2,3,3
amazon-toys-and-games,valid,30962,5,1.6392274055603469,4,4,4
amazon-toys-and-games,valid,30983,5,1.9512699163297382,4,5,5
amazon-toys-and-games,valid,31341,4,3.840927019220121,4,4,4
amazon-toys-and-games,valid,31568,1,0.3661804848317807,1,1,1
amazon-toys-and-games,valid,31928,6,4.469521736135957,2,4,4
amazon-toys-and-games,valid,31997,3,1.2244491440553147,2,3,3
amazon-toys-and-games,valid,32510,4,2.2218602401726164,3,4,4
amazon-toys-and-games,valid,33797,4,2.903383194899021,3,4,4
amazon-toys-and-games,valid,33941,2,0.023997529426132314,1,1,1
amazon-toys-and-games,valid,34420,3,0.7043235232417289,1,2,2
amazon-toys-and-games,valid,34439,4,29.4647904961076,3,4,4
amazon-toys-and-games,valid,34542,5,7.445938772850073,3,4,5
amazon-toys-and-games,valid,34745,4,2.080288717647319,4,4,4
amazon-toys-and-games,valid,35116,4,0.2558473273385784,2,2,2
amazon-toys-and-games,valid,35633,4,0.611178638415539,1,1,1
amazon-toys-and-games,valid,36208,4,1.239566673081743,2,2,2
amazon-toys-and-games,valid,36290,7,3.6109040950723172,2,4,6
amazon-toys-and-games,valid,36820,4,4.731574464015943,1,2,2
amazon-toys-and-games,valid,36979,15,11.607897462836249,4,13,15
amazon-toys-and-games,valid,36997,5,8.129028667422519,3,4,5
amazon-toys-and-games,valid,37581,3,7.350441960392522,2,3,3
amazon-toys-and-games,valid,37762,1,1.7373484754432966,1,1,1
amazon-toys-and-games,valid,37821,11,0.9640331776870954,6,6,8
amazon-toys-and-games,valid,38679,29,33.283647671020546,2,2,8
amazon-toys-and-games,valid,38849,3,11.51340926987598,1,1,1
amazon-toys-and-games,valid,39220,10,62.886442839740745,6,9,9
amazon-toys-and-games,valid,39493,7,6.321902797236808,1,3,3
amazon-toys-and-games,valid,39498,12,19.201163998001228,4,8,9
amazon-toys-and-games,valid,39641,4,1.2195722524905748,4,4,4
amazon-toys-and-games,valid,39681,3,6.086737355622045,1,1,1
amazon-toys-and-games,valid,39944,3,3.846134172323286,2,2,2
amazon-toys-and-games,valid,39966,5,1.355052593612418,1,1,1
amazon-toys-and-games,valid,40226,6,18.457460802312916,2,6,6
amazon-toys-and-games,valid,40293,1,2.3699383324170293,1,1,1
amazon-toys-and-games,valid,41236,4,2.613047759347486,3,4,4
amazon-toys-and-games,valid,41331,4,32.47734707521532,2,4,4
amazon-toys-and-games,valid,42279,6,4.257425651151858,5,6,6
amazon-toys-and-games,valid,42430,17,3.9148232597977537,10,11,11
amazon-toys-and-games,valid,42950,3,0.19242547501658736,3,3,3
amazon-toys-and-games,valid,43197,4,1.9721266091949188,4,4,4
amazon-toys-and-games,valid,43230,25,60.85309148390076,15,22,23
amazon-toys-and-games,valid,43534,17,7.038846080604433,7,12,13
amazon-toys-and-games,valid,43855,29,95.10544557764811,14,19,21
amazon-toys-and-games,valid,44453,15,4.509199036081547,3,4,6
amazon-toys-and-games,valid,44454,4,0.1416023857253652,3,3,3
amazon-toys-and-games,valid,44902,4,1.390152906285727,4,4,4
amazon-toys-and-games,valid,45910,11,0.426265949333377,10,10,10
amazon-toys-and-games,valid,46074,6,4.033051957501627,4,5,5
amazon-toys-and-games,valid,46601,6,0.6576095401693087,2,4,4
amazon-toys-and-games,valid,46641,3,0.33382472017101755,1,1,1
amazon-toys-and-games,valid,47058,7,1.7969537895045007,4,5,5
amazon-toys-and-games,valid,47614,5,1.6093689038460166,5,5,5
amazon-toys-and-games,valid,47915,7,2.8442404493732525,7,7,7
amazon-toys-and-games,valid,48455,3,1.620476367168613,3,3,3
amazon-toys-and-games,valid,48621,4,14.625620465742132,2,4,4
amazon-toys-and-games,valid,48625,1,0.09012016473106547,1,1,1
amazon-toys-and-games,valid,48662,7,4.59603745603496,2,6,6
amazon-toys-and-games,valid,48855,3,3.238683909666702,1,3,3
amazon-toys-and-games,valid,48901,6,0.36530815672004135,2,6,6
amazon-toys-and-games,valid,49025,3,1.1087493314290908,1,1,1
amazon-toys-and-games,valid,50076,14,11.468111578816487,9,12,12
amazon-toys-and-games,valid,50506,5,1.362805960721139,3,3,3
amazon-toys-and-games,valid,50632,3,1.8482500723672475,3,3,3
amazon-toys-and-games,valid,50950,5,7.167521592065526,2,3,5
amazon-toys-and-games,valid,51286,4,2.4731295683307137,2,3,4
amazon-toys-and-games,valid,51647,4,1.7605448265529264,2,3,3
amazon-toys-and-games,valid,51800,3,3.3683999157333444,2,2,2
amazon-toys-and-games,valid,51968,3,2.1090673868248664,2,2,3
amazon-toys-and-games,valid,52057,2,4.079201169310519,1,1,1
amazon-toys-and-games,valid,52171,10,16.133281464605567,7,10,10
amazon-toys-and-games,valid,52490,6,1.0776156988955845,1,5,5
amazon-toys-and-games,valid,52839,3,5.499830600243073,3,3,3
amazon-toys-and-games,valid,53251,3,0.1382401942458979,3,3,3
amazon-toys-and-games,valid,53522,9,2.1716921084631506,8,9,9
amazon-toys-and-games,valid,53887,6,0.3276505622952507,2,2,2
amazon-toys-and-games,valid,53940,2,11.406084009504095,1,2,2
amazon-toys-and-games,valid,53969,4,7.512267331473488,2,2,2
amazon-toys-and-games,valid,54159,3,0.8103282434140113,2,2,2
amazon-toys-and-games,valid,54300,10,4.322229770073587,7,8,8
amazon-toys-and-games,valid,54357,3,4.5832302399152125,2,2,3
amazon-toys-and-games,valid,54472,26,28.07112373860109,9,19,20
amazon-toys-and-games,valid,54523,13,16.970546324809504,1,1,2
amazon-toys-and-games,valid,55102,3,8.892461290242403,2,2,2
amazon-toys-and-games,valid,55575,2,0.322985412521137,2,2,2
amazon-toys-and-games,valid,55739,4,1.1773493709820526,3,3,3
amazon-toys-and-games,valid,55742,3,1.8094008927939549,2,2,2
amazon-toys-and-games,valid,55756,5,1.6608454328566973,5,5,5
amazon-toys-and-games,valid,56072,4,2.5950514779836285,2,4,4
amazon-toys-and-games,valid,56540,3,2.5823593664215085,1,1,1
amazon-toys-and-games,valid,57263,4,1.9567051282432368,2,2,2
amazon-toys-and-games,valid,57887,7,3.94059858544088,3,6,6
amazon-toys-and-games,valid,58194,13,16.24611125260258,6,7,13
amazon-toys-and-games,valid,58847,18,36.56938480598336,10,14,16
amazon-toys-and-games,valid,59353,3,1.3661620807514125,1,1,1
amazon-toys-and-games,valid,59984,4,1.9266382999284517,1,2,2
amazon-toys-and-games,valid,60605,9,22.23074403522807,4,5,7
amazon-toys-and-games,valid,60829,16,6.25503843322206,7,12,14
amazon-toys-and-games,valid,61120,3,2.272362807541828,2,2,3
amazon-toys-and-games,valid,61589,10,3.1227869014302123,5,6,6
amazon-toys-and-games,valid,61675,9,8.019742708426683,1,1,1
amazon-toys-and-games,valid,61901,4,0.16814220801278235,2,2,2
amazon-toys-and-games,valid,61982,8,3.717165080995978,4,4,7
amazon-toys-and-games,valid,62021,7,78.81095866222195,4,6,7
amazon-toys-and-games,valid,62093,8,4.191296691420682,4,6,8
amazon-toys-and-games,valid,62204,4,3.5986478629668857,1,2,2
amazon-toys-and-games,valid,62573,14,8.147095149917678,7,12,13
amazon-toys-and-games,valid,62706,13,17.519040918468594,1,1,3
amazon-toys-and-games,valid,63458,3,1.2982822668590388,2,3,3
amazon-toys-and-games,valid,64472,3,22.640267583944585,2,3,3
amazon-toys-and-games,valid,64622,7,1.7684355601996518,4,7,7
amazon-toys-and-games,valid,66608,3,0.12464331026541023,2,2,3
amazon-toys-and-games,valid,66631,5,1.4329779996611371,5,5,5
amazon-toys-and-games,valid,66750,5,3.6014683040943516,3,5,5
amazon-toys-and-games,valid,67206,8,1.098201200363452,5,5,5
amazon-toys-and-games,valid,67571,4,0.42942854192060553,1,1,1
amazon-toys-and-games,valid,67696,5,5.992613196636341,1,4,4
amazon-toys-and-games,valid,68005,66,33.14573710587045,27,49,56
amazon-toys-and-games,valid,68250,17,6.432803635229609,8,14,15
amazon-toys-and-games,valid,68889,4,2.8819185981833337,2,4,4
amazon-toys-and-games,valid,69028,3,1.4710901306000344,1,1,1
amazon-toys-and-games,valid,69133,5,0.21665612279404803,5,5,5
amazon-toys-and-games,valid,70071,3,1.2599360056606144,1,1,1
amazon-toys-and-games,valid,70262,3,5.2807069393059365,2,2,2
amazon-toys-and-games,valid,70360,4,3.1995515222862343,2,3,3
amazon-toys-and-games,valid,70852,7,1.2107213444515903,4,6,6
amazon-toys-and-games,valid,70860,3,1.8804500031653753,3,3,3
amazon-toys-and-games,valid,70981,2,0.8908633607077691,2,2,2
amazon-toys-and-games,valid,71018,6,9.034966045104163,3,5,5
amazon-toys-and-games,valid,71211,5,6.6874825880639985,3,5,5
amazon-toys-and-games,valid,71253,4,0.5031175942945074,4,4,4
amazon-toys-and-games,valid,71810,6,3.8188886705556406,6,6,6
amazon-toys-and-games,valid,71954,7,5.772527716956122,3,5,5
amazon-toys-and-games,valid,72080,9,4.822924476674283,5,6,9
amazon-toys-and-games,valid,72661,5,0.9360267209538551,1,5,5
amazon-toys-and-games,valid,72769,3,8.954972298696832,2,3,3
amazon-toys-and-games,valid,73048,16,4.6707776280505,8,10,16
amazon-toys-and-games,valid,73164,3,3.168668590009013,1,2,3
amazon-toys-and-games,valid,73370,6,3.22613548906883,2,6,6
amazon-toys-and-games,valid,73734,14,6.592327294623586,9,12,14
amazon-toys-and-games,valid,73929,13,9.19807679257482,6,8,9
amazon-toys-and-games,valid,74591,5,4.9402471370745396,4,5,5
amazon-toys-and-games,valid,74861,5,6.9757247650175245,2,3,3
amazon-toys-and-games,valid,74918,2,1.6178720949301437,2,2,2
amazon-toys-and-games,valid,75615,3,1.159308692145967,2,2,2
amazon-toys-and-games,valid,75843,5,27.372518761568557,1,4,4
amazon-toys-and-games,valid,75941,3,10.599575466563993,1,1,1
amazon-toys-and-games,valid,76318,9,3.9244668714220747,5,8,8
amazon-toys-and-games,valid,76339,6,2.326066293521302,3,5,6
amazon-toys-and-games,valid,76668,4,0.5848329760137913,3,3,3
amazon-toys-and-games,valid,76917,5,5.1829826639254915,3,3,3
amazon-toys-and-games,valid,76987,8,8.656648986311476,2,5,8
amazon-toys-and-games,valid,77710,5,1.7315272205519063,5,5,5
amazon-toys-and-games,valid,77743,9,6.423515835825738,3,8,9
amazon-toys-and-games,valid,78585,3,0.5815325109344587,2,3,3
amazon-toys-and-games,valid,78710,10,3.9720584318800167,5,7,9
amazon-toys-and-games,valid,78933,4,1.9904907191890873,3,4,4
amazon-toys-and-games,valid,78998,39,38.79673540706632,22,28,33
amazon-toys-and-games,valid,79124,4,0.6848169688909695,2,2,2
amazon-toys-and-games,valid,79657,4,3.3408369277682857,1,2,3
amazon-toys-and-games,valid,80111,7,2.01945380863589,3,5,7
amazon-toys-and-games,valid,80202,4,0.7913973383399178,3,3,3
amazon-toys-and-games,valid,80243,2,0.7258218923935557,1,2,2
amazon-toys-and-games,valid,80689,34,29.895828098553025,7,23,29
amazon-toys-and-games,valid,80985,4,0.6061890455751437,2,2,2
amazon-toys-and-games,valid,81171,2,1.7649621853068274,2,2,2
amazon-toys-and-games,valid,82613,19,3.0517749786851023,13,17,17
amazon-toys-and-games,valid,82765,4,0.4017235073421213,4,4,4
amazon-toys-and-games,valid,83624,6,30.41562016912654,2,2,2
amazon-toys-and-games,valid,83942,5,4.196885586891892,2,3,3
amazon-toys-and-games,valid,83947,4,1.3415372947304691,4,4,4
amazon-toys-and-games,valid,84278,4,1.9553843350665843,2,2,2
amazon-toys-and-games,valid,84384,8,1.0046903842348245,7,8,8
amazon-toys-and-games,valid,84739,3,8.076672790186969,1,3,3
amazon-toys-and-games,valid,84804,3,1.7494667085680986,3,3,3
amazon-toys-and-games,valid,85579,9,2.687579604762571,3,8,9
amazon-toys-and-games,valid,85585,4,0.5302387578422094,1,1,1
amazon-toys-and-games,valid,86071,4,1.11136764389382,1,4,4
amazon-toys-and-games,valid,86587,20,39.120128365614576,10,14,15
amazon-toys-and-games,valid,87057,27,15.791916004536132,12,21,26
amazon-toys-and-games,valid,87192,5,0.6134028126367854,2,2,3
amazon-toys-and-games,valid,87248,3,0.5175195777357681,2,3,3
amazon-toys-and-games,valid,87602,27,24.962908188746937,14,16,21
amazon-toys-and-games,valid,87716,5,1.4317945730224897,4,4,4
amazon-toys-and-games,valid,88020,5,0.6271316241487086,1,5,5
amazon-toys-and-games,valid,88261,2,0.31756613816177137,1,1,2
amazon-toys-and-games,valid,88544,13,23.37546897992254,3,4,5
amazon-toys-and-games,valid,88636,10,2.5744156340828646,3,9,10
amazon-toys-and-games,valid,88913,3,0.6045513986437016,1,2,2
amazon-toys-and-games,valid,89466,9,10.769227694586627,3,5,9
amazon-toys-and-games,valid,89804,2,6.632477914629226,2,2,2
amazon-toys-and-games,valid,89935,8,1.5852319840654816,6,7,7
amazon-toys-and-games,valid,89947,6,7.558733776502746,5,6,6
amazon-toys-and-games,valid,90041,3,2.1871022054475953,2,2,2
amazon-toys-and-games,valid,90230,3,0.33626341893043704,2,2,2
amazon-toys-and-games,valid,90425,5,3.977531084396875,2,4,4
amazon-toys-and-games,valid,91815,2,1.548043598823682,1,2,2
amazon-toys-and-games,valid,92712,1,1.552927700234339,1,1,1
amazon-toys-and-games,valid,93420,5,1.819529334934088,3,5,5
amazon-toys-and-games,valid,93563,3,2.2960217271868935,2,3,3
amazon-toys-and-games,valid,93729,4,3.459921826296977,3,3,4
amazon-toys-and-games,valid,94053,5,1.810654141098329,4,4,5
amazon-toys-and-games,valid,94100,3,3.5436407862501405,3,3,3
amazon-toys-and-games,valid,94151,3,3.991394100233681,2,2,2
amazon-toys-and-games,valid,94231,4,20.020305455873814,2,3,3
amazon-toys-and-games,valid,95063,7,29.062581019852942,2,6,7
amazon-toys-and-games,valid,95325,3,1.471372200010486,3,3,3
amazon-toys-and-games,valid,95334,6,27.57937227666253,3,5,6
amazon-toys-and-games,valid,95419,8,5.665343111823889,4,4,4
amazon-toys-and-games,valid,95956,4,18.655759519004615,2,2,2
amazon-toys-and-games,valid,95958,5,3.1911754521695967,1,4,5
amazon-toys-and-games,valid,96145,49,14.430657251451155,13,38,44
amazon-toys-and-games,valid,96934,5,1.2837758038962386,1,3,3
amazon-toys-and-games,valid,97625,7,4.484070952220161,2,4,7
amazon-toys-and-games,valid,97833,10,23.858292375821947,4,7,8
amazon-toys-and-games,valid,97908,5,3.348802922087306,3,3,5
amazon-toys-and-games,valid,97930,1,0.4836906012258888,1,1,1
amazon-toys-and-games,valid,98001,3,4.553971040831698,3,3,3
amazon-toys-and-games,valid,98184,3,1.2811008245723694,2,2,2
amazon-toys-and-games,valid,99275,3,0.9093644577743675,2,2,2
amazon-toys-and-games,valid,99294,3,12.14646536355237,1,1,1
amazon-toys-and-games,valid,100100,5,10.609316600840984,4,4,5
amazon-toys-and-games,valid,100632,5,2.019182870215627,3,3,3
amazon-toys-and-games,valid,100736,3,0.7998623298895358,3,3,3
amazon-toys-and-games,valid,101036,6,1.6064826886856203,2,2,2
amazon-toys-and-games,valid,101408,6,3.4826128557497666,5,5,5
amazon-toys-and-games,valid,101460,4,21.006032933437755,2,3,3
amazon-toys-and-games,valid,101789,8,4.51977145294396,3,4,7
amazon-toys-and-games,valid,102060,9,6.857161505165381,3,7,8
amazon-toys-and-games,valid,102450,9,0.6774927773471195,3,4,4
amazon-toys-and-games,valid,102571,5,5.0495306927884025,3,4,5
amazon-toys-and-games,valid,102776,3,1.8022264636635466,2,3,3
amazon-toys-and-games,valid,102792,3,2.3995078078520407,2,2,3
amazon-toys-and-games,valid,102936,3,3.638092044561148,3,3,3
amazon-toys-and-games,valid,103104,10,5.366310831256655,6,9,9
amazon-toys-and-games,valid,103356,4,2.070678372505038,3,4,4
amazon-toys-and-games,valid,103899,4,12.117363769170838,3,4,4
amazon-toys-and-games,valid,104586,1,1.4456578418363453,1,1,1
amazon-toys-and-games,valid,104973,3,2.7951408927218564,3,3,3
amazon-toys-and-games,valid,104986,3,4.693347734473518,3,3,3
amazon-toys-and-games,valid,105004,3,3.4410965391411463,3,3,3
amazon-toys-and-games,valid,105156,16,6.623809656020148,8,15,15
amazon-toys-and-games,valid,105228,3,1.0884039051814192,1,3,3
amazon-toys-and-games,valid,106204,3,10.371497809440104,2,3,3
amazon-toys-and-games,valid,106226,3,0.8833391908061057,2,2,2
amazon-toys-and-games,valid,106359,11,11.770044367747424,4,8,10
amazon-toys-and-games,valid,106699,9,3.572019751689112,6,7,7
amazon-toys-and-games,valid,106721,12,23.947929607365072,4,9,11
amazon-toys-and-games,valid,106878,4,4.489722080045607,2,2,3
amazon-toys-and-games,valid,107540,2,1.1043528432817928,2,2,2
amazon-toys-and-games,valid,107612,3,11.923503281839645,1,1,1
amazon-toys-and-games,valid,108177,2,1.1619896164305052,2,2,2
amazon-toys-and-games,valid,108536,3,9.991332626810596,2,3,3
amazon-toys-and-games,valid,108674,8,19.797103425429416,4,6,7
amazon-toys-and-games,valid,108829,3,1.0623897692033455,3,3,3
amazon-toys-and-games,valid,109207,8,2.5647104225469337,1,5,7
amazon-toys-and-games,valid,109277,2,2.5743811027155754,1,1,2
amazon-toys-and-games,valid,109540,3,2.020729065943591,2,3,3
amazon-toys-and-games,valid,109688,2,2.646859659906508,2,2,2
amazon-toys-and-games,valid,110046,6,3.332517271533739,4,5,5
amazon-toys-and-games,valid,110703,3,6.936055939803099,1,1,1
amazon-toys-and-games,valid,110713,5,1.670291342916652,2,2,2
amazon-toys-and-games,valid,111598,3,14.267009939658015,2,3,3
amazon-toys-and-games,valid,111692,7,2.1535291152235203,4,5,5
amazon-toys-and-games,valid,111758,4,2.5057088382149155,2,3,3
amazon-toys-and-games,valid,112069,18,4.065277438981777,8,16,16
amazon-toys-and-games,valid,112139,13,4.514458302456958,4,11,13
amazon-toys-and-games,valid,112217,5,5.436373331134119,4,4,4
amazon-toys-and-games,valid,112304,5,0.28263013408226345,2,2,2
amazon-toys-and-games,valid,112436,7,0.3553171443621756,4,4,4
amazon-toys-and-games,valid,112577,3,1.8993891299935852,1,2,2
amazon-toys-and-games,valid,113065,11,3.882074432045969,1,7,7
amazon-toys-and-games,valid,113221,4,3.4025107086766258,4,4,4
amazon-toys-and-games,valid,114228,27,27.087035678807943,16,23,25
amazon-toys-and-games,valid,115053,9,2.8621216261794817,6,6,8
amazon-toys-and-games,valid,115325,4,2.086028260951645,4,4,4
amazon-toys-and-games,valid,115688,7,2.819903045280805,2,4,5
amazon-toys-and-games,valid,116082,6,2.4323595340188042,1,2,2
amazon-toys-and-games,valid,116607,12,0.6228181124737229,8,10,12
amazon-toys-and-games,valid,116779,6,1.5563064617105637,4,5,5
amazon-toys-and-games,valid,116979,3,0.5636768848102524,2,2,2
amazon-toys-and-games,valid,117845,12,60.938042189109076,3,9,11
amazon-toys-and-games,valid,119202,6,1.006030783132831,2,5,5
amazon-toys-and-games,valid,119311,4,33.67867285203986,2,3,4
amazon-toys-and-games,valid,119345,17,4.052262402215675,5,12,15
amazon-toys-and-games,valid,119534,7,1.6879153685518284,2,7,7
amazon-toys-and-games,valid,120346,6,2.152497221837662,6,6,6
amazon-toys-and-games,valid,120593,4,0.7241145502849122,2,2,2
amazon-toys-and-games,valid,120814,5,1.2507875966111448,4,4,5
amazon-toys-and-games,valid,121090,3,0.30802536170816686,3,3,3
amazon-toys-and-games,valid,121435,3,1.8824181646122926,1,2,2
amazon-toys-and-games,valid,121564,10,7.0088112538864396,3,7,10
amazon-toys-and-games,valid,122166,8,5.0071593137516865,1,6,7
amazon-toys-and-games,valid,122232,19,0.8409517477267324,1,7,7
amazon-toys-and-games,valid,122669,4,0.6628308599872589,4,4,4
amazon-toys-and-games,valid,122700,5,25.713336779302384,1,3,4
amazon-toys-and-games,valid,122745,2,0.4914504192493779,2,2,2
amazon-toys-and-games,valid,122811,7,2.61770329599371,4,4,6
amazon-toys-and-games,valid,123925,11,14.538843519211806,3,9,9
amazon-toys-and-games,valid,124074,4,0.38611191413756546,3,3,4
amazon-toys-and-games,valid,124466,3,4.866308016886977,2,3,3
amazon-toys-and-games,valid,124985,6,2.3455450203965906,3,3,3
amazon-toys-and-games,valid,125448,5,0.9374186006814822,1,1,1
amazon-toys-and-games,valid,125647,6,2.622084605518024,3,3,3
amazon-toys-and-games,valid,125755,8,36.86102813288201,5,7,8
amazon-toys-and-games,valid,126852,4,7.445374128075071,4,4,4
amazon-toys-and-games,valid,126976,3,0.7947005861667975,1,1,2
amazon-toys-and-games,valid,127494,9,6.920592464661161,7,9,9
amazon-toys-and-games,valid,127534,2,0.2099775286811149,1,1,1
amazon-toys-and-games,valid,127933,12,9.85627045675196,4,10,11
amazon-toys-and-games,valid,127959,10,6.309249138186247,4,9,9
amazon-toys-and-games,valid,128003,3,4.791110841831095,3,3,3
amazon-toys-and-games,valid,128008,4,0.1347376005038291,4,4,4
amazon-toys-and-games,valid,128300,4,1.8655076607458865,3,4,4
amazon-toys-and-games,valid,129390,5,3.445363250061932,4,5,5
amazon-toys-and-games,valid,129596,24,22.179285214610864,8,9,10
amazon-toys-and-games,valid,129772,4,2.422782455358563,3,3,3
amazon-toys-and-games,valid,129829,3,1.0297451047517883,2,3,3
amazon-toys-and-games,valid,129956,3,1.9324023820066025,2,3,3
amazon-toys-and-games,valid,130060,3,2.2825496873804485,3,3,3
amazon-toys-and-games,valid,130468,4,0.8560503034744311,4,4,4
amazon-toys-and-games,valid,130882,7,3.6863504525221846,5,5,5
amazon-toys-and-games,valid,131359,30,14.57883261337119,7,21,21
amazon-toys-and-games,valid,131708,5,2.485514439265934,3,4,4
amazon-toys-and-games,valid,131966,3,3.5441474992807547,2,3,3
amazon-toys-and-games,valid,132001,6,3.577362500490933,2,6,6
amazon-toys-and-games,valid,132174,4,0.5249617830733184,2,4,4
amazon-toys-and-games,valid,132282,4,13.425791680609391,2,2,3
amazon-toys-and-games,valid,132351,2,2.476312778547496,1,2,2
amazon-toys-and-games,valid,132719,7,1.1996902801980127,5,5,5
amazon-toys-and-games,valid,132947,3,0.2586775080824586,1,1,1
amazon-toys-and-games,valid,133271,3,1.9960020771945552,2,3,3
amazon-toys-and-games,valid,133402,1,0.9662130809246388,1,1,1
amazon-toys-and-games,valid,133723,3,0.880375311691442,1,2,2
amazon-toys-and-games,valid,133896,3,1.905394425688656,1,1,1
amazon-toys-and-games,valid,134444,3,11.152025482884174,2,3,3
amazon-toys-and-games,valid,134485,4,5.552483725512058,4,4,4
amazon-toys-and-games,valid,134987,4,0.6927419809279336,2,2,2
amazon-toys-and-games,valid,135199,3,0.9262190537127829,2,3,3
amazon-toys-and-games,valid,135360,6,4.684261684266807,4,5,5
amazon-toys-and-games,valid,135487,3,0.5677700534749212,1,1,1
amazon-toys-and-games,valid,135713,3,1.2557153365628806,1,1,1
amazon-toys-and-games,valid,135751,10,6.41346809336447,7,9,9
amazon-toys-and-games,valid,135821,5,6.746673272740692,3,4,5
amazon-toys-and-games,valid,136250,8,5.2742437551508505,6,8,8
amazon-toys-and-games,valid,136756,12,8.723715478988959,4,5,6
amazon-toys-and-games,valid,138282,6,7.5461821936917515,3,3,4
amazon-toys-and-games,valid,138304,11,8.656451917189735,5,9,10
amazon-toys-and-games,valid,138680,11,5.195143776660223,4,10,10
amazon-toys-and-games,valid,138915,1,0.34997730479642586,1,1,1
amazon-toys-and-games,valid,139076,3,4.650137610028415,2,3,3
amazon-toys-and-games,valid,139302,3,3.0386775978893112,2,3,3
amazon-toys-and-games,valid,140952,5,1.8715571009361351,5,5,5
amazon-toys-and-games,valid,140953,3,4.7590057774266175,2,2,2
amazon-toys-and-games,valid,141560,4,9.281678118199858,3,4,4
amazon-toys-and-games,valid,141629,4,2.7356644704674906,2,2,2
amazon-toys-and-games,valid,141698,2,7.661319385359371,1,2,2
amazon-toys-and-games,valid,142854,31,15.12311463319814,17,25,30
amazon-toys-and-games,valid,142891,5,5.511526614671872,4,5,5
amazon-toys-and-games,valid,142921,3,1.8446669054348388,2,3,3
amazon-toys-and-games,valid,142998,14,11.227328402346842,1,8,9
amazon-toys-and-games,valid,143292,6,6.484725403847818,5,6,6
amazon-toys-and-games,valid,143658,11,18.534352417647906,3,4,7
amazon-toys-and-games,valid,143695,8,0.40261613686210174,7,7,7
amazon-toys-and-games,valid,144282,11,1.2115207519287445,7,9,9
amazon-toys-and-games,valid,144551,6,2.812484746274454,5,5,6
amazon-toys-and-games,valid,144793,6,6.322465418195412,4,5,6
amazon-toys-and-games,valid,145628,4,4.421210582460052,1,1,1
amazon-toys-and-games,valid,145740,3,0.6260448347430585,1,1,3
amazon-toys-and-games,valid,146369,3,3.1151108188101846,2,3,3
amazon-toys-and-games,valid,146466,7,5.132558645930222,4,5,5
amazon-toys-and-games,valid,146735,35,11.548882723697645,11,16,17
amazon-toys-and-games,valid,147471,4,11.052630420578774,1,2,3
amazon-toys-and-games,valid,147857,13,3.969183094732758,11,13,13
amazon-toys-and-games,valid,148343,3,2.460295663132219,1,3,3
amazon-toys-and-games,valid,148556,5,24.870366274718783,3,5,5
amazon-toys-and-games,valid,149181,6,4.407609524358243,3,4,4
amazon-toys-and-games,valid,149628,10,7.4669452281286945,4,6,6
amazon-toys-and-games,valid,149727,3,1.6203974383290967,3,3,3
amazon-toys-and-games,valid,149760,3,0.5833543251581059,3,3,3
amazon-toys-and-games,valid,150174,40,15.077149462192928,22,30,32
amazon-toys-and-games,valid,150408,3,12.7490976782968,3,3,3
amazon-toys-and-games,valid,151320,5,11.262694846876471,3,3,3
amazon-toys-and-games,valid,151347,3,24.447819467482045,2,2,2
amazon-toys-and-games,valid,151394,3,1.5540853232139145,1,3,3
amazon-toys-and-games,valid,151412,10,9.90808901073388,6,8,9
amazon-toys-and-games,valid,151684,3,2.45438346299145,3,3,3
amazon-toys-and-games,valid,153047,18,6.064518381344056,7,9,15
amazon-toys-and-games,valid,154018,6,4.165361990236224,4,5,5
amazon-toys-and-games,valid,154021,5,1.6157047140565621,4,4,4
amazon-toys-and-games,valid,154181,3,0.1697266032752559,1,1,1
amazon-toys-and-games,valid,154605,9,1.6434297338219752,5,7,7
amazon-toys-and-games,valid,154755,6,5.641769698421632,2,2,3
amazon-toys-and-games,valid,155178,9,1.4020981031085125,7,8,8
amazon-toys-and-games,valid,155771,17,36.47877879882829,5,7,14
amazon-toys-and-games,valid,155951,2,4.111556301528658,1,1,1
amazon-toys-and-games,valid,156014,10,2.1187437589771276,9,10,10
amazon-toys-and-games,valid,156067,9,1.544366197940248,2,4,7
amazon-toys-and-games,valid,156628,4,0.052219332872957214,2,2,2
amazon-toys-and-games,valid,156897,7,3.317954900642947,1,5,7
amazon-toys-and-games,valid,157072,3,9.37367461370879,2,3,3
amazon-toys-and-games,valid,157429,5,2.1079464455175025,1,4,4
amazon-toys-and-games,valid,157766,5,7.3828227697812085,2,4,5
amazon-toys-and-games,valid,158229,3,1.4567443080638143,2,2,2
amazon-toys-and-games,valid,158286,2,0.9124267449613771,2,2,2
amazon-toys-and-games,valid,158328,3,14.402444238956807,2,3,3
amazon-toys-and-games,valid,158859,17,2.829196916133871,13,14,14
amazon-toys-and-games,valid,158892,9,3.098997698604534,1,7,7
amazon-toys-and-games,valid,159365,7,3.385710502803903,2,7,7
amazon-toys-and-games,valid,159956,6,0.400072705604093,5,5,5
amazon-toys-and-games,valid,160236,1,0.17254350272402524,1,1,1
amazon-toys-and-games,valid,160408,3,0.3231759042395854,1,3,3
amazon-toys-and-games,valid,160447,7,2.5403277355625837,7,7,7
amazon-toys-and-games,valid,160603,3,3.2416555045813826,2,3,3
amazon-toys-and-games,valid,160748,3,1.7725482080971502,1,2,2
amazon-toys-and-games,valid,161040,6,18.685549210961423,2,2,2
amazon-toys-and-games,valid,161063,5,2.823291925839019,2,4,4
amazon-toys-and-games,valid,161403,3,2.822968115215361,1,3,3
amazon-toys-and-games,valid,161581,12,19.72338781046529,2,3,3
amazon-toys-and-games,valid,161587,3,0.7160469856804239,2,2,2
amazon-toys-and-games,valid,161706,2,0.4695829565819917,2,2,2
amazon-toys-and-games,valid,161854,3,2.2909551028348547,1,3,3
amazon-toys-and-games,valid,162173,4,1.144590360904016,4,4,4
amazon-toys-and-games,valid,162463,6,7.003515179350293,1,1,2
amazon-toys-and-games,valid,162657,4,2.3128555790072305,2,4,4
amazon-toys-and-games,valid,163312,3,1.157129421351048,1,1,1
amazon-toys-and-games,valid,163410,3,8.769299919534326,2,3,3
amazon-toys-and-games,valid,163502,4,1.6118450432087965,1,3,3
amazon-toys-and-games,valid,163621,21,130.04035451950773,10,17,17
amazon-toys-and-games,valid,164421,3,0.5838267597984811,2,2,2
amazon-toys-and-games,valid,164459,15,11.040017870298794,9,13,14
amazon-toys-and-games,valid,164481,7,17.869743002512504,2,4,5
amazon-toys-and-games,valid,164613,3,2.3252080056358224,1,2,2
amazon-toys-and-games,valid,164812,6,0.7264640746343012,4,4,4
amazon-toys-and-games,valid,165249,4,14.664092456534274,1,1,1
amazon-toys-and-games,valid,165378,3,0.6497395506406612,1,2,2
amazon-toys-and-games,valid,165812,3,7.021681840757145,1,2,3
amazon-toys-and-games,valid,166385,4,1.676775018212766,3,4,4
amazon-toys-and-games,valid,167027,4,0.9531790708798054,4,4,4
amazon-toys-and-games,valid,167507,19,3.792353528343644,14,19,19
amazon-toys-and-games,valid,167583,3,12.10048830262582,1,1,1
amazon-toys-and-games,valid,167645,10,0.8877760287928359,9,9,10
amazon-toys-and-games,valid,168165,3,2.551709046541516,2,3,3
amazon-toys-and-games,valid,168456,3,0.9225878211409252,2,2,2
amazon-toys-and-games,valid,169315,3,2.414926759033225,3,3,3
amazon-toys-and-games,valid,169907,4,4.145410196277936,3,3,3
amazon-toys-and-games,valid,170677,3,3.6646073280747413,2,2,2
amazon-toys-and-games,valid,170815,4,1.221351566569867,2,2,4
amazon-toys-and-games,valid,170861,3,1.3074301699544093,1,2,2
amazon-toys-and-games,valid,171168,19,17.286111667484946,7,14,17
amazon-toys-and-games,valid,171248,4,0.6551371954622748,1,4,4
amazon-toys-and-games,valid,172765,5,2.4109557782835775,1,3,3
amazon-toys-and-games,valid,172806,15,20.637560413291133,8,13,14
amazon-toys-and-games,valid,172822,7,12.63248474500957,3,4,5
amazon-toys-and-games,valid,173935,24,19.992348203176746,2,7,15
amazon-toys-and-games,valid,174137,4,16.776721127776746,3,4,4
amazon-toys-and-games,valid,174495,8,2.228250187471805,7,8,8
amazon-toys-and-games,valid,174981,12,1.5467455735815054,4,12,12
amazon-toys-and-games,valid,175162,3,7.470313111591782,2,2,3
amazon-toys-and-games,valid,175667,2,2.5488406662631258,2,2,2
amazon-toys-and-games,valid,175903,3,0.3240661304775936,3,3,3
amazon-toys-and-games,valid,175938,3,0.501500944458193,2,2,2
amazon-toys-and-games,valid,175939,14,8.905704765284415,11,13,13
amazon-toys-and-games,valid,175940,9,5.41972111683549,6,8,8
amazon-toys-and-games,valid,176187,6,4.158273573302725,5,6,6
amazon-toys-and-games,valid,177028,3,0.9535494292806135,3,3,3
amazon-toys-and-games,valid,177767,4,3.1286541981446536,3,4,4
amazon-toys-and-games,valid,177898,4,2.091180138569444,1,1,1
amazon-toys-and-games,valid,178015,7,1.5583064982657473,4,7,7
amazon-toys-and-games,valid,178261,22,14.75617407882044,10,18,21
amazon-toys-and-games,valid,178511,6,0.16191188923197497,1,1,1
amazon-toys-and-games,valid,179273,3,8.390357248497649,1,1,3
amazon-toys-and-games,valid,179416,10,6.244951985272182,5,7,8
amazon-toys-and-games,valid,179581,4,1.505275931238561,2,2,3
amazon-toys-and-games,valid,179608,2,1.1830041669747189,2,2,2
amazon-toys-and-games,valid,179715,7,12.336810355311957,3,5,7
amazon-toys-and-games,valid,179748,3,0.7745461575916737,1,1,1
amazon-toys-and-games,valid,180658,7,2.077746171808984,3,6,6
amazon-toys-and-games,valid,180661,7,2.59725756434582,3,6,7
amazon-toys-and-games,valid,180710,6,0.5865686515520048,2,5,5
amazon-toys-and-games,valid,181082,8,3.1677639440791703,5,7,7
amazon-toys-and-games,valid,181283,4,0.13552726836456852,3,3,3
amazon-toys-and-games,valid,181322,3,1.4916838538220183,3,3,3
amazon-toys-and-games,valid,181425,4,2.450530243058452,3,3,4
amazon-toys-and-games,valid,181743,11,4.611822465007108,6,8,9
amazon-toys-and-games,valid,181814,5,3.945547701953318,5,5,5
amazon-toys-and-games,valid,182656,7,6.991960832069344,6,6,7
amazon-toys-and-games,valid,182792,6,1.4319146106325875,3,5,5
amazon-toys-and-games,valid,182855,7,2.7120088395240716,2,7,7
amazon-toys-and-games,valid,183025,2,0.18379984304038952,2,2,2
amazon-toys-and-games,valid,183198,4,1.4054729434404662,1,1,1
amazon-toys-and-games,valid,183476,4,1.4773594078465007,1,3,3
amazon-toys-and-games,valid,183695,6,6.708328402916041,4,4,5
amazon-toys-and-games,valid,183708,6,2.828981379687499,2,5,5
amazon-toys-and-games,valid,183725,1,0.8340510397641343,1,1,1
amazon-toys-and-games,valid,183734,3,9.344218851457631,2,2,3
amazon-toys-and-games,valid,184223,3,0.7008557138439984,1,2,2
amazon-toys-and-games,valid,184717,56,35.83318389768191,32,43,47
amazon-toys-and-games,valid,184876,3,5.047157894550438,1,1,3
amazon-toys-and-games,valid,185204,3,2.747118259371171,1,3,3
amazon-toys-and-games,valid,185253,5,17.05452142402552,4,4,4
amazon-toys-and-games,valid,185255,4,3.287103211031368,3,4,4
amazon-toys-and-games,valid,185258,10,1.973472636832282,7,7,10
amazon-toys-and-games,valid,185322,12,4.337460759306819,3,8,10
amazon-toys-and-games,valid,185408,5,3.234950980320852,3,4,4
amazon-toys-and-games,valid,185502,4,2.0205159327791913,1,2,2
amazon-toys-and-games,valid,186022,7,3.5290313616280993,5,7,7
amazon-toys-and-games,valid,186487,15,4.778130589409331,7,13,15
amazon-toys-and-games,valid,186896,5,0.19222865887189566,2,2,2
amazon-toys-and-games,valid,187213,5,5.194051674736529,4,5,5
amazon-toys-and-games,valid,187295,5,5.406888350033718,1,2,5
amazon-toys-and-games,valid,188438,3,5.139256972253035,2,3,3
amazon-toys-and-games,valid,188470,4,7.385181907258487,4,4,4
amazon-toys-and-games,valid,188855,7,12.304475334769275,1,1,4
amazon-toys-and-games,valid,189467,4,3.2642116972666653,3,3,3
amazon-toys-and-games,valid,189873,27,24.5011143955262,8,20,20
amazon-toys-and-games,valid,189956,17,2.659862933239799,14,16,17
amazon-toys-and-games,valid,190267,4,3.3416163500585108,1,1,1
amazon-toys-and-games,valid,190284,19,6.997100313811705,11,15,15
amazon-toys-and-games,valid,191299,4,2.5740025225606513,3,3,4
amazon-toys-and-games,valid,191526,6,36.03479926998413,2,3,5
amazon-toys-and-games,valid,191619,6,2.5097796184106826,3,5,6
amazon-toys-and-games,valid,191651,3,3.1432244113239864,3,3,3
amazon-toys-and-games,valid,191687,6,1.9196237522934738,4,6,6
amazon-toys-and-games,valid,191722,3,12.42213850227847,1,1,3
amazon-toys-and-games,valid,191826,5,9.748343616955813,3,4,4
amazon-toys-and-games,valid,192053,6,6.708243276138806,3,5,5
amazon-toys-and-games,valid,192703,4,0.8865536436885293,4,4,4
amazon-toys-and-games,valid,192785,6,0.2830603215553332,3,3,3
amazon-toys-and-games,valid,192797,3,10.49021892697128,3,3,3
amazon-toys-and-games,valid,193303,4,0.13360666660300077,2,2,2
amazon-toys-and-games,valid,193546,3,0.2229248940864148,2,2,2
amazon-toys-and-games,valid,194045,3,8.319938936399735,3,3,3
amazon-toys-and-games,valid,195716,15,8.546486841303892,6,7,9
amazon-toys-and-games,valid,195760,7,2.6863205379860533,4,4,4
amazon-toys-and-games,valid,195861,4,5.687348446983378,2,3,4
amazon-toys-and-games,valid,195915,4,1.3437161860598135,3,3,3
amazon-toys-and-games,valid,195975,3,0.25975228107824644,1,1,1
amazon-toys-and-games,valid,196266,3,0.23888142149828068,3,3,3
amazon-toys-and-games,valid,196359,3,4.801038420193741,1,2,2
amazon-toys-and-games,valid,196449,9,4.111265883875566,2,3,5
amazon-toys-and-games,valid,197169,5,12.181051247395047,4,5,5
amazon-toys-and-games,valid,197234,6,6.016385197022637,3,5,6
amazon-toys-and-games,valid,197427,7,4.526740464709986,6,7,7
amazon-toys-and-games,valid,197599,2,0.23517884939839845,2,2,2
amazon-toys-and-games,valid,198655,4,3.762709424678961,3,3,3
amazon-toys-and-games,valid,198766,5,1.2097263857149931,4,5,5
amazon-toys-and-games,valid,200150,5,2.6453256070769315,1,4,5
amazon-toys-and-games,valid,200203,7,4.610824470545914,3,4,5
amazon-toys-and-games,valid,200244,14,13.070688428342764,5,11,14
amazon-toys-and-games,valid,200272,5,3.0280803892760244,1,4,5
amazon-toys-and-games,valid,200434,4,28.061285840602576,1,3,4
amazon-toys-and-games,valid,200505,2,0.8531349959533159,2,2,2
amazon-toys-and-games,valid,200636,9,3.853515157214801,4,8,8
amazon-toys-and-games,valid,200669,10,7.247715443319195,4,9,9
amazon-toys-and-games,valid,201654,4,0.9977789247476128,2,2,3
amazon-toys-and-games,valid,201746,3,1.3743926890644536,1,1,2
amazon-toys-and-games,valid,201785,12,13.638184001718725,5,8,9
amazon-toys-and-games,valid,202140,10,1.527748388520382,8,10,10
amazon-toys-and-games,valid,202209,7,1.5292213473924485,2,6,6
amazon-toys-and-games,valid,202452,3,4.547467127371604,2,2,3
amazon-toys-and-games,valid,202798,6,2.0631832949640936,3,3,3
amazon-toys-and-games,valid,203080,3,6.750509037257258,3,3,3
amazon-toys-and-games,valid,203105,7,7.262784653729125,2,5,6
amazon-toys-and-games,valid,203375,23,20.11501070314275,11,18,19
amazon-toys-and-games,valid,203952,6,5.942623666723987,3,5,5
amazon-toys-and-games,valid,204096,12,1.953739478289225,11,12,12
amazon-toys-and-games,valid,204560,8,2.704547787396317,3,6,6
amazon-toys-and-games,valid,204639,3,3.0462830999124635,1,2,3
amazon-toys-and-games,valid,205766,11,2.920015676987772,7,11,11
amazon-toys-and-games,valid,205916,3,0.46377700680211015,2,2,2
amazon-toys-and-games,valid,205919,4,7.246739584349853,2,3,3
amazon-toys-and-games,valid,206034,3,2.610102853511552,2,3,3
amazon-toys-and-games,valid,206065,3,1.265936621280265,2,2,2
amazon-toys-and-games,valid,206302,4,5.81414067079774,2,4,4
amazon-toys-and-games,valid,206735,3,2.280103652286587,2,2,2
amazon-toys-and-games,valid,206770,5,2.9489623229263424,3,4,4
amazon-toys-and-games,valid,207360,3,0.7430686027590563,1,3,3
amazon-toys-and-games,valid,207924,4,1.7967082752777357,3,3,3
amazon-toys-and-games,valid,208069,3,0.3596438108437473,3,3,3
amazon-toys-and-games,valid,208416,3,1.1928749519896993,2,2,2
amazon-toys-and-games,valid,209043,5,1.6919545266163794,2,5,5
amazon-toys-and-games,valid,209268,3,1.8074180586781532,1,2,3
amazon-toys-and-games,valid,209680,4,0.8636547935893845,3,3,3
amazon-toys-and-games,valid,210308,4,1.4780144919167826,2,2,2
amazon-toys-and-games,valid,210592,3,0.18840997030618634,1,1,1
amazon-toys-and-games,valid,210832,3,0.3118825027854355,2,2,2
amazon-toys-and-games,valid,210925,7,0.9918240979739636,3,3,3
amazon-toys-and-games,valid,211131,13,11.758924002595293,5,12,12
amazon-toys-and-games,valid,211458,5,2.2927194912682127,2,2,4
amazon-toys-and-games,valid,211662,9,22.10049791575371,3,4,4
amazon-toys-and-games,valid,212008,3,0.24151769533354106,3,3,3
amazon-toys-and-games,valid,212049,2,5.254290569818788,2,2,2
amazon-toys-and-games,valid,212092,3,0.8415228434165032,1,3,3
amazon-toys-and-games,valid,212651,4,0.8075764855555481,1,2,2
amazon-toys-and-games,valid,213161,5,8.943066819270854,3,4,5
amazon-toys-and-games,valid,213290,7,0.10432925317190528,3,3,3
amazon-toys-and-games,valid,214325,7,6.656223478913825,5,6,7
amazon-toys-and-games,valid,214803,6,1.9815778317729182,6,6,6
amazon-toys-and-games,valid,214910,9,8.227933839671115,6,9,9
amazon-toys-and-games,valid,215237,4,2.72928616011259,4,4,4
amazon-toys-and-games,valid,215636,3,7.557998751684749,1,1,1
amazon-toys-and-games,valid,215670,5,1.7753097055720284,3,3,4
amazon-toys-and-games,valid,215919,6,4.023286663916384,5,6,6
amazon-toys-and-games,valid,216248,6,5.8268031840450405,4,5,5
amazon-toys-and-games,valid,216471,5,0.7075198882650966,2,2,2
amazon-toys-and-games,valid,216750,6,1.1295148260678431,2,2,5
amazon-toys-and-games,valid,216758,9,2.548313462091484,6,7,9
amazon-toys-and-games,valid,216923,4,2.32981971400818,2,4,4
amazon-toys-and-games,valid,217043,3,2.5247005842694694,3,3,3
amazon-toys-and-games,valid,218085,3,15.806267898521545,1,3,3
amazon-toys-and-games,valid,218109,5,3.194573439901602,3,5,5
amazon-toys-and-games,valid,218606,5,4.884773317701038,4,5,5
amazon-toys-and-games,valid,218773,2,2.1284641491360423,1,2,2
amazon-toys-and-games,valid,218861,3,1.6154871537937925,1,2,3
amazon-toys-and-games,valid,219558,6,7.357445124060262,1,1,1
amazon-toys-and-games,valid,219786,4,0.6309422174488264,3,3,3
amazon-toys-and-games,valid,221060,4,1.1125338680930863,2,2,2
amazon-toys-and-games,valid,221313,4,1.2294917355876287,3,3,3
amazon-toys-and-games,valid,221508,4,0.7910574636736024,1,1,1
amazon-toys-and-games,valid,221954,3,2.99982715343077,3,3,3
amazon-toys-and-games,valid,222383,7,1.6942286638049482,3,3,4
amazon-toys-and-games,valid,222495,4,1.6828286325243358,4,4,4
amazon-toys-and-games,valid,223007,7,7.451486053596603,2,2,3
amazon-toys-and-games,valid,223452,3,14.692339367953284,1,1,1
amazon-toys-and-games,valid,224537,2,0.11808741002159728,2,2,2
amazon-toys-and-games,valid,224639,4,17.828621077124417,1,2,3
amazon-toys-and-games,valid,225010,12,4.5754205854129255,8,12,12
amazon-toys-and-games,valid,225305,3,2.4065102125886315,2,3,3
amazon-toys-and-games,valid,225870,3,1.403866539174666,2,2,2
amazon-toys-and-games,valid,225912,4,3.239425005933893,2,3,4
amazon-toys-and-games,valid,226440,3,1.9086393623055722,2,2,2
amazon-toys-and-games,valid,226551,12,11.878480703321737,2,9,11
amazon-toys-and-games,valid,226556,3,2.6224860800959493,2,2,2
amazon-toys-and-games,valid,226704,4,3.531886207634329,2,2,2
amazon-toys-and-games,valid,226898,9,3.185671683475621,3,9,9
amazon-toys-and-games,valid,227206,4,0.0595779925398332,4,4,4
amazon-toys-and-games,valid,227612,3,0.8980462645693436,2,2,2
amazon-toys-and-games,valid,227616,4,0.6138627249131989,3,3,3
amazon-toys-and-games,valid,227720,4,22.724380429164178,1,2,4
amazon-toys-and-games,valid,227980,3,0.7744213134176308,2,2,2
amazon-toys-and-games,valid,228644,5,0.7993816734950442,4,4,5
amazon-toys-and-games,valid,229216,8,2.4771961744051607,1,3,4
amazon-toys-and-games,valid,229349,4,6.012773696660659,3,4,4
amazon-toys-and-games,valid,229602,4,1.692345376158216,1,4,4
amazon-toys-and-games,valid,229809,5,3.05232520376827,1,4,4
amazon-toys-and-games,valid,229832,3,0.7715089151325875,2,2,2
amazon-toys-and-games,valid,230148,1,0.4197426831289795,1,1,1
amazon-toys-and-games,valid,230665,6,5.706873342170244,2,5,5
amazon-toys-and-games,valid,231870,17,17.158315630737242,2,9,14
amazon-toys-and-games,valid,231901,18,8.367520124798638,11,14,16
amazon-toys-and-games,valid,232127,9,18.410663083837036,3,4,5
amazon-toys-and-games,valid,232142,22,6.957653602446946,8,19,20
amazon-toys-and-games,valid,232708,7,16.30072153481682,4,7,7
amazon-toys-and-games,valid,232882,5,0.48153371889987107,3,3,3
amazon-toys-and-games,valid,233345,14,5.752246799856133,7,11,11
amazon-toys-and-games,valid,233491,4,4.90887014061919,4,4,4
amazon-toys-and-games,valid,233492,5,0.9997749136700007,1,1,1
amazon-toys-and-games,valid,233533,6,7.6951543068299175,3,6,6
amazon-toys-and-games,valid,233612,2,5.023574994508817,1,1,1
amazon-toys-and-games,valid,233630,4,4.417123864710151,4,4,4
amazon-toys-and-games,valid,233889,5,2.930266560019975,1,2,3
amazon-toys-and-games,valid,233891,5,0.8439557237037788,2,2,2
amazon-toys-and-games,valid,233895,9,7.120592072546735,5,6,6
amazon-toys-and-games,valid,234004,5,6.3269872564708525,3,5,5
amazon-toys-and-games,valid,234114,3,3.910686326103481,1,3,3
amazon-toys-and-games,valid,235240,3,2.2398269232216554,2,3,3
amazon-toys-and-games,valid,235355,2,3.0315408623393125,2,2,2
amazon-toys-and-games,valid,235670,7,2.359491771636858,6,7,7
amazon-toys-and-games,valid,235775,5,0.6174046565865008,4,4,4
amazon-toys-and-games,valid,235990,3,2.2623555414085166,1,2,2
amazon-toys-and-games,valid,236345,6,31.7797538798932,3,5,5
amazon-toys-and-games,valid,236413,10,3.0033122917564077,6,8,8
amazon-toys-and-games,valid,236612,6,7.654356824508113,1,4,4
amazon-toys-and-games,valid,237146,8,1.534631514578024,4,4,5
amazon-toys-and-games,valid,237377,3,4.9724521274136615,3,3,3
amazon-toys-and-games,valid,237800,8,4.303565502809911,4,5,5
amazon-toys-and-games,valid,238031,9,5.389194123267242,6,7,9
amazon-toys-and-games,valid,238275,4,3.91849888984184,1,3,3
amazon-toys-and-games,valid,238953,4,0.26308841592159116,1,2,2
amazon-toys-and-games,valid,238999,5,5.7364240973035745,2,3,3
amazon-toys-and-games,valid,239270,13,6.000716051539268,6,12,13
amazon-toys-and-games,valid,239329,4,4.623680005282161,2,4,4
amazon-toys-and-games,valid,239395,7,5.156473957815191,4,7,7
amazon-toys-and-games,valid,239750,9,19.75833026545957,4,4,4
amazon-toys-and-games,valid,239801,33,17.16639508526307,13,26,27
amazon-toys-and-games,valid,240463,32,9.397312030304626,9,16,26
amazon-toys-and-games,valid,241621,3,3.8679659652266607,3,3,3
amazon-toys-and-games,valid,242158,3,4.029770339212498,1,2,2
amazon-toys-and-games,valid,242484,5,9.000101507041204,4,4,4
amazon-toys-and-games,valid,242610,8,1.9059486984046192,1,6,6
amazon-toys-and-games,valid,242935,4,0.5601163593237949,3,3,3
amazon-toys-and-games,valid,242978,4,0.856289366786428,2,2,2
amazon-toys-and-games,valid,243583,7,2.304364151355916,4,4,4
amazon-toys-and-games,valid,243671,3,4.350336532207046,2,3,3
amazon-toys-and-games,valid,243782,4,2.9645495038455993,1,4,4
amazon-toys-and-games,valid,243859,10,2.166445996894327,8,10,10
amazon-toys-and-games,valid,243965,16,10.54556638430844,5,12,15
amazon-toys-and-games,valid,244572,5,4.167650926582202,3,3,5
amazon-toys-and-games,valid,244678,4,1.432051344727968,2,2,3
amazon-toys-and-games,valid,244891,3,0.8038916218491472,3,3,3
amazon-toys-and-games,valid,245203,6,2.231776055102449,5,6,6
amazon-toys-and-games,valid,245309,3,1.0661495141164674,1,2,2
amazon-toys-and-games,valid,245539,3,0.7106180981931683,2,2,2
amazon-toys-and-games,valid,245661,3,0.13761572039863362,1,1,1
amazon-toys-and-games,valid,246217,5,2.4812535468172925,4,5,5
amazon-toys-and-games,valid,246299,9,0.65068568480666,2,7,7
amazon-toys-and-games,valid,246780,18,22.019267238061712,8,11,18
amazon-toys-and-games,valid,246805,100,52.96017666905245,34,77,89
amazon-toys-and-games,valid,247254,7,2.0886875556984315,2,3,3
amazon-toys-and-games,valid,247513,2,1.5910171897272851,1,1,1
amazon-toys-and-games,valid,248175,10,6.382633985657845,3,7,8
amazon-toys-and-games,valid,248260,7,19.80191568135795,6,6,6
amazon-toys-and-games,valid,248470,17,7.511117677270979,10,15,16
amazon-toys-and-games,valid,248547,54,14.773650112881521,23,43,45
amazon-toys-and-games,valid,248701,10,22.6715126528685,4,7,8
amazon-toys-and-games,valid,248758,3,1.71608145380345,1,1,3
amazon-toys-and-games,valid,248906,6,16.60375439444852,2,3,3
amazon-toys-and-games,valid,248942,4,3.992663918534813,2,2,2
amazon-toys-and-games,valid,248948,3,0.18772111379976528,3,3,3
amazon-toys-and-games,valid,249119,4,2.3634967777996954,3,4,4
amazon-toys-and-games,valid,249218,6,2.906508599859939,2,4,4
amazon-toys-and-games,valid,249351,8,10.379175789388004,4,5,7
amazon-toys-and-games,valid,249572,6,4.110099912653349,2,5,6
amazon-toys-and-games,valid,249687,8,9.738016461343115,4,5,7
amazon-toys-and-games,valid,249715,36,27.34673660554509,9,23,33
amazon-toys-and-games,valid,249790,3,1.626060835541454,1,1,1
amazon-toys-and-games,valid,249922,11,4.592033082314748,5,7,11
amazon-toys-and-games,valid,250226,6,4.544554602598036,6,6,6
amazon-toys-and-games,valid,250429,8,9.819009214119838,3,4,5
amazon-toys-and-games,valid,250450,10,10.35381484015234,3,4,7
amazon-toys-and-games,valid,250642,6,9.913397481145463,3,3,4
amazon-toys-and-games,valid,251075,3,0.9357557825335918,2,2,2
amazon-toys-and-games,valid,251100,1,1.6108381945508619,1,1,1
amazon-toys-and-games,valid,251362,4,0.8800006526807883,4,4,4
amazon-toys-and-games,valid,251532,3,1.1967410737522335,3,3,3
amazon-toys-and-games,valid,251719,11,1.739471585333175,1,7,7
amazon-toys-and-games,valid,251927,3,6.060197786311678,2,3,3
amazon-toys-and-games,valid,252159,3,8.25250044097062,1,1,1
amazon-toys-and-games,valid,252199,7,8.328023197489507,3,6,6
amazon-toys-and-games,valid,252389,17,11.191524181032653,11,15,16
amazon-toys-and-games,valid,252605,4,18.748579201833376,3,4,4
amazon-toys-and-games,valid,252984,9,6.396499657753674,5,8,8
amazon-toys-and-games,valid,253097,6,5.725876978146134,5,5,6
amazon-toys-and-games,valid,253270,10,4.943236819848276,9,10,10
amazon-toys-and-games,valid,253493,5,10.878736146897701,1,1,1
amazon-toys-and-games,valid,253928,3,1.131637430003622,3,3,3
amazon-toys-and-games,valid,254198,8,6.279364453347269,6,8,8
amazon-toys-and-games,valid,254257,15,6.13794522300591,1,5,8
amazon-toys-and-games,valid,254310,6,2.4587858960994167,2,3,3
amazon-toys-and-games,valid,254565,3,1.6907265760169787,1,1,1
amazon-toys-and-games,valid,254715,2,0.30258483727662355,1,1,1
amazon-toys-and-games,valid,254730,4,0.6377680442047038,3,3,3
amazon-toys-and-games,valid,255000,5,8.17615879774175,3,5,5
amazon-toys-and-games,valid,255658,2,1.6780893604746507,1,2,2
amazon-toys-and-games,valid,255962,3,0.7031781696490658,1,1,1
amazon-toys-and-games,valid,256120,12,2.5383823420501423,5,12,12
amazon-toys-and-games,valid,256129,4,0.5454142186130269,3,3,3
amazon-toys-and-games,valid,256147,5,1.5918069840765492,5,5,5
amazon-toys-and-games,valid,256405,6,4.735088062259676,5,5,5
amazon-toys-and-games,valid,256445,5,0.21329443726868014,3,3,3
amazon-toys-and-games,valid,256930,4,2.0688260745468976,1,1,1
amazon-toys-and-games,valid,257020,3,8.241174152500005,2,2,3
amazon-toys-and-games,valid,257062,4,5.492784936430978,3,4,4
amazon-toys-and-games,valid,257559,4,1.1755509571355054,1,3,4
amazon-toys-and-games,valid,257697,4,7.94970512678862,3,4,4
amazon-toys-and-games,valid,258313,5,3.0188237060492695,1,4,4
amazon-toys-and-games,valid,258407,10,5.12112117404625,7,9,9
amazon-toys-and-games,valid,258537,10,30.241245365539505,2,5,6
amazon-toys-and-games,valid,258693,16,2.0840103895144555,9,9,11
amazon-toys-and-games,valid,258790,5,8.85396349579119,1,1,3
amazon-toys-and-games,valid,259071,4,7.143081479290887,3,4,4
amazon-toys-and-games,valid,259770,2,1.0900006963193292,1,2,2
amazon-toys-and-games,valid,260037,24,30.82954071194446,10,19,23
amazon-toys-and-games,valid,260689,6,1.1211530491545159,3,6,6
amazon-toys-and-games,valid,261283,4,0.4861214576967666,4,4,4
amazon-toys-and-games,valid,261903,3,1.538709125154134,2,3,3
amazon-toys-and-games,valid,262114,5,5.56214605743806,1,3,3
amazon-toys-and-games,valid,262695,4,1.4859904788292677,1,1,1
amazon-toys-and-games,valid,263689,2,1.1923820262082958,2,2,2
amazon-toys-and-games,valid,264039,4,13.697713928619109,3,4,4
amazon-toys-and-games,valid,264114,8,4.891938639657656,5,8,8
amazon-toys-and-games,valid,264257,4,5.905378867600097,1,3,3
amazon-toys-and-games,valid,264550,3,4.970994726630154,2,3,3
amazon-toys-and-games,valid,264923,6,2.192922701407836,1,3,5
amazon-toys-and-games,valid,265081,3,0.41962972887627403,2,2,2
amazon-toys-and-games,valid,265419,4,20.339664948341138,3,4,4
amazon-toys-and-games,valid,265669,4,1.647321912220632,3,3,3
amazon-toys-and-games,valid,265930,6,2.272063788669044,5,6,6
amazon-toys-and-games,valid,266613,3,0.6585503618172632,1,1,1
amazon-toys-and-games,valid,267095,8,2.984069971934094,6,7,8
amazon-toys-and-games,valid,267119,4,2.425068608956994,2,2,2
amazon-toys-and-games,valid,267476,6,0.31830343977321623,4,4,6
amazon-toys-and-games,valid,267769,22,44.061485818960385,13,18,20
amazon-toys-and-games,valid,267845,2,4.535614646637546,2,2,2
amazon-toys-and-games,valid,268530,5,4.037993358214047,2,2,5
amazon-toys-and-games,valid,268533,3,1.1184843942568898,2,3,3
amazon-toys-and-games,valid,268618,6,8.144828855017652,3,4,4
amazon-toys-and-games,valid,269172,7,6.871722358193873,3,6,6
amazon-toys-and-games,valid,269214,24,16.914768174045175,10,23,23
amazon-toys-and-games,valid,269507,13,5.452399806700236,5,9,9
amazon-toys-and-games,valid,270011,5,2.3238395895295585,4,5,5
amazon-toys-and-games,valid,270639,3,0.09271836552034124,1,1,1
amazon-toys-and-games,valid,270806,3,0.9947528132787147,1,1,1
amazon-toys-and-games,valid,271217,5,1.970279623754823,5,5,5
amazon-toys-and-games,valid,271425,4,3.754089105220807,2,2,2
amazon-toys-and-games,valid,271667,25,3.7404971542927896,16,23,23
amazon-toys-and-games,valid,271786,6,11.696200999373186,1,1,2
amazon-toys-and-games,valid,272010,4,11.597266355298299,3,3,4
amazon-toys-and-games,valid,272024,5,47.72931050915363,2,4,5
amazon-toys-and-games,valid,272281,3,0.9595561163494577,3,3,3
amazon-toys-and-games,valid,272283,6,3.5772312054021222,5,5,5
amazon-toys-and-games,valid,272634,12,2.7609404194144456,2,5,7
amazon-toys-and-games,valid,273158,7,3.063699557878335,6,6,6
amazon-toys-and-games,valid,273211,19,20.676926361732768,9,12,14
amazon-toys-and-games,valid,273282,3,0.5197992804194309,1,1,1
amazon-toys-and-games,valid,273447,12,0.8717986307743673,9,10,10
amazon-toys-and-games,valid,273785,3,2.00180967132526,1,2,2
amazon-toys-and-games,valid,274222,4,1.5596035115997249,1,4,4
amazon-toys-and-games,valid,274356,7,7.01895474816103,6,7,7
amazon-toys-and-games,valid,274400,3,0.6014264996368831,1,1,1
amazon-toys-and-games,valid,274492,2,3.457952652941861,1,2,2
amazon-toys-and-games,valid,274649,6,0.5890307506885244,4,6,6
amazon-toys-and-games,valid,275285,9,3.058115848436643,6,9,9
amazon-toys-and-games,valid,276040,10,21.0193371229717,5,9,10
amazon-toys-and-games,valid,276431,4,3.0594244987149084,2,4,4
amazon-toys-and-games,valid,276709,3,10.013640649010092,3,3,3
amazon-toys-and-games,valid,276743,6,3.349923104463521,6,6,6
amazon-toys-and-games,valid,276807,5,0.6125712770743154,4,4,5
amazon-toys-and-games,valid,276853,6,6.049953480682767,1,2,4
amazon-toys-and-games,valid,276897,13,2.9098177926474875,2,7,7
amazon-toys-and-games,valid,277254,4,6.809856314727736,3,4,4
amazon-toys-and-games,valid,277612,3,1.7620547200742538,3,3,3
amazon-toys-and-games,valid,278328,3,2.03261873430396,2,3,3
amazon-toys-and-games,valid,279029,9,1.6230261228528653,2,9,9
amazon-toys-and-games,valid,279158,3,0.4566999738358487,1,1,1
amazon-toys-and-games,valid,279227,10,5.371564152671397,4,7,7
amazon-toys-and-games,valid,279339,10,6.569791340102283,3,9,9
amazon-toys-and-games,valid,279375,27,8.657885032176466,12,18,19
amazon-toys-and-games,valid,279848,4,1.3545352555457155,3,3,3
amazon-toys-and-games,valid,280243,2,1.699850952246724,1,2,2
amazon-toys-and-games,valid,280382,3,0.9704708111601584,1,1,1
amazon-toys-and-games,valid,280889,2,2.207237913721039,1,1,1
amazon-toys-and-games,valid,280999,3,0.0961430423310925,1,1,1
amazon-toys-and-games,valid,281181,3,5.710366196295897,1,2,2
amazon-toys-and-games,valid,281226,4,1.2878229307378564,2,2,2
amazon-toys-and-games,valid,281403,8,2.5750344159465097,2,5,5
amazon-toys-and-games,valid,281448,9,1.510907200365602,2,3,3
amazon-toys-and-games,valid,281670,3,1.2651236795309502,1,3,3
amazon-toys-and-games,valid,281843,7,9.429098596603492,5,5,6
amazon-toys-and-games,valid,281944,12,5.2056499135356065,7,7,9
amazon-toys-and-games,valid,282258,3,1.6635906133118672,2,2,3
amazon-toys-and-games,valid,282483,16,6.457409447971823,7,14,16
amazon-toys-and-games,valid,282638,4,0.9977257995671689,3,3,3
amazon-toys-and-games,valid,282974,5,13.265331753154353,4,5,5
amazon-toys-and-games,valid,283170,2,1.1562026399293535,1,2,2
amazon-toys-and-games,valid,283311,4,0.9063747750006309,4,4,4
amazon-toys-and-games,valid,283544,4,3.0474242793838062,1,2,2
amazon-toys-and-games,valid,284168,8,8.213289377727685,3,6,6
amazon-toys-and-games,valid,284293,7,4.267839957358189,5,5,5
amazon-toys-and-games,valid,284557,3,5.297457814653962,2,3,3
amazon-toys-and-games,valid,285568,7,11.94064981329345,4,7,7
amazon-toys-and-games,valid,285588,11,3.9439227038743625,7,11,11
amazon-toys-and-games,valid,285886,4,2.8144048420819225,1,1,1
amazon-toys-and-games,valid,286004,4,2.5102148654247474,2,2,2
amazon-toys-and-games,valid,286024,3,2.2298510262425113,1,3,3
amazon-toys-and-games,valid,286223,7,4.726904760654935,1,1,1
amazon-toys-and-games,valid,287604,4,1.3083312742055555,2,2,2
amazon-toys-and-games,valid,287673,3,2.6595317862816996,1,3,3
amazon-toys-and-games,valid,288142,18,7.256029660547172,13,16,17
amazon-toys-and-games,valid,288290,4,4.827385220992213,1,1,2
amazon-toys-and-games,valid,288303,6,1.4961168971530028,5,5,5
amazon-toys-and-games,valid,288350,2,0.6593722842518434,2,2,2
amazon-toys-and-games,valid,288926,8,1.7865832483277742,5,6,7
amazon-toys-and-games,valid,289005,2,6.397386595290035,1,1,1
amazon-toys-and-games,valid,289992,3,3.2140496370063936,3,3,3
amazon-toys-and-games,valid,290241,5,8.418441748650732,1,1,2
amazon-toys-and-games,valid,290332,4,1.666239915465189,4,4,4
amazon-toys-and-games,valid,290698,11,3.732378108858681,5,11,11
amazon-toys-and-games,valid,290713,35,190.3768308186255,14,24,29
amazon-toys-and-games,valid,290941,12,12.56227868065638,2,2,9
amazon-toys-and-games,valid,291211,14,2.681271748516021,8,13,13
amazon-toys-and-games,valid,291226,3,1.171450705113444,1,2,2
amazon-toys-and-games,valid,291560,16,16.466459322460423,8,15,15
amazon-toys-and-games,valid,291758,6,0.6040568285114748,1,1,1
amazon-toys-and-games,valid,292020,10,6.256421711729995,6,8,10
amazon-toys-and-games,valid,292026,9,2.3208726746902975,8,9,9
amazon-toys-and-games,valid,292106,4,0.1960112982080181,1,1,1
amazon-toys-and-games,valid,292352,3,2.4171147575363605,1,3,3
amazon-toys-and-games,valid,292361,3,4.788025533732561,3,3,3
amazon-toys-and-games,valid,292595,10,14.706421841380733,5,9,10
amazon-toys-and-games,valid,293493,5,0.8966650098778051,2,2,2
amazon-toys-and-games,valid,293570,8,3.8008042266899515,2,6,6
amazon-toys-and-games,valid,293646,9,2.9458460251392147,4,5,5
amazon-toys-and-games,valid,294192,2,14.343017020738616,1,2,2
amazon-toys-and-games,valid,294729,13,5.921275818916751,5,11,13
amazon-toys-and-games,valid,294795,19,8.937663482465624,7,16,17
amazon-toys-and-games,valid,295240,3,1.4129423438108626,3,3,3
amazon-toys-and-games,valid,295274,4,3.330354570735577,3,3,3
amazon-toys-and-games,valid,295398,4,24.062759558405794,3,4,4
amazon-toys-and-games,valid,295947,3,1.1947964391709411,2,2,2
amazon-toys-and-games,valid,296161,4,3.5791534515145136,3,4,4
amazon-toys-and-games,valid,296709,3,0.9344974746882231,2,2,3
amazon-toys-and-games,valid,296892,5,2.122121255568104,1,1,4
amazon-toys-and-games,valid,296909,3,0.11118240144915381,3,3,3
amazon-toys-and-games,valid,297012,37,12.459139178549368,23,32,34
amazon-toys-and-games,valid,297203,12,1.3121633705549007,9,11,11
amazon-toys-and-games,valid,297251,2,0.34081586742889497,1,1,1
amazon-toys-and-games,valid,297396,4,1.4626396852307761,1,3,3
amazon-toys-and-games,valid,297423,7,0.37595779482688507,6,6,6
amazon-toys-and-games,valid,298258,7,6.29805718052904,3,7,7
amazon-toys-and-games,valid,299014,3,22.72987205495977,2,2,2
amazon-toys-and-games,valid,299306,3,0.28742139291566865,3,3,3
amazon-toys-and-games,valid,299572,4,6.620413945081593,1,1,3
amazon-toys-and-games,valid,301045,3,4.7581867642281095,2,3,3
amazon-toys-and-games,valid,301065,4,1.0314390390767958,2,2,4
amazon-toys-and-games,valid,301323,3,1.2207787000407482,3,3,3
amazon-toys-and-games,valid,301391,11,1.073060088184005,5,11,11
amazon-toys-and-games,valid,301711,3,0.8632087950507066,1,1,1
amazon-toys-and-games,valid,301776,6,0.33415738499141556,6,6,6
amazon-toys-and-games,valid,301909,2,26.496515272762068,1,2,2
amazon-toys-and-games,valid,302181,3,1.507854273329433,2,2,2
amazon-toys-and-games,valid,302502,6,5.001158951109087,4,6,6
amazon-toys-and-games,valid,303052,6,5.11182667075056,3,6,6
amazon-toys-and-games,valid,303063,10,33.28372748527974,5,9,10
amazon-toys-and-games,valid,303146,7,1.2874887480551598,5,7,7
amazon-toys-and-games,valid,303760,3,0.7774397090865119,2,2,2
amazon-toys-and-games,valid,304089,5,0.051292867672575015,4,4,4
amazon-toys-and-games,valid,304614,9,5.113325180304648,4,7,7
amazon-toys-and-games,valid,304880,3,0.06122854130081179,3,3,3
amazon-toys-and-games,valid,304995,6,1.4272581885666895,1,4,4
amazon-toys-and-games,valid,305036,1,1.9955512720919322,1,1,1
amazon-toys-and-games,valid,305133,10,6.798922393661256,6,8,10
amazon-toys-and-games,valid,305429,7,6.111736294699543,3,4,4
amazon-toys-and-games,valid,305789,8,20.35539860297219,3,5,7
amazon-toys-and-games,valid,306208,8,1.4568718084968793,8,8,8
amazon-toys-and-games,valid,306312,14,2.3333672111765766,2,2,3
amazon-toys-and-games,valid,306465,4,16.223827895665433,1,1,4
amazon-toys-and-games,valid,306512,4,2.050764525104209,1,1,2
amazon-toys-and-games,valid,306749,4,0.7018137379313345,2,2,2
amazon-toys-and-games,valid,307031,6,3.2718399672242935,6,6,6
amazon-toys-and-games,valid,307492,9,1.504966919772313,8,8,8
amazon-toys-and-games,valid,307615,17,12.978733294581467,2,10,15
amazon-toys-and-games,valid,307704,9,7.124498797125751,3,6,7
amazon-toys-and-games,valid,308121,4,1.5332519042373087,1,1,2
amazon-toys-and-games,valid,308891,8,7.68488141479439,4,8,8
amazon-toys-and-games,valid,308935,10,5.262041154179962,7,9,9
amazon-toys-and-games,valid,309021,3,0.912444832820433,2,3,3
amazon-toys-and-games,valid,309155,37,113.29117158794517,17,29,32
amazon-toys-and-games,valid,309399,6,5.614573780155734,2,5,5
amazon-toys-and-games,valid,309623,2,1.281590335163601,1,1,1
amazon-toys-and-games,valid,310043,9,1.2489915860465701,3,9,9
amazon-toys-and-games,valid,310846,3,0.10414812160429687,3,3,3
amazon-toys-and-games,valid,311044,2,0.4400343517535832,1,1,1
amazon-toys-and-games,valid,311294,4,2.732214875417341,3,4,4
amazon-toys-and-games,valid,311348,4,5.446826595806108,1,4,4
amazon-toys-and-games,valid,311438,4,7.019477651722828,1,2,2
amazon-toys-and-games,valid,311520,6,3.5363079934866,3,5,6
amazon-toys-and-games,valid,311552,3,3.2600731192215693,2,2,2
amazon-toys-and-games,valid,311686,4,1.115154710328313,2,2,2
amazon-toys-and-games,valid,311765,1,0.934750957692055,1,1,1
amazon-toys-and-games,valid,312140,12,2.0115105822513453,11,11,11
amazon-toys-and-games,valid,312414,8,4.447915092806844,5,8,8
amazon-toys-and-games,valid,313181,11,21.584781684916955,7,9,9
amazon-toys-and-games,valid,314319,3,5.552639053420594,1,2,3
amazon-toys-and-games,valid,314609,31,11.28131294582857,11,25,28
amazon-toys-and-games,valid,314624,6,5.632721468283856,2,5,5
amazon-toys-and-games,valid,314842,3,4.040773828967655,2,3,3
amazon-toys-and-games,valid,315093,4,38.538342877630384,2,3,4
amazon-toys-and-games,valid,315465,6,2.7131290219002864,3,3,4
amazon-toys-and-games,valid,315930,8,2.2568704930162204,1,1,1
amazon-toys-and-games,valid,316110,5,5.580004719286864,2,3,5
amazon-toys-and-games,valid,316432,3,1.6893288778172078,3,3,3
amazon-toys-and-games,valid,316523,7,12.203122103610418,5,6,7
amazon-toys-and-games,valid,317171,19,49.67056177538281,16,18,19
amazon-toys-and-games,valid,317548,3,3.1754183971614456,2,2,2
amazon-toys-and-games,valid,318369,3,1.1161946989797624,1,2,2
amazon-toys-and-games,valid,318714,3,0.006563236578255193,2,2,2
amazon-toys-and-games,valid,318737,5,5.983621380380656,3,5,5
amazon-toys-and-games,valid,319018,5,2.5261509016955848,5,5,5
amazon-toys-and-games,valid,319080,7,11.11439717055289,4,4,5
amazon-toys-and-games,valid,319392,2,3.942659462976524,2,2,2
amazon-toys-and-games,valid,319476,6,2.629529720091646,4,5,5
amazon-toys-and-games,valid,319909,5,0.5393779332293639,1,5,5
amazon-toys-and-games,valid,319990,8,14.199451533107327,6,8,8
amazon-toys-and-games,valid,320046,3,0.026985441360520723,1,1,1
amazon-toys-and-games,valid,320281,3,7.77428818424521,2,2,2
amazon-toys-and-games,valid,320442,3,1.7984030950224172,1,2,2
amazon-toys-and-games,valid,321269,8,32.683476064038864,2,5,6
amazon-toys-and-games,valid,321559,3,5.220820441253954,1,1,2
amazon-toys-and-games,valid,321858,8,78.34703505521952,4,6,7
amazon-toys-and-games,valid,321922,5,0.5950930927083097,1,1,1
amazon-toys-and-games,valid,322099,5,1.1486083953849144,1,1,1
amazon-toys-and-games,valid,322478,5,5.885261753139808,4,5,5
amazon-toys-and-games,valid,322573,6,8.707548980625816,6,6,6
amazon-toys-and-games,valid,322597,2,0.6483546277819017,1,1,1
amazon-toys-and-games,valid,322675,8,3.791194008036195,7,8,8
amazon-toys-and-games,valid,322984,15,6.8408090686706835,6,8,13
amazon-toys-and-games,valid,323050,9,1.1801995369128617,6,9,9
amazon-toys-and-games,valid,323347,14,9.390257132830218,2,7,8
amazon-toys-and-games,valid,323512,4,2.736075937638881,3,3,3
amazon-toys-and-games,valid,323970,9,30.398839948440745,5,7,8
amazon-toys-and-games,valid,324254,7,3.5023053482320794,7,7,7
amazon-toys-and-games,valid,324799,5,2.3887016401956753,4,4,4
amazon-toys-and-games,valid,324862,10,2.135562811640056,5,10,10
amazon-toys-and-games,valid,325010,34,33.967890129031574,17,28,31
amazon-toys-and-games,valid,325031,4,2.64596968664555,1,4,4
amazon-toys-and-games,valid,325182,1,0.7383236387257521,1,1,1
amazon-toys-and-games,valid,325363,4,4.772009303736958,1,2,3
amazon-toys-and-games,valid,325471,21,19.89553021807697,10,15,20
amazon-toys-and-games,valid,325641,4,3.9466036281589005,2,3,3
amazon-toys-and-games,valid,325818,9,3.7732609709347713,6,6,6
amazon-toys-and-games,valid,326170,5,3.016569174582055,3,4,4
amazon-toys-and-games,valid,326460,7,3.4822546402473455,3,4,4
amazon-toys-and-games,valid,326590,4,0.5871415180811235,1,2,2
amazon-toys-and-games,valid,326824,11,2.607077374485278,6,7,7
amazon-toys-and-games,valid,327236,5,4.357535753088328,4,5,5
amazon-toys-and-games,valid,327910,3,1.6432245694346423,1,2,3
amazon-toys-and-games,valid,327986,7,6.3623018407052845,3,4,4
amazon-toys-and-games,valid,328170,5,2.1577029835670536,4,4,5
amazon-toys-and-games,valid,328755,3,4.666838016455019,2,3,3
amazon-toys-and-games,valid,329226,7,3.9558767548938887,3,6,6
amazon-toys-and-games,valid,329263,7,1.6507778316970252,3,7,7
amazon-toys-and-games,valid,329932,4,0.6224085426302062,2,3,3
amazon-toys-and-games,valid,330589,3,1.8051007889026052,1,1,1
amazon-toys-and-games,valid,330957,5,25.041612764108834,3,5,5
amazon-toys-and-games,valid,331080,4,1.4659416681724071,2,2,2
amazon-toys-and-games,valid,331312,39,57.75605283956936,15,32,36
amazon-toys-and-games,valid,331525,6,4.027167964301903,1,2,2
amazon-toys-and-games,valid,331857,3,2.3795203441297406,2,3,3
amazon-toys-and-games,valid,331964,5,9.78241013891539,4,4,5
amazon-toys-and-games,valid,332109,6,17.324421879453777,3,4,6
amazon-toys-and-games,valid,332334,6,7.693595715226518,3,5,5
amazon-toys-and-games,valid,332418,4,13.608382293352062,2,4,4
amazon-toys-and-games,valid,332721,4,0.4292919343137501,2,2,2
amazon-toys-and-games,valid,333009,5,0.7440353545546082,1,2,4
amazon-toys-and-games,valid,333091,20,25.102611981714062,13,15,19
amazon-toys-and-games,valid,333335,7,1.764098521659041,2,3,3
amazon-toys-and-games,valid,333506,3,16.76557002591307,2,2,2
amazon-toys-and-games,valid,333893,9,7.962074439635281,5,6,9
amazon-toys-and-games,valid,333901,30,13.679683115887965,14,20,21
amazon-toys-and-games,valid,336841,8,1.3410700461196137,5,5,6
amazon-toys-and-games,valid,336893,6,2.8135706502604303,2,4,6
amazon-toys-and-games,valid,336931,3,0.11215712202177236,1,1,1
amazon-toys-and-games,valid,337036,4,7.7674402219974805,1,2,4
amazon-toys-and-games,valid,337124,4,0.5313170725166936,3,3,3
amazon-toys-and-games,valid,337511,4,3.683523054525851,3,4,4
amazon-toys-and-games,valid,337546,3,0.09289494350105439,2,2,2
amazon-toys-and-games,valid,337638,30,100.89843129563903,21,27,29
amazon-toys-and-games,valid,337651,5,0.2389435273639899,5,5,5
amazon-toys-and-games,valid,337701,5,4.541674458886834,4,5,5
amazon-toys-and-games,valid,337751,11,9.82070770203174,4,6,10
amazon-toys-and-games,valid,338230,4,1.3635430093555339,3,3,3
amazon-toys-and-games,valid,338423,4,0.1028493374309713,2,2,2
amazon-toys-and-games,valid,338712,3,12.362229742246111,2,3,3
amazon-toys-and-games,valid,339032,6,15.441747196113058,3,6,6
amazon-toys-and-games,valid,339059,5,7.26292151431303,2,3,3
amazon-toys-and-games,valid,339115,5,2.0091702915642715,2,2,2
amazon-toys-and-games,valid,339123,7,0.7481715293177317,2,2,2
amazon-toys-and-games,valid,339386,3,1.4923825764333791,1,2,3
amazon-toys-and-games,valid,339770,2,5.676073133388284,1,1,1
amazon-toys-and-games,valid,339915,8,0.33113038810284356,4,4,4
amazon-toys-and-games,valid,340658,5,23.75775107450421,2,3,4
amazon-toys-and-games,valid,340693,23,55.73145303503207,11,16,18
amazon-toys-and-games,valid,340813,12,3.0582433488697083,5,9,9
amazon-toys-and-games,valid,340859,20,7.224390453379777,3,4,10
amazon-toys-and-games,valid,340978,9,1.3735509079314694,3,6,6
amazon-toys-and-games,valid,341121,11,7.409054086556477,3,7,9
amazon-toys-and-games,valid,341762,3,2.0931789102393785,3,3,3
amazon-toys-and-games,valid,341877,13,4.6940185031208825,8,9,9
amazon-toys-and-games,valid,341928,3,0.544852609562621,2,2,2
amazon-toys-and-games,valid,342108,4,2.077646625339914,1,1,2
amazon-toys-and-games,valid,342847,8,26.95904788545655,3,7,8
amazon-toys-and-games,valid,342864,3,3.008671990020561,1,1,1
amazon-toys-and-games,valid,343040,4,6.154454125805866,2,3,4
amazon-toys-and-games,valid,343232,5,0.3379369886029412,3,3,3
amazon-toys-and-games,valid,343511,2,6.483281157870897,1,2,2
amazon-toys-and-games,valid,343875,10,34.45021060655611,2,2,4
amazon-toys-and-games,valid,343907,3,1.3245526685884912,2,2,2
amazon-toys-and-games,valid,344212,3,2.4184788097885166,2,3,3
amazon-toys-and-games,valid,344314,11,3.7698684222093357,4,9,11
amazon-toys-and-games,valid,344335,5,3.5024108396618177,2,3,5
amazon-toys-and-games,valid,344389,12,14.865944615355037,4,10,10
amazon-toys-and-games,valid,344446,3,2.958072532441302,2,2,3
amazon-toys-and-games,valid,345264,5,0.3082034575511784,1,1,1
amazon-toys-and-games,valid,345487,3,1.1975511062654762,2,2,2
amazon-toys-and-games,valid,346178,3,0.8903952266772395,1,1,1
amazon-toys-and-games,valid,346234,7,3.991780016723048,4,7,7
amazon-toys-and-games,valid,346272,4,2.4080485660280537,1,1,1
amazon-toys-and-games,valid,346538,9,6.221513914591533,5,7,8
amazon-toys-and-games,valid,346769,5,3.9373760372928652,4,4,5
amazon-toys-and-games,valid,346848,3,15.967599711378483,1,1,2
amazon-toys-and-games,valid,347447,4,6.436798142844882,2,3,4
amazon-toys-and-games,valid,347709,4,2.6519226160913263,3,4,4
amazon-toys-and-games,valid,347832,1,0.9711534697288611,1,1,1
amazon-toys-and-games,valid,347939,2,11.77982041285728,1,2,2
amazon-toys-and-games,valid,348751,2,0.35234061639502523,2,2,2
amazon-toys-and-games,valid,349279,3,0.8104083106502515,1,2,3
amazon-toys-and-games,valid,349951,11,3.7832850600418895,6,7,7
amazon-toys-and-games,valid,350148,4,3.9033081239595138,2,4,4
amazon-toys-and-games,valid,350352,5,16.9967035193092,2,4,5
amazon-toys-and-games,valid,350653,2,1.3217656204315902,1,1,1
amazon-toys-and-games,valid,350857,3,1.0658374669256223,3,3,3
amazon-toys-and-games,valid,351294,19,5.124001823711552,8,11,14
amazon-toys-and-games,valid,351474,3,1.3339176259925316,3,3,3
amazon-toys-and-games,valid,351610,3,1.8126478532272694,1,1,1
amazon-toys-and-games,valid,351643,3,3.552197229003237,1,3,3
amazon-toys-and-games,valid,351800,7,3.6129509323817013,7,7,7
amazon-toys-and-games,valid,352353,2,4.3628969692147805,1,2,2
amazon-toys-and-games,valid,352737,4,7.041867132532336,2,3,4
amazon-toys-and-games,valid,352940,2,2.437710757551792,1,2,2
amazon-toys-and-games,valid,352969,2,0.7419164187860504,1,1,1
amazon-toys-and-games,valid,353777,3,4.215453090434046,1,2,2
amazon-toys-and-games,valid,353843,8,29.257526778727488,2,4,7
amazon-toys-and-games,valid,353881,9,3.205692540168487,8,9,9
amazon-toys-and-games,valid,354364,13,10.764217357628153,5,5,7
amazon-toys-and-games,valid,355189,10,41.919716341893675,6,8,8
amazon-toys-and-games,valid,355573,3,0.5206282862114037,2,2,2
amazon-toys-and-games,valid,356464,2,0.9390098263242985,2,2,2
amazon-toys-and-games,valid,356774,2,0.9905098822006043,2,2,2
amazon-toys-and-games,valid,357457,12,5.113551721252684,2,8,8
amazon-toys-and-games,valid,357581,8,10.126942492181902,2,3,8
amazon-toys-and-games,valid,357628,4,1.3705995511807674,4,4,4
amazon-toys-and-games,valid,357822,11,5.388823891354958,8,9,11
amazon-toys-and-games,valid,357934,3,3.3481682026695276,2,3,3
amazon-toys-and-games,valid,358025,3,0.8212361078443692,2,2,2
amazon-toys-and-games,valid,358195,10,11.535088011664266,2,6,7
amazon-toys-and-games,valid,358396,13,31.41742535010917,3,5,7
amazon-toys-and-games,valid,358541,4,1.7234759729671256,1,4,4
amazon-toys-and-games,valid,359120,4,2.9107708836823543,3,3,3
amazon-toys-and-games,valid,359179,3,34.03540856520841,2,3,3
amazon-toys-and-games,valid,359355,3,7.296470445228856,2,3,3
amazon-toys-and-games,valid,359629,4,0.9010536557365614,2,3,3
amazon-toys-and-games,valid,359861,1,0.38879549468112595,1,1,1
amazon-toys-and-games,valid,359928,10,6.133279820254746,6,7,8
amazon-toys-and-games,valid,359945,3,1.8706645979046796,2,3,3
amazon-toys-and-games,valid,360258,4,1.8471857979190234,3,3,4
amazon-toys-and-games,valid,360616,2,1.8132795369204509,2,2,2
amazon-toys-and-games,valid,360753,4,2.459450593297588,3,4,4
amazon-toys-and-games,valid,360930,5,10.81061979946383,2,5,5
amazon-toys-and-games,valid,361346,33,15.13835333823139,14,23,26
amazon-toys-and-games,valid,361692,3,3.8509967706847155,2,3,3
amazon-toys-and-games,valid,361723,3,1.1191317625271548,3,3,3
amazon-toys-and-games,valid,362106,3,5.575810739267876,3,3,3
amazon-toys-and-games,valid,363520,4,5.672320471832556,1,4,4
amazon-toys-and-games,valid,364274,2,0.9603795566463363,1,2,2
amazon-toys-and-games,valid,364568,5,0.15394538895885468,1,5,5
amazon-toys-and-games,valid,364633,13,5.097130095534885,6,10,11
amazon-toys-and-games,valid,364725,3,3.2576947554885107,1,3,3
amazon-toys-and-games,valid,365009,3,1.109130820820087,1,1,1
amazon-toys-and-games,valid,365074,5,1.795445160868422,3,3,3
amazon-toys-and-games,valid,366318,32,19.00994509702334,16,25,26
amazon-toys-and-games,valid,366756,12,4.468117966486992,6,12,12
amazon-toys-and-games,valid,366883,5,2.6438957807918446,1,4,5
amazon-toys-and-games,valid,367589,3,2.1211951065890338,1,2,2
amazon-toys-and-games,valid,367725,10,5.666445838783671,7,8,10
amazon-toys-and-games,valid,367977,24,7.181162114587093,17,22,23
amazon-toys-and-games,valid,367999,6,9.811662381130038,4,5,6
amazon-toys-and-games,valid,368325,14,4.195327121777017,8,10,10
amazon-toys-and-games,valid,369236,16,10.699557941578872,1,6,8
amazon-toys-and-games,valid,369459,4,1.388354618927705,1,2,2
amazon-toys-and-games,valid,369481,4,1.6516474403054797,1,3,4
amazon-toys-and-games,valid,369975,5,1.067449183709467,3,3,3
amazon-toys-and-games,valid,370133,5,12.286438956543034,3,5,5
amazon-toys-and-games,valid,371653,3,2.3680238021046547,2,3,3
amazon-toys-and-games,valid,372282,5,2.923534840726598,4,5,5
amazon-toys-and-games,valid,372325,3,0.34487602258857375,2,3,3
amazon-toys-and-games,valid,373128,4,3.7614488400401447,2,2,3
amazon-toys-and-games,valid,373498,2,0.44486621340347043,2,2,2
amazon-toys-and-games,valid,374330,4,12.313992837334304,1,1,2
amazon-toys-and-games,valid,374623,3,3.2605262011176404,1,2,2
amazon-toys-and-games,valid,374803,7,6.160745538544184,6,7,7
amazon-toys-and-games,valid,374907,11,2.819347760656642,10,10,10
amazon-toys-and-games,valid,375073,3,1.1632200968004032,2,3,3
amazon-toys-and-games,valid,375208,4,20.846659289434264,1,3,4
amazon-toys-and-games,valid,375438,3,3.105715757137226,2,3,3
amazon-toys-and-games,valid,375790,5,2.2040954328092646,3,3,3
amazon-toys-and-games,valid,375876,3,0.3296731138078605,1,3,3
amazon-toys-and-games,valid,375938,16,16.877489349508096,3,10,14
amazon-toys-and-games,valid,376158,3,3.9024945497675745,2,3,3
amazon-toys-and-games,valid,376300,3,1.0521916318860116,3,3,3
amazon-toys-and-games,valid,376503,3,1.6707077431405115,3,3,3
amazon-toys-and-games,valid,376570,3,0.9672137316448547,2,2,2
amazon-toys-and-games,valid,376700,3,5.782240264826494,1,3,3
amazon-toys-and-games,valid,377100,6,1.5177705942133652,5,5,5
amazon-toys-and-games,valid,377369,3,0.16662991120948262,3,3,3
amazon-toys-and-games,valid,377645,30,22.786189299817078,12,27,29
amazon-toys-and-games,valid,378419,3,2.2591708133294364,3,3,3
amazon-toys-and-games,valid,378522,17,6.043733407472474,5,12,13
amazon-toys-and-games,valid,378554,12,0.5376595866190572,10,10,10
amazon-toys-and-games,valid,378589,8,0.493870650684167,1,1,1
amazon-toys-and-games,valid,378800,6,1.9807252991153201,2,2,2
amazon-toys-and-games,valid,378844,3,1.4839998024249244,1,1,3
amazon-toys-and-games,valid,379438,4,0.8219071294687843,3,3,3
amazon-toys-and-games,valid,379798,37,10.422799215088109,11,32,32
amazon-toys-and-games,valid,380938,3,0.9227793247675726,3,3,3
amazon-toys-and-games,valid,381364,4,0.25480404998548223,1,1,3
amazon-toys-and-games,valid,381365,3,3.090550288959873,2,2,2
amazon-toys-and-games,valid,381438,4,0.374006203376725,1,1,1
amazon-toys-and-games,valid,381974,6,2.9490752771790474,3,5,5
amazon-toys-and-games,valid,382010,3,1.3946394542627294,2,2,2
amazon-toys-and-games,valid,382523,3,4.808117982930501,1,3,3
amazon-toys-and-games,valid,383136,11,2.7300501508027817,2,8,8
amazon-toys-and-games,valid,383162,3,5.056093043946984,3,3,3
amazon-toys-and-games,valid,384284,5,0.26816427393594533,5,5,5
amazon-toys-and-games,valid,384337,2,2.0179150757308935,2,2,2
amazon-toys-and-games,valid,384659,7,1.792874028623468,4,6,6
amazon-toys-and-games,valid,385488,3,4.761568940894505,2,3,3
amazon-toys-and-games,valid,385518,4,6.9222555357861015,1,1,1
amazon-toys-and-games,valid,385616,5,34.777808043670916,2,3,4
amazon-toys-and-games,valid,385838,6,10.019138346254874,3,6,6
amazon-toys-and-games,valid,386166,4,1.7124358015397576,2,2,2
amazon-toys-and-games,valid,386315,10,4.946755224655953,6,10,10
amazon-toys-and-games,valid,386863,17,5.400896335633759,10,17,17
amazon-toys-and-games,valid,387088,5,0.18782356950490686,2,2,2
amazon-toys-and-games,valid,387096,3,0.9265354015134731,3,3,3
amazon-toys-and-games,valid,387602,13,13.61537609686896,6,11,12
amazon-toys-and-games,valid,387855,3,14.113615787690529,3,3,3
amazon-toys-and-games,valid,387973,13,8.484953968612253,8,11,13
amazon-toys-and-games,valid,387979,3,13.71092957618565,1,2,3
amazon-toys-and-games,valid,388010,22,13.277331466531358,15,17,20
amazon-toys-and-games,valid,388166,2,5.054667644760267,1,2,2
amazon-toys-and-games,valid,388306,3,1.1607864575819784,1,1,1
amazon-toys-and-games,valid,388477,4,0.7684225951258533,2,2,2
amazon-toys-and-games,valid,388835,5,2.153080080960245,3,3,3
amazon-toys-and-games,valid,388850,3,1.1524568087539673,3,3,3
amazon-toys-and-games,valid,388884,8,27.438683897017853,5,7,7
amazon-toys-and-games,valid,389037,10,7.337055679805936,6,8,9
amazon-toys-and-games,valid,389264,6,16.024420886518858,3,6,6
amazon-toys-and-games,valid,389666,7,3.3704473854853534,5,7,7
amazon-toys-and-games,valid,389689,4,2.9654776766410667,1,1,1
amazon-toys-and-games,valid,390011,7,27.93531440082607,3,4,5
amazon-toys-and-games,valid,390541,3,0.5815352936820057,3,3,3
amazon-toys-and-games,valid,390972,3,0.6313835359120845,3,3,3
amazon-toys-and-games,valid,391024,4,0.5875991535640893,1,1,1
amazon-toys-and-games,valid,391146,20,7.742601670369513,11,16,18
amazon-toys-and-games,valid,391922,3,0.35672141996523965,1,1,1
amazon-toys-and-games,valid,392286,9,3.3609198903268593,1,8,8
amazon-toys-and-games,valid,392971,7,2.60420304924622,5,6,6
amazon-toys-and-games,valid,393181,17,7.042042951581901,11,15,17
amazon-toys-and-games,valid,393375,4,0.03607553920002721,2,4,4
amazon-toys-and-games,valid,393559,5,0.9301251458491747,4,4,4
amazon-toys-and-games,valid,393683,11,6.062870741819149,9,11,11
amazon-toys-and-games,valid,394457,13,8.20549224558936,4,8,11
amazon-toys-and-games,valid,394549,6,0.8027264095580802,3,5,5
amazon-toys-and-games,valid,395388,4,5.335643435425805,1,4,4
amazon-toys-and-games,valid,395758,2,4.217149428041026,2,2,2
amazon-toys-and-games,valid,395829,7,2.7635341931053508,1,7,7
amazon-toys-and-games,valid,396170,8,1.9237576502631497,6,7,7
amazon-toys-and-games,valid,396201,4,2.980685391985725,1,3,3
amazon-toys-and-games,valid,396673,4,12.06309740925571,1,1,2
amazon-toys-and-games,valid,396700,8,4.817459919423015,2,3,8
amazon-toys-and-games,valid,396804,4,2.599073433608798,4,4,4
amazon-toys-and-games,valid,397071,3,0.7438666188624369,2,2,2
amazon-toys-and-games,valid,397758,10,5.612389955773919,6,9,10
amazon-toys-and-games,valid,398395,11,3.4090701505991357,6,7,7
amazon-toys-and-games,valid,399390,7,6.264778302613803,3,6,6
amazon-toys-and-games,valid,399791,9,3.8401500002118683,6,8,8
amazon-toys-and-games,valid,399834,5,2.662221944228553,2,4,5
amazon-toys-and-games,valid,399857,6,3.7068856115571553,4,6,6
amazon-toys-and-games,valid,399902,1,1.1272735758957395,1,1,1
amazon-toys-and-games,valid,399977,4,20.678454975555777,3,4,4
amazon-toys-and-games,valid,400628,2,0.9479478849569157,2,2,2
amazon-toys-and-games,valid,400765,4,1.1677276418725333,3,3,3
amazon-toys-and-games,valid,400954,3,1.9836130321380145,2,3,3
amazon-toys-and-games,valid,400958,21,9.858637815983355,8,11,16
amazon-toys-and-games,valid,401472,3,3.995537484842722,1,2,2
amazon-toys-and-games,valid,401498,9,1.9072043499909657,6,8,8
amazon-toys-and-games,valid,401501,3,1.3370165948517525,1,1,1
amazon-toys-and-games,valid,401956,10,1.6064667511314872,3,9,9
amazon-toys-and-games,valid,401997,9,1.1406645365577452,7,7,7
amazon-toys-and-games,valid,402110,4,33.99401823117055,2,3,3
amazon-toys-and-games,valid,402896,6,3.7897231994690515,4,6,6
amazon-toys-and-games,valid,402906,3,3.8388833441238583,1,3,3
amazon-toys-and-games,valid,403096,5,15.642616159630037,3,3,3
amazon-toys-and-games,valid,403120,5,3.143543162406649,5,5,5
amazon-toys-and-games,valid,403338,13,3.161051324553048,5,6,11
amazon-toys-and-games,valid,403659,10,5.5188800250649654,4,5,5
amazon-toys-and-games,valid,403661,2,1.2278354948430312,2,2,2
amazon-toys-and-games,valid,403770,5,2.9180609233244903,1,4,4
amazon-toys-and-games,valid,403848,9,10.430200880853437,3,5,5
amazon-toys-and-games,valid,404004,3,0.025657944292050365,1,1,1
amazon-toys-and-games,valid,404123,9,3.694318344169078,2,5,9
amazon-toys-and-games,valid,404188,11,7.337262362055568,2,11,11
amazon-toys-and-games,valid,404256,2,1.0689454164701089,1,1,1
amazon-toys-and-games,valid,404366,5,2.115197906159555,1,4,4
amazon-toys-and-games,valid,404375,7,7.876373657474513,3,3,4
amazon-toys-and-games,valid,404743,2,2.7249686008048086,2,2,2
amazon-toys-and-games,valid,404893,3,0.16819634510142517,2,2,2
amazon-toys-and-games,valid,405290,5,9.28000290417653,3,3,3
amazon-toys-and-games,valid,405509,2,8.904587745121322,2,2,2
amazon-toys-and-games,valid,405598,4,4.076422342907735,2,2,3
amazon-toys-and-games,valid,405725,3,41.81348824298648,2,3,3
amazon-toys-and-games,valid,405729,6,3.3898528755047446,5,5,5
amazon-toys-and-games,valid,405799,7,19.9580432503478,3,5,7
amazon-toys-and-games,valid,406474,4,1.332062292309795,1,1,1
amazon-toys-and-games,valid,406985,3,4.290743487532753,2,2,3
amazon-toys-and-games,valid,407365,7,2.4731543600815877,6,7,7
amazon-toys-and-games,valid,407669,5,2.8082580057275273,3,4,4
amazon-toys-and-games,valid,408026,3,3.97485180446316,2,3,3
amazon-toys-and-games,valid,408034,14,4.5202189693449375,4,11,14
amazon-toys-and-games,valid,408713,4,0.13623471868414488,4,4,4
amazon-toys-and-games,valid,408892,5,2.548045053441718,2,4,4
amazon-toys-and-games,valid,409524,3,7.247653590430535,2,2,2
amazon-toys-and-games,valid,409607,3,1.2165959775004742,3,3,3
amazon-toys-and-games,valid,409891,5,2.9916750944916712,4,5,5
amazon-toys-and-games,valid,409948,5,6.218843994808657,1,3,5
amazon-toys-and-games,valid,410641,3,0.5917866826683084,1,1,1
amazon-toys-and-games,valid,410939,4,2.023285272542611,1,2,4
amazon-toys-and-games,valid,411277,3,2.7782426582423625,1,1,2
amazon-toys-and-games,valid,411316,2,2.748491671774168,1,1,1
amazon-toys-and-games,valid,411806,5,0.38438901394036357,2,2,2
amazon-toys-and-games,valid,411820,5,4.800874238088465,2,2,5
amazon-toys-and-games,valid,411865,4,0.24758421147464688,1,4,4
amazon-toys-and-games,valid,412410,3,1.2646784399234212,3,3,3
amazon-toys-and-games,valid,412560,4,1.3637400784772755,4,4,4
amazon-toys-and-games,valid,412878,8,9.48334901896449,3,4,6
amazon-toys-and-games,valid,412933,6,32.38893551747815,4,6,6
amazon-toys-and-games,valid,412985,13,1.1807761980977263,1,4,5
amazon-toys-and-games,valid,413179,3,2.5629820833431625,1,1,1
amazon-toys-and-games,valid,413333,3,0.45444645427683317,3,3,3
amazon-toys-and-games,valid,413985,4,0.8168267178675352,3,4,4
amazon-toys-and-games,valid,414063,3,1.9154675923434221,1,1,1
amazon-toys-and-games,valid,414289,3,0.09494684035143315,1,3,3
amazon-toys-and-games,valid,414317,3,3.912622991907707,2,3,3
amazon-toys-and-games,valid,415178,4,4.959468080336151,2,2,3
amazon-toys-and-games,valid,415619,27,9.238933724503312,8,10,12
amazon-toys-and-games,valid,416093,2,1.6190860053032843,2,2,2
amazon-toys-and-games,valid,416688,3,0.28001422489950645,1,1,1
amazon-toys-and-games,valid,416706,98,65.05861244238527,48,74,85
amazon-toys-and-games,valid,417024,4,4.720622961044507,1,1,1
amazon-toys-and-games,valid,417219,3,4.20235507719563,2,3,3
amazon-toys-and-games,valid,417256,3,8.798394304069937,2,2,3
amazon-toys-and-games,valid,417350,4,1.2774923599349874,4,4,4
amazon-toys-and-games,valid,417486,4,1.238234116472278,2,2,2
amazon-toys-and-games,valid,417503,13,7.204227676562011,7,9,9
amazon-toys-and-games,valid,417552,3,1.409572942485478,1,1,3
amazon-toys-and-games,valid,417556,4,6.5998305939186475,4,4,4
amazon-toys-and-games,valid,418140,12,1.6578086963517105,5,5,5
amazon-toys-and-games,valid,418623,3,2.234406004511466,1,1,2
amazon-toys-and-games,valid,418891,4,3.8863300752208287,2,3,3
amazon-toys-and-games,valid,419528,4,12.717292897650356,2,3,4
amazon-toys-and-games,valid,419535,7,8.865170126117281,6,7,7
amazon-toys-and-games,valid,419537,2,1.827430693616902,2,2,2
amazon-toys-and-games,valid,420046,3,1.1874246879417414,2,2,2
amazon-toys-and-games,valid,420583,8,4.20808197164747,3,5,8
amazon-toys-and-games,valid,421084,5,9.146409139403065,2,2,3
amazon-toys-and-games,valid,421142,3,2.6269134314433145,3,3,3
amazon-toys-and-games,valid,422071,8,2.532562352044001,3,5,5
amazon-toys-and-games,valid,422574,9,29.045069442516375,2,3,6
amazon-toys-and-games,valid,423275,9,3.614461078880078,6,6,7
amazon-toys-and-games,valid,423601,4,15.231542873506857,1,1,1
amazon-toys-and-games,valid,423672,13,13.330429325453771,6,12,12
amazon-toys-and-games,valid,423817,4,2.600161993853796,3,3,3
amazon-toys-and-games,valid,423944,5,4.991348501120467,1,2,2
amazon-toys-and-games,valid,424559,14,7.963946343314775,3,11,12
amazon-toys-and-games,valid,424594,7,28.480544325658368,5,7,7
amazon-toys-and-games,valid,425352,17,12.489667437002865,7,10,14
amazon-toys-and-games,valid,427440,8,16.192269388176904,5,7,7
amazon-toys-and-games,valid,427850,4,3.530166216673199,3,3,3
amazon-toys-and-games,valid,427990,7,32.50123708939532,4,6,6
amazon-toys-and-games,valid,428412,6,4.882861696624736,3,4,6
amazon-toys-and-games,valid,428524,12,11.100128000062739,3,6,6
amazon-toys-and-games,valid,428877,3,0.36144247766734416,1,1,1
amazon-toys-and-games,valid,429040,7,2.5689900352972552,5,5,6
amazon-toys-and-games,valid,429049,3,3.265275339272265,2,3,3
amazon-toys-and-games,valid,429062,3,5.691267946903405,3,3,3
amazon-toys-and-games,valid,429972,4,0.3102609198966513,4,4,4
amazon-toys-and-games,valid,430095,3,1.4541937934484133,2,2,2
amazon-toys-and-games,valid,430623,9,1.6301658941274606,8,8,9
amazon-toys-and-games,valid,431756,6,4.8574307992348205,3,5,6
amazon-toys-and-games,valid,432422,2,3.5105379803615184,2,2,2
amazon-toys-and-games,valid,432485,4,12.10663185027857,1,1,1
amazon-toys-and-games,valid,432704,36,49.07931823444028,14,25,29
amazon-toys-and-games,valid,432997,4,1.9419453087651297,3,4,4
amazon-toys-and-games,valid,433295,3,3.7809003718825878,2,3,3
amazon-toys-and-games,valid,433514,3,0.4093396344013624,2,2,2
amazon-toys-and-games,valid,433728,5,4.295064082565132,3,5,5
amazon-toys-and-games,valid,433739,4,1.9056553715154547,3,4,4
amazon-toys-and-games,valid,433850,8,3.676197977562327,1,6,7
amazon-toys-and-games,valid,434101,3,0.8533977126194628,2,2,2
amazon-toys-and-games,valid,434450,4,2.316788613199419,3,4,4
amazon-toys-and-games,valid,434641,4,0.7148536929368365,2,2,2
amazon-toys-and-games,valid,435073,3,12.012833399244396,1,2,3
amazon-toys-and-games,valid,435449,1,3.541931926279199,1,1,1
amazon-toys-and-games,valid,435494,5,3.188655800754264,3,5,5
amazon-toys-and-games,valid,436561,11,6.982389445392722,3,9,10
amazon-toys-and-games,valid,437192,2,0.249897560105924,2,2,2
amazon-toys-and-games,valid,437297,3,8.975093966744017,1,1,1
amazon-toys-and-games,valid,437497,2,7.0379313155926,2,2,2
amazon-toys-and-games,valid,437709,8,2.7983816552174523,5,7,8
amazon-toys-and-games,valid,437911,23,24.04494921517349,15,19,22
amazon-toys-and-games,valid,438051,6,46.30754900592352,3,4,4
amazon-toys-and-games,valid,438118,37,21.279713245454587,16,33,35
amazon-toys-and-games,valid,438237,3,1.171256039273675,1,3,3
amazon-toys-and-games,valid,438931,23,17.059147362356928,5,14,20
amazon-toys-and-games,valid,439358,7,2.968997852288092,3,7,7
amazon-toys-and-games,valid,439907,3,0.46515219004445507,3,3,3
amazon-toys-and-games,valid,440107,3,9.556005735242694,2,2,2
amazon-toys-and-games,valid,440132,88,33.867803806937786,38,69,76
amazon-toys-and-games,valid,440154,1,2.7074792854486147,1,1,1
amazon-toys-and-games,valid,440476,3,1.0986359414234173,2,2,2
amazon-toys-and-games,valid,440808,3,0.8241276355228098,1,1,1
amazon-toys-and-games,valid,442622,3,0.7589326670592449,3,3,3
amazon-toys-and-games,valid,442681,19,4.800721186973377,13,13,14
amazon-toys-and-games,valid,442868,2,0.6700451330030002,1,1,1
amazon-toys-and-games,valid,443790,4,1.0220806590760483,1,1,1
amazon-toys-and-games,valid,443810,14,0.620626319314842,8,14,14
amazon-toys-and-games,valid,444380,3,3.9958946884369437,2,3,3
amazon-toys-and-games,valid,444808,3,12.022062381484204,2,2,2
amazon-toys-and-games,valid,445082,4,1.2886457385921106,1,1,2
amazon-toys-and-games,valid,445327,5,2.1917314324806467,1,1,2
amazon-toys-and-games,valid,445397,1,2.6030344217649817,1,1,1
amazon-toys-and-games,valid,445934,6,1.5171703429186125,3,3,3
amazon-toys-and-games,valid,446200,3,0.9338528891655052,1,1,1
amazon-toys-and-games,valid,446229,3,0.06168086426573316,3,3,3
amazon-toys-and-games,valid,447054,1,0.3637883338495119,1,1,1
amazon-toys-and-games,valid,447982,7,2.6594832146881506,1,5,5
amazon-toys-and-games,valid,448125,6,1.92139016454323,3,3,4
amazon-toys-and-games,valid,448404,5,3.873490983992814,3,4,4
amazon-toys-and-games,valid,448473,5,2.117081446783337,4,5,5
amazon-toys-and-games,valid,449061,74,84.2163196633179,36,58,66
amazon-toys-and-games,valid,449215,3,4.030761250316301,2,3,3
amazon-toys-and-games,valid,449431,32,21.718964253773674,16,26,26
amazon-toys-and-games,valid,449948,6,3.397862761341894,2,2,2
amazon-toys-and-games,valid,450663,13,32.133736570318035,3,7,12
amazon-toys-and-games,valid,450675,4,0.6449858588991413,1,1,1
amazon-toys-and-games,valid,450757,3,1.1094854946438117,2,3,3
amazon-toys-and-games,valid,451115,4,2.632146767671127,3,4,4
amazon-toys-and-games,valid,451146,35,7.863531277544853,16,28,30
amazon-toys-and-games,valid,451365,7,0.865491659947491,1,2,2
amazon-toys-and-games,valid,451708,6,42.109099514910184,3,4,4
amazon-toys-and-games,valid,451838,3,1.2251419217060064,3,3,3
amazon-toys-and-games,valid,452538,4,1.860406631515084,3,3,3
amazon-toys-and-games,valid,452871,4,18.86900083109285,1,3,3
amazon-toys-and-games,valid,452896,16,46.336274043966526,6,9,10
amazon-toys-and-games,valid,453099,34,51.8969409445948,16,26,29
amazon-toys-and-games,valid,453619,3,1.8712401206928206,3,3,3
amazon-toys-and-games,valid,454308,3,14.403857242268089,1,1,1
amazon-toys-and-games,valid,454368,8,4.923550272326632,1,7,7
amazon-toys-and-games,valid,454565,3,0.7178892910450994,1,3,3
amazon-toys-and-games,valid,455182,3,1.0610176216855973,3,3,3
amazon-toys-and-games,valid,455539,3,1.3744284853169906,2,2,2
amazon-toys-and-games,valid,456579,3,0.4996879844312864,2,2,2
amazon-toys-and-games,valid,456607,8,7.015769134662277,1,1,1
amazon-toys-and-games,valid,457240,4,2.1937815584916778,1,1,1
amazon-toys-and-games,valid,457561,2,0.9195424834162476,2,2,2
amazon-toys-and-games,valid,457701,17,5.49684673594148,12,14,14
amazon-toys-and-games,valid,458153,8,5.100988754474452,7,8,8
amazon-toys-and-games,valid,458258,3,1.5327378548722526,2,3,3
amazon-toys-and-games,valid,458264,7,1.9236009309808408,4,5,7
amazon-toys-and-games,valid,458367,9,5.208997558834714,3,3,7
amazon-toys-and-games,valid,458864,3,0.17534876522850693,3,3,3
amazon-toys-and-games,valid,459358,11,11.75574914062115,8,10,11
amazon-toys-and-games,valid,459637,8,4.772386998472209,6,7,7
amazon-toys-and-games,valid,459756,4,3.6316530197143115,2,3,3
amazon-toys-and-games,valid,459758,5,4.5747653748541195,3,4,4
amazon-toys-and-games,valid,459763,3,1.778311531244152,1,1,1
amazon-toys-and-games,valid,459831,7,2.4983090065331957,3,3,4
amazon-toys-and-games,valid,459886,14,5.855726429606511,12,14,14
amazon-toys-and-games,valid,459938,4,3.583624820868532,2,3,4
amazon-toys-and-games,valid,461078,14,10.833684096553498,9,14,14
amazon-toys-and-games,valid,461217,3,1.5136096276993678,1,1,1
amazon-toys-and-games,valid,462000,5,1.1567375599010128,2,2,4
amazon-toys-and-games,valid,462654,11,17.258303671247216,3,7,9
amazon-toys-and-games,valid,462676,3,0.4871978750433777,1,1,1
amazon-toys-and-games,valid,463210,5,0.922293102877987,5,5,5
amazon-toys-and-games,valid,463267,6,1.1868810402618666,5,5,5
amazon-toys-and-games,valid,463290,6,6.146328629456989,1,3,3
amazon-toys-and-games,valid,463421,3,9.759051756005407,2,2,2
amazon-toys-and-games,valid,464117,3,2.094580529583421,2,3,3
amazon-toys-and-games,valid,464441,4,6.012141507013377,1,2,2
amazon-toys-and-games,valid,465244,5,1.0328027118633778,2,4,4
amazon-toys-and-games,valid,466348,3,5.477316401748046,2,3,3
amazon-toys-and-games,valid,466474,3,2.8215317115269816,1,3,3
amazon-toys-and-games,valid,467043,4,6.179857828162935,2,3,4
amazon-toys-and-games,valid,467391,4,18.49340023986019,1,2,3
amazon-toys-and-games,valid,467583,3,1.888948261197033,1,2,2
amazon-toys-and-games,valid,467664,18,11.39220492962463,8,12,13
amazon-toys-and-games,valid,467678,3,1.341127345421378,1,1,1
amazon-toys-and-games,valid,467746,3,2.622065632239294,2,3,3
amazon-toys-and-games,valid,467797,6,7.631859701963943,2,5,5
amazon-toys-and-games,valid,468188,12,9.675258167822571,2,9,9
amazon-toys-and-games,valid,468204,8,9.231757398045032,1,5,8
amazon-toys-and-games,valid,468596,5,4.77351982970091,4,5,5
amazon-toys-and-games,valid,468991,8,3.920556352187312,1,4,6
amazon-toys-and-games,valid,469017,9,1.3956207522386412,1,6,6
amazon-toys-and-games,valid,469496,3,0.5532461350956895,3,3,3
amazon-toys-and-games,valid,469978,3,1.2118749197983698,1,1,1
amazon-toys-and-games,valid,470046,8,1.490906581836716,5,5,5
amazon-toys-and-games,valid,470293,8,29.21559848899338,5,7,7
amazon-toys-and-games,valid,470344,5,34.903141475328,3,5,5
amazon-toys-and-games,valid,470428,6,16.82796770064922,2,2,6
amazon-toys-and-games,valid,470660,5,3.336803967641453,4,4,4
amazon-toys-and-games,valid,470672,5,9.047351548482007,2,2,4
amazon-toys-and-games,valid,470882,8,0.10606821741176525,3,3,3
amazon-toys-and-games,valid,471103,4,10.463317979945371,2,3,4
amazon-toys-and-games,valid,471610,5,6.408013402218141,5,5,5
amazon-toys-and-games,valid,471666,5,0.9904739594595422,1,1,1
amazon-toys-and-games,valid,471954,3,25.882687332193207,1,3,3
amazon-toys-and-games,valid,472399,7,7.385285501360351,4,6,7
amazon-toys-and-games,valid,472567,6,1.681589803911797,2,3,3
amazon-toys-and-games,valid,472639,5,1.5078148089096746,4,5,5
amazon-toys-and-games,valid,472979,5,4.362425799459653,3,4,5
amazon-toys-and-games,valid,472987,14,8.336324133422373,14,14,14
amazon-toys-and-games,valid,473361,3,1.7258576254018303,2,2,2
amazon-toys-and-games,valid,474533,9,1.0993490837266124,2,2,8
amazon-toys-and-games,valid,474847,3,3.0693848376054937,3,3,3
amazon-toys-and-games,valid,475522,9,1.2559260664453076,5,5,5
amazon-toys-and-games,valid,476092,4,7.777876537207137,2,2,2
amazon-toys-and-games,valid,476263,11,9.992024708774402,5,7,8
amazon-toys-and-games,valid,477161,5,0.48781906018899535,1,3,5
amazon-toys-and-games,valid,477477,2,3.235426450685824,2,2,2
amazon-toys-and-games,valid,477765,3,2.862054587261303,2,2,3
amazon-toys-and-games,valid,477963,5,5.272389812841887,5,5,5
amazon-toys-and-games,valid,478869,6,1.199676619437327,3,3,4
amazon-toys-and-games,valid,479694,17,17.22323751047562,3,4,5
amazon-toys-and-games,valid,479707,3,3.8019476829547414,1,2,2
amazon-toys-and-games,valid,479995,9,6.86053546007766,4,6,8
amazon-toys-and-games,valid,480166,4,2.65847282435152,3,3,3
amazon-toys-and-games,valid,480478,3,0.2306599203590301,1,1,1
amazon-toys-and-games,valid,480617,3,0.7605198450692655,1,2,2
amazon-toys-and-games,valid,480717,6,21.132939249901547,4,5,6
amazon-toys-and-games,valid,481168,35,9.547802132229712,16,21,23
amazon-toys-and-games,valid,481257,4,7.565734410399988,2,4,4
amazon-toys-and-games,valid,481261,11,8.018099496000149,8,11,11
amazon-toys-and-games,valid,481654,9,17.468905041332974,7,8,9
amazon-toys-and-games,valid,481766,2,0.36433602916218244,1,1,1
amazon-toys-and-games,valid,482479,4,4.7276869656927065,2,4,4
amazon-toys-and-games,valid,482523,3,3.989622881419981,1,2,2
amazon-toys-and-games,valid,483024,7,2.365127341373745,3,3,5
amazon-toys-and-games,valid,483132,2,0.5248707113354145,1,1,1
amazon-toys-and-games,valid,483708,3,1.291747869664453,1,3,3
amazon-toys-and-games,valid,483984,5,0.0643430682485912,1,4,4
amazon-toys-and-games,valid,484286,4,1.134116352113949,4,4,4
amazon-toys-and-games,valid,484339,3,0.7895676818277289,2,3,3
amazon-toys-and-games,valid,484419,5,3.447873288349376,1,1,1
amazon-toys-and-games,valid,485177,10,3.1034091123977663,7,10,10
amazon-toys-and-games,valid,485563,6,14.567101055666903,4,5,5
amazon-toys-and-games,valid,485891,6,0.6347536961686183,2,3,3
amazon-toys-and-games,valid,485948,6,2.2082749931364165,3,4,4
amazon-toys-and-games,valid,486513,3,1.0888506626512462,2,2,2
amazon-toys-and-games,valid,486559,6,58.2467369913351,3,5,6
amazon-toys-and-games,valid,486785,9,20.634936345598526,6,9,9
amazon-toys-and-games,valid,487419,4,10.50081360581407,1,2,2
amazon-toys-and-games,valid,487842,11,2.20825715825441,5,8,10
amazon-toys-and-games,valid,488240,7,6.013162775363147,3,4,5
amazon-toys-and-games,valid,488883,3,1.964117102823344,2,2,3
amazon-toys-and-games,valid,489041,8,4.941614983982442,4,6,8
amazon-toys-and-games,valid,489395,1,15.70843775224579,1,1,1
amazon-toys-and-games,valid,489428,8,6.3512754565271266,4,6,7
amazon-toys-and-games,valid,489577,3,0.5395732315117573,3,3,3
amazon-toys-and-games,valid,489875,3,14.070139784366159,1,1,1
amazon-toys-and-games,valid,490013,4,0.8298874169911148,4,4,4
amazon-toys-and-games,valid,490313,4,2.480942891000222,4,4,4
amazon-toys-and-games,valid,490565,4,3.8822976210480955,2,3,4
amazon-toys-and-games,valid,490892,6,1.7031116999292486,3,3,3
amazon-toys-and-games,valid,491102,2,0.15934796683293795,2,2,2
amazon-toys-and-games,valid,491373,2,1.9561297319436206,1,1,1
amazon-toys-and-games,valid,491442,6,24.91889562110008,2,3,3
amazon-toys-and-games,valid,491846,5,4.934170501851444,5,5,5
amazon-toys-and-games,valid,492479,3,4.724814917247096,2,3,3
amazon-toys-and-games,valid,492550,2,0.9936084715942506,1,1,1
amazon-toys-and-games,valid,493140,3,2.4561102843329223,3,3,3
amazon-toys-and-games,valid,493382,3,1.468895301716557,3,3,3
amazon-toys-and-games,valid,493594,3,8.914872527078188,2,2,2
amazon-toys-and-games,valid,493621,12,11.01001011212512,6,11,12
amazon-toys-and-games,valid,493805,5,3.743660885276742,4,5,5
amazon-toys-and-games,valid,494387,3,8.957774651965243,3,3,3
amazon-toys-and-games,valid,495105,7,0.23494016555197605,5,6,6
amazon-toys-and-games,valid,495250,3,6.176161959954872,1,3,3
amazon-toys-and-games,valid,495341,3,3.6217608581386287,3,3,3
amazon-toys-and-games,valid,495779,3,3.4883518930999937,2,2,3
amazon-toys-and-games,valid,496166,10,4.7753517630065465,2,8,9
amazon-toys-and-games,valid,497070,3,16.709704092112485,2,3,3
amazon-toys-and-games,valid,497211,5,2.883483767190028,4,5,5
amazon-toys-and-games,valid,497933,7,3.7261968676255215,4,7,7
amazon-toys-and-games,valid,497939,3,0.2689889791180726,1,1,1
amazon-toys-and-games,valid,498078,2,0.6790764136784437,1,2,2
amazon-toys-and-games,valid,498102,3,2.1877715827211865,3,3,3
amazon-toys-and-games,valid,498438,3,1.02502758872838,2,2,2
amazon-toys-and-games,valid,498510,3,6.452817661542132,3,3,3
amazon-toys-and-games,valid,498949,4,1.9314036286142595,3,4,4
amazon-toys-and-games,valid,499314,1,1.41792055268402,1,1,1
amazon-toys-and-games,valid,499370,3,2.2061940039253183,1,2,2
amazon-toys-and-games,valid,500102,7,2.340512294969216,2,3,4
amazon-toys-and-games,valid,500226,6,3.3782633644138826,4,4,5
amazon-toys-and-games,valid,501687,3,0.08410601483925427,1,1,1
amazon-toys-and-games,valid,502277,4,0.45600365450646035,3,3,3
amazon-toys-and-games,valid,502581,4,2.2120673720889537,2,3,3
amazon-toys-and-games,valid,502639,7,16.62771751899589,1,1,1
amazon-toys-and-games,valid,502694,7,4.155487031099924,4,7,7
amazon-toys-and-games,valid,502924,3,1.538044807421537,2,2,2
amazon-toys-and-games,valid,503031,12,7.838149963656685,5,10,10
amazon-toys-and-games,valid,503089,2,4.689966063761221,1,1,1
amazon-toys-and-games,valid,503979,22,15.730005563597766,11,18,19
amazon-toys-and-games,valid,504555,3,1.6575025941215342,2,2,2
amazon-toys-and-games,valid,505076,6,2.7452616608031857,2,6,6
amazon-toys-and-games,valid,505415,8,12.808379308222875,4,5,7
amazon-toys-and-games,valid,506010,2,1.5077900171588008,2,2,2
amazon-toys-and-games,valid,506071,3,0.09357355443696133,1,1,1
amazon-toys-and-games,valid,506311,5,1.4015529375663394,3,3,5
amazon-toys-and-games,valid,506395,2,0.6981315304839558,2,2,2
amazon-toys-and-games,valid,506720,3,5.742359697821444,2,3,3
amazon-toys-and-games,valid,506755,4,3.335400956923637,1,1,1
amazon-toys-and-games,valid,506993,4,4.428061833409426,4,4,4
amazon-toys-and-games,valid,507104,4,2.0892243729979634,1,3,3
amazon-toys-and-games,valid,507316,4,0.21333073947531672,1,3,3
amazon-toys-and-games,valid,507506,1,0.2342658552259146,1,1,1
amazon-toys-and-games,valid,508282,2,7.292778751142112,2,2,2
amazon-toys-and-games,valid,508283,13,11.678740902866238,9,12,12
amazon-toys-and-games,valid,508342,5,2.1226428942446525,4,5,5
amazon-toys-and-games,valid,508552,3,0.40832418452373687,3,3,3
amazon-toys-and-games,valid,508739,3,2.774751701444581,2,3,3
amazon-toys-and-games,valid,508754,4,2.7918786271770335,1,4,4
amazon-toys-and-games,valid,511346,3,1.5246522024087084,3,3,3
amazon-toys-and-games,valid,511437,19,23.835141687069797,2,14,17
amazon-toys-and-games,valid,511902,4,5.553665128334309,3,4,4
amazon-toys-and-games,valid,511995,7,4.0953882853032155,5,7,7
amazon-toys-and-games,valid,512342,1,0.6360020114205225,1,1,1
amazon-toys-and-games,valid,512406,30,55.27020029647645,14,20,23
amazon-toys-and-games,valid,512498,8,5.283231144308165,3,6,7
amazon-toys-and-games,valid,512818,3,0.047000100115667354,2,2,2
amazon-toys-and-games,valid,513266,3,0.5764684163529172,3,3,3
amazon-toys-and-games,valid,513601,16,5.220224427324784,11,14,14
amazon-toys-and-games,valid,513679,3,0.7965867830496016,3,3,3
amazon-toys-and-games,valid,514116,5,0.24183594046210424,1,1,1
amazon-toys-and-games,valid,514366,23,9.927933289446031,11,17,20
amazon-toys-and-games,valid,514511,8,5.96399870956407,3,6,6
amazon-toys-and-games,valid,514868,5,2.4173421839040694,5,5,5
amazon-toys-and-games,valid,515031,3,2.583820182395188,2,3,3
amazon-toys-and-games,valid,516586,3,1.5289430726377429,2,2,2
amazon-toys-and-games,valid,516603,11,10.775208577996398,8,10,11
amazon-toys-and-games,valid,517398,9,1.0465448046704118,9,9,9
amazon-toys-and-games,valid,517671,4,11.956575351016724,3,4,4
amazon-toys-and-games,valid,517764,5,2.390990829518703,5,5,5
amazon-toys-and-games,valid,517823,4,3.215994145099161,1,4,4
amazon-toys-and-games,valid,518120,7,1.5149693793416792,2,2,4
amazon-toys-and-games,valid,518289,3,1.5556335427582755,2,3,3
amazon-toys-and-games,valid,518438,3,0.7437305172096809,3,3,3
amazon-toys-and-games,valid,518603,10,0.6496081290633252,9,9,9
amazon-toys-and-games,valid,519054,6,1.3584647480592076,1,1,3
amazon-toys-and-games,valid,519190,4,2.733571844312105,3,3,4
amazon-toys-and-games,valid,519504,3,2.450802193386914,2,2,2
amazon-toys-and-games,valid,519636,6,10.744744322736484,5,5,6
amazon-toys-and-games,valid,519967,5,2.0409905038107516,4,4,4
amazon-toys-and-games,valid,520200,4,2.740061970522987,3,4,4
amazon-toys-and-games,valid,520760,5,9.906064561893396,2,5,5
amazon-toys-and-games,valid,520864,9,13.21287670891531,5,6,7
amazon-toys-and-games,valid,520910,3,3.1978383617054478,2,2,3
amazon-toys-and-games,valid,521165,9,3.555831876765266,6,8,9
amazon-toys-and-games,valid,521369,4,0.8570232532077016,1,1,1
amazon-toys-and-games,valid,521628,100,64.59137002946741,56,81,90
amazon-toys-and-games,valid,522046,16,20.544408128886243,8,12,15
amazon-toys-and-games,valid,522385,2,8.186775865053441,1,2,2
amazon-toys-and-games,valid,522457,13,1.8546286356991977,9,13,13
amazon-toys-and-games,valid,523196,7,1.7178689896368584,7,7,7
amazon-toys-and-games,valid,523425,34,23.637973904278923,22,29,31
amazon-toys-and-games,valid,523475,3,4.086657288385805,1,3,3
amazon-toys-and-games,valid,523928,4,4.047343895926254,3,4,4
amazon-toys-and-games,valid,523939,6,19.29281657121105,4,6,6
amazon-toys-and-games,valid,524021,8,14.90109261420222,1,1,3
amazon-toys-and-games,valid,524049,6,5.04293684598713,1,3,6
amazon-toys-and-games,valid,524176,9,2.786222186833544,8,8,8
amazon-toys-and-games,valid,524189,3,5.387186750377615,2,3,3
amazon-toys-and-games,valid,524414,10,9.823779855323691,8,9,10
amazon-toys-and-games,valid,524472,2,0.35327776987575854,1,1,1
amazon-toys-and-games,valid,525269,7,0.5789518920501393,7,7,7
amazon-toys-and-games,valid,525893,3,2.753598266500065,2,2,3
amazon-toys-and-games,valid,525991,10,4.078800453663743,7,9,10
amazon-toys-and-games,valid,526020,4,0.8494048493550129,1,2,4
amazon-toys-and-games,valid,526036,9,2.229230347050993,1,1,4
amazon-toys-and-games,valid,526254,5,6.219001662754904,2,2,2
amazon-toys-and-games,valid,526860,6,0.5744311921714228,4,4,4
amazon-toys-and-games,valid,526959,3,10.367048575577938,1,1,1
amazon-toys-and-games,valid,527467,3,0.24704701470954027,2,2,2
amazon-toys-and-games,valid,527553,15,2.5670770228471795,10,12,12
amazon-toys-and-games,valid,527875,4,3.855375297461483,3,3,4
amazon-toys-and-games,valid,528262,11,3.6423290306785896,3,8,8
amazon-toys-and-games,valid,528430,16,10.497411443960747,7,10,16
amazon-toys-and-games,valid,528677,3,0.6765193216597495,1,1,2
amazon-toys-and-games,valid,529492,2,2.4230097552377474,1,2,2
amazon-toys-and-games,valid,529623,5,14.171237508704783,3,4,4
amazon-toys-and-games,valid,530001,5,4.270452198373724,4,5,5
amazon-toys-and-games,valid,530246,3,4.824530880940083,2,3,3
amazon-toys-and-games,valid,531029,6,1.421142468389411,5,6,6
amazon-toys-and-games,valid,531613,1,0.31976754444854194,1,1,1
amazon-toys-and-games,valid,531720,7,7.564660649312398,4,6,6
amazon-toys-and-games,valid,532884,4,1.3566197864355098,2,2,2
amazon-toys-and-games,valid,533186,20,7.238086251386709,12,15,19
amazon-toys-and-games,valid,533240,9,1.173954671951695,3,9,9
amazon-toys-and-games,valid,533864,4,15.248521301711117,1,1,1
amazon-toys-and-games,valid,533873,4,6.988499220609333,2,3,4
amazon-toys-and-games,valid,533926,4,4.816656211336015,4,4,4
amazon-toys-and-games,valid,534098,13,2.3544847233800317,10,11,11
amazon-toys-and-games,valid,534424,3,2.3534138715285144,2,2,2
amazon-toys-and-games,valid,534457,5,33.224104209848,3,4,4
amazon-toys-and-games,valid,534495,3,5.55677839039684,2,3,3
amazon-toys-and-games,valid,534996,5,3.6633028519177966,3,4,4
amazon-toys-and-games,valid,535134,3,0.39982390267568135,1,1,1
amazon-toys-and-games,valid,535252,4,2.2475654911729666,1,2,2
amazon-toys-and-games,valid,535421,3,1.159780494343718,2,3,3
amazon-toys-and-games,valid,535460,6,3.887716895407461,3,6,6
amazon-toys-and-games,valid,535473,4,16.786050162439725,1,1,2
amazon-toys-and-games,valid,535742,3,1.1712718503392834,1,1,1
amazon-toys-and-games,valid,535856,6,30.144269269783642,2,3,3
amazon-toys-and-games,valid,536148,6,6.018265828410348,3,4,4
amazon-toys-and-games,valid,536309,16,32.36106263262717,9,13,15
amazon-toys-and-games,valid,536773,11,3.1250571174745105,4,9,9
amazon-toys-and-games,valid,536895,3,0.9953483212537847,3,3,3
amazon-toys-and-games,valid,536920,10,6.541660165683524,8,10,10
amazon-toys-and-games,valid,537146,4,0.5091819601306905,4,4,4
amazon-toys-and-games,valid,538334,6,3.7510807021453907,4,5,5
amazon-toys-and-games,valid,538484,11,7.478933937004035,4,10,11
amazon-toys-and-games,valid,538544,7,15.675660654308697,1,1,3
amazon-toys-and-games,valid,538731,4,7.64323127332646,1,2,2
amazon-toys-and-games,valid,538800,3,2.5456071136134475,2,3,3
amazon-toys-and-games,valid,539475,3,1.392941978259026,2,3,3
amazon-toys-and-games,valid,539580,20,1.691875724265388,14,17,17
amazon-toys-and-games,valid,539747,3,1.2980755846094074,1,3,3
amazon-toys-and-games,valid,540315,4,1.5988671940690038,2,2,2
amazon-toys-and-games,valid,540447,7,0.8035360626057483,7,7,7
amazon-toys-and-games,valid,540738,9,2.425938344053974,5,8,9
amazon-toys-and-games,valid,540847,3,1.0241993418675563,1,1,1
amazon-toys-and-games,valid,540878,3,0.5822216204179294,2,3,3
amazon-toys-and-games,valid,541091,5,3.3863085405494697,1,3,3
amazon-toys-and-games,valid,541202,10,24.86301438218799,5,8,9
amazon-toys-and-games,valid,541327,6,3.267081848384403,4,5,6
amazon-toys-and-games,valid,541331,3,6.946066874103631,2,2,2
amazon-toys-and-games,valid,541373,10,10.763260851403114,5,8,9
amazon-toys-and-games,valid,542177,4,1.3146133267930333,3,4,4
amazon-toys-and-games,valid,542179,5,2.489784185911316,1,1,1
amazon-toys-and-games,valid,542372,8,2.5022627848434618,1,1,8
amazon-toys-and-games,valid,542426,5,14.80562729738736,3,5,5
amazon-toys-and-games,valid,542574,2,0.01831680328586832,2,2,2
amazon-toys-and-games,valid,542798,4,3.01472193616491,2,2,2
amazon-toys-and-games,valid,543509,6,4.487395070653644,6,6,6
amazon-toys-and-games,valid,543702,3,6.49441063019682,2,2,3
amazon-toys-and-games,valid,543715,3,1.179957058410693,2,2,2
amazon-toys-and-games,valid,543756,4,1.961621231250685,1,4,4
amazon-toys-and-games,valid,543830,9,2.205599887324022,8,8,8
amazon-toys-and-games,valid,543846,3,2.391500578273914,1,2,2
amazon-toys-and-games,valid,543972,4,2.8429105490228097,3,3,3
amazon-toys-and-games,valid,544085,2,11.368736248720964,1,2,2
amazon-toys-and-games,valid,545219,8,2.646910002339405,3,4,7
amazon-toys-and-games,valid,545398,3,1.5019222144902595,3,3,3
amazon-toys-and-games,valid,545942,3,1.6007312554599562,1,1,1
amazon-toys-and-games,valid,545956,8,3.1998238520802715,5,7,7
amazon-toys-and-games,valid,546353,4,3.898589975493481,2,3,3
amazon-toys-and-games,valid,546423,6,9.924953472777235,3,5,6
amazon-toys-and-games,valid,546515,5,1.25732224678278,3,3,3
amazon-toys-and-games,valid,547785,2,1.732919353256583,1,1,1
amazon-toys-and-games,valid,547787,5,0.18539334547665337,1,1,1
amazon-toys-and-games,valid,548064,5,1.4484889079998995,1,1,1
amazon-toys-and-games,valid,548743,7,4.136047009713243,6,7,7
amazon-toys-and-games,valid,548776,4,2.770595541494529,2,4,4
amazon-toys-and-games,valid,548927,18,0.09145120347823205,11,11,11
amazon-toys-and-games,valid,549056,6,1.9220777561644025,4,5,5
amazon-toys-and-games,valid,549371,3,0.14618923910258663,3,3,3
amazon-toys-and-games,valid,549954,5,6.528475760782625,3,4,4
amazon-toys-and-games,valid,550319,5,3.270588616247793,2,5,5
amazon-toys-and-games,valid,550760,7,0.7050913085876664,7,7,7
amazon-toys-and-games,valid,550817,3,10.223308280805284,2,2,2
amazon-toys-and-games,valid,550970,4,6.812439906092389,3,4,4
amazon-toys-and-games,valid,551487,4,0.8819455402391303,1,4,4
amazon-toys-and-games,valid,552449,6,11.135435753916827,2,4,6
amazon-toys-and-games,valid,552644,6,7.309589202585348,4,4,4
amazon-toys-and-games,valid,552865,8,2.6189041780487896,1,7,7
amazon-toys-and-games,valid,552943,8,6.497607374685763,8,8,8
amazon-toys-and-games,valid,553154,3,1.4164744093792252,1,2,2
amazon-toys-and-games,valid,553325,11,8.042471684436933,4,10,10
amazon-toys-and-games,valid,553341,3,0.005934841586719974,1,1,1
amazon-toys-and-games,valid,553476,3,9.083925958424107,1,1,2
amazon-toys-and-games,valid,553504,6,3.856376833601373,6,6,6
amazon-toys-and-games,valid,553543,3,0.8191715621415039,2,3,3
amazon-toys-and-games,valid,553788,8,1.8014820786947094,3,4,4
amazon-toys-and-games,valid,553800,4,0.8896570396461205,1,1,1
amazon-toys-and-games,valid,553964,7,7.348543620611331,2,6,6
amazon-toys-and-games,valid,554245,3,6.196356738369427,1,2,3
amazon-toys-and-games,valid,554988,44,12.679956773811513,21,34,39
amazon-toys-and-games,valid,555389,7,30.68046260142245,2,3,3
amazon-toys-and-games,valid,556167,3,0.29293528069163427,2,2,2
amazon-toys-and-games,valid,556233,3,0.04524785458069647,3,3,3
amazon-toys-and-games,valid,556295,8,2.2752897520072306,4,8,8
amazon-toys-and-games,valid,556666,5,6.988441415353468,2,3,3
amazon-toys-and-games,valid,556688,21,10.223095527106459,10,17,19
amazon-toys-and-games,valid,557250,9,6.799659315807126,2,7,8
amazon-toys-and-games,valid,557457,3,3.5261474232611514,1,1,1
amazon-toys-and-games,valid,557542,4,1.8379563097251146,3,4,4
amazon-toys-and-games,valid,557558,4,0.5144012561322429,3,3,4
amazon-toys-and-games,valid,557826,12,22.203743162267514,5,6,6
amazon-toys-and-games,valid,557834,4,0.4181766287026115,3,3,3
amazon-toys-and-games,valid,558804,5,3.6600271785893375,2,3,3
amazon-toys-and-games,valid,558857,20,5.988677632673656,9,10,10
amazon-toys-and-games,valid,558914,12,5.299637717891505,10,12,12
amazon-toys-and-games,valid,559011,13,14.946458609065143,9,10,12
amazon-toys-and-games,valid,559105,3,0.5918513183045149,3,3,3
amazon-toys-and-games,valid,559489,3,0.5235592783096024,3,3,3
amazon-toys-and-games,valid,559843,4,1.0058595176701624,1,1,1
amazon-toys-and-games,valid,560106,7,7.453769171470436,5,5,6
amazon-toys-and-games,valid,560813,4,1.569459497457296,2,2,3
amazon-toys-and-games,valid,560963,28,3.0760687442364714,9,26,26
amazon-toys-and-games,valid,561194,8,4.549246820916471,4,4,4
amazon-toys-and-games,valid,561247,4,1.7308802317472158,4,4,4
amazon-toys-and-games,valid,561274,7,6.534282595982181,3,4,4
amazon-toys-and-games,valid,561338,6,0.05096804514071884,3,3,3
amazon-toys-and-games,valid,561604,3,2.7746024449852387,1,3,3
amazon-toys-and-games,valid,561940,6,3.4468145793962455,5,6,6
amazon-toys-and-games,valid,562302,3,2.3666850475574717,2,2,2
amazon-toys-and-games,valid,562321,3,1.7909135829765672,2,3,3
amazon-toys-and-games,valid,562362,1,2.2703111636684987,1,1,1
amazon-toys-and-games,valid,562464,4,2.8966347791203617,3,3,3
amazon-toys-and-games,valid,562669,4,0.7478979346384461,3,4,4
amazon-toys-and-games,valid,562678,3,6.991197853287352,2,3,3
amazon-toys-and-games,valid,562786,3,9.591566908856354,1,3,3
amazon-toys-and-games,valid,562881,10,4.994892330121642,7,8,10
amazon-toys-and-games,valid,562930,3,1.3226464865187582,1,3,3
amazon-toys-and-games,valid,563736,3,7.1668345063984535,2,2,2
amazon-toys-and-games,valid,563794,3,1.904746804441341,1,2,3
amazon-toys-and-games,valid,564566,7,7.628349898375957,3,3,3
amazon-toys-and-games,valid,564869,12,69.38970893156345,5,9,10
amazon-toys-and-games,valid,565097,6,5.478649337823086,4,4,5
amazon-toys-and-games,valid,565125,7,14.393106982539715,1,4,5
amazon-toys-and-games,valid,565465,4,20.47709523656232,3,4,4
amazon-toys-and-games,valid,565584,6,0.3911176975091436,2,2,2
amazon-toys-and-games,valid,565585,2,1.5435784274073818,1,1,1
amazon-toys-and-games,valid,565627,8,4.708199637597727,3,5,5
amazon-toys-and-games,valid,565673,3,2.343871830189661,2,2,2
amazon-toys-and-games,valid,565704,6,10.223410736510427,4,5,6
amazon-toys-and-games,valid,566689,7,4.901397831012722,5,6,7
amazon-toys-and-games,valid,566968,3,1.1152811988531792,1,2,2
amazon-toys-and-games,valid,567524,6,0.9099141769034358,1,6,6
amazon-toys-and-games,valid,567891,9,6.056056804984609,5,9,9
amazon-toys-and-games,test,528,4,3.2760705024269665,2,3,3
amazon-toys-and-games,test,722,26,25.95134580944466,10,17,21
amazon-toys-and-games,test,1764,5,3.3382836304053374,4,4,4
amazon-toys-and-games,test,2311,7,18.783710883660852,4,6,7
amazon-toys-and-games,test,2318,4,4.496536522834246,1,1,1
amazon-toys-and-games,test,2377,7,2.4217237464054335,1,7,7
amazon-toys-and-games,test,2714,6,1.1663541029810118,1,5,6
amazon-toys-and-games,test,2944,4,6.557109727087727,3,4,4
amazon-toys-and-games,test,3057,6,15.09118994143012,2,3,5
amazon-toys-and-games,test,3230,16,5.525274525951049,12,15,16
amazon-toys-and-games,test,3583,4,0.30292066431014325,4,4,4
amazon-toys-and-games,test,3624,5,1.6108037896720981,2,3,3
amazon-toys-and-games,test,3629,4,6.836270660398486,1,1,3
amazon-toys-and-games,test,4004,19,14.562856986192072,11,16,18
amazon-toys-and-games,test,4199,3,6.997478008546956,2,2,3
amazon-toys-and-games,test,4966,4,2.9378229844954795,1,4,4
amazon-toys-and-games,test,5398,12,12.191822757195599,4,5,10
amazon-toys-and-games,test,5483,5,2.859811692738376,4,4,4
amazon-toys-and-games,test,5678,7,2.6614513761350684,5,7,7
amazon-toys-and-games,test,5804,5,1.754388124093591,2,4,4
amazon-toys-and-games,test,5993,10,22.936071371403134,2,6,7
amazon-toys-and-games,test,6082,6,4.3603563207043186,4,5,5
amazon-toys-and-games,test,6403,5,18.04361969428862,3,4,5
amazon-toys-and-games,test,6844,8,7.464895608071764,3,4,4
amazon-toys-and-games,test,8213,78,51.64794069408428,32,60,72
amazon-toys-and-games,test,8484,5,0.06975829497516117,3,3,3
amazon-toys-and-games,test,8490,9,5.12482576996253,8,9,9
amazon-toys-and-games,test,9207,3,30.678921591724006,2,2,2
amazon-toys-and-games,test,9307,8,2.774778643500378,4,6,6
amazon-toys-and-games,test,9710,4,1.8378474031052048,2,2,4
amazon-toys-and-games,test,9721,5,0.7172697502503049,3,3,3
amazon-toys-and-games,test,9790,5,3.6329206877105205,4,5,5
amazon-toys-and-games,test,9940,5,2.5645773566187744,3,3,3
amazon-toys-and-games,test,10693,5,3.0154888360911736,2,2,2
amazon-toys-and-games,test,11198,7,1.0598549391650278,2,6,6
amazon-toys-and-games,test,11563,6,2.3945519874477847,1,5,5
amazon-toys-and-games,test,12966,4,2.6819551660158725,2,3,4
amazon-toys-and-games,test,13470,6,0.6900556176368261,1,3,3
amazon-toys-and-games,test,14672,8,3.7807690767937765,5,6,7
amazon-toys-and-games,test,15233,6,3.4205355764471026,5,6,6
amazon-toys-and-games,test,15338,10,2.3319507926751255,3,3,6
amazon-toys-and-games,test,15453,6,4.161575176778782,2,4,6
amazon-toys-and-games,test,16226,6,14.254146436144703,4,5,6
amazon-toys-and-games,test,16800,25,18.243450313504972,11,19,21
amazon-toys-and-games,test,16835,8,12.654022958046728,6,8,8
amazon-toys-and-games,test,17529,4,8.072139441455766,3,4,4
amazon-toys-and-games,test,18011,4,0.7628510285825487,1,3,3
amazon-toys-and-games,test,18425,10,17.127169855305347,5,8,9
amazon-toys-and-games,test,18738,8,5.6308074439255815,4,7,7
amazon-toys-and-games,test,18760,6,5.764716291614487,6,6,6
amazon-toys-and-games,test,18791,9,10.662570926068659,2,2,4
amazon-toys-and-games,test,18905,4,2.688180425255686,4,4,4
amazon-toys-and-games,test,19292,21,14.906758920650649,8,17,17
amazon-toys-and-games,test,19395,26,4.119965448394547,12,21,25
amazon-toys-and-games,test,19423,5,4.171842503319217,3,4,4
amazon-toys-and-games,test,19490,6,2.2943553673603065,2,5,5
amazon-toys-and-games,test,19622,4,20.069052741983455,3,3,4
amazon-toys-and-games,test,19841,19,12.690265335611054,9,14,17
amazon-toys-and-games,test,21495,5,45.3884573276099,2,3,4
amazon-toys-and-games,test,22007,19,9.397027937077777,4,14,17
amazon-toys-and-games,test,22053,9,4.986217747086321,6,9,9
amazon-toys-and-games,test,22204,6,3.690575675206813,3,5,5
amazon-toys-and-games,test,22386,4,0.3333812514028368,4,4,4
amazon-toys-and-games,test,22646,9,1.2101994527979927,5,5,5
amazon-toys-and-games,test,22903,7,2.7430534241360722,4,7,7
amazon-toys-and-games,test,22905,7,12.609040223414151,4,5,7
amazon-toys-and-games,test,23313,4,3.2737638576875074,1,2,2
amazon-toys-and-games,test,23605,2,2.22649237644174,2,2,2
amazon-toys-and-games,test,23757,5,4.62511349973447,1,2,2
amazon-toys-and-games,test,23862,5,7.752364054718683,3,3,3
amazon-toys-and-games,test,25220,22,4.55000448718042,13,22,22
amazon-toys-and-games,test,25258,4,2.641469224930812,2,2,2
amazon-toys-and-games,test,25949,4,3.103781747592022,3,4,4
amazon-toys-and-games,test,26622,6,2.389348249534791,2,4,4
amazon-toys-and-games,test,27406,7,7.477706112893159,5,7,7
amazon-toys-and-games,test,27540,11,4.2380828994408,6,8,9
amazon-toys-and-games,test,28623,4,2.729972233871464,2,3,3
amazon-toys-and-games,test,28667,8,0.8799567611626598,3,3,3
amazon-toys-and-games,test,28934,7,4.685909829745813,4,5,7
amazon-toys-and-games,test,29027,4,4.685547566610596,2,4,4
amazon-toys-and-games,test,29179,31,18.40508266309699,13,20,23
amazon-toys-and-games,test,29238,5,3.0182712041726543,3,3,3
amazon-toys-and-games,test,29387,5,3.8968711229290744,2,4,5
amazon-toys-and-games,test,30094,5,1.6489039042011329,5,5,5
amazon-toys-and-games,test,30119,8,10.915964249536309,7,8,8
amazon-toys-and-games,test,30154,12,4.741457012463737,9,11,11
amazon-toys-and-games,test,30229,4,0.782909578855824,1,4,4
amazon-toys-and-games,test,30507,4,1.324417578843934,2,3,3
amazon-toys-and-games,test,30962,6,3.757326579014757,1,1,1
amazon-toys-and-games,test,30983,6,4.025773301826728,1,2,5
amazon-toys-and-games,test,31341,5,6.370588736411891,4,4,4
amazon-toys-and-games,test,31568,2,3.016209441217336,1,1,1
amazon-toys-and-games,test,31928,7,4.3362983297633,2,4,7
amazon-toys-and-games,test,31997,4,4.909051778140898,1,3,3
amazon-toys-and-games,test,32510,5,1.6108030307409489,3,4,4
amazon-toys-and-games,test,33797,5,1.4256768290288129,5,5,5
amazon-toys-and-games,test,34420,4,1.2903982371041312,3,3,3
amazon-toys-and-games,test,34439,5,44.10916187375294,4,5,5
amazon-toys-and-games,test,34542,6,7.732651324072392,4,4,5
amazon-toys-and-games,test,34745,5,7.614026337820112,1,3,5
amazon-toys-and-games,test,35116,5,2.283118632765296,1,5,5
amazon-toys-and-games,test,35633,5,1.5236109488720102,2,2,4
amazon-toys-and-games,test,36208,5,2.2915484605050014,5,5,5
amazon-toys-and-games,test,36290,8,5.566961222602664,7,8,8
amazon-toys-and-games,test,36820,5,2.140038355115395,2,2,2
amazon-toys-and-games,test,36979,16,21.358212782917676,2,11,15
amazon-toys-and-games,test,36997,6,4.066151474688603,4,5,6
amazon-toys-and-games,test,37581,4,10.64674898244725,3,4,4
amazon-toys-and-games,test,37762,2,1.6486451086792568,2,2,2
amazon-toys-and-games,test,37821,12,2.8199398534415403,5,9,10
amazon-toys-and-games,test,38679,30,7.997523354683121,16,22,24
amazon-toys-and-games,test,38849,4,20.690013370469522,2,2,2
amazon-toys-and-games,test,39220,11,80.38194171396125,7,9,10
amazon-toys-and-games,test,39493,8,4.387381605950172,4,8,8
amazon-toys-and-games,test,39498,13,24.910189668910597,6,10,11
amazon-toys-and-games,test,39641,5,3.9492376252007135,2,5,5
amazon-toys-and-games,test,39681,4,9.585751725414157,4,4,4
amazon-toys-and-games,test,39944,4,9.617041191810298,1,2,2
amazon-toys-and-games,test,39966,6,1.4738928633340187,2,5,5
amazon-toys-and-games,test,40226,7,1.5937124072151332,6,6,6
amazon-toys-and-games,test,40293,2,3.0500243775009546,2,2,2
amazon-toys-and-games,test,40961,4,1.8732419280873525,3,3,3
amazon-toys-and-games,test,41236,5,17.362174403516484,1,1,2
amazon-toys-and-games,test,41331,5,6.832397581767084,3,4,5
amazon-toys-and-games,test,42279,7,0.3198937799963585,4,4,4
amazon-toys-and-games,test,42430,18,10.515899006755184,9,12,14
amazon-toys-and-games,test,42950,4,4.7254744284157475,1,1,4
amazon-toys-and-games,test,43197,5,1.3502189611231827,3,3,5
amazon-toys-and-games,test,43230,26,84.3075697500416,15,21,23
amazon-toys-and-games,test,43534,18,4.08941195548034,8,15,17
amazon-toys-and-games,test,43855,30,51.61640862269744,14,20,22
amazon-toys-and-games,test,44453,16,3.2431121464337416,10,11,11
amazon-toys-and-games,test,44454,5,5.570054499478267,4,4,4
amazon-toys-and-games,test,44902,5,3.7992930682833754,4,5,5
amazon-toys-and-games,test,45910,12,2.8455238019465443,11,11,11
amazon-toys-and-games,test,46074,7,1.4793242805917717,4,6,6
amazon-toys-and-games,test,46601,7,7.550982433210422,5,6,6
amazon-toys-and-games,test,46641,4,1.7243295175329223,1,1,2
amazon-toys-and-games,test,47058,8,5.53475332302747,6,7,7
amazon-toys-and-games,test,47614,6,4.714108675525375,6,6,6
amazon-toys-and-games,test,47915,8,1.4556355096548375,7,8,8
amazon-toys-and-games,test,48455,4,1.3891774267819592,3,4,4
amazon-toys-and-games,test,48621,5,25.402489838070025,3,5,5
amazon-toys-and-games,test,48662,8,1.5126946097104863,8,8,8
amazon-toys-and-games,test,48855,4,5.65042910283397,2,3,4
amazon-toys-and-games,test,48873,4,0.04282888803115614,2,2,2
amazon-toys-and-games,test,48901,7,4.1070294037122235,4,4,5
amazon-toys-and-games,test,49025,4,1.9715391964854403,2,2,2
amazon-toys-and-games,test,50076,15,8.96402495593298,9,12,15
amazon-toys-and-games,test,50506,6,1.4127571646104586,2,4,4
amazon-toys-and-games,test,50632,4,0.24948546049191,4,4,4
amazon-toys-and-games,test,50950,6,3.156457387818434,2,3,4
amazon-toys-and-games,test,51286,5,0.1723570586383725,5,5,5
amazon-toys-and-games,test,51384,6,0.8943267430071293,1,1,1
amazon-toys-and-games,test,51647,5,2.2735783622657912,4,5,5
amazon-toys-and-games,test,51800,4,4.875548889048124,3,3,3
amazon-toys-and-games,test,51968,4,2.616424244030264,3,3,3
amazon-toys-and-games,test,52057,3,0.5361839714879686,2,2,2
amazon-toys-and-games,test,52171,11,9.336364293529016,6,10,11
amazon-toys-and-games,test,52490,7,3.12065304001572,2,6,6
amazon-toys-and-games,test,52839,4,3.750787375256226,4,4,4
amazon-toys-and-games,test,53251,4,3.071036271786146,1,1,2
amazon-toys-and-games,test,53522,10,3.9739274263234385,4,5,10
amazon-toys-and-games,test,53887,7,15.020754426892827,1,1,1
amazon-toys-and-games,test,53940,3,8.7071862115365,2,3,3
amazon-toys-and-games,test,53969,5,2.872403878365852,1,3,3
amazon-toys-and-games,test,54159,4,0.5743518838663317,2,3,3
amazon-toys-and-games,test,54300,11,6.800803025048965,5,9,9
amazon-toys-and-games,test,54357,4,9.43874499097536,2,3,4
amazon-toys-and-games,test,54472,27,42.38415311284149,5,17,20
amazon-toys-and-games,test,54523,14,33.506298717450626,2,2,2
amazon-toys-and-games,test,54578,5,5.484399253186452,2,2,2
amazon-toys-and-games,test,55102,4,3.9634974355400248,2,3,3
amazon-toys-and-games,test,55575,3,2.6420606852730866,3,3,3
amazon-toys-and-games,test,55739,5,3.188461134914495,1,5,5
amazon-toys-and-games,test,55742,4,1.8157594709389768,3,4,4
amazon-toys-and-games,test,55756,6,14.131610424703565,1,1,4
amazon-toys-and-games,test,56072,5,7.987366073159318,3,4,4
amazon-toys-and-games,test,56438,4,1.4545350594885018,2,4,4
amazon-toys-and-games,test,56540,4,0.11234634885497213,1,1,1
amazon-toys-and-games,test,57263,5,0.08960674780863376,4,4,4
amazon-toys-and-games,test,57887,8,3.2748329386996766,4,5,7
amazon-toys-and-games,test,58194,14,9.551834459913922,6,8,8
amazon-toys-and-games,test,58847,19,14.112389860907527,10,18,19
amazon-toys-and-games,test,59353,4,0.9625718557593166,2,4,4
amazon-toys-and-games,test,59984,5,17.321734377765946,1,1,2
amazon-toys-and-games,test,60605,10,8.748534298407048,2,5,5
amazon-toys-and-games,test,60829,17,20.842078128040665,1,8,9
amazon-toys-and-games,test,60842,4,0.6318466104016194,1,1,1
amazon-toys-and-games,test,61120,4,8.450280681198892,2,3,4
amazon-toys-and-games,test,61589,11,19.57834594877177,1,1,6
amazon-toys-and-games,test,61675,10,2.19915656186734,8,9,10
amazon-toys-and-games,test,61901,5,1.0914709989323736,3,3,3
amazon-toys-and-games,test,61982,9,14.349075062148554,1,4,5
amazon-toys-and-games,test,62021,8,93.85389753202547,4,6,8
amazon-toys-and-games,test,62093,9,2.612393940162453,8,9,9
amazon-toys-and-games,test,62204,5,2.844413485675269,3,3,3
amazon-toys-and-games,test,62573,15,10.84903385851158,10,13,14
amazon-toys-and-games,test,62706,14,32.29472306950209,2,2,2
amazon-toys-and-games,test,63458,4,1.996988940665561,1,1,1
amazon-toys-and-games,test,63521,3,1.2450857468872283,3,3,3
amazon-toys-and-games,test,64472,4,3.547530814343874,2,4,4
amazon-toys-and-games,test,64622,8,2.9624581425754615,5,8,8
amazon-toys-and-games,test,66608,4,1.2720400720706317,4,4,4
amazon-toys-and-games,test,66631,6,1.4507305376375776,3,3,3
amazon-toys-and-games,test,66750,6,3.8975458127207108,5,6,6
amazon-toys-and-games,test,67206,9,4.224188008495728,9,9,9
amazon-toys-and-games,test,67571,5,0.8462960143908526,2,2,2
amazon-toys-and-games,test,67696,6,9.375689449421381,1,5,5
amazon-toys-and-games,test,68005,67,40.60737310465642,28,55,62
amazon-toys-and-games,test,68250,18,15.197811546138176,6,15,15
amazon-toys-and-games,test,68889,5,1.0204361817642633,2,4,4
amazon-toys-and-games,test,69028,4,3.6200631291578755,2,2,4
amazon-toys-and-games,test,69133,6,3.5156187714283416,6,6,6
amazon-toys-and-games,test,70071,4,10.207893124279845,2,4,4
amazon-toys-and-games,test,70262,4,0.5697920990334316,4,4,4
amazon-toys-and-games,test,70360,5,4.06912243716066,2,4,5
amazon-toys-and-games,test,70852,8,1.1406386064101475,3,6,6
amazon-toys-and-games,test,70860,4,4.698612060389922,3,4,4
amazon-toys-and-games,test,70981,3,3.1589218902369263,1,3,3
amazon-toys-and-games,test,71018,7,2.9971751950184258,1,5,5
amazon-toys-and-games,test,71211,6,6.9472462531094825,4,6,6
amazon-toys-and-games,test,71253,5,0.5942663637097845,3,5,5
amazon-toys-and-games,test,71810,7,4.41463368512111,4,5,5
amazon-toys-and-games,test,71954,8,1.858844245255937,4,6,6
amazon-toys-and-games,test,72080,10,8.57101321925249,7,8,10
amazon-toys-and-games,test,72661,6,1.874810132818643,1,6,6
amazon-toys-and-games,test,72769,4,0.5338696109484925,3,3,3
amazon-toys-and-games,test,73048,17,20.138781944597902,6,12,13
amazon-toys-and-games,test,73164,4,10.661805544004693,2,3,3
amazon-toys-and-games,test,73370,7,1.984418890529937,3,4,4
amazon-toys-and-games,test,73734,15,11.732053033349775,8,11,12
amazon-toys-and-games,test,73929,14,10.33647376934729,5,8,10
amazon-toys-and-games,test,74591,6,12.100697261668898,3,5,6
amazon-toys-and-games,test,74861,6,1.1455225813322796,6,6,6
amazon-toys-and-games,test,74918,3,4.718704889053436,2,3,3
amazon-toys-and-games,test,75615,4,7.494728179638497,2,3,4
amazon-toys-and-games,test,75843,6,6.572928255518963,5,6,6
amazon-toys-and-games,test,75941,4,8.447775702452441,2,2,2
amazon-toys-and-games,test,76318,10,3.310698253971376,2,2,8
amazon-toys-and-games,test,76339,7,3.6074322380417905,3,5,5
amazon-toys-and-games,test,76668,5,1.571582101393075,1,1,4
amazon-toys-and-games,test,76917,6,5.640209715444458,2,4,4
amazon-toys-and-games,test,76987,9,15.641104242292311,2,3,5
amazon-toys-and-games,test,77710,6,3.619783842494971,6,6,6
amazon-toys-and-games,test,77743,10,3.057504276418915,10,10,10
amazon-toys-and-games,test,78195,3,15.250660981597754,1,1,1
amazon-toys-and-games,test,78585,4,1.174166413742321,1,1,4
amazon-toys-and-games,test,78710,11,6.0817230975193,4,7,11
amazon-toys-and-games,test,78933,5,4.815722978999553,1,4,4
amazon-toys-and-games,test,78998,40,31.91536045656286,18,26,33
amazon-toys-and-games,test,79124,5,2.3882237665487307,3,4,4
amazon-toys-and-games,test,79657,5,2.743300835690711,4,4,4
amazon-toys-and-games,test,80111,8,2.420714620954051,3,6,8
amazon-toys-and-games,test,80202,5,1.0321516754258915,5,5,5
amazon-toys-and-games,test,80243,3,0.31212687861547683,2,2,2
amazon-toys-and-games,test,80689,35,41.5114779165898,6,14,29
amazon-toys-and-games,test,80985,5,2.0133420096028822,3,4,5
amazon-toys-and-games,test,81171,3,2.31864951237725,3,3,3
amazon-toys-and-games,test,81484,3,1.0768461427102987,1,1,1
amazon-toys-and-games,test,82613,20,18.59966818265272,12,16,17
amazon-toys-and-games,test,82765,5,1.2217331824493884,1,3,3
amazon-toys-and-games,test,83624,7,45.222029039109046,2,3,3
amazon-toys-and-games,test,83942,6,1.8056166091070094,6,6,6
amazon-toys-and-games,test,83947,5,5.859221939991187,2,3,5
amazon-toys-and-games,test,84278,5,0.9948441379936681,1,5,5
amazon-toys-and-games,test,84384,9,3.110186367560095,4,9,9
amazon-toys-and-games,test,84739,4,1.8370123258640385,4,4,4
amazon-toys-and-games,test,84804,4,8.074348943008129,2,3,4
amazon-toys-and-games,test,85579,10,5.851385975875729,4,9,10
amazon-toys-and-games,test,85585,5,0.8307534839208737,3,5,5
amazon-toys-and-games,test,86071,5,1.8658899090680319,1,3,5
amazon-toys-and-games,test,86587,21,37.88022510656816,9,16,18
amazon-toys-and-games,test,87057,28,9.763663274644976,15,22,28
amazon-toys-and-games,test,87192,6,3.3985374511335307,6,6,6
amazon-toys-and-games,test,87248,4,0.9216846930733809,3,3,3
amazon-toys-and-games,test,87302,4,0.5360824012025011,3,3,3
amazon-toys-and-games,test,87602,28,14.723849430336793,11,16,17
amazon-toys-and-games,test,87716,6,3.3977906628827204,2,4,4
amazon-toys-and-games,test,88020,6,23.420781849605014,4,5,6
amazon-toys-and-games,test,88261,3,1.293021229644281,3,3,3
amazon-toys-and-games,test,88544,14,9.428419985667585,7,14,14
amazon-toys-and-games,test,88636,11,5.085496945902944,8,11,11
amazon-toys-and-games,test,88913,4,0.9201756849717275,4,4,4
amazon-toys-and-games,test,89466,10,12.963045934750516,2,6,10
amazon-toys-and-games,test,89804,3,2.0790581107888952,2,3,3
amazon-toys-and-games,test,89935,9,10.711862871766376,7,7,8
amazon-toys-and-games,test,89947,7,19.768436192642277,6,7,7
amazon-toys-and-games,test,90041,4,0.34606134655509446,3,3,3
amazon-toys-and-games,test,90230,4,0.32841328810019355,4,4,4
amazon-toys-and-games,test,90425,6,3.918949315478888,2,5,5
amazon-toys-and-games,test,92712,2,0.6223194947087004,1,2,2
amazon-toys-and-games,test,93420,6,3.32991249334117,2,2,2
amazon-toys-and-games,test,93563,4,4.8453923803692085,1,2,4
amazon-toys-and-games,test,93729,5,6.289430410156118,1,4,4
amazon-toys-and-games,test,94053,6,4.0718290386157445,3,5,6
amazon-toys-and-games,test,94100,4,2.5382067759776286,2,2,3
amazon-toys-and-games,test,94231,5,1.7283417335416766,5,5,5
amazon-toys-and-games,test,95047,4,0.26447738641314655,4,4,4
amazon-toys-and-games,test,95063,8,43.4021072102823,2,6,7
amazon-toys-and-games,test,95325,4,1.83427941479578,3,4,4
amazon-toys-and-games,test,95334,7,47.29714905616476,3,6,7
amazon-toys-and-games,test,95419,9,5.955572549991585,5,8,9
amazon-toys-and-games,test,95956,5,8.998740869979219,2,3,3
amazon-toys-and-games,test,95958,6,5.819251819110532,3,5,5
amazon-toys-and-games,test,96145,50,23.54247241174595,14,31,35
amazon-toys-and-games,test,96934,6,2.5989938723266572,4,5,5
amazon-toys-and-games,test,97625,8,1.6458885442568487,4,8,8
amazon-toys-and-games,test,97833,11,37.809060385685015,3,7,9
amazon-toys-and-games,test,97908,6,6.12872092084152,2,4,6
amazon-toys-and-games,test,97930,2,0.4061172127418722,1,1,1
amazon-toys-and-games,test,98001,4,1.535772820537891,3,4,4
amazon-toys-and-games,test,98184,4,2.735593636893566,3,4,4
amazon-toys-and-games,test,99275,4,3.3918047199319545,1,2,2
amazon-toys-and-games,test,99294,4,26.737434297907416,1,2,2
amazon-toys-and-games,test,100100,6,1.8980126818659917,5,6,6
amazon-toys-and-games,test,100632,6,1.2471206942752748,3,3,4
amazon-toys-and-games,test,101036,7,15.88669689194294,1,1,1
amazon-toys-and-games,test,101408,7,3.921746356229253,5,6,6
amazon-toys-and-games,test,101460,5,10.460689168933076,4,4,4
amazon-toys-and-games,test,101789,9,1.817275815375072,5,5,8
amazon-toys-and-games,test,102060,10,2.61475510145613,4,9,9
amazon-toys-and-games,test,102450,10,3.6092984497376657,6,6,8
amazon-toys-and-games,test,102571,6,0.5771119899674362,5,5,5
amazon-toys-and-games,test,102776,4,0.8712724385109241,4,4,4
amazon-toys-and-games,test,102792,4,0.5896012139356709,2,2,2
amazon-toys-and-games,test,102936,4,3.878667147407387,2,4,4
amazon-toys-and-games,test,103104,11,8.417983354236615,7,10,11
amazon-toys-and-games,test,103356,5,16.056821428117424,1,1,4
amazon-toys-and-games,test,103899,5,19.934370669942044,3,4,5
amazon-toys-and-games,test,104586,2,3.665068758213453,1,2,2
amazon-toys-and-games,test,104973,4,7.125409261527738,3,4,4
amazon-toys-and-games,test,104986,4,6.016208872018973,4,4,4
amazon-toys-and-games,test,105004,4,9.777630770003324,3,4,4
amazon-toys-and-games,test,105156,17,8.195237441412887,2,8,13
amazon-toys-and-games,test,105228,4,5.916300772256715,3,4,4
amazon-toys-and-games,test,106226,4,1.3043743336821676,1,3,3
amazon-toys-and-games,test,106359,12,16.51621839028047,5,10,11
amazon-toys-and-games,test,106644,4,1.4786976564395848,2,2,2
amazon-toys-and-games,test,106699,10,3.876019869070463,6,8,8
amazon-toys-and-games,test,106721,13,10.666705329992434,9,11,12
amazon-toys-and-games,test,106878,5,2.7098914216178125,4,5,5
amazon-toys-and-games,test,106965,3,0.955285104818827,2,2,2
amazon-toys-and-games,test,107540,3,5.956234084976636,3,3,3
amazon-toys-and-games,test,107612,4,4.188277663309176,2,3,3
amazon-toys-and-games,test,108177,3,1.460655080275626,1,1,1
amazon-toys-and-games,test,108536,4,2.167378343811116,3,3,3
amazon-toys-and-games,test,108674,9,20.013632680233027,3,5,6
amazon-toys-and-games,test,108829,4,1.0054810640037628,2,4,4
amazon-toys-and-games,test,109207,9,3.6528765293016043,6,6,7
amazon-toys-and-games,test,109277,3,13.340403704570619,2,2,3
amazon-toys-and-games,test,109540,4,3.075614270966627,3,4,4
amazon-toys-and-games,test,109688,3,4.255300390957057,3,3,3
amazon-toys-and-games,test,110046,7,4.228276117619402,1,3,5
amazon-toys-and-games,test,110084,4,0.4020896916216088,1,3,3
amazon-toys-and-games,test,110703,4,3.0894932243575663,3,4,4
amazon-toys-and-games,test,110713,6,1.4850157582566492,2,3,3
amazon-toys-and-games,test,111598,4,26.148718756622863,2,3,4
amazon-toys-and-games,test,111692,8,1.8628439389007299,2,5,5
amazon-toys-and-games,test,111758,5,5.421111478700819,1,2,3
amazon-toys-and-games,test,112069,19,4.124436375038729,12,13,15
amazon-toys-and-games,test,112139,14,5.110532313675604,4,5,12
amazon-toys-and-games,test,112217,6,4.601716284847352,4,5,5
amazon-toys-and-games,test,112304,6,2.115994151423587,1,1,1
amazon-toys-and-games,test,112436,8,3.485604815316951,1,7,7
amazon-toys-and-games,test,112577,4,8.712248408790167,1,3,4
amazon-toys-and-games,test,113065,12,1.5143982836519085,4,4,4
amazon-toys-and-games,test,113221,5,0.3143819160367908,5,5,5
amazon-toys-and-games,test,113598,4,0.5864617687484928,4,4,4
amazon-toys-and-games,test,114228,28,10.29855858104161,8,15,25
amazon-toys-and-games,test,115053,10,5.732918594325434,4,7,7
amazon-toys-and-games,test,115325,5,3.573183446117881,2,5,5
amazon-toys-and-games,test,115688,8,2.7852130613821613,3,8,8
amazon-toys-and-games,test,116082,7,1.4238298435887176,2,3,4
amazon-toys-and-games,test,116153,3,0.8962869356769803,1,1,2
amazon-toys-and-games,test,116243,4,1.7678943158017497,3,3,3
amazon-toys-and-games,test,116607,13,5.631841867081937,7,9,11
amazon-toys-and-games,test,116779,7,1.8946410037471595,4,6,6
amazon-toys-and-games,test,117845,13,75.22127820322544,3,8,12
amazon-toys-and-games,test,119178,4,0.5003003153801635,4,4,4
amazon-toys-and-games,test,119202,7,2.8825482580601176,4,4,4
amazon-toys-and-games,test,119311,5,45.87869484839433,3,4,5
amazon-toys-and-games,test,119345,18,7.353551427799307,9,15,16
amazon-toys-and-games,test,119534,8,3.4677585493435843,4,8,8
amazon-toys-and-games,test,120346,7,0.17408590379624306,1,1,1
amazon-toys-and-games,test,120593,5,1.4532843409546254,3,3,3
amazon-toys-and-games,test,120814,6,3.0125125611010724,2,5,5
amazon-toys-and-games,test,121090,4,1.984249648883666,1,2,2
amazon-toys-and-games,test,121435,4,0.636013774853335,2,2,2
amazon-toys-and-games,test,121564,11,17.312869808966276,6,9,10
amazon-toys-and-games,test,122166,9,7.381751411975592,5,8,8
amazon-toys-and-games,test,122232,20,2.010933288623856,10,12,13
amazon-toys-and-games,test,122669,5,5.790720055533521,1,1,4
amazon-toys-and-games,test,122700,6,0.11288443103975271,5,5,5
amazon-toys-and-games,test,122745,3,7.185403527802906,1,2,3
amazon-toys-and-games,test,122811,8,4.043748080141358,6,7,7
amazon-toys-and-games,test,123324,4,8.821405981933264,3,4,4
amazon-toys-and-games,test,123925,12,9.991201078744735,3,11,11
amazon-toys-and-games,test,124074,5,1.7052087531830047,5,5,5
amazon-toys-and-games,test,124466,4,8.225575208147935,3,4,4
amazon-toys-and-games,test,124985,7,1.9394923168024005,1,3,3
amazon-toys-and-games,test,125448,6,0.9257717902888561,3,5,5
amazon-toys-and-games,test,125647,7,2.937907099364515,2,3,3
amazon-toys-and-games,test,125755,9,38.46599321224629,5,8,9
amazon-toys-and-games,test,126852,5,5.0249365169904765,3,3,3
amazon-toys-and-games,test,127494,10,4.4817004307756445,8,10,10
amazon-toys-and-games,test,127534,3,0.28183312988708187,1,1,1
amazon-toys-and-games,test,127933,13,16.66390664489125,11,11,11
amazon-toys-and-games,test,127959,11,5.666601419669258,3,8,10
amazon-toys-and-games,test,128003,4,2.854051658293021,2,3,3
amazon-toys-and-games,test,128008,5,1.6497444204488687,2,2,2
amazon-toys-and-games,test,128300,5,2.2142026248772195,2,4,5
amazon-toys-and-games,test,129390,6,6.454215486230428,4,6,6
amazon-toys-and-games,test,129596,25,13.513085838717899,10,18,19
amazon-toys-and-games,test,129772,5,2.156235969655656,1,4,4
amazon-toys-and-games,test,129829,4,2.150445324987283,1,3,3
amazon-toys-and-games,test,129956,4,3.485261778437514,2,4,4
amazon-toys-and-games,test,130060,4,9.323826750944285,1,4,4
amazon-toys-and-games,test,130468,5,1.9404705790537153,2,4,4
amazon-toys-and-games,test,130882,8,4.0041337714811505,6,6,6
amazon-toys-and-games,test,131359,31,10.444645111462004,13,28,28
amazon-toys-and-games,test,131708,6,5.049016137469247,2,6,6
amazon-toys-and-games,test,131966,4,2.690795954972868,2,3,3
amazon-toys-and-games,test,132001,7,3.5657562929147892,6,7,7
amazon-toys-and-games,test,132174,5,4.8721444504013505,3,3,3
amazon-toys-and-games,test,132282,5,8.60380612825519,4,4,4
amazon-toys-and-games,test,132351,3,0.3907350697214236,1,2,2
amazon-toys-and-games,test,132719,8,3.504139937796738,3,6,6
amazon-toys-and-games,test,132947,4,2.6895657275800193,1,4,4
amazon-toys-and-games,test,133271,4,3.551985234235561,3,4,4
amazon-toys-and-games,test,133402,2,4.00288242050465,1,1,1
amazon-toys-and-games,test,133723,4,17.29241117548885,2,3,3
amazon-toys-and-games,test,133896,4,0.32334742267930394,2,2,2
amazon-toys-and-games,test,134444,4,3.8075257004128145,1,3,4
amazon-toys-and-games,test,134485,5,1.6678033136325348,4,5,5
amazon-toys-and-games,test,134987,5,2.875697892530416,1,1,1
amazon-toys-and-games,test,135199,4,1.782346768164432,3,3,3
amazon-toys-and-games,test,135360,7,2.823110288317311,2,5,6
amazon-toys-and-games,test,135487,4,0.6802401081072125,4,4,4
amazon-toys-and-games,test,135713,4,4.016406573583339,2,2,2
amazon-toys-and-games,test,135751,11,4.576512813825144,3,5,6
amazon-toys-and-games,test,135821,6,0.4899707564854935,6,6,6
amazon-toys-and-games,test,136250,9,16.76115165525097,5,8,8
amazon-toys-and-games,test,136756,13,16.25659335665824,7,10,11
amazon-toys-and-games,test,138282,7,4.649026028871891,4,4,5
amazon-toys-and-games,test,138304,12,6.414463558055166,6,10,12
amazon-toys-and-games,test,138680,12,8.817382255468747,6,7,9
amazon-toys-and-games,test,138915,2,0.8893866071799568,1,1,1
amazon-toys-and-games,test,139076,4,1.35333083181194,4,4,4
amazon-toys-and-games,test,139302,4,2.965582915093755,1,1,3
amazon-toys-and-games,test,140952,6,0.27657032183297564,2,2,2
amazon-toys-and-games,test,140953,4,1.6064771231905264,3,3,3
amazon-toys-and-games,test,141560,5,16.545156687976398,3,5,5
amazon-toys-and-games,test,141629,5,9.07588027633442,2,3,5
amazon-toys-and-games,test,141698,3,2.0386791789958725,2,3,3
amazon-toys-and-games,test,142854,32,13.248655759013051,16,25,29
amazon-toys-and-games,test,142891,6,2.9930283952192145,3,5,5
amazon-toys-and-games,test,142921,4,1.0463684796667483,3,4,4
amazon-toys-and-games,test,142998,15,6.098764390520419,1,5,6
amazon-toys-and-games,test,143292,7,2.2128405964414606,6,7,7
amazon-toys-and-games,test,143658,12,16.3663489675469,4,8,9
amazon-toys-and-games,test,143695,9,4.4209897334956345,1,6,6
amazon-toys-and-games,test,144282,12,2.681230892722489,12,12,12
amazon-toys-and-games,test,144551,7,2.300563044695163,4,6,6
amazon-toys-and-games,test,144793,7,4.774367808771612,2,3,3
amazon-toys-and-games,test,145628,5,1.8707979168098887,4,5,5
amazon-toys-and-games,test,145740,4,0.7233608051652348,2,2,2
amazon-toys-and-games,test,146369,4,1.5933708881979947,3,4,4
amazon-toys-and-games,test,146466,8,6.381655976383581,4,7,8
amazon-toys-and-games,test,146735,36,17.184414008072878,12,18,27
amazon-toys-and-games,test,147471,5,1.426224903807058,4,5,5
amazon-toys-and-games,test,147857,14,2.1719893564965864,3,13,13
amazon-toys-and-games,test,148343,4,3.2830782196816015,2,3,3
amazon-toys-and-games,test,148556,6,14.532406771158415,3,4,5
amazon-toys-and-games,test,149181,7,7.041367882324689,3,5,5
amazon-toys-and-games,test,149628,11,6.840406835161609,4,7,7
amazon-toys-and-games,test,149727,4,2.997270061412076,4,4,4
amazon-toys-and-games,test,149760,4,1.1898561768552436,2,3,3
amazon-toys-and-games,test,150174,41,30.17060392768373,1,28,31
amazon-toys-and-games,test,150408,4,4.585213832962163,3,4,4
amazon-toys-and-games,test,151320,6,14.010661844249494,2,4,4
amazon-toys-and-games,test,151347,4,38.09589411291416,2,3,3
amazon-toys-and-games,test,151394,4,3.5077764828866407,2,4,4
amazon-toys-and-games,test,151412,11,3.401291232808391,8,10,11
amazon-toys-and-games,test,151684,4,0.6974589909972425,4,4,4
amazon-toys-and-games,test,153047,19,11.873576996189723,8,16,17
amazon-toys-and-games,test,154018,7,6.106267942792529,5,6,7
amazon-toys-and-games,test,154021,6,3.3965627122833197,2,6,6
amazon-toys-and-games,test,154181,4,0.20821554352972937,2,2,2
amazon-toys-and-games,test,154605,10,5.125878154489416,1,5,6
amazon-toys-and-games,test,154755,7,2.03604910309833,2,3,6
amazon-toys-and-games,test,155168,4,0.577115025692033,1,1,1
amazon-toys-and-games,test,155178,10,3.2970552016793127,1,7,8
amazon-toys-and-games,test,155771,18,31.50242930698645,7,12,17
amazon-toys-and-games,test,155951,3,2.6151494926766623,1,2,2
amazon-toys-and-games,test,156014,11,1.766283484437579,5,10,10
amazon-toys-and-games,test,156067,10,5.091149212125114,6,7,8
amazon-toys-and-games,test,157429,6,0.9007723452572589,1,3,3
amazon-toys-and-games,test,157766,6,4.277322549090355,4,5,6
amazon-toys-and-games,test,158229,4,1.1097154507820184,2,2,2
amazon-toys-and-games,test,158286,3,0.13091499079384894,3,3,3
amazon-toys-and-games,test,158328,4,3.7523521647973452,3,4,4
amazon-toys-and-games,test,158429,4,1.4473159799088158,3,4,4
amazon-toys-and-games,test,158859,18,8.957177120173775,1,9,13
amazon-toys-and-games,test,158892,10,7.343226548980057,5,8,9
amazon-toys-and-games,test,159201,4,0.5728551451515906,1,1,1
amazon-toys-and-games,test,159365,8,5.9941684995380955,3,6,7
amazon-toys-and-games,test,159956,7,0.03566571637946076,1,1,1
amazon-toys-and-games,test,160236,2,2.9060209865965807,1,1,1
amazon-toys-and-games,test,160408,4,2.4712273074052518,4,4,4
amazon-toys-and-games,test,160447,8,4.39583723734895,8,8,8
amazon-toys-and-games,test,160602,4,2.9794976647372318,2,2,2
amazon-toys-and-games,test,160748,4,3.156345066008353,2,3,3
amazon-toys-and-games,test,161040,7,1.4199639748032329,7,7,7
amazon-toys-and-games,test,161063,6,1.9412393763078517,4,6,6
amazon-toys-and-games,test,161403,4,5.843951739315246,2,4,4
amazon-toys-and-games,test,161581,13,25.69293455970704,2,4,4
amazon-toys-and-games,test,161587,4,2.1558410724810235,1,1,1
amazon-toys-and-games,test,161706,3,0.6803805103698138,3,3,3
amazon-toys-and-games,test,161854,4,1.3187121874413212,2,4,4
amazon-toys-and-games,test,162173,5,2.5342853787297273,4,4,4
amazon-toys-and-games,test,162463,7,5.047620716062924,2,2,2
amazon-toys-and-games,test,162657,5,4.629709207308431,1,3,5
amazon-toys-and-games,test,163312,4,0.8675675896175943,1,1,1
amazon-toys-and-games,test,163410,4,5.781948202822578,2,4,4
amazon-toys-and-games,test,163502,5,0.848095946099698,1,1,1
amazon-toys-and-games,test,163621,22,184.33565058202748,11,16,18
amazon-toys-and-games,test,164421,4,3.0245698267568892,3,4,4
amazon-toys-and-games,test,164459,16,4.0202467651982765,6,16,16
amazon-toys-and-games,test,164464,5,14.645558092985635,1,1,1
amazon-toys-and-games,test,164481,8,25.03149368211954,2,3,4
amazon-toys-and-games,test,164613,4,2.519739957301269,3,4,4
amazon-toys-and-games,test,164812,7,0.5524694955530113,5,5,5
amazon-toys-and-games,test,165249,5,29.888510104946896,1,2,2
amazon-toys-and-games,test,165378,4,3.1074362540524554,2,4,4
amazon-toys-and-games,test,165812,4,7.078769400730888,3,4,4
amazon-toys-and-games,test,166385,5,0.5882510754212495,3,4,5
amazon-toys-and-games,test,167027,5,4.559043863121454,2,2,5
amazon-toys-and-games,test,167507,20,8.860620839831943,12,18,19
amazon-toys-and-games,test,167583,4,0.6181974866603621,3,3,3
amazon-toys-and-games,test,167645,11,0.6985571643701304,11,11,11
amazon-toys-and-games,test,168165,4,5.189017431446857,1,4,4
amazon-toys-and-games,test,168456,4,1.2272283499236738,1,1,3
amazon-toys-and-games,test,169315,4,2.888414289889311,2,4,4
amazon-toys-and-games,test,169907,5,1.5353877894681984,2,3,3
amazon-toys-and-games,test,170677,4,4.6839281340267345,2,3,4
amazon-toys-and-games,test,170815,5,1.4401240953619756,5,5,5
amazon-toys-and-games,test,170861,4,1.7236358544625563,4,4,4
amazon-toys-and-games,test,171168,20,8.368030000042374,6,19,19
amazon-toys-and-games,test,171248,5,0.7814377583804814,1,1,1
amazon-toys-and-games,test,172765,6,4.106336879038581,4,6,6
amazon-toys-and-games,test,172806,16,21.501286103698707,6,13,15
amazon-toys-and-games,test,172822,8,15.526953028676022,4,6,8
amazon-toys-and-games,test,173935,25,11.4618371155405,12,21,23
amazon-toys-and-games,test,174137,5,9.855236792526753,4,5,5
amazon-toys-and-games,test,174495,9,2.655951908050938,8,9,9
amazon-toys-and-games,test,174981,13,4.241656073779744,4,11,13
amazon-toys-and-games,test,175162,4,0.046510083570335925,3,3,3
amazon-toys-and-games,test,175667,3,2.077845718278054,1,3,3
amazon-toys-and-games,test,175724,4,0.43410203993736035,1,1,1
amazon-toys-and-games,test,175903,4,2.3544692917799974,1,1,2
amazon-toys-and-games,test,175938,4,1.119999473807737,1,1,1
amazon-toys-and-games,test,175939,15,2.8172695541930914,10,13,13
amazon-toys-and-games,test,175940,10,5.507437367151473,3,5,6
amazon-toys-and-games,test,176187,7,7.247227577078786,4,7,7
amazon-toys-and-games,test,177028,4,0.6088998211515503,2,2,2
amazon-toys-and-games,test,177767,5,7.142037443006643,4,5,5
amazon-toys-and-games,test,177898,5,4.447286697815309,2,2,3
amazon-toys-and-games,test,178015,8,1.6913101940707111,2,5,5
amazon-toys-and-games,test,178261,23,13.26140554934251,14,19,23
amazon-toys-and-games,test,178511,7,3.1152665261842944,1,1,2
amazon-toys-and-games,test,179273,4,1.8200745004762608,4,4,4
amazon-toys-and-games,test,179416,11,10.795740954283822,6,9,9
amazon-toys-and-games,test,179581,5,4.500311193393301,2,3,3
amazon-toys-and-games,test,179608,3,3.787174708670049,3,3,3
amazon-toys-and-games,test,179715,8,21.454956013299256,4,4,6
amazon-toys-and-games,test,179748,4,0.5494911967465128,1,4,4
amazon-toys-and-games,test,180658,8,3.834996478243246,2,5,7
amazon-toys-and-games,test,180661,8,22.680098820424938,2,6,7
amazon-toys-and-games,test,180710,7,3.757276995513009,7,7,7
amazon-toys-and-games,test,180737,4,0.4254861475775772,1,1,1
amazon-toys-and-games,test,181082,9,13.48509114541747,6,8,9
amazon-toys-and-games,test,181283,5,0.1547664259737609,4,4,4
amazon-toys-and-games,test,181322,4,2.8719376416631954,2,3,4
amazon-toys-and-games,test,181425,5,16.671866314784026,1,1,4
amazon-toys-and-games,test,181743,12,6.311924623464215,7,10,11
amazon-toys-and-games,test,181814,6,2.6249318622127613,3,6,6
amazon-toys-and-games,test,182656,8,2.1865418612824383,4,4,4
amazon-toys-and-games,test,182792,7,4.292159779545679,4,6,6
amazon-toys-and-games,test,182855,8,5.808212912568412,5,8,8
amazon-toys-and-games,test,183025,3,1.0441838963537848,3,3,3
amazon-toys-and-games,test,183198,5,3.2331472539562607,2,2,4
amazon-toys-and-games,test,183476,5,1.7087413247054668,2,4,4
amazon-toys-and-games,test,183695,7,3.1893530055033263,5,5,5
amazon-toys-and-games,test,183708,7,3.1138520050107164,3,6,6
amazon-toys-and-games,test,183725,2,1.5167061932766162,2,2,2
amazon-toys-and-games,test,183734,4,3.3243439625224624,3,4,4
amazon-toys-and-games,test,184223,4,1.9632071443754566,1,3,3
amazon-toys-and-games,test,184717,57,24.501111739267177,30,43,46
amazon-toys-and-games,test,184876,4,8.938877645815813,1,2,2
amazon-toys-and-games,test,185204,4,2.7943602055463823,4,4,4
amazon-toys-and-games,test,185253,6,3.7257134284834827,5,6,6
amazon-toys-and-games,test,185255,5,0.5671372313850158,2,2,3
amazon-toys-and-games,test,185258,11,16.813856767303676,11,11,11
amazon-toys-and-games,test,185322,13,5.916892106110464,9,12,12
amazon-toys-and-games,test,185408,6,9.512805540146793,4,5,5
amazon-toys-and-games,test,185502,5,9.151503085276477,4,5,5
amazon-toys-and-games,test,186022,8,2.752150605332971,6,7,7
amazon-toys-and-games,test,186487,16,2.277844061278378,8,14,16
amazon-toys-and-games,test,186896,6,2.1990852223393156,1,4,4
amazon-toys-and-games,test,187213,6,5.604486446786183,5,5,6
amazon-toys-and-games,test,187295,6,1.0794662260143764,3,3,3
amazon-toys-and-games,test,188438,4,8.574178847564315,2,4,4
amazon-toys-and-games,test,188470,5,1.135688857455085,4,4,4
amazon-toys-and-games,test,188855,8,24.46648613802769,2,2,4
amazon-toys-and-games,test,189467,5,1.8709481851774294,3,5,5
amazon-toys-and-games,test,189873,28,17.222851341009203,12,19,19
amazon-toys-and-games,test,189956,18,7.135395277588871,17,18,18
amazon-toys-and-games,test,190267,5,3.4802196928592988,2,3,3
amazon-toys-and-games,test,190284,20,4.89463866370945,4,12,12
amazon-toys-and-games,test,191166,2,0.6420575230599649,1,1,1
amazon-toys-and-games,test,191299,5,1.5187231792941318,3,4,4
amazon-toys-and-games,test,191526,7,50.07948020299637,2,3,5
amazon-toys-and-games,test,191619,7,2.226406490733356,7,7,7
amazon-toys-and-games,test,191651,4,4.06088120381153,1,3,4
amazon-toys-and-games,test,191687,7,1.8936340286006998,2,4,5
amazon-toys-and-games,test,191826,6,42.99255229241162,3,5,5
amazon-toys-and-games,test,192053,7,4.284687975893311,4,6,6
amazon-toys-and-games,test,192703,5,1.8101008802905645,4,5,5
amazon-toys-and-games,test,192785,7,3.8976032385109995,3,4,4
amazon-toys-and-games,test,192797,4,6.724826048237284,3,3,3
amazon-toys-and-games,test,193303,5,2.4490175667895775,3,3,4
amazon-toys-and-games,test,193546,4,7.182642030328028,1,1,1
amazon-toys-and-games,test,194045,4,0.40514603384794984,4,4,4
amazon-toys-and-games,test,195716,16,14.13543948532831,7,9,10
amazon-toys-and-games,test,195760,8,0.9804038285293729,7,7,7
amazon-toys-and-games,test,195861,5,2.1408139827498744,4,5,5
amazon-toys-and-games,test,195915,5,0.6540805103255429,3,3,3
amazon-toys-and-games,test,195975,4,0.36676106716091633,2,2,2
amazon-toys-and-games,test,196266,4,2.8967569670353828,3,3,3
amazon-toys-and-games,test,196359,4,1.9939657384327352,1,2,2
amazon-toys-and-games,test,196449,10,5.68428514788817,4,6,6
amazon-toys-and-games,test,197169,6,10.994839710895299,4,4,6
amazon-toys-and-games,test,197234,7,8.822055247531402,3,6,7
amazon-toys-and-games,test,197427,8,5.32677406006219,4,7,8
amazon-toys-and-games,test,197599,3,2.9762781523138133,2,2,2
amazon-toys-and-games,test,198655,5,3.755001593439192,4,4,5
amazon-toys-and-games,test,198766,6,2.837650144250676,4,6,6
amazon-toys-and-games,test,200150,6,4.047180472752126,5,6,6
amazon-toys-and-games,test,200203,8,3.862736676631643,5,7,7
amazon-toys-and-games,test,200244,15,15.167399910104606,6,12,15
amazon-toys-and-games,test,200272,6,0.9646191990228002,1,1,1
amazon-toys-and-games,test,200434,5,14.323922186536294,2,4,5
amazon-toys-and-games,test,200505,3,0.9049692345123181,3,3,3
amazon-toys-and-games,test,200636,10,7.282392904853877,2,4,7
amazon-toys-and-games,test,200669,11,1.0369820192134804,7,7,9
amazon-toys-and-games,test,201654,5,6.225305661101446,1,2,4
amazon-toys-and-games,test,201746,4,2.3238976477624718,2,2,2
amazon-toys-and-games,test,201785,13,14.518833034577979,3,8,9
amazon-toys-and-games,test,202140,11,17.311308814080906,1,1,2
amazon-toys-and-games,test,202209,8,2.1435742153395037,2,3,3
amazon-toys-and-games,test,202452,4,5.209061056074197,1,2,4
amazon-toys-and-games,test,202798,7,3.327096732289124,3,4,7
amazon-toys-and-games,test,203080,4,0.37364406673003303,1,1,2
amazon-toys-and-games,test,203105,8,7.802937455661819,3,7,8
amazon-toys-and-games,test,203375,24,17.41368230168133,13,17,22
amazon-toys-and-games,test,203952,7,2.6947386022929463,4,4,4
amazon-toys-and-games,test,204096,13,8.381250327684334,8,13,13
amazon-toys-and-games,test,204560,9,6.496522482607986,5,7,8
amazon-toys-and-games,test,204639,4,4.377336519747926,2,4,4
amazon-toys-and-games,test,205766,12,6.9359777698947305,7,11,12
amazon-toys-and-games,test,205919,5,15.148925755093803,3,3,4
amazon-toys-and-games,test,206034,4,6.620690701973999,3,3,3
amazon-toys-and-games,test,206065,4,1.229442405062931,3,4,4
amazon-toys-and-games,test,206302,5,14.357298587104204,4,5,5
amazon-toys-and-games,test,206735,4,0.8464701890895932,2,2,2
amazon-toys-and-games,test,206770,6,3.9547707392324587,4,5,5
amazon-toys-and-games,test,207360,4,1.7528099267688364,4,4,4
amazon-toys-and-games,test,207924,5,4.407560193833545,4,4,4
amazon-toys-and-games,test,208069,4,2.95106203243912,2,4,4
amazon-toys-and-games,test,208796,3,1.273030097754759,1,1,1
amazon-toys-and-games,test,209043,6,9.651810357525507,2,5,6
amazon-toys-and-games,test,209268,4,1.9194158051585943,4,4,4
amazon-toys-and-games,test,209680,5,0.5830382303344654,1,5,5
amazon-toys-and-games,test,210308,5,2.6629314183645274,1,2,4
amazon-toys-and-games,test,210832,4,0.3896873652699572,2,3,3
amazon-toys-and-games,test,210925,8,1.917758299528748,3,3,6
amazon-toys-and-games,test,211131,14,12.664870360962201,6,13,13
amazon-toys-and-games,test,211458,6,2.1027409367651613,3,4,5
amazon-toys-and-games,test,211662,10,26.43704251867492,3,5,7
amazon-toys-and-games,test,212008,4,1.8300207991405866,2,2,2
amazon-toys-and-games,test,212049,3,0.7565453226409211,1,2,2
amazon-toys-and-games,test,212092,4,1.4126716583676493,4,4,4
amazon-toys-and-games,test,212651,5,4.318680502065843,5,5,5
amazon-toys-and-games,test,213161,6,19.138689797707535,4,4,6
amazon-toys-and-games,test,213290,8,1.9658274806565843,5,5,5
amazon-toys-and-games,test,214325,8,8.394292812460334,5,8,8
amazon-toys-and-games,test,214800,3,0.2793964549440601,1,1,1
amazon-toys-and-games,test,214803,7,2.7072881612875417,2,5,5
amazon-toys-and-games,test,214910,10,9.354680211395213,9,10,10
amazon-toys-and-games,test,215237,5,1.7772273980975242,1,4,4
amazon-toys-and-games,test,215636,4,9.265567021810607,1,2,2
amazon-toys-and-games,test,215670,6,3.33259632686178,4,5,6
amazon-toys-and-games,test,215919,7,15.65258269645834,2,2,2
amazon-toys-and-games,test,216248,7,7.981241245808249,4,6,6
amazon-toys-and-games,test,216471,6,1.390801159975666,1,1,3
amazon-toys-and-games,test,216750,7,16.214799397737536,1,1,1
amazon-toys-and-games,test,216758,10,2.623684685357581,8,10,10
amazon-toys-and-games,test,216923,5,4.30226241802674,3,4,5
amazon-toys-and-games,test,217043,4,6.129473274587425,1,3,4
amazon-toys-and-games,test,218085,4,12.410798426558642,3,4,4
amazon-toys-and-games,test,218109,6,3.480893623719786,2,4,4
amazon-toys-and-games,test,218606,6,8.079584556029388,4,6,6
amazon-toys-and-games,test,218773,3,4.2023003076643635,2,3,3
amazon-toys-and-games,test,218861,4,4.546140895188382,1,3,3
amazon-toys-and-games,test,219558,7,7.86923186238352,2,2,3
amazon-toys-and-games,test,219786,5,1.8357742561826484,4,4,4
amazon-toys-and-games,test,221060,5,1.8703777219302833,1,1,2
amazon-toys-and-games,test,221313,5,3.421811339708903,4,4,4
amazon-toys-and-games,test,221508,5,1.8060179571964097,1,2,2
amazon-toys-and-games,test,221954,4,0.9667626735651821,1,2,2
amazon-toys-and-games,test,222383,8,2.7301023905635513,7,7,7
amazon-toys-and-games,test,222495,5,6.271537090451501,3,5,5
amazon-toys-and-games,test,223007,8,5.57952950189894,5,7,7
amazon-toys-and-games,test,223452,4,10.264824344436853,2,2,2
amazon-toys-and-games,test,224537,3,0.7874348323214355,1,1,1
amazon-toys-and-games,test,224639,5,32.12106140821825,2,2,3
amazon-toys-and-games,test,225010,13,17.7020213688449,1,7,12
amazon-toys-and-games,test,225305,4,1.0357775954797048,3,3,3
amazon-toys-and-games,test,225870,4,1.0602726675183982,2,4,4
amazon-toys-and-games,test,225912,5,4.101676915293987,3,4,4
amazon-toys-and-games,test,226440,4,0.32036836494165627,4,4,4
amazon-toys-and-games,test,226551,13,1.2276216027474824,8,11,11
amazon-toys-and-games,test,226556,4,2.6970396815373108,3,4,4
amazon-toys-and-games,test,226704,5,2.078138286236069,1,3,3
amazon-toys-and-games,test,226898,10,3.6267170580084596,5,9,10
amazon-toys-and-games,test,227206,5,15.775870302714235,1,1,1
amazon-toys-and-games,test,227612,4,0.45106288623666346,3,4,4
amazon-toys-and-games,test,227616,5,3.9733640464336846,3,3,3
amazon-toys-and-games,test,227720,5,31.29946126639932,2,3,3
amazon-toys-and-games,test,227980,4,0.41075516748313956,2,2,2
amazon-toys-and-games,test,228644,6,3.560315768483246,6,6,6
amazon-toys-and-games,test,229216,9,1.2713359104527018,9,9,9
amazon-toys-and-games,test,229349,5,14.393606106258837,3,5,5
amazon-toys-and-games,test,229602,5,1.9746787681611435,4,5,5
amazon-toys-and-games,test,229809,6,10.439299832889684,3,5,5
amazon-toys-and-games,test,229832,4,0.7169050838331158,1,3,3
amazon-toys-and-games,test,230148,2,1.4487770488595446,1,1,1
amazon-toys-and-games,test,230665,7,10.07652568403255,3,4,6
amazon-toys-and-games,test,231870,18,5.415817554469595,8,14,15
amazon-toys-and-games,test,231901,19,9.993372127785538,11,14,16
amazon-toys-and-games,test,232127,10,12.913559829167127,4,7,7
amazon-toys-and-games,test,232142,23,10.29891704952108,7,17,22
amazon-toys-and-games,test,232401,4,0.32052799346003735,4,4,4
amazon-toys-and-games,test,232414,5,1.4647543203894884,5,5,5
amazon-toys-and-games,test,232708,8,33.82093677275027,5,6,7
amazon-toys-and-games,test,232882,6,0.2590889752538482,3,3,3
amazon-toys-and-games,test,233345,15,13.117953648406552,10,12,12
amazon-toys-and-games,test,233491,5,3.1362761436760387,4,4,4
amazon-toys-and-games,test,233492,6,2.669050553731978,2,4,5
amazon-toys-and-games,test,233533,7,3.557064760417136,6,7,7
amazon-toys-and-games,test,233612,3,3.3728372596741742,1,2,2
amazon-toys-and-games,test,233630,5,4.893968780481758,5,5,5
amazon-toys-and-games,test,233889,6,1.8731422551297583,2,4,4
amazon-toys-and-games,test,233891,6,5.645091034107567,1,1,3
amazon-toys-and-games,test,233895,10,3.0411591762586605,6,7,7
amazon-toys-and-games,test,234004,6,12.25725463866624,4,5,6
amazon-toys-and-games,test,234114,4,2.829115457523857,4,4,4
amazon-toys-and-games,test,235240,4,2.0334922640566857,4,4,4
amazon-toys-and-games,test,235355,3,0.7545308663939027,3,3,3
amazon-toys-and-games,test,235670,8,2.3528106477534276,2,6,7
amazon-toys-and-games,test,235775,6,1.3745341032352538,1,2,2
amazon-toys-and-games,test,235990,4,2.952800490724881,3,4,4
amazon-toys-and-games,test,236345,7,23.282717474408685,3,5,6
amazon-toys-and-games,test,236413,11,17.211805730575268,1,1,3
amazon-toys-and-games,test,236612,7,1.9209507434078452,3,4,4
amazon-toys-and-games,test,237146,9,2.756402643584872,4,6,7
amazon-toys-and-games,test,237377,4,1.589847297360798,2,3,3
amazon-toys-and-games,test,237800,9,4.1179669929459255,2,4,4
amazon-toys-and-games,test,238031,10,13.3993923870731,4,7,8
amazon-toys-and-games,test,238275,5,8.153225416275315,2,4,5
amazon-toys-and-games,test,238953,5,0.010709024469268386,3,3,3
amazon-toys-and-games,test,238999,6,2.5578997744140404,2,2,2
amazon-toys-and-games,test,239270,14,9.028551306054101,7,12,14
amazon-toys-and-games,test,239329,5,7.8179903490520415,1,3,5
amazon-toys-and-games,test,239395,8,3.714813659318717,2,2,5
amazon-toys-and-games,test,239750,10,4.8643268271219995,3,3,3
amazon-toys-and-games,test,239801,34,74.62244876598112,20,29,32
amazon-toys-and-games,test,240463,33,14.877480368822832,2,13,19
amazon-toys-and-games,test,241621,4,3.854504550456304,2,4,4
amazon-toys-and-games,test,241854,4,0.8926287610493262,3,3,3
amazon-toys-and-games,test,242158,4,2.5273054889505633,3,4,4
amazon-toys-and-games,test,242484,6,3.373487663669036,3,4,4
amazon-toys-and-games,test,242610,9,1.5414249602715355,4,4,7
amazon-toys-and-games,test,242935,5,7.914948483437373,3,4,5
amazon-toys-and-games,test,242978,5,4.305451067250091,5,5,5
amazon-toys-and-games,test,243583,8,2.26156777087565,2,2,3
amazon-toys-and-games,test,243671,4,0.5226195950583715,1,1,1
amazon-toys-and-games,test,243782,5,16.413146180068683,1,1,2
amazon-toys-and-games,test,243859,11,2.998672945641367,5,10,11
amazon-toys-and-games,test,243965,17,9.557196687948572,4,15,16
amazon-toys-and-games,test,244572,6,2.2548287152478315,4,4,4
amazon-toys-and-games,test,244678,5,0.3558767295961835,4,4,4
amazon-toys-and-games,test,244891,4,9.892814762425141,2,2,2
amazon-toys-and-games,test,245203,7,17.540174621203235,1,1,6
amazon-toys-and-games,test,245309,4,4.667104780753961,1,4,4
amazon-toys-and-games,test,245539,4,3.953643979452951,4,4,4
amazon-toys-and-games,test,245661,4,0.9041748865761586,1,1,1
amazon-toys-and-games,test,246217,6,7.464793911297772,4,5,6
amazon-toys-and-games,test,246299,10,0.280181948683479,2,10,10
amazon-toys-and-games,test,246780,19,12.398149953537603,9,11,15
amazon-toys-and-games,test,246805,100,57.742021973460055,27,68,85
amazon-toys-and-games,test,247254,8,7.867301647494063,5,8,8
amazon-toys-and-games,test,247513,3,0.7600739730191123,1,1,1
amazon-toys-and-games,test,248175,11,13.22245998551327,8,10,10
amazon-toys-and-games,test,248260,8,6.4579776344255215,3,3,6
amazon-toys-and-games,test,248470,18,6.759272035771461,11,18,18
amazon-toys-and-games,test,248547,55,23.690614254206896,18,38,45
amazon-toys-and-games,test,248701,11,22.12035800553147,7,8,9
amazon-toys-and-games,test,248758,4,4.669104564332095,2,2,2
amazon-toys-and-games,test,248906,7,30.13120464951579,3,4,4
amazon-toys-and-games,test,248942,5,9.007291620748699,2,3,4
amazon-toys-and-games,test,248948,4,4.730065202937241,2,3,3
amazon-toys-and-games,test,249119,5,4.64890459988802,4,5,5
amazon-toys-and-games,test,249218,7,3.29646665057311,5,6,6
amazon-toys-and-games,test,249351,9,5.68418041538958,5,6,8
amazon-toys-and-games,test,249572,7,1.4839666624314094,2,5,5
amazon-toys-and-games,test,249687,9,11.544581101943997,5,6,8
amazon-toys-and-games,test,249715,37,26.67516058192564,17,33,35
amazon-toys-and-games,test,249790,4,5.483823477421261,2,2,2
amazon-toys-and-games,test,249922,12,5.402829712736338,9,10,10
amazon-toys-and-games,test,250226,7,18.838517096600107,1,6,7
amazon-toys-and-games,test,250429,9,7.148132672042893,5,6,7
amazon-toys-and-games,test,250450,11,20.63506308710044,5,8,9
amazon-toys-and-games,test,250642,7,3.1120683903215784,5,7,7
amazon-toys-and-games,test,251075,4,0.2038509304906977,1,1,1
amazon-toys-and-games,test,251100,2,1.3612689986554902,2,2,2
amazon-toys-and-games,test,251362,5,24.05277151852826,3,4,4
amazon-toys-and-games,test,251532,4,4.12102447356899,3,4,4
amazon-toys-and-games,test,251719,12,3.1338976534544556,4,7,11
amazon-toys-and-games,test,251927,4,9.296961726659436,2,3,3
amazon-toys-and-games,test,252159,4,8.88341913155382,2,2,3
amazon-toys-and-games,test,252199,8,6.065172959460238,6,8,8
amazon-toys-and-games,test,252389,18,7.67787774517255,12,16,18
amazon-toys-and-games,test,252605,5,0.9133840101175641,2,3,3
amazon-toys-and-games,test,252984,10,4.69351077818207,5,8,9
amazon-toys-and-games,test,253097,7,4.504187307749301,6,7,7
amazon-toys-and-games,test,253270,11,5.833630528663217,4,7,8
amazon-toys-and-games,test,253493,6,1.4330363108711004,4,5,5
amazon-toys-and-games,test,253928,4,7.4042610568837235,1,4,4
amazon-toys-and-games,test,254198,9,7.921639599914266,4,6,7
amazon-toys-and-games,test,254257,16,3.141411957251179,13,13,16
amazon-toys-and-games,test,254310,7,5.813993438154796,7,7,7
amazon-toys-and-games,test,254565,4,1.781846759025636,1,2,2
amazon-toys-and-games,test,254715,3,0.787947616801243,2,2,2
amazon-toys-and-games,test,254730,5,0.07306268119876463,3,3,3
amazon-toys-and-games,test,255000,6,8.006011240655738,2,4,6
amazon-toys-and-games,test,255658,3,3.656431615781493,1,2,2
amazon-toys-and-games,test,255962,4,1.895770799251264,2,2,2
amazon-toys-and-games,test,256120,13,6.556547359106171,12,13,13
amazon-toys-and-games,test,256129,5,1.6573811651376629,1,5,5
amazon-toys-and-games,test,256147,6,0.3150092991201269,5,5,5
amazon-toys-and-games,test,256405,7,4.28936703940516,5,6,6
amazon-toys-and-games,test,256445,6,13.687196787242064,1,1,1
amazon-toys-and-games,test,256930,5,2.80746580809629,3,3,3
amazon-toys-and-games,test,257020,4,2.4241915375255716,2,4,4
amazon-toys-and-games,test,257062,5,4.499964361858119,2,5,5
amazon-toys-and-games,test,257559,5,3.0945835020637547,2,5,5
amazon-toys-and-games,test,257697,5,2.4887650678664697,2,3,4
amazon-toys-and-games,test,258313,6,2.2855980608297233,5,5,5
amazon-toys-and-games,test,258407,11,2.653151705087451,4,9,9
amazon-toys-and-games,test,258537,11,47.64425393305,2,5,7
amazon-toys-and-games,test,258693,17,7.417139612531496,10,14,15
amazon-toys-and-games,test,258790,6,19.594938839952235,2,2,3
amazon-toys-and-games,test,259071,5,4.974539947005102,4,5,5
amazon-toys-and-games,test,259770,3,0.07644764061270792,1,1,1
amazon-toys-and-games,test,260037,25,43.023159226727586,5,19,22
amazon-toys-and-games,test,260689,7,2.349027375974681,2,2,4
amazon-toys-and-games,test,261283,5,7.33690477899577,1,1,1
amazon-toys-and-games,test,261903,4,2.4613083302622973,2,2,2
amazon-toys-and-games,test,262695,5,5.592929949200311,1,3,4
amazon-toys-and-games,test,263689,3,1.7069102768195044,2,2,2
amazon-toys-and-games,test,264039,5,8.593928386371342,3,5,5
amazon-toys-and-games,test,264114,9,5.375830610615132,3,8,8
amazon-toys-and-games,test,264257,5,0.8072340811187355,1,1,1
amazon-toys-and-games,test,264550,4,3.422396222647884,4,4,4
amazon-toys-and-games,test,264923,7,2.6341356732361225,3,6,6
amazon-toys-and-games,test,265081,4,3.5627212007606257,1,1,3
amazon-toys-and-games,test,265419,5,32.196309305172605,3,4,5
amazon-toys-and-games,test,265669,5,1.2495898767691873,2,5,5
amazon-toys-and-games,test,265930,7,1.919271355263197,7,7,7
amazon-toys-and-games,test,266613,4,2.3394873584522258,1,3,3
amazon-toys-and-games,test,267095,9,4.782538208546818,5,7,7
amazon-toys-and-games,test,267119,5,4.140290446745453,3,3,5
amazon-toys-and-games,test,267476,7,1.535724501921392,2,3,3
amazon-toys-and-games,test,267769,23,56.83829991580292,11,19,21
amazon-toys-and-games,test,267845,3,0.8863902205144023,3,3,3
amazon-toys-and-games,test,268530,6,5.496133593638286,3,3,3
amazon-toys-and-games,test,268533,4,1.9062015489658266,2,2,2
amazon-toys-and-games,test,268618,7,3.9010652294365866,2,5,7
amazon-toys-and-games,test,269172,8,5.313370197570649,4,7,7
amazon-toys-and-games,test,269214,25,12.361198354814352,13,23,25
amazon-toys-and-games,test,269507,14,8.954122675275308,7,10,11
amazon-toys-and-games,test,270011,6,5.423624805689909,5,6,6
amazon-toys-and-games,test,270639,4,4.2886141797051565,1,1,3
amazon-toys-and-games,test,270806,4,0.7959901366778079,4,4,4
amazon-toys-and-games,test,271425,5,9.07560731409776,3,5,5
amazon-toys-and-games,test,271667,26,6.969751091453671,19,24,24
amazon-toys-and-games,test,271786,7,3.3686527662945522,1,2,2
amazon-toys-and-games,test,272010,5,23.095153712333854,1,4,4
amazon-toys-and-games,test,272024,6,59.10699759184823,3,5,6
amazon-toys-and-games,test,272281,4,1.4228355172947444,1,3,3
amazon-toys-and-games,test,272283,7,19.497795273389453,4,4,7
amazon-toys-and-games,test,272634,13,7.889814581103842,2,6,11
amazon-toys-and-games,test,273103,5,1.2966341213800328,1,1,2
amazon-toys-and-games,test,273158,8,13.221011691903552,1,4,7
amazon-toys-and-games,test,273211,20,22.363666525400067,3,12,17
amazon-toys-and-games,test,273282,4,1.5203556401960545,1,1,2
amazon-toys-and-games,test,273447,13,11.115963351467782,2,4,10
amazon-toys-and-games,test,273785,4,1.9561846279634127,3,4,4
amazon-toys-and-games,test,274222,5,2.513869371885181,2,2,2
amazon-toys-and-games,test,274356,8,20.980664521379122,1,5,7
amazon-toys-and-games,test,274400,4,0.23131158923914052,1,1,1
amazon-toys-and-games,test,274492,3,5.301903127371857,2,3,3
amazon-toys-and-games,test,274649,7,7.87223722973434,5,7,7
amazon-toys-and-games,test,275285,10,3.566816140264643,5,8,8
amazon-toys-and-games,test,276040,11,15.337192034435741,5,7,9
amazon-toys-and-games,test,276431,5,8.625439081197474,2,2,4
amazon-toys-and-games,test,276709,4,1.7864671318619472,3,4,4
amazon-toys-and-games,test,276743,7,1.0971198499643715,7,7,7
amazon-toys-and-games,test,276807,6,0.21578385792657095,2,2,2
amazon-toys-and-games,test,276853,7,5.04904092922012,3,5,5
amazon-toys-and-games,test,276897,14,0.8532900708848018,9,11,11
amazon-toys-and-games,test,277254,5,6.554234136963419,4,5,5
amazon-toys-and-games,test,277612,4,2.479350653449206,2,4,4
amazon-toys-and-games,test,278328,4,0.8663120645197728,2,4,4
amazon-toys-and-games,test,279029,10,2.2575774373816975,8,10,10
amazon-toys-and-games,test,279158,4,7.5695097134016684,4,4,4
amazon-toys-and-games,test,279227,11,4.9029240415537565,8,10,11
amazon-toys-and-games,test,279339,11,10.450363151717104,3,6,6
amazon-toys-and-games,test,279375,28,9.113747651977702,8,17,17
amazon-toys-and-games,test,280243,3,3.1262504102180975,2,3,3
amazon-toys-and-games,test,280382,4,0.8053951909442312,3,4,4
amazon-toys-and-games,test,280889,3,2.006942828641378,2,2,2
amazon-toys-and-games,test,280999,4,1.80358419148946,2,2,2
amazon-toys-and-games,test,281181,4,3.422676521218988,3,3,3
amazon-toys-and-games,test,281226,5,15.9150391757097,1,1,1
amazon-toys-and-games,test,281403,9,2.3875275737078674,2,3,7
amazon-toys-and-games,test,281448,10,5.812211467816481,6,9,9
amazon-toys-and-games,test,281670,4,3.17390698577782,3,4,4
amazon-toys-and-games,test,281843,8,1.546515237977724,4,7,7
amazon-toys-and-games,test,281944,13,3.1083166141855236,6,13,13
amazon-toys-and-games,test,282258,4,1.8872295351211519,4,4,4
amazon-toys-and-games,test,282483,17,20.14244909991082,9,15,17
amazon-toys-and-games,test,282638,5,2.88610916301215,1,4,4
amazon-toys-and-games,test,282974,6,4.577417839220562,3,5,5
amazon-toys-and-games,test,283170,3,0.01061985005923774,2,2,2
amazon-toys-and-games,test,283311,5,14.182256936014072,2,4,4
amazon-toys-and-games,test,283544,5,6.4604752768375295,2,3,3
amazon-toys-and-games,test,284168,9,10.116202478024043,5,6,7
amazon-toys-and-games,test,284268,6,1.575619741595328,2,2,3
amazon-toys-and-games,test,284293,8,2.9011820415893004,2,6,6
amazon-toys-and-games,test,284557,4,3.606019108241986,3,4,4
amazon-toys-and-games,test,285568,8,1.0633574064185716,4,5,5
amazon-toys-and-games,test,285588,12,4.591785038317485,8,12,12
amazon-toys-and-games,test,285886,5,7.413706966943679,2,2,3
amazon-toys-and-games,test,286004,5,0.9725266291548083,3,3,3
amazon-toys-and-games,test,286024,4,1.76450606768616,4,4,4
amazon-toys-and-games,test,286223,8,1.7490129942294037,6,8,8
amazon-toys-and-games,test,287604,5,0.24888299564797256,4,4,4
amazon-toys-and-games,test,287673,4,2.278883164510153,1,2,2
amazon-toys-and-games,test,288142,19,9.687803932161422,12,17,18
amazon-toys-and-games,test,288290,5,2.941001388148316,3,4,4
amazon-toys-and-games,test,288303,7,5.059873406489658,3,4,6
amazon-toys-and-games,test,288350,3,5.491783526779613,2,2,3
amazon-toys-and-games,test,288926,9,1.6894371519944933,6,6,6
amazon-toys-and-games,test,289005,3,0.7361596730423419,3,3,3
amazon-toys-and-games,test,289992,4,10.082762327239601,2,4,4
amazon-toys-and-games,test,290241,6,8.05990230911759,2,3,5
amazon-toys-and-games,test,290332,5,3.6038456559192102,1,3,4
amazon-toys-and-games,test,290494,5,0.34581380851193144,2,3,3
amazon-toys-and-games,test,290698,12,7.448647904075657,6,9,9
amazon-toys-and-games,test,290713,36,171.97450585834764,14,24,29
amazon-toys-and-games,test,290941,13,4.79532240375504,5,10,13
amazon-toys-and-games,test,291211,15,7.946750607824796,9,13,13
amazon-toys-and-games,test,291226,4,0.2135248993609863,4,4,4
amazon-toys-and-games,test,291560,17,16.503124551163374,6,14,16
amazon-toys-and-games,test,291758,7,1.8569590602813317,3,3,3
amazon-toys-and-games,test,292020,11,10.083738565674519,7,10,11
amazon-toys-and-games,test,292026,10,2.2039175899433023,9,9,9
amazon-toys-and-games,test,292106,5,4.485846471643708,1,1,4
amazon-toys-and-games,test,292352,4,2.2609343163431204,4,4,4
amazon-toys-and-games,test,292361,4,0.558345140510094,2,2,2
amazon-toys-and-games,test,292595,11,5.321411452561965,5,7,11
amazon-toys-and-games,test,293493,6,1.0167461320283429,2,2,2
amazon-toys-and-games,test,293545,3,13.834158618254532,1,1,1
amazon-toys-and-games,test,293570,9,4.8407401324246315,7,7,7
amazon-toys-and-games,test,293646,10,5.040281598873139,3,5,6
amazon-toys-and-games,test,294192,3,24.46959952657875,2,3,3
amazon-toys-and-games,test,294729,14,3.89550504686052,6,12,14
amazon-toys-and-games,test,294795,20,9.513046247809614,9,17,19
amazon-toys-and-games,test,295240,4,7.559063658575597,2,4,4
amazon-toys-and-games,test,295274,5,4.012632914932482,2,5,5
amazon-toys-and-games,test,295398,5,56.369294379336935,3,4,5
amazon-toys-and-games,test,295947,4,2.6375537726435807,2,3,3
amazon-toys-and-games,test,296161,5,2.2156258737590133,2,2,5
amazon-toys-and-games,test,296709,4,1.8122769888723618,1,3,3
amazon-toys-and-games,test,296892,6,2.1259222357403322,4,5,5
amazon-toys-and-games,test,297012,38,20.515946439952007,28,30,33
amazon-toys-and-games,test,297203,13,6.437864188132454,7,10,12
amazon-toys-and-games,test,297251,3,3.926043550884531,1,2,3
amazon-toys-and-games,test,297396,5,8.093562549935298,2,4,4
amazon-toys-and-games,test,297423,8,3.4152078797797407,4,7,7
amazon-toys-and-games,test,298258,8,9.464845898081492,3,7,8
amazon-toys-and-games,test,299014,4,0.5496222388582741,1,2,2
amazon-toys-and-games,test,299306,4,2.340018483768139,4,4,4
amazon-toys-and-games,test,299572,5,0.7189449642736323,5,5,5
amazon-toys-and-games,test,301045,4,2.4623788026482396,3,4,4
amazon-toys-and-games,test,301065,5,4.0678357958857205,1,3,4
amazon-toys-and-games,test,301323,4,5.218390343714226,1,4,4
amazon-toys-and-games,test,301391,12,15.806783718725947,9,9,10
amazon-toys-and-games,test,301776,7,1.7042628719940558,6,6,6
amazon-toys-and-games,test,301909,3,0.5940840937454523,3,3,3
amazon-toys-and-games,test,302181,4,4.622098898721334,2,3,3
amazon-toys-and-games,test,302502,7,9.466495687911323,4,6,7
amazon-toys-and-games,test,303052,7,9.137867495807381,5,7,7
amazon-toys-and-games,test,303063,11,5.002987469224552,7,9,10
amazon-toys-and-games,test,303146,8,2.92200154682817,6,7,7
amazon-toys-and-games,test,303760,4,2.156167665852228,2,4,4
amazon-toys-and-games,test,304089,6,2.867892791615025,1,5,5
amazon-toys-and-games,test,304614,10,4.705398169748992,5,8,8
amazon-toys-and-games,test,304880,4,0.296693001788358,1,1,1
amazon-toys-and-games,test,304995,7,4.137041968449841,3,6,6
amazon-toys-and-games,test,305036,2,3.3164546202495098,1,2,2
amazon-toys-and-games,test,305133,11,13.577462426425578,7,9,11
amazon-toys-and-games,test,305429,8,5.275755419511526,2,4,5
amazon-toys-and-games,test,305789,9,9.901834406156297,4,6,7
amazon-toys-and-games,test,306208,9,2.025542713245897,6,6,6
amazon-toys-and-games,test,306312,15,16.094472255406135,1,1,2
amazon-toys-and-games,test,306465,5,0.15157170530121628,3,3,3
amazon-toys-and-games,test,306512,5,1.6519927539783643,2,2,2
amazon-toys-and-games,test,306749,5,0.9131882058810712,5,5,5
amazon-toys-and-games,test,307031,7,5.133495293456857,3,7,7
amazon-toys-and-games,test,307492,10,3.7822844093216728,5,7,9
amazon-toys-and-games,test,307615,18,13.01779902250933,10,15,16
amazon-toys-and-games,test,307704,10,4.8563442628062194,2,8,8
amazon-toys-and-games,test,308121,5,4.9715583594969575,2,4,5
amazon-toys-and-games,test,308891,9,10.306696346777398,2,9,9
amazon-toys-and-games,test,308935,11,14.418286041276621,8,10,11
amazon-toys-and-games,test,309021,4,6.580202231118441,2,4,4
amazon-toys-and-games,test,309155,38,2.6495455172435163,13,38,38
amazon-toys-and-games,test,309399,7,3.151409104302501,3,5,6
amazon-toys-and-games,test,309623,3,1.5391226161419218,2,3,3
amazon-toys-and-games,test,310043,10,11.440952974665425,7,10,10
amazon-toys-and-games,test,310846,4,0.39764336699551367,1,1,1
amazon-toys-and-games,test,311044,3,11.527740040277742,1,1,1
amazon-toys-and-games,test,311294,5,1.5156710111891118,4,5,5
amazon-toys-and-games,test,311348,5,8.362339534285695,3,5,5
amazon-toys-and-games,test,311438,5,14.17081136886451,2,3,3
amazon-toys-and-games,test,311520,7,7.275723923868833,3,3,6
amazon-toys-and-games,test,311552,4,0.9888331503149786,2,4,4
amazon-toys-and-games,test,311686,5,1.6874641839836308,1,3,3
amazon-toys-and-games,test,312140,13,4.6999085677698,8,8,12
amazon-toys-and-games,test,312414,9,15.002141640458772,7,8,8
amazon-toys-and-games,test,313181,12,21.95984027282057,8,10,10
amazon-toys-and-games,test,314319,4,3.444373856820429,2,3,4
amazon-toys-and-games,test,314609,32,5.259008212330722,18,22,22
amazon-toys-and-games,test,314624,7,2.3150562263628522,2,6,6
amazon-toys-and-games,test,314842,4,2.110842020828739,2,3,3
amazon-toys-and-games,test,314901,3,0.5854738933692881,2,2,2
amazon-toys-and-games,test,314942,4,1.330863940025213,1,3,4
amazon-toys-and-games,test,315093,5,28.348909235692457,3,4,5
amazon-toys-and-games,test,315465,7,9.104839571125478,4,6,6
amazon-toys-and-games,test,315930,9,4.537799229950509,2,2,4
amazon-toys-and-games,test,316110,6,0.6438713685065456,4,6,6
amazon-toys-and-games,test,316432,4,5.823203320627351,1,3,4
amazon-toys-and-games,test,316523,8,3.010076012646576,5,6,8
amazon-toys-and-games,test,317171,20,41.991278995676055,16,19,19
amazon-toys-and-games,test,317548,4,8.406848063438549,2,3,3
amazon-toys-and-games,test,318369,4,3.624220553993176,1,2,3
amazon-toys-and-games,test,318560,9,2.1132001463978187,6,7,7
amazon-toys-and-games,test,318714,4,0.044545210825065074,1,1,1
amazon-toys-and-games,test,318737,6,6.360362518642037,4,5,5
amazon-toys-and-games,test,319018,6,3.353180689932924,2,6,6
amazon-toys-and-games,test,319080,8,13.64888973748635,5,6,7
amazon-toys-and-games,test,319392,3,4.296252821721824,1,3,3
amazon-toys-and-games,test,319476,7,3.957823666268628,4,5,6
amazon-toys-and-games,test,319909,6,2.634807580280212,5,6,6
amazon-toys-and-games,test,319990,9,4.507266291421593,5,9,9
amazon-toys-and-games,test,320046,4,1.1436521955150838,4,4,4
amazon-toys-and-games,test,320281,4,10.574946126956153,3,3,3
amazon-toys-and-games,test,320442,4,1.1077477952892005,3,3,3
amazon-toys-and-games,test,321269,9,9.866478966128334,6,8,9
amazon-toys-and-games,test,321559,4,0.7566740879592347,3,3,3
amazon-toys-and-games,test,321858,9,72.067048784284,5,7,8
amazon-toys-and-games,test,321922,6,0.1569856671425376,4,4,4
amazon-toys-and-games,test,322099,6,0.7970117844931519,1,6,6
amazon-toys-and-games,test,322478,6,15.670679283222416,4,6,6
amazon-toys-and-games,test,322573,7,6.612944797688245,5,5,6
amazon-toys-and-games,test,322597,3,0.6606820729268325,1,2,2
amazon-toys-and-games,test,322675,9,10.852308140466267,3,8,8
amazon-toys-and-games,test,322984,16,7.783721445452677,7,10,15
amazon-toys-and-games,test,323050,10,2.575163560730398,5,9,9
amazon-toys-and-games,test,323347,15,10.905627354307196,6,11,11
amazon-toys-and-games,test,323512,5,1.380682457451948,4,5,5
amazon-toys-and-games,test,323970,10,32.21844353213893,7,9,10
amazon-toys-and-games,test,324254,8,3.5741510833331063,4,7,7
amazon-toys-and-games,test,324799,6,3.224445602376618,2,4,5
amazon-toys-and-games,test,324862,11,2.679504324358066,3,5,5
amazon-toys-and-games,test,325010,35,53.7651762038909,17,30,33
amazon-toys-and-games,test,325031,5,5.144525092825185,1,3,3
amazon-toys-and-games,test,325182,2,2.53941499436715,1,2,2
amazon-toys-and-games,test,325363,5,9.25954465016468,3,4,4
amazon-toys-and-games,test,325471,22,4.455521353761146,9,11,18
amazon-toys-and-games,test,325641,5,5.436032191582555,2,4,4
amazon-toys-and-games,test,325818,10,3.1365830048373633,4,5,8
amazon-toys-and-games,test,326170,6,4.0256821036003,3,4,4
amazon-toys-and-games,test,326460,8,2.422996853408211,5,5,6
amazon-toys-and-games,test,326590,5,1.6554130036907455,4,4,4
amazon-toys-and-games,test,326824,12,1.2126075413343944,3,7,7
amazon-toys-and-games,test,327236,6,17.153558397317028,4,6,6
amazon-toys-and-games,test,327910,4,2.527319149711249,2,4,4
amazon-toys-and-games,test,327986,8,0.33677240875449843,2,2,2
amazon-toys-and-games,test,328170,6,1.802380020732734,4,5,5
amazon-toys-and-games,test,328755,4,3.7425993935760653,1,1,1
amazon-toys-and-games,test,329226,8,0.9984145295850652,4,4,4
amazon-toys-and-games,test,329263,8,4.034645459937891,3,5,6
amazon-toys-and-games,test,329932,5,0.02836884635698189,4,4,4
amazon-toys-and-games,test,330589,4,2.000089300898556,3,4,4
amazon-toys-and-games,test,330957,6,24.389698496260145,3,4,6
amazon-toys-and-games,test,331080,5,1.2319084253437214,3,3,3
amazon-toys-and-games,test,331312,40,58.19755509065401,10,30,36
amazon-toys-and-games,test,331525,7,0.608373628888107,3,3,3
amazon-toys-and-games,test,331857,4,4.178854268206647,3,3,4
amazon-toys-and-games,test,331964,6,14.0529004103351,3,4,4
amazon-toys-and-games,test,332109,7,58.42885010989639,3,5,5
amazon-toys-and-games,test,332334,7,8.22805324483859,5,6,6
amazon-toys-and-games,test,332418,5,17.967198363289082,3,3,5
amazon-toys-and-games,test,332721,5,3.675051232595891,2,3,3
amazon-toys-and-games,test,333009,6,1.5487359970087993,5,5,5
amazon-toys-and-games,test,333091,21,7.8273673228659435,13,14,15
amazon-toys-and-games,test,333335,8,4.319313703621322,3,7,7
amazon-toys-and-games,test,333506,4,27.18439541425972,2,3,3
amazon-toys-and-games,test,333893,10,4.625432883259756,5,7,7
amazon-toys-and-games,test,333901,31,20.05525195850089,16,19,22
amazon-toys-and-games,test,334987,2,1.2202337874756248,1,1,1
amazon-toys-and-games,test,335104,3,0.12574844050716585,1,1,1
amazon-toys-and-games,test,336841,9,1.2386990882896862,1,3,7
amazon-toys-and-games,test,336893,7,3.979513159581528,5,7,7
amazon-toys-and-games,test,336931,4,0.7053822321948586,4,4,4
amazon-toys-and-games,test,337036,5,14.799500446219893,2,2,3
amazon-toys-and-games,test,337124,5,0.7953679396239914,1,1,1
amazon-toys-and-games,test,337511,5,4.114068490121025,4,5,5
amazon-toys-and-games,test,337546,4,1.6495330581238172,3,3,3
amazon-toys-and-games,test,337638,31,110.40971657020546,13,24,28
amazon-toys-and-games,test,337651,6,0.5955645154404858,1,2,2
amazon-toys-and-games,test,337701,6,4.662903590889057,1,5,6
amazon-toys-and-games,test,337751,12,9.741556242711495,2,10,10
amazon-toys-and-games,test,338230,5,2.6598338408790805,1,1,4
amazon-toys-and-games,test,338423,5,0.9145360676020451,2,3,3
amazon-toys-and-games,test,338712,4,0.47069769995163707,4,4,4
amazon-toys-and-games,test,339032,7,7.740600621906131,5,5,5
amazon-toys-and-games,test,339059,6,17.01593432867575,1,3,4
amazon-toys-and-games,test,339115,6,1.144571387625286,2,2,2
amazon-toys-and-games,test,339123,8,9.551538476765733,5,6,6
amazon-toys-and-games,test,339386,4,1.5314486838268166,4,4,4
amazon-toys-and-games,test,339770,3,4.765409891440591,2,2,2
amazon-toys-and-games,test,339915,9,15.733609095182677,1,1,1
amazon-toys-and-games,test,340658,6,1.1150046949378218,3,3,3
amazon-toys-and-games,test,340693,24,2.8175967800069204,11,11,11
amazon-toys-and-games,test,340813,13,5.260549475006215,6,12,13
amazon-toys-and-games,test,340859,21,3.4245862449674167,4,6,15
amazon-toys-and-games,test,340978,10,0.8968802933471273,1,4,4
amazon-toys-and-games,test,341121,12,2.7655867223983543,5,8,10
amazon-toys-and-games,test,341762,4,10.715720771774793,4,4,4
amazon-toys-and-games,test,341877,14,13.708517187039405,3,4,5
amazon-toys-and-games,test,342108,5,6.731963416229908,2,2,3
amazon-toys-and-games,test,342847,9,61.38350138071711,6,8,8
amazon-toys-and-games,test,342864,4,1.164807907253048,2,2,2
amazon-toys-and-games,test,343040,5,0.48658339378957793,3,3,5
amazon-toys-and-games,test,343054,5,15.587485503624498,3,4,4
amazon-toys-and-games,test,343232,6,1.9992055255753156,4,6,6
amazon-toys-and-games,test,343511,3,18.761803071154034,2,2,3
amazon-toys-and-games,test,343776,4,0.15279636719897044,3,3,3
amazon-toys-and-games,test,343875,11,49.606541379361154,2,3,4
amazon-toys-and-games,test,343907,4,5.537590713617268,4,4,4
amazon-toys-and-games,test,344212,4,1.9258944209137137,3,3,3
amazon-toys-and-games,test,344314,12,5.329043137709765,5,10,11
amazon-toys-and-games,test,344335,6,2.9322984716834246,3,5,5
amazon-toys-and-games,test,344389,13,11.882573619009353,6,11,11
amazon-toys-and-games,test,344446,4,3.4022639295646115,4,4,4
amazon-toys-and-games,test,345264,6,1.8673647652679712,5,6,6
amazon-toys-and-games,test,345487,4,4.121870934777394,1,3,3
amazon-toys-and-games,test,346178,4,1.2579387518529779,3,3,3
amazon-toys-and-games,test,346234,8,3.2714888350792646,8,8,8
amazon-toys-and-games,test,346272,5,1.2653841194036495,2,4,4
amazon-toys-and-games,test,346538,10,4.845667113445218,6,8,8
amazon-toys-and-games,test,346769,6,3.3142652303726017,4,4,6
amazon-toys-and-games,test,346848,4,2.345195595846648,3,3,3
amazon-toys-and-games,test,347447,5,6.329414444774509,3,5,5
amazon-toys-and-games,test,347709,5,1.0354321553182952,4,5,5
amazon-toys-and-games,test,347832,2,1.0372802791551148,2,2,2
amazon-toys-and-games,test,347939,3,10.317676309666929,2,3,3
amazon-toys-and-games,test,348751,3,1.0382415919440977,2,2,2
amazon-toys-and-games,test,349279,4,0.5278615325058749,2,2,2
amazon-toys-and-games,test,349951,12,5.896698466092632,6,7,8
amazon-toys-and-games,test,350148,5,3.093307738801955,3,4,4
amazon-toys-and-games,test,350352,6,1.8433688801926622,4,5,5
amazon-toys-and-games,test,350653,3,1.3852881576193747,1,1,1
amazon-toys-and-games,test,350857,4,7.092166306353562,1,1,4
amazon-toys-and-games,test,351294,20,5.525071638357165,10,12,12
amazon-toys-and-games,test,351474,4,4.16756586304923,2,2,4
amazon-toys-and-games,test,351610,4,2.8865184798786165,2,3,3
amazon-toys-and-games,test,351643,4,8.843521741574964,2,4,4
amazon-toys-and-games,test,351800,8,5.236813903315081,7,8,8
amazon-toys-and-games,test,352353,3,0.05593626142041175,3,3,3
amazon-toys-and-games,test,352737,5,4.265338140824861,4,4,4
amazon-toys-and-games,test,352940,3,2.569705074928324,2,2,2
amazon-toys-and-games,test,352969,3,0.341114506836104,2,3,3
amazon-toys-and-games,test,353777,4,0.9709760063284736,2,4,4
amazon-toys-and-games,test,353843,9,33.0714139665214,3,4,5
amazon-toys-and-games,test,353881,10,8.80462917643764,4,9,10
amazon-toys-and-games,test,354364,14,3.1279314427135683,8,14,14
amazon-toys-and-games,test,355189,11,49.80213109131579,5,9,9
amazon-toys-and-games,test,355573,4,0.8413111016258773,4,4,4
amazon-toys-and-games,test,356464,3,0.9116331559563668,3,3,3
amazon-toys-and-games,test,356774,3,0.11073083741538159,3,3,3
amazon-toys-and-games,test,357457,13,8.615265735631015,5,11,13
amazon-toys-and-games,test,357581,9,2.012679715686683,6,9,9
amazon-toys-and-games,test,357628,5,3.4872575143828515,2,5,5
amazon-toys-and-games,test,357822,12,4.166366815077762,5,10,12
amazon-toys-and-games,test,358025,4,0.37595071146949244,1,1,1
amazon-toys-and-games,test,358195,11,17.178525334797733,2,3,7
amazon-toys-and-games,test,358396,14,9.208223828528109,9,12,14
amazon-toys-and-games,test,358541,5,4.551688555400488,3,3,3
amazon-toys-and-games,test,359120,5,1.3302331417517053,1,5,5
amazon-toys-and-games,test,359179,4,46.890851850252005,3,4,4
amazon-toys-and-games,test,359355,4,0.46455263443658945,1,1,1
amazon-toys-and-games,test,359629,5,9.447995602752922,3,3,3
amazon-toys-and-games,test,359861,2,1.7965848224774663,2,2,2
amazon-toys-and-games,test,359928,11,14.592002092626156,7,7,8
amazon-toys-and-games,test,359945,4,3.173346894589713,4,4,4
amazon-toys-and-games,test,360258,5,0.8640150329082033,1,3,4
amazon-toys-and-games,test,360616,3,3.9539965029717528,1,2,3
amazon-toys-and-games,test,360753,5,5.617947355602439,1,2,5
amazon-toys-and-games,test,360930,6,4.435461538602622,2,6,6
amazon-toys-and-games,test,361346,34,17.639302413255592,16,29,30
amazon-toys-and-games,test,361692,4,3.616513861150131,1,3,3
amazon-toys-and-games,test,361723,4,1.6201383898301707,1,1,2
amazon-toys-and-games,test,362106,4,1.596156671469647,2,2,2
amazon-toys-and-games,test,363520,5,7.045022262296598,4,5,5
amazon-toys-and-games,test,364274,3,1.962067229789363,3,3,3
amazon-toys-and-games,test,364538,4,0.3980698863013623,3,3,3
amazon-toys-and-games,test,364568,6,3.1336026822144674,2,4,5
amazon-toys-and-games,test,364633,14,5.927402796572744,6,7,10
amazon-toys-and-games,test,364725,4,10.280666273245192,1,2,4
amazon-toys-and-games,test,365009,4,0.8788941310652592,4,4,4
amazon-toys-and-games,test,365074,6,2.5737529607010905,4,6,6
amazon-toys-and-games,test,365244,3,0.2007695435364332,2,2,2
amazon-toys-and-games,test,366318,33,16.313837256448718,16,25,26
amazon-toys-and-games,test,366756,13,5.345880784185848,4,8,10
amazon-toys-and-games,test,366883,6,5.333529053244143,2,2,2
amazon-toys-and-games,test,367589,4,0.19924750711671874,2,2,2
amazon-toys-and-games,test,367725,11,8.31357921985799,8,8,10
amazon-toys-and-games,test,367836,3,0.4579226119172049,3,3,3
amazon-toys-and-games,test,367977,25,9.33712335116674,19,21,24
amazon-toys-and-games,test,367999,7,35.1840855173738,4,6,7
amazon-toys-and-games,test,368325,15,3.7434187862401482,4,12,12
amazon-toys-and-games,test,369236,17,8.566650124075757,5,9,13
amazon-toys-and-games,test,369459,5,1.9834678233114684,3,5,5
amazon-toys-and-games,test,369481,5,6.200738427359315,3,4,4
amazon-toys-and-games,test,369975,6,0.883612911973916,5,5,6
amazon-toys-and-games,test,370133,6,22.404520801069538,3,5,6
amazon-toys-and-games,test,371653,4,1.8533344051127671,2,2,2
amazon-toys-and-games,test,372282,6,12.025308203520794,3,3,3
amazon-toys-and-games,test,372325,4,0.6523994778300716,2,2,2
amazon-toys-and-games,test,373128,5,3.2064512183406335,2,3,4
amazon-toys-and-games,test,373498,3,0.05774694465387081,1,1,1
amazon-toys-and-games,test,374330,5,0.8132230597940983,1,1,1
amazon-toys-and-games,test,374623,4,1.330146244135122,3,3,4
amazon-toys-and-games,test,374803,8,18.861550530489712,6,7,8
amazon-toys-and-games,test,374907,12,5.208980103418283,7,11,12
amazon-toys-and-games,test,375073,4,4.294714594770927,1,2,3
amazon-toys-and-games,test,375208,5,35.017879342722615,2,3,4
amazon-toys-and-games,test,375438,4,3.3569513128591835,3,4,4
amazon-toys-and-games,test,375790,6,1.735518312977008,2,6,6
amazon-toys-and-games,test,375876,4,5.638810625870914,1,1,1
amazon-toys-and-games,test,375938,17,3.6096758914958667,8,11,15
amazon-toys-and-games,test,376158,4,0.27243983905347124,2,2,2
amazon-toys-and-games,test,376300,4,0.49530528353319886,2,2,2
amazon-toys-and-games,test,376451,4,0.9761464777594278,1,1,1
amazon-toys-and-games,test,376503,4,2.712767517696219,2,2,4
amazon-toys-and-games,test,376570,4,4.727954362434274,1,3,3
amazon-toys-and-games,test,376700,4,8.269724636378694,3,3,3
amazon-toys-and-games,test,377100,7,5.105539811599137,5,5,6
amazon-toys-and-games,test,377369,4,1.183900211684871,1,2,4
amazon-toys-and-games,test,377645,31,17.024528717986307,13,27,29
amazon-toys-and-games,test,378419,4,2.3372402898079785,4,4,4
amazon-toys-and-games,test,378522,18,5.735076868025225,10,13,17
amazon-toys-and-games,test,378554,13,5.870125124346126,11,11,12
amazon-toys-and-games,test,378589,9,1.2458014189609208,1,2,2
amazon-toys-and-games,test,378800,7,4.811885570132164,1,3,3
amazon-toys-and-games,test,378844,4,1.567241521173768,3,4,4
amazon-toys-and-games,test,379438,5,1.300235249682972,2,2,2
amazon-toys-and-games,test,379798,38,15.30076991667758,25,32,33
amazon-toys-and-games,test,381364,5,0.6390736587583721,1,1,1
amazon-toys-and-games,test,381365,4,2.7795397980648646,2,2,2
amazon-toys-and-games,test,381974,7,5.038100177773297,5,6,6
amazon-toys-and-games,test,382010,4,4.645281589070279,3,4,4
amazon-toys-and-games,test,382523,4,6.867074157882092,3,4,4
amazon-toys-and-games,test,383136,12,4.337118734335582,1,7,9
amazon-toys-and-games,test,383162,4,0.20197561162103206,3,3,3
amazon-toys-and-games,test,384284,6,6.700527729099021,3,4,6
amazon-toys-and-games,test,384337,3,1.9381419253109295,3,3,3
amazon-toys-and-games,test,384659,8,1.6912689588116048,1,1,7
amazon-toys-and-games,test,385488,4,0.3592430951969714,4,4,4
amazon-toys-and-games,test,385518,5,1.2285162560838607,5,5,5
amazon-toys-and-games,test,385616,6,41.6951694854529,3,4,5
amazon-toys-and-games,test,385838,7,10.742775149381366,4,5,7
amazon-toys-and-games,test,386166,5,0.9375703869113217,1,2,2
amazon-toys-and-games,test,386315,11,3.3506053835666485,7,8,8
amazon-toys-and-games,test,386863,18,20.117300145442833,10,13,14
amazon-toys-and-games,test,387088,6,1.8623833941816925,1,1,1
amazon-toys-and-games,test,387096,4,0.6483106097752482,2,2,2
amazon-toys-and-games,test,387135,7,3.3798201851779357,2,3,3
amazon-toys-and-games,test,387602,14,9.113300388553775,5,7,11
amazon-toys-and-games,test,387853,2,0.14843529583863524,1,1,1
amazon-toys-and-games,test,387855,4,4.077546825893794,2,4,4
amazon-toys-and-games,test,387973,14,9.692421269273137,8,12,13
amazon-toys-and-games,test,387979,4,14.908779827812435,3,4,4
amazon-toys-and-games,test,388010,23,14.923499170962586,5,14,17
amazon-toys-and-games,test,388134,5,0.8148914434370829,1,4,4
amazon-toys-and-games,test,388166,3,3.5482375057323017,2,3,3
amazon-toys-and-games,test,388306,4,1.2397502079313236,1,4,4
amazon-toys-and-games,test,388477,5,1.174095074214296,2,2,5
amazon-toys-and-games,test,388835,6,1.2186473683967534,2,2,2
amazon-toys-and-games,test,388884,9,37.13248085548743,5,6,8
amazon-toys-and-games,test,389037,11,4.774892103707183,8,9,9
amazon-toys-and-games,test,389264,7,0.8963127393360529,3,5,7
amazon-toys-and-games,test,389666,8,4.958274787592563,7,8,8
amazon-toys-and-games,test,389689,5,0.267131621618938,1,2,2
amazon-toys-and-games,test,390011,8,35.54046339450551,3,5,6
amazon-toys-and-games,test,390541,4,0.5463943781922146,3,3,3
amazon-toys-and-games,test,390653,7,3.0635465067632466,6,6,6
amazon-toys-and-games,test,390972,4,0.3803785687709572,2,2,2
amazon-toys-and-games,test,391024,5,13.523417927383063,1,1,2
amazon-toys-and-games,test,391146,21,9.81264532345677,9,16,17
amazon-toys-and-games,test,391922,4,5.863294111560728,2,2,4
amazon-toys-and-games,test,392286,10,7.116384052301487,4,10,10
amazon-toys-and-games,test,392971,8,12.492244387719962,4,5,7
amazon-toys-and-games,test,393181,18,7.960822203239106,12,14,14
amazon-toys-and-games,test,393375,5,2.9034365730565153,1,1,1
amazon-toys-and-games,test,393559,6,6.025853875017067,2,2,5
amazon-toys-and-games,test,393683,12,9.127088523183861,6,10,12
amazon-toys-and-games,test,394457,14,6.617889740079363,5,9,11
amazon-toys-and-games,test,394549,7,12.790458034554263,2,3,3
amazon-toys-and-games,test,395388,5,1.2066423425017065,4,4,4
amazon-toys-and-games,test,395758,3,4.544377518663223,1,3,3
amazon-toys-and-games,test,395829,8,0.6065048874217345,2,7,7
amazon-toys-and-games,test,396170,9,7.06126591865991,3,7,8
amazon-toys-and-games,test,396201,5,2.890945451760407,3,4,4
amazon-toys-and-games,test,396673,5,15.478611011800052,2,2,2
amazon-toys-and-games,test,396700,9,3.259585505958211,2,2,9
amazon-toys-and-games,test,396804,5,1.4787381327675415,4,4,4
amazon-toys-and-games,test,397071,4,1.3130871162519981,3,3,3
amazon-toys-and-games,test,397758,11,7.7199926054808365,7,10,11
amazon-toys-and-games,test,398395,12,8.916356616940444,4,10,10
amazon-toys-and-games,test,399390,8,6.847431501878575,4,7,8
amazon-toys-and-games,test,399791,10,15.765165895076125,5,6,6
amazon-toys-and-games,test,399834,6,3.7537392379610273,4,5,6
amazon-toys-and-games,test,399857,7,3.3717666607997074,3,6,7
amazon-toys-and-games,test,399902,2,0.89661314958261,2,2,2
amazon-toys-and-games,test,399977,5,40.41829350409959,3,5,5
amazon-toys-and-games,test,400628,3,2.1206547476108057,2,3,3
amazon-toys-and-games,test,400740,4,4.987524247059663,1,1,1
amazon-toys-and-games,test,400765,5,5.4181144595926405,2,3,3
amazon-toys-and-games,test,400954,4,8.400304053116074,3,3,3
amazon-toys-and-games,test,400958,22,4.245460342653619,13,18,20
amazon-toys-and-games,test,401472,4,2.2113030019331874,3,4,4
amazon-toys-and-games,test,401498,10,2.1639181237248772,3,7,9
amazon-toys-and-games,test,401501,4,3.3672123149733766,1,2,2
amazon-toys-and-games,test,401900,4,1.1484763413649541,1,4,4
amazon-toys-and-games,test,401956,11,3.9224594985324486,6,10,10
amazon-toys-and-games,test,401997,10,0.22308123390314938,7,10,10
amazon-toys-and-games,test,402110,5,15.166777080608162,2,4,4
amazon-toys-and-games,test,402896,7,2.109426108281387,1,3,6
amazon-toys-and-games,test,402906,4,15.50827168546149,2,3,4
amazon-toys-and-games,test,403096,6,30.54432515241393,2,4,4
amazon-toys-and-games,test,403120,6,1.265108627396491,4,5,6
amazon-toys-and-games,test,403338,14,3.732100087081025,7,12,13
amazon-toys-and-games,test,403659,11,1.698674482476944,4,6,6
amazon-toys-and-games,test,403661,3,2.3042357655031767,2,2,3
amazon-toys-and-games,test,403770,6,3.118984909349785,2,3,6
amazon-toys-and-games,test,403848,10,12.62992752650235,6,6,9
amazon-toys-and-games,test,404004,4,0.03825088885067529,1,1,1
amazon-toys-and-games,test,404123,10,9.557333548532476,4,6,8
amazon-toys-and-games,test,404188,12,5.108908201016323,5,10,12
amazon-toys-and-games,test,404256,3,1.3395391555031584,3,3,3
amazon-toys-and-games,test,404366,6,4.0066153498505,6,6,6
amazon-toys-and-games,test,404375,8,10.547550230332442,7,7,7
amazon-toys-and-games,test,404893,4,3.592260192461145,3,3,3
amazon-toys-and-games,test,405290,6,2.622689473643934,4,5,5
amazon-toys-and-games,test,405509,3,6.846866351149474,2,3,3
amazon-toys-and-games,test,405598,5,2.24836097750585,2,2,5
amazon-toys-and-games,test,405725,4,56.21664220905631,3,4,4
amazon-toys-and-games,test,405729,7,3.3172977927562677,1,2,4
amazon-toys-and-games,test,405799,8,30.624919213360272,4,6,8
amazon-toys-and-games,test,406474,5,1.817570027683911,1,2,2
amazon-toys-and-games,test,406985,4,3.86193676320039,2,4,4
amazon-toys-and-games,test,407365,8,1.1028177785440172,4,4,4
amazon-toys-and-games,test,407669,6,5.23705119578773,5,6,6
amazon-toys-and-games,test,408026,4,2.1315279541853505,4,4,4
amazon-toys-and-games,test,408034,15,22.975649251368175,9,12,14
amazon-toys-and-games,test,408449,3,0.9884309800501665,3,3,3
amazon-toys-and-games,test,408713,5,2.3206156500077695,2,5,5
amazon-toys-and-games,test,408892,6,3.2732162888633622,5,5,5
amazon-toys-and-games,test,409524,4,2.662446840825765,1,3,3
amazon-toys-and-games,test,409607,4,1.913108581354668,1,4,4
amazon-toys-and-games,test,409891,6,1.5979798770670675,2,6,6
amazon-toys-and-games,test,409948,6,14.159755133394482,3,4,4
amazon-toys-and-games,test,410641,4,0.5103515995201279,3,3,3
amazon-toys-and-games,test,410939,5,3.9726481213829414,3,3,4
amazon-toys-and-games,test,411277,4,1.2670454196892416,3,3,3
amazon-toys-and-games,test,411316,3,0.7514336683740299,1,1,2
amazon-toys-and-games,test,411806,6,1.2397866366264851,1,1,5
amazon-toys-and-games,test,411820,6,2.0425225328239303,3,3,5
amazon-toys-and-games,test,411865,5,1.0435938273852843,1,4,4
amazon-toys-and-games,test,412410,4,1.869421721659345,2,3,3
amazon-toys-and-games,test,412560,5,5.678936074660105,5,5,5
amazon-toys-and-games,test,412878,9,4.821087230850601,2,5,6
amazon-toys-and-games,test,412933,7,47.47158128554209,4,6,7
amazon-toys-and-games,test,412985,14,5.5635491946444,2,2,5
amazon-toys-and-games,test,413179,4,4.90631886707264,2,3,4
amazon-toys-and-games,test,413643,3,0.621395622523078,1,1,1
amazon-toys-and-games,test,413985,5,14.229196574614853,1,1,1
amazon-toys-and-games,test,414063,4,6.431385698865859,1,2,2
amazon-toys-and-games,test,414289,4,0.2944809704654987,2,2,2
amazon-toys-and-games,test,414317,4,1.7328062725153526,2,4,4
amazon-toys-and-games,test,415178,5,2.634131119649227,2,3,3
amazon-toys-and-games,test,415619,28,9.013820705425239,10,21,22
amazon-toys-and-games,test,416093,3,1.6079591892363831,2,3,3
amazon-toys-and-games,test,416688,4,3.0829779269302353,4,4,4
amazon-toys-and-games,test,416706,99,92.1514469876157,59,75,90
amazon-toys-and-games,test,417024,5,14.870465315233751,1,2,2
amazon-toys-and-games,test,417219,4,3.2909374576856356,4,4,4
amazon-toys-and-games,test,417256,4,3.313525525479185,3,3,4
amazon-toys-and-games,test,417350,5,1.415459718432749,1,5,5
amazon-toys-and-games,test,417486,5,1.7311927848921602,1,4,4
amazon-toys-and-games,test,417503,14,5.627788415814075,13,14,14
amazon-toys-and-games,test,417552,4,0.9436896487672966,3,3,3
amazon-toys-and-games,test,417556,5,7.945718461461887,3,5,5
amazon-toys-and-games,test,418140,13,3.980723401787447,5,5,9
amazon-toys-and-games,test,418623,4,3.746085923275476,3,3,3
amazon-toys-and-games,test,418891,5,4.012212214098778,1,2,4
amazon-toys-and-games,test,419528,5,12.505682022647642,4,4,5
amazon-toys-and-games,test,419535,8,1.779762987066991,5,6,6
amazon-toys-and-games,test,419537,3,0.9548955201622393,3,3,3
amazon-toys-and-games,test,420046,4,2.2384191059398946,1,1,4
amazon-toys-and-games,test,420583,9,8.06046353870242,2,4,7
amazon-toys-and-games,test,421084,6,5.855197960549621,5,5,5
amazon-toys-and-games,test,421142,4,1.011799418797877,2,2,2
amazon-toys-and-games,test,422071,9,2.911600774894001,6,7,7
amazon-toys-and-games,test,422574,10,2.2218101507167693,8,8,8
amazon-toys-and-games,test,423275,10,4.141945802070377,3,3,3
amazon-toys-and-games,test,423601,5,30.593262930242023,2,2,2
amazon-toys-and-games,test,423672,14,4.385263555601288,7,13,13
amazon-toys-and-games,test,423817,5,0.8396733282059102,4,4,4
amazon-toys-and-games,test,423944,6,10.368214673288678,3,4,4
amazon-toys-and-games,test,424464,2,0.3842544301499059,2,2,2
amazon-toys-and-games,test,424559,15,2.8875603658579387,11,12,12
amazon-toys-and-games,test,424594,8,68.75237436353345,4,7,8
amazon-toys-and-games,test,424729,3,1.466929417063087,3,3,3
amazon-toys-and-games,test,425352,18,14.687744798776045,8,12,15
amazon-toys-and-games,test,427440,9,20.72660561529363,5,8,8
amazon-toys-and-games,test,427850,5,4.069486218158174,1,2,4
amazon-toys-and-games,test,427990,8,10.560814575981055,3,7,7
amazon-toys-and-games,test,428412,7,18.22350206122538,1,1,3
amazon-toys-and-games,test,428524,13,19.104164754845318,5,7,9
amazon-toys-and-games,test,428877,4,0.46394675440248057,2,3,3
amazon-toys-and-games,test,429040,8,3.5497715585618783,5,7,7
amazon-toys-and-games,test,429049,4,3.607585036179829,3,3,4
amazon-toys-and-games,test,429062,4,6.127183579310298,3,4,4
amazon-toys-and-games,test,429972,5,7.719975656018504,1,1,2
amazon-toys-and-games,test,430095,4,3.890329895354146,3,3,3
amazon-toys-and-games,test,430623,10,1.5420618299942368,8,9,10
amazon-toys-and-games,test,431316,2,0.4998397706611258,2,2,2
amazon-toys-and-games,test,431756,7,1.760656768897433,3,5,5
amazon-toys-and-games,test,432422,3,7.964829612683915,3,3,3
amazon-toys-and-games,test,432485,5,0.03584482413067125,4,4,4
amazon-toys-and-games,test,432704,37,62.730105299799625,15,27,30
amazon-toys-and-games,test,432997,5,14.444207840631542,3,3,5
amazon-toys-and-games,test,433295,4,6.3461979541619495,2,4,4
amazon-toys-and-games,test,433514,4,2.261035001208914,2,2,3
amazon-toys-and-games,test,433728,6,3.2904562953370444,3,4,4
amazon-toys-and-games,test,433739,5,15.477065827980285,1,1,1
amazon-toys-and-games,test,433850,9,6.7199040002691675,2,5,5
amazon-toys-and-games,test,434101,4,0.21349517455764278,3,3,3
amazon-toys-and-games,test,434450,5,1.9747532699022894,4,5,5
amazon-toys-and-games,test,434641,5,1.8927711238840628,3,3,3
amazon-toys-and-games,test,435073,4,7.347558527979672,2,3,3
amazon-toys-and-games,test,435449,2,14.683262298431838,1,2,2
amazon-toys-and-games,test,435494,6,4.147898478539103,3,4,5
amazon-toys-and-games,test,436561,12,15.146761030479244,5,11,12
amazon-toys-and-games,test,437192,3,1.5327822523444805,2,3,3
amazon-toys-and-games,test,437297,4,6.759277601266556,2,2,4
amazon-toys-and-games,test,437497,3,1.5318607834408307,1,1,2
amazon-toys-and-games,test,437709,9,1.701821390487089,9,9,9
amazon-toys-and-games,test,437911,24,32.13049264560932,11,19,22
amazon-toys-and-games,test,438051,7,63.05822475505656,3,5,5
amazon-toys-and-games,test,438118,38,31.04414316704878,24,33,35
amazon-toys-and-games,test,438237,4,4.313679398769684,2,3,4
amazon-toys-and-games,test,438931,24,16.301435562539687,5,20,22
amazon-toys-and-games,test,439358,8,0.12308130347183799,2,3,3
amazon-toys-and-games,test,439907,4,1.0653569370196558,4,4,4
amazon-toys-and-games,test,440107,4,14.538836815319986,2,3,3
amazon-toys-and-games,test,440132,89,26.69240311816982,39,71,78
amazon-toys-and-games,test,440154,2,0.9760021543525556,2,2,2
amazon-toys-and-games,test,440476,4,2.708785658933432,1,3,4
amazon-toys-and-games,test,440808,4,0.3050817207574815,1,1,1
amazon-toys-and-games,test,442622,4,1.7464212443548963,2,4,4
amazon-toys-and-games,test,442681,20,3.090783786776776,2,10,16
amazon-toys-and-games,test,442868,3,3.842985493473793,1,1,2
amazon-toys-and-games,test,443790,5,0.04272023438829614,1,1,1
amazon-toys-and-games,test,443810,15,4.661596205496041,1,6,6
amazon-toys-and-games,test,444380,4,1.8354695453262457,4,4,4
amazon-toys-and-games,test,444808,4,0.8491938664955361,2,2,2
amazon-toys-and-games,test,445082,5,4.207583353882448,2,4,4
amazon-toys-and-games,test,445327,6,1.9013265547289602,5,5,5
amazon-toys-and-games,test,445397,2,1.9139358163072928,2,2,2
amazon-toys-and-games,test,445934,7,3.2147448179390583,4,4,5
amazon-toys-and-games,test,446200,4,0.23766460188906813,2,3,3
amazon-toys-and-games,test,446229,4,0.0517826312408568,1,1,1
amazon-toys-and-games,test,447054,2,0.0027469512945183516,1,1,1
amazon-toys-and-games,test,447982,8,0.9069098214608147,8,8,8
amazon-toys-and-games,test,448125,7,13.484091380116926,5,5,6
amazon-toys-and-games,test,448404,6,8.930287430626578,2,4,5
amazon-toys-and-games,test,448473,6,2.7047074159146978,3,5,6
amazon-toys-and-games,test,449061,75,94.28393650756709,37,53,65
amazon-toys-and-games,test,449215,4,8.66420541078698,3,4,4
amazon-toys-and-games,test,449431,33,13.64686149399012,23,31,33
amazon-toys-and-games,test,449948,7,3.1298282646324616,5,6,6
amazon-toys-and-games,test,450663,14,3.7520952666033427,8,8,8
amazon-toys-and-games,test,450675,5,5.770483156440186,3,5,5
amazon-toys-and-games,test,450757,4,1.50693065412086,2,2,2
amazon-toys-and-games,test,451115,5,6.692509621507755,2,5,5
amazon-toys-and-games,test,451146,36,14.991913019406946,17,29,31
amazon-toys-and-games,test,451365,8,3.1688641412684557,1,3,4
amazon-toys-and-games,test,451708,7,44.725684905321124,4,5,5
amazon-toys-and-games,test,451838,4,2.5304532823803827,3,3,4
amazon-toys-and-games,test,452538,5,3.73050759655296,3,4,5
amazon-toys-and-games,test,452871,5,17.7261031396286,2,4,4
amazon-toys-and-games,test,452896,17,19.85731461952473,7,11,11
amazon-toys-and-games,test,453099,35,20.22139008232569,12,24,31
amazon-toys-and-games,test,453619,4,1.681307228547246,4,4,4
amazon-toys-and-games,test,454368,9,0.9508013395893715,2,2,9
amazon-toys-and-games,test,454565,4,11.900700436530872,2,3,4
amazon-toys-and-games,test,455300,4,9.343173044334039,3,3,3
amazon-toys-and-games,test,455539,4,3.5353719784025905,3,3,3
amazon-toys-and-games,test,456579,4,4.214384388887452,1,1,3
amazon-toys-and-games,test,456607,9,45.871682830529856,6,8,9
amazon-toys-and-games,test,457240,5,4.496827699418488,2,2,2
amazon-toys-and-games,test,457561,3,3.2370915456271625,3,3,3
amazon-toys-and-games,test,457701,18,4.956200881738857,14,17,17
amazon-toys-and-games,test,458153,9,3.3758919575496926,6,9,9
amazon-toys-and-games,test,458258,4,1.2448861479949893,2,3,3
amazon-toys-and-games,test,458264,8,3.1084634673628933,8,8,8
amazon-toys-and-games,test,458367,10,5.155446618016229,2,6,8
amazon-toys-and-games,test,458864,4,1.0269681756768765,1,2,2
amazon-toys-and-games,test,459358,12,7.242709912924667,8,11,12
amazon-toys-and-games,test,459637,9,2.0371847170745783,8,8,8
amazon-toys-and-games,test,459756,5,2.6948547187587732,3,3,3
amazon-toys-and-games,test,459758,6,1.4322041428660062,2,4,5
amazon-toys-and-games,test,459763,4,2.464778922407575,1,2,2
amazon-toys-and-games,test,459831,8,4.177018287268215,4,5,7
amazon-toys-and-games,test,459886,15,21.08891163012023,1,11,13
amazon-toys-and-games,test,459938,5,4.297907291627073,3,4,4
amazon-toys-and-games,test,461078,15,12.082253969858163,7,15,15
amazon-toys-and-games,test,461217,4,9.719041791239418,1,2,2
amazon-toys-and-games,test,462000,6,1.1335347578766144,6,6,6
amazon-toys-and-games,test,462654,12,8.745193483488283,7,9,9
amazon-toys-and-games,test,462676,4,9.258034503666302,1,1,2
amazon-toys-and-games,test,463210,6,8.061546533452326,5,6,6
amazon-toys-and-games,test,463267,7,2.0359276741144585,4,6,7
amazon-toys-and-games,test,463290,7,2.3004371886129213,5,7,7
amazon-toys-and-games,test,463421,4,20.853277675009366,2,3,3
amazon-toys-and-games,test,464117,4,3.6693314215014423,3,4,4
amazon-toys-and-games,test,464441,5,20.245622753919545,1,2,3
amazon-toys-and-games,test,465244,6,0.23829034062158105,3,3,3
amazon-toys-and-games,test,466348,4,0.5426264115249767,4,4,4
amazon-toys-and-games,test,466474,4,7.455962735468667,1,2,2
amazon-toys-and-games,test,467043,5,10.203502454604692,3,4,4
amazon-toys-and-games,test,467391,5,31.40137534767743,2,2,2
amazon-toys-and-games,test,467583,4,4.333295239205928,4,4,4
amazon-toys-and-games,test,467664,19,4.943843585302059,8,10,11
amazon-toys-and-games,test,467678,4,1.5926124630028973,2,4,4
amazon-toys-and-games,test,467746,4,3.6528110082457235,2,4,4
amazon-toys-and-games,test,467797,7,11.056580024767719,4,6,7
amazon-toys-and-games,test,468188,13,4.406316305680011,6,7,10
amazon-toys-and-games,test,468204,9,5.118788725647717,4,9,9
amazon-toys-and-games,test,468596,6,3.4342102508703833,2,6,6
amazon-toys-and-games,test,468991,9,3.068520541515084,7,7,9
amazon-toys-and-games,test,469017,10,0.4063414768964599,3,3,3
amazon-toys-and-games,test,469496,4,2.691080174688242,4,4,4
amazon-toys-and-games,test,469978,4,0.9667679860832266,4,4,4
amazon-toys-and-games,test,470046,9,1.9283170556304754,1,5,5
amazon-toys-and-games,test,470293,9,21.89814422993185,5,7,8
amazon-toys-and-games,test,470344,6,4.285886960620518,4,6,6
amazon-toys-and-games,test,470428,7,12.579175523762103,2,3,7
amazon-toys-and-games,test,470660,6,3.625306584467677,5,5,5
amazon-toys-and-games,test,470672,6,14.886329758999516,3,3,3
amazon-toys-and-games,test,470882,9,6.314710912689969,2,3,4
amazon-toys-and-games,test,471103,5,11.511804067251166,3,4,5
amazon-toys-and-games,test,471610,6,4.649572838764888,4,4,5
amazon-toys-and-games,test,471666,6,1.4199065490129434,2,2,2
amazon-toys-and-games,test,471954,4,13.605475334073587,3,4,4
amazon-toys-and-games,test,472399,8,10.727159002589916,4,7,8
amazon-toys-and-games,test,472567,7,3.014734332040347,3,7,7
amazon-toys-and-games,test,472639,6,0.41084585975546856,1,1,1
amazon-toys-and-games,test,472979,6,3.5771546798445786,3,4,4
amazon-toys-and-games,test,472987,15,3.0601101930082075,12,14,14
amazon-toys-and-games,test,473361,4,3.7164289177812573,2,4,4
amazon-toys-and-games,test,474533,10,3.347485291123775,7,9,9
amazon-toys-and-games,test,474847,4,2.5512312993830966,4,4,4
amazon-toys-and-games,test,475522,10,5.571124971864208,7,7,10
amazon-toys-and-games,test,476092,5,1.4608407654301296,1,3,3
amazon-toys-and-games,test,476263,12,30.251489165214316,6,8,8
amazon-toys-and-games,test,477161,6,1.555187291242548,1,3,3
amazon-toys-and-games,test,477477,3,3.56252349919626,3,3,3
amazon-toys-and-games,test,477765,4,4.351365136891257,2,3,3
amazon-toys-and-games,test,477963,6,7.134137981651701,6,6,6
amazon-toys-and-games,test,478869,7,0.18287369406131948,1,1,1
amazon-toys-and-games,test,479694,18,2.308249878839804,8,14,14
amazon-toys-and-games,test,479707,4,1.5369036279501946,3,3,3
amazon-toys-and-games,test,479995,10,3.597788752905995,5,10,10
amazon-toys-and-games,test,480166,5,2.4569070355510547,3,3,3
amazon-toys-and-games,test,480478,4,0.3550937656272619,1,1,1
amazon-toys-and-games,test,480617,4,1.6749447292579533,2,2,2
amazon-toys-and-games,test,480717,7,36.623101320280895,3,6,7
amazon-toys-and-games,test,481168,36,9.30347424133922,15,32,33
amazon-toys-and-games,test,481261,12,5.547661224013012,8,10,12
amazon-toys-and-games,test,481654,10,6.316189310568603,5,9,10
amazon-toys-and-games,test,481766,3,3.0118595008471885,1,2,2
amazon-toys-and-games,test,482479,5,11.355614835105449,1,3,3
amazon-toys-and-games,test,482523,4,6.679341154160989,2,4,4
amazon-toys-and-games,test,483024,8,0.51495198716951,7,7,7
amazon-toys-and-games,test,483132,3,1.6222884417758456,2,2,2
amazon-toys-and-games,test,483708,4,3.826391716873651,2,4,4
amazon-toys-and-games,test,483984,6,10.624311941952392,1,2,4
amazon-toys-and-games,test,484286,5,4.540156470099916,1,5,5
amazon-toys-and-games,test,484339,4,4.3159367129844455,1,1,4
amazon-toys-and-games,test,484419,6,13.114975602577104,1,2,2
amazon-toys-and-games,test,485177,11,17.225391230588514,1,1,3
amazon-toys-and-games,test,485563,7,0.5211289277928239,2,2,2
amazon-toys-and-games,test,485891,7,4.407973558332809,3,4,4
amazon-toys-and-games,test,485948,7,2.339503169517834,5,7,7
amazon-toys-and-games,test,486513,4,3.14214369336753,2,2,3
amazon-toys-and-games,test,486559,7,71.47767449076194,3,6,6
amazon-toys-and-games,test,486785,10,34.76886821419896,6,9,9
amazon-toys-and-games,test,487419,5,0.2874055818500604,3,4,4
amazon-toys-and-games,test,487842,12,5.932971327391451,1,11,11
amazon-toys-and-games,test,488240,8,2.3779088803229453,3,4,5
amazon-toys-and-games,test,488883,4,4.200303559810827,3,4,4
amazon-toys-and-games,test,489041,9,4.620681974265783,5,8,8
amazon-toys-and-games,test,489395,2,29.957050568404647,2,2,2
amazon-toys-and-games,test,489428,9,4.345406135996288,3,6,8
amazon-toys-and-games,test,489577,4,0.991054541788678,4,4,4
amazon-toys-and-games,test,489875,4,4.07060513564914,2,2,4
amazon-toys-and-games,test,490013,5,2.593054730130092,3,5,5
amazon-toys-and-games,test,490194,6,3.7539263144893047,4,4,4
amazon-toys-and-games,test,490313,5,2.698656078396576,1,2,4
amazon-toys-and-games,test,490565,5,8.840694090601579,4,4,5
amazon-toys-and-games,test,490892,7,4.401364279931501,4,6,7
amazon-toys-and-games,test,491102,3,2.084196454134534,1,1,1
amazon-toys-and-games,test,491373,3,6.979427463605931,1,2,2
amazon-toys-and-games,test,491442,7,9.603982516503116,3,4,4
amazon-toys-and-games,test,491846,6,6.932679202143272,5,5,6
amazon-toys-and-games,test,492479,4,10.576539629392416,2,2,3
amazon-toys-and-games,test,492550,3,0.9137146511215642,3,3,3
amazon-toys-and-games,test,493140,4,3.5843761627062367,4,4,4
amazon-toys-and-games,test,493382,4,1.2865891616663119,1,1,1
amazon-toys-and-games,test,493594,4,1.527213468548723,2,3,4
amazon-toys-and-games,test,493621,13,12.470040592064958,6,11,11
amazon-toys-and-games,test,493805,6,1.704176606820097,5,6,6
amazon-toys-and-games,test,494387,4,2.78439265680988,3,3,3
amazon-toys-and-games,test,495105,8,5.216221950932445,6,8,8
amazon-toys-and-games,test,495250,4,8.311894266218248,2,3,3
amazon-toys-and-games,test,495341,4,5.3832691477854615,4,4,4
amazon-toys-and-games,test,495779,4,0.7616720290422712,4,4,4
amazon-toys-and-games,test,496166,11,2.3446798388865067,3,3,7
amazon-toys-and-games,test,497070,4,26.670977479919788,2,4,4
amazon-toys-and-games,test,497211,6,9.169715535529331,4,4,4
amazon-toys-and-games,test,497933,8,4.141600867863067,2,5,5
amazon-toys-and-games,test,497939,4,0.3555002997461817,1,2,2
amazon-toys-and-games,test,498078,3,0.8329894215749327,2,3,3
amazon-toys-and-games,test,498102,4,1.084711452163526,1,2,2
amazon-toys-and-games,test,498438,4,1.826398800231044,3,3,3
amazon-toys-and-games,test,498510,4,0.8092948321658551,1,1,4
amazon-toys-and-games,test,498949,5,1.1523150151175923,3,5,5
amazon-toys-and-games,test,499314,2,3.13107695934994,2,2,2
amazon-toys-and-games,test,499370,4,0.1455690658651679,1,1,1
amazon-toys-and-games,test,500102,8,4.065000429112321,3,4,6
amazon-toys-and-games,test,500226,7,3.213380765686901,5,6,7
amazon-toys-and-games,test,501325,4,1.912147521542735,4,4,4
amazon-toys-and-games,test,501687,4,5.4014652810186075,2,2,2
amazon-toys-and-games,test,502277,5,0.504356043441472,5,5,5
amazon-toys-and-games,test,502581,5,1.0377510694446666,5,5,5
amazon-toys-and-games,test,502639,8,32.1644925081163,2,2,2
amazon-toys-and-games,test,502694,8,3.983246974347052,5,6,8
amazon-toys-and-games,test,502924,4,1.6321205213022172,3,4,4
amazon-toys-and-games,test,503031,13,1.848943988414663,6,11,11
amazon-toys-and-games,test,503089,3,1.9896219960003063,2,2,2
amazon-toys-and-games,test,503979,23,6.2683471763429015,15,20,22
amazon-toys-and-games,test,504555,4,3.372172183010428,2,2,3
amazon-toys-and-games,test,505076,7,3.8920817614235426,4,7,7
amazon-toys-and-games,test,505415,9,12.907168237517118,2,5,6
amazon-toys-and-games,test,506010,3,0.48542248210835626,3,3,3
amazon-toys-and-games,test,506071,4,12.967618115458851,3,4,4
amazon-toys-and-games,test,506395,3,0.41569517682178736,2,2,2
amazon-toys-and-games,test,506720,4,4.481112132646492,2,4,4
amazon-toys-and-games,test,506755,5,1.7296083896296865,2,3,3
amazon-toys-and-games,test,506993,5,5.157752503824538,1,5,5
amazon-toys-and-games,test,507104,5,4.20486966906997,4,5,5
amazon-toys-and-games,test,507316,5,7.938672797649792,2,4,5
amazon-toys-and-games,test,507506,2,4.434100269098012,2,2,2
amazon-toys-and-games,test,508282,3,11.906633760255295,2,3,3
amazon-toys-and-games,test,508283,14,4.704240926234991,9,12,13
amazon-toys-and-games,test,508342,6,7.9435446296735375,4,5,5
amazon-toys-and-games,test,508552,4,3.0355857123874825,1,4,4
amazon-toys-and-games,test,508739,4,1.6392988715768964,3,3,3
amazon-toys-and-games,test,508754,5,1.6441853762695258,2,2,2
amazon-toys-and-games,test,511346,4,10.090247159210032,1,1,1
amazon-toys-and-games,test,511437,20,18.163258865533273,11,18,19
amazon-toys-and-games,test,511902,5,11.898684715398606,4,5,5
amazon-toys-and-games,test,511995,8,0.7864965404439783,2,5,5
amazon-toys-and-games,test,512342,2,3.222962271445513,2,2,2
amazon-toys-and-games,test,512406,31,23.47043314920188,18,28,30
amazon-toys-and-games,test,512498,9,12.680312459543437,1,1,4
amazon-toys-and-games,test,512818,4,0.8331804192474805,1,1,1
amazon-toys-and-games,test,513266,4,4.604789703024549,4,4,4
amazon-toys-and-games,test,513601,17,7.773625257886385,9,10,14
amazon-toys-and-games,test,513679,4,1.2299005464999961,1,4,4
amazon-toys-and-games,test,514116,6,5.12737261641071,3,4,4
amazon-toys-and-games,test,514366,24,3.966178992267187,15,19,19
amazon-toys-and-games,test,514511,9,4.957950723991856,4,8,8
amazon-toys-and-games,test,514868,6,5.703291946077183,5,6,6
amazon-toys-and-games,test,515031,4,5.5049579390870464,3,3,3
amazon-toys-and-games,test,516586,4,2.222379602055717,3,3,3
amazon-toys-and-games,test,516603,12,1.8540796755012787,10,10,12
amazon-toys-and-games,test,517398,10,0.8513726313363558,9,9,9
amazon-toys-and-games,test,517671,5,13.982049128016572,3,5,5
amazon-toys-and-games,test,517764,6,2.6069634083243747,5,5,6
amazon-toys-and-games,test,517823,5,8.032834397238856,2,2,2
amazon-toys-and-games,test,517997,3,0.7456322721810436,3,3,3
amazon-toys-and-games,test,518120,8,5.028446067601413,3,3,5
amazon-toys-and-games,test,518289,4,1.4324669860206778,1,3,4
amazon-toys-and-games,test,518438,4,0.5446794467720792,2,2,4
amazon-toys-and-games,test,518603,11,7.045075640454091,8,8,8
amazon-toys-and-games,test,519054,7,1.969453021244823,2,3,6
amazon-toys-and-games,test,519190,5,2.8911240535575184,3,3,5
amazon-toys-and-games,test,519504,4,0.6987501858590762,3,3,3
amazon-toys-and-games,test,519539,5,1.397675937790667,3,3,3
amazon-toys-and-games,test,519636,7,1.9877058845813715,7,7,7
amazon-toys-and-games,test,519967,6,5.8908519134962685,4,5,5
amazon-toys-and-games,test,520200,5,0.38577444275322265,5,5,5
amazon-toys-and-games,test,520760,6,3.5428403668647874,3,6,6
amazon-toys-and-games,test,520864,10,12.576346860880522,5,8,10
amazon-toys-and-games,test,520910,4,8.232551176782827,3,4,4
amazon-toys-and-games,test,521165,10,1.6841967324092884,8,9,9
amazon-toys-and-games,test,521369,5,2.1490327011415777,4,5,5
amazon-toys-and-games,test,521628,100,70.35624114303633,42,74,87
amazon-toys-and-games,test,522046,17,12.43769481999766,9,14,15
amazon-toys-and-games,test,522385,3,9.663327137714571,2,3,3
amazon-toys-and-games,test,522457,14,2.0660071512817306,7,10,10
amazon-toys-and-games,test,523425,35,27.47792645590348,16,28,32
amazon-toys-and-games,test,523475,4,2.6003213693951275,3,4,4
amazon-toys-and-games,test,523928,5,18.999645262932013,1,1,4
amazon-toys-and-games,test,523939,7,19.38414293051524,5,6,7
amazon-toys-and-games,test,524021,9,3.6657201741165144,6,9,9
amazon-toys-and-games,test,524049,7,0.5698738106204951,6,6,7
amazon-toys-and-games,test,524176,10,3.682311673923208,3,7,7
amazon-toys-and-games,test,524189,4,0.5990352340742884,1,2,2
amazon-toys-and-games,test,524414,11,21.88637763490618,7,9,9
amazon-toys-and-games,test,524472,3,2.617689129278925,1,1,1
amazon-toys-and-games,test,525269,8,5.519098091281835,3,4,4
amazon-toys-and-games,test,525893,4,3.576763577325692,2,2,4
amazon-toys-and-games,test,525991,11,10.638823337967661,5,8,9
amazon-toys-and-games,test,526020,5,0.9725700147188371,2,2,2
amazon-toys-and-games,test,526036,10,2.296896015870768,8,9,9
amazon-toys-and-games,test,526254,6,6.962877705012443,2,3,3
amazon-toys-and-games,test,526860,7,0.19581131985020472,5,5,5
amazon-toys-and-games,test,526959,4,3.0675066727440186,3,4,4
amazon-toys-and-games,test,527467,4,4.93072963450951,3,3,4
amazon-toys-and-games,test,527553,16,6.301934559770286,1,13,14
amazon-toys-and-games,test,527875,5,5.283619970033604,2,4,4
amazon-toys-and-games,test,528262,12,12.5230892469512,9,11,12
amazon-toys-and-games,test,528430,17,8.971959834074884,6,14,17
amazon-toys-and-games,test,528677,4,0.23287245763598907,2,2,2
amazon-toys-and-games,test,529492,3,0.6030810960306574,3,3,3
amazon-toys-and-games,test,529515,4,0.8703650098335342,1,1,4
amazon-toys-and-games,test,529623,6,3.4452916575568575,4,6,6
amazon-toys-and-games,test,530001,6,5.303303861296225,5,5,6
amazon-toys-and-games,test,530246,4,8.592328812485885,2,2,4
amazon-toys-and-games,test,531029,7,2.2871217416002603,5,7,7
amazon-toys-and-games,test,531563,4,2.969124593790008,4,4,4
amazon-toys-and-games,test,531613,2,0.9788010924307938,2,2,2
amazon-toys-and-games,test,531720,8,2.886982692764876,3,5,6
amazon-toys-and-games,test,532884,5,1.2315003733625034,2,2,2
amazon-toys-and-games,test,533186,21,15.835232885296222,13,19,19
amazon-toys-and-games,test,533240,10,4.094552955085,9,10,10
amazon-toys-and-games,test,533864,5,30.33111242673231,2,2,2
amazon-toys-and-games,test,533873,5,10.358625072264475,3,4,5
amazon-toys-and-games,test,533926,5,2.1201847162524032,3,4,5
amazon-toys-and-games,test,534098,14,3.6202075790532726,11,12,12
amazon-toys-and-games,test,534424,4,1.6809888569301574,3,3,3
amazon-toys-and-games,test,534457,6,1.8928370244055182,4,5,6
amazon-toys-and-games,test,534495,4,5.769933690288167,3,4,4
amazon-toys-and-games,test,534683,4,1.913018648013488,1,1,1
amazon-toys-and-games,test,534996,6,2.6173291429371557,4,4,5
amazon-toys-and-games,test,535134,4,0.43331907596843877,2,4,4
amazon-toys-and-games,test,535252,5,6.932072436689489,1,3,4
amazon-toys-and-games,test,535421,4,0.32009388484269663,4,4,4
amazon-toys-and-games,test,535460,7,7.601669800314463,4,7,7
amazon-toys-and-games,test,535473,5,31.8771635783123,2,2,2
amazon-toys-and-games,test,535742,4,1.9045584630278154,2,2,2
amazon-toys-and-games,test,535856,7,4.885387798954838,6,6,6
amazon-toys-and-games,test,536148,7,7.758980922431482,3,5,7
amazon-toys-and-games,test,536309,17,2.0570897102786665,7,13,13
amazon-toys-and-games,test,536773,12,2.7594973118342474,6,8,8
amazon-toys-and-games,test,536895,4,3.492559027925567,1,4,4
amazon-toys-and-games,test,536920,11,3.827346578747866,6,7,7
amazon-toys-and-games,test,536939,3,2.431964004401548,1,1,1
amazon-toys-and-games,test,537146,5,1.2470716167276268,5,5,5
amazon-toys-and-games,test,538334,7,1.2386474809715406,2,2,5
amazon-toys-and-games,test,538484,12,2.3000082660251002,2,8,12
amazon-toys-and-games,test,538544,8,4.137160361709116,4,5,5
amazon-toys-and-games,test,538731,5,9.767259469895446,1,2,3
amazon-toys-and-games,test,538800,4,2.1969068369640707,4,4,4
amazon-toys-and-games,test,539475,4,5.546863587375206,2,2,2
amazon-toys-and-games,test,539580,21,5.10221430179188,11,19,19
amazon-toys-and-games,test,539747,4,1.4166953848321664,1,1,1
amazon-toys-and-games,test,540447,8,1.4955846334403657,5,8,8
amazon-toys-and-games,test,540738,10,5.52628516926473,4,6,9
amazon-toys-and-games,test,540847,4,0.984754780807719,4,4,4
amazon-toys-and-games,test,540878,4,0.7412195935025627,2,2,3
amazon-toys-and-games,test,541010,5,4.5478670840872315,3,5,5
amazon-toys-and-games,test,541091,6,4.121914446829948,2,6,6
amazon-toys-and-games,test,541202,11,39.9250983021382,4,8,9
amazon-toys-and-games,test,541327,7,5.293745123472089,5,7,7
amazon-toys-and-games,test,541331,4,0.8540937789718014,4,4,4
amazon-toys-and-games,test,541373,11,13.549102181288285,4,9,10
amazon-toys-and-games,test,542177,5,2.1729365025707845,4,5,5
amazon-toys-and-games,test,542179,6,0.3702546802177197,3,3,3
amazon-toys-and-games,test,542372,9,2.0556491324689654,5,5,7
amazon-toys-and-games,test,542426,6,12.501719516629162,4,5,6
amazon-toys-and-games,test,542574,3,3.0876833000552564,1,2,2
amazon-toys-and-games,test,542798,5,5.125365117032559,2,3,5
amazon-toys-and-games,test,543509,7,11.563093709466356,1,4,7
amazon-toys-and-games,test,543702,4,12.578721176980782,3,4,4
amazon-toys-and-games,test,543715,4,2.6924964667011686,4,4,4
amazon-toys-and-games,test,543756,5,3.7235208763934526,2,3,3
amazon-toys-and-games,test,543830,10,3.9081875452947505,5,9,9
amazon-toys-and-games,test,543846,4,6.814121001832122,2,3,4
amazon-toys-and-games,test,543972,5,5.033369506943304,4,4,4
amazon-toys-and-games,test,544085,3,25.72234718937122,1,2,3
amazon-toys-and-games,test,545219,9,5.053084008428943,2,5,8
amazon-toys-and-games,test,545398,4,3.374843620655601,3,4,4
amazon-toys-and-games,test,545942,4,2.476808487076446,1,2,2
amazon-toys-and-games,test,545956,9,5.973965625857947,7,9,9
amazon-toys-and-games,test,546353,5,4.094723841082095,2,4,4
amazon-toys-and-games,test,546423,7,15.386853959068693,3,6,6
amazon-toys-and-games,test,546515,6,0.6808185401314254,4,4,5
amazon-toys-and-games,test,547571,5,1.515643183713641,2,2,2
amazon-toys-and-games,test,547785,3,8.632067079900462,3,3,3
amazon-toys-and-games,test,547787,6,1.4087669576050306,2,2,2
amazon-toys-and-games,test,548064,6,3.318551926480316,1,4,4
amazon-toys-and-games,test,548743,8,0.46222246283150503,8,8,8
amazon-toys-and-games,test,548776,5,4.141294512655841,3,5,5
amazon-toys-and-games,test,548927,19,52.49264156168804,11,16,17
amazon-toys-and-games,test,549056,7,0.6344883232434491,4,7,7
amazon-toys-and-games,test,549371,4,0.07577016807352477,1,1,1
amazon-toys-and-games,test,549954,6,14.491825710702656,1,4,5
amazon-toys-and-games,test,550319,6,4.199429271126951,3,5,5
amazon-toys-and-games,test,550760,8,8.504085357998258,1,1,1
amazon-toys-and-games,test,550817,4,12.536158294317422,2,3,3
amazon-toys-and-games,test,550970,5,2.3270744070644858,3,3,3
amazon-toys-and-games,test,551487,5,0.6665641687986834,1,1,1
amazon-toys-and-games,test,552449,7,6.210745693492628,3,5,7
amazon-toys-and-games,test,552644,7,4.022669526403562,3,3,5
amazon-toys-and-games,test,552865,9,5.265763458489723,5,9,9
amazon-toys-and-games,test,552943,9,12.245994630182656,1,9,9
amazon-toys-and-games,test,553154,4,2.8223230237385444,2,3,3
amazon-toys-and-games,test,553325,12,9.83983706760135,4,11,11
amazon-toys-and-games,test,553341,4,2.6828840977424893,1,2,2
amazon-toys-and-games,test,553476,4,4.3926823605617376,2,3,3
amazon-toys-and-games,test,553504,7,4.003136535951106,3,7,7
amazon-toys-and-games,test,553543,4,0.7405460421076504,2,3,3
amazon-toys-and-games,test,553788,9,0.80909143861787,2,4,4
amazon-toys-and-games,test,553800,5,11.043784445592257,4,4,4
amazon-toys-and-games,test,553964,8,11.499118343359552,2,3,6
amazon-toys-and-games,test,554245,4,6.355805263579634,2,2,3
amazon-toys-and-games,test,554988,45,25.07593744914766,20,34,40
amazon-toys-and-games,test,555389,8,31.999491010175937,3,4,5
amazon-toys-and-games,test,556167,4,0.8980680205956205,2,2,2
amazon-toys-and-games,test,556233,4,1.5117612508854985,3,3,4
amazon-toys-and-games,test,556274,3,0.6474571916979763,3,3,3
amazon-toys-and-games,test,556295,9,4.803242356251009,7,9,9
amazon-toys-and-games,test,556666,6,2.240559165292105,2,3,4
amazon-toys-and-games,test,556688,22,7.473114832417568,8,12,20
amazon-toys-and-games,test,557250,10,5.239003419680515,5,8,8
amazon-toys-and-games,test,557457,4,5.601913923167455,2,4,4
amazon-toys-and-games,test,557542,5,3.316913773594774,5,5,5
amazon-toys-and-games,test,557558,5,2.3473684789710614,1,1,4
amazon-toys-and-games,test,557826,13,8.008247051821273,9,11,13
amazon-toys-and-games,test,557834,5,1.9103634008994976,2,4,4
amazon-toys-and-games,test,558804,6,2.477429545733539,1,3,3
amazon-toys-and-games,test,558857,21,4.852226049413628,13,15,15
amazon-toys-and-games,test,558914,13,18.797486242949923,6,11,11
amazon-toys-and-games,test,559011,14,5.44773743967367,3,10,13
amazon-toys-and-games,test,559105,4,0.8616409697849903,3,3,3
amazon-toys-and-games,test,559489,4,0.2535298045859806,3,3,4
amazon-toys-and-games,test,559843,5,2.102029059347214,1,2,2
amazon-toys-and-games,test,560106,8,18.448837320641644,3,6,7
amazon-toys-and-games,test,560813,5,6.847523838501729,2,4,4
amazon-toys-and-games,test,560963,29,5.731649661443977,18,27,27
amazon-toys-and-games,test,561194,9,0.024161332065833985,9,9,9
amazon-toys-and-games,test,561247,5,0.2855880682362585,3,3,3
amazon-toys-and-games,test,561274,8,2.9974809177830277,3,4,4
amazon-toys-and-games,test,561338,7,9.142995340605454,4,5,5
amazon-toys-and-games,test,561604,4,1.6177451004511783,4,4,4
amazon-toys-and-games,test,561940,7,7.38971032293722,5,7,7
amazon-toys-and-games,test,562302,4,2.8871387796045602,2,3,3
amazon-toys-and-games,test,562321,4,0.5394788710722072,3,3,3
amazon-toys-and-games,test,562362,2,4.908134483358569,2,2,2
amazon-toys-and-games,test,562464,5,2.2520700005205003,2,2,2
amazon-toys-and-games,test,562669,5,5.69934373326201,3,5,5
amazon-toys-and-games,test,562678,4,15.53721491620989,2,2,3
amazon-toys-and-games,test,562786,4,8.307708381464852,2,3,4
amazon-toys-and-games,test,562881,11,5.072075248529398,8,8,11
amazon-toys-and-games,test,562930,4,2.9733776439501076,1,4,4
amazon-toys-and-games,test,563736,4,8.186259791871986,1,3,3
amazon-toys-and-games,test,563794,4,1.7950495047626411,2,3,4
amazon-toys-and-games,test,564566,8,2.554082856687679,5,8,8
amazon-toys-and-games,test,564869,13,60.00370257209988,7,10,12
amazon-toys-and-games,test,565097,7,14.474222049719982,1,3,5
amazon-toys-and-games,test,565125,8,7.352897355637223,4,8,8
amazon-toys-and-games,test,565465,5,17.07739674725904,2,4,5
amazon-toys-and-games,test,565584,7,3.327517939076929,2,3,5
amazon-toys-and-games,test,565585,3,2.0535156505200485,2,3,3
amazon-toys-and-games,test,565627,9,8.22958223812717,6,7,7
amazon-toys-and-games,test,565673,4,2.344267865761017,3,3,3
amazon-toys-and-games,test,565704,7,9.765591086252464,3,7,7
amazon-toys-and-games,test,566689,8,2.833615666261545,7,8,8
amazon-toys-and-games,test,566968,4,0.024108206885390206,2,2,2
amazon-toys-and-games,test,567524,7,0.9976534481309454,2,7,7
amazon-toys-and-games,test,567891,10,16.460287188401054,4,5,6
