/workspace/P78123011/MediaTek_2026_project/Reproduce/LLaRA/.venv/lib/python3.10/site-packages/transformers/utils/hub.py:111: FutureWarning: Using `TRANSFORMERS_CACHE` is deprecated and will be removed in v5 of Transformers. Use `HF_HOME` instead.
  warnings.warn(
Seed set to 1234
`torch_dtype` is deprecated! Use `dtype` instead!
Loading LLAMA
Loading checkpoint shards: 100%|██████████| 2/2 [00:00<00:00,  4.71it/s]
The new embeddings will be initialized from a multivariate normal distribution that has old embeddings' mean and covariance. As described in this article: https://nlp.stanford.edu/~johnhew/vocab-expansion.html. To disable this, use `mean_resizing=False`
The new lm_head weights will be initialized from a multivariate normal distribution that has old embeddings' mean and covariance. As described in this article: https://nlp.stanford.edu/~johnhew/vocab-expansion.html. To disable this, use `mean_resizing=False`
Using bfloat16 Automatic Mixed Precision (AMP)
GPU available: True (cuda), used: True
TPU available: False, using: 0 TPU cores
💡 Tip: For seamless cloud logging and experiment tracking, try installing [litlogger](https://pypi.org/project/litlogger/) to enable LitLogger, which logs metrics and artifacts automatically to the Lightning Experiments platform.
You are using a CUDA device ('NVIDIA RTX PRO 6000 Blackwell Workstation Edition') that has Tensor Cores. To properly utilize them, you should set `torch.set_float32_matmul_precision('medium' | 'high')` which will trade-off precision for performance. For more details, read https://pytorch.org/docs/stable/generated/torch.set_float32_matmul_precision.html#torch.set_float32_matmul_precision
LOCAL_RANK: 0 - CUDA_VISIBLE_DEVICES: [1]
/workspace/P78123011/MediaTek_2026_project/Reproduce/LLaRA/.venv/lib/python3.10/site-packages/pytorch_lightning/utilities/model_summary/model_summary.py:242: Precision bf16-mixed is not supported by the model summary.  Estimated model size in MB will not be accurate. Using 32 bits instead.

  | Name        | Type                 | Params | Mode  | FLOPs
---------------------------------------------------------------------
0 | llama_model | PeftModelForCausalLM | 6.8 B  | train | 0    
1 | rec_model   | SASRec               | 549 K  | eval  | 0    
2 | projector   | MlpProjector         | 17.0 M | train | 0    
---------------------------------------------------------------------
37.0 M    Trainable params
6.7 B     Non-trainable params
6.8 B     Total params
27,104.169Total estimated model params size (MB)
2248      Modules in train mode
442       Modules in eval mode
0         Total Flops
trainable params: 19,988,480 || all params: 6,758,445,056 || trainable%: 0.2958
Loading LLAMA Done
max_step: 535
warmup_steps: 26
/workspace/P78123011/MediaTek_2026_project/Reproduce/LLaRA/.venv/lib/python3.10/site-packages/pytorch_lightning/loops/fit_loop.py:538: Found 442 module(s) in eval mode at the start of training. This may lead to unexpected behavior during training. If this is intentional, you can ignore this warning.
Validation DataLoader 0:   0%|          | 0/250 [00:00<?, ?it/s][A
Validation DataLoader 0:   0%|          | 1/250 [00:01<07:45,  0.53it/s][A
Validation DataLoader 0:   1%|          | 2/250 [00:03<07:22,  0.56it/s][A
Validation DataLoader 0:   1%|          | 3/250 [00:05<07:28,  0.55it/s][A
Validation DataLoader 0:   2%|▏         | 4/250 [00:07<07:19,  0.56it/s][A
Validation DataLoader 0:   2%|▏         | 5/250 [00:09<07:21,  0.55it/s][A
Validation DataLoader 0:   2%|▏         | 6/250 [00:10<07:21,  0.55it/s][A
Validation DataLoader 0:   3%|▎         | 7/250 [00:12<07:18,  0.55it/s][A
Validation DataLoader 0:   3%|▎         | 8/250 [00:14<07:15,  0.56it/s][A
Validation DataLoader 0:   4%|▎         | 9/250 [00:16<07:14,  0.56it/s][A
Validation DataLoader 0:   4%|▍         | 10/250 [00:17<07:09,  0.56it/s][A
Validation DataLoader 0:   4%|▍         | 11/250 [00:19<07:09,  0.56it/s][A
Validation DataLoader 0:   5%|▍         | 12/250 [00:21<07:06,  0.56it/s][A
Validation DataLoader 0:   5%|▌         | 13/250 [00:23<07:06,  0.56it/s][A
Validation DataLoader 0:   6%|▌         | 14/250 [00:25<07:03,  0.56it/s][A
Validation DataLoader 0:   6%|▌         | 15/250 [00:27<07:03,  0.56it/s][A
Validation DataLoader 0:   6%|▋         | 16/250 [00:28<07:02,  0.55it/s][A
Validation DataLoader 0:   7%|▋         | 17/250 [00:30<06:59,  0.56it/s][A
Validation DataLoader 0:   7%|▋         | 18/250 [00:32<06:58,  0.55it/s][A
Validation DataLoader 0:   8%|▊         | 19/250 [00:34<06:56,  0.55it/s][A
Validation DataLoader 0:   8%|▊         | 20/250 [00:36<06:55,  0.55it/s][A
Validation DataLoader 0:   8%|▊         | 21/250 [00:38<06:54,  0.55it/s][A
Validation DataLoader 0:   9%|▉         | 22/250 [00:39<06:52,  0.55it/s][A
Validation DataLoader 0:   9%|▉         | 23/250 [00:41<06:50,  0.55it/s][A
Validation DataLoader 0:  10%|▉         | 24/250 [00:43<06:48,  0.55it/s][A
Validation DataLoader 0:  10%|█         | 25/250 [00:45<06:47,  0.55it/s][A
Validation DataLoader 0:  10%|█         | 26/250 [00:47<06:46,  0.55it/s][A
Validation DataLoader 0:  11%|█         | 27/250 [00:49<06:45,  0.55it/s][A
Validation DataLoader 0:  11%|█         | 28/250 [00:50<06:42,  0.55it/s][A
Validation DataLoader 0:  12%|█▏        | 29/250 [00:52<06:41,  0.55it/s][A
Validation DataLoader 0:  12%|█▏        | 30/250 [00:54<06:38,  0.55it/s][A
Validation DataLoader 0:  12%|█▏        | 31/250 [00:56<06:37,  0.55it/s][A
Validation DataLoader 0:  13%|█▎        | 32/250 [00:57<06:34,  0.55it/s][A
Validation DataLoader 0:  13%|█▎        | 33/250 [00:59<06:33,  0.55it/s][A
Validation DataLoader 0:  14%|█▎        | 34/250 [01:01<06:31,  0.55it/s][A
Validation DataLoader 0:  14%|█▍        | 35/250 [01:03<06:29,  0.55it/s][A
Validation DataLoader 0:  14%|█▍        | 36/250 [01:05<06:28,  0.55it/s][A
Validation DataLoader 0:  15%|█▍        | 37/250 [01:07<06:27,  0.55it/s][A
Validation DataLoader 0:  15%|█▌        | 38/250 [01:08<06:24,  0.55it/s][A
Validation DataLoader 0:  16%|█▌        | 39/250 [01:10<06:23,  0.55it/s][A
Validation DataLoader 0:  16%|█▌        | 40/250 [01:12<06:21,  0.55it/s][A
Validation DataLoader 0:  16%|█▋        | 41/250 [01:14<06:19,  0.55it/s][A
Validation DataLoader 0:  17%|█▋        | 42/250 [01:16<06:17,  0.55it/s][A
Validation DataLoader 0:  17%|█▋        | 43/250 [01:18<06:16,  0.55it/s][A
Validation DataLoader 0:  18%|█▊        | 44/250 [01:19<06:13,  0.55it/s][A
Validation DataLoader 0:  18%|█▊        | 45/250 [01:21<06:12,  0.55it/s][A
Validation DataLoader 0:  18%|█▊        | 46/250 [01:23<06:10,  0.55it/s][A
Validation DataLoader 0:  19%|█▉        | 47/250 [01:25<06:08,  0.55it/s][A
Validation DataLoader 0:  19%|█▉        | 48/250 [01:27<06:07,  0.55it/s][A
Validation DataLoader 0:  20%|█▉        | 49/250 [01:28<06:04,  0.55it/s][A
Validation DataLoader 0:  20%|██        | 50/250 [01:30<06:03,  0.55it/s][A
Validation DataLoader 0:  20%|██        | 51/250 [01:32<06:01,  0.55it/s][A
Validation DataLoader 0:  21%|██        | 52/250 [01:34<05:59,  0.55it/s][A
Validation DataLoader 0:  21%|██        | 53/250 [01:36<05:57,  0.55it/s][A
Validation DataLoader 0:  22%|██▏       | 54/250 [01:38<05:56,  0.55it/s][A
Validation DataLoader 0:  22%|██▏       | 55/250 [01:40<05:54,  0.55it/s][A
Validation DataLoader 0:  22%|██▏       | 56/250 [01:41<05:52,  0.55it/s][A
Validation DataLoader 0:  23%|██▎       | 57/250 [01:43<05:50,  0.55it/s][A
Validation DataLoader 0:  23%|██▎       | 58/250 [01:45<05:48,  0.55it/s][A
Validation DataLoader 0:  24%|██▎       | 59/250 [01:47<05:47,  0.55it/s][A
Validation DataLoader 0:  24%|██▍       | 60/250 [01:48<05:45,  0.55it/s][A
Validation DataLoader 0:  24%|██▍       | 61/250 [01:50<05:43,  0.55it/s][A
Validation DataLoader 0:  25%|██▍       | 62/250 [01:52<05:41,  0.55it/s][A
Validation DataLoader 0:  25%|██▌       | 63/250 [01:54<05:39,  0.55it/s][A
Validation DataLoader 0:  26%|██▌       | 64/250 [01:56<05:37,  0.55it/s][A
Validation DataLoader 0:  26%|██▌       | 65/250 [01:58<05:35,  0.55it/s][A
Validation DataLoader 0:  26%|██▋       | 66/250 [01:59<05:34,  0.55it/s][A
Validation DataLoader 0:  27%|██▋       | 67/250 [02:01<05:32,  0.55it/s][A
Validation DataLoader 0:  27%|██▋       | 68/250 [02:03<05:30,  0.55it/s][A
Validation DataLoader 0:  28%|██▊       | 69/250 [02:05<05:29,  0.55it/s][A
Validation DataLoader 0:  28%|██▊       | 70/250 [02:07<05:27,  0.55it/s][A
Validation DataLoader 0:  28%|██▊       | 71/250 [02:09<05:25,  0.55it/s][A
Validation DataLoader 0:  29%|██▉       | 72/250 [02:11<05:23,  0.55it/s][A
Validation DataLoader 0:  29%|██▉       | 73/250 [02:12<05:22,  0.55it/s][A
Validation DataLoader 0:  30%|██▉       | 74/250 [02:14<05:20,  0.55it/s][A
Validation DataLoader 0:  30%|███       | 75/250 [02:16<05:18,  0.55it/s][A
Validation DataLoader 0:  30%|███       | 76/250 [02:18<05:17,  0.55it/s][A
Validation DataLoader 0:  31%|███       | 77/250 [02:20<05:15,  0.55it/s][A
Validation DataLoader 0:  31%|███       | 78/250 [02:22<05:13,  0.55it/s][A
Validation DataLoader 0:  32%|███▏      | 79/250 [02:23<05:11,  0.55it/s][A
Validation DataLoader 0:  32%|███▏      | 80/250 [02:25<05:09,  0.55it/s][A
Validation DataLoader 0:  32%|███▏      | 81/250 [02:27<05:07,  0.55it/s][A
Validation DataLoader 0:  33%|███▎      | 82/250 [02:29<05:05,  0.55it/s][A
Validation DataLoader 0:  33%|███▎      | 83/250 [02:31<05:03,  0.55it/s][A
Validation DataLoader 0:  34%|███▎      | 84/250 [02:32<05:02,  0.55it/s][A
Validation DataLoader 0:  34%|███▍      | 85/250 [02:34<05:00,  0.55it/s][A
Validation DataLoader 0:  34%|███▍      | 86/250 [02:36<04:58,  0.55it/s][A
Validation DataLoader 0:  35%|███▍      | 87/250 [02:38<04:56,  0.55it/s][A
Validation DataLoader 0:  35%|███▌      | 88/250 [02:40<04:54,  0.55it/s][A
Validation DataLoader 0:  36%|███▌      | 89/250 [02:41<04:52,  0.55it/s][A
Validation DataLoader 0:  36%|███▌      | 90/250 [02:43<04:50,  0.55it/s][A
Validation DataLoader 0:  36%|███▋      | 91/250 [02:45<04:49,  0.55it/s][A
Validation DataLoader 0:  37%|███▋      | 92/250 [02:47<04:47,  0.55it/s][A
Validation DataLoader 0:  37%|███▋      | 93/250 [02:49<04:45,  0.55it/s][A
Validation DataLoader 0:  38%|███▊      | 94/250 [02:50<04:43,  0.55it/s][A
Validation DataLoader 0:  38%|███▊      | 95/250 [02:52<04:41,  0.55it/s][A
Validation DataLoader 0:  38%|███▊      | 96/250 [02:54<04:40,  0.55it/s][A
Validation DataLoader 0:  39%|███▉      | 97/250 [02:56<04:38,  0.55it/s][A
Validation DataLoader 0:  39%|███▉      | 98/250 [02:58<04:36,  0.55it/s][A
Validation DataLoader 0:  40%|███▉      | 99/250 [03:00<04:34,  0.55it/s][A
Validation DataLoader 0:  40%|████      | 100/250 [03:01<04:32,  0.55it/s][A
Validation DataLoader 0:  40%|████      | 101/250 [03:03<04:30,  0.55it/s][A
Validation DataLoader 0:  41%|████      | 102/250 [03:05<04:29,  0.55it/s][A
Validation DataLoader 0:  41%|████      | 103/250 [03:07<04:27,  0.55it/s][A
Validation DataLoader 0:  42%|████▏     | 104/250 [03:09<04:25,  0.55it/s][A
Validation DataLoader 0:  42%|████▏     | 105/250 [03:10<04:23,  0.55it/s][A
Validation DataLoader 0:  42%|████▏     | 106/250 [03:12<04:21,  0.55it/s][A
Validation DataLoader 0:  43%|████▎     | 107/250 [03:14<04:19,  0.55it/s][A
Validation DataLoader 0:  43%|████▎     | 108/250 [03:16<04:17,  0.55it/s][A
Validation DataLoader 0:  44%|████▎     | 109/250 [03:18<04:16,  0.55it/s][A
Validation DataLoader 0:  44%|████▍     | 110/250 [03:19<04:14,  0.55it/s][A
Validation DataLoader 0:  44%|████▍     | 111/250 [03:21<04:12,  0.55it/s][A
Validation DataLoader 0:  45%|████▍     | 112/250 [03:23<04:10,  0.55it/s][A
Validation DataLoader 0:  45%|████▌     | 113/250 [03:25<04:08,  0.55it/s][A
Validation DataLoader 0:  46%|████▌     | 114/250 [03:27<04:07,  0.55it/s][A
Validation DataLoader 0:  46%|████▌     | 115/250 [03:28<04:05,  0.55it/s][A
Validation DataLoader 0:  46%|████▋     | 116/250 [03:30<04:03,  0.55it/s][A
Validation DataLoader 0:  47%|████▋     | 117/250 [03:32<04:01,  0.55it/s][A
Validation DataLoader 0:  47%|████▋     | 118/250 [03:34<03:59,  0.55it/s][A
Validation DataLoader 0:  48%|████▊     | 119/250 [03:36<03:57,  0.55it/s][A
Validation DataLoader 0:  48%|████▊     | 120/250 [03:37<03:56,  0.55it/s][A
Validation DataLoader 0:  48%|████▊     | 121/250 [03:39<03:54,  0.55it/s][A
Validation DataLoader 0:  49%|████▉     | 122/250 [03:41<03:52,  0.55it/s][A
Validation DataLoader 0:  49%|████▉     | 123/250 [03:43<03:50,  0.55it/s][A
Validation DataLoader 0:  50%|████▉     | 124/250 [03:45<03:48,  0.55it/s][A
Validation DataLoader 0:  50%|█████     | 125/250 [03:46<03:46,  0.55it/s][A
Validation DataLoader 0:  50%|█████     | 126/250 [03:48<03:44,  0.55it/s][A
Validation DataLoader 0:  51%|█████     | 127/250 [03:50<03:43,  0.55it/s][A
Validation DataLoader 0:  51%|█████     | 128/250 [03:52<03:41,  0.55it/s][A
Validation DataLoader 0:  52%|█████▏    | 129/250 [03:53<03:39,  0.55it/s][A
Validation DataLoader 0:  52%|█████▏    | 130/250 [03:55<03:37,  0.55it/s][A
Validation DataLoader 0:  52%|█████▏    | 131/250 [03:57<03:35,  0.55it/s][A
Validation DataLoader 0:  53%|█████▎    | 132/250 [03:59<03:33,  0.55it/s][A
Validation DataLoader 0:  53%|█████▎    | 133/250 [04:00<03:31,  0.55it/s][A
Validation DataLoader 0:  54%|█████▎    | 134/250 [04:02<03:30,  0.55it/s][A
Validation DataLoader 0:  54%|█████▍    | 135/250 [04:04<03:28,  0.55it/s][A
Validation DataLoader 0:  54%|█████▍    | 136/250 [04:06<03:26,  0.55it/s][A
Validation DataLoader 0:  55%|█████▍    | 137/250 [04:08<03:24,  0.55it/s][A
Validation DataLoader 0:  55%|█████▌    | 138/250 [04:09<03:22,  0.55it/s][A
Validation DataLoader 0:  56%|█████▌    | 139/250 [04:11<03:21,  0.55it/s][A
Validation DataLoader 0:  56%|█████▌    | 140/250 [04:13<03:19,  0.55it/s][A
Validation DataLoader 0:  56%|█████▋    | 141/250 [04:15<03:17,  0.55it/s][A
Validation DataLoader 0:  57%|█████▋    | 142/250 [04:17<03:15,  0.55it/s][A
Validation DataLoader 0:  57%|█████▋    | 143/250 [04:19<03:14,  0.55it/s][A
Validation DataLoader 0:  58%|█████▊    | 144/250 [04:21<03:12,  0.55it/s][A
Validation DataLoader 0:  58%|█████▊    | 145/250 [04:22<03:10,  0.55it/s][A
Validation DataLoader 0:  58%|█████▊    | 146/250 [04:24<03:08,  0.55it/s][A
Validation DataLoader 0:  59%|█████▉    | 147/250 [04:26<03:06,  0.55it/s][A
Validation DataLoader 0:  59%|█████▉    | 148/250 [04:28<03:04,  0.55it/s][A
Validation DataLoader 0:  60%|█████▉    | 149/250 [04:30<03:03,  0.55it/s][A
Validation DataLoader 0:  60%|██████    | 150/250 [04:32<03:01,  0.55it/s][A
Validation DataLoader 0:  60%|██████    | 151/250 [04:33<02:59,  0.55it/s][A
Validation DataLoader 0:  61%|██████    | 152/250 [04:35<02:57,  0.55it/s][A
Validation DataLoader 0:  61%|██████    | 153/250 [04:37<02:55,  0.55it/s][A
Validation DataLoader 0:  62%|██████▏   | 154/250 [04:39<02:54,  0.55it/s][A
Validation DataLoader 0:  62%|██████▏   | 155/250 [04:41<02:52,  0.55it/s][A
Validation DataLoader 0:  62%|██████▏   | 156/250 [04:42<02:50,  0.55it/s][A
Validation DataLoader 0:  63%|██████▎   | 157/250 [04:44<02:48,  0.55it/s][A
Validation DataLoader 0:  63%|██████▎   | 158/250 [04:46<02:46,  0.55it/s][A
Validation DataLoader 0:  64%|██████▎   | 159/250 [04:48<02:45,  0.55it/s][A
Validation DataLoader 0:  64%|██████▍   | 160/250 [04:50<02:43,  0.55it/s][A
Validation DataLoader 0:  64%|██████▍   | 161/250 [04:51<02:41,  0.55it/s][A
Validation DataLoader 0:  65%|██████▍   | 162/250 [04:53<02:39,  0.55it/s][A
Validation DataLoader 0:  65%|██████▌   | 163/250 [04:55<02:37,  0.55it/s][A
Validation DataLoader 0:  66%|██████▌   | 164/250 [04:57<02:35,  0.55it/s][A
Validation DataLoader 0:  66%|██████▌   | 165/250 [04:59<02:34,  0.55it/s][A
Validation DataLoader 0:  66%|██████▋   | 166/250 [05:01<02:32,  0.55it/s][A
Validation DataLoader 0:  67%|██████▋   | 167/250 [05:03<02:30,  0.55it/s][A
Validation DataLoader 0:  67%|██████▋   | 168/250 [05:04<02:28,  0.55it/s][A
Validation DataLoader 0:  68%|██████▊   | 169/250 [05:06<02:26,  0.55it/s][A
Validation DataLoader 0:  68%|██████▊   | 170/250 [05:08<02:25,  0.55it/s][A
Validation DataLoader 0:  68%|██████▊   | 171/250 [05:10<02:23,  0.55it/s][A
Validation DataLoader 0:  69%|██████▉   | 172/250 [05:12<02:21,  0.55it/s][A
Validation DataLoader 0:  69%|██████▉   | 173/250 [05:13<02:19,  0.55it/s][A
Validation DataLoader 0:  70%|██████▉   | 174/250 [05:15<02:17,  0.55it/s][A
Validation DataLoader 0:  70%|███████   | 175/250 [05:17<02:16,  0.55it/s][A
Validation DataLoader 0:  70%|███████   | 176/250 [05:19<02:14,  0.55it/s][A
Validation DataLoader 0:  71%|███████   | 177/250 [05:20<02:12,  0.55it/s][A
Validation DataLoader 0:  71%|███████   | 178/250 [05:22<02:10,  0.55it/s][A
Validation DataLoader 0:  72%|███████▏  | 179/250 [05:24<02:08,  0.55it/s][A
Validation DataLoader 0:  72%|███████▏  | 180/250 [05:26<02:07,  0.55it/s][A
Validation DataLoader 0:  72%|███████▏  | 181/250 [05:28<02:05,  0.55it/s][A
Validation DataLoader 0:  73%|███████▎  | 182/250 [05:30<02:03,  0.55it/s][A
Validation DataLoader 0:  73%|███████▎  | 183/250 [05:31<02:01,  0.55it/s][A
Validation DataLoader 0:  74%|███████▎  | 184/250 [05:33<01:59,  0.55it/s][A
Validation DataLoader 0:  74%|███████▍  | 185/250 [05:35<01:57,  0.55it/s][A
Validation DataLoader 0:  74%|███████▍  | 186/250 [05:37<01:56,  0.55it/s][A
Validation DataLoader 0:  75%|███████▍  | 187/250 [05:39<01:54,  0.55it/s][A
Validation DataLoader 0:  75%|███████▌  | 188/250 [05:40<01:52,  0.55it/s][A
Validation DataLoader 0:  76%|███████▌  | 189/250 [05:42<01:50,  0.55it/s][A
Validation DataLoader 0:  76%|███████▌  | 190/250 [05:44<01:48,  0.55it/s][A
Validation DataLoader 0:  76%|███████▋  | 191/250 [05:46<01:46,  0.55it/s][A
Validation DataLoader 0:  77%|███████▋  | 192/250 [05:48<01:45,  0.55it/s][A
Validation DataLoader 0:  77%|███████▋  | 193/250 [05:49<01:43,  0.55it/s][A
Validation DataLoader 0:  78%|███████▊  | 194/250 [05:51<01:41,  0.55it/s][A
Validation DataLoader 0:  78%|███████▊  | 195/250 [05:53<01:39,  0.55it/s][A
Validation DataLoader 0:  78%|███████▊  | 196/250 [05:55<01:37,  0.55it/s][A
Validation DataLoader 0:  79%|███████▉  | 197/250 [05:56<01:36,  0.55it/s][A
Validation DataLoader 0:  79%|███████▉  | 198/250 [05:58<01:34,  0.55it/s][A
Validation DataLoader 0:  80%|███████▉  | 199/250 [06:00<01:32,  0.55it/s][A
Validation DataLoader 0:  80%|████████  | 200/250 [06:02<01:30,  0.55it/s][A
Validation DataLoader 0:  80%|████████  | 201/250 [06:04<01:28,  0.55it/s][A
Validation DataLoader 0:  81%|████████  | 202/250 [06:05<01:26,  0.55it/s][A
Validation DataLoader 0:  81%|████████  | 203/250 [06:07<01:25,  0.55it/s][A
Validation DataLoader 0:  82%|████████▏ | 204/250 [06:09<01:23,  0.55it/s][A
Validation DataLoader 0:  82%|████████▏ | 205/250 [06:11<01:21,  0.55it/s][A
Validation DataLoader 0:  82%|████████▏ | 206/250 [06:13<01:19,  0.55it/s][A
Validation DataLoader 0:  83%|████████▎ | 207/250 [06:14<01:17,  0.55it/s][A
Validation DataLoader 0:  83%|████████▎ | 208/250 [06:16<01:16,  0.55it/s][A
Validation DataLoader 0:  84%|████████▎ | 209/250 [06:18<01:14,  0.55it/s][A
Validation DataLoader 0:  84%|████████▍ | 210/250 [06:20<01:12,  0.55it/s][A
Validation DataLoader 0:  84%|████████▍ | 211/250 [06:22<01:10,  0.55it/s][A
Validation DataLoader 0:  85%|████████▍ | 212/250 [06:24<01:08,  0.55it/s][A
Validation DataLoader 0:  85%|████████▌ | 213/250 [06:26<01:07,  0.55it/s][A
Validation DataLoader 0:  86%|████████▌ | 214/250 [06:27<01:05,  0.55it/s][A
Validation DataLoader 0:  86%|████████▌ | 215/250 [06:29<01:03,  0.55it/s][A
Validation DataLoader 0:  86%|████████▋ | 216/250 [06:31<01:01,  0.55it/s][A
Validation DataLoader 0:  87%|████████▋ | 217/250 [06:33<00:59,  0.55it/s][A
Validation DataLoader 0:  87%|████████▋ | 218/250 [06:35<00:58,  0.55it/s][A
Validation DataLoader 0:  88%|████████▊ | 219/250 [06:36<00:56,  0.55it/s][A
Validation DataLoader 0:  88%|████████▊ | 220/250 [06:38<00:54,  0.55it/s][A
Validation DataLoader 0:  88%|████████▊ | 221/250 [06:40<00:52,  0.55it/s][A
Validation DataLoader 0:  89%|████████▉ | 222/250 [06:42<00:50,  0.55it/s][A
Validation DataLoader 0:  89%|████████▉ | 223/250 [06:44<00:48,  0.55it/s][A
Validation DataLoader 0:  90%|████████▉ | 224/250 [06:45<00:47,  0.55it/s][A
Validation DataLoader 0:  90%|█████████ | 225/250 [06:47<00:45,  0.55it/s][A
Validation DataLoader 0:  90%|█████████ | 226/250 [06:49<00:43,  0.55it/s][A
Validation DataLoader 0:  91%|█████████ | 227/250 [06:51<00:41,  0.55it/s][A
Validation DataLoader 0:  91%|█████████ | 228/250 [06:53<00:39,  0.55it/s][A
Validation DataLoader 0:  92%|█████████▏| 229/250 [06:54<00:38,  0.55it/s][A
Validation DataLoader 0:  92%|█████████▏| 230/250 [06:56<00:36,  0.55it/s][A
Validation DataLoader 0:  92%|█████████▏| 231/250 [06:58<00:34,  0.55it/s][A
Validation DataLoader 0:  93%|█████████▎| 232/250 [07:00<00:32,  0.55it/s][A
Validation DataLoader 0:  93%|█████████▎| 233/250 [07:02<00:30,  0.55it/s][A
Validation DataLoader 0:  94%|█████████▎| 234/250 [07:04<00:29,  0.55it/s][A
Validation DataLoader 0:  94%|█████████▍| 235/250 [07:05<00:27,  0.55it/s][A
Validation DataLoader 0:  94%|█████████▍| 236/250 [07:07<00:25,  0.55it/s][A
Validation DataLoader 0:  95%|█████████▍| 237/250 [07:09<00:23,  0.55it/s][A
Validation DataLoader 0:  95%|█████████▌| 238/250 [07:11<00:21,  0.55it/s][A
Validation DataLoader 0:  96%|█████████▌| 239/250 [07:13<00:19,  0.55it/s][A
Validation DataLoader 0:  96%|█████████▌| 240/250 [07:14<00:18,  0.55it/s][A
Validation DataLoader 0:  96%|█████████▋| 241/250 [07:16<00:16,  0.55it/s][A
Validation DataLoader 0:  97%|█████████▋| 242/250 [07:18<00:14,  0.55it/s][A
Validation DataLoader 0:  97%|█████████▋| 243/250 [07:20<00:12,  0.55it/s][A
Validation DataLoader 0:  98%|█████████▊| 244/250 [07:21<00:10,  0.55it/s][A
Validation DataLoader 0:  98%|█████████▊| 245/250 [07:23<00:09,  0.55it/s][A
Validation DataLoader 0:  98%|█████████▊| 246/250 [07:25<00:07,  0.55it/s][A
Validation DataLoader 0:  99%|█████████▉| 247/250 [07:27<00:05,  0.55it/s][A
Validation DataLoader 0:  99%|█████████▉| 248/250 [07:28<00:03,  0.55it/s][A
Validation DataLoader 0: 100%|█████████▉| 249/250 [07:30<00:01,  0.55it/s][A
Validation DataLoader 0: 100%|██████████| 250/250 [07:32<00:00,  0.55it/s][A
Validation DataLoader 0:   0%|          | 0/250 [00:00<?, ?it/s][A
Validation DataLoader 0:   0%|          | 1/250 [00:01<07:49,  0.53it/s][A
Validation DataLoader 0:   1%|          | 2/250 [00:03<07:25,  0.56it/s][A
Validation DataLoader 0:   1%|          | 3/250 [00:05<07:31,  0.55it/s][A
Validation DataLoader 0:   2%|▏         | 4/250 [00:07<07:22,  0.56it/s][A
Validation DataLoader 0:   2%|▏         | 5/250 [00:09<07:24,  0.55it/s][A
Validation DataLoader 0:   2%|▏         | 6/250 [00:10<07:25,  0.55it/s][A
Validation DataLoader 0:   3%|▎         | 7/250 [00:12<07:21,  0.55it/s][A
Validation DataLoader 0:   3%|▎         | 8/250 [00:14<07:18,  0.55it/s][A
Validation DataLoader 0:   4%|▎         | 9/250 [00:16<07:17,  0.55it/s][A
Validation DataLoader 0:   4%|▍         | 10/250 [00:18<07:13,  0.55it/s][A
Validation DataLoader 0:   4%|▍         | 11/250 [00:19<07:12,  0.55it/s][A
Validation DataLoader 0:   5%|▍         | 12/250 [00:21<07:09,  0.55it/s][A
Validation DataLoader 0:   5%|▌         | 13/250 [00:23<07:08,  0.55it/s][A
Validation DataLoader 0:   6%|▌         | 14/250 [00:25<07:05,  0.55it/s][A
Validation DataLoader 0:   6%|▌         | 15/250 [00:27<07:04,  0.55it/s][A
Validation DataLoader 0:   6%|▋         | 16/250 [00:28<07:03,  0.55it/s][A
Validation DataLoader 0:   7%|▋         | 17/250 [00:30<07:01,  0.55it/s][A
Validation DataLoader 0:   7%|▋         | 18/250 [00:32<07:00,  0.55it/s][A
Validation DataLoader 0:   8%|▊         | 19/250 [00:34<06:57,  0.55it/s][A
Validation DataLoader 0:   8%|▊         | 20/250 [00:36<06:56,  0.55it/s][A
Validation DataLoader 0:   8%|▊         | 21/250 [00:38<06:55,  0.55it/s][A
Validation DataLoader 0:   9%|▉         | 22/250 [00:39<06:53,  0.55it/s][A
Validation DataLoader 0:   9%|▉         | 23/250 [00:41<06:51,  0.55it/s][A
Validation DataLoader 0:  10%|▉         | 24/250 [00:43<06:50,  0.55it/s][A
Validation DataLoader 0:  10%|█         | 25/250 [00:45<06:48,  0.55it/s][A
Validation DataLoader 0:  10%|█         | 26/250 [00:47<06:47,  0.55it/s][A
Validation DataLoader 0:  11%|█         | 27/250 [00:49<06:46,  0.55it/s][A
Validation DataLoader 0:  11%|█         | 28/250 [00:50<06:43,  0.55it/s][A
Validation DataLoader 0:  12%|█▏        | 29/250 [00:52<06:42,  0.55it/s][A
Validation DataLoader 0:  12%|█▏        | 30/250 [00:54<06:39,  0.55it/s][A
Validation DataLoader 0:  12%|█▏        | 31/250 [00:56<06:38,  0.55it/s][A
Validation DataLoader 0:  13%|█▎        | 32/250 [00:58<06:36,  0.55it/s][A
Validation DataLoader 0:  13%|█▎        | 33/250 [01:00<06:34,  0.55it/s][A
Validation DataLoader 0:  14%|█▎        | 34/250 [01:01<06:32,  0.55it/s][A
Validation DataLoader 0:  14%|█▍        | 35/250 [01:03<06:30,  0.55it/s][A
Validation DataLoader 0:  14%|█▍        | 36/250 [01:05<06:29,  0.55it/s][A
Validation DataLoader 0:  15%|█▍        | 37/250 [01:07<06:27,  0.55it/s][A
Validation DataLoader 0:  15%|█▌        | 38/250 [01:09<06:25,  0.55it/s][A
Validation DataLoader 0:  16%|█▌        | 39/250 [01:10<06:23,  0.55it/s][A
Validation DataLoader 0:  16%|█▌        | 40/250 [01:12<06:21,  0.55it/s][A
Validation DataLoader 0:  16%|█▋        | 41/250 [01:14<06:19,  0.55it/s][A
Validation DataLoader 0:  17%|█▋        | 42/250 [01:16<06:17,  0.55it/s][A
Validation DataLoader 0:  17%|█▋        | 43/250 [01:18<06:16,  0.55it/s][A
Validation DataLoader 0:  18%|█▊        | 44/250 [01:19<06:14,  0.55it/s][A
Validation DataLoader 0:  18%|█▊        | 45/250 [01:21<06:12,  0.55it/s][A
Validation DataLoader 0:  18%|█▊        | 46/250 [01:23<06:10,  0.55it/s][A
Validation DataLoader 0:  19%|█▉        | 47/250 [01:25<06:09,  0.55it/s][A
Validation DataLoader 0:  19%|█▉        | 48/250 [01:27<06:08,  0.55it/s][A
Validation DataLoader 0:  20%|█▉        | 49/250 [01:29<06:05,  0.55it/s][A
Validation DataLoader 0:  20%|██        | 50/250 [01:31<06:04,  0.55it/s][A
Validation DataLoader 0:  20%|██        | 51/250 [01:32<06:02,  0.55it/s][A
Validation DataLoader 0:  21%|██        | 52/250 [01:34<06:00,  0.55it/s][A
Validation DataLoader 0:  21%|██        | 53/250 [01:36<05:58,  0.55it/s][A
Validation DataLoader 0:  22%|██▏       | 54/250 [01:38<05:56,  0.55it/s][A
Validation DataLoader 0:  22%|██▏       | 55/250 [01:40<05:55,  0.55it/s][A
Validation DataLoader 0:  22%|██▏       | 56/250 [01:42<05:53,  0.55it/s][A
Validation DataLoader 0:  23%|██▎       | 57/250 [01:43<05:51,  0.55it/s][A
Validation DataLoader 0:  23%|██▎       | 58/250 [01:45<05:49,  0.55it/s][A
Validation DataLoader 0:  24%|██▎       | 59/250 [01:47<05:47,  0.55it/s][A
Validation DataLoader 0:  24%|██▍       | 60/250 [01:49<05:45,  0.55it/s][A
Validation DataLoader 0:  24%|██▍       | 61/250 [01:50<05:43,  0.55it/s][A
Validation DataLoader 0:  25%|██▍       | 62/250 [01:52<05:42,  0.55it/s][A
Validation DataLoader 0:  25%|██▌       | 63/250 [01:54<05:40,  0.55it/s][A
Validation DataLoader 0:  26%|██▌       | 64/250 [01:56<05:38,  0.55it/s][A
Validation DataLoader 0:  26%|██▌       | 65/250 [01:58<05:36,  0.55it/s][A
Validation DataLoader 0:  26%|██▋       | 66/250 [02:00<05:34,  0.55it/s][A
Validation DataLoader 0:  27%|██▋       | 67/250 [02:02<05:33,  0.55it/s][A
Validation DataLoader 0:  27%|██▋       | 68/250 [02:03<05:31,  0.55it/s][A
Validation DataLoader 0:  28%|██▊       | 69/250 [02:05<05:29,  0.55it/s][A
Validation DataLoader 0:  28%|██▊       | 70/250 [02:07<05:27,  0.55it/s][A
Validation DataLoader 0:  28%|██▊       | 71/250 [02:09<05:25,  0.55it/s][A
Validation DataLoader 0:  29%|██▉       | 72/250 [02:10<05:23,  0.55it/s][A
Validation DataLoader 0:  29%|██▉       | 73/250 [02:12<05:22,  0.55it/s][A
Validation DataLoader 0:  30%|██▉       | 74/250 [02:14<05:20,  0.55it/s][A
Validation DataLoader 0:  30%|███       | 75/250 [02:16<05:18,  0.55it/s][A
Validation DataLoader 0:  30%|███       | 76/250 [02:18<05:17,  0.55it/s][A
Validation DataLoader 0:  31%|███       | 77/250 [02:20<05:15,  0.55it/s][A
Validation DataLoader 0:  31%|███       | 78/250 [02:22<05:13,  0.55it/s][A
Validation DataLoader 0:  32%|███▏      | 79/250 [02:23<05:11,  0.55it/s][A
Validation DataLoader 0:  32%|███▏      | 80/250 [02:25<05:09,  0.55it/s][A
Validation DataLoader 0:  32%|███▏      | 81/250 [02:27<05:07,  0.55it/s][A
Validation DataLoader 0:  33%|███▎      | 82/250 [02:29<05:05,  0.55it/s][A
Validation DataLoader 0:  33%|███▎      | 83/250 [02:30<05:03,  0.55it/s][A
Validation DataLoader 0:  34%|███▎      | 84/250 [02:32<05:01,  0.55it/s][A
Validation DataLoader 0:  34%|███▍      | 85/250 [02:34<05:00,  0.55it/s][A
Validation DataLoader 0:  34%|███▍      | 86/250 [02:36<04:58,  0.55it/s][A
Validation DataLoader 0:  35%|███▍      | 87/250 [02:38<04:56,  0.55it/s][A
Validation DataLoader 0:  35%|███▌      | 88/250 [02:39<04:54,  0.55it/s][A
Validation DataLoader 0:  36%|███▌      | 89/250 [02:41<04:52,  0.55it/s][A
Validation DataLoader 0:  36%|███▌      | 90/250 [02:43<04:50,  0.55it/s][A
Validation DataLoader 0:  36%|███▋      | 91/250 [02:45<04:48,  0.55it/s][A
Validation DataLoader 0:  37%|███▋      | 92/250 [02:47<04:47,  0.55it/s][A
Validation DataLoader 0:  37%|███▋      | 93/250 [02:49<04:45,  0.55it/s][A
Validation DataLoader 0:  38%|███▊      | 94/250 [02:50<04:43,  0.55it/s][A
Validation DataLoader 0:  38%|███▊      | 95/250 [02:52<04:41,  0.55it/s][A
Validation DataLoader 0:  38%|███▊      | 96/250 [02:54<04:39,  0.55it/s][A
Validation DataLoader 0:  39%|███▉      | 97/250 [02:56<04:38,  0.55it/s][A
Validation DataLoader 0:  39%|███▉      | 98/250 [02:58<04:36,  0.55it/s][A
Validation DataLoader 0:  40%|███▉      | 99/250 [03:00<04:34,  0.55it/s][A
Validation DataLoader 0:  40%|████      | 100/250 [03:01<04:32,  0.55it/s][A
Validation DataLoader 0:  40%|████      | 101/250 [03:03<04:30,  0.55it/s][A
Validation DataLoader 0:  41%|████      | 102/250 [03:05<04:29,  0.55it/s][A
Validation DataLoader 0:  41%|████      | 103/250 [03:07<04:27,  0.55it/s][A
Validation DataLoader 0:  42%|████▏     | 104/250 [03:09<04:25,  0.55it/s][A
Validation DataLoader 0:  42%|████▏     | 105/250 [03:10<04:23,  0.55it/s][A
Validation DataLoader 0:  42%|████▏     | 106/250 [03:12<04:21,  0.55it/s][A
Validation DataLoader 0:  43%|████▎     | 107/250 [03:14<04:19,  0.55it/s][A
Validation DataLoader 0:  43%|████▎     | 108/250 [03:16<04:17,  0.55it/s][A
Validation DataLoader 0:  44%|████▎     | 109/250 [03:18<04:16,  0.55it/s][A
Validation DataLoader 0:  44%|████▍     | 110/250 [03:19<04:14,  0.55it/s][A
Validation DataLoader 0:  44%|████▍     | 111/250 [03:21<04:12,  0.55it/s][A
Validation DataLoader 0:  45%|████▍     | 112/250 [03:23<04:10,  0.55it/s][A
Validation DataLoader 0:  45%|████▌     | 113/250 [03:25<04:08,  0.55it/s][A
Validation DataLoader 0:  46%|████▌     | 114/250 [03:27<04:07,  0.55it/s][A
Validation DataLoader 0:  46%|████▌     | 115/250 [03:28<04:05,  0.55it/s][A
Validation DataLoader 0:  46%|████▋     | 116/250 [03:30<04:03,  0.55it/s][A
Validation DataLoader 0:  47%|████▋     | 117/250 [03:32<04:01,  0.55it/s][A
Validation DataLoader 0:  47%|████▋     | 118/250 [03:34<03:59,  0.55it/s][A
Validation DataLoader 0:  48%|████▊     | 119/250 [03:36<03:58,  0.55it/s][A
Validation DataLoader 0:  48%|████▊     | 120/250 [03:37<03:56,  0.55it/s][A
Validation DataLoader 0:  48%|████▊     | 121/250 [03:39<03:54,  0.55it/s][A
Validation DataLoader 0:  49%|████▉     | 122/250 [03:41<03:52,  0.55it/s][A
Validation DataLoader 0:  49%|████▉     | 123/250 [03:43<03:50,  0.55it/s][A
Validation DataLoader 0:  50%|████▉     | 124/250 [03:45<03:48,  0.55it/s][A
Validation DataLoader 0:  50%|█████     | 125/250 [03:46<03:46,  0.55it/s][A
Validation DataLoader 0:  50%|█████     | 126/250 [03:48<03:44,  0.55it/s][A
Validation DataLoader 0:  51%|█████     | 127/250 [03:50<03:43,  0.55it/s][A
Validation DataLoader 0:  51%|█████     | 128/250 [03:52<03:41,  0.55it/s][A
Validation DataLoader 0:  52%|█████▏    | 129/250 [03:53<03:39,  0.55it/s][A
Validation DataLoader 0:  52%|█████▏    | 130/250 [03:55<03:37,  0.55it/s][A
Validation DataLoader 0:  52%|█████▏    | 131/250 [03:57<03:35,  0.55it/s][A
Validation DataLoader 0:  53%|█████▎    | 132/250 [03:59<03:33,  0.55it/s][A
Validation DataLoader 0:  53%|█████▎    | 133/250 [04:00<03:31,  0.55it/s][A
Validation DataLoader 0:  54%|█████▎    | 134/250 [04:02<03:30,  0.55it/s][A
Validation DataLoader 0:  54%|█████▍    | 135/250 [04:04<03:28,  0.55it/s][A
Validation DataLoader 0:  54%|█████▍    | 136/250 [04:06<03:26,  0.55it/s][A
Validation DataLoader 0:  55%|█████▍    | 137/250 [04:08<03:24,  0.55it/s][A
Validation DataLoader 0:  55%|█████▌    | 138/250 [04:09<03:22,  0.55it/s][A
Validation DataLoader 0:  56%|█████▌    | 139/250 [04:12<03:21,  0.55it/s][A
Validation DataLoader 0:  56%|█████▌    | 140/250 [04:13<03:19,  0.55it/s][A
Validation DataLoader 0:  56%|█████▋    | 141/250 [04:15<03:17,  0.55it/s][A
Validation DataLoader 0:  57%|█████▋    | 142/250 [04:17<03:15,  0.55it/s][A
Validation DataLoader 0:  57%|█████▋    | 143/250 [04:19<03:14,  0.55it/s][A
Validation DataLoader 0:  58%|█████▊    | 144/250 [04:21<03:12,  0.55it/s][A
Validation DataLoader 0:  58%|█████▊    | 145/250 [04:23<03:10,  0.55it/s][A
Validation DataLoader 0:  58%|█████▊    | 146/250 [04:25<03:08,  0.55it/s][A
Validation DataLoader 0:  59%|█████▉    | 147/250 [04:26<03:06,  0.55it/s][A
Validation DataLoader 0:  59%|█████▉    | 148/250 [04:28<03:05,  0.55it/s][A
Validation DataLoader 0:  60%|█████▉    | 149/250 [04:30<03:03,  0.55it/s][A
Validation DataLoader 0:  60%|██████    | 150/250 [04:32<03:01,  0.55it/s][A
Validation DataLoader 0:  60%|██████    | 151/250 [04:34<02:59,  0.55it/s][A
Validation DataLoader 0:  61%|██████    | 152/250 [04:35<02:57,  0.55it/s][A
Validation DataLoader 0:  61%|██████    | 153/250 [04:37<02:56,  0.55it/s][A
Validation DataLoader 0:  62%|██████▏   | 154/250 [04:39<02:54,  0.55it/s][A
Validation DataLoader 0:  62%|██████▏   | 155/250 [04:41<02:52,  0.55it/s][A
Validation DataLoader 0:  62%|██████▏   | 156/250 [04:43<02:50,  0.55it/s][A
Validation DataLoader 0:  63%|██████▎   | 157/250 [04:44<02:48,  0.55it/s][A
Validation DataLoader 0:  63%|██████▎   | 158/250 [04:46<02:47,  0.55it/s][A
Validation DataLoader 0:  64%|██████▎   | 159/250 [04:48<02:45,  0.55it/s][A
Validation DataLoader 0:  64%|██████▍   | 160/250 [04:50<02:43,  0.55it/s][A
Validation DataLoader 0:  64%|██████▍   | 161/250 [04:52<02:41,  0.55it/s][A
Validation DataLoader 0:  65%|██████▍   | 162/250 [04:54<02:39,  0.55it/s][A
Validation DataLoader 0:  65%|██████▌   | 163/250 [04:55<02:37,  0.55it/s][A
Validation DataLoader 0:  66%|██████▌   | 164/250 [04:57<02:36,  0.55it/s][A
Validation DataLoader 0:  66%|██████▌   | 165/250 [04:59<02:34,  0.55it/s][A
Validation DataLoader 0:  66%|██████▋   | 166/250 [05:01<02:32,  0.55it/s][A
Validation DataLoader 0:  67%|██████▋   | 167/250 [05:03<02:30,  0.55it/s][A
Validation DataLoader 0:  67%|██████▋   | 168/250 [05:04<02:28,  0.55it/s][A
Validation DataLoader 0:  68%|██████▊   | 169/250 [05:06<02:26,  0.55it/s][A
Validation DataLoader 0:  68%|██████▊   | 170/250 [05:08<02:25,  0.55it/s][A
Validation DataLoader 0:  68%|██████▊   | 171/250 [05:10<02:23,  0.55it/s][A
Validation DataLoader 0:  69%|██████▉   | 172/250 [05:11<02:21,  0.55it/s][A
Validation DataLoader 0:  69%|██████▉   | 173/250 [05:13<02:19,  0.55it/s][A
Validation DataLoader 0:  70%|██████▉   | 174/250 [05:15<02:17,  0.55it/s][A
Validation DataLoader 0:  70%|███████   | 175/250 [05:17<02:15,  0.55it/s][A
Validation DataLoader 0:  70%|███████   | 176/250 [05:19<02:14,  0.55it/s][A
Validation DataLoader 0:  71%|███████   | 177/250 [05:20<02:12,  0.55it/s][A
Validation DataLoader 0:  71%|███████   | 178/250 [05:22<02:10,  0.55it/s][A
Validation DataLoader 0:  72%|███████▏  | 179/250 [05:24<02:08,  0.55it/s][A
Validation DataLoader 0:  72%|███████▏  | 180/250 [05:26<02:06,  0.55it/s][A
Validation DataLoader 0:  72%|███████▏  | 181/250 [05:28<02:05,  0.55it/s][A
Validation DataLoader 0:  73%|███████▎  | 182/250 [05:30<02:03,  0.55it/s][A
Validation DataLoader 0:  73%|███████▎  | 183/250 [05:31<02:01,  0.55it/s][A
Validation DataLoader 0:  74%|███████▎  | 184/250 [05:33<01:59,  0.55it/s][A
Validation DataLoader 0:  74%|███████▍  | 185/250 [05:35<01:57,  0.55it/s][A
Validation DataLoader 0:  74%|███████▍  | 186/250 [05:37<01:56,  0.55it/s][A
Validation DataLoader 0:  75%|███████▍  | 187/250 [05:38<01:54,  0.55it/s][A
Validation DataLoader 0:  75%|███████▌  | 188/250 [05:40<01:52,  0.55it/s][A
Validation DataLoader 0:  76%|███████▌  | 189/250 [05:42<01:50,  0.55it/s][A
Validation DataLoader 0:  76%|███████▌  | 190/250 [05:44<01:48,  0.55it/s][A
Validation DataLoader 0:  76%|███████▋  | 191/250 [05:46<01:46,  0.55it/s][A
Validation DataLoader 0:  77%|███████▋  | 192/250 [05:48<01:45,  0.55it/s][A
Validation DataLoader 0:  77%|███████▋  | 193/250 [05:49<01:43,  0.55it/s][A
Validation DataLoader 0:  78%|███████▊  | 194/250 [05:51<01:41,  0.55it/s][A
Validation DataLoader 0:  78%|███████▊  | 195/250 [05:53<01:39,  0.55it/s][A
Validation DataLoader 0:  78%|███████▊  | 196/250 [05:55<01:37,  0.55it/s][A
Validation DataLoader 0:  79%|███████▉  | 197/250 [05:56<01:36,  0.55it/s][A
Validation DataLoader 0:  79%|███████▉  | 198/250 [05:58<01:34,  0.55it/s][A
Validation DataLoader 0:  80%|███████▉  | 199/250 [06:00<01:32,  0.55it/s][A
Validation DataLoader 0:  80%|████████  | 200/250 [06:02<01:30,  0.55it/s][A
Validation DataLoader 0:  80%|████████  | 201/250 [06:04<01:28,  0.55it/s][A
Validation DataLoader 0:  81%|████████  | 202/250 [06:06<01:26,  0.55it/s][A
Validation DataLoader 0:  81%|████████  | 203/250 [06:07<01:25,  0.55it/s][A
Validation DataLoader 0:  82%|████████▏ | 204/250 [06:09<01:23,  0.55it/s][A
Validation DataLoader 0:  82%|████████▏ | 205/250 [06:11<01:21,  0.55it/s][A
Validation DataLoader 0:  82%|████████▏ | 206/250 [06:13<01:19,  0.55it/s][A
Validation DataLoader 0:  83%|████████▎ | 207/250 [06:14<01:17,  0.55it/s][A
Validation DataLoader 0:  83%|████████▎ | 208/250 [06:16<01:16,  0.55it/s][A
Validation DataLoader 0:  84%|████████▎ | 209/250 [06:18<01:14,  0.55it/s][A
Validation DataLoader 0:  84%|████████▍ | 210/250 [06:20<01:12,  0.55it/s][A
Validation DataLoader 0:  84%|████████▍ | 211/250 [06:22<01:10,  0.55it/s][A
Validation DataLoader 0:  85%|████████▍ | 212/250 [06:24<01:08,  0.55it/s][A
Validation DataLoader 0:  85%|████████▌ | 213/250 [06:26<01:07,  0.55it/s][A
Validation DataLoader 0:  86%|████████▌ | 214/250 [06:27<01:05,  0.55it/s][A
Validation DataLoader 0:  86%|████████▌ | 215/250 [06:29<01:03,  0.55it/s][A
Validation DataLoader 0:  86%|████████▋ | 216/250 [06:31<01:01,  0.55it/s][A
Validation DataLoader 0:  87%|████████▋ | 217/250 [06:33<00:59,  0.55it/s][A
Validation DataLoader 0:  87%|████████▋ | 218/250 [06:35<00:58,  0.55it/s][A
Validation DataLoader 0:  88%|████████▊ | 219/250 [06:37<00:56,  0.55it/s][A
Validation DataLoader 0:  88%|████████▊ | 220/250 [06:38<00:54,  0.55it/s][A
Validation DataLoader 0:  88%|████████▊ | 221/250 [06:40<00:52,  0.55it/s][A
Validation DataLoader 0:  89%|████████▉ | 222/250 [06:42<00:50,  0.55it/s][A
Validation DataLoader 0:  89%|████████▉ | 223/250 [06:44<00:48,  0.55it/s][A
Validation DataLoader 0:  90%|████████▉ | 224/250 [06:46<00:47,  0.55it/s][A
Validation DataLoader 0:  90%|█████████ | 225/250 [06:47<00:45,  0.55it/s][A
Validation DataLoader 0:  90%|█████████ | 226/250 [06:49<00:43,  0.55it/s][A
Validation DataLoader 0:  91%|█████████ | 227/250 [06:51<00:41,  0.55it/s][A
Validation DataLoader 0:  91%|█████████ | 228/250 [06:53<00:39,  0.55it/s][A
Validation DataLoader 0:  92%|█████████▏| 229/250 [06:55<00:38,  0.55it/s][A
Validation DataLoader 0:  92%|█████████▏| 230/250 [06:56<00:36,  0.55it/s][A
Validation DataLoader 0:  92%|█████████▏| 231/250 [06:58<00:34,  0.55it/s][A
Validation DataLoader 0:  93%|█████████▎| 232/250 [07:00<00:32,  0.55it/s][A
Validation DataLoader 0:  93%|█████████▎| 233/250 [07:02<00:30,  0.55it/s][A
Validation DataLoader 0:  94%|█████████▎| 234/250 [07:04<00:29,  0.55it/s][A
Validation DataLoader 0:  94%|█████████▍| 235/250 [07:06<00:27,  0.55it/s][A
Validation DataLoader 0:  94%|█████████▍| 236/250 [07:08<00:25,  0.55it/s][A
Validation DataLoader 0:  95%|█████████▍| 237/250 [07:09<00:23,  0.55it/s][A
Validation DataLoader 0:  95%|█████████▌| 238/250 [07:11<00:21,  0.55it/s][A
Validation DataLoader 0:  96%|█████████▌| 239/250 [07:13<00:19,  0.55it/s][A
Validation DataLoader 0:  96%|█████████▌| 240/250 [07:15<00:18,  0.55it/s][A
Validation DataLoader 0:  96%|█████████▋| 241/250 [07:16<00:16,  0.55it/s][A
Validation DataLoader 0:  97%|█████████▋| 242/250 [07:18<00:14,  0.55it/s][A
Validation DataLoader 0:  97%|█████████▋| 243/250 [07:20<00:12,  0.55it/s][A
Validation DataLoader 0:  98%|█████████▊| 244/250 [07:22<00:10,  0.55it/s][A
Validation DataLoader 0:  98%|█████████▊| 245/250 [07:23<00:09,  0.55it/s][A
Validation DataLoader 0:  98%|█████████▊| 246/250 [07:25<00:07,  0.55it/s][A
Validation DataLoader 0:  99%|█████████▉| 247/250 [07:27<00:05,  0.55it/s][A
Validation DataLoader 0:  99%|█████████▉| 248/250 [07:29<00:03,  0.55it/s][A
Validation DataLoader 0: 100%|█████████▉| 249/250 [07:30<00:01,  0.55it/s][A
Validation DataLoader 0: 100%|██████████| 250/250 [07:32<00:00,  0.55it/s][A
Validation DataLoader 0:   0%|          | 0/250 [00:00<?, ?it/s][A
Validation DataLoader 0:   0%|          | 1/250 [00:02<10:44,  0.39it/s][A
Validation DataLoader 0:   1%|          | 2/250 [00:04<10:16,  0.40it/s][A
Validation DataLoader 0:   1%|          | 3/250 [00:07<10:19,  0.40it/s][A
Validation DataLoader 0:   2%|▏         | 4/250 [00:09<10:06,  0.41it/s][A
Validation DataLoader 0:   2%|▏         | 5/250 [00:12<10:08,  0.40it/s][A
Validation DataLoader 0:   2%|▏         | 6/250 [00:15<10:10,  0.40it/s][A
Validation DataLoader 0:   3%|▎         | 7/250 [00:17<10:06,  0.40it/s][A
Validation DataLoader 0:   3%|▎         | 8/250 [00:19<10:03,  0.40it/s][A
Validation DataLoader 0:   4%|▎         | 9/250 [00:22<10:00,  0.40it/s][A
Validation DataLoader 0:   4%|▍         | 10/250 [00:24<09:55,  0.40it/s][A
Validation DataLoader 0:   4%|▍         | 11/250 [00:27<09:47,  0.41it/s][A
Validation DataLoader 0:   5%|▍         | 12/250 [00:28<09:31,  0.42it/s][A
Validation DataLoader 0:   5%|▌         | 13/250 [00:30<09:19,  0.42it/s][A
Validation DataLoader 0:   6%|▌         | 14/250 [00:32<09:06,  0.43it/s][A
Validation DataLoader 0:   6%|▌         | 15/250 [00:34<08:57,  0.44it/s][A
Validation DataLoader 0:   6%|▋         | 16/250 [00:36<08:49,  0.44it/s][A
Validation DataLoader 0:   7%|▋         | 17/250 [00:37<08:40,  0.45it/s][A
Validation DataLoader 0:   7%|▋         | 18/250 [00:39<08:33,  0.45it/s][A
Validation DataLoader 0:   8%|▊         | 19/250 [00:41<08:25,  0.46it/s][A
Validation DataLoader 0:   8%|▊         | 20/250 [00:43<08:20,  0.46it/s][A
Validation DataLoader 0:   8%|▊         | 21/250 [00:45<08:15,  0.46it/s][A
Validation DataLoader 0:   9%|▉         | 22/250 [00:47<08:08,  0.47it/s][A
Validation DataLoader 0:   9%|▉         | 23/250 [00:49<08:05,  0.47it/s][A
Validation DataLoader 0:  10%|▉         | 24/250 [00:51<08:01,  0.47it/s][A
Validation DataLoader 0:  10%|█         | 25/250 [00:53<07:57,  0.47it/s][A
Validation DataLoader 0:  10%|█         | 26/250 [00:54<07:53,  0.47it/s][A
Validation DataLoader 0:  11%|█         | 27/250 [00:56<07:49,  0.48it/s][A
Validation DataLoader 0:  11%|█         | 28/250 [00:58<07:44,  0.48it/s][A
Validation DataLoader 0:  12%|█▏        | 29/250 [01:00<07:40,  0.48it/s][A
Validation DataLoader 0:  12%|█▏        | 30/250 [01:02<07:36,  0.48it/s][A
Validation DataLoader 0:  12%|█▏        | 31/250 [01:04<07:32,  0.48it/s][A
Validation DataLoader 0:  13%|█▎        | 32/250 [01:05<07:28,  0.49it/s][A
Validation DataLoader 0:  13%|█▎        | 33/250 [01:07<07:25,  0.49it/s][A
Validation DataLoader 0:  14%|█▎        | 34/250 [01:09<07:21,  0.49it/s][A
Validation DataLoader 0:  14%|█▍        | 35/250 [01:11<07:18,  0.49it/s][A
Validation DataLoader 0:  14%|█▍        | 36/250 [01:13<07:15,  0.49it/s][A
Validation DataLoader 0:  15%|█▍        | 37/250 [01:15<07:12,  0.49it/s][A
Validation DataLoader 0:  15%|█▌        | 38/250 [01:16<07:08,  0.49it/s][A
Validation DataLoader 0:  16%|█▌        | 39/250 [01:18<07:05,  0.50it/s][A
Validation DataLoader 0:  16%|█▌        | 40/250 [01:20<07:02,  0.50it/s][A
Validation DataLoader 0:  16%|█▋        | 41/250 [01:22<06:59,  0.50it/s][A
Validation DataLoader 0:  17%|█▋        | 42/250 [01:24<06:56,  0.50it/s][A
Validation DataLoader 0:  17%|█▋        | 43/250 [01:26<06:54,  0.50it/s][A
Validation DataLoader 0:  18%|█▊        | 44/250 [01:27<06:50,  0.50it/s][A
Validation DataLoader 0:  18%|█▊        | 45/250 [01:29<06:48,  0.50it/s][A
Validation DataLoader 0:  18%|█▊        | 46/250 [01:31<06:45,  0.50it/s][A
Validation DataLoader 0:  19%|█▉        | 47/250 [01:33<06:43,  0.50it/s][A
Validation DataLoader 0:  19%|█▉        | 48/250 [01:35<06:41,  0.50it/s][A
Validation DataLoader 0:  20%|█▉        | 49/250 [01:37<06:37,  0.51it/s][A
Validation DataLoader 0:  20%|██        | 50/250 [01:38<06:35,  0.51it/s][A
Validation DataLoader 0:  20%|██        | 51/250 [01:40<06:33,  0.51it/s][A
Validation DataLoader 0:  21%|██        | 52/250 [01:42<06:30,  0.51it/s][A
Validation DataLoader 0:  21%|██        | 53/250 [01:44<06:27,  0.51it/s][A
Validation DataLoader 0:  22%|██▏       | 54/250 [01:46<06:25,  0.51it/s][A
Validation DataLoader 0:  22%|██▏       | 55/250 [01:48<06:23,  0.51it/s][A
Validation DataLoader 0:  22%|██▏       | 56/250 [01:50<06:21,  0.51it/s][A
Validation DataLoader 0:  23%|██▎       | 57/250 [01:51<06:19,  0.51it/s][A
Validation DataLoader 0:  23%|██▎       | 58/250 [01:54<06:17,  0.51it/s][A
Validation DataLoader 0:  24%|██▎       | 59/250 [01:56<06:18,  0.50it/s][A
Validation DataLoader 0:  24%|██▍       | 60/250 [01:59<06:18,  0.50it/s][A
Validation DataLoader 0:  24%|██▍       | 61/250 [02:02<06:19,  0.50it/s][A
Validation DataLoader 0:  25%|██▍       | 62/250 [02:05<06:20,  0.49it/s][A
Validation DataLoader 0:  25%|██▌       | 63/250 [02:08<06:21,  0.49it/s][A
Validation DataLoader 0:  26%|██▌       | 64/250 [02:11<06:21,  0.49it/s][A
Validation DataLoader 0:  26%|██▌       | 65/250 [02:14<06:21,  0.48it/s][A
Validation DataLoader 0:  26%|██▋       | 66/250 [02:17<06:22,  0.48it/s][A
Validation DataLoader 0:  27%|██▋       | 67/250 [02:20<06:22,  0.48it/s][A
Validation DataLoader 0:  27%|██▋       | 68/250 [02:23<06:22,  0.48it/s][A
Validation DataLoader 0:  28%|██▊       | 69/250 [02:25<06:22,  0.47it/s][A
Validation DataLoader 0:  28%|██▊       | 70/250 [02:28<06:22,  0.47it/s][A
Validation DataLoader 0:  28%|██▊       | 71/250 [02:31<06:21,  0.47it/s][A
Validation DataLoader 0:  29%|██▉       | 72/250 [02:34<06:21,  0.47it/s][A
Validation DataLoader 0:  29%|██▉       | 73/250 [02:37<06:21,  0.46it/s][A
Validation DataLoader 0:  30%|██▉       | 74/250 [02:40<06:21,  0.46it/s][A
Validation DataLoader 0:  30%|███       | 75/250 [02:43<06:21,  0.46it/s][A
Validation DataLoader 0:  30%|███       | 76/250 [02:46<06:21,  0.46it/s][A
Validation DataLoader 0:  31%|███       | 77/250 [02:49<06:20,  0.45it/s][A
Validation DataLoader 0:  31%|███       | 78/250 [02:52<06:19,  0.45it/s][A
Validation DataLoader 0:  32%|███▏      | 79/250 [02:55<06:18,  0.45it/s][A
Validation DataLoader 0:  32%|███▏      | 80/250 [02:57<06:18,  0.45it/s][A
Validation DataLoader 0:  32%|███▏      | 81/250 [03:00<06:16,  0.45it/s][A
Validation DataLoader 0:  33%|███▎      | 82/250 [03:03<06:15,  0.45it/s][A
Validation DataLoader 0:  33%|███▎      | 83/250 [03:06<06:15,  0.45it/s][A
Validation DataLoader 0:  34%|███▎      | 84/250 [03:09<06:14,  0.44it/s][A
Validation DataLoader 0:  34%|███▍      | 85/250 [03:12<06:13,  0.44it/s][A
Validation DataLoader 0:  34%|███▍      | 86/250 [03:15<06:12,  0.44it/s][A
Validation DataLoader 0:  35%|███▍      | 87/250 [03:18<06:11,  0.44it/s][A
Validation DataLoader 0:  35%|███▌      | 88/250 [03:20<06:09,  0.44it/s][A
Validation DataLoader 0:  36%|███▌      | 89/250 [03:23<06:08,  0.44it/s][A
Validation DataLoader 0:  36%|███▌      | 90/250 [03:26<06:07,  0.44it/s][A
Validation DataLoader 0:  36%|███▋      | 91/250 [03:29<06:06,  0.43it/s][A
Validation DataLoader 0:  37%|███▋      | 92/250 [03:32<06:05,  0.43it/s][A
Validation DataLoader 0:  37%|███▋      | 93/250 [03:35<06:03,  0.43it/s][A
Validation DataLoader 0:  38%|███▊      | 94/250 [03:38<06:01,  0.43it/s][A
Validation DataLoader 0:  38%|███▊      | 95/250 [03:40<06:00,  0.43it/s][A
Validation DataLoader 0:  38%|███▊      | 96/250 [03:43<05:57,  0.43it/s][A
Validation DataLoader 0:  39%|███▉      | 97/250 [03:45<05:56,  0.43it/s][A
Validation DataLoader 0:  39%|███▉      | 98/250 [03:48<05:53,  0.43it/s][A
Validation DataLoader 0:  40%|███▉      | 99/250 [03:50<05:51,  0.43it/s][A
Validation DataLoader 0:  40%|████      | 100/250 [03:53<05:49,  0.43it/s][A
Validation DataLoader 0:  40%|████      | 101/250 [03:55<05:47,  0.43it/s][A
Validation DataLoader 0:  41%|████      | 102/250 [03:58<05:45,  0.43it/s][A
Validation DataLoader 0:  41%|████      | 103/250 [04:00<05:43,  0.43it/s][A
Validation DataLoader 0:  42%|████▏     | 104/250 [04:03<05:41,  0.43it/s][A
Validation DataLoader 0:  42%|████▏     | 105/250 [04:05<05:39,  0.43it/s][A
Validation DataLoader 0:  42%|████▏     | 106/250 [04:08<05:37,  0.43it/s][A
Validation DataLoader 0:  43%|████▎     | 107/250 [04:10<05:35,  0.43it/s][A
Validation DataLoader 0:  43%|████▎     | 108/250 [04:13<05:32,  0.43it/s][A
Validation DataLoader 0:  44%|████▎     | 109/250 [04:15<05:30,  0.43it/s][A
Validation DataLoader 0:  44%|████▍     | 110/250 [04:18<05:28,  0.43it/s][A
Validation DataLoader 0:  44%|████▍     | 111/250 [04:20<05:26,  0.43it/s][A
Validation DataLoader 0:  45%|████▍     | 112/250 [04:23<05:24,  0.43it/s][A
Validation DataLoader 0:  45%|████▌     | 113/250 [04:25<05:22,  0.43it/s][A
Validation DataLoader 0:  46%|████▌     | 114/250 [04:28<05:20,  0.42it/s][A
Validation DataLoader 0:  46%|████▌     | 115/250 [04:31<05:18,  0.42it/s][A
Validation DataLoader 0:  46%|████▋     | 116/250 [04:33<05:16,  0.42it/s][A
Validation DataLoader 0:  47%|████▋     | 117/250 [04:36<05:14,  0.42it/s][A
Validation DataLoader 0:  47%|████▋     | 118/250 [04:38<05:11,  0.42it/s][A
Validation DataLoader 0:  48%|████▊     | 119/250 [04:41<05:09,  0.42it/s][A
Validation DataLoader 0:  48%|████▊     | 120/250 [04:43<05:07,  0.42it/s][A
Validation DataLoader 0:  48%|████▊     | 121/250 [04:46<05:05,  0.42it/s][A
Validation DataLoader 0:  49%|████▉     | 122/250 [04:48<05:02,  0.42it/s][A
Validation DataLoader 0:  49%|████▉     | 123/250 [04:51<05:00,  0.42it/s][A
Validation DataLoader 0:  50%|████▉     | 124/250 [04:53<04:58,  0.42it/s][A
Validation DataLoader 0:  50%|█████     | 125/250 [04:56<04:56,  0.42it/s][A
Validation DataLoader 0:  50%|█████     | 126/250 [04:58<04:54,  0.42it/s][A
Validation DataLoader 0:  51%|█████     | 127/250 [05:01<04:51,  0.42it/s][A
Validation DataLoader 0:  51%|█████     | 128/250 [05:03<04:49,  0.42it/s][A
Validation DataLoader 0:  52%|█████▏    | 129/250 [05:05<04:46,  0.42it/s][A
Validation DataLoader 0:  52%|█████▏    | 130/250 [05:07<04:43,  0.42it/s][A
Validation DataLoader 0:  52%|█████▏    | 131/250 [05:09<04:40,  0.42it/s][A
Validation DataLoader 0:  53%|█████▎    | 132/250 [05:10<04:37,  0.42it/s][A
Validation DataLoader 0:  53%|█████▎    | 133/250 [05:12<04:35,  0.43it/s][A
Validation DataLoader 0:  54%|█████▎    | 134/250 [05:14<04:32,  0.43it/s][A
Validation DataLoader 0:  54%|█████▍    | 135/250 [05:16<04:29,  0.43it/s][A
Validation DataLoader 0:  54%|█████▍    | 136/250 [05:18<04:26,  0.43it/s][A
Validation DataLoader 0:  55%|█████▍    | 137/250 [05:19<04:23,  0.43it/s][A
Validation DataLoader 0:  55%|█████▌    | 138/250 [05:21<04:21,  0.43it/s][A
Validation DataLoader 0:  56%|█████▌    | 139/250 [05:23<04:18,  0.43it/s][A
Validation DataLoader 0:  56%|█████▌    | 140/250 [05:25<04:16,  0.43it/s][A
Validation DataLoader 0:  56%|█████▋    | 141/250 [05:28<04:13,  0.43it/s][A
Validation DataLoader 0:  57%|█████▋    | 142/250 [05:31<04:12,  0.43it/s][A
Validation DataLoader 0:  57%|█████▋    | 143/250 [05:34<04:10,  0.43it/s][A
Validation DataLoader 0:  58%|█████▊    | 144/250 [05:37<04:08,  0.43it/s][A
Validation DataLoader 0:  58%|█████▊    | 145/250 [05:40<04:06,  0.43it/s][A
Validation DataLoader 0:  58%|█████▊    | 146/250 [05:43<04:04,  0.43it/s][A
Validation DataLoader 0:  59%|█████▉    | 147/250 [05:45<04:02,  0.42it/s][A
Validation DataLoader 0:  59%|█████▉    | 148/250 [05:48<04:00,  0.42it/s][A
Validation DataLoader 0:  60%|█████▉    | 149/250 [05:51<03:58,  0.42it/s][A
Validation DataLoader 0:  60%|██████    | 150/250 [05:54<03:56,  0.42it/s][A
Validation DataLoader 0:  60%|██████    | 151/250 [05:57<03:54,  0.42it/s][A
Validation DataLoader 0:  61%|██████    | 152/250 [06:00<03:52,  0.42it/s][A
Validation DataLoader 0:  61%|██████    | 153/250 [06:03<03:50,  0.42it/s][A
Validation DataLoader 0:  62%|██████▏   | 154/250 [06:06<03:48,  0.42it/s][A
Validation DataLoader 0:  62%|██████▏   | 155/250 [06:09<03:46,  0.42it/s][A
Validation DataLoader 0:  62%|██████▏   | 156/250 [06:11<03:44,  0.42it/s][A
Validation DataLoader 0:  63%|██████▎   | 157/250 [06:14<03:42,  0.42it/s][A
Validation DataLoader 0:  63%|██████▎   | 158/250 [06:17<03:40,  0.42it/s][A
Validation DataLoader 0:  64%|██████▎   | 159/250 [06:20<03:37,  0.42it/s][A
Validation DataLoader 0:  64%|██████▍   | 160/250 [06:23<03:35,  0.42it/s][A
Validation DataLoader 0:  64%|██████▍   | 161/250 [06:26<03:33,  0.42it/s][A
Validation DataLoader 0:  65%|██████▍   | 162/250 [06:29<03:31,  0.42it/s][A
Validation DataLoader 0:  65%|██████▌   | 163/250 [06:32<03:29,  0.42it/s][A
Validation DataLoader 0:  66%|██████▌   | 164/250 [06:35<03:27,  0.42it/s][A
Validation DataLoader 0:  66%|██████▌   | 165/250 [06:37<03:24,  0.41it/s][A
Validation DataLoader 0:  66%|██████▋   | 166/250 [06:40<03:22,  0.41it/s][A
Validation DataLoader 0:  67%|██████▋   | 167/250 [06:43<03:20,  0.41it/s][A
Validation DataLoader 0:  67%|██████▋   | 168/250 [06:46<03:18,  0.41it/s][A
Validation DataLoader 0:  68%|██████▊   | 169/250 [06:49<03:16,  0.41it/s][A
Validation DataLoader 0:  68%|██████▊   | 170/250 [06:52<03:13,  0.41it/s][A
Validation DataLoader 0:  68%|██████▊   | 171/250 [06:55<03:11,  0.41it/s][A
Validation DataLoader 0:  69%|██████▉   | 172/250 [06:57<03:09,  0.41it/s][A
Validation DataLoader 0:  69%|██████▉   | 173/250 [07:00<03:07,  0.41it/s][A
Validation DataLoader 0:  70%|██████▉   | 174/250 [07:03<03:04,  0.41it/s][A
Validation DataLoader 0:  70%|███████   | 175/250 [07:06<03:02,  0.41it/s][A
Validation DataLoader 0:  70%|███████   | 176/250 [07:09<03:00,  0.41it/s][A
Validation DataLoader 0:  71%|███████   | 177/250 [07:12<02:58,  0.41it/s][A
Validation DataLoader 0:  71%|███████   | 178/250 [07:15<02:56,  0.41it/s][A
Validation DataLoader 0:  72%|███████▏  | 179/250 [07:18<02:53,  0.41it/s][A
Validation DataLoader 0:  72%|███████▏  | 180/250 [07:21<02:51,  0.41it/s][A
Validation DataLoader 0:  72%|███████▏  | 181/250 [07:24<02:49,  0.41it/s][A
Validation DataLoader 0:  73%|███████▎  | 182/250 [07:26<02:46,  0.41it/s][A
Validation DataLoader 0:  73%|███████▎  | 183/250 [07:29<02:44,  0.41it/s][A
Validation DataLoader 0:  74%|███████▎  | 184/250 [07:32<02:42,  0.41it/s][A
Validation DataLoader 0:  74%|███████▍  | 185/250 [07:35<02:40,  0.41it/s][A
Validation DataLoader 0:  74%|███████▍  | 186/250 [07:38<02:37,  0.41it/s][A
Validation DataLoader 0:  75%|███████▍  | 187/250 [07:41<02:35,  0.41it/s][A
Validation DataLoader 0:  75%|███████▌  | 188/250 [07:44<02:33,  0.41it/s][A
Validation DataLoader 0:  76%|███████▌  | 189/250 [07:46<02:30,  0.40it/s][A
Validation DataLoader 0:  76%|███████▌  | 190/250 [07:49<02:28,  0.40it/s][A
Validation DataLoader 0:  76%|███████▋  | 191/250 [07:52<02:25,  0.40it/s][A
Validation DataLoader 0:  77%|███████▋  | 192/250 [07:55<02:23,  0.40it/s][A
Validation DataLoader 0:  77%|███████▋  | 193/250 [07:58<02:21,  0.40it/s][A
Validation DataLoader 0:  78%|███████▊  | 194/250 [08:01<02:18,  0.40it/s][A
Validation DataLoader 0:  78%|███████▊  | 195/250 [08:04<02:16,  0.40it/s][A
Validation DataLoader 0:  78%|███████▊  | 196/250 [08:07<02:14,  0.40it/s][A
Validation DataLoader 0:  79%|███████▉  | 197/250 [08:09<02:11,  0.40it/s][A
Validation DataLoader 0:  79%|███████▉  | 198/250 [08:12<02:09,  0.40it/s][A
Validation DataLoader 0:  80%|███████▉  | 199/250 [08:15<02:06,  0.40it/s][A
Validation DataLoader 0:  80%|████████  | 200/250 [08:18<02:04,  0.40it/s][A
Validation DataLoader 0:  80%|████████  | 201/250 [08:21<02:02,  0.40it/s][A
Validation DataLoader 0:  81%|████████  | 202/250 [08:24<01:59,  0.40it/s][A
Validation DataLoader 0:  81%|████████  | 203/250 [08:27<01:57,  0.40it/s][A
Validation DataLoader 0:  82%|████████▏ | 204/250 [08:30<01:55,  0.40it/s][A
Validation DataLoader 0:  82%|████████▏ | 205/250 [08:32<01:52,  0.40it/s][A
Validation DataLoader 0:  82%|████████▏ | 206/250 [08:35<01:50,  0.40it/s][A
Validation DataLoader 0:  83%|████████▎ | 207/250 [08:38<01:47,  0.40it/s][A
Validation DataLoader 0:  83%|████████▎ | 208/250 [08:41<01:45,  0.40it/s][A
Validation DataLoader 0:  84%|████████▎ | 209/250 [08:44<01:42,  0.40it/s][A
Validation DataLoader 0:  84%|████████▍ | 210/250 [08:47<01:40,  0.40it/s][A
Validation DataLoader 0:  84%|████████▍ | 211/250 [08:50<01:38,  0.40it/s][A
Validation DataLoader 0:  85%|████████▍ | 212/250 [08:53<01:35,  0.40it/s][A
Validation DataLoader 0:  85%|████████▌ | 213/250 [08:55<01:33,  0.40it/s][A
Validation DataLoader 0:  86%|████████▌ | 214/250 [08:58<01:30,  0.40it/s][A
Validation DataLoader 0:  86%|████████▌ | 215/250 [09:00<01:28,  0.40it/s][A
Validation DataLoader 0:  86%|████████▋ | 216/250 [09:03<01:25,  0.40it/s][A
Validation DataLoader 0:  87%|████████▋ | 217/250 [09:05<01:23,  0.40it/s][A
Validation DataLoader 0:  87%|████████▋ | 218/250 [09:08<01:20,  0.40it/s][A
Validation DataLoader 0:  88%|████████▊ | 219/250 [09:11<01:18,  0.40it/s][A
Validation DataLoader 0:  88%|████████▊ | 220/250 [09:13<01:15,  0.40it/s][A
Validation DataLoader 0:  88%|████████▊ | 221/250 [09:16<01:12,  0.40it/s][A
Validation DataLoader 0:  89%|████████▉ | 222/250 [09:18<01:10,  0.40it/s][A
Validation DataLoader 0:  89%|████████▉ | 223/250 [09:21<01:07,  0.40it/s][A
Validation DataLoader 0:  90%|████████▉ | 224/250 [09:23<01:05,  0.40it/s][A
Validation DataLoader 0:  90%|█████████ | 225/250 [09:26<01:02,  0.40it/s][A
Validation DataLoader 0:  90%|█████████ | 226/250 [09:28<01:00,  0.40it/s][A
Validation DataLoader 0:  91%|█████████ | 227/250 [09:31<00:57,  0.40it/s][A
Validation DataLoader 0:  91%|█████████ | 228/250 [09:33<00:55,  0.40it/s][A
Validation DataLoader 0:  92%|█████████▏| 229/250 [09:36<00:52,  0.40it/s][A
Validation DataLoader 0:  92%|█████████▏| 230/250 [09:38<00:50,  0.40it/s][A
Validation DataLoader 0:  92%|█████████▏| 231/250 [09:41<00:47,  0.40it/s][A
Validation DataLoader 0:  93%|█████████▎| 232/250 [09:43<00:45,  0.40it/s][A
Validation DataLoader 0:  93%|█████████▎| 233/250 [09:46<00:42,  0.40it/s][A
Validation DataLoader 0:  94%|█████████▎| 234/250 [09:48<00:40,  0.40it/s][A
Validation DataLoader 0:  94%|█████████▍| 235/250 [09:51<00:37,  0.40it/s][A
Validation DataLoader 0:  94%|█████████▍| 236/250 [09:53<00:35,  0.40it/s][A
Validation DataLoader 0:  95%|█████████▍| 237/250 [09:56<00:32,  0.40it/s][A
Validation DataLoader 0:  95%|█████████▌| 238/250 [09:58<00:30,  0.40it/s][A
Validation DataLoader 0:  96%|█████████▌| 239/250 [10:01<00:27,  0.40it/s][A
Validation DataLoader 0:  96%|█████████▌| 240/250 [10:03<00:25,  0.40it/s][A
Validation DataLoader 0:  96%|█████████▋| 241/250 [10:06<00:22,  0.40it/s][A
Validation DataLoader 0:  97%|█████████▋| 242/250 [10:08<00:20,  0.40it/s][A
Validation DataLoader 0:  97%|█████████▋| 243/250 [10:11<00:17,  0.40it/s][A
Validation DataLoader 0:  98%|█████████▊| 244/250 [10:13<00:15,  0.40it/s][A
Validation DataLoader 0:  98%|█████████▊| 245/250 [10:15<00:12,  0.40it/s][A
Validation DataLoader 0:  98%|█████████▊| 246/250 [10:18<00:10,  0.40it/s][A
Validation DataLoader 0:  99%|█████████▉| 247/250 [10:19<00:07,  0.40it/s][A
Validation DataLoader 0:  99%|█████████▉| 248/250 [10:21<00:05,  0.40it/s][A
Validation DataLoader 0: 100%|█████████▉| 249/250 [10:23<00:02,  0.40it/s][A
Validation DataLoader 0: 100%|██████████| 250/250 [10:25<00:00,  0.40it/s][A
Validation DataLoader 0:   0%|          | 0/250 [00:00<?, ?it/s][A
Validation DataLoader 0:   0%|          | 1/250 [00:01<07:53,  0.53it/s][A
Validation DataLoader 0:   1%|          | 2/250 [00:03<07:30,  0.55it/s][A
Validation DataLoader 0:   1%|          | 3/250 [00:05<07:33,  0.54it/s][A
Validation DataLoader 0:   2%|▏         | 4/250 [00:07<07:24,  0.55it/s][A
Validation DataLoader 0:   2%|▏         | 5/250 [00:09<07:25,  0.55it/s][A
Validation DataLoader 0:   2%|▏         | 6/250 [00:10<07:26,  0.55it/s][A
Validation DataLoader 0:   3%|▎         | 7/250 [00:12<07:23,  0.55it/s][A
Validation DataLoader 0:   3%|▎         | 8/250 [00:14<07:20,  0.55it/s][A
Validation DataLoader 0:   4%|▎         | 9/250 [00:16<07:18,  0.55it/s][A
Validation DataLoader 0:   4%|▍         | 10/250 [00:18<07:15,  0.55it/s][A
Validation DataLoader 0:   4%|▍         | 11/250 [00:20<07:16,  0.55it/s][A
Validation DataLoader 0:   5%|▍         | 12/250 [00:21<07:13,  0.55it/s][A
Validation DataLoader 0:   5%|▌         | 13/250 [00:23<07:12,  0.55it/s][A
Validation DataLoader 0:   6%|▌         | 14/250 [00:25<07:09,  0.55it/s][A
Validation DataLoader 0:   6%|▌         | 15/250 [00:27<07:08,  0.55it/s][A
Validation DataLoader 0:   6%|▋         | 16/250 [00:29<07:07,  0.55it/s][A
Validation DataLoader 0:   7%|▋         | 17/250 [00:31<07:04,  0.55it/s][A
Validation DataLoader 0:   7%|▋         | 18/250 [00:32<07:03,  0.55it/s][A
Validation DataLoader 0:   8%|▊         | 19/250 [00:34<07:01,  0.55it/s][A
Validation DataLoader 0:   8%|▊         | 20/250 [00:36<07:00,  0.55it/s][A
Validation DataLoader 0:   8%|▊         | 21/250 [00:38<06:59,  0.55it/s][A
Validation DataLoader 0:   9%|▉         | 22/250 [00:40<06:57,  0.55it/s][A
Validation DataLoader 0:   9%|▉         | 23/250 [00:42<06:54,  0.55it/s][A
Validation DataLoader 0:  10%|▉         | 24/250 [00:43<06:53,  0.55it/s][A
Validation DataLoader 0:  10%|█         | 25/250 [00:45<06:52,  0.55it/s][A
Validation DataLoader 0:  10%|█         | 26/250 [00:47<06:51,  0.54it/s][A
Validation DataLoader 0:  11%|█         | 27/250 [00:49<06:50,  0.54it/s][A
Validation DataLoader 0:  11%|█         | 28/250 [00:51<06:47,  0.54it/s][A
Validation DataLoader 0:  12%|█▏        | 29/250 [00:53<06:46,  0.54it/s][A
Validation DataLoader 0:  12%|█▏        | 30/250 [00:55<06:44,  0.54it/s][A
Validation DataLoader 0:  12%|█▏        | 31/250 [00:57<06:42,  0.54it/s][A
Validation DataLoader 0:  13%|█▎        | 32/250 [00:58<06:40,  0.54it/s][A
Validation DataLoader 0:  13%|█▎        | 33/250 [01:00<06:38,  0.54it/s][A
Validation DataLoader 0:  14%|█▎        | 34/250 [01:02<06:36,  0.54it/s][A
Validation DataLoader 0:  14%|█▍        | 35/250 [01:04<06:34,  0.54it/s][A
Validation DataLoader 0:  14%|█▍        | 36/250 [01:06<06:33,  0.54it/s][A
Validation DataLoader 0:  15%|█▍        | 37/250 [01:08<06:31,  0.54it/s][A
Validation DataLoader 0:  15%|█▌        | 38/250 [01:09<06:29,  0.54it/s][A
Validation DataLoader 0:  16%|█▌        | 39/250 [01:11<06:28,  0.54it/s][A
Validation DataLoader 0:  16%|█▌        | 40/250 [01:13<06:26,  0.54it/s][A
Validation DataLoader 0:  16%|█▋        | 41/250 [01:15<06:23,  0.54it/s][A
Validation DataLoader 0:  17%|█▋        | 42/250 [01:17<06:22,  0.54it/s][A
Validation DataLoader 0:  17%|█▋        | 43/250 [01:19<06:20,  0.54it/s][A
Validation DataLoader 0:  18%|█▊        | 44/250 [01:20<06:18,  0.54it/s][A
Validation DataLoader 0:  18%|█▊        | 45/250 [01:22<06:16,  0.54it/s][A
Validation DataLoader 0:  18%|█▊        | 46/250 [01:24<06:14,  0.54it/s][A
Validation DataLoader 0:  19%|█▉        | 47/250 [01:26<06:13,  0.54it/s][A
Validation DataLoader 0:  19%|█▉        | 48/250 [01:28<06:11,  0.54it/s][A
Validation DataLoader 0:  20%|█▉        | 49/250 [01:30<06:09,  0.54it/s][A
Validation DataLoader 0:  20%|██        | 50/250 [01:32<06:08,  0.54it/s][A
Validation DataLoader 0:  20%|██        | 51/250 [01:33<06:06,  0.54it/s][A
Validation DataLoader 0:  21%|██        | 52/250 [01:35<06:04,  0.54it/s][A
Validation DataLoader 0:  21%|██        | 53/250 [01:37<06:02,  0.54it/s][A
Validation DataLoader 0:  22%|██▏       | 54/250 [01:39<06:00,  0.54it/s][A
Validation DataLoader 0:  22%|██▏       | 55/250 [01:41<05:58,  0.54it/s][A
Validation DataLoader 0:  22%|██▏       | 56/250 [01:43<05:57,  0.54it/s][A
Validation DataLoader 0:  23%|██▎       | 57/250 [01:44<05:55,  0.54it/s][A
Validation DataLoader 0:  23%|██▎       | 58/250 [01:46<05:53,  0.54it/s][A
Validation DataLoader 0:  24%|██▎       | 59/250 [01:48<05:51,  0.54it/s][A
Validation DataLoader 0:  24%|██▍       | 60/250 [01:50<05:49,  0.54it/s][A
Validation DataLoader 0:  24%|██▍       | 61/250 [01:52<05:47,  0.54it/s][A
Validation DataLoader 0:  25%|██▍       | 62/250 [01:54<05:45,  0.54it/s][A
Validation DataLoader 0:  25%|██▌       | 63/250 [01:55<05:43,  0.54it/s][A
Validation DataLoader 0:  26%|██▌       | 64/250 [01:57<05:41,  0.54it/s][A
Validation DataLoader 0:  26%|██▌       | 65/250 [01:59<05:40,  0.54it/s][A
Validation DataLoader 0:  26%|██▋       | 66/250 [02:01<05:38,  0.54it/s][A
Validation DataLoader 0:  27%|██▋       | 67/250 [02:03<05:36,  0.54it/s][A
Validation DataLoader 0:  27%|██▋       | 68/250 [02:05<05:34,  0.54it/s][A
Validation DataLoader 0:  28%|██▊       | 69/250 [02:07<05:33,  0.54it/s][A
Validation DataLoader 0:  28%|██▊       | 70/250 [02:08<05:31,  0.54it/s][A
Validation DataLoader 0:  28%|██▊       | 71/250 [02:10<05:29,  0.54it/s][A
Validation DataLoader 0:  29%|██▉       | 72/250 [02:12<05:27,  0.54it/s][A
Validation DataLoader 0:  29%|██▉       | 73/250 [02:14<05:25,  0.54it/s][A
Validation DataLoader 0:  30%|██▉       | 74/250 [02:16<05:24,  0.54it/s][A
Validation DataLoader 0:  30%|███       | 75/250 [02:18<05:22,  0.54it/s][A
Validation DataLoader 0:  30%|███       | 76/250 [02:20<05:20,  0.54it/s][A
Validation DataLoader 0:  31%|███       | 77/250 [02:21<05:18,  0.54it/s][A
Validation DataLoader 0:  31%|███       | 78/250 [02:23<05:16,  0.54it/s][A
Validation DataLoader 0:  32%|███▏      | 79/250 [02:25<05:15,  0.54it/s][A
Validation DataLoader 0:  32%|███▏      | 80/250 [02:27<05:13,  0.54it/s][A
Validation DataLoader 0:  32%|███▏      | 81/250 [02:29<05:11,  0.54it/s][A
Validation DataLoader 0:  33%|███▎      | 82/250 [02:30<05:09,  0.54it/s][A
Validation DataLoader 0:  33%|███▎      | 83/250 [02:32<05:07,  0.54it/s][A
Validation DataLoader 0:  34%|███▎      | 84/250 [02:34<05:05,  0.54it/s][A
Validation DataLoader 0:  34%|███▍      | 85/250 [02:36<05:03,  0.54it/s][A
Validation DataLoader 0:  34%|███▍      | 86/250 [02:38<05:01,  0.54it/s][A
Validation DataLoader 0:  35%|███▍      | 87/250 [02:40<05:00,  0.54it/s][A
Validation DataLoader 0:  35%|███▌      | 88/250 [02:41<04:58,  0.54it/s][A
Validation DataLoader 0:  36%|███▌      | 89/250 [02:43<04:56,  0.54it/s][A
Validation DataLoader 0:  36%|███▌      | 90/250 [02:45<04:54,  0.54it/s][A
Validation DataLoader 0:  36%|███▋      | 91/250 [02:47<04:52,  0.54it/s][A
Validation DataLoader 0:  37%|███▋      | 92/250 [02:49<04:51,  0.54it/s][A
Validation DataLoader 0:  37%|███▋      | 93/250 [02:51<04:49,  0.54it/s][A
Validation DataLoader 0:  38%|███▊      | 94/250 [02:53<04:47,  0.54it/s][A
Validation DataLoader 0:  38%|███▊      | 95/250 [02:55<04:45,  0.54it/s][A
Validation DataLoader 0:  38%|███▊      | 96/250 [02:56<04:43,  0.54it/s][A
Validation DataLoader 0:  39%|███▉      | 97/250 [02:58<04:42,  0.54it/s][A
Validation DataLoader 0:  39%|███▉      | 98/250 [03:00<04:40,  0.54it/s][A
Validation DataLoader 0:  40%|███▉      | 99/250 [03:02<04:38,  0.54it/s][A
Validation DataLoader 0:  40%|████      | 100/250 [03:04<04:36,  0.54it/s][A
Validation DataLoader 0:  40%|████      | 101/250 [03:06<04:34,  0.54it/s][A
Validation DataLoader 0:  41%|████      | 102/250 [03:07<04:32,  0.54it/s][A
Validation DataLoader 0:  41%|████      | 103/250 [03:09<04:30,  0.54it/s][A
Validation DataLoader 0:  42%|████▏     | 104/250 [03:11<04:28,  0.54it/s][A
Validation DataLoader 0:  42%|████▏     | 105/250 [03:13<04:26,  0.54it/s][A
Validation DataLoader 0:  42%|████▏     | 106/250 [03:15<04:25,  0.54it/s][A
Validation DataLoader 0:  43%|████▎     | 107/250 [03:17<04:23,  0.54it/s][A
Validation DataLoader 0:  43%|████▎     | 108/250 [03:18<04:21,  0.54it/s][A
Validation DataLoader 0:  44%|████▎     | 109/250 [03:20<04:19,  0.54it/s][A
Validation DataLoader 0:  44%|████▍     | 110/250 [03:22<04:17,  0.54it/s][A
Validation DataLoader 0:  44%|████▍     | 111/250 [03:24<04:15,  0.54it/s][A
Validation DataLoader 0:  45%|████▍     | 112/250 [03:26<04:13,  0.54it/s][A
Validation DataLoader 0:  45%|████▌     | 113/250 [03:27<04:11,  0.54it/s][A
Validation DataLoader 0:  46%|████▌     | 114/250 [03:29<04:10,  0.54it/s][A
Validation DataLoader 0:  46%|████▌     | 115/250 [03:31<04:08,  0.54it/s][A
Validation DataLoader 0:  46%|████▋     | 116/250 [03:33<04:06,  0.54it/s][A
Validation DataLoader 0:  47%|████▋     | 117/250 [03:35<04:04,  0.54it/s][A
Validation DataLoader 0:  47%|████▋     | 118/250 [03:37<04:02,  0.54it/s][A
Validation DataLoader 0:  48%|████▊     | 119/250 [03:38<04:00,  0.54it/s][A
Validation DataLoader 0:  48%|████▊     | 120/250 [03:40<03:58,  0.54it/s][A
Validation DataLoader 0:  48%|████▊     | 121/250 [03:42<03:57,  0.54it/s][A
Validation DataLoader 0:  49%|████▉     | 122/250 [03:44<03:55,  0.54it/s][A
Validation DataLoader 0:  49%|████▉     | 123/250 [03:45<03:53,  0.54it/s][A
Validation DataLoader 0:  50%|████▉     | 124/250 [03:47<03:51,  0.54it/s][A
Validation DataLoader 0:  50%|█████     | 125/250 [03:49<03:49,  0.54it/s][A
Validation DataLoader 0:  50%|█████     | 126/250 [03:51<03:47,  0.54it/s][A
Validation DataLoader 0:  51%|█████     | 127/250 [03:53<03:45,  0.54it/s][A
Validation DataLoader 0:  51%|█████     | 128/250 [03:55<03:44,  0.54it/s][A
Validation DataLoader 0:  52%|█████▏    | 129/250 [03:56<03:42,  0.54it/s][A
Validation DataLoader 0:  52%|█████▏    | 130/250 [03:58<03:40,  0.55it/s][A
Validation DataLoader 0:  52%|█████▏    | 131/250 [04:00<03:38,  0.55it/s][A
Validation DataLoader 0:  53%|█████▎    | 132/250 [04:02<03:36,  0.55it/s][A
Validation DataLoader 0:  53%|█████▎    | 133/250 [04:03<03:34,  0.55it/s][A
Validation DataLoader 0:  54%|█████▎    | 134/250 [04:05<03:32,  0.55it/s][A
Validation DataLoader 0:  54%|█████▍    | 135/250 [04:07<03:30,  0.55it/s][A
Validation DataLoader 0:  54%|█████▍    | 136/250 [04:09<03:28,  0.55it/s][A
Validation DataLoader 0:  55%|█████▍    | 137/250 [04:11<03:27,  0.55it/s][A
Validation DataLoader 0:  55%|█████▌    | 138/250 [04:12<03:25,  0.55it/s][A
Validation DataLoader 0:  56%|█████▌    | 139/250 [04:14<03:23,  0.55it/s][A
Validation DataLoader 0:  56%|█████▌    | 140/250 [04:16<03:21,  0.55it/s][A
Validation DataLoader 0:  56%|█████▋    | 141/250 [04:18<03:19,  0.55it/s][A
Validation DataLoader 0:  57%|█████▋    | 142/250 [04:20<03:18,  0.54it/s][A
Validation DataLoader 0:  57%|█████▋    | 143/250 [04:22<03:16,  0.54it/s][A
Validation DataLoader 0:  58%|█████▊    | 144/250 [04:24<03:14,  0.54it/s][A
Validation DataLoader 0:  58%|█████▊    | 145/250 [04:26<03:12,  0.54it/s][A
Validation DataLoader 0:  58%|█████▊    | 146/250 [04:28<03:10,  0.54it/s][A
Validation DataLoader 0:  59%|█████▉    | 147/250 [04:29<03:09,  0.54it/s][A
Validation DataLoader 0:  59%|█████▉    | 148/250 [04:31<03:07,  0.54it/s][A
Validation DataLoader 0:  60%|█████▉    | 149/250 [04:33<03:05,  0.54it/s][A
Validation DataLoader 0:  60%|██████    | 150/250 [04:35<03:03,  0.54it/s][A
Validation DataLoader 0:  60%|██████    | 151/250 [04:37<03:01,  0.54it/s][A
Validation DataLoader 0:  61%|██████    | 152/250 [04:39<02:59,  0.54it/s][A
Validation DataLoader 0:  61%|██████    | 153/250 [04:40<02:58,  0.54it/s][A
Validation DataLoader 0:  62%|██████▏   | 154/250 [04:42<02:56,  0.54it/s][A
Validation DataLoader 0:  62%|██████▏   | 155/250 [04:44<02:54,  0.54it/s][A
Validation DataLoader 0:  62%|██████▏   | 156/250 [04:46<02:52,  0.54it/s][A
Validation DataLoader 0:  63%|██████▎   | 157/250 [04:48<02:50,  0.54it/s][A
Validation DataLoader 0:  63%|██████▎   | 158/250 [04:50<02:48,  0.54it/s][A
Validation DataLoader 0:  64%|██████▎   | 159/250 [04:51<02:47,  0.54it/s][A
Validation DataLoader 0:  64%|██████▍   | 160/250 [04:53<02:45,  0.54it/s][A
Validation DataLoader 0:  64%|██████▍   | 161/250 [04:55<02:43,  0.54it/s][A
Validation DataLoader 0:  65%|██████▍   | 162/250 [04:57<02:41,  0.54it/s][A
Validation DataLoader 0:  65%|██████▌   | 163/250 [04:59<02:39,  0.54it/s][A
Validation DataLoader 0:  66%|██████▌   | 164/250 [05:01<02:37,  0.54it/s][A
Validation DataLoader 0:  66%|██████▌   | 165/250 [05:02<02:35,  0.55it/s][A
Validation DataLoader 0:  66%|██████▋   | 166/250 [05:04<02:34,  0.54it/s][A
Validation DataLoader 0:  67%|██████▋   | 167/250 [05:06<02:32,  0.54it/s][A
Validation DataLoader 0:  67%|██████▋   | 168/250 [05:08<02:30,  0.54it/s][A
Validation DataLoader 0:  68%|██████▊   | 169/250 [05:10<02:28,  0.55it/s][A
Validation DataLoader 0:  68%|██████▊   | 170/250 [05:11<02:26,  0.54it/s][A
Validation DataLoader 0:  68%|██████▊   | 171/250 [05:13<02:24,  0.54it/s][A
Validation DataLoader 0:  69%|██████▉   | 172/250 [05:15<02:23,  0.54it/s][A
Validation DataLoader 0:  69%|██████▉   | 173/250 [05:17<02:21,  0.54it/s][A
Validation DataLoader 0:  70%|██████▉   | 174/250 [05:19<02:19,  0.55it/s][A
Validation DataLoader 0:  70%|███████   | 175/250 [05:21<02:17,  0.54it/s][A
Validation DataLoader 0:  70%|███████   | 176/250 [05:22<02:15,  0.54it/s][A
Validation DataLoader 0:  71%|███████   | 177/250 [05:24<02:13,  0.54it/s][A
Validation DataLoader 0:  71%|███████   | 178/250 [05:26<02:12,  0.54it/s][A
Validation DataLoader 0:  72%|███████▏  | 179/250 [05:28<02:10,  0.54it/s][A
Validation DataLoader 0:  72%|███████▏  | 180/250 [05:30<02:08,  0.54it/s][A
Validation DataLoader 0:  72%|███████▏  | 181/250 [05:32<02:06,  0.54it/s][A
Validation DataLoader 0:  73%|███████▎  | 182/250 [05:34<02:04,  0.54it/s][A
Validation DataLoader 0:  73%|███████▎  | 183/250 [05:35<02:02,  0.54it/s][A
Validation DataLoader 0:  74%|███████▎  | 184/250 [05:37<02:01,  0.54it/s][A
Validation DataLoader 0:  74%|███████▍  | 185/250 [05:39<01:59,  0.54it/s][A
Validation DataLoader 0:  74%|███████▍  | 186/250 [05:41<01:57,  0.54it/s][A
Validation DataLoader 0:  75%|███████▍  | 187/250 [05:43<01:55,  0.54it/s][A
Validation DataLoader 0:  75%|███████▌  | 188/250 [05:45<01:53,  0.54it/s][A
Validation DataLoader 0:  76%|███████▌  | 189/250 [05:46<01:51,  0.54it/s][A
Validation DataLoader 0:  76%|███████▌  | 190/250 [05:48<01:50,  0.54it/s][A
Validation DataLoader 0:  76%|███████▋  | 191/250 [05:50<01:48,  0.54it/s][A
Validation DataLoader 0:  77%|███████▋  | 192/250 [05:52<01:46,  0.54it/s][A
Validation DataLoader 0:  77%|███████▋  | 193/250 [05:54<01:44,  0.54it/s][A
Validation DataLoader 0:  78%|███████▊  | 194/250 [05:56<01:42,  0.54it/s][A
Validation DataLoader 0:  78%|███████▊  | 195/250 [05:57<01:40,  0.55it/s][A
Validation DataLoader 0:  78%|███████▊  | 196/250 [05:59<01:39,  0.54it/s][A
Validation DataLoader 0:  79%|███████▉  | 197/250 [06:01<01:37,  0.55it/s][A
Validation DataLoader 0:  79%|███████▉  | 198/250 [06:03<01:35,  0.55it/s][A
Validation DataLoader 0:  80%|███████▉  | 199/250 [06:05<01:33,  0.55it/s][A
Validation DataLoader 0:  80%|████████  | 200/250 [06:06<01:31,  0.54it/s][A
Validation DataLoader 0:  80%|████████  | 201/250 [06:08<01:29,  0.55it/s][A
Validation DataLoader 0:  81%|████████  | 202/250 [06:10<01:28,  0.55it/s][A
Validation DataLoader 0:  81%|████████  | 203/250 [06:12<01:26,  0.54it/s][A
Validation DataLoader 0:  82%|████████▏ | 204/250 [06:14<01:24,  0.55it/s][A
Validation DataLoader 0:  82%|████████▏ | 205/250 [06:16<01:22,  0.55it/s][A
Validation DataLoader 0:  82%|████████▏ | 206/250 [06:17<01:20,  0.55it/s][A
Validation DataLoader 0:  83%|████████▎ | 207/250 [06:19<01:18,  0.55it/s][A
Validation DataLoader 0:  83%|████████▎ | 208/250 [06:21<01:17,  0.55it/s][A
Validation DataLoader 0:  84%|████████▎ | 209/250 [06:23<01:15,  0.55it/s][A
Validation DataLoader 0:  84%|████████▍ | 210/250 [06:25<01:13,  0.55it/s][A
Validation DataLoader 0:  84%|████████▍ | 211/250 [06:27<01:11,  0.55it/s][A
Validation DataLoader 0:  85%|████████▍ | 212/250 [06:28<01:09,  0.55it/s][A
Validation DataLoader 0:  85%|████████▌ | 213/250 [06:30<01:07,  0.54it/s][A
Validation DataLoader 0:  86%|████████▌ | 214/250 [06:32<01:06,  0.55it/s][A
Validation DataLoader 0:  86%|████████▌ | 215/250 [06:34<01:04,  0.55it/s][A
Validation DataLoader 0:  86%|████████▋ | 216/250 [06:36<01:02,  0.54it/s][A
Validation DataLoader 0:  87%|████████▋ | 217/250 [06:38<01:00,  0.54it/s][A
Validation DataLoader 0:  87%|████████▋ | 218/250 [06:40<00:58,  0.54it/s][A
Validation DataLoader 0:  88%|████████▊ | 219/250 [06:41<00:56,  0.54it/s][A
Validation DataLoader 0:  88%|████████▊ | 220/250 [06:43<00:55,  0.54it/s][A
Validation DataLoader 0:  88%|████████▊ | 221/250 [06:45<00:53,  0.54it/s][A
Validation DataLoader 0:  89%|████████▉ | 222/250 [06:47<00:51,  0.54it/s][A
Validation DataLoader 0:  89%|████████▉ | 223/250 [06:49<00:49,  0.54it/s][A
Validation DataLoader 0:  90%|████████▉ | 224/250 [06:51<00:47,  0.54it/s][A
Validation DataLoader 0:  90%|█████████ | 225/250 [06:52<00:45,  0.54it/s][A
Validation DataLoader 0:  90%|█████████ | 226/250 [06:54<00:44,  0.55it/s][A
Validation DataLoader 0:  91%|█████████ | 227/250 [06:56<00:42,  0.55it/s][A
Validation DataLoader 0:  91%|█████████ | 228/250 [06:58<00:40,  0.55it/s][A
Validation DataLoader 0:  92%|█████████▏| 229/250 [07:00<00:38,  0.55it/s][A
Validation DataLoader 0:  92%|█████████▏| 230/250 [07:02<00:36,  0.54it/s][A
Validation DataLoader 0:  92%|█████████▏| 231/250 [07:03<00:34,  0.54it/s][A
Validation DataLoader 0:  93%|█████████▎| 232/250 [07:05<00:33,  0.54it/s][A
Validation DataLoader 0:  93%|█████████▎| 233/250 [07:07<00:31,  0.54it/s][A
Validation DataLoader 0:  94%|█████████▎| 234/250 [07:09<00:29,  0.54it/s][A
Validation DataLoader 0:  94%|█████████▍| 235/250 [07:11<00:27,  0.54it/s][A
Validation DataLoader 0:  94%|█████████▍| 236/250 [07:13<00:25,  0.54it/s][A
Validation DataLoader 0:  95%|█████████▍| 237/250 [07:14<00:23,  0.54it/s][A
Validation DataLoader 0:  95%|█████████▌| 238/250 [07:16<00:22,  0.55it/s][A
Validation DataLoader 0:  96%|█████████▌| 239/250 [07:18<00:20,  0.55it/s][A
Validation DataLoader 0:  96%|█████████▌| 240/250 [07:20<00:18,  0.55it/s][A
Validation DataLoader 0:  96%|█████████▋| 241/250 [07:21<00:16,  0.55it/s][A
Validation DataLoader 0:  97%|█████████▋| 242/250 [07:23<00:14,  0.55it/s][A
Validation DataLoader 0:  97%|█████████▋| 243/250 [07:25<00:12,  0.55it/s][A
Validation DataLoader 0:  98%|█████████▊| 244/250 [07:27<00:11,  0.55it/s][A
Validation DataLoader 0:  98%|█████████▊| 245/250 [07:29<00:09,  0.55it/s][A
Validation DataLoader 0:  98%|█████████▊| 246/250 [07:30<00:07,  0.55it/s][A
Validation DataLoader 0:  99%|█████████▉| 247/250 [07:32<00:05,  0.55it/s][A
Validation DataLoader 0:  99%|█████████▉| 248/250 [07:34<00:03,  0.55it/s][A
Validation DataLoader 0: 100%|█████████▉| 249/250 [07:36<00:01,  0.55it/s][A
Validation DataLoader 0: 100%|██████████| 250/250 [07:38<00:00,  0.55it/s][A
Validation DataLoader 0:   0%|          | 0/250 [00:00<?, ?it/s][A
Validation DataLoader 0:   0%|          | 1/250 [00:01<07:54,  0.53it/s][A
Validation DataLoader 0:   1%|          | 2/250 [00:03<07:30,  0.55it/s][A
Validation DataLoader 0:   1%|          | 3/250 [00:05<07:35,  0.54it/s][A
Validation DataLoader 0:   2%|▏         | 4/250 [00:07<07:25,  0.55it/s][A
Validation DataLoader 0:   2%|▏         | 5/250 [00:09<07:26,  0.55it/s][A
Validation DataLoader 0:   2%|▏         | 6/250 [00:11<07:27,  0.55it/s][A
Validation DataLoader 0:   3%|▎         | 7/250 [00:12<07:24,  0.55it/s][A
Validation DataLoader 0:   3%|▎         | 8/250 [00:14<07:21,  0.55it/s][A
Validation DataLoader 0:   4%|▎         | 9/250 [00:16<07:18,  0.55it/s][A
Validation DataLoader 0:   4%|▍         | 10/250 [00:18<07:15,  0.55it/s][A
Validation DataLoader 0:   4%|▍         | 11/250 [00:20<07:15,  0.55it/s][A
Validation DataLoader 0:   5%|▍         | 12/250 [00:21<07:12,  0.55it/s][A
Validation DataLoader 0:   5%|▌         | 13/250 [00:23<07:11,  0.55it/s][A
Validation DataLoader 0:   6%|▌         | 14/250 [00:25<07:08,  0.55it/s][A
Validation DataLoader 0:   6%|▌         | 15/250 [00:27<07:07,  0.55it/s][A
Validation DataLoader 0:   6%|▋         | 16/250 [00:29<07:07,  0.55it/s][A
Validation DataLoader 0:   7%|▋         | 17/250 [00:30<07:04,  0.55it/s][A
Validation DataLoader 0:   7%|▋         | 18/250 [00:32<07:03,  0.55it/s][A
Validation DataLoader 0:   8%|▊         | 19/250 [00:34<07:01,  0.55it/s][A
Validation DataLoader 0:   8%|▊         | 20/250 [00:36<07:00,  0.55it/s][A
Validation DataLoader 0:   8%|▊         | 21/250 [00:38<06:59,  0.55it/s][A
Validation DataLoader 0:   9%|▉         | 22/250 [00:40<06:57,  0.55it/s][A
Validation DataLoader 0:   9%|▉         | 23/250 [00:42<06:55,  0.55it/s][A
Validation DataLoader 0:  10%|▉         | 24/250 [00:43<06:54,  0.55it/s][A
Validation DataLoader 0:  10%|█         | 25/250 [00:45<06:53,  0.54it/s][A
Validation DataLoader 0:  10%|█         | 26/250 [00:47<06:52,  0.54it/s][A
Validation DataLoader 0:  11%|█         | 27/250 [00:49<06:50,  0.54it/s][A
Validation DataLoader 0:  11%|█         | 28/250 [00:51<06:48,  0.54it/s][A
Validation DataLoader 0:  12%|█▏        | 29/250 [00:53<06:46,  0.54it/s][A
Validation DataLoader 0:  12%|█▏        | 30/250 [00:55<06:44,  0.54it/s][A
Validation DataLoader 0:  12%|█▏        | 31/250 [00:57<06:42,  0.54it/s][A
Validation DataLoader 0:  13%|█▎        | 32/250 [00:58<06:40,  0.54it/s][A
Validation DataLoader 0:  13%|█▎        | 33/250 [01:00<06:38,  0.54it/s][A
Validation DataLoader 0:  14%|█▎        | 34/250 [01:02<06:36,  0.55it/s][A
Validation DataLoader 0:  14%|█▍        | 35/250 [01:04<06:34,  0.54it/s][A
Validation DataLoader 0:  14%|█▍        | 36/250 [01:06<06:33,  0.54it/s][A
Validation DataLoader 0:  15%|█▍        | 37/250 [01:08<06:31,  0.54it/s][A
Validation DataLoader 0:  15%|█▌        | 38/250 [01:09<06:29,  0.54it/s][A
Validation DataLoader 0:  16%|█▌        | 39/250 [01:11<06:27,  0.54it/s][A
Validation DataLoader 0:  16%|█▌        | 40/250 [01:13<06:25,  0.54it/s][A
Validation DataLoader 0:  16%|█▋        | 41/250 [01:15<06:23,  0.55it/s][A
Validation DataLoader 0:  17%|█▋        | 42/250 [01:17<06:21,  0.55it/s][A
Validation DataLoader 0:  17%|█▋        | 43/250 [01:18<06:19,  0.54it/s][A
Validation DataLoader 0:  18%|█▊        | 44/250 [01:20<06:17,  0.55it/s][A
Validation DataLoader 0:  18%|█▊        | 45/250 [01:22<06:15,  0.55it/s][A
Validation DataLoader 0:  18%|█▊        | 46/250 [01:24<06:14,  0.55it/s][A
Validation DataLoader 0:  19%|█▉        | 47/250 [01:26<06:12,  0.54it/s][A
Validation DataLoader 0:  19%|█▉        | 48/250 [01:28<06:10,  0.54it/s][A
Validation DataLoader 0:  20%|█▉        | 49/250 [01:29<06:08,  0.54it/s][A
Validation DataLoader 0:  20%|██        | 50/250 [01:31<06:07,  0.54it/s][A
Validation DataLoader 0:  20%|██        | 51/250 [01:33<06:05,  0.54it/s][A
Validation DataLoader 0:  21%|██        | 52/250 [01:35<06:03,  0.54it/s][A
Validation DataLoader 0:  21%|██        | 53/250 [01:37<06:01,  0.55it/s][A
Validation DataLoader 0:  22%|██▏       | 54/250 [01:39<05:59,  0.54it/s][A
Validation DataLoader 0:  22%|██▏       | 55/250 [01:41<05:58,  0.54it/s][A
Validation DataLoader 0:  22%|██▏       | 56/250 [01:42<05:56,  0.54it/s][A
Validation DataLoader 0:  23%|██▎       | 57/250 [01:44<05:54,  0.54it/s][A
Validation DataLoader 0:  23%|██▎       | 58/250 [01:46<05:52,  0.54it/s][A
Validation DataLoader 0:  24%|██▎       | 59/250 [01:48<05:50,  0.54it/s][A
Validation DataLoader 0:  24%|██▍       | 60/250 [01:50<05:48,  0.54it/s][A
Validation DataLoader 0:  24%|██▍       | 61/250 [01:51<05:46,  0.55it/s][A
Validation DataLoader 0:  25%|██▍       | 62/250 [01:53<05:45,  0.54it/s][A
Validation DataLoader 0:  25%|██▌       | 63/250 [01:55<05:43,  0.54it/s][A
Validation DataLoader 0:  26%|██▌       | 64/250 [01:57<05:41,  0.54it/s][A
Validation DataLoader 0:  26%|██▌       | 65/250 [01:59<05:39,  0.54it/s][A
Validation DataLoader 0:  26%|██▋       | 66/250 [02:01<05:37,  0.54it/s][A
Validation DataLoader 0:  27%|██▋       | 67/250 [02:03<05:36,  0.54it/s][A
Validation DataLoader 0:  27%|██▋       | 68/250 [02:05<05:35,  0.54it/s][A
Validation DataLoader 0:  28%|██▊       | 69/250 [02:07<05:33,  0.54it/s][A
Validation DataLoader 0:  28%|██▊       | 70/250 [02:08<05:31,  0.54it/s][A
Validation DataLoader 0:  28%|██▊       | 71/250 [02:10<05:29,  0.54it/s][A
Validation DataLoader 0:  29%|██▉       | 72/250 [02:12<05:27,  0.54it/s][A
Validation DataLoader 0:  29%|██▉       | 73/250 [02:14<05:25,  0.54it/s][A
Validation DataLoader 0:  30%|██▉       | 74/250 [02:16<05:24,  0.54it/s][A
Validation DataLoader 0:  30%|███       | 75/250 [02:18<05:22,  0.54it/s][A
Validation DataLoader 0:  30%|███       | 76/250 [02:20<05:20,  0.54it/s][A
Validation DataLoader 0:  31%|███       | 77/250 [02:21<05:18,  0.54it/s][A
Validation DataLoader 0:  31%|███       | 78/250 [02:23<05:16,  0.54it/s][A
Validation DataLoader 0:  32%|███▏      | 79/250 [02:25<05:15,  0.54it/s][A
Validation DataLoader 0:  32%|███▏      | 80/250 [02:27<05:13,  0.54it/s][A
Validation DataLoader 0:  32%|███▏      | 81/250 [02:29<05:10,  0.54it/s][A
Validation DataLoader 0:  33%|███▎      | 82/250 [02:30<05:08,  0.54it/s][A
Validation DataLoader 0:  33%|███▎      | 83/250 [02:32<05:07,  0.54it/s][A
Validation DataLoader 0:  34%|███▎      | 84/250 [02:34<05:05,  0.54it/s][A
Validation DataLoader 0:  34%|███▍      | 85/250 [02:36<05:03,  0.54it/s][A
Validation DataLoader 0:  34%|███▍      | 86/250 [02:38<05:01,  0.54it/s][A
Validation DataLoader 0:  35%|███▍      | 87/250 [02:40<04:59,  0.54it/s][A
Validation DataLoader 0:  35%|███▌      | 88/250 [02:41<04:57,  0.54it/s][A
Validation DataLoader 0:  36%|███▌      | 89/250 [02:43<04:55,  0.54it/s][A
Validation DataLoader 0:  36%|███▌      | 90/250 [02:45<04:54,  0.54it/s][A
Validation DataLoader 0:  36%|███▋      | 91/250 [02:47<04:52,  0.54it/s][A
Validation DataLoader 0:  37%|███▋      | 92/250 [02:49<04:50,  0.54it/s][A
Validation DataLoader 0:  37%|███▋      | 93/250 [02:50<04:48,  0.54it/s][A
Validation DataLoader 0:  38%|███▊      | 94/250 [02:52<04:46,  0.54it/s][A
Validation DataLoader 0:  38%|███▊      | 95/250 [02:54<04:45,  0.54it/s][A
Validation DataLoader 0:  38%|███▊      | 96/250 [02:56<04:43,  0.54it/s][A
Validation DataLoader 0:  39%|███▉      | 97/250 [02:58<04:41,  0.54it/s][A
Validation DataLoader 0:  39%|███▉      | 98/250 [03:00<04:39,  0.54it/s][A
Validation DataLoader 0:  40%|███▉      | 99/250 [03:02<04:37,  0.54it/s][A
Validation DataLoader 0:  40%|████      | 100/250 [03:03<04:35,  0.54it/s][A
Validation DataLoader 0:  40%|████      | 101/250 [03:05<04:33,  0.54it/s][A
Validation DataLoader 0:  41%|████      | 102/250 [03:07<04:32,  0.54it/s][A
Validation DataLoader 0:  41%|████      | 103/250 [03:09<04:30,  0.54it/s][A
Validation DataLoader 0:  42%|████▏     | 104/250 [03:11<04:28,  0.54it/s][A
Validation DataLoader 0:  42%|████▏     | 105/250 [03:12<04:26,  0.54it/s][A
Validation DataLoader 0:  42%|████▏     | 106/250 [03:14<04:24,  0.54it/s][A
Validation DataLoader 0:  43%|████▎     | 107/250 [03:16<04:22,  0.54it/s][A
Validation DataLoader 0:  43%|████▎     | 108/250 [03:18<04:20,  0.54it/s][A
Validation DataLoader 0:  44%|████▎     | 109/250 [03:20<04:19,  0.54it/s][A
Validation DataLoader 0:  44%|████▍     | 110/250 [03:22<04:17,  0.54it/s][A
Validation DataLoader 0:  44%|████▍     | 111/250 [03:23<04:15,  0.54it/s][A
Validation DataLoader 0:  45%|████▍     | 112/250 [03:25<04:13,  0.54it/s][A
Validation DataLoader 0:  45%|████▌     | 113/250 [03:27<04:11,  0.54it/s][A
Validation DataLoader 0:  46%|████▌     | 114/250 [03:29<04:09,  0.54it/s][A
Validation DataLoader 0:  46%|████▌     | 115/250 [03:31<04:07,  0.54it/s][A
Validation DataLoader 0:  46%|████▋     | 116/250 [03:32<04:06,  0.54it/s][A
Validation DataLoader 0:  47%|████▋     | 117/250 [03:34<04:04,  0.54it/s][A
Validation DataLoader 0:  47%|████▋     | 118/250 [03:36<04:02,  0.54it/s][A
Validation DataLoader 0:  48%|████▊     | 119/250 [03:38<04:00,  0.54it/s][A
Validation DataLoader 0:  48%|████▊     | 120/250 [03:40<03:58,  0.54it/s][A
Validation DataLoader 0:  48%|████▊     | 121/250 [03:42<03:56,  0.54it/s][A
Validation DataLoader 0:  49%|████▉     | 122/250 [03:43<03:54,  0.55it/s][A
Validation DataLoader 0:  49%|████▉     | 123/250 [03:45<03:53,  0.55it/s][A
Validation DataLoader 0:  50%|████▉     | 124/250 [03:47<03:51,  0.54it/s][A
Validation DataLoader 0:  50%|█████     | 125/250 [03:49<03:49,  0.55it/s][A
Validation DataLoader 0:  50%|█████     | 126/250 [03:50<03:47,  0.55it/s][A
Validation DataLoader 0:  51%|█████     | 127/250 [03:52<03:45,  0.55it/s][A
Validation DataLoader 0:  51%|█████     | 128/250 [03:54<03:43,  0.55it/s][A
Validation DataLoader 0:  52%|█████▏    | 129/250 [03:56<03:41,  0.55it/s][A
Validation DataLoader 0:  52%|█████▏    | 130/250 [03:58<03:39,  0.55it/s][A
Validation DataLoader 0:  52%|█████▏    | 131/250 [03:59<03:37,  0.55it/s][A
Validation DataLoader 0:  53%|█████▎    | 132/250 [04:01<03:36,  0.55it/s][A
Validation DataLoader 0:  53%|█████▎    | 133/250 [04:03<03:34,  0.55it/s][A
Validation DataLoader 0:  54%|█████▎    | 134/250 [04:05<03:32,  0.55it/s][A
Validation DataLoader 0:  54%|█████▍    | 135/250 [04:07<03:30,  0.55it/s][A
Validation DataLoader 0:  54%|█████▍    | 136/250 [04:08<03:28,  0.55it/s][A
Validation DataLoader 0:  55%|█████▍    | 137/250 [04:10<03:26,  0.55it/s][A
Validation DataLoader 0:  55%|█████▌    | 138/250 [04:12<03:24,  0.55it/s][A
Validation DataLoader 0:  56%|█████▌    | 139/250 [04:14<03:23,  0.55it/s][A
Validation DataLoader 0:  56%|█████▌    | 140/250 [04:16<03:21,  0.55it/s][A
Validation DataLoader 0:  56%|█████▋    | 141/250 [04:18<03:19,  0.55it/s][A
Validation DataLoader 0:  57%|█████▋    | 142/250 [04:20<03:17,  0.55it/s][A
Validation DataLoader 0:  57%|█████▋    | 143/250 [04:22<03:16,  0.55it/s][A
Validation DataLoader 0:  58%|█████▊    | 144/250 [04:23<03:14,  0.55it/s][A
Validation DataLoader 0:  58%|█████▊    | 145/250 [04:25<03:12,  0.55it/s][A
Validation DataLoader 0:  58%|█████▊    | 146/250 [04:27<03:10,  0.55it/s][A
Validation DataLoader 0:  59%|█████▉    | 147/250 [04:29<03:08,  0.55it/s][A
Validation DataLoader 0:  59%|█████▉    | 148/250 [04:31<03:06,  0.55it/s][A
Validation DataLoader 0:  60%|█████▉    | 149/250 [04:33<03:05,  0.55it/s][A
Validation DataLoader 0:  60%|██████    | 150/250 [04:34<03:03,  0.55it/s][A
Validation DataLoader 0:  60%|██████    | 151/250 [04:36<03:01,  0.55it/s][A
Validation DataLoader 0:  61%|██████    | 152/250 [04:38<02:59,  0.55it/s][A
Validation DataLoader 0:  61%|██████    | 153/250 [04:40<02:57,  0.55it/s][A
Validation DataLoader 0:  62%|██████▏   | 154/250 [04:42<02:55,  0.55it/s][A
Validation DataLoader 0:  62%|██████▏   | 155/250 [04:44<02:54,  0.55it/s][A
Validation DataLoader 0:  62%|██████▏   | 156/250 [04:45<02:52,  0.55it/s][A
Validation DataLoader 0:  63%|██████▎   | 157/250 [04:47<02:50,  0.55it/s][A
Validation DataLoader 0:  63%|██████▎   | 158/250 [04:49<02:48,  0.55it/s][A
Validation DataLoader 0:  64%|██████▎   | 159/250 [04:51<02:46,  0.55it/s][A
Validation DataLoader 0:  64%|██████▍   | 160/250 [04:53<02:44,  0.55it/s][A
Validation DataLoader 0:  64%|██████▍   | 161/250 [04:55<02:43,  0.55it/s][A
Validation DataLoader 0:  65%|██████▍   | 162/250 [04:57<02:41,  0.55it/s][A
Validation DataLoader 0:  65%|██████▌   | 163/250 [04:58<02:39,  0.55it/s][A
Validation DataLoader 0:  66%|██████▌   | 164/250 [05:00<02:37,  0.55it/s][A
Validation DataLoader 0:  66%|██████▌   | 165/250 [05:02<02:35,  0.55it/s][A
Validation DataLoader 0:  66%|██████▋   | 166/250 [05:04<02:33,  0.55it/s][A
Validation DataLoader 0:  67%|██████▋   | 167/250 [05:06<02:32,  0.55it/s][A
Validation DataLoader 0:  67%|██████▋   | 168/250 [05:07<02:30,  0.55it/s][A
Validation DataLoader 0:  68%|██████▊   | 169/250 [05:09<02:28,  0.55it/s][A
Validation DataLoader 0:  68%|██████▊   | 170/250 [05:11<02:26,  0.55it/s][A
Validation DataLoader 0:  68%|██████▊   | 171/250 [05:13<02:24,  0.55it/s][A
Validation DataLoader 0:  69%|██████▉   | 172/250 [05:15<02:22,  0.55it/s][A
Validation DataLoader 0:  69%|██████▉   | 173/250 [05:17<02:21,  0.55it/s][A
Validation DataLoader 0:  70%|██████▉   | 174/250 [05:18<02:19,  0.55it/s][A
Validation DataLoader 0:  70%|███████   | 175/250 [05:20<02:17,  0.55it/s][A
Validation DataLoader 0:  70%|███████   | 176/250 [05:22<02:15,  0.55it/s][A
Validation DataLoader 0:  71%|███████   | 177/250 [05:24<02:13,  0.55it/s][A
Validation DataLoader 0:  71%|███████   | 178/250 [05:26<02:11,  0.55it/s][A
Validation DataLoader 0:  72%|███████▏  | 179/250 [05:28<02:10,  0.55it/s][A
Validation DataLoader 0:  72%|███████▏  | 180/250 [05:29<02:08,  0.55it/s][A
Validation DataLoader 0:  72%|███████▏  | 181/250 [05:31<02:06,  0.55it/s][A
Validation DataLoader 0:  73%|███████▎  | 182/250 [05:33<02:04,  0.55it/s][A
Validation DataLoader 0:  73%|███████▎  | 183/250 [05:35<02:02,  0.55it/s][A
Validation DataLoader 0:  74%|███████▎  | 184/250 [05:37<02:00,  0.55it/s][A
Validation DataLoader 0:  74%|███████▍  | 185/250 [05:38<01:59,  0.55it/s][A
Validation DataLoader 0:  74%|███████▍  | 186/250 [05:40<01:57,  0.55it/s][A
Validation DataLoader 0:  75%|███████▍  | 187/250 [05:42<01:55,  0.55it/s][A
Validation DataLoader 0:  75%|███████▌  | 188/250 [05:44<01:53,  0.55it/s][A
Validation DataLoader 0:  76%|███████▌  | 189/250 [05:46<01:51,  0.55it/s][A
Validation DataLoader 0:  76%|███████▌  | 190/250 [05:47<01:49,  0.55it/s][A
Validation DataLoader 0:  76%|███████▋  | 191/250 [05:49<01:48,  0.55it/s][A
Validation DataLoader 0:  77%|███████▋  | 192/250 [05:51<01:46,  0.55it/s][A
Validation DataLoader 0:  77%|███████▋  | 193/250 [05:53<01:44,  0.55it/s][A
Validation DataLoader 0:  78%|███████▊  | 194/250 [05:55<01:42,  0.55it/s][A
Validation DataLoader 0:  78%|███████▊  | 195/250 [05:57<01:40,  0.55it/s][A
Validation DataLoader 0:  78%|███████▊  | 196/250 [05:58<01:38,  0.55it/s][A
Validation DataLoader 0:  79%|███████▉  | 197/250 [06:00<01:37,  0.55it/s][A
Validation DataLoader 0:  79%|███████▉  | 198/250 [06:02<01:35,  0.55it/s][A
Validation DataLoader 0:  80%|███████▉  | 199/250 [06:04<01:33,  0.55it/s][A
Validation DataLoader 0:  80%|████████  | 200/250 [06:06<01:31,  0.55it/s][A
Validation DataLoader 0:  80%|████████  | 201/250 [06:07<01:29,  0.55it/s][A
Validation DataLoader 0:  81%|████████  | 202/250 [06:09<01:27,  0.55it/s][A
Validation DataLoader 0:  81%|████████  | 203/250 [06:11<01:26,  0.55it/s][A
Validation DataLoader 0:  82%|████████▏ | 204/250 [06:13<01:24,  0.55it/s][A
Validation DataLoader 0:  82%|████████▏ | 205/250 [06:15<01:22,  0.55it/s][A
Validation DataLoader 0:  82%|████████▏ | 206/250 [06:16<01:20,  0.55it/s][A
Validation DataLoader 0:  83%|████████▎ | 207/250 [06:18<01:18,  0.55it/s][A
Validation DataLoader 0:  83%|████████▎ | 208/250 [06:20<01:16,  0.55it/s][A
Validation DataLoader 0:  84%|████████▎ | 209/250 [06:22<01:15,  0.55it/s][A
Validation DataLoader 0:  84%|████████▍ | 210/250 [06:24<01:13,  0.55it/s][A
Validation DataLoader 0:  84%|████████▍ | 211/250 [06:26<01:11,  0.55it/s][A
Validation DataLoader 0:  85%|████████▍ | 212/250 [06:28<01:09,  0.55it/s][A
Validation DataLoader 0:  85%|████████▌ | 213/250 [06:30<01:07,  0.55it/s][A
Validation DataLoader 0:  86%|████████▌ | 214/250 [06:31<01:05,  0.55it/s][A
Validation DataLoader 0:  86%|████████▌ | 215/250 [06:33<01:04,  0.55it/s][A
Validation DataLoader 0:  86%|████████▋ | 216/250 [06:35<01:02,  0.55it/s][A
Validation DataLoader 0:  87%|████████▋ | 217/250 [06:37<01:00,  0.55it/s][A
Validation DataLoader 0:  87%|████████▋ | 218/250 [06:39<00:58,  0.55it/s][A
Validation DataLoader 0:  88%|████████▊ | 219/250 [06:41<00:56,  0.55it/s][A
Validation DataLoader 0:  88%|████████▊ | 220/250 [06:42<00:54,  0.55it/s][A
Validation DataLoader 0:  88%|████████▊ | 221/250 [06:44<00:53,  0.55it/s][A
Validation DataLoader 0:  89%|████████▉ | 222/250 [06:46<00:51,  0.55it/s][A
Validation DataLoader 0:  89%|████████▉ | 223/250 [06:48<00:49,  0.55it/s][A
Validation DataLoader 0:  90%|████████▉ | 224/250 [06:50<00:47,  0.55it/s][A
Validation DataLoader 0:  90%|█████████ | 225/250 [06:52<00:45,  0.55it/s][A
Validation DataLoader 0:  90%|█████████ | 226/250 [06:53<00:43,  0.55it/s][A
Validation DataLoader 0:  91%|█████████ | 227/250 [06:55<00:42,  0.55it/s][A
Validation DataLoader 0:  91%|█████████ | 228/250 [06:57<00:40,  0.55it/s][A
Validation DataLoader 0:  92%|█████████▏| 229/250 [06:59<00:38,  0.55it/s][A
Validation DataLoader 0:  92%|█████████▏| 230/250 [07:01<00:36,  0.55it/s][A
Validation DataLoader 0:  92%|█████████▏| 231/250 [07:03<00:34,  0.55it/s][A
Validation DataLoader 0:  93%|█████████▎| 232/250 [07:04<00:32,  0.55it/s][A
Validation DataLoader 0:  93%|█████████▎| 233/250 [07:06<00:31,  0.55it/s][A
Validation DataLoader 0:  94%|█████████▎| 234/250 [07:08<00:29,  0.55it/s][A
Validation DataLoader 0:  94%|█████████▍| 235/250 [07:10<00:27,  0.55it/s][A
Validation DataLoader 0:  94%|█████████▍| 236/250 [07:12<00:25,  0.55it/s][A
Validation DataLoader 0:  95%|█████████▍| 237/250 [07:13<00:23,  0.55it/s][A
Validation DataLoader 0:  95%|█████████▌| 238/250 [07:15<00:21,  0.55it/s][A
Validation DataLoader 0:  96%|█████████▌| 239/250 [07:17<00:20,  0.55it/s][A
Validation DataLoader 0:  96%|█████████▌| 240/250 [07:19<00:18,  0.55it/s][A
Validation DataLoader 0:  96%|█████████▋| 241/250 [07:20<00:16,  0.55it/s][A
Validation DataLoader 0:  97%|█████████▋| 242/250 [07:22<00:14,  0.55it/s][A
Validation DataLoader 0:  97%|█████████▋| 243/250 [07:24<00:12,  0.55it/s][A
Validation DataLoader 0:  98%|█████████▊| 244/250 [07:26<00:10,  0.55it/s][A
Validation DataLoader 0:  98%|█████████▊| 245/250 [07:28<00:09,  0.55it/s][A
Validation DataLoader 0:  98%|█████████▊| 246/250 [07:29<00:07,  0.55it/s][A
Validation DataLoader 0:  99%|█████████▉| 247/250 [07:31<00:05,  0.55it/s][A
Validation DataLoader 0:  99%|█████████▉| 248/250 [07:33<00:03,  0.55it/s][A
Validation DataLoader 0: 100%|█████████▉| 249/250 [07:35<00:01,  0.55it/s][A
Validation DataLoader 0: 100%|██████████| 250/250 [07:37<00:00,  0.55it/s][A

Testing DataLoader 0: 100%|██████████| 250/250 [07:40<00:00,  0.54it/s]
────────────────────────────────────────────────────────────────────────────────────────────────────────────────────────
       Test metric             DataLoader 0
────────────────────────────────────────────────────────────────────────────────────────────────────────────────────────
         metric             0.6050000190734863
         test_hr            0.6275933384895325
  test_prediction_valid     0.9639999866485596
────────────────────────────────────────────────────────────────────────────────────────────────────────────────────────
FINAL_RESULT {"method": "LLaRA", "dataset": "amazon-all-beauty", "validation": {"val_prediction_valid": 0.9620000123977661, "val_hr": 0.6070685982704163, "metric": 0.5839999914169312}, "test": {"test_prediction_valid": 0.9639999866485596, "test_hr": 0.6275933384895325, "metric": 0.6050000190734863}, "num_users": 1603, "num_items": 4090, "train_interactions": 8445, "train_examples": 6842, "validation_examples": 1000, "test_examples": 1000, "visible_gpus": 1, "interaction_cache": "/workspace/P78123011/cache/mamba_multi_agent_data/amazon-all-beauty_90e3e920169a.pkl", "rec_model_cache": "/workspace/P78123011/cache/llara/amazon-all-beauty_99e895c60f74_sasrec.pt"}
