source_table,dataset,split,cohort,lag_bin,lag_start,lag_end,metric,mean,ci_low,ci_high,n_users,n_positions,units,status,lag,mean_margin_influence,help_percent,hurt_percent,neutral_percent,recent_items,mean_percent,median_percent,q25_percent,q75_percent
alignment_summary.csv,amazon-all-beauty,test,all_available,1,1,1,raw_cosine,0.17210537729134134,0.16063667233033307,0.18359846213372907,1457,1457,cosine,estimated,,,,,,,,,,
alignment_summary.csv,amazon-all-beauty,test,all_available,1,1,1,random_cosine,0.08896582416919052,0.0877243673080526,0.09016474105332074,1457,1457,cosine,estimated,,,,,,,,,,
alignment_summary.csv,amazon-all-beauty,test,all_available,1,1,1,excess_cosine,0.08313955312215084,0.07156450837699078,0.09479123629709832,1457,1457,cosine,estimated,,,,,,,,,,
alignment_summary.csv,amazon-all-beauty,test,all_available,1,1,1,raw_cosine_z,1.4171753453095262,1.2275349825988178,1.6072188406811032,1457,1457,within_subset_z,estimated,,,,,,,,,,
alignment_summary.csv,amazon-all-beauty,test,all_available,1,1,1,random_cosine_z,0.04242422360094216,0.021896157857136132,0.062248871068938526,1457,1457,within_subset_z,estimated,,,,,,,,,,
alignment_summary.csv,amazon-all-beauty,test,all_available,1,1,1,excess_cosine_z,1.374751121708584,1.1833523812816744,1.5674171141636768,1457,1457,within_subset_z,estimated,,,,,,,,,,
alignment_summary.csv,amazon-all-beauty,test,all_available,1,1,1,raw_cluster_match,0.19766643788606725,0.17707618393960192,0.2189430336307481,1457,1457,probability_difference,estimated,,,,,,,,,,
alignment_summary.csv,amazon-all-beauty,test,all_available,1,1,1,random_cluster_match,0.06273164035689774,0.05926561427590941,0.06606125600549075,1457,1457,probability_difference,estimated,,,,,,,,,,
alignment_summary.csv,amazon-all-beauty,test,all_available,1,1,1,excess_cluster_match,0.1349347975291695,0.11386238846945777,0.1561101578586136,1457,1457,probability_difference,estimated,,,,,,,,,,
alignment_summary.csv,amazon-all-beauty,test,all_available,1,1,1,history_normalized_cluster_match,-0.002006044420825412,-0.016878825286554808,0.01227744187978395,1457,1457,probability_difference,estimated,,,,,,,,,,
alignment_summary.csv,amazon-all-beauty,test,all_available,2,2,2,raw_cosine,0.17395374728155794,0.1619341906257595,0.18591343436641689,1457,1457,cosine,estimated,,,,,,,,,,
alignment_summary.csv,amazon-all-beauty,test,all_available,2,2,2,random_cosine,0.08885709256670127,0.08760554667826877,0.09009952180754897,1457,1457,cosine,estimated,,,,,,,,,,
alignment_summary.csv,amazon-all-beauty,test,all_available,2,2,2,excess_cosine,0.08509665471485668,0.07348756363083894,0.09704812239670477,1457,1457,cosine,estimated,,,,,,,,,,
alignment_summary.csv,amazon-all-beauty,test,all_available,2,2,2,raw_cosine_z,1.4477390014991305,1.2489900501940705,1.6454979816446822,1457,1457,within_subset_z,estimated,,,,,,,,,,
alignment_summary.csv,amazon-all-beauty,test,all_available,2,2,2,random_cosine_z,0.04062629605774675,0.01993140356218049,0.06117044055163696,1457,1457,within_subset_z,estimated,,,,,,,,,,
alignment_summary.csv,amazon-all-beauty,test,all_available,2,2,2,excess_cosine_z,1.4071127054413837,1.2151509929900042,1.6047357739409784,1457,1457,within_subset_z,estimated,,,,,,,,,,
alignment_summary.csv,amazon-all-beauty,test,all_available,2,2,2,raw_cluster_match,0.19080301990391216,0.17158544955387783,0.21139327385037748,1457,1457,probability_difference,estimated,,,,,,,,,,
alignment_summary.csv,amazon-all-beauty,test,all_available,2,2,2,random_cluster_match,0.06358956760466712,0.060089224433768025,0.06715854495538778,1457,1457,probability_difference,estimated,,,,,,,,,,
alignment_summary.csv,amazon-all-beauty,test,all_available,2,2,2,excess_cluster_match,0.12721345229924505,0.10819406314344542,0.1477711050102951,1457,1457,probability_difference,estimated,,,,,,,,,,
alignment_summary.csv,amazon-all-beauty,test,all_available,2,2,2,history_normalized_cluster_match,-0.008869462402980527,-0.022354090120246105,0.005221211278582701,1457,1457,probability_difference,estimated,,,,,,,,,,
alignment_summary.csv,amazon-all-beauty,test,all_available,3-4,3,4,raw_cosine,0.19564424802209865,0.18189082170522577,0.20999385672357915,1290,2297,cosine,estimated,,,,,,,,,,
alignment_summary.csv,amazon-all-beauty,test,all_available,3-4,3,4,random_cosine,0.08862310343154872,0.08742745612495283,0.08988510701115886,1290,2297,cosine,estimated,,,,,,,,,,
alignment_summary.csv,amazon-all-beauty,test,all_available,3-4,3,4,excess_cosine,0.10702114459054993,0.09334929644654491,0.12126736273941252,1290,2297,cosine,estimated,,,,,,,,,,
alignment_summary.csv,amazon-all-beauty,test,all_available,3-4,3,4,raw_cosine_z,1.8064015045278423,1.578982213150634,2.043678948507556,1290,2297,within_subset_z,estimated,,,,,,,,,,
alignment_summary.csv,amazon-all-beauty,test,all_available,3-4,3,4,random_cosine_z,0.03675717704112221,0.016986593556080405,0.05762499231696643,1290,2297,within_subset_z,estimated,,,,,,,,,,
alignment_summary.csv,amazon-all-beauty,test,all_available,3-4,3,4,excess_cosine_z,1.7696443274867204,1.543573969083595,2.005212160663298,1290,2297,within_subset_z,estimated,,,,,,,,,,
alignment_summary.csv,amazon-all-beauty,test,all_available,3-4,3,4,raw_cluster_match,0.1996124031007752,0.1806201550387597,0.2193798449612403,1290,2297,probability_difference,estimated,,,,,,,,,,
alignment_summary.csv,amazon-all-beauty,test,all_available,3-4,3,4,random_cluster_match,0.06261627906976745,0.05947674418604651,0.06581443798449613,1290,2297,probability_difference,estimated,,,,,,,,,,
alignment_summary.csv,amazon-all-beauty,test,all_available,3-4,3,4,excess_cluster_match,0.13699612403100778,0.11776744186046513,0.15678391472868217,1290,2297,probability_difference,estimated,,,,,,,,,,
alignment_summary.csv,amazon-all-beauty,test,all_available,3-4,3,4,history_normalized_cluster_match,0.008199374634773157,-0.00258510879357187,0.01994245533057048,1290,2297,probability_difference,estimated,,,,,,,,,,
alignment_summary.csv,amazon-all-beauty,test,all_available,5-8,5,8,raw_cosine,0.20172673610584763,0.18033465925670464,0.2234476220489468,669,1800,cosine,estimated,,,,,,,,,,
alignment_summary.csv,amazon-all-beauty,test,all_available,5-8,5,8,random_cosine,0.09128900290864525,0.08955553618498012,0.09297132962971497,669,1800,cosine,estimated,,,,,,,,,,
alignment_summary.csv,amazon-all-beauty,test,all_available,5-8,5,8,excess_cosine,0.11043773319720239,0.0893294514768131,0.13247161659918583,669,1800,cosine,estimated,,,,,,,,,,
alignment_summary.csv,amazon-all-beauty,test,all_available,5-8,5,8,raw_cosine_z,1.9069782697604807,1.5532503443670473,2.266143206224687,669,1800,within_subset_z,estimated,,,,,,,,,,
alignment_summary.csv,amazon-all-beauty,test,all_available,5-8,5,8,random_cosine_z,0.08083906296509559,0.05217538565013745,0.10865711658721362,669,1800,within_subset_z,estimated,,,,,,,,,,
alignment_summary.csv,amazon-all-beauty,test,all_available,5-8,5,8,excess_cosine_z,1.8261392067953852,1.4771039656531693,2.19047970160137,669,1800,within_subset_z,estimated,,,,,,,,,,
alignment_summary.csv,amazon-all-beauty,test,all_available,5-8,5,8,raw_cluster_match,0.19643746885899355,0.16965308918784255,0.22334329845540607,669,1800,probability_difference,estimated,,,,,,,,,,
alignment_summary.csv,amazon-all-beauty,test,all_available,5-8,5,8,random_cluster_match,0.061428749377179875,0.05723047458893872,0.06565800946686598,669,1800,probability_difference,estimated,,,,,,,,,,
alignment_summary.csv,amazon-all-beauty,test,all_available,5-8,5,8,excess_cluster_match,0.13500871948181364,0.10781639262580966,0.16157853761833582,669,1800,probability_difference,estimated,,,,,,,,,,
alignment_summary.csv,amazon-all-beauty,test,all_available,5-8,5,8,history_normalized_cluster_match,0.03873023409893977,0.022891990222375383,0.054705953183497816,669,1800,probability_difference,estimated,,,,,,,,,,
alignment_summary.csv,amazon-all-beauty,test,all_available,9-16,9,16,raw_cosine,0.1197884580356748,0.1055363252696481,0.13551628691511144,249,1322,cosine,estimated,,,,,,,,,,
alignment_summary.csv,amazon-all-beauty,test,all_available,9-16,9,16,random_cosine,0.09246312986040939,0.08990630896070602,0.09500000086076851,249,1322,cosine,estimated,,,,,,,,,,
alignment_summary.csv,amazon-all-beauty,test,all_available,9-16,9,16,excess_cosine,0.027325328175265423,0.013862262847691518,0.042655278475849406,249,1322,cosine,estimated,,,,,,,,,,
alignment_summary.csv,amazon-all-beauty,test,all_available,9-16,9,16,raw_cosine_z,0.5520907889204125,0.3164251548022192,0.8121577436017634,249,1322,within_subset_z,estimated,,,,,,,,,,
alignment_summary.csv,amazon-all-beauty,test,all_available,9-16,9,16,random_cosine_z,0.10025379738872778,0.05797557639912451,0.14220213752774302,249,1322,within_subset_z,estimated,,,,,,,,,,
alignment_summary.csv,amazon-all-beauty,test,all_available,9-16,9,16,excess_cosine_z,0.4518369915316847,0.22921895395906036,0.7053248391329455,249,1322,within_subset_z,estimated,,,,,,,,,,
alignment_summary.csv,amazon-all-beauty,test,all_available,9-16,9,16,raw_cluster_match,0.11469688276917193,0.08806368330464716,0.14189782941288964,249,1322,probability_difference,estimated,,,,,,,,,,
alignment_summary.csv,amazon-all-beauty,test,all_available,9-16,9,16,random_cluster_match,0.06418555173073245,0.05793531865557469,0.07066357692675464,249,1322,probability_difference,estimated,,,,,,,,,,
alignment_summary.csv,amazon-all-beauty,test,all_available,9-16,9,16,excess_cluster_match,0.05051133103843948,0.02505735441767068,0.0766341915280168,249,1322,probability_difference,estimated,,,,,,,,,,
alignment_summary.csv,amazon-all-beauty,test,all_available,9-16,9,16,history_normalized_cluster_match,0.03583305772729102,0.014704260080684513,0.05740629453130386,249,1322,probability_difference,estimated,,,,,,,,,,
alignment_summary.csv,amazon-all-beauty,test,all_available,17-32,17,32,raw_cosine,0.1062554193873744,0.09601994795411994,0.11741851310162561,92,860,cosine,exploratory_n_lt_100,,,,,,,,,,
alignment_summary.csv,amazon-all-beauty,test,all_available,17-32,17,32,random_cosine,0.09094513173211076,0.08713933027319376,0.09547698045346803,92,860,cosine,exploratory_n_lt_100,,,,,,,,,,
alignment_summary.csv,amazon-all-beauty,test,all_available,17-32,17,32,excess_cosine,0.015310287655263655,0.005322241124450915,0.026578111638427524,92,860,cosine,exploratory_n_lt_100,,,,,,,,,,
alignment_summary.csv,amazon-all-beauty,test,all_available,17-32,17,32,raw_cosine_z,0.3283157099932709,0.15906743638986384,0.5129026488099543,92,860,within_subset_z,exploratory_n_lt_100,,,,,,,,,,
alignment_summary.csv,amazon-all-beauty,test,all_available,17-32,17,32,random_cosine_z,0.0751529933639096,0.012222298788738449,0.15008921660708735,92,860,within_subset_z,exploratory_n_lt_100,,,,,,,,,,
alignment_summary.csv,amazon-all-beauty,test,all_available,17-32,17,32,excess_cosine_z,0.2531627166293613,0.0880057286944095,0.43948141908029253,92,860,within_subset_z,exploratory_n_lt_100,,,,,,,,,,
alignment_summary.csv,amazon-all-beauty,test,all_available,17-32,17,32,raw_cluster_match,0.10375940484636137,0.07071032794198553,0.14594381049204416,92,860,probability_difference,exploratory_n_lt_100,,,,,,,,,,
alignment_summary.csv,amazon-all-beauty,test,all_available,17-32,17,32,random_cluster_match,0.06219825162759945,0.05316464308261183,0.07239735389157942,92,860,probability_difference,exploratory_n_lt_100,,,,,,,,,,
alignment_summary.csv,amazon-all-beauty,test,all_available,17-32,17,32,excess_cluster_match,0.041561153218761915,0.011514115884869959,0.07897221490767682,92,860,probability_difference,exploratory_n_lt_100,,,,,,,,,,
alignment_summary.csv,amazon-all-beauty,test,all_available,17-32,17,32,history_normalized_cluster_match,0.04534612036420827,0.014288895767423752,0.08521881225359566,92,860,probability_difference,exploratory_n_lt_100,,,,,,,,,,
alignment_summary.csv,amazon-all-beauty,test,all_available,33-64,33,64,raw_cosine,0.12139733179978306,0.09428281235018458,0.14988825891351085,28,376,cosine,exploratory_n_lt_100,,,,,,,,,,
alignment_summary.csv,amazon-all-beauty,test,all_available,33-64,33,64,random_cosine,0.0904564848526322,0.08265960742995794,0.09882895576383466,28,376,cosine,exploratory_n_lt_100,,,,,,,,,,
alignment_summary.csv,amazon-all-beauty,test,all_available,33-64,33,64,excess_cosine,0.030940846947150862,0.004288710215273456,0.06012247937103467,28,376,cosine,exploratory_n_lt_100,,,,,,,,,,
alignment_summary.csv,amazon-all-beauty,test,all_available,33-64,33,64,raw_cosine_z,0.5786942637868903,0.13034309243577358,1.0498049750817684,28,376,within_subset_z,exploratory_n_lt_100,,,,,,,,,,
alignment_summary.csv,amazon-all-beauty,test,all_available,33-64,33,64,random_cosine_z,0.06707299027926969,-0.06185199885192602,0.20551568505460968,28,376,within_subset_z,exploratory_n_lt_100,,,,,,,,,,
alignment_summary.csv,amazon-all-beauty,test,all_available,33-64,33,64,excess_cosine_z,0.5116212735076204,0.07091581512914581,0.9941531178763313,28,376,within_subset_z,exploratory_n_lt_100,,,,,,,,,,
alignment_summary.csv,amazon-all-beauty,test,all_available,33-64,33,64,raw_cluster_match,0.15016788766788766,0.08767529407596371,0.2153992851146869,28,376,probability_difference,exploratory_n_lt_100,,,,,,,,,,
alignment_summary.csv,amazon-all-beauty,test,all_available,33-64,33,64,random_cluster_match,0.07062733025902669,0.05277411136730333,0.08952454232895078,28,376,probability_difference,exploratory_n_lt_100,,,,,,,,,,
alignment_summary.csv,amazon-all-beauty,test,all_available,33-64,33,64,excess_cluster_match,0.07954055740886097,0.010817101580215413,0.1526849735086342,28,376,probability_difference,exploratory_n_lt_100,,,,,,,,,,
alignment_summary.csv,amazon-all-beauty,test,all_available,33-64,33,64,history_normalized_cluster_match,0.09771383080897678,0.03843049207284129,0.15987763958906773,28,376,probability_difference,exploratory_n_lt_100,,,,,,,,,,
alignment_summary.csv,amazon-all-beauty,test,all_available,65-100,65,100,raw_cosine,0.2645697551789463,0.07075965652863184,0.63298206239418,5,78,cosine,exploratory_n_lt_100,,,,,,,,,,
alignment_summary.csv,amazon-all-beauty,test,all_available,65-100,65,100,random_cosine,0.08474701824695771,0.06919406246807838,0.10029997402583704,5,78,cosine,exploratory_n_lt_100,,,,,,,,,,
alignment_summary.csv,amazon-all-beauty,test,all_available,65-100,65,100,excess_cosine,0.1798227369319886,-0.014206962230487993,0.5618376854807139,5,78,cosine,exploratory_n_lt_100,,,,,,,,,,
alignment_summary.csv,amazon-all-beauty,test,all_available,65-100,65,100,raw_cosine_z,2.946116775056086,-0.25862321346068556,9.037985369192779,5,78,within_subset_z,exploratory_n_lt_100,,,,,,,,,,
alignment_summary.csv,amazon-all-beauty,test,all_available,65-100,65,100,random_cosine_z,-0.027335691578528675,-0.28451103832936064,0.22983965517230326,5,78,within_subset_z,exploratory_n_lt_100,,,,,,,,,,
alignment_summary.csv,amazon-all-beauty,test,all_available,65-100,65,100,excess_cosine_z,2.9734524666346145,-0.2349187183354154,9.290247052422263,5,78,within_subset_z,exploratory_n_lt_100,,,,,,,,,,
alignment_summary.csv,amazon-all-beauty,test,all_available,65-100,65,100,raw_cluster_match,0.2175627240143369,0.0064516129032258064,0.611111111111111,5,78,probability_difference,exploratory_n_lt_100,,,,,,,,,,
alignment_summary.csv,amazon-all-beauty,test,all_available,65-100,65,100,random_cluster_match,0.0660663082437276,0.02638888888888889,0.09912186379928314,5,78,probability_difference,exploratory_n_lt_100,,,,,,,,,,
alignment_summary.csv,amazon-all-beauty,test,all_available,65-100,65,100,excess_cluster_match,0.15149641577060932,-0.07527777777777778,0.5801075268817204,5,78,probability_difference,exploratory_n_lt_100,,,,,,,,,,
alignment_summary.csv,amazon-all-beauty,test,all_available,65-100,65,100,history_normalized_cluster_match,0.17270056862586575,-0.029991645781119465,0.5546554558439108,5,78,probability_difference,exploratory_n_lt_100,,,,,,,,,,
alignment_summary.csv,amazon-all-beauty,test,fixed_K8,1,1,1,raw_cosine,0.1068763495164199,0.09762585932298357,0.11820334786736768,288,288,cosine,estimated,,,,,,,,,,
alignment_summary.csv,amazon-all-beauty,test,fixed_K8,1,1,1,random_cosine,0.09091539882744352,0.08825992730982965,0.09352829889362006,288,288,cosine,estimated,,,,,,,,,,
alignment_summary.csv,amazon-all-beauty,test,fixed_K8,1,1,1,excess_cosine,0.01596095068897638,0.006496777111088805,0.02719625207593909,288,288,cosine,estimated,,,,,,,,,,
alignment_summary.csv,amazon-all-beauty,test,fixed_K8,1,1,1,raw_cosine_z,0.33858307804315413,0.18562192667520627,0.5258802561465561,288,288,within_subset_z,estimated,,,,,,,,,,
alignment_summary.csv,amazon-all-beauty,test,fixed_K8,1,1,1,random_cosine_z,0.07466134597698083,0.030751891205900897,0.11786686202793956,288,288,within_subset_z,estimated,,,,,,,,,,
alignment_summary.csv,amazon-all-beauty,test,fixed_K8,1,1,1,excess_cosine_z,0.26392173206617336,0.10742722669963914,0.4497026582851019,288,288,within_subset_z,estimated,,,,,,,,,,
alignment_summary.csv,amazon-all-beauty,test,fixed_K8,1,1,1,raw_cluster_match,0.10416666666666667,0.06944444444444445,0.1423611111111111,288,288,probability_difference,estimated,,,,,,,,,,
alignment_summary.csv,amazon-all-beauty,test,fixed_K8,1,1,1,random_cluster_match,0.06406250000000001,0.05642361111111111,0.07153211805555554,288,288,probability_difference,estimated,,,,,,,,,,
alignment_summary.csv,amazon-all-beauty,test,fixed_K8,1,1,1,excess_cluster_match,0.04010416666666667,0.005208333333333332,0.07882378472222219,288,288,probability_difference,estimated,,,,,,,,,,
alignment_summary.csv,amazon-all-beauty,test,fixed_K8,1,1,1,history_normalized_cluster_match,0.026590783541006066,-0.005576872624428899,0.06233441036152232,288,288,probability_difference,estimated,,,,,,,,,,
alignment_summary.csv,amazon-all-beauty,test,fixed_K8,2,2,2,raw_cosine,0.10709628559480835,0.09781068549046823,0.11822449098528726,288,288,cosine,estimated,,,,,,,,,,
alignment_summary.csv,amazon-all-beauty,test,fixed_K8,2,2,2,random_cosine,0.09284245264199045,0.09035387287052193,0.0955855485847375,288,288,cosine,estimated,,,,,,,,,,
alignment_summary.csv,amazon-all-beauty,test,fixed_K8,2,2,2,excess_cosine,0.014253832952817902,0.005074428975139098,0.02503620091455458,288,288,cosine,estimated,,,,,,,,,,
alignment_summary.csv,amazon-all-beauty,test,fixed_K8,2,2,2,raw_cosine_z,0.3422198232398054,0.18867811318967223,0.5262298674204302,288,288,within_subset_z,estimated,,,,,,,,,,
alignment_summary.csv,amazon-all-beauty,test,fixed_K8,2,2,2,random_cosine_z,0.1065260757434362,0.06537625350105353,0.15188444107774604,288,288,within_subset_z,estimated,,,,,,,,,,
alignment_summary.csv,amazon-all-beauty,test,fixed_K8,2,2,2,excess_cosine_z,0.23569374749636918,0.08390803971911637,0.4139852091824063,288,288,within_subset_z,estimated,,,,,,,,,,
alignment_summary.csv,amazon-all-beauty,test,fixed_K8,2,2,2,raw_cluster_match,0.09722222222222222,0.06597222222222222,0.13194444444444445,288,288,probability_difference,estimated,,,,,,,,,,
alignment_summary.csv,amazon-all-beauty,test,fixed_K8,2,2,2,random_cluster_match,0.06614583333333333,0.05867621527777777,0.07447916666666668,288,288,probability_difference,estimated,,,,,,,,,,
alignment_summary.csv,amazon-all-beauty,test,fixed_K8,2,2,2,excess_cluster_match,0.03107638888888888,-0.00035156250000000535,0.06719184027777775,288,288,probability_difference,estimated,,,,,,,,,,
alignment_summary.csv,amazon-all-beauty,test,fixed_K8,2,2,2,history_normalized_cluster_match,0.019646339096561622,-0.010757871799336897,0.05354612037996162,288,288,probability_difference,estimated,,,,,,,,,,
alignment_summary.csv,amazon-all-beauty,test,fixed_K8,3-4,3,4,raw_cosine,0.10509738141748433,0.09692435718995208,0.11478058422140344,288,576,cosine,estimated,,,,,,,,,,
alignment_summary.csv,amazon-all-beauty,test,fixed_K8,3-4,3,4,random_cosine,0.0911223074589442,0.088653208894377,0.09379682452660443,288,576,cosine,estimated,,,,,,,,,,
alignment_summary.csv,amazon-all-beauty,test,fixed_K8,3-4,3,4,excess_cosine,0.013975073958540129,0.005944154547250946,0.023425451480175566,288,576,cosine,estimated,,,,,,,,,,
alignment_summary.csv,amazon-all-beauty,test,fixed_K8,3-4,3,4,raw_cosine_z,0.3091670143568091,0.17402226312097613,0.4692832696951216,288,576,within_subset_z,estimated,,,,,,,,,,
alignment_summary.csv,amazon-all-beauty,test,fixed_K8,3-4,3,4,random_cosine_z,0.07808267628926717,0.0372549848502637,0.12230705807530569,288,576,within_subset_z,estimated,,,,,,,,,,
alignment_summary.csv,amazon-all-beauty,test,fixed_K8,3-4,3,4,excess_cosine_z,0.23108433806754192,0.09828935596317545,0.3873507192369216,288,576,within_subset_z,estimated,,,,,,,,,,
alignment_summary.csv,amazon-all-beauty,test,fixed_K8,3-4,3,4,raw_cluster_match,0.0920138888888889,0.06597222222222222,0.11979166666666667,288,576,probability_difference,estimated,,,,,,,,,,
alignment_summary.csv,amazon-all-beauty,test,fixed_K8,3-4,3,4,random_cluster_match,0.06128472222222222,0.05581597222222223,0.06727430555555555,288,576,probability_difference,estimated,,,,,,,,,,
alignment_summary.csv,amazon-all-beauty,test,fixed_K8,3-4,3,4,excess_cluster_match,0.030729166666666665,0.005117187499999996,0.05824869791666666,288,576,probability_difference,estimated,,,,,,,,,,
alignment_summary.csv,amazon-all-beauty,test,fixed_K8,3-4,3,4,history_normalized_cluster_match,0.014438005763228297,-0.009546472453292865,0.03908080479745453,288,576,probability_difference,estimated,,,,,,,,,,
alignment_summary.csv,amazon-all-beauty,test,fixed_K8,5-8,5,8,raw_cosine,0.10916921606258256,0.10016486067379446,0.12017632702682021,288,1152,cosine,estimated,,,,,,,,,,
alignment_summary.csv,amazon-all-beauty,test,fixed_K8,5-8,5,8,random_cosine,0.0932119791331287,0.09071388938100428,0.0956102397144908,288,1152,cosine,estimated,,,,,,,,,,
alignment_summary.csv,amazon-all-beauty,test,fixed_K8,5-8,5,8,excess_cosine,0.015957236929453857,0.007210783333539438,0.026379004534687223,288,1152,cosine,estimated,,,,,,,,,,
alignment_summary.csv,amazon-all-beauty,test,fixed_K8,5-8,5,8,raw_cosine_z,0.3764966912139398,0.2276054931482972,0.5585043828192118,288,1152,within_subset_z,estimated,,,,,,,,,,
alignment_summary.csv,amazon-all-beauty,test,fixed_K8,5-8,5,8,random_cosine_z,0.11263636788617815,0.07132929369712038,0.1522927203750225,288,1152,within_subset_z,estimated,,,,,,,,,,
alignment_summary.csv,amazon-all-beauty,test,fixed_K8,5-8,5,8,excess_cosine_z,0.26386032332776166,0.11923365117943824,0.436189090652631,288,1152,within_subset_z,estimated,,,,,,,,,,
alignment_summary.csv,amazon-all-beauty,test,fixed_K8,5-8,5,8,raw_cluster_match,0.09288194444444445,0.07376302083333333,0.11458333333333333,288,1152,probability_difference,estimated,,,,,,,,,,
alignment_summary.csv,amazon-all-beauty,test,fixed_K8,5-8,5,8,random_cluster_match,0.06289062500000002,0.05776909722222222,0.06853298611111111,288,1152,probability_difference,estimated,,,,,,,,,,
alignment_summary.csv,amazon-all-beauty,test,fixed_K8,5-8,5,8,excess_cluster_match,0.029991319444444442,0.011240234374999996,0.050957031249999986,288,1152,probability_difference,estimated,,,,,,,,,,
alignment_summary.csv,amazon-all-beauty,test,fixed_K8,5-8,5,8,history_normalized_cluster_match,0.01530606131878385,-6.951733659356886e-05,0.03233726507433091,288,1152,probability_difference,estimated,,,,,,,,,,
alignment_summary.csv,amazon-all-beauty,test,fixed_K16,1,1,1,raw_cosine,0.10296736012789465,0.08843941334834589,0.11861697215919514,105,105,cosine,estimated,,,,,,,,,,
alignment_summary.csv,amazon-all-beauty,test,fixed_K16,1,1,1,random_cosine,0.09104285453047072,0.08663243240366379,0.09565508046675296,105,105,cosine,estimated,,,,,,,,,,
alignment_summary.csv,amazon-all-beauty,test,fixed_K16,1,1,1,excess_cosine,0.011924505597423939,-0.002963349075012264,0.027326703474058633,105,105,cosine,estimated,,,,,,,,,,
alignment_summary.csv,amazon-all-beauty,test,fixed_K16,1,1,1,raw_cosine_z,0.2739461231304115,0.03371977620786512,0.5327197259031505,105,105,within_subset_z,estimated,,,,,,,,,,
alignment_summary.csv,amazon-all-beauty,test,fixed_K16,1,1,1,random_cosine_z,0.07676888521822922,0.0038405071076576336,0.15303418303816782,105,105,within_subset_z,estimated,,,,,,,,,,
alignment_summary.csv,amazon-all-beauty,test,fixed_K16,1,1,1,excess_cosine_z,0.1971772379121823,-0.04900035316405622,0.4518597327359329,105,105,within_subset_z,estimated,,,,,,,,,,
alignment_summary.csv,amazon-all-beauty,test,fixed_K16,1,1,1,raw_cluster_match,0.10476190476190476,0.047619047619047616,0.1619047619047619,105,105,probability_difference,estimated,,,,,,,,,,
alignment_summary.csv,amazon-all-beauty,test,fixed_K16,1,1,1,random_cluster_match,0.06238095238095239,0.04952380952380952,0.07571428571428572,105,105,probability_difference,estimated,,,,,,,,,,
alignment_summary.csv,amazon-all-beauty,test,fixed_K16,1,1,1,excess_cluster_match,0.04238095238095237,-0.011928571428571434,0.10048809523809517,105,105,probability_difference,estimated,,,,,,,,,,
alignment_summary.csv,amazon-all-beauty,test,fixed_K16,1,1,1,history_normalized_cluster_match,0.045414278049174125,-0.00768540241107689,0.10432510566795726,105,105,probability_difference,estimated,,,,,,,,,,
alignment_summary.csv,amazon-all-beauty,test,fixed_K16,2,2,2,raw_cosine,0.1033508331647941,0.09001921052068826,0.11810515811977287,105,105,cosine,estimated,,,,,,,,,,
alignment_summary.csv,amazon-all-beauty,test,fixed_K16,2,2,2,random_cosine,0.09163950759740103,0.08762777234560677,0.09611395654401608,105,105,cosine,estimated,,,,,,,,,,
alignment_summary.csv,amazon-all-beauty,test,fixed_K16,2,2,2,excess_cosine,0.011711325567393075,-0.0018698367986473298,0.026654780473382694,105,105,cosine,estimated,,,,,,,,,,
alignment_summary.csv,amazon-all-beauty,test,fixed_K16,2,2,2,raw_cosine_z,0.2802870278842291,0.05984245612603634,0.5242566430697825,105,105,within_subset_z,estimated,,,,,,,,,,
alignment_summary.csv,amazon-all-beauty,test,fixed_K16,2,2,2,random_cosine_z,0.08663482077152944,0.0202989152934348,0.1606219120823194,105,105,within_subset_z,estimated,,,,,,,,,,
alignment_summary.csv,amazon-all-beauty,test,fixed_K16,2,2,2,excess_cosine_z,0.19365220711269965,-0.03091861983640528,0.4407491738720443,105,105,within_subset_z,estimated,,,,,,,,,,
alignment_summary.csv,amazon-all-beauty,test,fixed_K16,2,2,2,raw_cluster_match,0.08571428571428572,0.0380952380952381,0.14285714285714285,105,105,probability_difference,estimated,,,,,,,,,,
alignment_summary.csv,amazon-all-beauty,test,fixed_K16,2,2,2,random_cluster_match,0.05952380952380952,0.047142857142857146,0.07380952380952381,105,105,probability_difference,estimated,,,,,,,,,,
alignment_summary.csv,amazon-all-beauty,test,fixed_K16,2,2,2,excess_cluster_match,0.026190476190476188,-0.02523809523809524,0.0843095238095237,105,105,probability_difference,estimated,,,,,,,,,,
alignment_summary.csv,amazon-all-beauty,test,fixed_K16,2,2,2,history_normalized_cluster_match,0.026366659001555066,-0.022098128545165255,0.08172654889666167,105,105,probability_difference,estimated,,,,,,,,,,
alignment_summary.csv,amazon-all-beauty,test,fixed_K16,3-4,3,4,raw_cosine,0.10836991220269175,0.09430424860368172,0.12364096709904038,105,210,cosine,estimated,,,,,,,,,,
alignment_summary.csv,amazon-all-beauty,test,fixed_K16,3-4,3,4,random_cosine,0.09062690931771483,0.0868018196270402,0.09479080863873518,105,210,cosine,estimated,,,,,,,,,,
alignment_summary.csv,amazon-all-beauty,test,fixed_K16,3-4,3,4,excess_cosine,0.01774300288497692,0.004283639173289495,0.032155570380966204,105,210,cosine,estimated,,,,,,,,,,
alignment_summary.csv,amazon-all-beauty,test,fixed_K16,3-4,3,4,raw_cosine_z,0.3632798306859977,0.13069755084255766,0.6157938154266163,105,210,within_subset_z,estimated,,,,,,,,,,
alignment_summary.csv,amazon-all-beauty,test,fixed_K16,3-4,3,4,random_cosine_z,0.06989103795622466,0.006641403511294565,0.1387430469854772,105,210,within_subset_z,estimated,,,,,,,,,,
alignment_summary.csv,amazon-all-beauty,test,fixed_K16,3-4,3,4,excess_cosine_z,0.2933887927297731,0.07083196309489873,0.5317072896153787,105,210,within_subset_z,estimated,,,,,,,,,,
alignment_summary.csv,amazon-all-beauty,test,fixed_K16,3-4,3,4,raw_cluster_match,0.09523809523809523,0.05238095238095238,0.14285714285714285,105,210,probability_difference,estimated,,,,,,,,,,
alignment_summary.csv,amazon-all-beauty,test,fixed_K16,3-4,3,4,random_cluster_match,0.058333333333333334,0.04975595238095238,0.06761904761904762,105,210,probability_difference,estimated,,,,,,,,,,
alignment_summary.csv,amazon-all-beauty,test,fixed_K16,3-4,3,4,excess_cluster_match,0.036904761904761905,-0.0035773809523809556,0.0845238095238095,105,210,probability_difference,estimated,,,,,,,,,,
alignment_summary.csv,amazon-all-beauty,test,fixed_K16,3-4,3,4,history_normalized_cluster_match,0.035890468525364594,-0.0055638459622592736,0.08351123679648116,105,210,probability_difference,estimated,,,,,,,,,,
alignment_summary.csv,amazon-all-beauty,test,fixed_K16,5-8,5,8,raw_cosine,0.10273114904273478,0.0941266121102741,0.11220029660179058,105,420,cosine,estimated,,,,,,,,,,
alignment_summary.csv,amazon-all-beauty,test,fixed_K16,5-8,5,8,random_cosine,0.09243111475592568,0.08857019333412781,0.0962368746396775,105,420,cosine,estimated,,,,,,,,,,
alignment_summary.csv,amazon-all-beauty,test,fixed_K16,5-8,5,8,excess_cosine,0.010300034286809109,0.002455866583622992,0.018952716419839165,105,420,cosine,estimated,,,,,,,,,,
alignment_summary.csv,amazon-all-beauty,test,fixed_K16,5-8,5,8,raw_cosine_z,0.27004026313852025,0.1277602489279115,0.426617015593637,105,420,within_subset_z,estimated,,,,,,,,,,
alignment_summary.csv,amazon-all-beauty,test,fixed_K16,5-8,5,8,random_cosine_z,0.09972441276795745,0.03588228400829311,0.16265441987846468,105,420,within_subset_z,estimated,,,,,,,,,,
alignment_summary.csv,amazon-all-beauty,test,fixed_K16,5-8,5,8,excess_cosine_z,0.17031585037056285,0.0406088944890277,0.3133919678316951,105,420,within_subset_z,estimated,,,,,,,,,,
alignment_summary.csv,amazon-all-beauty,test,fixed_K16,5-8,5,8,raw_cluster_match,0.0880952380952381,0.05952380952380952,0.11904761904761904,105,420,probability_difference,estimated,,,,,,,,,,
alignment_summary.csv,amazon-all-beauty,test,fixed_K16,5-8,5,8,random_cluster_match,0.061071428571428575,0.052857142857142866,0.0694047619047619,105,420,probability_difference,estimated,,,,,,,,,,
alignment_summary.csv,amazon-all-beauty,test,fixed_K16,5-8,5,8,excess_cluster_match,0.02702380952380952,-0.00012500000000000082,0.05774107142857141,105,420,probability_difference,estimated,,,,,,,,,,
alignment_summary.csv,amazon-all-beauty,test,fixed_K16,5-8,5,8,history_normalized_cluster_match,0.02874761138250745,0.002595447417097134,0.06022185633035368,105,420,probability_difference,estimated,,,,,,,,,,
alignment_summary.csv,amazon-all-beauty,test,fixed_K16,9-16,9,16,raw_cosine,0.10220213063349504,0.09299762380589353,0.11243258208213817,105,840,cosine,estimated,,,,,,,,,,
alignment_summary.csv,amazon-all-beauty,test,fixed_K16,9-16,9,16,random_cosine,0.09137331640702628,0.08779308999167933,0.09512470613699406,105,840,cosine,estimated,,,,,,,,,,
alignment_summary.csv,amazon-all-beauty,test,fixed_K16,9-16,9,16,excess_cosine,0.01082881422646876,0.0025200112984471376,0.020368190508840277,105,840,cosine,estimated,,,,,,,,,,
alignment_summary.csv,amazon-all-beauty,test,fixed_K16,9-16,9,16,raw_cosine_z,0.26129269806034,0.10909190300160276,0.43045796388686763,105,840,within_subset_z,estimated,,,,,,,,,,
alignment_summary.csv,amazon-all-beauty,test,fixed_K16,9-16,9,16,random_cosine_z,0.0822332258168516,0.02303251934640051,0.14426419718450062,105,840,within_subset_z,estimated,,,,,,,,,,
alignment_summary.csv,amazon-all-beauty,test,fixed_K16,9-16,9,16,excess_cosine_z,0.17905947224348845,0.04166955713808731,0.3367974892535472,105,840,within_subset_z,estimated,,,,,,,,,,
alignment_summary.csv,amazon-all-beauty,test,fixed_K16,9-16,9,16,raw_cluster_match,0.06904761904761905,0.047619047619047616,0.09404761904761905,105,840,probability_difference,estimated,,,,,,,,,,
alignment_summary.csv,amazon-all-beauty,test,fixed_K16,9-16,9,16,random_cluster_match,0.05946428571428572,0.0519032738095238,0.06726190476190476,105,840,probability_difference,estimated,,,,,,,,,,
alignment_summary.csv,amazon-all-beauty,test,fixed_K16,9-16,9,16,excess_cluster_match,0.009583333333333333,-0.012023809523809523,0.034168154761904754,105,840,probability_difference,estimated,,,,,,,,,,
alignment_summary.csv,amazon-all-beauty,test,fixed_K16,9-16,9,16,history_normalized_cluster_match,0.009699992334888403,-0.009772589121936756,0.033351211554633726,105,840,probability_difference,estimated,,,,,,,,,,
alignment_summary.csv,amazon-all-beauty,test,fixed_K32,1,1,1,raw_cosine,0.08467071902539049,0.06484777713527105,0.1078574138926342,28,28,cosine,exploratory_n_lt_100,,,,,,,,,,
alignment_summary.csv,amazon-all-beauty,test,fixed_K32,1,1,1,random_cosine,0.0849103331565857,0.07773768047669104,0.09211801103582339,28,28,cosine,exploratory_n_lt_100,,,,,,,,,,
alignment_summary.csv,amazon-all-beauty,test,fixed_K32,1,1,1,excess_cosine,-0.0002396141311952046,-0.019412600638211836,0.020937575792361558,28,28,cosine,exploratory_n_lt_100,,,,,,,,,,
alignment_summary.csv,amazon-all-beauty,test,fixed_K32,1,1,1,raw_cosine_z,-0.028597334641258833,-0.3563788847653855,0.3548054331198932,28,28,within_subset_z,exploratory_n_lt_100,,,,,,,,,,
alignment_summary.csv,amazon-all-beauty,test,fixed_K32,1,1,1,random_cosine_z,-0.02463520370276489,-0.14323834681593245,0.09454709734759029,28,28,within_subset_z,exploratory_n_lt_100,,,,,,,,,,
alignment_summary.csv,amazon-all-beauty,test,fixed_K32,1,1,1,excess_cosine_z,-0.003962130938493934,-0.3209963669572835,0.34621253934474966,28,28,within_subset_z,exploratory_n_lt_100,,,,,,,,,,
alignment_summary.csv,amazon-all-beauty,test,fixed_K32,1,1,1,raw_cluster_match,0.07142857142857142,0.0,0.17857142857142858,28,28,probability_difference,exploratory_n_lt_100,,,,,,,,,,
alignment_summary.csv,amazon-all-beauty,test,fixed_K32,1,1,1,random_cluster_match,0.05714285714285715,0.03571428571428571,0.08035714285714288,28,28,probability_difference,exploratory_n_lt_100,,,,,,,,,,
alignment_summary.csv,amazon-all-beauty,test,fixed_K32,1,1,1,excess_cluster_match,0.014285714285714282,-0.06607142857142857,0.12142857142857141,28,28,probability_difference,exploratory_n_lt_100,,,,,,,,,,
alignment_summary.csv,amazon-all-beauty,test,fixed_K32,1,1,1,history_normalized_cluster_match,0.018974514569660532,-0.055937055321453814,0.12478349791333537,28,28,probability_difference,exploratory_n_lt_100,,,,,,,,,,
alignment_summary.csv,amazon-all-beauty,test,fixed_K32,2,2,2,raw_cosine,0.09099439465041671,0.07650396679195443,0.10610060939964439,28,28,cosine,exploratory_n_lt_100,,,,,,,,,,
alignment_summary.csv,amazon-all-beauty,test,fixed_K32,2,2,2,random_cosine,0.08991781542343753,0.08346646171994508,0.09640998798422513,28,28,cosine,exploratory_n_lt_100,,,,,,,,,,
alignment_summary.csv,amazon-all-beauty,test,fixed_K32,2,2,2,excess_cosine,0.0010765792269791876,-0.013736937308151807,0.016088866362614272,28,28,cosine,exploratory_n_lt_100,,,,,,,,,,
alignment_summary.csv,amazon-all-beauty,test,fixed_K32,2,2,2,raw_cosine_z,0.07596757859628701,-0.16363837554193505,0.3257558549508597,28,28,within_subset_z,exploratory_n_lt_100,,,,,,,,,,
alignment_summary.csv,amazon-all-beauty,test,fixed_K32,2,2,2,random_cosine_z,0.05816584110410562,-0.048510288455846436,0.16551692942611565,28,28,within_subset_z,exploratory_n_lt_100,,,,,,,,,,
alignment_summary.csv,amazon-all-beauty,test,fixed_K32,2,2,2,excess_cosine_z,0.017801737492181374,-0.22714663796034654,0.2660368771350846,28,28,within_subset_z,exploratory_n_lt_100,,,,,,,,,,
alignment_summary.csv,amazon-all-beauty,test,fixed_K32,2,2,2,raw_cluster_match,0.07142857142857142,0.0,0.17857142857142858,28,28,probability_difference,exploratory_n_lt_100,,,,,,,,,,
alignment_summary.csv,amazon-all-beauty,test,fixed_K32,2,2,2,random_cluster_match,0.0642857142857143,0.04107142857142858,0.09107142857142857,28,28,probability_difference,exploratory_n_lt_100,,,,,,,,,,
alignment_summary.csv,amazon-all-beauty,test,fixed_K32,2,2,2,excess_cluster_match,0.007142857142857143,-0.06785714285714287,0.10714285714285714,28,28,probability_difference,exploratory_n_lt_100,,,,,,,,,,
alignment_summary.csv,amazon-all-beauty,test,fixed_K32,2,2,2,history_normalized_cluster_match,0.018974514569660532,-0.054640549328705844,0.12358689009510684,28,28,probability_difference,exploratory_n_lt_100,,,,,,,,,,
alignment_summary.csv,amazon-all-beauty,test,fixed_K32,3-4,3,4,raw_cosine,0.10920812668544906,0.08857707303832285,0.13192481366318778,28,56,cosine,exploratory_n_lt_100,,,,,,,,,,
alignment_summary.csv,amazon-all-beauty,test,fixed_K32,3-4,3,4,random_cosine,0.08771284516634685,0.08029665754376246,0.09568223268558669,28,56,cosine,exploratory_n_lt_100,,,,,,,,,,
alignment_summary.csv,amazon-all-beauty,test,fixed_K32,3-4,3,4,excess_cosine,0.0214952815191022,0.003044275987693774,0.042172846758538565,28,56,cosine,exploratory_n_lt_100,,,,,,,,,,
alignment_summary.csv,amazon-all-beauty,test,fixed_K32,3-4,3,4,raw_cosine_z,0.3771400964335168,0.03599604311216092,0.7527710654653741,28,56,within_subset_z,exploratory_n_lt_100,,,,,,,,,,
alignment_summary.csv,amazon-all-beauty,test,fixed_K32,3-4,3,4,random_cosine_z,0.02170563389303463,-0.10092447259755302,0.15348315758634362,28,56,within_subset_z,exploratory_n_lt_100,,,,,,,,,,
alignment_summary.csv,amazon-all-beauty,test,fixed_K32,3-4,3,4,excess_cosine_z,0.35543446254048217,0.05033851724850665,0.6973476066411319,28,56,within_subset_z,exploratory_n_lt_100,,,,,,,,,,
alignment_summary.csv,amazon-all-beauty,test,fixed_K32,3-4,3,4,raw_cluster_match,0.16071428571428573,0.05357142857142857,0.2857142857142857,28,56,probability_difference,exploratory_n_lt_100,,,,,,,,,,
alignment_summary.csv,amazon-all-beauty,test,fixed_K32,3-4,3,4,random_cluster_match,0.075,0.05714285714285714,0.09464285714285714,28,56,probability_difference,exploratory_n_lt_100,,,,,,,,,,
alignment_summary.csv,amazon-all-beauty,test,fixed_K32,3-4,3,4,excess_cluster_match,0.08571428571428572,-0.018772321428571437,0.2017857142857143,28,56,probability_difference,exploratory_n_lt_100,,,,,,,,,,
alignment_summary.csv,amazon-all-beauty,test,fixed_K32,3-4,3,4,history_normalized_cluster_match,0.1082602288553748,-0.0007385515778511045,0.23188151487821848,28,56,probability_difference,exploratory_n_lt_100,,,,,,,,,,
alignment_summary.csv,amazon-all-beauty,test,fixed_K32,5-8,5,8,raw_cosine,0.1059232525959877,0.08587466509197839,0.1283967909220207,28,112,cosine,exploratory_n_lt_100,,,,,,,,,,
alignment_summary.csv,amazon-all-beauty,test,fixed_K32,5-8,5,8,random_cosine,0.08843338253375675,0.0818511248690941,0.09563961432514977,28,112,cosine,exploratory_n_lt_100,,,,,,,,,,
alignment_summary.csv,amazon-all-beauty,test,fixed_K32,5-8,5,8,excess_cosine,0.017489870062230954,-0.0016269551332308244,0.03814366029276113,28,112,cosine,exploratory_n_lt_100,,,,,,,,,,
alignment_summary.csv,amazon-all-beauty,test,fixed_K32,5-8,5,8,raw_cosine_z,0.3228231778361363,-0.0086895273057227,0.6944335709913918,28,112,within_subset_z,exploratory_n_lt_100,,,,,,,,,,
alignment_summary.csv,amazon-all-beauty,test,fixed_K32,5-8,5,8,random_cosine_z,0.03362005388786361,-0.07522063346313675,0.15277844320412942,28,112,within_subset_z,exploratory_n_lt_100,,,,,,,,,,
alignment_summary.csv,amazon-all-beauty,test,fixed_K32,5-8,5,8,excess_cosine_z,0.2892031239482727,-0.026902458702086778,0.6307231372353083,28,112,within_subset_z,exploratory_n_lt_100,,,,,,,,,,
alignment_summary.csv,amazon-all-beauty,test,fixed_K32,5-8,5,8,raw_cluster_match,0.11607142857142858,0.0625,0.17857142857142858,28,112,probability_difference,exploratory_n_lt_100,,,,,,,,,,
alignment_summary.csv,amazon-all-beauty,test,fixed_K32,5-8,5,8,random_cluster_match,0.06339285714285715,0.04866071428571428,0.07858258928571424,28,112,probability_difference,exploratory_n_lt_100,,,,,,,,,,
alignment_summary.csv,amazon-all-beauty,test,fixed_K32,5-8,5,8,excess_cluster_match,0.05267857142857143,-0.004017857142857141,0.11785714285714285,28,112,probability_difference,exploratory_n_lt_100,,,,,,,,,,
alignment_summary.csv,amazon-all-beauty,test,fixed_K32,5-8,5,8,history_normalized_cluster_match,0.06361737171251768,0.008032518928624086,0.12691021330934532,28,112,probability_difference,exploratory_n_lt_100,,,,,,,,,,
alignment_summary.csv,amazon-all-beauty,test,fixed_K32,9-16,9,16,raw_cosine,0.09221453585944671,0.07936142210486911,0.10728042078200294,28,224,cosine,exploratory_n_lt_100,,,,,,,,,,
alignment_summary.csv,amazon-all-beauty,test,fixed_K32,9-16,9,16,random_cosine,0.090268210391514,0.08409271854782543,0.0969005084546682,28,224,cosine,exploratory_n_lt_100,,,,,,,,,,
alignment_summary.csv,amazon-all-beauty,test,fixed_K32,9-16,9,16,excess_cosine,0.0019463254679327033,-0.009050649756370278,0.014880359835141068,28,224,cosine,exploratory_n_lt_100,,,,,,,,,,
alignment_summary.csv,amazon-all-beauty,test,fixed_K32,9-16,9,16,raw_cosine_z,0.09614318013328808,-0.11638902491227675,0.3452645840742766,28,224,within_subset_z,exploratory_n_lt_100,,,,,,,,,,
alignment_summary.csv,amazon-all-beauty,test,fixed_K32,9-16,9,16,random_cosine_z,0.06395978462815181,-0.03815484096695675,0.1736279132074677,28,224,within_subset_z,exploratory_n_lt_100,,,,,,,,,,
alignment_summary.csv,amazon-all-beauty,test,fixed_K32,9-16,9,16,excess_cosine_z,0.03218339550513628,-0.1496566969331778,0.24605366046088656,28,224,within_subset_z,exploratory_n_lt_100,,,,,,,,,,
alignment_summary.csv,amazon-all-beauty,test,fixed_K32,9-16,9,16,raw_cluster_match,0.0625,0.026785714285714284,0.10267857142857142,28,224,probability_difference,exploratory_n_lt_100,,,,,,,,,,
alignment_summary.csv,amazon-all-beauty,test,fixed_K32,9-16,9,16,random_cluster_match,0.06540178571428572,0.05,0.08124999999999998,28,224,probability_difference,exploratory_n_lt_100,,,,,,,,,,
alignment_summary.csv,amazon-all-beauty,test,fixed_K32,9-16,9,16,excess_cluster_match,-0.00290178571428572,-0.03816964285714286,0.03705915178571424,28,224,probability_difference,exploratory_n_lt_100,,,,,,,,,,
alignment_summary.csv,amazon-all-beauty,test,fixed_K32,9-16,9,16,history_normalized_cluster_match,0.010045943141089095,-0.024285414950393113,0.047667523782454896,28,224,probability_difference,exploratory_n_lt_100,,,,,,,,,,
alignment_summary.csv,amazon-all-beauty,test,fixed_K32,17-32,17,32,raw_cosine,0.09501270876665201,0.08027824162698899,0.11207528579398059,28,448,cosine,exploratory_n_lt_100,,,,,,,,,,
alignment_summary.csv,amazon-all-beauty,test,fixed_K32,17-32,17,32,random_cosine,0.0895254515344277,0.08235425792185458,0.09712089656365736,28,448,cosine,exploratory_n_lt_100,,,,,,,,,,
alignment_summary.csv,amazon-all-beauty,test,fixed_K32,17-32,17,32,excess_cosine,0.005487257232224303,-0.005109196640322417,0.018970076263108888,28,448,cosine,exploratory_n_lt_100,,,,,,,,,,
alignment_summary.csv,amazon-all-beauty,test,fixed_K32,17-32,17,32,raw_cosine_z,0.14241226865320408,-0.10122898833393669,0.42454990383023855,28,448,within_subset_z,exploratory_n_lt_100,,,,,,,,,,
alignment_summary.csv,amazon-all-beauty,test,fixed_K32,17-32,17,32,random_cosine_z,0.05167792198164299,-0.06690109477575795,0.17727213294002903,28,448,within_subset_z,exploratory_n_lt_100,,,,,,,,,,
alignment_summary.csv,amazon-all-beauty,test,fixed_K32,17-32,17,32,excess_cosine_z,0.09073434667156109,-0.08448293920937139,0.3136790209022435,28,448,within_subset_z,exploratory_n_lt_100,,,,,,,,,,
alignment_summary.csv,amazon-all-beauty,test,fixed_K32,17-32,17,32,raw_cluster_match,0.08928571428571429,0.05133928571428571,0.13392857142857142,28,448,probability_difference,exploratory_n_lt_100,,,,,,,,,,
alignment_summary.csv,amazon-all-beauty,test,fixed_K32,17-32,17,32,random_cluster_match,0.06941964285714286,0.05122767857142857,0.0863895089285714,28,448,probability_difference,exploratory_n_lt_100,,,,,,,,,,
alignment_summary.csv,amazon-all-beauty,test,fixed_K32,17-32,17,32,excess_cluster_match,0.019866071428571424,-0.015739397321428577,0.06194754464285711,28,448,probability_difference,exploratory_n_lt_100,,,,,,,,,,
alignment_summary.csv,amazon-all-beauty,test,fixed_K32,17-32,17,32,history_normalized_cluster_match,0.03683165742680339,0.0007858812384602982,0.0789496191948438,28,448,probability_difference,exploratory_n_lt_100,,,,,,,,,,
alignment_summary.csv,amazon:Baby_Products,test,all_available,1,1,1,raw_cosine,0.18177284066355787,0.17755591672984883,0.18596559793971829,2000,2000,cosine,estimated,,,,,,,,,,
alignment_summary.csv,amazon:Baby_Products,test,all_available,1,1,1,random_cosine,0.1708152952045202,0.16906316467458382,0.1726243980506435,2000,2000,cosine,estimated,,,,,,,,,,
alignment_summary.csv,amazon:Baby_Products,test,all_available,1,1,1,excess_cosine,0.010957545459037647,0.007231327325414168,0.014858613585098636,2000,2000,cosine,estimated,,,,,,,,,,
alignment_summary.csv,amazon:Baby_Products,test,all_available,1,1,1,raw_cosine_z,0.3884163224527391,0.3298654057324943,0.4466316912769867,2000,2000,within_subset_z,estimated,,,,,,,,,,
alignment_summary.csv,amazon:Baby_Products,test,all_available,1,1,1,random_cosine_z,0.2362735895706435,0.21194570261939097,0.26139252264766366,2000,2000,within_subset_z,estimated,,,,,,,,,,
alignment_summary.csv,amazon:Baby_Products,test,all_available,1,1,1,excess_cosine_z,0.1521427328820956,0.10040514144032689,0.20630807201547122,2000,2000,within_subset_z,estimated,,,,,,,,,,
alignment_summary.csv,amazon:Baby_Products,test,all_available,1,1,1,raw_cluster_match,0.083,0.071,0.095,2000,2000,probability_difference,estimated,,,,,,,,,,
alignment_summary.csv,amazon:Baby_Products,test,all_available,1,1,1,random_cluster_match,0.061700000000000005,0.058824375000000005,0.06467500000000001,2000,2000,probability_difference,estimated,,,,,,,,,,
alignment_summary.csv,amazon:Baby_Products,test,all_available,1,1,1,excess_cluster_match,0.0213,0.009299374999999995,0.03312812499999999,2000,2000,probability_difference,estimated,,,,,,,,,,
alignment_summary.csv,amazon:Baby_Products,test,all_available,1,1,1,history_normalized_cluster_match,-0.004369069920018059,-0.015481029965476555,0.0066293907423416,2000,2000,probability_difference,estimated,,,,,,,,,,
alignment_summary.csv,amazon:Baby_Products,test,all_available,2,2,2,raw_cosine,0.18075702143460512,0.17667303761141373,0.1849180829023011,2000,2000,cosine,estimated,,,,,,,,,,
alignment_summary.csv,amazon:Baby_Products,test,all_available,2,2,2,random_cosine,0.1704991399627179,0.1687868035788182,0.17211093743150124,2000,2000,cosine,estimated,,,,,,,,,,
alignment_summary.csv,amazon:Baby_Products,test,all_available,2,2,2,excess_cosine,0.01025788147188723,0.006532107215072028,0.013942349329148417,2000,2000,cosine,estimated,,,,,,,,,,
alignment_summary.csv,amazon:Baby_Products,test,all_available,2,2,2,raw_cosine_z,0.3743119307178562,0.31760685363381597,0.4320872112998316,2000,2000,within_subset_z,estimated,,,,,,,,,,
alignment_summary.csv,amazon:Baby_Products,test,all_available,2,2,2,random_cosine_z,0.23188385441666948,0.20810849906598108,0.25426325249170856,2000,2000,within_subset_z,estimated,,,,,,,,,,
alignment_summary.csv,amazon:Baby_Products,test,all_available,2,2,2,excess_cosine_z,0.14242807630118676,0.09069664797605094,0.19358597577014208,2000,2000,within_subset_z,estimated,,,,,,,,,,
alignment_summary.csv,amazon:Baby_Products,test,all_available,2,2,2,raw_cluster_match,0.0735,0.062,0.086,2000,2000,probability_difference,estimated,,,,,,,,,,
alignment_summary.csv,amazon:Baby_Products,test,all_available,2,2,2,random_cluster_match,0.06295,0.060125000000000005,0.065875,2000,2000,probability_difference,estimated,,,,,,,,,,
alignment_summary.csv,amazon:Baby_Products,test,all_available,2,2,2,excess_cluster_match,0.010549999999999993,-0.0009806250000000047,0.023100624999999996,2000,2000,probability_difference,estimated,,,,,,,,,,
alignment_summary.csv,amazon:Baby_Products,test,all_available,2,2,2,history_normalized_cluster_match,-0.01386906992001806,-0.024225316634904476,-0.0029818530873044237,2000,2000,probability_difference,estimated,,,,,,,,,,
alignment_summary.csv,amazon:Baby_Products,test,all_available,3-4,3,4,raw_cosine,0.18850121828329622,0.18462475071519605,0.19265473009840628,1990,3876,cosine,estimated,,,,,,,,,,
alignment_summary.csv,amazon:Baby_Products,test,all_available,3-4,3,4,random_cosine,0.17121140212288605,0.16959546582515925,0.17286869759767332,1990,3876,cosine,estimated,,,,,,,,,,
alignment_summary.csv,amazon:Baby_Products,test,all_available,3-4,3,4,excess_cosine,0.017289816160410195,0.01391536232453757,0.021041935329096175,1990,3876,cosine,estimated,,,,,,,,,,
alignment_summary.csv,amazon:Baby_Products,test,all_available,3-4,3,4,raw_cosine_z,0.4818381350983267,0.4280143684578575,0.5395085906735494,1990,3876,within_subset_z,estimated,,,,,,,,,,
alignment_summary.csv,amazon:Baby_Products,test,all_available,3-4,3,4,random_cosine_z,0.24177343342700408,0.21933656876433005,0.26478455974811815,1990,3876,within_subset_z,estimated,,,,,,,,,,
alignment_summary.csv,amazon:Baby_Products,test,all_available,3-4,3,4,excess_cosine_z,0.24006470167132257,0.19321126807222333,0.29216192239992517,1990,3876,within_subset_z,estimated,,,,,,,,,,
alignment_summary.csv,amazon:Baby_Products,test,all_available,3-4,3,4,raw_cluster_match,0.08869346733668342,0.07939698492462312,0.09849874371859292,1990,3876,probability_difference,estimated,,,,,,,,,,
alignment_summary.csv,amazon:Baby_Products,test,all_available,3-4,3,4,random_cluster_match,0.06096733668341709,0.058530150753768856,0.06339227386934673,1990,3876,probability_difference,estimated,,,,,,,,,,
alignment_summary.csv,amazon:Baby_Products,test,all_available,3-4,3,4,excess_cluster_match,0.027726130653266328,0.018203203517587935,0.037487437185929645,1990,3876,probability_difference,estimated,,,,,,,,,,
alignment_summary.csv,amazon:Baby_Products,test,all_available,3-4,3,4,history_normalized_cluster_match,0.0016391257085245645,-0.005751513851664854,0.009086108091589738,1990,3876,probability_difference,estimated,,,,,,,,,,
alignment_summary.csv,amazon:Baby_Products,test,all_available,5-8,5,8,raw_cosine,0.2036972428088103,0.1965801842570142,0.21117953266738634,1289,3332,cosine,estimated,,,,,,,,,,
alignment_summary.csv,amazon:Baby_Products,test,all_available,5-8,5,8,random_cosine,0.171178097773694,0.16918029919698283,0.1731198585304589,1289,3332,cosine,estimated,,,,,,,,,,
alignment_summary.csv,amazon:Baby_Products,test,all_available,5-8,5,8,excess_cosine,0.032519145035116284,0.025395309336695777,0.03979315478783536,1289,3332,cosine,estimated,,,,,,,,,,
alignment_summary.csv,amazon:Baby_Products,test,all_available,5-8,5,8,raw_cosine_z,0.6928310722390232,0.5940125236690008,0.7967207646482689,1289,3332,within_subset_z,estimated,,,,,,,,,,
alignment_summary.csv,amazon:Baby_Products,test,all_available,5-8,5,8,random_cosine_z,0.24131101100567987,0.21357208568293795,0.2682718654453715,1289,3332,within_subset_z,estimated,,,,,,,,,,
alignment_summary.csv,amazon:Baby_Products,test,all_available,5-8,5,8,excess_cosine_z,0.4515200612333434,0.35260741370544374,0.5525178373253342,1289,3332,within_subset_z,estimated,,,,,,,,,,
alignment_summary.csv,amazon:Baby_Products,test,all_available,5-8,5,8,raw_cluster_match,0.10512024825446083,0.09096036979570726,0.11947407551073182,1289,3332,probability_difference,estimated,,,,,,,,,,
alignment_summary.csv,amazon:Baby_Products,test,all_available,5-8,5,8,random_cluster_match,0.06154965089216447,0.05832654512542022,0.06459464701318851,1289,3332,probability_difference,estimated,,,,,,,,,,
alignment_summary.csv,amazon:Baby_Products,test,all_available,5-8,5,8,excess_cluster_match,0.04357059736229634,0.02933976596845099,0.05865084367726919,1289,3332,probability_difference,estimated,,,,,,,,,,
alignment_summary.csv,amazon:Baby_Products,test,all_available,5-8,5,8,history_normalized_cluster_match,0.02179611597618093,0.01051264285071062,0.03299882629293853,1289,3332,probability_difference,estimated,,,,,,,,,,
alignment_summary.csv,amazon:Baby_Products,test,all_available,9-16,9,16,raw_cosine,0.19997828789436953,0.18884501904899467,0.21226529176809425,387,1613,cosine,estimated,,,,,,,,,,
alignment_summary.csv,amazon:Baby_Products,test,all_available,9-16,9,16,random_cosine,0.16990546721519753,0.16611415248916991,0.17343775565088956,387,1613,cosine,estimated,,,,,,,,,,
alignment_summary.csv,amazon:Baby_Products,test,all_available,9-16,9,16,excess_cosine,0.030072820679171986,0.019324525945122423,0.04189474806970695,387,1613,cosine,estimated,,,,,,,,,,
alignment_summary.csv,amazon:Baby_Products,test,all_available,9-16,9,16,raw_cosine_z,0.6411943287490256,0.4866117213230751,0.8117962537211493,387,1613,within_subset_z,estimated,,,,,,,,,,
alignment_summary.csv,amazon:Baby_Products,test,all_available,9-16,9,16,random_cosine_z,0.22364085925109875,0.17099941817377978,0.2726857861412498,387,1613,within_subset_z,estimated,,,,,,,,,,
alignment_summary.csv,amazon:Baby_Products,test,all_available,9-16,9,16,excess_cosine_z,0.41755346949792693,0.2683161297329541,0.5816979257407446,387,1613,within_subset_z,estimated,,,,,,,,,,
alignment_summary.csv,amazon:Baby_Products,test,all_available,9-16,9,16,raw_cluster_match,0.11774332472006889,0.0940014765596161,0.1411374123292728,387,1613,probability_difference,estimated,,,,,,,,,,
alignment_summary.csv,amazon:Baby_Products,test,all_available,9-16,9,16,random_cluster_match,0.06368709240802264,0.058743132459702224,0.06920216946597761,387,1613,probability_difference,estimated,,,,,,,,,,
alignment_summary.csv,amazon:Baby_Products,test,all_available,9-16,9,16,excess_cluster_match,0.054056232312046266,0.030653062323120452,0.07809546111726341,387,1613,probability_difference,estimated,,,,,,,,,,
alignment_summary.csv,amazon:Baby_Products,test,all_available,9-16,9,16,history_normalized_cluster_match,0.04517953283613158,0.02478668364625777,0.06559924570275986,387,1613,probability_difference,estimated,,,,,,,,,,
alignment_summary.csv,amazon:Baby_Products,test,all_available,17-32,17,32,raw_cosine,0.1970613004175497,0.1799336063517848,0.21638611067084276,77,618,cosine,exploratory_n_lt_100,,,,,,,,,,
alignment_summary.csv,amazon:Baby_Products,test,all_available,17-32,17,32,random_cosine,0.17120481829607737,0.16276782254335587,0.17964683474733742,77,618,cosine,exploratory_n_lt_100,,,,,,,,,,
alignment_summary.csv,amazon:Baby_Products,test,all_available,17-32,17,32,excess_cosine,0.025856482121472346,0.011256457234882177,0.043302107638390194,77,618,cosine,exploratory_n_lt_100,,,,,,,,,,
alignment_summary.csv,amazon:Baby_Products,test,all_available,17-32,17,32,raw_cosine_z,0.6006926992403684,0.3628790216357139,0.8690127765199895,77,618,within_subset_z,exploratory_n_lt_100,,,,,,,,,,
alignment_summary.csv,amazon:Baby_Products,test,all_available,17-32,17,32,random_cosine_z,0.24168201866562003,0.12453647763800257,0.358897270815997,77,618,within_subset_z,exploratory_n_lt_100,,,,,,,,,,
alignment_summary.csv,amazon:Baby_Products,test,all_available,17-32,17,32,excess_cosine_z,0.3590106805747483,0.15629304689517762,0.6012387555486313,77,618,within_subset_z,exploratory_n_lt_100,,,,,,,,,,
alignment_summary.csv,amazon:Baby_Products,test,all_available,17-32,17,32,raw_cluster_match,0.16002979704278406,0.10345285531567999,0.22587748425816603,77,618,probability_difference,exploratory_n_lt_100,,,,,,,,,,
alignment_summary.csv,amazon:Baby_Products,test,all_available,17-32,17,32,random_cluster_match,0.06617241524709058,0.056058488116320915,0.0777700813796593,77,618,probability_difference,exploratory_n_lt_100,,,,,,,,,,
alignment_summary.csv,amazon:Baby_Products,test,all_available,17-32,17,32,excess_cluster_match,0.09385738179569349,0.03889780281947489,0.15965287674987347,77,618,probability_difference,exploratory_n_lt_100,,,,,,,,,,
alignment_summary.csv,amazon:Baby_Products,test,all_available,17-32,17,32,history_normalized_cluster_match,0.09571492458640142,0.042672833894713796,0.16037002576652168,77,618,probability_difference,exploratory_n_lt_100,,,,,,,,,,
alignment_summary.csv,amazon:Baby_Products,test,all_available,33-64,33,64,raw_cosine,0.20647870871242865,0.1797413408059596,0.2392126091022257,19,269,cosine,exploratory_n_lt_100,,,,,,,,,,
alignment_summary.csv,amazon:Baby_Products,test,all_available,33-64,33,64,random_cosine,0.1848659244598037,0.1725933994193756,0.1984876752867161,19,269,cosine,exploratory_n_lt_100,,,,,,,,,,
alignment_summary.csv,amazon:Baby_Products,test,all_available,33-64,33,64,excess_cosine,0.021612784252624983,-0.0007696990825116362,0.04792766791900691,19,269,cosine,exploratory_n_lt_100,,,,,,,,,,
alignment_summary.csv,amazon:Baby_Products,test,all_available,33-64,33,64,raw_cosine_z,0.7314510191584164,0.360209463413002,1.1859529038926815,19,269,within_subset_z,exploratory_n_lt_100,,,,,,,,,,
alignment_summary.csv,amazon:Baby_Products,test,all_available,33-64,33,64,random_cosine_z,0.43136300458637605,0.2609621145335165,0.6204975516610647,19,269,within_subset_z,exploratory_n_lt_100,,,,,,,,,,
alignment_summary.csv,amazon:Baby_Products,test,all_available,33-64,33,64,excess_cosine_z,0.3000880145720404,-0.010687076074466659,0.6654634840550925,19,269,within_subset_z,exploratory_n_lt_100,,,,,,,,,,
alignment_summary.csv,amazon:Baby_Products,test,all_available,33-64,33,64,raw_cluster_match,0.0932504873294347,0.022647112573099416,0.21706323099415176,19,269,probability_difference,exploratory_n_lt_100,,,,,,,,,,
alignment_summary.csv,amazon:Baby_Products,test,all_available,33-64,33,64,random_cluster_match,0.0598511983873826,0.03602680173444976,0.09036842935938326,19,269,probability_difference,exploratory_n_lt_100,,,,,,,,,,
alignment_summary.csv,amazon:Baby_Products,test,all_available,33-64,33,64,excess_cluster_match,0.0333992889420521,-0.041980981691919196,0.15278534107522565,19,269,probability_difference,exploratory_n_lt_100,,,,,,,,,,
alignment_summary.csv,amazon:Baby_Products,test,all_available,33-64,33,64,history_normalized_cluster_match,0.0423945343999931,-0.02638623897394978,0.1619493261031013,19,269,probability_difference,exploratory_n_lt_100,,,,,,,,,,
alignment_summary.csv,amazon:Baby_Products,test,all_available,65-100,65,100,raw_cosine,0.22024381678137514,0.18893211521208286,0.2459037552277247,3,47,cosine,exploratory_n_lt_100,,,,,,,,,,
alignment_summary.csv,amazon:Baby_Products,test,all_available,65-100,65,100,random_cosine,0.19236444171380115,0.16548298671841621,0.2069832119676802,3,47,cosine,exploratory_n_lt_100,,,,,,,,,,
alignment_summary.csv,amazon:Baby_Products,test,all_available,65-100,65,100,excess_cosine,0.027879375067574003,0.018912367936637666,0.0412766287724177,3,47,cosine,exploratory_n_lt_100,,,,,,,,,,
alignment_summary.csv,amazon:Baby_Products,test,all_available,65-100,65,100,raw_cosine_z,0.9225760450919918,0.4878210294044624,1.2788577667063912,3,47,within_subset_z,exploratory_n_lt_100,,,,,,,,,,
alignment_summary.csv,amazon:Baby_Products,test,all_available,65-100,65,100,random_cosine_z,0.535478010255439,0.16223584191273835,0.7384559185940441,3,47,within_subset_z,exploratory_n_lt_100,,,,,,,,,,
alignment_summary.csv,amazon:Baby_Products,test,all_available,65-100,65,100,excess_cosine_z,0.387098034836553,0.2625934205710776,0.5731154964468573,3,47,within_subset_z,exploratory_n_lt_100,,,,,,,,,,
alignment_summary.csv,amazon:Baby_Products,test,all_available,65-100,65,100,raw_cluster_match,0.06018518518518518,0.0,0.125,3,47,probability_difference,exploratory_n_lt_100,,,,,,,,,,
alignment_summary.csv,amazon:Baby_Products,test,all_available,65-100,65,100,random_cluster_match,0.0537037037037037,0.016666666666666666,0.07500000000000001,3,47,probability_difference,exploratory_n_lt_100,,,,,,,,,,
alignment_summary.csv,amazon:Baby_Products,test,all_available,65-100,65,100,excess_cluster_match,0.0064814814814814796,-0.016666666666666666,0.049999999999999996,3,47,probability_difference,exploratory_n_lt_100,,,,,,,,,,
alignment_summary.csv,amazon:Baby_Products,test,all_available,65-100,65,100,history_normalized_cluster_match,0.014824989824989821,-0.047619047619047616,0.07499999999999998,3,47,probability_difference,exploratory_n_lt_100,,,,,,,,,,
alignment_summary.csv,amazon:Baby_Products,test,fixed_K8,1,1,1,raw_cosine,0.169683681559936,0.1637451295783805,0.17553511319005202,483,483,cosine,estimated,,,,,,,,,,
alignment_summary.csv,amazon:Baby_Products,test,fixed_K8,1,1,1,random_cosine,0.16822061167864077,0.16479178070559264,0.17172254823402774,483,483,cosine,estimated,,,,,,,,,,
alignment_summary.csv,amazon:Baby_Products,test,fixed_K8,1,1,1,excess_cosine,0.0014630698812951952,-0.0040629140112942415,0.006750456714187026,483,483,cosine,estimated,,,,,,,,,,
alignment_summary.csv,amazon:Baby_Products,test,fixed_K8,1,1,1,raw_cosine_z,0.22056142181397556,0.13810613735142888,0.3018070623460274,483,483,within_subset_z,estimated,,,,,,,,,,
alignment_summary.csv,amazon:Baby_Products,test,fixed_K8,1,1,1,random_cosine_z,0.2002470684791107,0.15263862215502538,0.24887056722780546,483,483,within_subset_z,estimated,,,,,,,,,,
alignment_summary.csv,amazon:Baby_Products,test,fixed_K8,1,1,1,excess_cosine_z,0.020314353334864803,-0.05641252810258038,0.09372837525867816,483,483,within_subset_z,estimated,,,,,,,,,,
alignment_summary.csv,amazon:Baby_Products,test,fixed_K8,1,1,1,raw_cluster_match,0.08074534161490683,0.057971014492753624,0.10559006211180125,483,483,probability_difference,estimated,,,,,,,,,,
alignment_summary.csv,amazon:Baby_Products,test,fixed_K8,1,1,1,random_cluster_match,0.0613871635610766,0.05569358178053831,0.06708074534161491,483,483,probability_difference,estimated,,,,,,,,,,
alignment_summary.csv,amazon:Baby_Products,test,fixed_K8,1,1,1,excess_cluster_match,0.019358178053830218,-0.003933747412008282,0.04337474120082815,483,483,probability_difference,estimated,,,,,,,,,,
alignment_summary.csv,amazon:Baby_Products,test,fixed_K8,1,1,1,history_normalized_cluster_match,0.007473041837645805,-0.015287549102148738,0.03061033975789494,483,483,probability_difference,estimated,,,,,,,,,,
alignment_summary.csv,amazon:Baby_Products,test,fixed_K8,2,2,2,raw_cosine,0.17042444307765853,0.16451869617191223,0.17638611688874428,483,483,cosine,estimated,,,,,,,,,,
alignment_summary.csv,amazon:Baby_Products,test,fixed_K8,2,2,2,random_cosine,0.1694758417659418,0.1661119773594458,0.1728493954656611,483,483,cosine,estimated,,,,,,,,,,
alignment_summary.csv,amazon:Baby_Products,test,fixed_K8,2,2,2,excess_cosine,0.0009486013117167274,-0.004225241212178153,0.006168338148343698,483,483,cosine,estimated,,,,,,,,,,
alignment_summary.csv,amazon:Baby_Products,test,fixed_K8,2,2,2,raw_cosine_z,0.23084670715835356,0.14884691283314397,0.3136230323454971,483,483,within_subset_z,estimated,,,,,,,,,,
alignment_summary.csv,amazon:Baby_Products,test,fixed_K8,2,2,2,random_cosine_z,0.2176756191149918,0.17096921705055954,0.26451655455245027,483,483,within_subset_z,estimated,,,,,,,,,,
alignment_summary.csv,amazon:Baby_Products,test,fixed_K8,2,2,2,excess_cosine_z,0.013171088043361747,-0.05866640001722615,0.08564580696818908,483,483,within_subset_z,estimated,,,,,,,,,,
alignment_summary.csv,amazon:Baby_Products,test,fixed_K8,2,2,2,raw_cluster_match,0.06418219461697723,0.043478260869565216,0.08902691511387163,483,483,probability_difference,estimated,,,,,,,,,,
alignment_summary.csv,amazon:Baby_Products,test,fixed_K8,2,2,2,random_cluster_match,0.06418219461697723,0.05797101449275363,0.07091097308488613,483,483,probability_difference,estimated,,,,,,,,,,
alignment_summary.csv,amazon:Baby_Products,test,fixed_K8,2,2,2,excess_cluster_match,-3.2180377525366857e-18,-0.020703933747412008,0.02422360248447204,483,483,probability_difference,estimated,,,,,,,,,,
alignment_summary.csv,amazon:Baby_Products,test,fixed_K8,2,2,2,history_normalized_cluster_match,-0.009090105160283801,-0.029033575040043415,0.014168264417306491,483,483,probability_difference,estimated,,,,,,,,,,
alignment_summary.csv,amazon:Baby_Products,test,fixed_K8,3-4,3,4,raw_cosine,0.1774080966794034,0.17159980558790267,0.1832959601408792,483,966,cosine,estimated,,,,,,,,,,
alignment_summary.csv,amazon:Baby_Products,test,fixed_K8,3-4,3,4,random_cosine,0.16984888304634246,0.16654840041632624,0.17317283879358158,483,966,cosine,estimated,,,,,,,,,,
alignment_summary.csv,amazon:Baby_Products,test,fixed_K8,3-4,3,4,excess_cosine,0.007559213633060949,0.0028995891683975977,0.012597671115007366,483,966,cosine,estimated,,,,,,,,,,
alignment_summary.csv,amazon:Baby_Products,test,fixed_K8,3-4,3,4,raw_cosine_z,0.3278129619134285,0.24716631679211631,0.40956444916158063,483,966,within_subset_z,estimated,,,,,,,,,,
alignment_summary.csv,amazon:Baby_Products,test,fixed_K8,3-4,3,4,random_cosine_z,0.22285520245235177,0.17702884024032967,0.26900748292927185,483,966,within_subset_z,estimated,,,,,,,,,,
alignment_summary.csv,amazon:Baby_Products,test,fixed_K8,3-4,3,4,excess_cosine_z,0.10495775946107677,0.040260058419513765,0.17491546063413616,483,966,within_subset_z,estimated,,,,,,,,,,
alignment_summary.csv,amazon:Baby_Products,test,fixed_K8,3-4,3,4,raw_cluster_match,0.060041407867494824,0.044513457556935816,0.07660455486542443,483,966,probability_difference,estimated,,,,,,,,,,
alignment_summary.csv,amazon:Baby_Products,test,fixed_K8,3-4,3,4,random_cluster_match,0.059730848861283645,0.05476190476190477,0.0644940476190476,483,966,probability_difference,estimated,,,,,,,,,,
alignment_summary.csv,amazon:Baby_Products,test,fixed_K8,3-4,3,4,excess_cluster_match,0.0003105590062111759,-0.015476190476190484,0.01630822981366457,483,966,probability_difference,estimated,,,,,,,,,,
alignment_summary.csv,amazon:Baby_Products,test,fixed_K8,3-4,3,4,history_normalized_cluster_match,-0.013230891909766201,-0.02838812024425715,0.0018746432081479761,483,966,probability_difference,estimated,,,,,,,,,,
alignment_summary.csv,amazon:Baby_Products,test,fixed_K8,5-8,5,8,raw_cosine,0.17972049388145608,0.17490280722034132,0.18454726392281046,483,1932,cosine,estimated,,,,,,,,,,
alignment_summary.csv,amazon:Baby_Products,test,fixed_K8,5-8,5,8,random_cosine,0.16999068906083395,0.16657382183227162,0.17327194933670595,483,1932,cosine,estimated,,,,,,,,,,
alignment_summary.csv,amazon:Baby_Products,test,fixed_K8,5-8,5,8,excess_cosine,0.009729804820622131,0.006579999749581995,0.012958026294091303,483,1932,cosine,estimated,,,,,,,,,,
alignment_summary.csv,amazon:Baby_Products,test,fixed_K8,5-8,5,8,raw_cosine_z,0.3599200091663359,0.2930276547123492,0.4269384840456156,483,1932,within_subset_z,estimated,,,,,,,,,,
alignment_summary.csv,amazon:Baby_Products,test,fixed_K8,5-8,5,8,random_cosine_z,0.22482414291118927,0.17738181013765972,0.2703836076229577,483,1932,within_subset_z,estimated,,,,,,,,,,
alignment_summary.csv,amazon:Baby_Products,test,fixed_K8,5-8,5,8,excess_cosine_z,0.13509586625514658,0.09136162364165373,0.17991890067999317,483,1932,within_subset_z,estimated,,,,,,,,,,
alignment_summary.csv,amazon:Baby_Products,test,fixed_K8,5-8,5,8,raw_cluster_match,0.07039337474120083,0.057971014492753624,0.08281573498964803,483,1932,probability_difference,estimated,,,,,,,,,,
alignment_summary.csv,amazon:Baby_Products,test,fixed_K8,5-8,5,8,random_cluster_match,0.06353519668737061,0.05954968944099379,0.06780732401656313,483,1932,probability_difference,estimated,,,,,,,,,,
alignment_summary.csv,amazon:Baby_Products,test,fixed_K8,5-8,5,8,excess_cluster_match,0.0068581780538302245,-0.004891304347826089,0.01910067287784678,483,1932,probability_difference,estimated,,,,,,,,,,
alignment_summary.csv,amazon:Baby_Products,test,fixed_K8,5-8,5,8,history_normalized_cluster_match,-0.002878925036060196,-0.013179723648735047,0.007592705027306163,483,1932,probability_difference,estimated,,,,,,,,,,
alignment_summary.csv,amazon:Baby_Products,test,fixed_K16,1,1,1,raw_cosine,0.16527659299650363,0.1512954509695105,0.17928037328335145,84,84,cosine,exploratory_n_lt_100,,,,,,,,,,
alignment_summary.csv,amazon:Baby_Products,test,fixed_K16,1,1,1,random_cosine,0.17032118576268354,0.16154892691411077,0.17915528160519897,84,84,cosine,exploratory_n_lt_100,,,,,,,,,,
alignment_summary.csv,amazon:Baby_Products,test,fixed_K16,1,1,1,excess_cosine,-0.005044592766179925,-0.017378315151048204,0.0077486419251986795,84,84,cosine,exploratory_n_lt_100,,,,,,,,,,
alignment_summary.csv,amazon:Baby_Products,test,fixed_K16,1,1,1,raw_cosine_z,0.1593701175569622,-0.03475448496020354,0.35380904655672046,84,84,within_subset_z,exploratory_n_lt_100,,,,,,,,,,
alignment_summary.csv,amazon:Baby_Products,test,fixed_K16,1,1,1,random_cosine_z,0.22941300559178585,0.1076124217146534,0.35207218040854243,84,84,within_subset_z,exploratory_n_lt_100,,,,,,,,,,
alignment_summary.csv,amazon:Baby_Products,test,fixed_K16,1,1,1,excess_cosine_z,-0.07004288803482366,-0.24129348765658795,0.10758792313767386,84,84,within_subset_z,exploratory_n_lt_100,,,,,,,,,,
alignment_summary.csv,amazon:Baby_Products,test,fixed_K16,1,1,1,raw_cluster_match,0.09523809523809523,0.03571428571428571,0.15476190476190477,84,84,probability_difference,exploratory_n_lt_100,,,,,,,,,,
alignment_summary.csv,amazon:Baby_Products,test,fixed_K16,1,1,1,random_cluster_match,0.06488095238095237,0.05,0.08095238095238096,84,84,probability_difference,exploratory_n_lt_100,,,,,,,,,,
alignment_summary.csv,amazon:Baby_Products,test,fixed_K16,1,1,1,excess_cluster_match,0.030357142857142867,-0.028571428571428574,0.09345238095238095,84,84,probability_difference,exploratory_n_lt_100,,,,,,,,,,
alignment_summary.csv,amazon:Baby_Products,test,fixed_K16,1,1,1,history_normalized_cluster_match,0.03390184310545876,-0.02424650113235086,0.09727967453952907,84,84,probability_difference,exploratory_n_lt_100,,,,,,,,,,
alignment_summary.csv,amazon:Baby_Products,test,fixed_K16,2,2,2,raw_cosine,0.17200578216995513,0.15810798452280106,0.18662882666768774,84,84,cosine,exploratory_n_lt_100,,,,,,,,,,
alignment_summary.csv,amazon:Baby_Products,test,fixed_K16,2,2,2,random_cosine,0.17150058016358388,0.16256481282900842,0.17979850799643568,84,84,cosine,exploratory_n_lt_100,,,,,,,,,,
alignment_summary.csv,amazon:Baby_Products,test,fixed_K16,2,2,2,excess_cosine,0.0005052020063712483,-0.010908391239077208,0.012085797031232637,84,84,cosine,exploratory_n_lt_100,,,,,,,,,,
alignment_summary.csv,amazon:Baby_Products,test,fixed_K16,2,2,2,raw_cosine_z,0.25280319841952936,0.0598358114271803,0.45584045354736913,84,84,within_subset_z,exploratory_n_lt_100,,,,,,,,,,
alignment_summary.csv,amazon:Baby_Products,test,fixed_K16,2,2,2,random_cosine_z,0.2457885970022526,0.12171773936692701,0.36100321531873053,84,84,within_subset_z,exploratory_n_lt_100,,,,,,,,,,
alignment_summary.csv,amazon:Baby_Products,test,fixed_K16,2,2,2,excess_cosine_z,0.007014601417276715,-0.15146023903478048,0.167808219118403,84,84,within_subset_z,exploratory_n_lt_100,,,,,,,,,,
alignment_summary.csv,amazon:Baby_Products,test,fixed_K16,2,2,2,raw_cluster_match,0.05952380952380952,0.011904761904761904,0.11904761904761904,84,84,probability_difference,exploratory_n_lt_100,,,,,,,,,,
alignment_summary.csv,amazon:Baby_Products,test,fixed_K16,2,2,2,random_cluster_match,0.06190476190476191,0.04821428571428571,0.07738095238095238,84,84,probability_difference,exploratory_n_lt_100,,,,,,,,,,
alignment_summary.csv,amazon:Baby_Products,test,fixed_K16,2,2,2,excess_cluster_match,-0.0023809523809523872,-0.04821428571428571,0.05416666666666666,84,84,probability_difference,exploratory_n_lt_100,,,,,,,,,,
alignment_summary.csv,amazon:Baby_Products,test,fixed_K16,2,2,2,history_normalized_cluster_match,-0.0018124426088269533,-0.04430148236041646,0.053578406736370536,84,84,probability_difference,exploratory_n_lt_100,,,,,,,,,,
alignment_summary.csv,amazon:Baby_Products,test,fixed_K16,3-4,3,4,raw_cosine,0.1796323903392823,0.1656946243657287,0.19490776095384107,84,168,cosine,exploratory_n_lt_100,,,,,,,,,,
alignment_summary.csv,amazon:Baby_Products,test,fixed_K16,3-4,3,4,random_cosine,0.17236499226696433,0.16456701768273932,0.1802542302458148,84,168,cosine,exploratory_n_lt_100,,,,,,,,,,
alignment_summary.csv,amazon:Baby_Products,test,fixed_K16,3-4,3,4,excess_cosine,0.007267398072317952,-0.004837604220734821,0.02164380634037244,84,168,cosine,exploratory_n_lt_100,,,,,,,,,,
alignment_summary.csv,amazon:Baby_Products,test,fixed_K16,3-4,3,4,raw_cosine_z,0.3586967138824586,0.16517437683949074,0.5707913512968072,84,168,within_subset_z,exploratory_n_lt_100,,,,,,,,,,
alignment_summary.csv,amazon:Baby_Products,test,fixed_K16,3-4,3,4,random_cosine_z,0.25779073929190155,0.14951784472584823,0.3673308028897707,84,168,within_subset_z,exploratory_n_lt_100,,,,,,,,,,
alignment_summary.csv,amazon:Baby_Products,test,fixed_K16,3-4,3,4,excess_cosine_z,0.10090597459055708,-0.0671689047055248,0.3005187483734425,84,168,within_subset_z,exploratory_n_lt_100,,,,,,,,,,
alignment_summary.csv,amazon:Baby_Products,test,fixed_K16,3-4,3,4,raw_cluster_match,0.041666666666666664,0.011904761904761904,0.08333333333333333,84,168,probability_difference,exploratory_n_lt_100,,,,,,,,,,
alignment_summary.csv,amazon:Baby_Products,test,fixed_K16,3-4,3,4,random_cluster_match,0.06130952380952383,0.04970238095238096,0.07351190476190476,84,168,probability_difference,exploratory_n_lt_100,,,,,,,,,,
alignment_summary.csv,amazon:Baby_Products,test,fixed_K16,3-4,3,4,excess_cluster_match,-0.019642857142857142,-0.05179315476190476,0.02113095238095238,84,168,probability_difference,exploratory_n_lt_100,,,,,,,,,,
alignment_summary.csv,amazon:Baby_Products,test,fixed_K16,3-4,3,4,history_normalized_cluster_match,-0.019669585465969808,-0.050328638932927675,0.019415086882399447,84,168,probability_difference,exploratory_n_lt_100,,,,,,,,,,
alignment_summary.csv,amazon:Baby_Products,test,fixed_K16,5-8,5,8,raw_cosine,0.18449314964735614,0.17260887683244489,0.19579081960962083,84,336,cosine,exploratory_n_lt_100,,,,,,,,,,
alignment_summary.csv,amazon:Baby_Products,test,fixed_K16,5-8,5,8,random_cosine,0.17421882441045627,0.16551145129986775,0.18190784551164443,84,336,cosine,exploratory_n_lt_100,,,,,,,,,,
alignment_summary.csv,amazon:Baby_Products,test,fixed_K16,5-8,5,8,excess_cosine,0.010274325236899867,0.003015045587034408,0.017486466189231057,84,336,cosine,exploratory_n_lt_100,,,,,,,,,,
alignment_summary.csv,amazon:Baby_Products,test,fixed_K16,5-8,5,8,raw_cosine_z,0.4261871210887992,0.2611770144790483,0.583052396225871,84,336,within_subset_z,exploratory_n_lt_100,,,,,,,,,,
alignment_summary.csv,amazon:Baby_Products,test,fixed_K16,5-8,5,8,random_cosine_z,0.28353072729103024,0.16263106538943461,0.39029083044515483,84,336,within_subset_z,exploratory_n_lt_100,,,,,,,,,,
alignment_summary.csv,amazon:Baby_Products,test,fixed_K16,5-8,5,8,excess_cosine_z,0.14265639379776898,0.041863141438959105,0.24279513732573016,84,336,within_subset_z,exploratory_n_lt_100,,,,,,,,,,
alignment_summary.csv,amazon:Baby_Products,test,fixed_K16,5-8,5,8,raw_cluster_match,0.047619047619047616,0.026785714285714284,0.07142857142857142,84,336,probability_difference,exploratory_n_lt_100,,,,,,,,,,
alignment_summary.csv,amazon:Baby_Products,test,fixed_K16,5-8,5,8,random_cluster_match,0.0674107142857143,0.05714285714285715,0.07797619047619048,84,336,probability_difference,exploratory_n_lt_100,,,,,,,,,,
alignment_summary.csv,amazon:Baby_Products,test,fixed_K16,5-8,5,8,excess_cluster_match,-0.01979166666666667,-0.04241071428571429,0.006700148809523783,84,336,probability_difference,exploratory_n_lt_100,,,,,,,,,,
alignment_summary.csv,amazon:Baby_Products,test,fixed_K16,5-8,5,8,history_normalized_cluster_match,-0.013717204513588857,-0.034654123848962964,0.009948170484506727,84,336,probability_difference,exploratory_n_lt_100,,,,,,,,,,
alignment_summary.csv,amazon:Baby_Products,test,fixed_K16,9-16,9,16,raw_cosine,0.1851157899668795,0.17520918450983508,0.1956580510384464,84,672,cosine,exploratory_n_lt_100,,,,,,,,,,
alignment_summary.csv,amazon:Baby_Products,test,fixed_K16,9-16,9,16,random_cosine,0.17331286038028165,0.16545679457388662,0.1811317661007966,84,672,cosine,exploratory_n_lt_100,,,,,,,,,,
alignment_summary.csv,amazon:Baby_Products,test,fixed_K16,9-16,9,16,excess_cosine,0.011802929586597852,0.006352839107040338,0.018027299624338324,84,672,cosine,exploratory_n_lt_100,,,,,,,,,,
alignment_summary.csv,amazon:Baby_Products,test,fixed_K16,9-16,9,16,raw_cosine_z,0.4348323236269947,0.2972816254844388,0.5812089383698357,84,672,within_subset_z,exploratory_n_lt_100,,,,,,,,,,
alignment_summary.csv,amazon:Baby_Products,test,fixed_K16,9-16,9,16,random_cosine_z,0.27095164706189373,0.16187217064496487,0.37951516513385714,84,672,within_subset_z,exploratory_n_lt_100,,,,,,,,,,
alignment_summary.csv,amazon:Baby_Products,test,fixed_K16,9-16,9,16,excess_cosine_z,0.16388067656510102,0.08820755587266856,0.2503044720721687,84,672,within_subset_z,exploratory_n_lt_100,,,,,,,,,,
alignment_summary.csv,amazon:Baby_Products,test,fixed_K16,9-16,9,16,raw_cluster_match,0.0744047619047619,0.05357142857142857,0.0952752976190474,84,672,probability_difference,exploratory_n_lt_100,,,,,,,,,,
alignment_summary.csv,amazon:Baby_Products,test,fixed_K16,9-16,9,16,random_cluster_match,0.06532738095238096,0.05572916666666667,0.07492745535714285,84,672,probability_difference,exploratory_n_lt_100,,,,,,,,,,
alignment_summary.csv,amazon:Baby_Products,test,fixed_K16,9-16,9,16,excess_cluster_match,0.00907738095238095,-0.009304315476190482,0.02909598214285712,84,672,probability_difference,exploratory_n_lt_100,,,,,,,,,,
alignment_summary.csv,amazon:Baby_Products,test,fixed_K16,9-16,9,16,history_normalized_cluster_match,0.013068509772125429,-0.004956145249986469,0.03159469731437334,84,672,probability_difference,exploratory_n_lt_100,,,,,,,,,,
alignment_summary.csv,amazon:Baby_Products,test,fixed_K32,1,1,1,raw_cosine,0.16595384052821568,0.13498032565805174,0.19901358286539708,21,21,cosine,exploratory_n_lt_100,,,,,,,,,,
alignment_summary.csv,amazon:Baby_Products,test,fixed_K32,1,1,1,random_cosine,0.18169516963618143,0.16893288707804113,0.1952481741174346,21,21,cosine,exploratory_n_lt_100,,,,,,,,,,
alignment_summary.csv,amazon:Baby_Products,test,fixed_K32,1,1,1,excess_cosine,-0.015741329107965742,-0.045188816317490166,0.019398058347758783,21,21,cosine,exploratory_n_lt_100,,,,,,,,,,
alignment_summary.csv,amazon:Baby_Products,test,fixed_K32,1,1,1,raw_cosine_z,0.1687735273532082,-0.2612858519965935,0.6277996446857338,21,21,within_subset_z,exploratory_n_lt_100,,,,,,,,,,
alignment_summary.csv,amazon:Baby_Products,test,fixed_K32,1,1,1,random_cosine_z,0.3873378799844885,0.2101368313128184,0.5755179015275831,21,21,within_subset_z,exploratory_n_lt_100,,,,,,,,,,
alignment_summary.csv,amazon:Baby_Products,test,fixed_K32,1,1,1,excess_cosine_z,-0.21856435263128024,-0.6274352258862365,0.26933710844888137,21,21,within_subset_z,exploratory_n_lt_100,,,,,,,,,,
alignment_summary.csv,amazon:Baby_Products,test,fixed_K32,1,1,1,raw_cluster_match,0.047619047619047616,0.0,0.14285714285714285,21,21,probability_difference,exploratory_n_lt_100,,,,,,,,,,
alignment_summary.csv,amazon:Baby_Products,test,fixed_K32,1,1,1,random_cluster_match,0.07142857142857142,0.04047619047619048,0.10476190476190475,21,21,probability_difference,exploratory_n_lt_100,,,,,,,,,,
alignment_summary.csv,amazon:Baby_Products,test,fixed_K32,1,1,1,excess_cluster_match,-0.023809523809523805,-0.09047619047619047,0.07142857142857142,21,21,probability_difference,exploratory_n_lt_100,,,,,,,,,,
alignment_summary.csv,amazon:Baby_Products,test,fixed_K32,1,1,1,history_normalized_cluster_match,-0.0020564848848793967,-0.05692445577175786,0.09677039923031742,21,21,probability_difference,exploratory_n_lt_100,,,,,,,,,,
alignment_summary.csv,amazon:Baby_Products,test,fixed_K32,2,2,2,raw_cosine,0.18133083553541274,0.15951870348127115,0.2028235441694657,21,21,cosine,exploratory_n_lt_100,,,,,,,,,,
alignment_summary.csv,amazon:Baby_Products,test,fixed_K32,2,2,2,random_cosine,0.18777742698079064,0.1742719905894427,0.20053991623932407,21,21,cosine,exploratory_n_lt_100,,,,,,,,,,
alignment_summary.csv,amazon:Baby_Products,test,fixed_K32,2,2,2,excess_cosine,-0.006446591445377895,-0.028852984788162367,0.016967601311348734,21,21,cosine,exploratory_n_lt_100,,,,,,,,,,
alignment_summary.csv,amazon:Baby_Products,test,fixed_K32,2,2,2,raw_cosine_z,0.3822791936226291,0.07942328550817505,0.6806999887584966,21,21,within_subset_z,exploratory_n_lt_100,,,,,,,,,,
alignment_summary.csv,amazon:Baby_Products,test,fixed_K32,2,2,2,random_cosine_z,0.47178847687777437,0.2842689261694316,0.6489923955318521,21,21,within_subset_z,exploratory_n_lt_100,,,,,,,,,,
alignment_summary.csv,amazon:Baby_Products,test,fixed_K32,2,2,2,excess_cosine_z,-0.0895092832551453,-0.4006163582790273,0.23559083041113366,21,21,within_subset_z,exploratory_n_lt_100,,,,,,,,,,
alignment_summary.csv,amazon:Baby_Products,test,fixed_K32,2,2,2,raw_cluster_match,0.047619047619047616,0.0,0.14285714285714285,21,21,probability_difference,exploratory_n_lt_100,,,,,,,,,,
alignment_summary.csv,amazon:Baby_Products,test,fixed_K32,2,2,2,random_cluster_match,0.045238095238095244,0.023809523809523808,0.07142857142857142,21,21,probability_difference,exploratory_n_lt_100,,,,,,,,,,
alignment_summary.csv,amazon:Baby_Products,test,fixed_K32,2,2,2,excess_cluster_match,0.002380952380952379,-0.06666666666666668,0.10958333333333302,21,21,probability_difference,exploratory_n_lt_100,,,,,,,,,,
alignment_summary.csv,amazon:Baby_Products,test,fixed_K32,2,2,2,history_normalized_cluster_match,-0.002056484884879396,-0.05613658186150999,0.09495010971100093,21,21,probability_difference,exploratory_n_lt_100,,,,,,,,,,
alignment_summary.csv,amazon:Baby_Products,test,fixed_K32,3-4,3,4,raw_cosine,0.21615736009109587,0.18807911930517074,0.25556113882256404,21,42,cosine,exploratory_n_lt_100,,,,,,,,,,
alignment_summary.csv,amazon:Baby_Products,test,fixed_K32,3-4,3,4,random_cosine,0.1825008722288268,0.17086470505843562,0.1938149888866714,21,42,cosine,exploratory_n_lt_100,,,,,,,,,,
alignment_summary.csv,amazon:Baby_Products,test,fixed_K32,3-4,3,4,excess_cosine,0.03365648786226908,0.0027966458084327833,0.07490214988411889,21,42,cosine,exploratory_n_lt_100,,,,,,,,,,
alignment_summary.csv,amazon:Baby_Products,test,fixed_K32,3-4,3,4,raw_cosine_z,0.8658366328771313,0.47597739810035344,1.4129480826537195,21,42,within_subset_z,exploratory_n_lt_100,,,,,,,,,,
alignment_summary.csv,amazon:Baby_Products,test,fixed_K32,3-4,3,4,random_cosine_z,0.3985248556437273,0.23695963283043123,0.5556184889675629,21,42,within_subset_z,exploratory_n_lt_100,,,,,,,,,,
alignment_summary.csv,amazon:Baby_Products,test,fixed_K32,3-4,3,4,excess_cosine_z,0.4673117772334039,0.03883071603844298,1.0399973082215288,21,42,within_subset_z,exploratory_n_lt_100,,,,,,,,,,
alignment_summary.csv,amazon:Baby_Products,test,fixed_K32,3-4,3,4,raw_cluster_match,0.09523809523809523,0.0,0.21428571428571427,21,42,probability_difference,exploratory_n_lt_100,,,,,,,,,,
alignment_summary.csv,amazon:Baby_Products,test,fixed_K32,3-4,3,4,random_cluster_match,0.04761904761904763,0.032113095238095246,0.06309523809523811,21,42,probability_difference,exploratory_n_lt_100,,,,,,,,,,
alignment_summary.csv,amazon:Baby_Products,test,fixed_K32,3-4,3,4,excess_cluster_match,0.047619047619047616,-0.04166666666666668,0.17380952380952383,21,42,probability_difference,exploratory_n_lt_100,,,,,,,,,,
alignment_summary.csv,amazon:Baby_Products,test,fixed_K32,3-4,3,4,history_normalized_cluster_match,0.04556256273416822,-0.04296383255485976,0.17245552246989665,21,42,probability_difference,exploratory_n_lt_100,,,,,,,,,,
alignment_summary.csv,amazon:Baby_Products,test,fixed_K32,5-8,5,8,raw_cosine,0.19262422248721123,0.17606099467236727,0.2110232186171093,21,84,cosine,exploratory_n_lt_100,,,,,,,,,,
alignment_summary.csv,amazon:Baby_Products,test,fixed_K32,5-8,5,8,random_cosine,0.18573503586507978,0.17478921713662288,0.19753157233908064,21,84,cosine,exploratory_n_lt_100,,,,,,,,,,
alignment_summary.csv,amazon:Baby_Products,test,fixed_K32,5-8,5,8,excess_cosine,0.006889186622131439,-0.004490962411676134,0.019588925261493948,21,84,cosine,exploratory_n_lt_100,,,,,,,,,,
alignment_summary.csv,amazon:Baby_Products,test,fixed_K32,5-8,5,8,raw_cosine_z,0.5390850002482787,0.3091087930292926,0.7945503838010325,21,84,within_subset_z,exploratory_n_lt_100,,,,,,,,,,
alignment_summary.csv,amazon:Baby_Products,test,fixed_K32,5-8,5,8,random_cosine_z,0.4434303954881078,0.2914504852787539,0.6072223053101669,21,84,within_subset_z,exploratory_n_lt_100,,,,,,,,,,
alignment_summary.csv,amazon:Baby_Products,test,fixed_K32,5-8,5,8,excess_cosine_z,0.09565460476017075,-0.06235587131601847,0.27198724702060745,21,84,within_subset_z,exploratory_n_lt_100,,,,,,,,,,
alignment_summary.csv,amazon:Baby_Products,test,fixed_K32,5-8,5,8,raw_cluster_match,0.03571428571428571,0.0,0.08333333333333333,21,84,probability_difference,exploratory_n_lt_100,,,,,,,,,,
alignment_summary.csv,amazon:Baby_Products,test,fixed_K32,5-8,5,8,random_cluster_match,0.050595238095238096,0.034523809523809526,0.06787202380952374,21,84,probability_difference,exploratory_n_lt_100,,,,,,,,,,
alignment_summary.csv,amazon:Baby_Products,test,fixed_K32,5-8,5,8,excess_cluster_match,-0.014880952380952387,-0.04941964285714286,0.02797619047619047,21,84,probability_difference,exploratory_n_lt_100,,,,,,,,,,
alignment_summary.csv,amazon:Baby_Products,test,fixed_K32,5-8,5,8,history_normalized_cluster_match,-0.013961246789641306,-0.04679793160567707,0.028039730486518408,21,84,probability_difference,exploratory_n_lt_100,,,,,,,,,,
alignment_summary.csv,amazon:Baby_Products,test,fixed_K32,9-16,9,16,raw_cosine,0.19656002512645154,0.17773124099864315,0.219597032440028,21,168,cosine,exploratory_n_lt_100,,,,,,,,,,
alignment_summary.csv,amazon:Baby_Products,test,fixed_K32,9-16,9,16,random_cosine,0.1855744571824159,0.17530014982136588,0.1965520421209346,21,168,cosine,exploratory_n_lt_100,,,,,,,,,,
alignment_summary.csv,amazon:Baby_Products,test,fixed_K32,9-16,9,16,excess_cosine,0.010985567944035643,-0.0008419196176830501,0.024504089599386557,21,168,cosine,exploratory_n_lt_100,,,,,,,,,,
alignment_summary.csv,amazon:Baby_Products,test,fixed_K32,9-16,9,16,raw_cosine_z,0.5937326192663408,0.33229973863073664,0.9135956089490839,21,168,within_subset_z,exploratory_n_lt_100,,,,,,,,,,
alignment_summary.csv,amazon:Baby_Products,test,fixed_K32,9-16,9,16,random_cosine_z,0.4412008013044085,0.2985446557082699,0.5936217772643154,21,168,within_subset_z,exploratory_n_lt_100,,,,,,,,,,
alignment_summary.csv,amazon:Baby_Products,test,fixed_K32,9-16,9,16,excess_cosine_z,0.1525318179619322,-0.011689839844168715,0.3402330542341944,21,168,within_subset_z,exploratory_n_lt_100,,,,,,,,,,
alignment_summary.csv,amazon:Baby_Products,test,fixed_K32,9-16,9,16,raw_cluster_match,0.05357142857142857,0.023809523809523808,0.08928571428571429,21,168,probability_difference,exploratory_n_lt_100,,,,,,,,,,
alignment_summary.csv,amazon:Baby_Products,test,fixed_K32,9-16,9,16,random_cluster_match,0.05327380952380953,0.03541666666666667,0.07291666666666667,21,168,probability_difference,exploratory_n_lt_100,,,,,,,,,,
alignment_summary.csv,amazon:Baby_Products,test,fixed_K32,9-16,9,16,excess_cluster_match,0.0002976190476190472,-0.02410714285714286,0.030952380952380936,21,168,probability_difference,exploratory_n_lt_100,,,,,,,,,,
alignment_summary.csv,amazon:Baby_Products,test,fixed_K32,9-16,9,16,history_normalized_cluster_match,0.0038958960675015536,-0.026614068310635095,0.03778546360064486,21,168,probability_difference,exploratory_n_lt_100,,,,,,,,,,
alignment_summary.csv,amazon:Baby_Products,test,fixed_K32,17-32,17,32,raw_cosine,0.20315051971313855,0.18302238453207317,0.2313521014945027,21,336,cosine,exploratory_n_lt_100,,,,,,,,,,
alignment_summary.csv,amazon:Baby_Products,test,fixed_K32,17-32,17,32,random_cosine,0.1846224552552615,0.17293760122043922,0.1968389258287581,21,336,cosine,exploratory_n_lt_100,,,,,,,,,,
alignment_summary.csv,amazon:Baby_Products,test,fixed_K32,17-32,17,32,excess_cosine,0.018528064457877053,0.004458122906119873,0.037674619174019104,21,336,cosine,exploratory_n_lt_100,,,,,,,,,,
alignment_summary.csv,amazon:Baby_Products,test,fixed_K32,17-32,17,32,raw_cosine_z,0.6852399610530184,0.40576592138642925,1.0768117541935864,21,336,within_subset_z,exploratory_n_lt_100,,,,,,,,,,
alignment_summary.csv,amazon:Baby_Products,test,fixed_K32,17-32,17,32,random_cosine_z,0.4279824965802578,0.26574126903235284,0.597605084610909,21,336,within_subset_z,exploratory_n_lt_100,,,,,,,,,,
alignment_summary.csv,amazon:Baby_Products,test,fixed_K32,17-32,17,32,excess_cosine_z,0.25725746447276066,0.0618999031303966,0.5231025089382448,21,336,within_subset_z,exploratory_n_lt_100,,,,,,,,,,
alignment_summary.csv,amazon:Baby_Products,test,fixed_K32,17-32,17,32,raw_cluster_match,0.09523809523809523,0.050595238095238096,0.14583333333333334,21,336,probability_difference,exploratory_n_lt_100,,,,,,,,,,
alignment_summary.csv,amazon:Baby_Products,test,fixed_K32,17-32,17,32,random_cluster_match,0.05327380952380953,0.03854166666666667,0.0692001488095238,21,336,probability_difference,exploratory_n_lt_100,,,,,,,,,,
alignment_summary.csv,amazon:Baby_Products,test,fixed_K32,17-32,17,32,excess_cluster_match,0.04196428571428571,0.0019308035714285686,0.08542410714285709,21,336,probability_difference,exploratory_n_lt_100,,,,,,,,,,
alignment_summary.csv,amazon:Baby_Products,test,fixed_K32,17-32,17,32,history_normalized_cluster_match,0.04556256273416822,0.006523634829141241,0.09006250301003724,21,336,probability_difference,exploratory_n_lt_100,,,,,,,,,,
alignment_summary.csv,amazon-sports-and-outdoors,test,all_available,1,1,1,raw_cosine,0.15063476826250552,0.14667903367874677,0.15465319179097423,2000,2000,cosine,estimated,,,,,,,,,,
alignment_summary.csv,amazon-sports-and-outdoors,test,all_available,1,1,1,random_cosine,0.1291090617775917,0.12773739244118335,0.13040920112738386,2000,2000,cosine,estimated,,,,,,,,,,
alignment_summary.csv,amazon-sports-and-outdoors,test,all_available,1,1,1,excess_cosine,0.021525706484913826,0.01768268130654469,0.025501536696252877,2000,2000,cosine,estimated,,,,,,,,,,
alignment_summary.csv,amazon-sports-and-outdoors,test,all_available,1,1,1,raw_cosine_z,0.6252945447057254,0.5551199840648128,0.6965812045178327,2000,2000,within_subset_z,estimated,,,,,,,,,,
alignment_summary.csv,amazon-sports-and-outdoors,test,all_available,1,1,1,random_cosine_z,0.24342944150440343,0.21909608672820727,0.26649385740789233,2000,2000,within_subset_z,estimated,,,,,,,,,,
alignment_summary.csv,amazon-sports-and-outdoors,test,all_available,1,1,1,excess_cosine_z,0.38186510320132205,0.3136900025433385,0.4523961594074431,2000,2000,within_subset_z,estimated,,,,,,,,,,
alignment_summary.csv,amazon-sports-and-outdoors,test,all_available,1,1,1,raw_cluster_match,0.122,0.1085,0.136,2000,2000,probability_difference,estimated,,,,,,,,,,
alignment_summary.csv,amazon-sports-and-outdoors,test,all_available,1,1,1,random_cluster_match,0.07342500000000002,0.06982500000000001,0.077400625,2000,2000,probability_difference,estimated,,,,,,,,,,
alignment_summary.csv,amazon-sports-and-outdoors,test,all_available,1,1,1,excess_cluster_match,0.048574999999999986,0.03475,0.06277624999999999,2000,2000,probability_difference,estimated,,,,,,,,,,
alignment_summary.csv,amazon-sports-and-outdoors,test,all_available,1,1,1,history_normalized_cluster_match,-0.0034665074304780115,-0.015411860278202183,0.008577825002815818,2000,2000,probability_difference,estimated,,,,,,,,,,
alignment_summary.csv,amazon-sports-and-outdoors,test,all_available,2,2,2,raw_cosine,0.1490239218524657,0.1451319317510235,0.15309862235201288,2000,2000,cosine,estimated,,,,,,,,,,
alignment_summary.csv,amazon-sports-and-outdoors,test,all_available,2,2,2,random_cosine,0.12969429491460324,0.12830662211519667,0.13103410111963748,2000,2000,cosine,estimated,,,,,,,,,,
alignment_summary.csv,amazon-sports-and-outdoors,test,all_available,2,2,2,excess_cosine,0.019329626937862485,0.015503678679908626,0.023315676813176832,2000,2000,cosine,estimated,,,,,,,,,,
alignment_summary.csv,amazon-sports-and-outdoors,test,all_available,2,2,2,raw_cosine_z,0.5967181989749853,0.5276744626968123,0.6690032098230412,2000,2000,within_subset_z,estimated,,,,,,,,,,
alignment_summary.csv,amazon-sports-and-outdoors,test,all_available,2,2,2,random_cosine_z,0.25381145207480516,0.22919419655631895,0.2775795562768088,2000,2000,within_subset_z,estimated,,,,,,,,,,
alignment_summary.csv,amazon-sports-and-outdoors,test,all_available,2,2,2,excess_cosine_z,0.3429067469001802,0.2750345900726958,0.41361909950376635,2000,2000,within_subset_z,estimated,,,,,,,,,,
alignment_summary.csv,amazon-sports-and-outdoors,test,all_available,2,2,2,raw_cluster_match,0.127,0.112,0.142,2000,2000,probability_difference,estimated,,,,,,,,,,
alignment_summary.csv,amazon-sports-and-outdoors,test,all_available,2,2,2,random_cluster_match,0.07310000000000001,0.069374375,0.076775625,2000,2000,probability_difference,estimated,,,,,,,,,,
alignment_summary.csv,amazon-sports-and-outdoors,test,all_available,2,2,2,excess_cluster_match,0.05389999999999999,0.038974375,0.06855,2000,2000,probability_difference,estimated,,,,,,,,,,
alignment_summary.csv,amazon-sports-and-outdoors,test,all_available,2,2,2,history_normalized_cluster_match,0.0015334925695219886,-0.01160013364290937,0.013844015028068328,2000,2000,probability_difference,estimated,,,,,,,,,,
alignment_summary.csv,amazon-sports-and-outdoors,test,all_available,3-4,3,4,raw_cosine,0.15908704772137522,0.1547948774190958,0.16336204241080277,1928,3663,cosine,estimated,,,,,,,,,,
alignment_summary.csv,amazon-sports-and-outdoors,test,all_available,3-4,3,4,random_cosine,0.13031153622251468,0.12904796535434218,0.13159779482067047,1928,3663,cosine,estimated,,,,,,,,,,
alignment_summary.csv,amazon-sports-and-outdoors,test,all_available,3-4,3,4,excess_cosine,0.02877551149886055,0.02475472360802766,0.032980154119585346,1928,3663,cosine,estimated,,,,,,,,,,
alignment_summary.csv,amazon-sports-and-outdoors,test,all_available,3-4,3,4,raw_cosine_z,0.7752376171948796,0.6990947014403478,0.8510758383193504,1928,3663,within_subset_z,estimated,,,,,,,,,,
alignment_summary.csv,amazon-sports-and-outdoors,test,all_available,3-4,3,4,random_cosine_z,0.2647612862143217,0.2423455935951249,0.28757945818338554,1928,3663,within_subset_z,estimated,,,,,,,,,,
alignment_summary.csv,amazon-sports-and-outdoors,test,all_available,3-4,3,4,excess_cosine_z,0.510476330980558,0.4391477274822429,0.5850665094452243,1928,3663,within_subset_z,estimated,,,,,,,,,,
alignment_summary.csv,amazon-sports-and-outdoors,test,all_available,3-4,3,4,raw_cluster_match,0.14911825726141079,0.13692297717842325,0.16157287344398338,1928,3663,probability_difference,estimated,,,,,,,,,,
alignment_summary.csv,amazon-sports-and-outdoors,test,all_available,3-4,3,4,random_cluster_match,0.07492219917012448,0.07157611514522821,0.07853993775933611,1928,3663,probability_difference,estimated,,,,,,,,,,
alignment_summary.csv,amazon-sports-and-outdoors,test,all_available,3-4,3,4,excess_cluster_match,0.07419605809128631,0.06139717323651452,0.0863991182572614,1928,3663,probability_difference,estimated,,,,,,,,,,
alignment_summary.csv,amazon-sports-and-outdoors,test,all_available,3-4,3,4,history_normalized_cluster_match,0.026487025487056004,0.016932495011014743,0.03596965109337921,1928,3663,probability_difference,estimated,,,,,,,,,,
alignment_summary.csv,amazon-sports-and-outdoors,test,all_available,5-8,5,8,raw_cosine,0.17668016290859986,0.16901618764211498,0.18480004948048875,1194,3132,cosine,estimated,,,,,,,,,,
alignment_summary.csv,amazon-sports-and-outdoors,test,all_available,5-8,5,8,random_cosine,0.13098766665259873,0.129438905715685,0.13260939653397605,1194,3132,cosine,estimated,,,,,,,,,,
alignment_summary.csv,amazon-sports-and-outdoors,test,all_available,5-8,5,8,excess_cosine,0.04569249625600113,0.03809461617746084,0.053569067330212085,1194,3132,cosine,estimated,,,,,,,,,,
alignment_summary.csv,amazon-sports-and-outdoors,test,all_available,5-8,5,8,raw_cosine_z,1.0873387206504477,0.9513801304820032,1.2313851576828623,1194,3132,within_subset_z,estimated,,,,,,,,,,
alignment_summary.csv,amazon-sports-and-outdoors,test,all_available,5-8,5,8,random_cosine_z,0.2767558108373602,0.24928085871798455,0.3055252288794977,1194,3132,within_subset_z,estimated,,,,,,,,,,
alignment_summary.csv,amazon-sports-and-outdoors,test,all_available,5-8,5,8,excess_cosine_z,0.8105829098130873,0.6757968454236809,0.9503129404271398,1194,3132,within_subset_z,estimated,,,,,,,,,,
alignment_summary.csv,amazon-sports-and-outdoors,test,all_available,5-8,5,8,raw_cluster_match,0.16122278056951425,0.14461194863204913,0.17881246510329424,1194,3132,probability_difference,estimated,,,,,,,,,,
alignment_summary.csv,amazon-sports-and-outdoors,test,all_available,5-8,5,8,random_cluster_match,0.070142378559464,0.06602343313791179,0.07437910036292575,1194,3132,probability_difference,estimated,,,,,,,,,,
alignment_summary.csv,amazon-sports-and-outdoors,test,all_available,5-8,5,8,excess_cluster_match,0.09108040201005026,0.07480039084310441,0.10808233877721944,1194,3132,probability_difference,estimated,,,,,,,,,,
alignment_summary.csv,amazon-sports-and-outdoors,test,all_available,5-8,5,8,history_normalized_cluster_match,0.04514264528674816,0.03240583672582824,0.05893994119515107,1194,3132,probability_difference,estimated,,,,,,,,,,
alignment_summary.csv,amazon-sports-and-outdoors,test,all_available,9-16,9,16,raw_cosine,0.17593696555876664,0.1639669556323921,0.1906059899458333,380,1780,cosine,estimated,,,,,,,,,,
alignment_summary.csv,amazon-sports-and-outdoors,test,all_available,9-16,9,16,random_cosine,0.13187781114449823,0.12915820118202564,0.1347810068376328,380,1780,cosine,estimated,,,,,,,,,,
alignment_summary.csv,amazon-sports-and-outdoors,test,all_available,9-16,9,16,excess_cosine,0.04405915441426838,0.03238349060637495,0.058149630083693005,380,1780,cosine,estimated,,,,,,,,,,
alignment_summary.csv,amazon-sports-and-outdoors,test,all_available,9-16,9,16,raw_cosine_z,1.0741544317681326,0.8618069727400461,1.3343822907401846,380,1780,within_subset_z,estimated,,,,,,,,,,
alignment_summary.csv,amazon-sports-and-outdoors,test,all_available,9-16,9,16,random_cosine_z,0.2925469356722881,0.24430117241639795,0.3440495018598109,380,1780,within_subset_z,estimated,,,,,,,,,,
alignment_summary.csv,amazon-sports-and-outdoors,test,all_available,9-16,9,16,excess_cosine_z,0.7816074960958446,0.5744817244948103,1.0315719258083633,380,1780,within_subset_z,estimated,,,,,,,,,,
alignment_summary.csv,amazon-sports-and-outdoors,test,all_available,9-16,9,16,raw_cluster_match,0.16299812030075186,0.1380229479949875,0.1907210213032581,380,1780,probability_difference,estimated,,,,,,,,,,
alignment_summary.csv,amazon-sports-and-outdoors,test,all_available,9-16,9,16,random_cluster_match,0.07514332706766917,0.06828976738721804,0.08239646773182957,380,1780,probability_difference,estimated,,,,,,,,,,
alignment_summary.csv,amazon-sports-and-outdoors,test,all_available,9-16,9,16,excess_cluster_match,0.0878547932330827,0.06318428101503759,0.11510799263784459,380,1780,probability_difference,estimated,,,,,,,,,,
alignment_summary.csv,amazon-sports-and-outdoors,test,all_available,9-16,9,16,history_normalized_cluster_match,0.06961549973933875,0.048792357388913125,0.09204351042189665,380,1780,probability_difference,estimated,,,,,,,,,,
alignment_summary.csv,amazon-sports-and-outdoors,test,all_available,17-32,17,32,raw_cosine,0.18514391375599742,0.1638966208705546,0.21248852860128736,98,803,cosine,exploratory_n_lt_100,,,,,,,,,,
alignment_summary.csv,amazon-sports-and-outdoors,test,all_available,17-32,17,32,random_cosine,0.1309692555274285,0.12578316661422248,0.13595944584383543,98,803,cosine,exploratory_n_lt_100,,,,,,,,,,
alignment_summary.csv,amazon-sports-and-outdoors,test,all_available,17-32,17,32,excess_cosine,0.05417465822856894,0.03288740436638387,0.08147309563439353,98,803,cosine,exploratory_n_lt_100,,,,,,,,,,
alignment_summary.csv,amazon-sports-and-outdoors,test,all_available,17-32,17,32,raw_cosine_z,1.2374852950765598,0.8605592371032833,1.7225775812328916,98,803,within_subset_z,exploratory_n_lt_100,,,,,,,,,,
alignment_summary.csv,amazon-sports-and-outdoors,test,all_available,17-32,17,32,random_cosine_z,0.2764291982721418,0.18442820497417087,0.3649549589250839,98,803,within_subset_z,exploratory_n_lt_100,,,,,,,,,,
alignment_summary.csv,amazon-sports-and-outdoors,test,all_available,17-32,17,32,excess_cosine_z,0.961056096804418,0.5834211328299204,1.445329197179352,98,803,within_subset_z,exploratory_n_lt_100,,,,,,,,,,
alignment_summary.csv,amazon-sports-and-outdoors,test,all_available,17-32,17,32,raw_cluster_match,0.18114296417867845,0.12619281122788775,0.24044000960773912,98,803,probability_difference,exploratory_n_lt_100,,,,,,,,,,
alignment_summary.csv,amazon-sports-and-outdoors,test,all_available,17-32,17,32,random_cluster_match,0.07423977524742831,0.05977579088994905,0.09069447576941198,98,803,probability_difference,exploratory_n_lt_100,,,,,,,,,,
alignment_summary.csv,amazon-sports-and-outdoors,test,all_available,17-32,17,32,excess_cluster_match,0.10690318893125016,0.055948107731271,0.16249709371552482,98,803,probability_difference,exploratory_n_lt_100,,,,,,,,,,
alignment_summary.csv,amazon-sports-and-outdoors,test,all_available,17-32,17,32,history_normalized_cluster_match,0.10213047340148182,0.05345583323655804,0.15588839787913167,98,803,probability_difference,exploratory_n_lt_100,,,,,,,,,,
alignment_summary.csv,amazon-sports-and-outdoors,test,all_available,33-64,33,64,raw_cosine,0.17342899289094396,0.15353896334877262,0.19206982630193908,23,358,cosine,exploratory_n_lt_100,,,,,,,,,,
alignment_summary.csv,amazon-sports-and-outdoors,test,all_available,33-64,33,64,random_cosine,0.1360315389701335,0.125060971155225,0.14693356689853682,23,358,cosine,exploratory_n_lt_100,,,,,,,,,,
alignment_summary.csv,amazon-sports-and-outdoors,test,all_available,33-64,33,64,excess_cosine,0.037397453920810425,0.02031619732481538,0.05498729334995851,23,358,cosine,exploratory_n_lt_100,,,,,,,,,,
alignment_summary.csv,amazon-sports-and-outdoors,test,all_available,33-64,33,64,raw_cosine_z,1.029663104977284,0.6768148400842485,1.360350684464495,23,358,within_subset_z,exploratory_n_lt_100,,,,,,,,,,
alignment_summary.csv,amazon-sports-and-outdoors,test,all_available,33-64,33,64,random_cosine_z,0.36623388787142197,0.1716164887280679,0.5596353923888745,23,358,within_subset_z,exploratory_n_lt_100,,,,,,,,,,
alignment_summary.csv,amazon-sports-and-outdoors,test,all_available,33-64,33,64,excess_cosine_z,0.663429217105862,0.36040846294806783,0.9754722087546545,23,358,within_subset_z,exploratory_n_lt_100,,,,,,,,,,
alignment_summary.csv,amazon-sports-and-outdoors,test,all_available,33-64,33,64,raw_cluster_match,0.153443725730948,0.07700788485994621,0.2562911276748173,23,358,probability_difference,exploratory_n_lt_100,,,,,,,,,,
alignment_summary.csv,amazon-sports-and-outdoors,test,all_available,33-64,33,64,random_cluster_match,0.04892226919317788,0.031604383444981225,0.06872146990529922,23,358,probability_difference,exploratory_n_lt_100,,,,,,,,,,
alignment_summary.csv,amazon-sports-and-outdoors,test,all_available,33-64,33,64,excess_cluster_match,0.1045214565377701,0.02462385046772387,0.21276544250610696,23,358,probability_difference,exploratory_n_lt_100,,,,,,,,,,
alignment_summary.csv,amazon-sports-and-outdoors,test,all_available,33-64,33,64,history_normalized_cluster_match,0.09313890551564186,0.021044373126219037,0.18579467362378915,23,358,probability_difference,exploratory_n_lt_100,,,,,,,,,,
alignment_summary.csv,amazon-sports-and-outdoors,test,all_available,65-100,65,100,raw_cosine,0.2758259245246235,0.17860065188465846,0.42846204793184167,4,89,cosine,exploratory_n_lt_100,,,,,,,,,,
alignment_summary.csv,amazon-sports-and-outdoors,test,all_available,65-100,65,100,random_cosine,0.14826186863291596,0.11867390455057224,0.17784983271525967,4,89,cosine,exploratory_n_lt_100,,,,,,,,,,
alignment_summary.csv,amazon-sports-and-outdoors,test,all_available,65-100,65,100,excess_cosine,0.12756405589170752,0.02101975847553048,0.3049803229359289,4,89,cosine,exploratory_n_lt_100,,,,,,,,,,
alignment_summary.csv,amazon-sports-and-outdoors,test,all_available,65-100,65,100,raw_cosine_z,2.8461802489417827,1.1214081121268016,5.553938484797912,4,89,within_subset_z,exploratory_n_lt_100,,,,,,,,,,
alignment_summary.csv,amazon-sports-and-outdoors,test,all_available,65-100,65,100,random_cosine_z,0.5831994077784121,0.05831020306219237,1.1080886124946319,4,89,within_subset_z,exploratory_n_lt_100,,,,,,,,,,
alignment_summary.csv,amazon-sports-and-outdoors,test,all_available,65-100,65,100,excess_cosine_z,2.2629808411633707,0.3728896073701826,5.410337754717705,4,89,within_subset_z,exploratory_n_lt_100,,,,,,,,,,
alignment_summary.csv,amazon-sports-and-outdoors,test,all_available,65-100,65,100,raw_cluster_match,0.1625,0.05555555555555555,0.3208333333333333,4,89,probability_difference,exploratory_n_lt_100,,,,,,,,,,
alignment_summary.csv,amazon-sports-and-outdoors,test,all_available,65-100,65,100,random_cluster_match,0.03666666666666667,0.016666666666666666,0.059583333333333335,4,89,probability_difference,exploratory_n_lt_100,,,,,,,,,,
alignment_summary.csv,amazon-sports-and-outdoors,test,all_available,65-100,65,100,excess_cluster_match,0.12583333333333332,0.030902777777777772,0.2889583333333333,4,89,probability_difference,exploratory_n_lt_100,,,,,,,,,,
alignment_summary.csv,amazon-sports-and-outdoors,test,all_available,65-100,65,100,history_normalized_cluster_match,0.10449346405228757,-0.003267973856209155,0.2620098039215686,4,89,probability_difference,exploratory_n_lt_100,,,,,,,,,,
alignment_summary.csv,amazon-sports-and-outdoors,test,fixed_K8,1,1,1,raw_cosine,0.14521911540371318,0.13881881173038213,0.151807834931495,477,477,cosine,estimated,,,,,,,,,,
alignment_summary.csv,amazon-sports-and-outdoors,test,fixed_K8,1,1,1,random_cosine,0.1302770210246495,0.12743632287017426,0.13296945735370932,477,477,cosine,estimated,,,,,,,,,,
alignment_summary.csv,amazon-sports-and-outdoors,test,fixed_K8,1,1,1,excess_cosine,0.014942094379063672,0.008839372384695792,0.021410422103745025,477,477,cosine,estimated,,,,,,,,,,
alignment_summary.csv,amazon-sports-and-outdoors,test,fixed_K8,1,1,1,raw_cosine_z,0.5292210969294743,0.41567998623704405,0.6461046967409045,477,477,within_subset_z,estimated,,,,,,,,,,
alignment_summary.csv,amazon-sports-and-outdoors,test,fixed_K8,1,1,1,random_cosine_z,0.2641489880951386,0.2137551255437397,0.31191269226809976,477,477,within_subset_z,estimated,,,,,,,,,,
alignment_summary.csv,amazon-sports-and-outdoors,test,fixed_K8,1,1,1,excess_cosine_z,0.2650721088343357,0.15681008427214407,0.37981996325930073,477,477,within_subset_z,estimated,,,,,,,,,,
alignment_summary.csv,amazon-sports-and-outdoors,test,fixed_K8,1,1,1,raw_cluster_match,0.1278825995807128,0.09643605870020965,0.15723270440251572,477,477,probability_difference,estimated,,,,,,,,,,
alignment_summary.csv,amazon-sports-and-outdoors,test,fixed_K8,1,1,1,random_cluster_match,0.0719077568134172,0.06519916142557652,0.07893343815513626,477,477,probability_difference,estimated,,,,,,,,,,
alignment_summary.csv,amazon-sports-and-outdoors,test,fixed_K8,1,1,1,excess_cluster_match,0.05597484276729559,0.025780922431865826,0.08658542976939201,477,477,probability_difference,estimated,,,,,,,,,,
alignment_summary.csv,amazon-sports-and-outdoors,test,fixed_K8,1,1,1,history_normalized_cluster_match,0.029765068176092972,0.0010580920121245748,0.05787748342814473,477,477,probability_difference,estimated,,,,,,,,,,
alignment_summary.csv,amazon-sports-and-outdoors,test,fixed_K8,2,2,2,raw_cosine,0.14010637036800008,0.1339327261345832,0.14654353458992747,477,477,cosine,estimated,,,,,,,,,,
alignment_summary.csv,amazon-sports-and-outdoors,test,fixed_K8,2,2,2,random_cosine,0.13142732991612432,0.12871551729535657,0.13410644422244258,477,477,cosine,estimated,,,,,,,,,,
alignment_summary.csv,amazon-sports-and-outdoors,test,fixed_K8,2,2,2,excess_cosine,0.008679040451875772,0.0028972994995965333,0.014270618749954257,477,477,cosine,estimated,,,,,,,,,,
alignment_summary.csv,amazon-sports-and-outdoors,test,fixed_K8,2,2,2,raw_cosine_z,0.4385212208500093,0.3290010388306999,0.5527162360822814,477,477,within_subset_z,estimated,,,,,,,,,,
alignment_summary.csv,amazon-sports-and-outdoors,test,fixed_K8,2,2,2,random_cosine_z,0.2845554181402703,0.23644797938940357,0.33208279020526443,477,477,within_subset_z,estimated,,,,,,,,,,
alignment_summary.csv,amazon-sports-and-outdoors,test,fixed_K8,2,2,2,excess_cosine_z,0.15396580270973895,0.051397967968854714,0.2531601601795148,477,477,within_subset_z,estimated,,,,,,,,,,
alignment_summary.csv,amazon-sports-and-outdoors,test,fixed_K8,2,2,2,raw_cluster_match,0.12159329140461216,0.09433962264150944,0.1509433962264151,477,477,probability_difference,estimated,,,,,,,,,,
alignment_summary.csv,amazon-sports-and-outdoors,test,fixed_K8,2,2,2,random_cluster_match,0.07557651991614257,0.0680293501048218,0.08333333333333333,477,477,probability_difference,estimated,,,,,,,,,,
alignment_summary.csv,amazon-sports-and-outdoors,test,fixed_K8,2,2,2,excess_cluster_match,0.046016771488469596,0.018972746331236894,0.07526205450733753,477,477,probability_difference,estimated,,,,,,,,,,
alignment_summary.csv,amazon-sports-and-outdoors,test,fixed_K8,2,2,2,history_normalized_cluster_match,0.023475759999992345,-0.0016611963153999713,0.05127329485473216,477,477,probability_difference,estimated,,,,,,,,,,
alignment_summary.csv,amazon-sports-and-outdoors,test,fixed_K8,3-4,3,4,raw_cosine,0.1462145937993279,0.1403871605367511,0.15226467207029745,477,954,cosine,estimated,,,,,,,,,,
alignment_summary.csv,amazon-sports-and-outdoors,test,fixed_K8,3-4,3,4,random_cosine,0.13119935653752313,0.12855216598409605,0.13381933426675804,477,954,cosine,estimated,,,,,,,,,,
alignment_summary.csv,amazon-sports-and-outdoors,test,fixed_K8,3-4,3,4,excess_cosine,0.01501523726180477,0.009898839691952575,0.020730315372874997,477,954,cosine,estimated,,,,,,,,,,
alignment_summary.csv,amazon-sports-and-outdoors,test,fixed_K8,3-4,3,4,raw_cosine_z,0.5468808406662258,0.443502426314423,0.6542089678493702,477,954,within_subset_z,estimated,,,,,,,,,,
alignment_summary.csv,amazon-sports-and-outdoors,test,fixed_K8,3-4,3,4,random_cosine_z,0.28051118025159943,0.23355013418389145,0.3269894719936448,477,954,within_subset_z,estimated,,,,,,,,,,
alignment_summary.csv,amazon-sports-and-outdoors,test,fixed_K8,3-4,3,4,excess_cosine_z,0.2663696604146263,0.17560498853731094,0.36775489923208227,477,954,within_subset_z,estimated,,,,,,,,,,
alignment_summary.csv,amazon-sports-and-outdoors,test,fixed_K8,3-4,3,4,raw_cluster_match,0.12683438155136267,0.10377358490566038,0.149895178197065,477,954,probability_difference,estimated,,,,,,,,,,
alignment_summary.csv,amazon-sports-and-outdoors,test,fixed_K8,3-4,3,4,random_cluster_match,0.0768343815513627,0.0699685534591195,0.08354297693920337,477,954,probability_difference,estimated,,,,,,,,,,
alignment_summary.csv,amazon-sports-and-outdoors,test,fixed_K8,3-4,3,4,excess_cluster_match,0.04999999999999999,0.02803852201257861,0.07216981132075471,477,954,probability_difference,estimated,,,,,,,,,,
alignment_summary.csv,amazon-sports-and-outdoors,test,fixed_K8,3-4,3,4,history_normalized_cluster_match,0.02871685014674287,0.00918179161670191,0.050424161702255485,477,954,probability_difference,estimated,,,,,,,,,,
alignment_summary.csv,amazon-sports-and-outdoors,test,fixed_K8,5-8,5,8,raw_cosine,0.14839741618292449,0.14325311288612932,0.1539442695116803,477,1908,cosine,estimated,,,,,,,,,,
alignment_summary.csv,amazon-sports-and-outdoors,test,fixed_K8,5-8,5,8,random_cosine,0.13041214879399138,0.12794076450958855,0.1328678320036553,477,1908,cosine,estimated,,,,,,,,,,
alignment_summary.csv,amazon-sports-and-outdoors,test,fixed_K8,5-8,5,8,excess_cosine,0.01798526738893311,0.013525566202527366,0.0230751945469011,477,1908,cosine,estimated,,,,,,,,,,
alignment_summary.csv,amazon-sports-and-outdoors,test,fixed_K8,5-8,5,8,raw_cosine_z,0.5856040154603468,0.49434429719250056,0.6840049539063124,477,1908,within_subset_z,estimated,,,,,,,,,,
alignment_summary.csv,amazon-sports-and-outdoors,test,fixed_K8,5-8,5,8,random_cosine_z,0.26654614888618006,0.22270389843669908,0.3101098629480284,477,1908,within_subset_z,estimated,,,,,,,,,,
alignment_summary.csv,amazon-sports-and-outdoors,test,fixed_K8,5-8,5,8,excess_cosine_z,0.3190578665741669,0.2399429601720272,0.40935295448809284,477,1908,within_subset_z,estimated,,,,,,,,,,
alignment_summary.csv,amazon-sports-and-outdoors,test,fixed_K8,5-8,5,8,raw_cluster_match,0.12683438155136267,0.10849056603773585,0.14675052410901468,477,1908,probability_difference,estimated,,,,,,,,,,
alignment_summary.csv,amazon-sports-and-outdoors,test,fixed_K8,5-8,5,8,random_cluster_match,0.07568134171907756,0.06960167714884696,0.08210167714884696,477,1908,probability_difference,estimated,,,,,,,,,,
alignment_summary.csv,amazon-sports-and-outdoors,test,fixed_K8,5-8,5,8,excess_cluster_match,0.05115303983228511,0.033044418238993706,0.06991614255765198,477,1908,probability_difference,estimated,,,,,,,,,,
alignment_summary.csv,amazon-sports-and-outdoors,test,fixed_K8,5-8,5,8,history_normalized_cluster_match,0.028716850146742863,0.013008107118933063,0.04541354247433142,477,1908,probability_difference,estimated,,,,,,,,,,
alignment_summary.csv,amazon-sports-and-outdoors,test,fixed_K16,1,1,1,raw_cosine,0.1476404644679605,0.13475636561450205,0.16096110220246931,114,114,cosine,estimated,,,,,,,,,,
alignment_summary.csv,amazon-sports-and-outdoors,test,fixed_K16,1,1,1,random_cosine,0.13035239694280581,0.12501873337794422,0.13595658528798243,114,114,cosine,estimated,,,,,,,,,,
alignment_summary.csv,amazon-sports-and-outdoors,test,fixed_K16,1,1,1,excess_cosine,0.017288067525154667,0.005584600185485263,0.030463636521119296,114,114,cosine,estimated,,,,,,,,,,
alignment_summary.csv,amazon-sports-and-outdoors,test,fixed_K16,1,1,1,raw_cosine_z,0.5721757247347566,0.3436123676258931,0.8084832627363834,114,114,within_subset_z,estimated,,,,,,,,,,
alignment_summary.csv,amazon-sports-and-outdoors,test,fixed_K16,1,1,1,random_cosine_z,0.26548615362723543,0.170867192383643,0.36490421278781865,114,114,within_subset_z,estimated,,,,,,,,,,
alignment_summary.csv,amazon-sports-and-outdoors,test,fixed_K16,1,1,1,excess_cosine_z,0.30668957110752126,0.099070566053804,0.5404235959538753,114,114,within_subset_z,estimated,,,,,,,,,,
alignment_summary.csv,amazon-sports-and-outdoors,test,fixed_K16,1,1,1,raw_cluster_match,0.11403508771929824,0.06140350877192982,0.17543859649122806,114,114,probability_difference,estimated,,,,,,,,,,
alignment_summary.csv,amazon-sports-and-outdoors,test,fixed_K16,1,1,1,random_cluster_match,0.06754385964912281,0.054385964912280704,0.08157894736842104,114,114,probability_difference,estimated,,,,,,,,,,
alignment_summary.csv,amazon-sports-and-outdoors,test,fixed_K16,1,1,1,excess_cluster_match,0.046491228070175444,-0.009210526315789478,0.10526315789473682,114,114,probability_difference,estimated,,,,,,,,,,
alignment_summary.csv,amazon-sports-and-outdoors,test,fixed_K16,1,1,1,history_normalized_cluster_match,0.035637967410413245,-0.017271632574941395,0.0945214295615805,114,114,probability_difference,estimated,,,,,,,,,,
alignment_summary.csv,amazon-sports-and-outdoors,test,fixed_K16,2,2,2,raw_cosine,0.14133474209525607,0.1301451522971324,0.15264826121723704,114,114,cosine,estimated,,,,,,,,,,
alignment_summary.csv,amazon-sports-and-outdoors,test,fixed_K16,2,2,2,random_cosine,0.1318789153899017,0.12682598574544515,0.137196187338416,114,114,cosine,estimated,,,,,,,,,,
alignment_summary.csv,amazon-sports-and-outdoors,test,fixed_K16,2,2,2,excess_cosine,0.009455826705354348,-0.0015290317554517011,0.020733673619351484,114,114,cosine,estimated,,,,,,,,,,
alignment_summary.csv,amazon-sports-and-outdoors,test,fixed_K16,2,2,2,raw_cosine_z,0.4603124822298358,0.26180964256528816,0.661013822746265,114,114,within_subset_z,estimated,,,,,,,,,,
alignment_summary.csv,amazon-sports-and-outdoors,test,fixed_K16,2,2,2,random_cosine_z,0.29256652493804614,0.20292777131563994,0.3868946996157019,114,114,within_subset_z,estimated,,,,,,,,,,
alignment_summary.csv,amazon-sports-and-outdoors,test,fixed_K16,2,2,2,excess_cosine_z,0.1677459572917897,-0.027124957292476073,0.3678144743795097,114,114,within_subset_z,estimated,,,,,,,,,,
alignment_summary.csv,amazon-sports-and-outdoors,test,fixed_K16,2,2,2,raw_cluster_match,0.10526315789473684,0.05263157894736842,0.16666666666666666,114,114,probability_difference,estimated,,,,,,,,,,
alignment_summary.csv,amazon-sports-and-outdoors,test,fixed_K16,2,2,2,random_cluster_match,0.06842105263157895,0.05482456140350877,0.08289473684210527,114,114,probability_difference,estimated,,,,,,,,,,
alignment_summary.csv,amazon-sports-and-outdoors,test,fixed_K16,2,2,2,excess_cluster_match,0.03684210526315788,-0.01710526315789474,0.09561403508771929,114,114,probability_difference,estimated,,,,,,,,,,
alignment_summary.csv,amazon-sports-and-outdoors,test,fixed_K16,2,2,2,history_normalized_cluster_match,0.026866037585851824,-0.024752338358665756,0.08429974632422388,114,114,probability_difference,estimated,,,,,,,,,,
alignment_summary.csv,amazon-sports-and-outdoors,test,fixed_K16,3-4,3,4,raw_cosine,0.14767167115535,0.1362893478522126,0.15861730110278072,114,228,cosine,estimated,,,,,,,,,,
alignment_summary.csv,amazon-sports-and-outdoors,test,fixed_K16,3-4,3,4,random_cosine,0.1323917522013449,0.12713286477271796,0.13754490703638447,114,228,cosine,estimated,,,,,,,,,,
alignment_summary.csv,amazon-sports-and-outdoors,test,fixed_K16,3-4,3,4,excess_cosine,0.015279918954005106,0.004707239988451955,0.025926481687316767,114,228,cosine,estimated,,,,,,,,,,
alignment_summary.csv,amazon-sports-and-outdoors,test,fixed_K16,3-4,3,4,raw_cosine_z,0.5727293300210182,0.37080740630299336,0.766904332472551,114,228,within_subset_z,estimated,,,,,,,,,,
alignment_summary.csv,amazon-sports-and-outdoors,test,fixed_K16,3-4,3,4,random_cosine_z,0.3016642278201529,0.2083717920032756,0.39308097199409725,114,228,within_subset_z,estimated,,,,,,,,,,
alignment_summary.csv,amazon-sports-and-outdoors,test,fixed_K16,3-4,3,4,excess_cosine_z,0.27106510220086544,0.08350623405756208,0.45993466519266435,114,228,within_subset_z,estimated,,,,,,,,,,
alignment_summary.csv,amazon-sports-and-outdoors,test,fixed_K16,3-4,3,4,raw_cluster_match,0.13596491228070176,0.08771929824561403,0.18421052631578946,114,228,probability_difference,estimated,,,,,,,,,,
alignment_summary.csv,amazon-sports-and-outdoors,test,fixed_K16,3-4,3,4,random_cluster_match,0.06820175438596492,0.055482456140350876,0.08157894736842106,114,228,probability_difference,estimated,,,,,,,,,,
alignment_summary.csv,amazon-sports-and-outdoors,test,fixed_K16,3-4,3,4,excess_cluster_match,0.06776315789473684,0.023684210526315783,0.11316885964912275,114,228,probability_difference,estimated,,,,,,,,,,
alignment_summary.csv,amazon-sports-and-outdoors,test,fixed_K16,3-4,3,4,history_normalized_cluster_match,0.05756779197181674,0.013107246855311873,0.10210393620755456,114,228,probability_difference,estimated,,,,,,,,,,
alignment_summary.csv,amazon-sports-and-outdoors,test,fixed_K16,5-8,5,8,raw_cosine,0.13972153850389937,0.1327142028363724,0.14670748439721618,114,456,cosine,estimated,,,,,,,,,,
alignment_summary.csv,amazon-sports-and-outdoors,test,fixed_K16,5-8,5,8,random_cosine,0.1316282533092849,0.12668492085557725,0.13669915356195383,114,456,cosine,estimated,,,,,,,,,,
alignment_summary.csv,amazon-sports-and-outdoors,test,fixed_K16,5-8,5,8,excess_cosine,0.008093285194614478,0.0016616364004572429,0.01451546577297624,114,456,cosine,estimated,,,,,,,,,,
alignment_summary.csv,amazon-sports-and-outdoors,test,fixed_K16,5-8,5,8,raw_cosine_z,0.43169432020435716,0.307384488156714,0.5556246985814802,114,456,within_subset_z,estimated,,,,,,,,,,
alignment_summary.csv,amazon-sports-and-outdoors,test,fixed_K16,5-8,5,8,random_cosine_z,0.28811979045569697,0.20042528626293124,0.37807734189151865,114,456,within_subset_z,estimated,,,,,,,,,,
alignment_summary.csv,amazon-sports-and-outdoors,test,fixed_K16,5-8,5,8,excess_cosine_z,0.14357452974866025,0.02947735796678167,0.2575037357913236,114,456,within_subset_z,estimated,,,,,,,,,,
alignment_summary.csv,amazon-sports-and-outdoors,test,fixed_K16,5-8,5,8,raw_cluster_match,0.12280701754385964,0.08771929824561403,0.1600877192982456,114,456,probability_difference,estimated,,,,,,,,,,
alignment_summary.csv,amazon-sports-and-outdoors,test,fixed_K16,5-8,5,8,random_cluster_match,0.07543859649122807,0.062280701754385964,0.09013157894736842,114,456,probability_difference,estimated,,,,,,,,,,
alignment_summary.csv,amazon-sports-and-outdoors,test,fixed_K16,5-8,5,8,excess_cluster_match,0.04736842105263157,0.012168311403508771,0.08324561403508762,114,456,probability_difference,estimated,,,,,,,,,,
alignment_summary.csv,amazon-sports-and-outdoors,test,fixed_K16,5-8,5,8,history_normalized_cluster_match,0.044409897234974634,0.010882476387991096,0.07962769097589145,114,456,probability_difference,estimated,,,,,,,,,,
alignment_summary.csv,amazon-sports-and-outdoors,test,fixed_K16,9-16,9,16,raw_cosine,0.15306511536452985,0.1439618496940647,0.16275112398807162,114,912,cosine,estimated,,,,,,,,,,
alignment_summary.csv,amazon-sports-and-outdoors,test,fixed_K16,9-16,9,16,random_cosine,0.13151269631149867,0.12665555005558163,0.13661637300219012,114,912,cosine,estimated,,,,,,,,,,
alignment_summary.csv,amazon-sports-and-outdoors,test,fixed_K16,9-16,9,16,excess_cosine,0.021552419053031166,0.013341625090719103,0.030370906363813236,114,912,cosine,estimated,,,,,,,,,,
alignment_summary.csv,amazon-sports-and-outdoors,test,fixed_K16,9-16,9,16,raw_cosine_z,0.6684087973124855,0.5069172575501313,0.8402381718898044,114,912,within_subset_z,estimated,,,,,,,,,,
alignment_summary.csv,amazon-sports-and-outdoors,test,fixed_K16,9-16,9,16,random_cosine_z,0.2860698143066586,0.19990424953973254,0.3766088183371628,114,912,within_subset_z,estimated,,,,,,,,,,
alignment_summary.csv,amazon-sports-and-outdoors,test,fixed_K16,9-16,9,16,excess_cosine_z,0.38233898300582686,0.236679852794211,0.5387785669689094,114,912,within_subset_z,estimated,,,,,,,,,,
alignment_summary.csv,amazon-sports-and-outdoors,test,fixed_K16,9-16,9,16,raw_cluster_match,0.14583333333333334,0.10964912280701754,0.18201754385964913,114,912,probability_difference,estimated,,,,,,,,,,
alignment_summary.csv,amazon-sports-and-outdoors,test,fixed_K16,9-16,9,16,random_cluster_match,0.06957236842105263,0.057454769736842104,0.08234786184210527,114,912,probability_difference,estimated,,,,,,,,,,
alignment_summary.csv,amazon-sports-and-outdoors,test,fixed_K16,9-16,9,16,excess_cluster_match,0.0762609649122807,0.04308388157894736,0.10855400219298245,114,912,probability_difference,estimated,,,,,,,,,,
alignment_summary.csv,amazon-sports-and-outdoors,test,fixed_K16,9-16,9,16,history_normalized_cluster_match,0.06743621302444833,0.03627063777653949,0.09819515797311851,114,912,probability_difference,estimated,,,,,,,,,,
alignment_summary.csv,amazon-sports-and-outdoors,test,fixed_K32,1,1,1,raw_cosine,0.15549707068846777,0.1357771256365455,0.1783101508107323,26,26,cosine,exploratory_n_lt_100,,,,,,,,,,
alignment_summary.csv,amazon-sports-and-outdoors,test,fixed_K32,1,1,1,random_cosine,0.1362434829083773,0.12469783547835854,0.14830477489158508,26,26,cosine,exploratory_n_lt_100,,,,,,,,,,
alignment_summary.csv,amazon-sports-and-outdoors,test,fixed_K32,1,1,1,excess_cosine,0.019253587780090477,-0.0019111263207518138,0.04085661145643545,26,26,cosine,exploratory_n_lt_100,,,,,,,,,,
alignment_summary.csv,amazon-sports-and-outdoors,test,fixed_K32,1,1,1,raw_cosine_z,0.7115515797065229,0.36172060632340536,1.1162546356240604,26,26,within_subset_z,exploratory_n_lt_100,,,,,,,,,,
alignment_summary.csv,amazon-sports-and-outdoors,test,fixed_K32,1,1,1,random_cosine_z,0.3699937641805719,0.1651744775067467,0.5839605629537912,26,26,within_subset_z,exploratory_n_lt_100,,,,,,,,,,
alignment_summary.csv,amazon-sports-and-outdoors,test,fixed_K32,1,1,1,excess_cosine_z,0.34155781552595094,-0.033903298375648,0.7247945223634087,26,26,within_subset_z,exploratory_n_lt_100,,,,,,,,,,
alignment_summary.csv,amazon-sports-and-outdoors,test,fixed_K32,1,1,1,raw_cluster_match,0.15384615384615385,0.038461538461538464,0.3076923076923077,26,26,probability_difference,exploratory_n_lt_100,,,,,,,,,,
alignment_summary.csv,amazon-sports-and-outdoors,test,fixed_K32,1,1,1,random_cluster_match,0.075,0.05192307692307693,0.09807692307692309,26,26,probability_difference,exploratory_n_lt_100,,,,,,,,,,
alignment_summary.csv,amazon-sports-and-outdoors,test,fixed_K32,1,1,1,excess_cluster_match,0.07884615384615384,-0.05,0.23653846153846153,26,26,probability_difference,exploratory_n_lt_100,,,,,,,,,,
alignment_summary.csv,amazon-sports-and-outdoors,test,fixed_K32,1,1,1,history_normalized_cluster_match,0.09390617552382258,-0.02316632101558572,0.24277809404647632,26,26,probability_difference,exploratory_n_lt_100,,,,,,,,,,
alignment_summary.csv,amazon-sports-and-outdoors,test,fixed_K32,2,2,2,raw_cosine,0.1509530974122194,0.1251831453723403,0.17819865452698788,26,26,cosine,exploratory_n_lt_100,,,,,,,,,,
alignment_summary.csv,amazon-sports-and-outdoors,test,fixed_K32,2,2,2,random_cosine,0.1396663160278247,0.12927278023786268,0.15164820112001437,26,26,cosine,exploratory_n_lt_100,,,,,,,,,,
alignment_summary.csv,amazon-sports-and-outdoors,test,fixed_K32,2,2,2,excess_cosine,0.011286781384394718,-0.014249460420642908,0.039763421730066716,26,26,cosine,exploratory_n_lt_100,,,,,,,,,,
alignment_summary.csv,amazon-sports-and-outdoors,test,fixed_K32,2,2,2,raw_cosine_z,0.6309416900708578,0.17378385406216207,1.1142766963667137,26,26,within_subset_z,exploratory_n_lt_100,,,,,,,,,,
alignment_summary.csv,amazon-sports-and-outdoors,test,fixed_K32,2,2,2,random_cosine_z,0.43071467586422496,0.24633379991750168,0.6432727998209037,26,26,within_subset_z,exploratory_n_lt_100,,,,,,,,,,
alignment_summary.csv,amazon-sports-and-outdoors,test,fixed_K32,2,2,2,excess_cosine_z,0.2002270142066329,-0.25278481233150296,0.7054013838398951,26,26,within_subset_z,exploratory_n_lt_100,,,,,,,,,,
alignment_summary.csv,amazon-sports-and-outdoors,test,fixed_K32,2,2,2,raw_cluster_match,0.11538461538461539,0.0,0.2692307692307692,26,26,probability_difference,exploratory_n_lt_100,,,,,,,,,,
alignment_summary.csv,amazon-sports-and-outdoors,test,fixed_K32,2,2,2,random_cluster_match,0.04615384615384616,0.025,0.06923076923076923,26,26,probability_difference,exploratory_n_lt_100,,,,,,,,,,
alignment_summary.csv,amazon-sports-and-outdoors,test,fixed_K32,2,2,2,excess_cluster_match,0.0692307692307692,-0.04235576923076923,0.2135096153846151,26,26,probability_difference,exploratory_n_lt_100,,,,,,,,,,
alignment_summary.csv,amazon-sports-and-outdoors,test,fixed_K32,2,2,2,history_normalized_cluster_match,0.05544463706228411,-0.05600216368598721,0.20133556802674443,26,26,probability_difference,exploratory_n_lt_100,,,,,,,,,,
alignment_summary.csv,amazon-sports-and-outdoors,test,fixed_K32,3-4,3,4,raw_cosine,0.17043029610067606,0.14721129413228481,0.19607115237113948,26,52,cosine,exploratory_n_lt_100,,,,,,,,,,
alignment_summary.csv,amazon-sports-and-outdoors,test,fixed_K32,3-4,3,4,random_cosine,0.13993892918985623,0.12965331309689926,0.1505727325601933,26,52,cosine,exploratory_n_lt_100,,,,,,,,,,
alignment_summary.csv,amazon-sports-and-outdoors,test,fixed_K32,3-4,3,4,excess_cosine,0.030491366910819825,0.004059236514596985,0.05768596611630458,26,52,cosine,exploratory_n_lt_100,,,,,,,,,,
alignment_summary.csv,amazon-sports-and-outdoors,test,fixed_K32,3-4,3,4,raw_cosine_z,0.976466353451955,0.5645622615186439,1.431334036087737,26,52,within_subset_z,exploratory_n_lt_100,,,,,,,,,,
alignment_summary.csv,amazon-sports-and-outdoors,test,fixed_K32,3-4,3,4,random_cosine_z,0.4355508215826557,0.25308443639901884,0.6241940340264489,26,52,within_subset_z,exploratory_n_lt_100,,,,,,,,,,
alignment_summary.csv,amazon-sports-and-outdoors,test,fixed_K32,3-4,3,4,excess_cosine_z,0.5409155318692993,0.07201068042303363,1.0233465470556797,26,52,within_subset_z,exploratory_n_lt_100,,,,,,,,,,
alignment_summary.csv,amazon-sports-and-outdoors,test,fixed_K32,3-4,3,4,raw_cluster_match,0.17307692307692307,0.07692307692307693,0.28846153846153844,26,52,probability_difference,exploratory_n_lt_100,,,,,,,,,,
alignment_summary.csv,amazon-sports-and-outdoors,test,fixed_K32,3-4,3,4,random_cluster_match,0.04615384615384616,0.025961538461538463,0.06925480769230756,26,52,probability_difference,exploratory_n_lt_100,,,,,,,,,,
alignment_summary.csv,amazon-sports-and-outdoors,test,fixed_K32,3-4,3,4,excess_cluster_match,0.12692307692307692,0.02884615384615384,0.23752403846153833,26,52,probability_difference,exploratory_n_lt_100,,,,,,,,,,
alignment_summary.csv,amazon-sports-and-outdoors,test,fixed_K32,3-4,3,4,history_normalized_cluster_match,0.1131369447545918,0.018178199455772977,0.22167073122955475,26,52,probability_difference,exploratory_n_lt_100,,,,,,,,,,
alignment_summary.csv,amazon-sports-and-outdoors,test,fixed_K32,5-8,5,8,raw_cosine,0.14562502073553893,0.13001933953581524,0.1604198664928285,26,104,cosine,exploratory_n_lt_100,,,,,,,,,,
alignment_summary.csv,amazon-sports-and-outdoors,test,fixed_K32,5-8,5,8,random_cosine,0.138562095638078,0.1287148423725739,0.14941063464905782,26,104,cosine,exploratory_n_lt_100,,,,,,,,,,
alignment_summary.csv,amazon-sports-and-outdoors,test,fixed_K32,5-8,5,8,excess_cosine,0.00706292509746093,-0.006989750643081677,0.021759121613397905,26,104,cosine,exploratory_n_lt_100,,,,,,,,,,
alignment_summary.csv,amazon-sports-and-outdoors,test,fixed_K32,5-8,5,8,raw_cosine_z,0.5364218399822628,0.259577729614227,0.7988817646269911,26,104,within_subset_z,exploratory_n_lt_100,,,,,,,,,,
alignment_summary.csv,amazon-sports-and-outdoors,test,fixed_K32,5-8,5,8,random_cosine_z,0.4111258538488756,0.23643600628839379,0.603578467281784,26,104,within_subset_z,exploratory_n_lt_100,,,,,,,,,,
alignment_summary.csv,amazon-sports-and-outdoors,test,fixed_K32,5-8,5,8,excess_cosine_z,0.1252959861333872,-0.12399787447359954,0.38600587749784937,26,104,within_subset_z,exploratory_n_lt_100,,,,,,,,,,
alignment_summary.csv,amazon-sports-and-outdoors,test,fixed_K32,5-8,5,8,raw_cluster_match,0.11538461538461539,0.038461538461538464,0.21153846153846154,26,104,probability_difference,exploratory_n_lt_100,,,,,,,,,,
alignment_summary.csv,amazon-sports-and-outdoors,test,fixed_K32,5-8,5,8,random_cluster_match,0.06923076923076922,0.05048076923076923,0.08990384615384617,26,104,probability_difference,exploratory_n_lt_100,,,,,,,,,,
alignment_summary.csv,amazon-sports-and-outdoors,test,fixed_K32,5-8,5,8,excess_cluster_match,0.04615384615384616,-0.03076923076923077,0.13799278846153837,26,104,probability_difference,exploratory_n_lt_100,,,,,,,,,,
alignment_summary.csv,amazon-sports-and-outdoors,test,fixed_K32,5-8,5,8,history_normalized_cluster_match,0.05544463706228412,-0.01697130075806546,0.14513844917337554,26,104,probability_difference,exploratory_n_lt_100,,,,,,,,,,
alignment_summary.csv,amazon-sports-and-outdoors,test,fixed_K32,9-16,9,16,raw_cosine,0.1530450148275122,0.1354675434350681,0.17225587853261878,26,208,cosine,exploratory_n_lt_100,,,,,,,,,,
alignment_summary.csv,amazon-sports-and-outdoors,test,fixed_K32,9-16,9,16,random_cosine,0.13613956131470892,0.12568264612480282,0.147086794126349,26,208,cosine,exploratory_n_lt_100,,,,,,,,,,
alignment_summary.csv,amazon-sports-and-outdoors,test,fixed_K32,9-16,9,16,excess_cosine,0.016905453512803294,-0.00017146420074053668,0.03641187138094277,26,208,cosine,exploratory_n_lt_100,,,,,,,,,,
alignment_summary.csv,amazon-sports-and-outdoors,test,fixed_K32,9-16,9,16,raw_cosine_z,0.6680522146540709,0.35622863144214784,1.0088521069353495,26,208,within_subset_z,exploratory_n_lt_100,,,,,,,,,,
alignment_summary.csv,amazon-sports-and-outdoors,test,fixed_K32,9-16,9,16,random_cosine_z,0.3681501995979725,0.1826449758340265,0.5623536367913405,26,208,within_subset_z,exploratory_n_lt_100,,,,,,,,,,
alignment_summary.csv,amazon-sports-and-outdoors,test,fixed_K32,9-16,9,16,excess_cosine_z,0.29990201505609837,-0.0030417675144370085,0.645945025422595,26,208,within_subset_z,exploratory_n_lt_100,,,,,,,,,,
alignment_summary.csv,amazon-sports-and-outdoors,test,fixed_K32,9-16,9,16,raw_cluster_match,0.09134615384615384,0.038461538461538464,0.15865384615384615,26,208,probability_difference,exploratory_n_lt_100,,,,,,,,,,
alignment_summary.csv,amazon-sports-and-outdoors,test,fixed_K32,9-16,9,16,random_cluster_match,0.0576923076923077,0.03918269230769231,0.07933293269230768,26,208,probability_difference,exploratory_n_lt_100,,,,,,,,,,
alignment_summary.csv,amazon-sports-and-outdoors,test,fixed_K32,9-16,9,16,excess_cluster_match,0.033653846153846145,-0.02307692307692308,0.1064903846153846,26,208,probability_difference,exploratory_n_lt_100,,,,,,,,,,
alignment_summary.csv,amazon-sports-and-outdoors,test,fixed_K32,9-16,9,16,history_normalized_cluster_match,0.031406175523822584,-0.019815161350087818,0.09592142232767233,26,208,probability_difference,exploratory_n_lt_100,,,,,,,,,,
alignment_summary.csv,amazon-sports-and-outdoors,test,fixed_K32,17-32,17,32,raw_cosine,0.15691052897063157,0.14195094126950536,0.1730114822732643,26,416,cosine,exploratory_n_lt_100,,,,,,,,,,
alignment_summary.csv,amazon-sports-and-outdoors,test,fixed_K32,17-32,17,32,random_cosine,0.13779523300651747,0.1269867540753554,0.14833799071851758,26,416,cosine,exploratory_n_lt_100,,,,,,,,,,
alignment_summary.csv,amazon-sports-and-outdoors,test,fixed_K32,17-32,17,32,excess_cosine,0.01911529596411408,0.007114833142371096,0.03390506547316011,26,416,cosine,exploratory_n_lt_100,,,,,,,,,,
alignment_summary.csv,amazon-sports-and-outdoors,test,fixed_K32,17-32,17,32,raw_cosine_z,0.7366262685752727,0.47124382896320305,1.0222564846547577,26,416,within_subset_z,exploratory_n_lt_100,,,,,,,,,,
alignment_summary.csv,amazon-sports-and-outdoors,test,fixed_K32,17-32,17,32,random_cosine_z,0.39752174389098277,0.20577979454357462,0.5845498102887569,26,416,within_subset_z,exploratory_n_lt_100,,,,,,,,,,
alignment_summary.csv,amazon-sports-and-outdoors,test,fixed_K32,17-32,17,32,excess_cosine_z,0.33910452468428987,0.12621683260783356,0.6014743969044554,26,416,within_subset_z,exploratory_n_lt_100,,,,,,,,,,
alignment_summary.csv,amazon-sports-and-outdoors,test,fixed_K32,17-32,17,32,raw_cluster_match,0.12259615384615384,0.0625,0.19230769230769232,26,416,probability_difference,exploratory_n_lt_100,,,,,,,,,,
alignment_summary.csv,amazon-sports-and-outdoors,test,fixed_K32,17-32,17,32,random_cluster_match,0.060336538461538455,0.040144230769230765,0.08437499999999999,26,416,probability_difference,exploratory_n_lt_100,,,,,,,,,,
alignment_summary.csv,amazon-sports-and-outdoors,test,fixed_K32,17-32,17,32,excess_cluster_match,0.06225961538461539,0.0037229567307692293,0.13667367788461532,26,416,probability_difference,exploratory_n_lt_100,,,,,,,,,,
alignment_summary.csv,amazon-sports-and-outdoors,test,fixed_K32,17-32,17,32,history_normalized_cluster_match,0.06265617552382258,0.012216914009193423,0.12408578859865603,26,416,probability_difference,exploratory_n_lt_100,,,,,,,,,,
alignment_summary.csv,amazon-toys-and-games,test,all_available,1,1,1,raw_cosine,0.1664585220720619,0.16228344104811548,0.1703816981748445,2000,2000,cosine,estimated,,,,,,,,,,
alignment_summary.csv,amazon-toys-and-games,test,all_available,1,1,1,random_cosine,0.1397643722370267,0.13836065885503776,0.14109009879506193,2000,2000,cosine,estimated,,,,,,,,,,
alignment_summary.csv,amazon-toys-and-games,test,all_available,1,1,1,excess_cosine,0.026694149835035205,0.022631879664282317,0.030480461687175556,2000,2000,cosine,estimated,,,,,,,,,,
alignment_summary.csv,amazon-toys-and-games,test,all_available,1,1,1,raw_cosine_z,0.7340510636388434,0.6631707029681987,0.8006548338518678,2000,2000,within_subset_z,estimated,,,,,,,,,,
alignment_summary.csv,amazon-toys-and-games,test,all_available,1,1,1,random_cosine_z,0.2808644171399287,0.2570335716490455,0.3033712801313849,2000,2000,within_subset_z,estimated,,,,,,,,,,
alignment_summary.csv,amazon-toys-and-games,test,all_available,1,1,1,excess_cosine_z,0.45318664649891466,0.3842214759565711,0.5174668719968066,2000,2000,within_subset_z,estimated,,,,,,,,,,
alignment_summary.csv,amazon-toys-and-games,test,all_available,1,1,1,raw_cluster_match,0.145,0.1295,0.1605,2000,2000,probability_difference,estimated,,,,,,,,,,
alignment_summary.csv,amazon-toys-and-games,test,all_available,1,1,1,random_cluster_match,0.058975,0.05625000000000001,0.061700000000000005,2000,2000,probability_difference,estimated,,,,,,,,,,
alignment_summary.csv,amazon-toys-and-games,test,all_available,1,1,1,excess_cluster_match,0.086025,0.070124375,0.1017,2000,2000,probability_difference,estimated,,,,,,,,,,
alignment_summary.csv,amazon-toys-and-games,test,all_available,1,1,1,history_normalized_cluster_match,0.0003926999685900672,-0.012578716199789626,0.013031799275661997,2000,2000,probability_difference,estimated,,,,,,,,,,
alignment_summary.csv,amazon-toys-and-games,test,all_available,2,2,2,raw_cosine,0.1711146616449114,0.1665957878330606,0.1759774164890987,2000,2000,cosine,estimated,,,,,,,,,,
alignment_summary.csv,amazon-toys-and-games,test,all_available,2,2,2,random_cosine,0.13979635304771365,0.1384153138466645,0.14117780113965275,2000,2000,cosine,estimated,,,,,,,,,,
alignment_summary.csv,amazon-toys-and-games,test,all_available,2,2,2,excess_cosine,0.03131830859719776,0.026995346586796223,0.035989690810249886,2000,2000,cosine,estimated,,,,,,,,,,
alignment_summary.csv,amazon-toys-and-games,test,all_available,2,2,2,raw_cosine_z,0.813098356461075,0.7363814247962712,0.8956533572459757,2000,2000,within_subset_z,estimated,,,,,,,,,,
alignment_summary.csv,amazon-toys-and-games,test,all_available,2,2,2,random_cosine_z,0.2814073554405339,0.2579614495744641,0.3048602030482343,2000,2000,within_subset_z,estimated,,,,,,,,,,
alignment_summary.csv,amazon-toys-and-games,test,all_available,2,2,2,excess_cosine_z,0.5316910010205411,0.45830006448414645,0.6109970681824654,2000,2000,within_subset_z,estimated,,,,,,,,,,
alignment_summary.csv,amazon-toys-and-games,test,all_available,2,2,2,raw_cluster_match,0.1435,0.1285,0.159,2000,2000,probability_difference,estimated,,,,,,,,,,
alignment_summary.csv,amazon-toys-and-games,test,all_available,2,2,2,random_cluster_match,0.05662500000000001,0.05397437500000001,0.059400625000000006,2000,2000,probability_difference,estimated,,,,,,,,,,
alignment_summary.csv,amazon-toys-and-games,test,all_available,2,2,2,excess_cluster_match,0.08687499999999998,0.07194874999999999,0.1023275,2000,2000,probability_difference,estimated,,,,,,,,,,
alignment_summary.csv,amazon-toys-and-games,test,all_available,2,2,2,history_normalized_cluster_match,-0.0011073000314099316,-0.013601987040683342,0.011846273825825877,2000,2000,probability_difference,estimated,,,,,,,,,,
alignment_summary.csv,amazon-toys-and-games,test,all_available,3-4,3,4,raw_cosine,0.1867766653862355,0.18198633972011138,0.19168654666634327,1964,3808,cosine,estimated,,,,,,,,,,
alignment_summary.csv,amazon-toys-and-games,test,all_available,3-4,3,4,random_cosine,0.14007084189237015,0.13868800445327956,0.14136183936937946,1964,3808,cosine,estimated,,,,,,,,,,
alignment_summary.csv,amazon-toys-and-games,test,all_available,3-4,3,4,excess_cosine,0.046705823493865366,0.04203201053422129,0.05155223862567011,1964,3808,cosine,estimated,,,,,,,,,,
alignment_summary.csv,amazon-toys-and-games,test,all_available,3-4,3,4,raw_cosine_z,1.0789922319674035,0.9976668615141658,1.1623472983692364,1964,3808,within_subset_z,estimated,,,,,,,,,,
alignment_summary.csv,amazon-toys-and-games,test,all_available,3-4,3,4,random_cosine_z,0.2860673532220695,0.2625909186644083,0.3079846205207094,1964,3808,within_subset_z,estimated,,,,,,,,,,
alignment_summary.csv,amazon-toys-and-games,test,all_available,3-4,3,4,excess_cosine_z,0.7929248787453339,0.7135775447926223,0.8752024801934827,1964,3808,within_subset_z,estimated,,,,,,,,,,
alignment_summary.csv,amazon-toys-and-games,test,all_available,3-4,3,4,raw_cluster_match,0.16929735234215887,0.15631364562118127,0.1830511710794297,1964,3808,probability_difference,estimated,,,,,,,,,,
alignment_summary.csv,amazon-toys-and-games,test,all_available,3-4,3,4,random_cluster_match,0.05752291242362526,0.05526985743380856,0.059725369144602844,1964,3808,probability_difference,estimated,,,,,,,,,,
alignment_summary.csv,amazon-toys-and-games,test,all_available,3-4,3,4,excess_cluster_match,0.11177443991853361,0.09853615071283095,0.12590567718940934,1964,3808,probability_difference,estimated,,,,,,,,,,
alignment_summary.csv,amazon-toys-and-games,test,all_available,3-4,3,4,history_normalized_cluster_match,0.026621894061700686,0.017041446711163876,0.0363674237190043,1964,3808,probability_difference,estimated,,,,,,,,,,
alignment_summary.csv,amazon-toys-and-games,test,all_available,5-8,5,8,raw_cosine,0.20550262645968587,0.19777274098630532,0.21409155329583898,1324,3676,cosine,estimated,,,,,,,,,,
alignment_summary.csv,amazon-toys-and-games,test,all_available,5-8,5,8,random_cosine,0.14032745469536928,0.13875901235992857,0.1419929042545875,1324,3676,cosine,estimated,,,,,,,,,,
alignment_summary.csv,amazon-toys-and-games,test,all_available,5-8,5,8,excess_cosine,0.06517517176431661,0.0574919269794409,0.07351789895875746,1324,3676,cosine,estimated,,,,,,,,,,
alignment_summary.csv,amazon-toys-and-games,test,all_available,5-8,5,8,raw_cosine_z,1.3969029185331965,1.265672634101949,1.5427171502639305,1324,3676,within_subset_z,estimated,,,,,,,,,,
alignment_summary.csv,amazon-toys-and-games,test,all_available,5-8,5,8,random_cosine_z,0.2904238694010279,0.2637964200678261,0.31869821060760195,1324,3676,within_subset_z,estimated,,,,,,,,,,
alignment_summary.csv,amazon-toys-and-games,test,all_available,5-8,5,8,excess_cosine_z,1.1064790491321688,0.9760405837828001,1.2481135489483701,1324,3676,within_subset_z,estimated,,,,,,,,,,
alignment_summary.csv,amazon-toys-and-games,test,all_available,5-8,5,8,raw_cluster_match,0.18951409869083585,0.1721409239677744,0.2070760951661631,1324,3676,probability_difference,estimated,,,,,,,,,,
alignment_summary.csv,amazon-toys-and-games,test,all_available,5-8,5,8,random_cluster_match,0.05741125377643505,0.05467318101711984,0.060153496349446126,1324,3676,probability_difference,estimated,,,,,,,,,,
alignment_summary.csv,amazon-toys-and-games,test,all_available,5-8,5,8,excess_cluster_match,0.13210284491440077,0.11455965193857,0.1495183471802618,1324,3676,probability_difference,estimated,,,,,,,,,,
alignment_summary.csv,amazon-toys-and-games,test,all_available,5-8,5,8,history_normalized_cluster_match,0.04893157094953182,0.036137164623314726,0.06313200025145865,1324,3676,probability_difference,estimated,,,,,,,,,,
alignment_summary.csv,amazon-toys-and-games,test,all_available,9-16,9,16,raw_cosine,0.1961985515040375,0.185556208753821,0.20795459072362688,481,2194,cosine,estimated,,,,,,,,,,
alignment_summary.csv,amazon-toys-and-games,test,all_available,9-16,9,16,random_cosine,0.14046322560356794,0.13800685739321317,0.14308655554137756,481,2194,cosine,estimated,,,,,,,,,,
alignment_summary.csv,amazon-toys-and-games,test,all_available,9-16,9,16,excess_cosine,0.055735325900469534,0.04559683412810644,0.06746555439633985,481,2194,cosine,estimated,,,,,,,,,,
alignment_summary.csv,amazon-toys-and-games,test,all_available,9-16,9,16,raw_cosine_z,1.2389476154431225,1.0582725367585541,1.4385299217896252,481,2194,within_subset_z,estimated,,,,,,,,,,
alignment_summary.csv,amazon-toys-and-games,test,all_available,9-16,9,16,random_cosine_z,0.29272885243884367,0.2510270833734659,0.3372651311562052,481,2194,within_subset_z,estimated,,,,,,,,,,
alignment_summary.csv,amazon-toys-and-games,test,all_available,9-16,9,16,excess_cosine_z,0.9462187630042789,0.774097563592872,1.1453628806315959,481,2194,within_subset_z,estimated,,,,,,,,,,
alignment_summary.csv,amazon-toys-and-games,test,all_available,9-16,9,16,raw_cluster_match,0.1738763488763489,0.1500565538065538,0.19998465498465495,481,2194,probability_difference,estimated,,,,,,,,,,
alignment_summary.csv,amazon-toys-and-games,test,all_available,9-16,9,16,random_cluster_match,0.05686008811008811,0.05288849185724186,0.06101561726561727,481,2194,probability_difference,estimated,,,,,,,,,,
alignment_summary.csv,amazon-toys-and-games,test,all_available,9-16,9,16,excess_cluster_match,0.11701626076626076,0.09311983343233342,0.1434014299326799,481,2194,probability_difference,estimated,,,,,,,,,,
alignment_summary.csv,amazon-toys-and-games,test,all_available,9-16,9,16,history_normalized_cluster_match,0.061240807710205195,0.04030702966305194,0.0837950982262872,481,2194,probability_difference,estimated,,,,,,,,,,
alignment_summary.csv,amazon-toys-and-games,test,all_available,17-32,17,32,raw_cosine,0.18936924076811248,0.1716678495647987,0.2090209960398517,137,1138,cosine,estimated,,,,,,,,,,
alignment_summary.csv,amazon-toys-and-games,test,all_available,17-32,17,32,random_cosine,0.14215350983567007,0.1371052012166225,0.14728450826168035,137,1138,cosine,estimated,,,,,,,,,,
alignment_summary.csv,amazon-toys-and-games,test,all_available,17-32,17,32,excess_cosine,0.04721573093244242,0.03081276128684857,0.06619934600970008,137,1138,cosine,estimated,,,,,,,,,,
alignment_summary.csv,amazon-toys-and-games,test,all_available,17-32,17,32,raw_cosine_z,1.1230063905140983,0.8224898291188183,1.456634287429854,137,1138,within_subset_z,estimated,,,,,,,,,,
alignment_summary.csv,amazon-toys-and-games,test,all_available,17-32,17,32,random_cosine_z,0.3214248119472067,0.2357196642764227,0.40853378467136964,137,1138,within_subset_z,estimated,,,,,,,,,,
alignment_summary.csv,amazon-toys-and-games,test,all_available,17-32,17,32,excess_cosine_z,0.8015815785668917,0.5231083231064837,1.1238664577802884,137,1138,within_subset_z,estimated,,,,,,,,,,
alignment_summary.csv,amazon-toys-and-games,test,all_available,17-32,17,32,raw_cluster_match,0.16307812220220977,0.12141015867749444,0.20609761917927974,137,1138,probability_difference,estimated,,,,,,,,,,
alignment_summary.csv,amazon-toys-and-games,test,all_available,17-32,17,32,random_cluster_match,0.05661615300757637,0.04948475253710199,0.06354374707054906,137,1138,probability_difference,estimated,,,,,,,,,,
alignment_summary.csv,amazon-toys-and-games,test,all_available,17-32,17,32,excess_cluster_match,0.10646196919463342,0.06535193786596613,0.14987953719283553,137,1138,probability_difference,estimated,,,,,,,,,,
alignment_summary.csv,amazon-toys-and-games,test,all_available,17-32,17,32,history_normalized_cluster_match,0.07213382159937042,0.03633973827643887,0.10930393143800746,137,1138,probability_difference,estimated,,,,,,,,,,
alignment_summary.csv,amazon-toys-and-games,test,all_available,33-64,33,64,raw_cosine,0.2079948187966535,0.18255921112379617,0.24096959889255873,33,397,cosine,exploratory_n_lt_100,,,,,,,,,,
alignment_summary.csv,amazon-toys-and-games,test,all_available,33-64,33,64,random_cosine,0.1459676584896185,0.13846979910806073,0.1534689162929145,33,397,cosine,exploratory_n_lt_100,,,,,,,,,,
alignment_summary.csv,amazon-toys-and-games,test,all_available,33-64,33,64,excess_cosine,0.06202716030703497,0.035447442470535925,0.0959135887427601,33,397,cosine,exploratory_n_lt_100,,,,,,,,,,
alignment_summary.csv,amazon-toys-and-games,test,all_available,33-64,33,64,raw_cosine_z,1.4392128738829755,1.0073925007240832,1.999025795555023,33,397,within_subset_z,exploratory_n_lt_100,,,,,,,,,,
alignment_summary.csv,amazon-toys-and-games,test,all_available,33-64,33,64,random_cosine_z,0.38617762289691615,0.2588864459893477,0.5135264948185769,33,397,within_subset_z,exploratory_n_lt_100,,,,,,,,,,
alignment_summary.csv,amazon-toys-and-games,test,all_available,33-64,33,64,excess_cosine_z,1.0530352509860597,0.60179131680386,1.6283252287345291,33,397,within_subset_z,exploratory_n_lt_100,,,,,,,,,,
alignment_summary.csv,amazon-toys-and-games,test,all_available,33-64,33,64,raw_cluster_match,0.21119903043816085,0.11995381807202458,0.3151748142658468,33,397,probability_difference,exploratory_n_lt_100,,,,,,,,,,
alignment_summary.csv,amazon-toys-and-games,test,all_available,33-64,33,64,random_cluster_match,0.04541268453768454,0.03416268453768454,0.05626911300505051,33,397,probability_difference,exploratory_n_lt_100,,,,,,,,,,
alignment_summary.csv,amazon-toys-and-games,test,all_available,33-64,33,64,excess_cluster_match,0.16578634590047633,0.07621535669191919,0.2708986770928347,33,397,probability_difference,exploratory_n_lt_100,,,,,,,,,,
alignment_summary.csv,amazon-toys-and-games,test,all_available,33-64,33,64,history_normalized_cluster_match,0.12283673796314676,0.04563936419056097,0.20335028710560465,33,397,probability_difference,exploratory_n_lt_100,,,,,,,,,,
alignment_summary.csv,amazon-toys-and-games,test,all_available,65-100,65,100,raw_cosine,0.1964555645379589,0.1668416288559686,0.2258637542229501,7,160,cosine,exploratory_n_lt_100,,,,,,,,,,
alignment_summary.csv,amazon-toys-and-games,test,all_available,65-100,65,100,random_cosine,0.1556602297041207,0.1417128076992988,0.16809915946767737,7,160,cosine,exploratory_n_lt_100,,,,,,,,,,
alignment_summary.csv,amazon-toys-and-games,test,all_available,65-100,65,100,excess_cosine,0.040795334833838286,0.024187060227047422,0.05877019084512363,7,160,cosine,exploratory_n_lt_100,,,,,,,,,,
alignment_summary.csv,amazon-toys-and-games,test,all_available,65-100,65,100,raw_cosine_z,1.2433109263434194,0.7405550684384944,1.7425738339582317,7,160,within_subset_z,exploratory_n_lt_100,,,,,,,,,,
alignment_summary.csv,amazon-toys-and-games,test,all_available,65-100,65,100,random_cosine_z,0.5507284279158892,0.3139430107090616,0.7619041686837493,7,160,within_subset_z,exploratory_n_lt_100,,,,,,,,,,
alignment_summary.csv,amazon-toys-and-games,test,all_available,65-100,65,100,excess_cosine_z,0.6925824984275302,0.41062378014289136,0.9977416725310618,7,160,within_subset_z,exploratory_n_lt_100,,,,,,,,,,
alignment_summary.csv,amazon-toys-and-games,test,all_available,65-100,65,100,raw_cluster_match,0.11722737579880438,0.0435820449391878,0.20340136054421767,7,160,probability_difference,exploratory_n_lt_100,,,,,,,,,,
alignment_summary.csv,amazon-toys-and-games,test,all_available,65-100,65,100,random_cluster_match,0.04919851576994434,0.03241045918367347,0.06805929189857761,7,160,probability_difference,exploratory_n_lt_100,,,,,,,,,,
alignment_summary.csv,amazon-toys-and-games,test,all_available,65-100,65,100,excess_cluster_match,0.06802886002886002,0.0031179602143887836,0.1499793856936713,7,160,probability_difference,exploratory_n_lt_100,,,,,,,,,,
alignment_summary.csv,amazon-toys-and-games,test,all_available,65-100,65,100,history_normalized_cluster_match,0.0513261030089867,-0.01136949724068255,0.12055355475523544,7,160,probability_difference,exploratory_n_lt_100,,,,,,,,,,
alignment_summary.csv,amazon-toys-and-games,test,fixed_K8,1,1,1,raw_cosine,0.1635402806831018,0.15668662812164522,0.17083383474818165,604,604,cosine,estimated,,,,,,,,,,
alignment_summary.csv,amazon-toys-and-games,test,fixed_K8,1,1,1,random_cosine,0.14065911366129355,0.13817705213499337,0.14324167170623528,604,604,cosine,estimated,,,,,,,,,,
alignment_summary.csv,amazon-toys-and-games,test,fixed_K8,1,1,1,excess_cosine,0.022881167021808247,0.016554393233432257,0.030064357549109366,604,604,cosine,estimated,,,,,,,,,,
alignment_summary.csv,amazon-toys-and-games,test,fixed_K8,1,1,1,raw_cosine_z,0.6845080724999605,0.5681535963398432,0.8083307575541182,604,604,within_subset_z,estimated,,,,,,,,,,
alignment_summary.csv,amazon-toys-and-games,test,fixed_K8,1,1,1,random_cosine_z,0.29605444446999857,0.2539164799174938,0.3398985386632454,604,604,within_subset_z,estimated,,,,,,,,,,
alignment_summary.csv,amazon-toys-and-games,test,fixed_K8,1,1,1,excess_cosine_z,0.38845362802996203,0.2810439740784348,0.5104026710355518,604,604,within_subset_z,estimated,,,,,,,,,,
alignment_summary.csv,amazon-toys-and-games,test,fixed_K8,1,1,1,raw_cluster_match,0.12251655629139073,0.09768211920529801,0.1490066225165563,604,604,probability_difference,estimated,,,,,,,,,,
alignment_summary.csv,amazon-toys-and-games,test,fixed_K8,1,1,1,random_cluster_match,0.062334437086092716,0.057119205298013245,0.06754966887417219,604,604,probability_difference,estimated,,,,,,,,,,
alignment_summary.csv,amazon-toys-and-games,test,fixed_K8,1,1,1,excess_cluster_match,0.060182119205298014,0.03534354304635762,0.0867549668874172,604,604,probability_difference,estimated,,,,,,,,,,
alignment_summary.csv,amazon-toys-and-games,test,fixed_K8,1,1,1,history_normalized_cluster_match,0.0077060390003770626,-0.01617729493209555,0.03265817556462803,604,604,probability_difference,estimated,,,,,,,,,,
alignment_summary.csv,amazon-toys-and-games,test,fixed_K8,2,2,2,raw_cosine,0.162923266438903,0.15542001971155436,0.17040628615731299,604,604,cosine,estimated,,,,,,,,,,
alignment_summary.csv,amazon-toys-and-games,test,fixed_K8,2,2,2,random_cosine,0.14050261808300255,0.1382000998874497,0.1429495121855042,604,604,cosine,estimated,,,,,,,,,,
alignment_summary.csv,amazon-toys-and-games,test,fixed_K8,2,2,2,excess_cosine,0.022420648355900453,0.015296926164871624,0.029577244725579464,604,604,cosine,estimated,,,,,,,,,,
alignment_summary.csv,amazon-toys-and-games,test,fixed_K8,2,2,2,raw_cosine_z,0.6740330201795633,0.5466503822894362,0.8010722640898762,604,604,within_subset_z,estimated,,,,,,,,,,
alignment_summary.csv,amazon-toys-and-games,test,fixed_K8,2,2,2,random_cosine_z,0.2933976186577553,0.2543077616668501,0.33493854577112986,604,604,within_subset_z,estimated,,,,,,,,,,
alignment_summary.csv,amazon-toys-and-games,test,fixed_K8,2,2,2,excess_cosine_z,0.38063540152180797,0.2596959526053598,0.5021329554489402,604,604,within_subset_z,estimated,,,,,,,,,,
alignment_summary.csv,amazon-toys-and-games,test,fixed_K8,2,2,2,raw_cluster_match,0.1423841059602649,0.11423841059602649,0.17052980132450332,604,604,probability_difference,estimated,,,,,,,,,,
alignment_summary.csv,amazon-toys-and-games,test,fixed_K8,2,2,2,random_cluster_match,0.05753311258278146,0.05231581125827814,0.06283112582781457,604,604,probability_difference,estimated,,,,,,,,,,
alignment_summary.csv,amazon-toys-and-games,test,fixed_K8,2,2,2,excess_cluster_match,0.08485099337748345,0.0581105132450331,0.11259726821192045,604,604,probability_difference,estimated,,,,,,,,,,
alignment_summary.csv,amazon-toys-and-games,test,fixed_K8,2,2,2,history_normalized_cluster_match,0.02757358866925123,0.0029236291219163477,0.05348025141375363,604,604,probability_difference,estimated,,,,,,,,,,
alignment_summary.csv,amazon-toys-and-games,test,fixed_K8,3-4,3,4,raw_cosine,0.1705468938615025,0.16317511334986773,0.1782625523277879,604,1208,cosine,estimated,,,,,,,,,,
alignment_summary.csv,amazon-toys-and-games,test,fixed_K8,3-4,3,4,random_cosine,0.1405385348680645,0.13815118256086692,0.14288620981210473,604,1208,cosine,estimated,,,,,,,,,,
alignment_summary.csv,amazon-toys-and-games,test,fixed_K8,3-4,3,4,excess_cosine,0.030008358993438004,0.02326622119023841,0.03738391548079062,604,1208,cosine,estimated,,,,,,,,,,
alignment_summary.csv,amazon-toys-and-games,test,fixed_K8,3-4,3,4,raw_cosine_z,0.8034593614249605,0.678308625797893,0.9344481139222448,604,1208,within_subset_z,estimated,,,,,,,,,,
alignment_summary.csv,amazon-toys-and-games,test,fixed_K8,3-4,3,4,random_cosine_z,0.2940073780048721,0.2534772920948,0.3338638612243802,604,1208,within_subset_z,estimated,,,,,,,,,,
alignment_summary.csv,amazon-toys-and-games,test,fixed_K8,3-4,3,4,excess_cosine_z,0.5094519834200885,0.3949906935813911,0.6346668237960768,604,1208,within_subset_z,estimated,,,,,,,,,,
alignment_summary.csv,amazon-toys-and-games,test,fixed_K8,3-4,3,4,raw_cluster_match,0.1382450331125828,0.11672185430463576,0.1605960264900662,604,1208,probability_difference,estimated,,,,,,,,,,
alignment_summary.csv,amazon-toys-and-games,test,fixed_K8,3-4,3,4,random_cluster_match,0.05802980132450332,0.05397350993377484,0.062210264900662254,604,1208,probability_difference,estimated,,,,,,,,,,
alignment_summary.csv,amazon-toys-and-games,test,fixed_K8,3-4,3,4,excess_cluster_match,0.08021523178807946,0.05856788079470199,0.10265004139072847,604,1208,probability_difference,estimated,,,,,,,,,,
alignment_summary.csv,amazon-toys-and-games,test,fixed_K8,3-4,3,4,history_normalized_cluster_match,0.023434515821569114,0.004260500492611503,0.04214365075223028,604,1208,probability_difference,estimated,,,,,,,,,,
alignment_summary.csv,amazon-toys-and-games,test,fixed_K8,5-8,5,8,raw_cosine,0.17665441199599008,0.1697308593314655,0.18395812482226545,604,2416,cosine,estimated,,,,,,,,,,
alignment_summary.csv,amazon-toys-and-games,test,fixed_K8,5-8,5,8,random_cosine,0.140555637711289,0.13826334614280478,0.14310730271298125,604,2416,cosine,estimated,,,,,,,,,,
alignment_summary.csv,amazon-toys-and-games,test,fixed_K8,5-8,5,8,excess_cosine,0.036098774284701055,0.029824033286730875,0.04290519008644824,604,2416,cosine,estimated,,,,,,,,,,
alignment_summary.csv,amazon-toys-and-games,test,fixed_K8,5-8,5,8,raw_cosine_z,0.9071467116085958,0.7896055412291436,1.0311418619762116,604,2416,within_subset_z,estimated,,,,,,,,,,
alignment_summary.csv,amazon-toys-and-games,test,fixed_K8,5-8,5,8,random_cosine_z,0.2942977330157794,0.2553814934974233,0.3376173559388453,604,2416,within_subset_z,estimated,,,,,,,,,,
alignment_summary.csv,amazon-toys-and-games,test,fixed_K8,5-8,5,8,excess_cosine_z,0.6128489785928165,0.5063226854502199,0.7284015161687698,604,2416,within_subset_z,estimated,,,,,,,,,,
alignment_summary.csv,amazon-toys-and-games,test,fixed_K8,5-8,5,8,raw_cluster_match,0.14693708609271522,0.12831125827814568,0.16639072847682118,604,2416,probability_difference,estimated,,,,,,,,,,
alignment_summary.csv,amazon-toys-and-games,test,fixed_K8,5-8,5,8,random_cluster_match,0.05916804635761589,0.05581539735099339,0.0627488617549669,604,2416,probability_difference,estimated,,,,,,,,,,
alignment_summary.csv,amazon-toys-and-games,test,fixed_K8,5-8,5,8,excess_cluster_match,0.08776903973509934,0.06903973509933775,0.10755691225165563,604,2416,probability_difference,estimated,,,,,,,,,,
alignment_summary.csv,amazon-toys-and-games,test,fixed_K8,5-8,5,8,history_normalized_cluster_match,0.03212656880170157,0.017441890693242947,0.04666137680251373,604,2416,probability_difference,estimated,,,,,,,,,,
alignment_summary.csv,amazon-toys-and-games,test,fixed_K16,1,1,1,raw_cosine,0.1575526607533296,0.1457909059260978,0.16982897954682508,147,147,cosine,estimated,,,,,,,,,,
alignment_summary.csv,amazon-toys-and-games,test,fixed_K16,1,1,1,random_cosine,0.14176790907877643,0.13668698132747695,0.1468123156412625,147,147,cosine,estimated,,,,,,,,,,
alignment_summary.csv,amazon-toys-and-games,test,fixed_K16,1,1,1,excess_cosine,0.015784751674553163,0.004955564929666568,0.027471931974346518,147,147,cosine,estimated,,,,,,,,,,
alignment_summary.csv,amazon-toys-and-games,test,fixed_K16,1,1,1,raw_cosine_z,0.5828562344286038,0.3831768941972928,0.7912713283633039,147,147,within_subset_z,estimated,,,,,,,,,,
alignment_summary.csv,amazon-toys-and-games,test,fixed_K16,1,1,1,random_cosine_z,0.3148784669621075,0.22861954420396136,0.40051736940918226,147,147,within_subset_z,estimated,,,,,,,,,,
alignment_summary.csv,amazon-toys-and-games,test,fixed_K16,1,1,1,excess_cosine_z,0.2679777674664964,0.08413063783120331,0.46639105576459683,147,147,within_subset_z,estimated,,,,,,,,,,
alignment_summary.csv,amazon-toys-and-games,test,fixed_K16,1,1,1,raw_cluster_match,0.14285714285714285,0.08843537414965986,0.20408163265306123,147,147,probability_difference,estimated,,,,,,,,,,
alignment_summary.csv,amazon-toys-and-games,test,fixed_K16,1,1,1,random_cluster_match,0.061224489795918366,0.05204081632653061,0.07108843537414966,147,147,probability_difference,estimated,,,,,,,,,,
alignment_summary.csv,amazon-toys-and-games,test,fixed_K16,1,1,1,excess_cluster_match,0.08163265306122448,0.030272108843537416,0.13843537414965984,147,147,probability_difference,estimated,,,,,,,,,,
alignment_summary.csv,amazon-toys-and-games,test,fixed_K16,1,1,1,history_normalized_cluster_match,0.049048131033030254,-0.000983467451074226,0.10431977529402027,147,147,probability_difference,estimated,,,,,,,,,,
alignment_summary.csv,amazon-toys-and-games,test,fixed_K16,2,2,2,raw_cosine,0.15835381263778323,0.1464156749385859,0.1712587018408591,147,147,cosine,estimated,,,,,,,,,,
alignment_summary.csv,amazon-toys-and-games,test,fixed_K16,2,2,2,random_cosine,0.14154578233454504,0.13710450073640768,0.14619961504501347,147,147,cosine,estimated,,,,,,,,,,
alignment_summary.csv,amazon-toys-and-games,test,fixed_K16,2,2,2,excess_cosine,0.0168080303032382,0.005909678875310283,0.02836417803401444,147,147,cosine,estimated,,,,,,,,,,
alignment_summary.csv,amazon-toys-and-games,test,fixed_K16,2,2,2,raw_cosine_z,0.596457391914253,0.3937835992377469,0.8155437272170639,147,147,within_subset_z,estimated,,,,,,,,,,
alignment_summary.csv,amazon-toys-and-games,test,fixed_K16,2,2,2,random_cosine_z,0.3111074206864987,0.23570777222211636,0.3901155499004915,147,147,within_subset_z,estimated,,,,,,,,,,
alignment_summary.csv,amazon-toys-and-games,test,fixed_K16,2,2,2,excess_cosine_z,0.28534997122775424,0.1003286326007023,0.4815387192838175,147,147,within_subset_z,estimated,,,,,,,,,,
alignment_summary.csv,amazon-toys-and-games,test,fixed_K16,2,2,2,raw_cluster_match,0.14285714285714285,0.08843537414965986,0.19727891156462585,147,147,probability_difference,estimated,,,,,,,,,,
alignment_summary.csv,amazon-toys-and-games,test,fixed_K16,2,2,2,random_cluster_match,0.0554421768707483,0.045238095238095244,0.06496598639455783,147,147,probability_difference,estimated,,,,,,,,,,
alignment_summary.csv,amazon-toys-and-games,test,fixed_K16,2,2,2,excess_cluster_match,0.08741496598639456,0.03298469387755101,0.14421768707482993,147,147,probability_difference,estimated,,,,,,,,,,
alignment_summary.csv,amazon-toys-and-games,test,fixed_K16,2,2,2,history_normalized_cluster_match,0.049048131033030254,-0.002373904675470031,0.10175384624174666,147,147,probability_difference,estimated,,,,,,,,,,
alignment_summary.csv,amazon-toys-and-games,test,fixed_K16,3-4,3,4,raw_cosine,0.16210852058439637,0.15111751193354908,0.17307638479174955,147,294,cosine,estimated,,,,,,,,,,
alignment_summary.csv,amazon-toys-and-games,test,fixed_K16,3-4,3,4,random_cosine,0.14134239952783195,0.1363977109677583,0.14589718744399494,147,294,cosine,estimated,,,,,,,,,,
alignment_summary.csv,amazon-toys-and-games,test,fixed_K16,3-4,3,4,excess_cosine,0.020766121056564404,0.01140759156994699,0.030848510432386532,147,294,cosine,estimated,,,,,,,,,,
alignment_summary.csv,amazon-toys-and-games,test,fixed_K16,3-4,3,4,raw_cosine_z,0.6602010778313506,0.4736066973060466,0.8464025350833162,147,294,within_subset_z,estimated,,,,,,,,,,
alignment_summary.csv,amazon-toys-and-games,test,fixed_K16,3-4,3,4,random_cosine_z,0.30765459028360403,0.22370860060536107,0.38498123578442944,147,294,within_subset_z,estimated,,,,,,,,,,
alignment_summary.csv,amazon-toys-and-games,test,fixed_K16,3-4,3,4,excess_cosine_z,0.3525464875477466,0.19366670975332625,0.5237152364369949,147,294,within_subset_z,estimated,,,,,,,,,,
alignment_summary.csv,amazon-toys-and-games,test,fixed_K16,3-4,3,4,raw_cluster_match,0.13945578231292516,0.09523809523809523,0.1871598639455778,147,294,probability_difference,estimated,,,,,,,,,,
alignment_summary.csv,amazon-toys-and-games,test,fixed_K16,3-4,3,4,random_cluster_match,0.05595238095238096,0.047959183673469394,0.0642857142857143,147,294,probability_difference,estimated,,,,,,,,,,
alignment_summary.csv,amazon-toys-and-games,test,fixed_K16,3-4,3,4,excess_cluster_match,0.08350340136054421,0.04046768707482993,0.13061649659863941,147,294,probability_difference,estimated,,,,,,,,,,
alignment_summary.csv,amazon-toys-and-games,test,fixed_K16,3-4,3,4,history_normalized_cluster_match,0.04564677048881257,0.004819335281974284,0.0907719936411215,147,294,probability_difference,estimated,,,,,,,,,,
alignment_summary.csv,amazon-toys-and-games,test,fixed_K16,5-8,5,8,raw_cosine,0.16476596705457133,0.15304972912124706,0.17766829647977525,147,588,cosine,estimated,,,,,,,,,,
alignment_summary.csv,amazon-toys-and-games,test,fixed_K16,5-8,5,8,random_cosine,0.14198915555211558,0.13740678019441513,0.14673243717886,147,588,cosine,estimated,,,,,,,,,,
alignment_summary.csv,amazon-toys-and-games,test,fixed_K16,5-8,5,8,excess_cosine,0.02277681150245575,0.012567714351264216,0.03529703385183955,147,588,cosine,estimated,,,,,,,,,,
alignment_summary.csv,amazon-toys-and-games,test,fixed_K16,5-8,5,8,raw_cosine_z,0.7053165530014323,0.5064099531883953,0.9243594309491023,147,588,within_subset_z,estimated,,,,,,,,,,
alignment_summary.csv,amazon-toys-and-games,test,fixed_K16,5-8,5,8,random_cosine_z,0.31863456887664304,0.24083957131391995,0.3991612725592213,147,588,within_subset_z,estimated,,,,,,,,,,
alignment_summary.csv,amazon-toys-and-games,test,fixed_K16,5-8,5,8,excess_cosine_z,0.3866819841247892,0.21336211702575097,0.5992378293194195,147,588,within_subset_z,estimated,,,,,,,,,,
alignment_summary.csv,amazon-toys-and-games,test,fixed_K16,5-8,5,8,raw_cluster_match,0.1292517006802721,0.09183673469387756,0.1717687074829932,147,588,probability_difference,estimated,,,,,,,,,,
alignment_summary.csv,amazon-toys-and-games,test,fixed_K16,5-8,5,8,random_cluster_match,0.059013605442176854,0.052208758503401356,0.06590136054421769,147,588,probability_difference,estimated,,,,,,,,,,
alignment_summary.csv,amazon-toys-and-games,test,fixed_K16,5-8,5,8,excess_cluster_match,0.07023809523809524,0.03222576530612244,0.11207908163265302,147,588,probability_difference,estimated,,,,,,,,,,
alignment_summary.csv,amazon-toys-and-games,test,fixed_K16,5-8,5,8,history_normalized_cluster_match,0.03544268885615951,0.004806274273442723,0.06943557499575302,147,588,probability_difference,estimated,,,,,,,,,,
alignment_summary.csv,amazon-toys-and-games,test,fixed_K16,9-16,9,16,raw_cosine,0.1729309253242551,0.16208931067641696,0.1843989384081848,147,1176,cosine,estimated,,,,,,,,,,
alignment_summary.csv,amazon-toys-and-games,test,fixed_K16,9-16,9,16,random_cosine,0.14148046629706107,0.1369225927920803,0.14607936119412065,147,1176,cosine,estimated,,,,,,,,,,
alignment_summary.csv,amazon-toys-and-games,test,fixed_K16,9-16,9,16,excess_cosine,0.031450459027194046,0.022245016815671446,0.04173186424728419,147,1176,cosine,estimated,,,,,,,,,,
alignment_summary.csv,amazon-toys-and-games,test,fixed_K16,9-16,9,16,raw_cosine_z,0.8439330693508355,0.6598749511769889,1.0386255552936048,147,1176,within_subset_z,estimated,,,,,,,,,,
alignment_summary.csv,amazon-toys-and-games,test,fixed_K16,9-16,9,16,random_cosine_z,0.30999855015970235,0.23261952061003316,0.3880739999821955,147,1176,within_subset_z,estimated,,,,,,,,,,
alignment_summary.csv,amazon-toys-and-games,test,fixed_K16,9-16,9,16,excess_cosine_z,0.533934519191133,0.37765370443732693,0.7084819605512539,147,1176,within_subset_z,estimated,,,,,,,,,,
alignment_summary.csv,amazon-toys-and-games,test,fixed_K16,9-16,9,16,raw_cluster_match,0.13860544217687074,0.10459183673469388,0.17517006802721088,147,1176,probability_difference,estimated,,,,,,,,,,
alignment_summary.csv,amazon-toys-and-games,test,fixed_K16,9-16,9,16,random_cluster_match,0.057525510204081635,0.05148809523809524,0.0636904761904762,147,1176,probability_difference,estimated,,,,,,,,,,
alignment_summary.csv,amazon-toys-and-games,test,fixed_K16,9-16,9,16,excess_cluster_match,0.08107993197278911,0.048039965986394546,0.117734906462585,147,1176,probability_difference,estimated,,,,,,,,,,
alignment_summary.csv,amazon-toys-and-games,test,fixed_K16,9-16,9,16,history_normalized_cluster_match,0.044796430352758154,0.01683570890689265,0.07468079957313149,147,1176,probability_difference,estimated,,,,,,,,,,
alignment_summary.csv,amazon-toys-and-games,test,fixed_K32,1,1,1,raw_cosine,0.15514802145106452,0.13223809907478948,0.1793678128293582,35,35,cosine,exploratory_n_lt_100,,,,,,,,,,
alignment_summary.csv,amazon-toys-and-games,test,fixed_K32,1,1,1,random_cosine,0.14598425264869416,0.13628396832517214,0.15483641613274812,35,35,cosine,exploratory_n_lt_100,,,,,,,,,,
alignment_summary.csv,amazon-toys-and-games,test,fixed_K32,1,1,1,excess_cosine,0.009163768802370345,-0.012504179887473583,0.0322164538023727,35,35,cosine,exploratory_n_lt_100,,,,,,,,,,
alignment_summary.csv,amazon-toys-and-games,test,fixed_K32,1,1,1,raw_cosine_z,0.5420326671613391,0.15309085940884481,0.9532121241383316,35,35,within_subset_z,exploratory_n_lt_100,,,,,,,,,,
alignment_summary.csv,amazon-toys-and-games,test,fixed_K32,1,1,1,random_cosine_z,0.38645934197579435,0.22177759148628146,0.5367425429164496,35,35,within_subset_z,exploratory_n_lt_100,,,,,,,,,,
alignment_summary.csv,amazon-toys-and-games,test,fixed_K32,1,1,1,excess_cosine_z,0.15557332518554487,-0.21228349227986779,0.5469388143473435,35,35,within_subset_z,exploratory_n_lt_100,,,,,,,,,,
alignment_summary.csv,amazon-toys-and-games,test,fixed_K32,1,1,1,raw_cluster_match,0.08571428571428572,0.0,0.2,35,35,probability_difference,exploratory_n_lt_100,,,,,,,,,,
alignment_summary.csv,amazon-toys-and-games,test,fixed_K32,1,1,1,random_cluster_match,0.05571428571428572,0.04,0.07285714285714286,35,35,probability_difference,exploratory_n_lt_100,,,,,,,,,,
alignment_summary.csv,amazon-toys-and-games,test,fixed_K32,1,1,1,excess_cluster_match,0.02999999999999999,-0.05428571428571429,0.13867857142857085,35,35,probability_difference,exploratory_n_lt_100,,,,,,,,,,
alignment_summary.csv,amazon-toys-and-games,test,fixed_K32,1,1,1,history_normalized_cluster_match,-0.00331301861929903,-0.08720792702125632,0.10312133634278149,35,35,probability_difference,exploratory_n_lt_100,,,,,,,,,,
alignment_summary.csv,amazon-toys-and-games,test,fixed_K32,2,2,2,raw_cosine,0.1668156096977847,0.1427312150916883,0.19130434773064084,35,35,cosine,exploratory_n_lt_100,,,,,,,,,,
alignment_summary.csv,amazon-toys-and-games,test,fixed_K32,2,2,2,random_cosine,0.14652507177421026,0.1382294412861977,0.15566358385873694,35,35,cosine,exploratory_n_lt_100,,,,,,,,,,
alignment_summary.csv,amazon-toys-and-games,test,fixed_K32,2,2,2,excess_cosine,0.020290537923574447,-0.0018366277696830885,0.043820784102593144,35,35,cosine,exploratory_n_lt_100,,,,,,,,,,
alignment_summary.csv,amazon-toys-and-games,test,fixed_K32,2,2,2,raw_cosine_z,0.7401133411268935,0.33123251547991406,1.1558587061107517,35,35,within_subset_z,exploratory_n_lt_100,,,,,,,,,,
alignment_summary.csv,amazon-toys-and-games,test,fixed_K32,2,2,2,random_cosine_z,0.3956408295814955,0.2548058906645659,0.5507853714069454,35,35,within_subset_z,exploratory_n_lt_100,,,,,,,,,,
alignment_summary.csv,amazon-toys-and-games,test,fixed_K32,2,2,2,excess_cosine_z,0.34447251154539826,-0.031180434100847382,0.7439455580017331,35,35,within_subset_z,exploratory_n_lt_100,,,,,,,,,,
alignment_summary.csv,amazon-toys-and-games,test,fixed_K32,2,2,2,raw_cluster_match,0.14285714285714285,0.02857142857142857,0.2571428571428571,35,35,probability_difference,exploratory_n_lt_100,,,,,,,,,,
alignment_summary.csv,amazon-toys-and-games,test,fixed_K32,2,2,2,random_cluster_match,0.05285714285714286,0.03567857142857143,0.07285714285714286,35,35,probability_difference,exploratory_n_lt_100,,,,,,,,,,
alignment_summary.csv,amazon-toys-and-games,test,fixed_K32,2,2,2,excess_cluster_match,0.09,-0.018571428571428576,0.20717857142857124,35,35,probability_difference,exploratory_n_lt_100,,,,,,,,,,
alignment_summary.csv,amazon-toys-and-games,test,fixed_K32,2,2,2,history_normalized_cluster_match,0.05382983852355811,-0.03763491758499499,0.15789680066603995,35,35,probability_difference,exploratory_n_lt_100,,,,,,,,,,
alignment_summary.csv,amazon-toys-and-games,test,fixed_K32,3-4,3,4,raw_cosine,0.16756915050957885,0.14719067766730276,0.18921345792444688,35,70,cosine,exploratory_n_lt_100,,,,,,,,,,
alignment_summary.csv,amazon-toys-and-games,test,fixed_K32,3-4,3,4,random_cosine,0.143445947766304,0.1351140728539654,0.15205499999491232,35,70,cosine,exploratory_n_lt_100,,,,,,,,,,
alignment_summary.csv,amazon-toys-and-games,test,fixed_K32,3-4,3,4,excess_cosine,0.024123202743274823,0.006915688822045922,0.04348750593007675,35,70,cosine,exploratory_n_lt_100,,,,,,,,,,
alignment_summary.csv,amazon-toys-and-games,test,fixed_K32,3-4,3,4,raw_cosine_z,0.7529062053165169,0.4069408224430253,1.1203616647993195,35,70,within_subset_z,exploratory_n_lt_100,,,,,,,,,,
alignment_summary.csv,amazon-toys-and-games,test,fixed_K32,3-4,3,4,random_cosine_z,0.34336653383052607,0.20191627323389785,0.4895224343977881,35,70,within_subset_z,exploratory_n_lt_100,,,,,,,,,,
alignment_summary.csv,amazon-toys-and-games,test,fixed_K32,3-4,3,4,excess_cosine_z,0.40953967148599096,0.11740766590661826,0.7382874936585202,35,70,within_subset_z,exploratory_n_lt_100,,,,,,,,,,
alignment_summary.csv,amazon-toys-and-games,test,fixed_K32,3-4,3,4,raw_cluster_match,0.11428571428571428,0.04285714285714286,0.21428571428571427,35,70,probability_difference,exploratory_n_lt_100,,,,,,,,,,
alignment_summary.csv,amazon-toys-and-games,test,fixed_K32,3-4,3,4,random_cluster_match,0.04142857142857142,0.029999999999999995,0.05357142857142857,35,70,probability_difference,exploratory_n_lt_100,,,,,,,,,,
alignment_summary.csv,amazon-toys-and-games,test,fixed_K32,3-4,3,4,excess_cluster_match,0.07285714285714287,-0.005000000000000005,0.16999999999999998,35,70,probability_difference,exploratory_n_lt_100,,,,,,,,,,
alignment_summary.csv,amazon-toys-and-games,test,fixed_K32,3-4,3,4,history_normalized_cluster_match,0.025258409952129548,-0.05346490604891201,0.11833724546437381,35,70,probability_difference,exploratory_n_lt_100,,,,,,,,,,
alignment_summary.csv,amazon-toys-and-games,test,fixed_K32,5-8,5,8,raw_cosine,0.17068421957083046,0.15206092639526886,0.18973232930343198,35,140,cosine,exploratory_n_lt_100,,,,,,,,,,
alignment_summary.csv,amazon-toys-and-games,test,fixed_K32,5-8,5,8,random_cosine,0.14559257232717104,0.13662903881498745,0.15504840099784944,35,140,cosine,exploratory_n_lt_100,,,,,,,,,,
alignment_summary.csv,amazon-toys-and-games,test,fixed_K32,5-8,5,8,excess_cosine,0.02509164724365941,0.009778916201654024,0.04097718550740472,35,140,cosine,exploratory_n_lt_100,,,,,,,,,,
alignment_summary.csv,amazon-toys-and-games,test,fixed_K32,5-8,5,8,raw_cosine_z,0.8057907403253196,0.489623046911016,1.1291705454589278,35,140,within_subset_z,exploratory_n_lt_100,,,,,,,,,,
alignment_summary.csv,amazon-toys-and-games,test,fixed_K32,5-8,5,8,random_cosine_z,0.37980978420723366,0.2276358540288813,0.5403414104854668,35,140,within_subset_z,exploratory_n_lt_100,,,,,,,,,,
alignment_summary.csv,amazon-toys-and-games,test,fixed_K32,5-8,5,8,excess_cosine_z,0.425980956118086,0.16601668407528988,0.695669777753766,35,140,within_subset_z,exploratory_n_lt_100,,,,,,,,,,
alignment_summary.csv,amazon-toys-and-games,test,fixed_K32,5-8,5,8,raw_cluster_match,0.12142857142857143,0.04285714285714286,0.21428571428571427,35,140,probability_difference,exploratory_n_lt_100,,,,,,,,,,
alignment_summary.csv,amazon-toys-and-games,test,fixed_K32,5-8,5,8,random_cluster_match,0.052857142857142866,0.04178571428571429,0.06535714285714286,35,140,probability_difference,exploratory_n_lt_100,,,,,,,,,,
alignment_summary.csv,amazon-toys-and-games,test,fixed_K32,5-8,5,8,excess_cluster_match,0.06857142857142856,-0.013223214285714293,0.16397321428571401,35,140,probability_difference,exploratory_n_lt_100,,,,,,,,,,
alignment_summary.csv,amazon-toys-and-games,test,fixed_K32,5-8,5,8,history_normalized_cluster_match,0.0324012670949867,-0.03094268541976967,0.10665222632115044,35,140,probability_difference,exploratory_n_lt_100,,,,,,,,,,
alignment_summary.csv,amazon-toys-and-games,test,fixed_K32,9-16,9,16,raw_cosine,0.17401275147151735,0.1562968681672854,0.19325764874378878,35,280,cosine,exploratory_n_lt_100,,,,,,,,,,
alignment_summary.csv,amazon-toys-and-games,test,fixed_K32,9-16,9,16,random_cosine,0.14620924504207714,0.13805696672028198,0.15423135955951042,35,280,cosine,exploratory_n_lt_100,,,,,,,,,,
alignment_summary.csv,amazon-toys-and-games,test,fixed_K32,9-16,9,16,excess_cosine,0.027803506429440208,0.013742330831009895,0.04370874432198304,35,280,cosine,exploratory_n_lt_100,,,,,,,,,,
alignment_summary.csv,amazon-toys-and-games,test,fixed_K32,9-16,9,16,raw_cosine_z,0.8622992344769917,0.5615366406492721,1.189019902148905,35,280,within_subset_z,exploratory_n_lt_100,,,,,,,,,,
alignment_summary.csv,amazon-toys-and-games,test,fixed_K32,9-16,9,16,random_cosine_z,0.3902790383839999,0.2518777895406585,0.5264704960049635,35,280,within_subset_z,exploratory_n_lt_100,,,,,,,,,,
alignment_summary.csv,amazon-toys-and-games,test,fixed_K32,9-16,9,16,excess_cosine_z,0.4720201960929917,0.2333035838515515,0.7420434583745509,35,280,within_subset_z,exploratory_n_lt_100,,,,,,,,,,
alignment_summary.csv,amazon-toys-and-games,test,fixed_K32,9-16,9,16,raw_cluster_match,0.15,0.08214285714285714,0.2357142857142857,35,280,probability_difference,exploratory_n_lt_100,,,,,,,,,,
alignment_summary.csv,amazon-toys-and-games,test,fixed_K32,9-16,9,16,random_cluster_match,0.05303571428571428,0.04375,0.06339285714285715,35,280,probability_difference,exploratory_n_lt_100,,,,,,,,,,
alignment_summary.csv,amazon-toys-and-games,test,fixed_K32,9-16,9,16,excess_cluster_match,0.09696428571428571,0.029464285714285707,0.18035714285714283,35,280,probability_difference,exploratory_n_lt_100,,,,,,,,,,
alignment_summary.csv,amazon-toys-and-games,test,fixed_K32,9-16,9,16,history_normalized_cluster_match,0.06097269566641524,0.006095209823593285,0.12425360819091467,35,280,probability_difference,exploratory_n_lt_100,,,,,,,,,,
alignment_summary.csv,amazon-toys-and-games,test,fixed_K32,17-32,17,32,raw_cosine,0.18500229961770986,0.16284793696632344,0.21102698550027396,35,560,cosine,exploratory_n_lt_100,,,,,,,,,,
alignment_summary.csv,amazon-toys-and-games,test,fixed_K32,17-32,17,32,random_cosine,0.14652138086301938,0.13799397807668096,0.15497414987833638,35,560,cosine,exploratory_n_lt_100,,,,,,,,,,
alignment_summary.csv,amazon-toys-and-games,test,fixed_K32,17-32,17,32,excess_cosine,0.03848091875469046,0.019597989009427174,0.0627040138707629,35,560,cosine,exploratory_n_lt_100,,,,,,,,,,
alignment_summary.csv,amazon-toys-and-games,test,fixed_K32,17-32,17,32,raw_cosine_z,1.0488688200112293,0.67275415154086,1.4906899753651852,35,560,within_subset_z,exploratory_n_lt_100,,,,,,,,,,
alignment_summary.csv,amazon-toys-and-games,test,fixed_K32,17-32,17,32,random_cosine_z,0.39557816897325565,0.25080843118545854,0.5390808490493896,35,560,within_subset_z,exploratory_n_lt_100,,,,,,,,,,
alignment_summary.csv,amazon-toys-and-games,test,fixed_K32,17-32,17,32,excess_cosine_z,0.6532906510379735,0.33271510695006834,1.0645261955792493,35,560,within_subset_z,exploratory_n_lt_100,,,,,,,,,,
alignment_summary.csv,amazon-toys-and-games,test,fixed_K32,17-32,17,32,raw_cluster_match,0.16071428571428573,0.08924107142857143,0.24821428571428572,35,560,probability_difference,exploratory_n_lt_100,,,,,,,,,,
alignment_summary.csv,amazon-toys-and-games,test,fixed_K32,17-32,17,32,random_cluster_match,0.050803571428571434,0.041872767857142855,0.05982589285714284,35,560,probability_difference,exploratory_n_lt_100,,,,,,,,,,
alignment_summary.csv,amazon-toys-and-games,test,fixed_K32,17-32,17,32,excess_cluster_match,0.10991071428571429,0.03713839285714285,0.19921205357142846,35,560,probability_difference,exploratory_n_lt_100,,,,,,,,,,
alignment_summary.csv,amazon-toys-and-games,test,fixed_K32,17-32,17,32,history_normalized_cluster_match,0.07168698138070097,0.019128014602970377,0.13390132924105722,35,560,probability_difference,exploratory_n_lt_100,,,,,,,,,,
model_item_influence_summary.csv,amazon-all-beauty,test,,,,,,,-0.006524385985398669,-0.00024005466728236734,1457,,,,1,-0.0034622060328046997,48.318462594371994,51.681537405628,0.0,,,,,
model_item_influence_summary.csv,amazon-all-beauty,test,,,,,,,1.4648195317778265e-05,0.0003554171540594787,1457,,,,2,0.00018116048369083652,54.152367879203844,45.778997940974605,0.06863417982155114,,,,,
model_item_influence_summary.csv,amazon-all-beauty,test,,,,,,,0.00033595352671867193,0.0009026640145353563,1290,,,,3,0.0006093115769615469,55.348837209302324,44.57364341085272,0.07751937984496124,,,,,
model_item_influence_summary.csv,amazon-all-beauty,test,,,,,,,0.0003427913669559665,0.0007846203911032197,1007,,,,4,0.0005642413619495077,58.39126117179742,41.60873882820258,0.0,,,,,
model_item_influence_summary.csv,amazon-all-beauty,test,,,,,,,0.0009325949065888409,0.0016903528005374742,669,,,,5,0.0013084219175603891,58.14648729446936,41.85351270553064,0.0,,,,,
model_item_influence_summary.csv,amazon-all-beauty,test,,,,,,,0.0002012960815829551,0.0006519327873453902,477,,,,6,0.0004208772687292199,57.023060796645694,42.9769392033543,0.0,,,,,
model_item_influence_summary.csv,amazon-all-beauty,test,,,,,,,4.977150692965816e-05,0.0006334154983687265,366,,,,7,0.00033039082594908,52.459016393442624,47.540983606557376,0.0,,,,,
model_item_influence_summary.csv,amazon-all-beauty,test,,,,,,,-3.231167793273925e-05,0.000405353307723999,288,,,,8,0.00017887353897094727,51.736111111111114,48.26388888888889,0.0,,,,,
model_item_influence_summary.csv,amazon-all-beauty,test,,,,,,,-8.488314218789219e-05,0.0003809265343539684,249,,,,9,0.00014588153027147654,46.58634538152611,53.41365461847389,0.0,,,,,
model_item_influence_summary.csv,amazon-all-beauty,test,,,,,,,-4.096553750234107e-05,0.0004041053388761057,219,,,,10,0.0001759986354880137,54.337899543378995,45.662100456621005,0.0,,,,,
model_item_influence_summary.csv,amazon-all-beauty,test,,,,,,,-0.0001555807811697734,0.0003690348458044306,194,,,,11,9.190175951141672e-05,48.96907216494845,51.03092783505154,0.0,,,,,
model_item_influence_summary.csv,amazon-all-beauty,test,,,,,,,-0.00026618757365662375,0.00016789053693229766,162,,,,12,-4.617667492525077e-05,48.148148148148145,51.23456790123457,0.6172839506172839,,,,,
model_item_influence_summary.csv,amazon-all-beauty,test,,,,,,,-8.016232843999262e-05,0.0004984939014995012,143,,,,13,0.0001850795078944493,52.44755244755245,46.85314685314685,0.6993006993006993,,,,,
model_item_influence_summary.csv,amazon-all-beauty,test,,,,,,,-8.385015088458394e-05,0.0002889895623968549,129,,,,14,0.00010162176087845204,52.71317829457365,47.286821705426355,0.0,,,,,
model_item_influence_summary.csv,amazon-all-beauty,test,,,,,,,-0.00025833933806616415,9.191844088972105e-05,121,,,,15,-8.14012259491219e-05,43.80165289256198,56.19834710743802,0.0,,,,,
model_item_influence_summary.csv,amazon-all-beauty,test,,,,,,,-7.416316441127232e-05,0.0003067411695207868,105,,,,16,0.00011909121558779762,48.57142857142857,51.42857142857142,0.0,,,,,
model_item_influence_summary.csv,amazon-all-beauty,test,,,,,,,-0.00024269197298132855,0.00012297215669051454,92,,,,17,-6.118028060249661e-05,48.91304347826087,51.08695652173913,0.0,,,,,
model_item_influence_summary.csv,amazon-all-beauty,test,,,,,,,-0.00013001139571027057,0.000232374377366973,82,,,,18,5.0428437023628046e-05,50.0,50.0,0.0,,,,,
model_item_influence_summary.csv,amazon-all-beauty,test,,,,,,,-0.00014035051519220525,0.00014339979592855874,77,,,,19,-2.9724913758116885e-06,41.55844155844156,57.14285714285714,1.2987012987012987,,,,,
model_item_influence_summary.csv,amazon-all-beauty,test,,,,,,,-0.00010185628323941617,0.0001719519898698136,74,,,,20,3.804387273015203e-05,56.75675675675676,43.24324324324324,0.0,,,,,
model_item_influence_summary.csv,amazon-all-beauty,test,,,,,,,-0.0001345997426047254,0.00013962432519713436,67,,,,21,1.3379908319729478e-06,52.23880597014925,47.76119402985074,0.0,,,,,
model_item_influence_summary.csv,amazon-all-beauty,test,,,,,,,-0.00010686223469083272,0.00014907746087937127,63,,,,22,1.9073486328125e-05,53.96825396825397,46.03174603174603,0.0,,,,,
model_item_influence_summary.csv,amazon-all-beauty,test,,,,,,,-6.620555088437836e-05,0.0003372924081210431,58,,,,23,0.00011901197762324892,53.44827586206896,46.55172413793103,0.0,,,,,
model_item_influence_summary.csv,amazon-all-beauty,test,,,,,,,-0.00019645140721247746,6.0517054337721426e-05,52,,,,24,-6.455641526442308e-05,44.230769230769226,55.769230769230774,0.0,,,,,
model_item_influence_summary.csv,amazon-all-beauty,test,,,,,,,-7.336537043253581e-05,0.0002385924259821573,48,,,,25,7.681051890055339e-05,54.166666666666664,45.83333333333333,0.0,,,,,
model_item_influence_summary.csv,amazon-all-beauty,test,,,,,,,-6.872035087423122e-05,0.0001665226956631274,47,,,,26,5.364925303357713e-05,63.829787234042556,36.17021276595745,0.0,,,,,
model_item_influence_summary.csv,amazon-all-beauty,test,,,,,,,-4.680212153944858e-05,0.0001953524212504542,43,,,,27,8.006428563317587e-05,67.44186046511628,32.55813953488372,0.0,,,,,
model_item_influence_summary.csv,amazon-all-beauty,test,,,,,,,-8.372229498785896e-05,0.00014743547181825378,37,,,,28,3.139392749683277e-05,45.94594594594595,54.054054054054056,0.0,,,,,
model_item_influence_summary.csv,amazon-all-beauty,test,,,,,,,-3.984675687902114e-05,0.0004324450212366439,34,,,,29,0.0001700906192555147,58.82352941176471,41.17647058823529,0.0,,,,,
model_item_influence_summary.csv,amazon-all-beauty,test,,,,,,,-5.5115798424030175e-05,0.00024555304954791874,29,,,,30,0.00010293105552936422,65.51724137931035,34.48275862068966,0.0,,,,,
model_item_influence_summary.csv,amazon-all-beauty,test,,,,,,,-7.248911364325162e-05,0.00019048000204152069,29,,,,31,5.7417770911907325e-05,65.51724137931035,34.48275862068966,0.0,,,,,
model_item_influence_summary.csv,amazon-all-beauty,test,,,,,,,-3.775187901088169e-05,0.0001862491880144391,28,,,,32,7.779257638113839e-05,60.71428571428571,39.285714285714285,0.0,,,,,
model_item_influence_summary.csv,amazon-all-beauty,test,,,,,,,-7.956709180559431e-05,0.0001126766204833984,28,,,,33,1.4850071498325893e-05,64.28571428571429,35.714285714285715,0.0,,,,,
model_item_influence_summary.csv,amazon-all-beauty,test,,,,,,,-5.096537726266044e-05,0.000171053409576416,28,,,,34,6.205695016043527e-05,53.57142857142857,46.42857142857143,0.0,,,,,
model_item_influence_summary.csv,amazon-all-beauty,test,,,,,,,-0.0002019488293191661,3.210357997728425e-05,23,,,,35,-8.185013480808424e-05,34.78260869565217,60.86956521739131,4.3478260869565215,,,,,
model_item_influence_summary.csv,amazon-all-beauty,test,,,,,,,-0.00020687796852805399,-3.450350327925249e-05,22,,,,36,-0.00011860240589488636,31.818181818181817,68.18181818181817,0.0,,,,,
model_item_influence_summary.csv,amazon-all-beauty,test,,,,,,,-0.00013823509216308593,7.178657933285356e-05,19,,,,37,-3.864890650699013e-05,31.57894736842105,63.1578947368421,5.263157894736842,,,,,
model_item_influence_summary.csv,amazon-all-beauty,test,,,,,,,-0.00015070438385009766,0.00010178883870442675,18,,,,38,-3.0411614312065973e-05,38.88888888888889,61.111111111111114,0.0,,,,,
model_item_influence_summary.csv,amazon-all-beauty,test,,,,,,,-0.00014341473579406738,5.2711367607116585e-05,16,,,,39,-4.649162292480469e-05,37.5,62.5,0.0,,,,,
model_item_influence_summary.csv,amazon-all-beauty,test,,,,,,,-5.495071411132812e-05,0.00025737126668294266,15,,,,40,8.646647135416667e-05,60.0,40.0,0.0,,,,,
model_item_influence_summary.csv,amazon-all-beauty,test,,,,,,,-2.5053024291992187e-05,0.00029872894287109354,15,,,,41,0.00012715657552083334,66.66666666666666,33.33333333333333,0.0,,,,,
model_item_influence_summary.csv,amazon-all-beauty,test,,,,,,,-0.00010332663853963216,8.58386357625325e-05,12,,,,42,-1.5417734781901043e-05,33.33333333333333,66.66666666666666,0.0,,,,,
model_item_influence_summary.csv,amazon-all-beauty,test,,,,,,,-0.00013035933176676432,6.0399373372395836e-05,12,,,,43,-4.00543212890625e-05,41.66666666666667,50.0,8.333333333333332,,,,,
model_item_influence_summary.csv,amazon-all-beauty,test,,,,,,,-0.00011508464813232422,2.2252400716145835e-06,12,,,,44,-6.008148193359375e-05,16.666666666666664,75.0,8.333333333333332,,,,,
model_item_influence_summary.csv,amazon-all-beauty,test,,,,,,,-8.487701416015625e-05,9.061495463053377e-05,12,,,,45,-5.086263020833333e-06,41.66666666666667,58.333333333333336,0.0,,,,,
model_item_influence_summary.csv,amazon-all-beauty,test,,,,,,,-9.920994440714518e-05,7.725954055786126e-05,12,,,,46,-1.71661376953125e-05,25.0,75.0,0.0,,,,,
model_item_influence_summary.csv,amazon-all-beauty,test,,,,,,,-7.213679226962003e-05,8.065050298517389e-05,11,,,,47,-4.334883256392046e-06,27.27272727272727,72.72727272727273,0.0,,,,,
model_item_influence_summary.csv,amazon-all-beauty,test,,,,,,,-0.0001277923583984375,-2.63214111328125e-05,10,,,,48,-7.4005126953125e-05,10.0,90.0,0.0,,,,,
model_item_influence_summary.csv,amazon-all-beauty,test,,,,,,,-8.604791429307727e-05,-1.9492043389214438e-05,9,,,,49,-5.488925509982639e-05,11.11111111111111,88.88888888888889,0.0,,,,,
model_item_influence_summary.csv,amazon-all-beauty,test,,,,,,,-8.265177408854167e-05,7.037056816948778e-05,9,,,,50,-8.900960286458334e-06,44.44444444444444,55.55555555555556,0.0,,,,,
model_item_influence_summary.csv,amazon-all-beauty,test,,,,,,,-8.106231689453125e-05,5.725622177124004e-05,8,,,,51,-2.0265579223632812e-05,25.0,75.0,0.0,,,,,
model_item_influence_summary.csv,amazon-all-beauty,test,,,,,,,-5.054473876953125e-05,7.153749465942376e-05,8,,,,52,9.5367431640625e-07,37.5,62.5,0.0,,,,,
model_item_influence_summary.csv,amazon-all-beauty,test,,,,,,,-8.392333984375e-05,5.675554275512689e-05,8,,,,53,-1.811981201171875e-05,37.5,62.5,0.0,,,,,
model_item_influence_summary.csv,amazon-all-beauty,test,,,,,,,-3.4332275390625e-05,7.302420479910714e-05,7,,,,54,7.084437779017857e-06,28.57142857142857,57.14285714285714,14.285714285714285,,,,,
model_item_influence_summary.csv,amazon-all-beauty,test,,,,,,,-4.9591064453125e-05,-7.62939453125e-06,7,,,,55,-2.6157924107142856e-05,14.285714285714285,71.42857142857143,14.285714285714285,,,,,
model_item_influence_summary.csv,amazon-all-beauty,test,,,,,,,-5.287442888532366e-05,5.449567522321428e-07,7,,,,56,-2.7792794363839285e-05,14.285714285714285,85.71428571428571,0.0,,,,,
model_item_influence_summary.csv,amazon-all-beauty,test,,,,,,,-4.904610770089286e-05,8.0108642578125e-05,7,,,,57,9.264264787946428e-06,42.857142857142854,57.14285714285714,0.0,,,,,
model_item_influence_summary.csv,amazon-all-beauty,test,,,,,,,-3.215244838169643e-05,0.0001291819981166293,7,,,,58,4.57763671875e-05,71.42857142857143,28.57142857142857,0.0,,,,,
model_item_influence_summary.csv,amazon-all-beauty,test,,,,,,,-2.7338663736979168e-05,0.00010045369466145833,6,,,,59,2.4159749348958332e-05,50.0,50.0,0.0,,,,,
model_item_influence_summary.csv,amazon-all-beauty,test,,,,,,,-4.8955281575520836e-05,8.646647135416667e-05,6,,,,60,7.62939453125e-06,33.33333333333333,66.66666666666666,0.0,,,,,
model_item_influence_summary.csv,amazon-all-beauty,test,,,,,,,-2.544720967610677e-05,0.00011698404947916667,6,,,,61,2.6702880859375e-05,33.33333333333333,66.66666666666666,0.0,,,,,
model_item_influence_summary.csv,amazon-all-beauty,test,,,,,,,-3.1789143880208336e-05,9.601910909016919e-05,6,,,,62,1.9709269205729168e-05,33.33333333333333,66.66666666666666,0.0,,,,,
model_item_influence_summary.csv,amazon-all-beauty,test,,,,,,,-3.0517578125e-05,9.918212890625e-06,5,,,,63,-1.2969970703125e-05,20.0,60.0,20.0,,,,,
model_item_influence_summary.csv,amazon-all-beauty,test,,,,,,,-4.57763671875e-05,-1.220703125e-05,5,,,,64,-2.74658203125e-05,0.0,100.0,0.0,,,,,
model_item_influence_summary.csv,amazon-all-beauty,test,,,,,,,-4.1961669921875e-05,0.000130462646484375,5,,,,65,3.0517578125e-05,40.0,60.0,0.0,,,,,
model_item_influence_summary.csv,amazon-all-beauty,test,,,,,,,-4.863739013671875e-05,-1.1444091796875e-05,4,,,,66,-2.47955322265625e-05,0.0,100.0,0.0,,,,,
model_item_influence_summary.csv,amazon-all-beauty,test,,,,,,,-5.340576171875e-05,-1.239776611328125e-05,4,,,,67,-2.956390380859375e-05,0.0,100.0,0.0,,,,,
model_item_influence_summary.csv,amazon-all-beauty,test,,,,,,,-2.6702880859375e-05,1.52587890625e-05,3,,,,68,-8.900960286458334e-06,33.33333333333333,66.66666666666666,0.0,,,,,
model_item_influence_summary.csv,amazon-all-beauty,test,,,,,,,-4.9591064453125e-05,-1.9073486328125e-05,3,,,,69,-3.1789143880208336e-05,0.0,100.0,0.0,,,,,
model_item_influence_summary.csv,amazon-all-beauty,test,,,,,,,-2.6702880859375e-05,3.814697265625e-06,3,,,,70,-1.2715657552083334e-05,33.33333333333333,66.66666666666666,0.0,,,,,
model_item_influence_summary.csv,amazon-all-beauty,test,,,,,,,-3.0517578125e-05,1.1444091796875e-05,3,,,,71,-1.2715657552083334e-05,33.33333333333333,66.66666666666666,0.0,,,,,
model_item_influence_summary.csv,amazon-all-beauty,test,,,,,,,-1.1444091796875e-05,-3.814697265625e-06,2,,,,72,-7.62939453125e-06,0.0,100.0,0.0,,,,,
model_item_influence_summary.csv,amazon-all-beauty,test,,,,,,,-7.62939453125e-06,0.0,2,,,,73,-3.814697265625e-06,0.0,50.0,50.0,,,,,
model_item_influence_summary.csv,amazon-all-beauty,test,,,,,,,-1.52587890625e-05,0.0,2,,,,74,-7.62939453125e-06,0.0,50.0,50.0,,,,,
model_item_influence_summary.csv,amazon-all-beauty,test,,,,,,,-1.52587890625e-05,7.62939453125e-06,2,,,,75,-3.814697265625e-06,50.0,50.0,0.0,,,,,
model_item_influence_summary.csv,amazon-all-beauty,test,,,,,,,-2.6702880859375e-05,-1.52587890625e-05,2,,,,76,-2.09808349609375e-05,0.0,100.0,0.0,,,,,
model_item_influence_summary.csv,amazon-all-beauty,test,,,,,,,-1.1444091796875e-05,-1.1444091796875e-05,2,,,,77,-1.1444091796875e-05,0.0,100.0,0.0,,,,,
model_item_influence_summary.csv,amazon-all-beauty,test,,,,,,,-1.52587890625e-05,3.814697265625e-06,2,,,,78,-5.7220458984375e-06,50.0,50.0,0.0,,,,,
model_item_influence_summary.csv,amazon-all-beauty,test,,,,,,,-1.1444091796875e-05,-3.814697265625e-06,2,,,,79,-7.62939453125e-06,0.0,100.0,0.0,,,,,
model_item_influence_summary.csv,amazon-all-beauty,test,,,,,,,-1.9073486328125e-05,-1.52587890625e-05,2,,,,80,-1.71661376953125e-05,0.0,100.0,0.0,,,,,
model_item_influence_summary.csv,amazon-all-beauty,test,,,,,,,-1.1444091796875e-05,3.814697265625e-06,2,,,,81,-3.814697265625e-06,50.0,50.0,0.0,,,,,
model_item_influence_summary.csv,amazon-all-beauty,test,,,,,,,-1.9073486328125e-05,-1.52587890625e-05,2,,,,82,-1.71661376953125e-05,0.0,100.0,0.0,,,,,
model_item_influence_summary.csv,amazon-all-beauty,test,,,,,,,-1.52587890625e-05,-7.62939453125e-06,2,,,,83,-1.1444091796875e-05,0.0,100.0,0.0,,,,,
model_item_influence_summary.csv,amazon-all-beauty,test,,,,,,,-7.62939453125e-06,2.288818359375e-05,2,,,,84,7.62939453125e-06,50.0,50.0,0.0,,,,,
model_item_influence_summary.csv,amazon-all-beauty,test,,,,,,,-1.1444091796875e-05,0.0,2,,,,85,-5.7220458984375e-06,0.0,50.0,50.0,,,,,
model_item_influence_summary.csv,amazon-all-beauty,test,,,,,,,-3.0517578125e-05,-1.1444091796875e-05,2,,,,86,-2.09808349609375e-05,0.0,100.0,0.0,,,,,
model_item_influence_summary.csv,amazon-all-beauty,test,,,,,,,-7.62939453125e-06,-3.814697265625e-06,2,,,,87,-5.7220458984375e-06,0.0,100.0,0.0,,,,,
model_item_influence_summary.csv,amazon-all-beauty,test,,,,,,,-1.9073486328125e-05,-7.62939453125e-06,2,,,,88,-1.33514404296875e-05,0.0,100.0,0.0,,,,,
model_item_influence_summary.csv,amazon-all-beauty,test,,,,,,,-3.814697265625e-06,0.0,2,,,,89,-1.9073486328125e-06,0.0,50.0,50.0,,,,,
model_item_influence_summary.csv,amazon-all-beauty,test,,,,,,,-1.1444091796875e-05,-3.814697265625e-06,2,,,,90,-7.62939453125e-06,0.0,100.0,0.0,,,,,
model_item_influence_summary.csv,amazon-all-beauty,test,,,,,,,-1.52587890625e-05,-1.1444091796875e-05,2,,,,91,-1.33514404296875e-05,0.0,100.0,0.0,,,,,
model_item_influence_summary.csv,amazon-all-beauty,test,,,,,,,-2.6702880859375e-05,-7.62939453125e-06,2,,,,92,-1.71661376953125e-05,0.0,100.0,0.0,,,,,
model_item_influence_summary.csv,amazon-all-beauty,test,,,,,,,-1.1444091796875e-05,-7.62939453125e-06,2,,,,93,-9.5367431640625e-06,0.0,100.0,0.0,,,,,
model_item_influence_summary.csv,amazon-all-beauty,test,,,,,,,-1.1444091796875e-05,-3.814697265625e-06,2,,,,94,-7.62939453125e-06,0.0,100.0,0.0,,,,,
model_item_influence_summary.csv,amazon-all-beauty,test,,,,,,,-1.52587890625e-05,-3.814697265625e-06,2,,,,95,-9.5367431640625e-06,0.0,100.0,0.0,,,,,
model_item_influence_summary.csv,amazon-all-beauty,test,,,,,,,nan,nan,1,,,,96,-3.814697265625e-06,0.0,100.0,0.0,,,,,
model_item_influence_summary.csv,amazon-all-beauty,test,,,,,,,nan,nan,1,,,,97,-1.1444091796875e-05,0.0,100.0,0.0,,,,,
model_item_influence_summary.csv,amazon-all-beauty,test,,,,,,,nan,nan,1,,,,98,-3.814697265625e-06,0.0,100.0,0.0,,,,,
model_item_influence_summary.csv,amazon-all-beauty,test,,,,,,,nan,nan,1,,,,99,-7.62939453125e-06,0.0,100.0,0.0,,,,,
model_item_influence_summary.csv,amazon-all-beauty,test,,,,,,,nan,nan,1,,,,100,-1.1444091796875e-05,0.0,100.0,0.0,,,,,
model_item_influence_summary.csv,amazon:Baby_Products,test,,,,,,,-0.019258007868751884,-0.00583693859670312,2000,,,,1,-0.012374991152435542,50.24999999999999,49.75,0.0,,,,,
model_item_influence_summary.csv,amazon:Baby_Products,test,,,,,,,-0.007520664292480796,0.0022333145529497378,2000,,,,2,-0.002488616585731506,60.099999999999994,39.900000000000006,0.0,,,,,
model_item_influence_summary.csv,amazon:Baby_Products,test,,,,,,,-0.00243774989907493,0.006926176695985124,1988,,,,3,0.002383589693972882,60.66398390342053,39.33601609657948,0.0,,,,,
model_item_influence_summary.csv,amazon:Baby_Products,test,,,,,,,0.002763758200436973,0.013338948829697432,1891,,,,4,0.008143968208402883,63.03543098889477,36.96456901110523,0.0,,,,,
model_item_influence_summary.csv,amazon:Baby_Products,test,,,,,,,0.012108855835044008,0.02953126413044755,1317,,,,5,0.02051613668238655,63.32574031890661,36.674259681093396,0.0,,,,,
model_item_influence_summary.csv,amazon:Baby_Products,test,,,,,,,0.002652564676361586,0.014179854527986669,924,,,,6,0.008471399880300611,63.74458874458875,36.25541125541126,0.0,,,,,
model_item_influence_summary.csv,amazon:Baby_Products,test,,,,,,,0.002200009749854848,0.01700434509591625,713,,,,7,0.009713438547217661,63.67461430575035,36.325385694249654,0.0,,,,,
model_item_influence_summary.csv,amazon:Baby_Products,test,,,,,,,-0.006292737100155875,0.008169168156462814,539,,,,8,0.0012669027791615984,62.89424860853432,37.105751391465674,0.0,,,,,
model_item_influence_summary.csv,amazon:Baby_Products,test,,,,,,,-0.0003907699232345902,0.013395562454680418,434,,,,9,0.006711484615429206,63.594470046082954,36.405529953917046,0.0,,,,,
model_item_influence_summary.csv,amazon:Baby_Products,test,,,,,,,-0.0035743173823258798,0.009590353137363417,329,,,,10,0.003199310016487145,65.95744680851064,34.04255319148936,0.0,,,,,
model_item_influence_summary.csv,amazon:Baby_Products,test,,,,,,,-0.000718512874023587,0.019590341869522538,255,,,,11,0.008099651570413627,59.6078431372549,40.3921568627451,0.0,,,,,
model_item_influence_summary.csv,amazon:Baby_Products,test,,,,,,,-0.0008345656930955487,0.024753552200782358,201,,,,12,0.010695770605286556,54.72636815920397,45.27363184079602,0.0,,,,,
model_item_influence_summary.csv,amazon:Baby_Products,test,,,,,,,-0.006242658949397892,0.04465723659391,173,,,,13,0.014600768900675581,61.27167630057804,38.72832369942196,0.0,,,,,
model_item_influence_summary.csv,amazon:Baby_Products,test,,,,,,,-0.006372812168823706,0.015780157940713923,148,,,,14,0.0035783739106075184,58.78378378378378,41.21621621621622,0.0,,,,,
model_item_influence_summary.csv,amazon:Baby_Products,test,,,,,,,0.0015159148693554044,0.04303760816027796,127,,,,15,0.01695953215670398,60.629921259842526,39.37007874015748,0.0,,,,,
model_item_influence_summary.csv,amazon:Baby_Products,test,,,,,,,-0.004313020114231547,0.008689119967572184,109,,,,16,0.0022198503170538387,57.798165137614674,42.201834862385326,0.0,,,,,
model_item_influence_summary.csv,amazon:Baby_Products,test,,,,,,,-0.0048899569883942605,0.006887523077428338,100,,,,17,0.0013119593262672425,61.0,39.0,0.0,,,,,
model_item_influence_summary.csv,amazon:Baby_Products,test,,,,,,,-0.010162164031089037,0.003233306418205129,87,,,,18,-0.0027576943581131682,54.02298850574713,45.97701149425287,0.0,,,,,
model_item_influence_summary.csv,amazon:Baby_Products,test,,,,,,,-0.0006239440196599715,0.014715879047528274,78,,,,19,0.005569715625964678,60.256410256410255,39.743589743589745,0.0,,,,,
model_item_influence_summary.csv,amazon:Baby_Products,test,,,,,,,-0.005862030402665407,0.00808921305226608,71,,,,20,0.0013169178240735767,53.52112676056338,46.478873239436616,0.0,,,,,
model_item_influence_summary.csv,amazon:Baby_Products,test,,,,,,,-0.004419938788291008,0.03960159389036039,63,,,,21,0.012792989611625671,58.730158730158735,41.269841269841265,0.0,,,,,
model_item_influence_summary.csv,amazon:Baby_Products,test,,,,,,,-0.002759656194469024,0.02539481580385872,58,,,,22,0.008110508579632332,60.3448275862069,39.6551724137931,0.0,,,,,
model_item_influence_summary.csv,amazon:Baby_Products,test,,,,,,,-0.009102147022405496,0.0007807051189816904,52,,,,23,-0.0037658380774351265,50.0,50.0,0.0,,,,,
model_item_influence_summary.csv,amazon:Baby_Products,test,,,,,,,0.0012356566151185912,0.007819257737422472,49,,,,24,0.004386718479954466,61.224489795918366,38.775510204081634,0.0,,,,,
model_item_influence_summary.csv,amazon:Baby_Products,test,,,,,,,-0.00579851320521398,0.004139463230967521,44,,,,25,-0.000721672380512411,54.54545454545454,45.45454545454545,0.0,,,,,
model_item_influence_summary.csv,amazon:Baby_Products,test,,,,,,,-0.0012390538363864546,0.010483596052386258,38,,,,26,0.0036864386577355234,52.63157894736842,47.368421052631575,0.0,,,,,
model_item_influence_summary.csv,amazon:Baby_Products,test,,,,,,,1.6009265726263028e-06,0.006587598517988666,33,,,,27,0.0028742177016807327,57.57575757575758,42.42424242424242,0.0,,,,,
model_item_influence_summary.csv,amazon:Baby_Products,test,,,,,,,0.0010511293774470686,0.008586542343255127,32,,,,28,0.004785774741321802,81.25,18.75,0.0,,,,,
model_item_influence_summary.csv,amazon:Baby_Products,test,,,,,,,0.0010677040022398744,0.013103624247014518,28,,,,29,0.0065961772842066625,64.28571428571429,35.714285714285715,0.0,,,,,
model_item_influence_summary.csv,amazon:Baby_Products,test,,,,,,,-0.005277160239907411,0.003033365352222552,26,,,,30,-0.0007920018755472624,57.692307692307686,42.30769230769231,0.0,,,,,
model_item_influence_summary.csv,amazon:Baby_Products,test,,,,,,,0.0008208799247558301,0.010538843145164158,26,,,,31,0.005252220882819249,73.07692307692307,26.923076923076923,0.0,,,,,
model_item_influence_summary.csv,amazon:Baby_Products,test,,,,,,,-0.001036064497505625,0.012486592524995406,24,,,,32,0.00516391359269619,79.16666666666666,20.833333333333336,0.0,,,,,
model_item_influence_summary.csv,amazon:Baby_Products,test,,,,,,,-0.003263646756347857,0.0064543183892965305,19,,,,33,0.0013612516616520129,52.63157894736842,47.368421052631575,0.0,,,,,
model_item_influence_summary.csv,amazon:Baby_Products,test,,,,,,,-0.035848340288632444,0.0015184322165118314,18,,,,34,-0.012339016629589928,55.55555555555556,44.44444444444444,0.0,,,,,
model_item_influence_summary.csv,amazon:Baby_Products,test,,,,,,,-0.0049893987054626145,0.010398494700590764,18,,,,35,0.0021511970294846427,61.111111111111114,38.88888888888889,0.0,,,,,
model_item_influence_summary.csv,amazon:Baby_Products,test,,,,,,,-0.0013168153585866095,0.0038198482245206827,16,,,,36,0.0010166419669985771,50.0,50.0,0.0,,,,,
model_item_influence_summary.csv,amazon:Baby_Products,test,,,,,,,-0.0016179891675710677,0.0026481293638547254,15,,,,37,0.0004139771064122518,60.0,40.0,0.0,,,,,
model_item_influence_summary.csv,amazon:Baby_Products,test,,,,,,,-0.0019976452738046644,0.015516360948483139,15,,,,38,0.006693982084592183,86.66666666666667,13.333333333333334,0.0,,,,,
model_item_influence_summary.csv,amazon:Baby_Products,test,,,,,,,-0.023971795241038006,0.004469161654512085,15,,,,39,-0.0065261135498682656,46.666666666666664,53.333333333333336,0.0,,,,,
model_item_influence_summary.csv,amazon:Baby_Products,test,,,,,,,-0.0015053773671388625,0.006454711258411406,15,,,,40,0.001934334635734558,60.0,40.0,0.0,,,,,
model_item_influence_summary.csv,amazon:Baby_Products,test,,,,,,,-0.0028891033892120633,0.0024956569607768706,14,,,,41,-3.460794687271118e-05,57.14285714285714,42.857142857142854,0.0,,,,,
model_item_influence_summary.csv,amazon:Baby_Products,test,,,,,,,-0.003757147890116487,0.010117101562874653,14,,,,42,0.0021304860711097717,64.28571428571429,35.714285714285715,0.0,,,,,
model_item_influence_summary.csv,amazon:Baby_Products,test,,,,,,,-0.0007799948255221049,0.00571117103099823,12,,,,43,0.002399430920680364,58.333333333333336,41.66666666666667,0.0,,,,,
model_item_influence_summary.csv,amazon:Baby_Products,test,,,,,,,-0.008592083149900039,0.0025105421741803474,12,,,,44,-0.0018039805193742116,83.33333333333334,16.666666666666664,0.0,,,,,
model_item_influence_summary.csv,amazon:Baby_Products,test,,,,,,,-0.0009440094232559204,0.0032786713405088944,11,,,,45,0.0009562901475212791,45.45454545454545,54.54545454545454,0.0,,,,,
model_item_influence_summary.csv,amazon:Baby_Products,test,,,,,,,-0.0019477339969439938,0.009292427281087081,11,,,,46,0.00270790539004586,54.54545454545454,45.45454545454545,0.0,,,,,
model_item_influence_summary.csv,amazon:Baby_Products,test,,,,,,,-0.0007838287475434217,0.009141148423606695,11,,,,47,0.003653766079382463,63.63636363636363,36.36363636363637,0.0,,,,,
model_item_influence_summary.csv,amazon:Baby_Products,test,,,,,,,0.0005760480734434994,0.018653708222237494,11,,,,48,0.007545782761140304,63.63636363636363,36.36363636363637,0.0,,,,,
model_item_influence_summary.csv,amazon:Baby_Products,test,,,,,,,-0.06635867872021414,0.005024133216251026,11,,,,49,-0.0208322134884921,45.45454545454545,54.54545454545454,0.0,,,,,
model_item_influence_summary.csv,amazon:Baby_Products,test,,,,,,,-7.736556231975555e-05,0.009768109917640674,10,,,,50,0.004061423242092133,70.0,30.0,0.0,,,,,
model_item_influence_summary.csv,amazon:Baby_Products,test,,,,,,,-0.004676741808652877,0.0050295156985521216,10,,,,51,-0.0001115649938583374,50.0,50.0,0.0,,,,,
model_item_influence_summary.csv,amazon:Baby_Products,test,,,,,,,-0.0017770713567733765,0.015746802613139137,10,,,,52,0.005613632500171661,50.0,50.0,0.0,,,,,
model_item_influence_summary.csv,amazon:Baby_Products,test,,,,,,,-0.0010730034361282983,0.014238704906569578,9,,,,53,0.00543674992190467,55.55555555555556,44.44444444444444,0.0,,,,,
model_item_influence_summary.csv,amazon:Baby_Products,test,,,,,,,-0.008532164352280753,-0.00039832544113908646,7,,,,54,-0.0037588540996823993,14.285714285714285,85.71428571428571,0.0,,,,,
model_item_influence_summary.csv,amazon:Baby_Products,test,,,,,,,-0.004913162120750972,0.00040433193956102595,7,,,,55,-0.0016898385116032191,28.57142857142857,71.42857142857143,0.0,,,,,
model_item_influence_summary.csv,amazon:Baby_Products,test,,,,,,,-0.0017999071095670973,-6.10263219901495e-05,7,,,,56,-0.0008857973984309605,28.57142857142857,71.42857142857143,0.0,,,,,
model_item_influence_summary.csv,amazon:Baby_Products,test,,,,,,,-0.0042984838996614734,-0.00038498214312962124,7,,,,57,-0.001988670655659267,0.0,100.0,0.0,,,,,
model_item_influence_summary.csv,amazon:Baby_Products,test,,,,,,,-0.00206969678401947,0.0008485197488750678,7,,,,58,-0.0006229898759296962,42.857142857142854,57.14285714285714,0.0,,,,,
model_item_influence_summary.csv,amazon:Baby_Products,test,,,,,,,-0.001061552337237767,0.00019570887088775626,7,,,,59,-0.00037620110171181817,57.14285714285714,42.857142857142854,0.0,,,,,
model_item_influence_summary.csv,amazon:Baby_Products,test,,,,,,,-0.0048602670431137085,0.0002792588302067346,7,,,,60,-0.0019838809967041016,42.857142857142854,57.14285714285714,0.0,,,,,
model_item_influence_summary.csv,amazon:Baby_Products,test,,,,,,,-0.002026881490434919,0.00031722315720149444,7,,,,61,-0.000639796257019043,28.57142857142857,71.42857142857143,0.0,,,,,
model_item_influence_summary.csv,amazon:Baby_Products,test,,,,,,,-0.00206331339265619,-0.000195991833295141,7,,,,62,-0.0010308091129575456,42.857142857142854,57.14285714285714,0.0,,,,,
model_item_influence_summary.csv,amazon:Baby_Products,test,,,,,,,-0.002619404877935137,0.0003542900085449219,7,,,,63,-0.0009151548147201538,42.857142857142854,57.14285714285714,0.0,,,,,
model_item_influence_summary.csv,amazon:Baby_Products,test,,,,,,,-0.002319636515208653,0.0021322182246616903,7,,,,64,-8.560717105865479e-05,57.14285714285714,42.857142857142854,0.0,,,,,
model_item_influence_summary.csv,amazon:Baby_Products,test,,,,,,,-0.0014602009739194597,0.00022872899259839699,7,,,,65,-0.0005705931356975011,28.57142857142857,71.42857142857143,0.0,,,,,
model_item_influence_summary.csv,amazon:Baby_Products,test,,,,,,,-0.002399034585271563,0.0010154079113687785,7,,,,66,-0.0006828606128692627,42.857142857142854,57.14285714285714,0.0,,,,,
model_item_influence_summary.csv,amazon:Baby_Products,test,,,,,,,-0.00013602028290430704,0.07655080159505208,6,,,,67,0.026593166093031567,66.66666666666666,33.33333333333333,0.0,,,,,
model_item_influence_summary.csv,amazon:Baby_Products,test,,,,,,,-0.001011437177658081,0.0034931331872940065,5,,,,68,0.0007353931665420532,40.0,60.0,0.0,,,,,
model_item_influence_summary.csv,amazon:Baby_Products,test,,,,,,,6.54458999633789e-05,0.0011044293642044067,5,,,,69,0.0005923360586166382,80.0,20.0,0.0,,,,,
model_item_influence_summary.csv,amazon:Baby_Products,test,,,,,,,-0.00022849440574645996,0.0004243515431880951,4,,,,70,5.2947551012039185e-05,25.0,75.0,0.0,,,,,
model_item_influence_summary.csv,amazon:Baby_Products,test,,,,,,,-0.0015875250101089478,8.207559585571289e-05,4,,,,71,-0.0005512386560440063,50.0,50.0,0.0,,,,,
model_item_influence_summary.csv,amazon:Baby_Products,test,,,,,,,-7.906556129455566e-05,0.0003129802644252777,4,,,,72,7.157400250434875e-05,50.0,50.0,0.0,,,,,
model_item_influence_summary.csv,amazon:Baby_Products,test,,,,,,,-1.4543533325195312e-05,7.259845733642578e-05,3,,,,73,2.396106719970703e-05,66.66666666666666,33.33333333333333,0.0,,,,,
model_item_influence_summary.csv,amazon:Baby_Products,test,,,,,,,-0.00011467933654785156,0.00045669078826904297,3,,,,74,9.810924530029297e-05,33.33333333333333,66.66666666666666,0.0,,,,,
model_item_influence_summary.csv,amazon:Baby_Products,test,,,,,,,-0.0003260374069213867,-5.984306335449219e-05,3,,,,75,-0.00015827020009358725,0.0,100.0,0.0,,,,,
model_item_influence_summary.csv,amazon:Baby_Products,test,,,,,,,-1.6450881958007812e-05,5.0067901611328125e-05,3,,,,76,2.3563702901204426e-05,66.66666666666666,33.33333333333333,0.0,,,,,
model_item_influence_summary.csv,amazon:Baby_Products,test,,,,,,,-7.724761962890625e-05,4.029273986816406e-05,3,,,,77,-2.5908152262369793e-05,33.33333333333333,66.66666666666666,0.0,,,,,
model_item_influence_summary.csv,amazon:Baby_Products,test,,,,,,,-7.867813110351562e-05,0.0006422996520996094,3,,,,78,0.0001835028330485026,33.33333333333333,66.66666666666666,0.0,,,,,
model_item_influence_summary.csv,amazon:Baby_Products,test,,,,,,,1.1205673217773438e-05,6.210803985595703e-05,3,,,,79,3.250439961751302e-05,100.0,0.0,0.0,,,,,
model_item_influence_summary.csv,amazon:Baby_Products,test,,,,,,,-0.0001277923583984375,3.635883331298828e-05,3,,,,80,-3.7948290506998696e-05,33.33333333333333,66.66666666666666,0.0,,,,,
model_item_influence_summary.csv,amazon:Baby_Products,test,,,,,,,-1.52587890625e-05,0.0006726980209350586,3,,,,81,0.00024179617563883463,66.66666666666666,33.33333333333333,0.0,,,,,
model_item_influence_summary.csv,amazon:Baby_Products,test,,,,,,,-0.00010371208190917969,1.4543533325195312e-05,3,,,,82,-3.3179918924967446e-05,33.33333333333333,66.66666666666666,0.0,,,,,
model_item_influence_summary.csv,amazon:Baby_Products,test,,,,,,,-0.000899195671081543,-8.559226989746094e-05,3,,,,83,-0.0003580649693806966,0.0,100.0,0.0,,,,,
model_item_influence_summary.csv,amazon:Baby_Products,test,,,,,,,-0.00015997886657714844,8.881092071533203e-05,3,,,,84,-6.433327992757161e-05,33.33333333333333,66.66666666666666,0.0,,,,,
model_item_influence_summary.csv,amazon:Baby_Products,test,,,,,,,-0.0001245737075805664,-2.181529998779297e-05,3,,,,85,-7.891654968261719e-05,0.0,100.0,0.0,,,,,
model_item_influence_summary.csv,amazon:Baby_Products,test,,,,,,,-9.608268737792969e-05,6.318092346191406e-06,3,,,,86,-3.409385681152344e-05,33.33333333333333,66.66666666666666,0.0,,,,,
model_item_influence_summary.csv,amazon:Baby_Products,test,,,,,,,-0.00011992454528808594,5.91278076171875e-05,3,,,,87,-4.665056864420573e-05,33.33333333333333,66.66666666666666,0.0,,,,,
model_item_influence_summary.csv,amazon:Baby_Products,test,,,,,,,-2.86102294921875e-06,0.00010085105895996094,3,,,,88,5.237261454264323e-05,66.66666666666666,33.33333333333333,0.0,,,,,
model_item_influence_summary.csv,amazon:Baby_Products,test,,,,,,,-9.632110595703125e-05,0.0008345842361450195,3,,,,89,0.00023976961771647135,33.33333333333333,66.66666666666666,0.0,,,,,
model_item_influence_summary.csv,amazon:Baby_Products,test,,,,,,,-0.0008373260498046875,-2.7418136596679688e-06,3,,,,90,-0.0002955198287963867,0.0,100.0,0.0,,,,,
model_item_influence_summary.csv,amazon:Baby_Products,test,,,,,,,-7.998943328857422e-05,5.0067901611328125e-06,3,,,,91,-2.49942143758138e-05,33.33333333333333,33.33333333333333,33.33333333333333,,,,,
model_item_influence_summary.csv,amazon:Baby_Products,test,,,,,,,-8.487701416015625e-05,9.059906005859375e-05,3,,,,92,-6.357828776041666e-07,33.33333333333333,66.66666666666666,0.0,,,,,
model_item_influence_summary.csv,amazon:Baby_Products,test,,,,,,,-2.0742416381835938e-05,2.7179718017578125e-05,3,,,,93,7.5499216715494794e-06,66.66666666666666,33.33333333333333,0.0,,,,,
model_item_influence_summary.csv,amazon:Baby_Products,test,,,,,,,-9.989738464355469e-05,3.039836883544922e-05,3,,,,94,-3.055731455485026e-05,33.33333333333333,66.66666666666666,0.0,,,,,
model_item_influence_summary.csv,amazon:Baby_Products,test,,,,,,,-0.00014281272888183594,-7.62939453125e-06,3,,,,95,-8.308887481689453e-05,0.0,100.0,0.0,,,,,
model_item_influence_summary.csv,amazon:Baby_Products,test,,,,,,,2.0265579223632812e-06,0.0001556873321533203,3,,,,96,6.659825642903645e-05,100.0,0.0,0.0,,,,,
model_item_influence_summary.csv,amazon:Baby_Products,test,,,,,,,-8.463859558105469e-05,0.0005040168762207031,3,,,,97,0.00013367335001627603,33.33333333333333,66.66666666666666,0.0,,,,,
model_item_influence_summary.csv,amazon:Baby_Products,test,,,,,,,-5.125999450683594e-06,2.5272369384765625e-05,3,,,,98,7.351239522298177e-06,66.66666666666666,33.33333333333333,0.0,,,,,
model_item_influence_summary.csv,amazon:Baby_Products,test,,,,,,,-0.00012636184692382812,-2.86102294921875e-06,3,,,,99,-5.173683166503906e-05,0.0,100.0,0.0,,,,,
model_item_influence_summary.csv,amazon:Baby_Products,test,,,,,,,2.1457672119140625e-06,0.0003147125244140625,3,,,,100,0.00013208389282226562,100.0,0.0,0.0,,,,,
model_item_influence_summary.csv,amazon-sports-and-outdoors,test,,,,,,,-0.01882372382921167,-0.003382854120014241,2000,,,,1,-0.01138514867797494,48.15,51.849999999999994,0.0,,,,,
model_item_influence_summary.csv,amazon-sports-and-outdoors,test,,,,,,,-0.0008704442859627305,0.010809230941766869,2000,,,,2,0.005057920152321458,56.3,43.7,0.0,,,,,
model_item_influence_summary.csv,amazon-sports-and-outdoors,test,,,,,,,0.01239696714652842,0.026519968944438036,1946,,,,3,0.019279340479258767,57.348406988694755,42.65159301130524,0.0,,,,,
model_item_influence_summary.csv,amazon-sports-and-outdoors,test,,,,,,,0.013418036415994853,0.029298538874907337,1694,,,,4,0.02141478756682369,58.32349468713105,41.67650531286895,0.0,,,,,
model_item_influence_summary.csv,amazon-sports-and-outdoors,test,,,,,,,0.02755291856321417,0.05026365709323626,1168,,,,5,0.03828478084673008,59.160958904109584,40.83904109589041,0.0,,,,,
model_item_influence_summary.csv,amazon-sports-and-outdoors,test,,,,,,,0.016820650244026337,0.031051716857581936,831,,,,6,0.023779802988188076,62.214199759326114,37.785800240673886,0.0,,,,,
model_item_influence_summary.csv,amazon-sports-and-outdoors,test,,,,,,,0.018350932773947715,0.047201647518575175,625,,,,7,0.03125087704062462,58.4,41.6,0.0,,,,,
model_item_influence_summary.csv,amazon-sports-and-outdoors,test,,,,,,,0.0025719516762939872,0.01717606841785396,473,,,,8,0.010089038479403765,57.928118393234676,42.071881606765324,0.0,,,,,
model_item_influence_summary.csv,amazon-sports-and-outdoors,test,,,,,,,0.0023515510585481727,0.0254918301106477,381,,,,9,0.012935889733275717,56.95538057742782,43.044619422572175,0.0,,,,,
model_item_influence_summary.csv,amazon-sports-and-outdoors,test,,,,,,,0.0036205704869895143,0.021231635256574073,290,,,,10,0.011933995988862267,60.3448275862069,39.6551724137931,0.0,,,,,
model_item_influence_summary.csv,amazon-sports-and-outdoors,test,,,,,,,0.009784890340456555,0.022934726253151887,222,,,,11,0.01634816624022819,60.810810810810814,39.189189189189186,0.0,,,,,
model_item_influence_summary.csv,amazon-sports-and-outdoors,test,,,,,,,-0.004599319516570978,0.010908307677875925,186,,,,12,0.003094603057189654,50.53763440860215,49.46236559139785,0.0,,,,,
model_item_influence_summary.csv,amazon-sports-and-outdoors,test,,,,,,,-0.002113691886337713,0.025777464379102753,156,,,,13,0.010018106382817794,56.41025641025641,43.58974358974359,0.0,,,,,
model_item_influence_summary.csv,amazon-sports-and-outdoors,test,,,,,,,0.004738055768494423,0.020243723091597738,130,,,,14,0.011821785454566662,63.84615384615384,36.15384615384615,0.0,,,,,
model_item_influence_summary.csv,amazon-sports-and-outdoors,test,,,,,,,0.002807951798396451,0.014359534982525339,112,,,,15,0.00850024732894131,56.25,43.75,0.0,,,,,
model_item_influence_summary.csv,amazon-sports-and-outdoors,test,,,,,,,-0.002815554367820012,0.013594709409727262,97,,,,16,0.005263795711330532,62.88659793814433,37.11340206185567,0.0,,,,,
model_item_influence_summary.csv,amazon-sports-and-outdoors,test,,,,,,,0.001955290942127446,0.020165393371359405,83,,,,17,0.01072821721255061,62.65060240963856,37.34939759036144,0.0,,,,,
model_item_influence_summary.csv,amazon-sports-and-outdoors,test,,,,,,,-0.00026228694596152377,0.012811468439041704,69,,,,18,0.006092640584793644,65.21739130434783,34.78260869565217,0.0,,,,,
model_item_influence_summary.csv,amazon-sports-and-outdoors,test,,,,,,,-0.006180916860943935,0.011074373810017694,61,,,,19,0.002230425350001601,55.73770491803278,44.26229508196721,0.0,,,,,
model_item_influence_summary.csv,amazon-sports-and-outdoors,test,,,,,,,-0.0022136361409838385,0.0091351518407464,52,,,,20,0.0038552886018386255,57.692307692307686,42.30769230769231,0.0,,,,,
model_item_influence_summary.csv,amazon-sports-and-outdoors,test,,,,,,,-0.010552770352881888,0.006821933307725444,46,,,,21,-0.0015377175548802252,50.0,50.0,0.0,,,,,
model_item_influence_summary.csv,amazon-sports-and-outdoors,test,,,,,,,-0.010014976943150546,0.00752626174153425,39,,,,22,-0.0016461007105998504,46.15384615384615,53.84615384615385,0.0,,,,,
model_item_influence_summary.csv,amazon-sports-and-outdoors,test,,,,,,,-0.004413372872246278,0.01403955419522685,37,,,,23,0.005047948577919522,56.75675675675676,43.24324324324324,0.0,,,,,
model_item_influence_summary.csv,amazon-sports-and-outdoors,test,,,,,,,-0.013569830199985793,0.009041648403261642,33,,,,24,-0.0003414280486829353,54.54545454545454,45.45454545454545,0.0,,,,,
model_item_influence_summary.csv,amazon-sports-and-outdoors,test,,,,,,,-0.006991416563590367,0.006500290582577386,30,,,,25,0.00032300551732381184,46.666666666666664,53.333333333333336,0.0,,,,,
model_item_influence_summary.csv,amazon-sports-and-outdoors,test,,,,,,,-0.0008671185718132899,0.01861703713925984,26,,,,26,0.008272725802201491,61.53846153846154,38.46153846153847,0.0,,,,,
model_item_influence_summary.csv,amazon-sports-and-outdoors,test,,,,,,,-0.005316848858543065,0.01670950979966184,23,,,,27,0.005233979095583377,52.17391304347826,47.82608695652174,0.0,,,,,
model_item_influence_summary.csv,amazon-sports-and-outdoors,test,,,,,,,-0.004469052844104313,0.005730589017981573,21,,,,28,0.0007526973883310953,52.38095238095239,47.61904761904761,0.0,,,,,
model_item_influence_summary.csv,amazon-sports-and-outdoors,test,,,,,,,-0.011615616357640217,0.011696957561530563,19,,,,29,0.0005039086467341372,52.63157894736842,47.368421052631575,0.0,,,,,
model_item_influence_summary.csv,amazon-sports-and-outdoors,test,,,,,,,-0.009371128305792807,0.0074382171448734045,18,,,,30,-0.0006525698635313246,55.55555555555556,44.44444444444444,0.0,,,,,
model_item_influence_summary.csv,amazon-sports-and-outdoors,test,,,,,,,0.0020271965199046664,0.018262567039993072,18,,,,31,0.00962076915635003,61.111111111111114,38.88888888888889,0.0,,,,,
model_item_influence_summary.csv,amazon-sports-and-outdoors,test,,,,,,,-0.0008905325333277384,0.02535700023174286,15,,,,32,0.010972686608632405,60.0,40.0,0.0,,,,,
model_item_influence_summary.csv,amazon-sports-and-outdoors,test,,,,,,,-0.0020402703966413225,0.040714366308280375,14,,,,33,0.01313658697264535,64.28571428571429,35.714285714285715,0.0,,,,,
model_item_influence_summary.csv,amazon-sports-and-outdoors,test,,,,,,,-0.0017101789062673395,0.007764322649348865,11,,,,34,0.0027179392901333895,54.54545454545454,45.45454545454545,0.0,,,,,
model_item_influence_summary.csv,amazon-sports-and-outdoors,test,,,,,,,-0.004157199101014571,0.004982114921916614,11,,,,35,0.00010427561673251066,45.45454545454545,54.54545454545454,0.0,,,,,
model_item_influence_summary.csv,amazon-sports-and-outdoors,test,,,,,,,-0.0006993108175017617,0.005792241611263961,11,,,,36,0.002306596799330278,54.54545454545454,45.45454545454545,0.0,,,,,
model_item_influence_summary.csv,amazon-sports-and-outdoors,test,,,,,,,-0.0025728315114974974,0.005409496480768377,11,,,,37,0.0010292313315651634,54.54545454545454,45.45454545454545,0.0,,,,,
model_item_influence_summary.csv,amazon-sports-and-outdoors,test,,,,,,,-0.007308933409777554,0.009304941784251819,11,,,,38,0.001545494252985174,72.72727272727273,27.27272727272727,0.0,,,,,
model_item_influence_summary.csv,amazon-sports-and-outdoors,test,,,,,,,0.004153582995588129,0.017557527395811946,11,,,,39,0.009706318378448486,90.9090909090909,9.090909090909092,0.0,,,,,
model_item_influence_summary.csv,amazon-sports-and-outdoors,test,,,,,,,-0.004149278104305268,0.01277945220470426,10,,,,40,0.0031815886497497557,40.0,60.0,0.0,,,,,
model_item_influence_summary.csv,amazon-sports-and-outdoors,test,,,,,,,-0.002850435674190521,0.02563715174794197,10,,,,41,0.007900577783584595,70.0,30.0,0.0,,,,,
model_item_influence_summary.csv,amazon-sports-and-outdoors,test,,,,,,,0.0013375335269504122,0.00568330254819658,9,,,,42,0.0035339858796861437,77.77777777777779,22.22222222222222,0.0,,,,,
model_item_influence_summary.csv,amazon-sports-and-outdoors,test,,,,,,,-0.001599671443303426,0.01668471097946167,9,,,,43,0.005578988128238254,66.66666666666666,33.33333333333333,0.0,,,,,
model_item_influence_summary.csv,amazon-sports-and-outdoors,test,,,,,,,-0.0013373096783955891,0.02292323112487793,6,,,,44,0.008339424928029379,83.33333333333334,16.666666666666664,0.0,,,,,
model_item_influence_summary.csv,amazon-sports-and-outdoors,test,,,,,,,0.0012694597244262695,0.03372091054916382,4,,,,45,0.013079822063446045,100.0,0.0,0.0,,,,,
model_item_influence_summary.csv,amazon-sports-and-outdoors,test,,,,,,,0.00040337443351745605,0.03370599448680878,4,,,,46,0.011936575174331665,75.0,25.0,0.0,,,,,
model_item_influence_summary.csv,amazon-sports-and-outdoors,test,,,,,,,0.00047338008880615234,0.03368741273880005,4,,,,47,0.01247328519821167,75.0,25.0,0.0,,,,,
model_item_influence_summary.csv,amazon-sports-and-outdoors,test,,,,,,,0.0025064051151275635,0.03433120250701904,4,,,,48,0.013763457536697388,100.0,0.0,0.0,,,,,
model_item_influence_summary.csv,amazon-sports-and-outdoors,test,,,,,,,-0.002262115478515625,0.00018644332885742188,2,,,,49,-0.0010378360748291016,50.0,50.0,0.0,,,,,
model_item_influence_summary.csv,amazon-sports-and-outdoors,test,,,,,,,-0.00036215782165527344,-0.00013947486877441406,2,,,,50,-0.00025081634521484375,0.0,100.0,0.0,,,,,
model_item_influence_summary.csv,amazon-sports-and-outdoors,test,,,,,,,-0.0021207332611083984,0.00018978118896484375,2,,,,51,-0.0009654760360717773,50.0,50.0,0.0,,,,,
model_item_influence_summary.csv,amazon-sports-and-outdoors,test,,,,,,,nan,nan,1,,,,52,0.0020987987518310547,100.0,0.0,0.0,,,,,
model_item_influence_summary.csv,amazon-sports-and-outdoors,test,,,,,,,nan,nan,1,,,,53,-0.008888959884643555,0.0,100.0,0.0,,,,,
model_item_influence_summary.csv,amazon-sports-and-outdoors,test,,,,,,,nan,nan,1,,,,54,-0.0008523464202880859,0.0,100.0,0.0,,,,,
model_item_influence_summary.csv,amazon-sports-and-outdoors,test,,,,,,,nan,nan,1,,,,55,-0.0027420520782470703,0.0,100.0,0.0,,,,,
model_item_influence_summary.csv,amazon-sports-and-outdoors,test,,,,,,,nan,nan,1,,,,56,0.0006033182144165039,100.0,0.0,0.0,,,,,
model_item_influence_summary.csv,amazon-sports-and-outdoors,test,,,,,,,nan,nan,1,,,,57,-0.0011788606643676758,0.0,100.0,0.0,,,,,
model_item_influence_summary.csv,amazon-sports-and-outdoors,test,,,,,,,nan,nan,1,,,,58,0.002312183380126953,100.0,0.0,0.0,,,,,
model_item_influence_summary.csv,amazon-sports-and-outdoors,test,,,,,,,nan,nan,1,,,,59,-0.0023686885833740234,0.0,100.0,0.0,,,,,
model_item_influence_summary.csv,amazon-sports-and-outdoors,test,,,,,,,nan,nan,1,,,,60,-0.004855155944824219,0.0,100.0,0.0,,,,,
model_item_influence_summary.csv,amazon-sports-and-outdoors,test,,,,,,,nan,nan,1,,,,61,0.0003523826599121094,100.0,0.0,0.0,,,,,
model_item_influence_summary.csv,amazon-toys-and-games,test,,,,,,,-0.016843102944549174,0.003843917595082892,2000,,,,1,-0.006746720233932138,50.74999999999999,49.25,0.0,,,,,
model_item_influence_summary.csv,amazon-toys-and-games,test,,,,,,,-0.009332494754437358,0.011011562593467531,2000,,,,2,0.0007678990177810192,54.900000000000006,45.1,0.0,,,,,
model_item_influence_summary.csv,amazon-toys-and-games,test,,,,,,,0.004840190146069337,0.025517470720332593,1974,,,,3,0.015204019795465373,55.471124620060785,44.52887537993921,0.0,,,,,
model_item_influence_summary.csv,amazon-toys-and-games,test,,,,,,,0.029730847640328316,0.05245895826870092,1851,,,,4,0.040809706928181304,58.50891410048622,41.49108589951378,0.0,,,,,
model_item_influence_summary.csv,amazon-toys-and-games,test,,,,,,,0.03123262838997587,0.06245865189853165,1304,,,,5,0.045990240131647674,62.9601226993865,37.0398773006135,0.0,,,,,
model_item_influence_summary.csv,amazon-toys-and-games,test,,,,,,,0.00731095157794527,0.0346902147333464,936,,,,6,0.020895901430621106,60.14957264957265,39.85042735042735,0.0,,,,,
model_item_influence_summary.csv,amazon-toys-and-games,test,,,,,,,0.017862440443320856,0.047935028465817105,740,,,,7,0.032442426389536344,58.78378378378378,41.21621621621622,0.0,,,,,
model_item_influence_summary.csv,amazon-toys-and-games,test,,,,,,,0.013099846614770488,0.04368409279688623,576,,,,8,0.028491294438329835,58.333333333333336,41.66666666666667,0.0,,,,,
model_item_influence_summary.csv,amazon-toys-and-games,test,,,,,,,-0.005098259966911339,0.02006027255859845,451,,,,9,0.007566546158092778,55.432372505543235,44.567627494456765,0.0,,,,,
model_item_influence_summary.csv,amazon-toys-and-games,test,,,,,,,-0.007758990620021467,0.030719253340016593,378,,,,10,0.01114447862304077,50.79365079365079,49.2063492063492,0.0,,,,,
model_item_influence_summary.csv,amazon-toys-and-games,test,,,,,,,0.004421296602306076,0.04123526579007888,312,,,,11,0.02090738830753626,54.807692307692314,45.19230769230769,0.0,,,,,
model_item_influence_summary.csv,amazon-toys-and-games,test,,,,,,,0.009662099347037054,0.041192922589706846,273,,,,12,0.024223336015210484,61.53846153846154,38.46153846153847,0.0,,,,,
model_item_influence_summary.csv,amazon-toys-and-games,test,,,,,,,-0.0028644103580649865,0.020825343855676467,235,,,,13,0.009330315190426847,58.723404255319146,41.27659574468085,0.0,,,,,
model_item_influence_summary.csv,amazon-toys-and-games,test,,,,,,,-0.0022793781905990056,0.017883594571189446,198,,,,14,0.008254796153668201,55.55555555555556,44.44444444444444,0.0,,,,,
model_item_influence_summary.csv,amazon-toys-and-games,test,,,,,,,0.0011262697178158866,0.031094703560674095,178,,,,15,0.014821812133775668,52.24719101123596,47.752808988764045,0.0,,,,,
model_item_influence_summary.csv,amazon-toys-and-games,test,,,,,,,-0.003894043132033828,0.018505449833759624,154,,,,16,0.007965453888301725,57.7922077922078,42.2077922077922,0.0,,,,,
model_item_influence_summary.csv,amazon-toys-and-games,test,,,,,,,0.01674126273049324,0.056812200912584813,132,,,,17,0.03436145011448499,63.63636363636363,36.36363636363637,0.0,,,,,
model_item_influence_summary.csv,amazon-toys-and-games,test,,,,,,,-0.004341575133924683,0.02145153935998678,120,,,,18,0.008710284841557343,51.66666666666667,48.333333333333336,0.0,,,,,
model_item_influence_summary.csv,amazon-toys-and-games,test,,,,,,,-0.004566369456387011,0.015401944089854982,107,,,,19,0.0058471511039778455,57.943925233644855,42.05607476635514,0.0,,,,,
model_item_influence_summary.csv,amazon-toys-and-games,test,,,,,,,-0.0029616015088953533,0.028986848985814304,98,,,,20,0.011819840769986717,58.16326530612245,41.83673469387755,0.0,,,,,
model_item_influence_summary.csv,amazon-toys-and-games,test,,,,,,,-0.0038343702244122376,0.028475669901190166,89,,,,21,0.01161089012127244,52.80898876404494,47.19101123595505,0.0,,,,,
model_item_influence_summary.csv,amazon-toys-and-games,test,,,,,,,-0.004191678487815154,0.021380769726462072,78,,,,22,0.007741360710217402,48.717948717948715,51.28205128205128,0.0,,,,,
model_item_influence_summary.csv,amazon-toys-and-games,test,,,,,,,0.004116451926529407,0.03251682527673739,72,,,,23,0.017071805687414274,63.888888888888886,36.11111111111111,0.0,,,,,
model_item_influence_summary.csv,amazon-toys-and-games,test,,,,,,,-0.00027273504861763544,0.03033019471617916,63,,,,24,0.013516862714101397,53.96825396825397,46.03174603174603,0.0,,,,,
model_item_influence_summary.csv,amazon-toys-and-games,test,,,,,,,-0.015682041203066453,0.01190052915175082,59,,,,25,-0.0004387007931531486,57.6271186440678,42.3728813559322,0.0,,,,,
model_item_influence_summary.csv,amazon-toys-and-games,test,,,,,,,-0.005914456235631456,0.024234225010534502,53,,,,26,0.008758883150118702,60.37735849056604,39.62264150943396,0.0,,,,,
model_item_influence_summary.csv,amazon-toys-and-games,test,,,,,,,-0.019250202836825492,0.007472297374872451,47,,,,27,-0.0039168618460918994,61.702127659574465,38.297872340425535,0.0,,,,,
model_item_influence_summary.csv,amazon-toys-and-games,test,,,,,,,-0.004460366124786981,0.01557370785896371,41,,,,28,0.0049348673442514935,60.97560975609756,39.02439024390244,0.0,,,,,
model_item_influence_summary.csv,amazon-toys-and-games,test,,,,,,,-0.03242867565713822,0.004620104432106014,40,,,,29,-0.011507798358798027,57.49999999999999,42.5,0.0,,,,,
model_item_influence_summary.csv,amazon-toys-and-games,test,,,,,,,-0.012654895943246388,0.0068945562466978935,38,,,,30,-0.002547075481791245,39.473684210526315,60.526315789473685,0.0,,,,,
model_item_influence_summary.csv,amazon-toys-and-games,test,,,,,,,-0.002726342063397169,0.03461189897110063,36,,,,31,0.012803195665280024,58.333333333333336,41.66666666666667,0.0,,,,,
model_item_influence_summary.csv,amazon-toys-and-games,test,,,,,,,-0.016427291605261064,0.0037249892469375266,31,,,,32,-0.006449655179054507,38.70967741935484,61.29032258064516,0.0,,,,,
model_item_influence_summary.csv,amazon-toys-and-games,test,,,,,,,-0.007578788787525679,0.045696032712502124,28,,,,33,0.013631812296807766,53.57142857142857,46.42857142857143,0.0,,,,,
model_item_influence_summary.csv,amazon-toys-and-games,test,,,,,,,-0.006434504780918359,0.015439121691243974,28,,,,34,0.003728939486401422,50.0,50.0,0.0,,,,,
model_item_influence_summary.csv,amazon-toys-and-games,test,,,,,,,0.000738349101609654,0.010548857461523125,27,,,,35,0.005063585109180874,66.66666666666666,33.33333333333333,0.0,,,,,
model_item_influence_summary.csv,amazon-toys-and-games,test,,,,,,,-0.0029281730405413186,0.010391361882480278,26,,,,36,0.0038649548704807577,61.53846153846154,38.46153846153847,0.0,,,,,
model_item_influence_summary.csv,amazon-toys-and-games,test,,,,,,,-0.00975811581896699,0.016606851424212036,23,,,,37,0.0033672523239384527,47.82608695652174,52.17391304347826,0.0,,,,,
model_item_influence_summary.csv,amazon-toys-and-games,test,,,,,,,-0.01664959355479195,0.010427030796806017,21,,,,38,-0.0006655376581918626,66.66666666666666,33.33333333333333,0.0,,,,,
model_item_influence_summary.csv,amazon-toys-and-games,test,,,,,,,-0.001989520163763137,0.031914584728933514,21,,,,39,0.012710557807059516,47.61904761904761,52.38095238095239,0.0,,,,,
model_item_influence_summary.csv,amazon-toys-and-games,test,,,,,,,-0.0023353146655218943,0.012146297771306264,21,,,,40,0.0047291481778735205,52.38095238095239,47.61904761904761,0.0,,,,,
model_item_influence_summary.csv,amazon-toys-and-games,test,,,,,,,-0.009275396782904864,0.006058004628866907,20,,,,41,-0.0020866893231868745,35.0,65.0,0.0,,,,,
model_item_influence_summary.csv,amazon-toys-and-games,test,,,,,,,-0.01029106147121638,0.014947756147012102,20,,,,42,0.0019745903089642526,35.0,65.0,0.0,,,,,
model_item_influence_summary.csv,amazon-toys-and-games,test,,,,,,,0.00010314167011529218,0.02027101810555904,20,,,,43,0.009751638583838939,55.00000000000001,45.0,0.0,,,,,
model_item_influence_summary.csv,amazon-toys-and-games,test,,,,,,,-0.011770214326679705,0.0211266150077184,18,,,,44,0.0024959718187650046,38.88888888888889,61.111111111111114,0.0,,,,,
model_item_influence_summary.csv,amazon-toys-and-games,test,,,,,,,0.0025444143835236044,0.029355352766373573,17,,,,45,0.014981964931768529,58.82352941176471,41.17647058823529,0.0,,,,,
model_item_influence_summary.csv,amazon-toys-and-games,test,,,,,,,-0.003337703744570414,0.019650018413861593,15,,,,46,0.007310838500658671,46.666666666666664,53.333333333333336,0.0,,,,,
model_item_influence_summary.csv,amazon-toys-and-games,test,,,,,,,-0.006605800933071546,0.007709292428834096,14,,,,47,0.0004897724304880415,50.0,50.0,0.0,,,,,
model_item_influence_summary.csv,amazon-toys-and-games,test,,,,,,,-0.0025535627053334163,0.024527882440732066,13,,,,48,0.008254690812184261,46.15384615384615,53.84615384615385,0.0,,,,,
model_item_influence_summary.csv,amazon-toys-and-games,test,,,,,,,-0.006360374980916579,0.017213601494828857,12,,,,49,0.005116034299135208,58.333333333333336,41.66666666666667,0.0,,,,,
model_item_influence_summary.csv,amazon-toys-and-games,test,,,,,,,-0.009869603874782721,0.01584120535602171,12,,,,50,0.001619964838027954,25.0,75.0,0.0,,,,,
model_item_influence_summary.csv,amazon-toys-and-games,test,,,,,,,-0.007159400805830956,0.0010612635314464498,10,,,,51,-0.003242689371109009,30.0,70.0,0.0,,,,,
model_item_influence_summary.csv,amazon-toys-and-games,test,,,,,,,-0.0184007278829813,0.014042783901095389,10,,,,52,-0.0019548773765563966,40.0,60.0,0.0,,,,,
model_item_influence_summary.csv,amazon-toys-and-games,test,,,,,,,-0.012433647662401199,0.011854102611541746,10,,,,53,-0.002827358245849609,10.0,90.0,0.0,,,,,
model_item_influence_summary.csv,amazon-toys-and-games,test,,,,,,,-0.005374220386147499,0.033159622699022284,10,,,,54,0.012648484110832215,70.0,30.0,0.0,,,,,
model_item_influence_summary.csv,amazon-toys-and-games,test,,,,,,,-0.016023558129866916,0.010078216178549617,9,,,,55,-0.0026258627573649087,44.44444444444444,55.55555555555556,0.0,,,,,
model_item_influence_summary.csv,amazon-toys-and-games,test,,,,,,,-0.00318311568763521,0.0028371782766448087,9,,,,56,-0.0002689891391330295,44.44444444444444,55.55555555555556,0.0,,,,,
model_item_influence_summary.csv,amazon-toys-and-games,test,,,,,,,-0.0076818135049608015,0.0017835883630646589,9,,,,57,-0.0029122763209872777,22.22222222222222,77.77777777777779,0.0,,,,,
model_item_influence_summary.csv,amazon-toys-and-games,test,,,,,,,-0.005184181282917658,0.007518567476007661,9,,,,58,0.0007059905264112684,33.33333333333333,66.66666666666666,0.0,,,,,
model_item_influence_summary.csv,amazon-toys-and-games,test,,,,,,,-0.016156555712223054,0.019247077902158093,9,,,,59,0.0017942686875661213,55.55555555555556,44.44444444444444,0.0,,,,,
model_item_influence_summary.csv,amazon-toys-and-games,test,,,,,,,-0.0083679827551047,0.003200897491640512,9,,,,60,-0.0018158521917131213,33.33333333333333,66.66666666666666,0.0,,,,,
model_item_influence_summary.csv,amazon-toys-and-games,test,,,,,,,-0.008984090139468512,0.05289041797320045,6,,,,61,0.013530145088831583,33.33333333333333,66.66666666666666,0.0,,,,,
model_item_influence_summary.csv,amazon-toys-and-games,test,,,,,,,-0.00010919570922851562,0.0191761056582133,6,,,,62,0.008427987496058146,83.33333333333334,16.666666666666664,0.0,,,,,
model_item_influence_summary.csv,amazon-toys-and-games,test,,,,,,,-0.008880217870076498,0.007009269048770253,6,,,,63,-0.0005666812260945638,50.0,50.0,0.0,,,,,
model_item_influence_summary.csv,amazon-toys-and-games,test,,,,,,,-0.0016615497569243112,0.03689495722452799,6,,,,64,0.013948112726211548,50.0,50.0,0.0,,,,,
model_item_influence_summary.csv,amazon-toys-and-games,test,,,,,,,0.00037077789505322785,0.017147821995119238,6,,,,65,0.008296974003314972,66.66666666666666,33.33333333333333,0.0,,,,,
model_item_influence_summary.csv,amazon-toys-and-games,test,,,,,,,-0.007336914539337158,0.04703143586715062,6,,,,66,0.012794469793637594,33.33333333333333,66.66666666666666,0.0,,,,,
model_item_influence_summary.csv,amazon-toys-and-games,test,,,,,,,0.0003178914388020833,0.006950269142786662,6,,,,67,0.002979665994644165,83.33333333333334,16.666666666666664,0.0,,,,,
model_item_influence_summary.csv,amazon-toys-and-games,test,,,,,,,0.00374506413936615,0.03779302090406416,6,,,,68,0.019724796215693157,83.33333333333334,16.666666666666664,0.0,,,,,
model_item_influence_summary.csv,amazon-toys-and-games,test,,,,,,,-0.010532164573669433,0.0033583879470825196,5,,,,69,-0.0024586915969848633,40.0,60.0,0.0,,,,,
model_item_influence_summary.csv,amazon-toys-and-games,test,,,,,,,-0.0009888827800750733,0.037813898026943196,5,,,,70,0.01624266505241394,40.0,60.0,0.0,,,,,
model_item_influence_summary.csv,amazon-toys-and-games,test,,,,,,,-0.010233268141746521,0.022837266325950623,4,,,,71,0.005575001239776611,50.0,50.0,0.0,,,,,
model_item_influence_summary.csv,amazon-toys-and-games,test,,,,,,,-0.005609385669231415,4.096329212188721e-05,4,,,,72,-0.002129100263118744,25.0,75.0,0.0,,,,,
model_item_influence_summary.csv,amazon-toys-and-games,test,,,,,,,-0.0003093630075454712,0.03525082767009735,4,,,,73,0.014494858682155609,50.0,50.0,0.0,,,,,
model_item_influence_summary.csv,amazon-toys-and-games,test,,,,,,,0.0006848722696304321,0.00909435749053955,4,,,,74,0.0038572102785110474,100.0,0.0,0.0,,,,,
model_item_influence_summary.csv,amazon-toys-and-games,test,,,,,,,-0.0002995729446411133,0.0013717412948608398,3,,,,75,0.0003897448380788167,66.66666666666666,33.33333333333333,0.0,,,,,
model_item_influence_summary.csv,amazon-toys-and-games,test,,,,,,,-0.0013912022113800049,-9.98377799987793e-05,3,,,,76,-0.0005835592746734619,0.0,100.0,0.0,,,,,
model_item_influence_summary.csv,amazon-toys-and-games,test,,,,,,,-0.0013912022113800049,0.0007502436637878418,3,,,,77,-0.00031831860542297363,33.33333333333333,66.66666666666666,0.0,,,,,
model_item_influence_summary.csv,amazon-toys-and-games,test,,,,,,,-0.005001962184906006,0.001155078411102295,3,,,,78,-0.001147518555323283,66.66666666666666,33.33333333333333,0.0,,,,,
model_item_influence_summary.csv,amazon-toys-and-games,test,,,,,,,-0.0003409385681152344,0.001155078411102295,3,,,,79,0.0002543926239013672,33.33333333333333,66.66666666666666,0.0,,,,,
model_item_influence_summary.csv,amazon-toys-and-games,test,,,,,,,-0.0003581047058105469,0.014363527297973633,3,,,,80,0.005537291367848714,66.66666666666666,33.33333333333333,0.0,,,,,
model_item_influence_summary.csv,amazon-toys-and-games,test,,,,,,,3.603100776672363e-05,0.0026064515113830566,2,,,,81,0.0013212412595748901,100.0,0.0,0.0,,,,,
model_item_influence_summary.csv,amazon-toys-and-games,test,,,,,,,-9.864568710327148e-06,0.0002582967281341553,2,,,,82,0.00012421607971191406,50.0,50.0,0.0,,,,,
model_item_influence_summary.csv,amazon-toys-and-games,test,,,,,,,-9.864568710327148e-06,0.00046759843826293945,2,,,,83,0.00022886693477630615,50.0,50.0,0.0,,,,,
model_item_influence_summary.csv,amazon-toys-and-games,test,,,,,,,-0.00014668703079223633,0.0021424293518066406,2,,,,84,0.0009978711605072021,50.0,50.0,0.0,,,,,
model_item_influence_summary.csv,amazon-toys-and-games,test,,,,,,,-0.0002110600471496582,0.0021424293518066406,2,,,,85,0.0009656846523284912,50.0,50.0,0.0,,,,,
model_item_influence_summary.csv,amazon-toys-and-games,test,,,,,,,-0.0005048215389251709,-0.00018358230590820312,2,,,,86,-0.000344201922416687,0.0,100.0,0.0,,,,,
model_item_influence_summary.csv,amazon-toys-and-games,test,,,,,,,-0.0005048215389251709,-3.0994415283203125e-06,2,,,,87,-0.0002539604902267456,0.0,100.0,0.0,,,,,
model_item_influence_summary.csv,amazon-toys-and-games,test,,,,,,,-0.00024765729904174805,0.001452416181564331,2,,,,88,0.0006023794412612915,50.0,50.0,0.0,,,,,
model_item_influence_summary.csv,amazon-toys-and-games,test,,,,,,,-3.254413604736328e-05,0.001452416181564331,2,,,,89,0.0007099360227584839,50.0,50.0,0.0,,,,,
model_item_influence_summary.csv,amazon-toys-and-games,test,,,,,,,-0.00020653009414672852,0.0021352767944335938,2,,,,90,0.0009643733501434326,50.0,50.0,0.0,,,,,
model_item_influence_summary.csv,amazon-toys-and-games,test,,,,,,,4.3272972106933594e-05,0.0021352767944335938,2,,,,91,0.0010892748832702637,100.0,0.0,0.0,,,,,
model_item_influence_summary.csv,amazon-toys-and-games,test,,,,,,,-0.0005851089954376221,9.968876838684082e-05,2,,,,92,-0.00024271011352539062,50.0,50.0,0.0,,,,,
model_item_influence_summary.csv,amazon-toys-and-games,test,,,,,,,-0.0005851089954376221,-1.2576580047607422e-05,2,,,,93,-0.00029884278774261475,0.0,100.0,0.0,,,,,
model_item_influence_summary.csv,amazon-toys-and-games,test,,,,,,,-0.004205882549285889,4.9054622650146484e-05,2,,,,94,-0.002078413963317871,50.0,50.0,0.0,,,,,
model_item_influence_summary.csv,amazon-toys-and-games,test,,,,,,,-0.004205882549285889,3.254413604736328e-05,2,,,,95,-0.0020866692066192627,50.0,50.0,0.0,,,,,
model_item_influence_summary.csv,amazon-toys-and-games,test,,,,,,,-0.0009945034980773926,-0.0003590881824493408,2,,,,96,-0.0006767958402633667,0.0,100.0,0.0,,,,,
model_item_influence_summary.csv,amazon-toys-and-games,test,,,,,,,-0.0009945034980773926,0.00017049908638000488,2,,,,97,-0.00041200220584869385,50.0,50.0,0.0,,,,,
model_item_influence_summary.csv,amazon-toys-and-games,test,,,,,,,-0.0028693079948425293,-0.00016507506370544434,2,,,,98,-0.0015171915292739868,0.0,100.0,0.0,,,,,
model_item_influence_summary.csv,amazon-toys-and-games,test,,,,,,,-0.0028693079948425293,-0.00016507506370544434,2,,,,99,-0.0015171915292739868,0.0,100.0,0.0,,,,,
model_item_influence_summary.csv,amazon-toys-and-games,test,,,,,,,-0.00016507506370544434,0.005406856536865234,2,,,,100,0.002620890736579895,50.0,50.0,0.0,,,,,
information_coverage.csv,amazon-all-beauty,test,,,,,,,,,1357,,,,,,,,,1,22.57394539695751,7.089935253266618,0.0,33.9073890377154
information_coverage.csv,amazon-all-beauty,test,,,,,,,,,1357,,,,,,,,,2,44.936676777966085,39.76421392440153,5.244993344475917,85.45833684964053
information_coverage.csv,amazon-all-beauty,test,,,,,,,,,1357,,,,,,,,,3,63.96564280050816,74.91612161828587,28.85845317369914,100.0
information_coverage.csv,amazon-all-beauty,test,,,,,,,,,1357,,,,,,,,,4,76.29612574732117,100.0,56.522153642259774,100.0
information_coverage.csv,amazon-all-beauty,test,,,,,,,,,1357,,,,,,,,,5,83.16654600872269,100.0,78.10021506684198,100.0
information_coverage.csv,amazon-all-beauty,test,,,,,,,,,1357,,,,,,,,,6,87.30272034252407,100.0,99.99999999999999,100.0
information_coverage.csv,amazon-all-beauty,test,,,,,,,,,1357,,,,,,,,,7,89.73415193742211,100.0,99.99999999999999,100.0
information_coverage.csv,amazon-all-beauty,test,,,,,,,,,1357,,,,,,,,,8,91.45656140464266,100.0,100.0,100.0
information_coverage.csv,amazon-all-beauty,test,,,,,,,,,1357,,,,,,,,,9,92.63721544845507,100.0,100.0,100.0
information_coverage.csv,amazon-all-beauty,test,,,,,,,,,1357,,,,,,,,,10,93.75236569217161,100.0,100.0,100.0
information_coverage.csv,amazon-all-beauty,test,,,,,,,,,1357,,,,,,,,,11,94.8109315693224,100.0,100.0,100.0
information_coverage.csv,amazon-all-beauty,test,,,,,,,,,1357,,,,,,,,,12,95.41262254164525,100.0,100.0,100.0
information_coverage.csv,amazon-all-beauty,test,,,,,,,,,1357,,,,,,,,,13,96.03119844176078,100.0,100.0,100.0
information_coverage.csv,amazon-all-beauty,test,,,,,,,,,1357,,,,,,,,,14,96.4630296217996,100.0,100.0,100.0
information_coverage.csv,amazon-all-beauty,test,,,,,,,,,1357,,,,,,,,,15,96.8841409146213,100.0,100.0,100.0
information_coverage.csv,amazon-all-beauty,test,,,,,,,,,1357,,,,,,,,,16,97.32667563366155,100.0,100.0,100.0
information_coverage.csv,amazon-all-beauty,test,,,,,,,,,1357,,,,,,,,,17,97.50684415531029,100.0,100.0,100.0
information_coverage.csv,amazon-all-beauty,test,,,,,,,,,1357,,,,,,,,,18,97.72226158594188,100.0,100.0,100.0
information_coverage.csv,amazon-all-beauty,test,,,,,,,,,1357,,,,,,,,,19,97.8595994159134,100.0,100.0,100.0
information_coverage.csv,amazon-all-beauty,test,,,,,,,,,1357,,,,,,,,,20,98.04571384753228,100.0,100.0,100.0
information_coverage.csv,amazon-all-beauty,test,,,,,,,,,1357,,,,,,,,,21,98.1800086751967,100.0,100.0,100.0
information_coverage.csv,amazon-all-beauty,test,,,,,,,,,1357,,,,,,,,,22,98.39593339102143,100.0,100.0,100.0
information_coverage.csv,amazon-all-beauty,test,,,,,,,,,1357,,,,,,,,,23,98.59341839170115,100.0,100.0,100.0
information_coverage.csv,amazon-all-beauty,test,,,,,,,,,1357,,,,,,,,,24,98.7009017005423,100.0,100.0,100.0
information_coverage.csv,amazon-all-beauty,test,,,,,,,,,1357,,,,,,,,,25,98.76668449147095,100.0,100.0,100.0
information_coverage.csv,amazon-all-beauty,test,,,,,,,,,1357,,,,,,,,,26,98.87244797111853,100.0,100.0,100.0
information_coverage.csv,amazon-all-beauty,test,,,,,,,,,1357,,,,,,,,,27,98.94204388821456,100.0,100.0,100.0
information_coverage.csv,amazon-all-beauty,test,,,,,,,,,1357,,,,,,,,,28,99.03673844299594,100.0,100.0,100.0
information_coverage.csv,amazon-all-beauty,test,,,,,,,,,1357,,,,,,,,,29,99.15368026140824,100.0,100.0,100.0
information_coverage.csv,amazon-all-beauty,test,,,,,,,,,1357,,,,,,,,,30,99.2005781452172,100.0,100.0,100.0
information_coverage.csv,amazon-all-beauty,test,,,,,,,,,1357,,,,,,,,,31,99.25448821714939,100.0,100.0,100.0
information_coverage.csv,amazon-all-beauty,test,,,,,,,,,1357,,,,,,,,,32,99.32013612881966,100.0,100.0,100.0
information_coverage.csv,amazon-all-beauty,test,,,,,,,,,1357,,,,,,,,,33,99.43537855406717,100.0,100.0,100.0
information_coverage.csv,amazon-all-beauty,test,,,,,,,,,1357,,,,,,,,,34,99.44745155682583,100.0,100.0,100.0
information_coverage.csv,amazon-all-beauty,test,,,,,,,,,1357,,,,,,,,,35,99.47919817238248,100.0,100.0,100.0
information_coverage.csv,amazon-all-beauty,test,,,,,,,,,1357,,,,,,,,,36,99.49510339269511,100.0,100.0,100.0
information_coverage.csv,amazon-all-beauty,test,,,,,,,,,1357,,,,,,,,,37,99.53680159888071,100.0,100.0,100.0
information_coverage.csv,amazon-all-beauty,test,,,,,,,,,1357,,,,,,,,,38,99.55808386805786,100.0,100.0,100.0
information_coverage.csv,amazon-all-beauty,test,,,,,,,,,1357,,,,,,,,,39,99.57217402906922,100.0,100.0,100.0
information_coverage.csv,amazon-all-beauty,test,,,,,,,,,1357,,,,,,,,,40,99.61023159358089,100.0,100.0,100.0
information_coverage.csv,amazon-all-beauty,test,,,,,,,,,1357,,,,,,,,,41,99.65324172769141,100.0,100.0,100.0
information_coverage.csv,amazon-all-beauty,test,,,,,,,,,1357,,,,,,,,,42,99.66438408016106,100.0,100.0,100.0
information_coverage.csv,amazon-all-beauty,test,,,,,,,,,1357,,,,,,,,,43,99.6890366374289,100.0,100.0,100.0
information_coverage.csv,amazon-all-beauty,test,,,,,,,,,1357,,,,,,,,,44,99.70042309323324,100.0,100.0,100.0
information_coverage.csv,amazon-all-beauty,test,,,,,,,,,1357,,,,,,,,,45,99.72202956999516,100.0,100.0,100.0
information_coverage.csv,amazon-all-beauty,test,,,,,,,,,1357,,,,,,,,,46,99.749137034453,100.0,100.0,100.0
information_coverage.csv,amazon-all-beauty,test,,,,,,,,,1357,,,,,,,,,47,99.7608905948956,100.0,100.0,100.0
information_coverage.csv,amazon-all-beauty,test,,,,,,,,,1357,,,,,,,,,48,99.77204903450922,100.0,100.0,100.0
information_coverage.csv,amazon-all-beauty,test,,,,,,,,,1357,,,,,,,,,49,99.77958377543206,100.0,100.0,100.0
information_coverage.csv,amazon-all-beauty,test,,,,,,,,,1357,,,,,,,,,50,99.7839767607097,100.0,100.0,100.0
information_coverage.csv,amazon-all-beauty,test,,,,,,,,,1357,,,,,,,,,51,99.78863486017372,100.0,100.0,100.0
information_coverage.csv,amazon-all-beauty,test,,,,,,,,,1357,,,,,,,,,52,99.80750812746459,100.0,100.0,100.0
information_coverage.csv,amazon-all-beauty,test,,,,,,,,,1357,,,,,,,,,53,99.82969371090297,100.0,100.0,100.0
information_coverage.csv,amazon-all-beauty,test,,,,,,,,,1357,,,,,,,,,54,99.82969371090297,100.0,100.0,100.0
information_coverage.csv,amazon-all-beauty,test,,,,,,,,,1357,,,,,,,,,55,99.83661680178398,100.0,100.0,100.0
information_coverage.csv,amazon-all-beauty,test,,,,,,,,,1357,,,,,,,,,56,99.86483364127727,100.0,100.0,100.0
information_coverage.csv,amazon-all-beauty,test,,,,,,,,,1357,,,,,,,,,57,99.87108110510543,100.0,100.0,100.0
information_coverage.csv,amazon-all-beauty,test,,,,,,,,,1357,,,,,,,,,58,99.88444907037375,100.0,100.0,100.0
information_coverage.csv,amazon-all-beauty,test,,,,,,,,,1357,,,,,,,,,59,99.8941675486864,100.0,100.0,100.0
information_coverage.csv,amazon-all-beauty,test,,,,,,,,,1357,,,,,,,,,60,99.89842531808479,100.0,100.0,100.0
information_coverage.csv,amazon-all-beauty,test,,,,,,,,,1357,,,,,,,,,61,99.91563771298624,100.0,100.0,100.0
information_coverage.csv,amazon-all-beauty,test,,,,,,,,,1357,,,,,,,,,62,99.91760774955908,100.0,100.0,100.0
information_coverage.csv,amazon-all-beauty,test,,,,,,,,,1357,,,,,,,,,63,99.91925443073065,100.0,100.0,100.0
information_coverage.csv,amazon-all-beauty,test,,,,,,,,,1357,,,,,,,,,64,99.92805716716269,100.0,100.0,100.0
information_coverage.csv,amazon-all-beauty,test,,,,,,,,,1357,,,,,,,,,65,99.95416919944566,100.0,100.0,100.0
information_coverage.csv,amazon-all-beauty,test,,,,,,,,,1357,,,,,,,,,66,99.95650348362766,100.0,100.0,100.0
information_coverage.csv,amazon-all-beauty,test,,,,,,,,,1357,,,,,,,,,67,99.96125636614109,100.0,100.0,100.0
information_coverage.csv,amazon-all-beauty,test,,,,,,,,,1357,,,,,,,,,68,99.96283013935752,100.0,100.0,100.0
information_coverage.csv,amazon-all-beauty,test,,,,,,,,,1357,,,,,,,,,69,99.96300619584534,100.0,100.0,100.0
information_coverage.csv,amazon-all-beauty,test,,,,,,,,,1357,,,,,,,,,70,99.96400046426258,100.0,100.0,100.0
information_coverage.csv,amazon-all-beauty,test,,,,,,,,,1357,,,,,,,,,71,99.964792009314,100.0,100.0,100.0
information_coverage.csv,amazon-all-beauty,test,,,,,,,,,1357,,,,,,,,,72,99.964792009314,100.0,100.0,100.0
information_coverage.csv,amazon-all-beauty,test,,,,,,,,,1357,,,,,,,,,73,99.96987077868597,100.0,100.0,100.0
information_coverage.csv,amazon-all-beauty,test,,,,,,,,,1357,,,,,,,,,74,99.96987077868597,100.0,100.0,100.0
information_coverage.csv,amazon-all-beauty,test,,,,,,,,,1357,,,,,,,,,75,99.97170780383969,100.0,100.0,100.0
information_coverage.csv,amazon-all-beauty,test,,,,,,,,,1357,,,,,,,,,76,99.97430953824762,100.0,100.0,100.0
information_coverage.csv,amazon-all-beauty,test,,,,,,,,,1357,,,,,,,,,77,99.97430953824762,100.0,100.0,100.0
information_coverage.csv,amazon-all-beauty,test,,,,,,,,,1357,,,,,,,,,78,99.97632092152666,100.0,100.0,100.0
information_coverage.csv,amazon-all-beauty,test,,,,,,,,,1357,,,,,,,,,79,99.97632092152666,100.0,100.0,100.0
information_coverage.csv,amazon-all-beauty,test,,,,,,,,,1357,,,,,,,,,80,99.97632092152666,100.0,100.0,100.0
information_coverage.csv,amazon-all-beauty,test,,,,,,,,,1357,,,,,,,,,81,99.97656349437794,100.0,100.0,100.0
information_coverage.csv,amazon-all-beauty,test,,,,,,,,,1357,,,,,,,,,82,99.97813257655427,100.0,100.0,100.0
information_coverage.csv,amazon-all-beauty,test,,,,,,,,,1357,,,,,,,,,83,99.98179589913373,100.0,100.0,100.0
information_coverage.csv,amazon-all-beauty,test,,,,,,,,,1357,,,,,,,,,84,99.9835643528831,100.0,100.0,100.0
information_coverage.csv,amazon-all-beauty,test,,,,,,,,,1357,,,,,,,,,85,99.9856668307535,100.0,100.0,100.0
information_coverage.csv,amazon-all-beauty,test,,,,,,,,,1357,,,,,,,,,86,99.98989484055582,100.0,100.0,100.0
information_coverage.csv,amazon-all-beauty,test,,,,,,,,,1357,,,,,,,,,87,99.99037124683609,100.0,100.0,100.0
information_coverage.csv,amazon-all-beauty,test,,,,,,,,,1357,,,,,,,,,88,99.99159133775362,100.0,100.0,100.0
information_coverage.csv,amazon-all-beauty,test,,,,,,,,,1357,,,,,,,,,89,99.99181307514273,100.0,100.0,100.0
information_coverage.csv,amazon-all-beauty,test,,,,,,,,,1357,,,,,,,,,90,99.99181307514273,100.0,100.0,100.0
information_coverage.csv,amazon-all-beauty,test,,,,,,,,,1357,,,,,,,,,91,99.99321041586815,100.0,100.0,100.0
information_coverage.csv,amazon-all-beauty,test,,,,,,,,,1357,,,,,,,,,92,99.9936738629221,100.0,100.0,100.0
information_coverage.csv,amazon-all-beauty,test,,,,,,,,,1357,,,,,,,,,93,99.9936738629221,100.0,100.0,100.0
information_coverage.csv,amazon-all-beauty,test,,,,,,,,,1357,,,,,,,,,94,99.9936738629221,100.0,100.0,100.0
information_coverage.csv,amazon-all-beauty,test,,,,,,,,,1357,,,,,,,,,95,99.9936738629221,100.0,100.0,100.0
information_coverage.csv,amazon-all-beauty,test,,,,,,,,,1357,,,,,,,,,96,99.9936738629221,100.0,100.0,100.0
information_coverage.csv,amazon-all-beauty,test,,,,,,,,,1357,,,,,,,,,97,99.9936738629221,100.0,100.0,100.0
information_coverage.csv,amazon-all-beauty,test,,,,,,,,,1357,,,,,,,,,98,99.9936738629221,100.0,100.0,100.0
information_coverage.csv,amazon-all-beauty,test,,,,,,,,,1357,,,,,,,,,99,99.99403776679134,100.0,100.0,100.0
information_coverage.csv,amazon-all-beauty,test,,,,,,,,,1357,,,,,,,,,100,100.0,100.0,100.0,100.0
information_coverage.csv,amazon:Baby_Products,test,,,,,,,,,1916,,,,,,,,,1,17.895404295774206,2.2505498521602108,0.0,26.994234236250954
information_coverage.csv,amazon:Baby_Products,test,,,,,,,,,1916,,,,,,,,,2,34.304008092947136,24.455518073829246,1.681625205805788,57.69037343789165
information_coverage.csv,amazon:Baby_Products,test,,,,,,,,,1916,,,,,,,,,3,52.18715468918973,50.46844255360581,17.822544679727194,92.8559316301977
information_coverage.csv,amazon:Baby_Products,test,,,,,,,,,1916,,,,,,,,,4,69.44196579755636,88.30112779702051,39.11484950543246,100.0
information_coverage.csv,amazon:Baby_Products,test,,,,,,,,,1916,,,,,,,,,5,80.08932024509488,100.0,62.26520239896581,100.0
information_coverage.csv,amazon:Baby_Products,test,,,,,,,,,1916,,,,,,,,,6,85.82785487914384,100.0,86.38229046157339,100.0
information_coverage.csv,amazon:Baby_Products,test,,,,,,,,,1916,,,,,,,,,7,89.39243361143176,100.0,99.99999999999999,100.0
information_coverage.csv,amazon:Baby_Products,test,,,,,,,,,1916,,,,,,,,,8,92.21552059441784,100.0,100.0,100.0
information_coverage.csv,amazon:Baby_Products,test,,,,,,,,,1916,,,,,,,,,9,94.06023590121698,100.0,100.0,100.0
information_coverage.csv,amazon:Baby_Products,test,,,,,,,,,1916,,,,,,,,,10,95.34512358224626,100.0,100.0,100.0
information_coverage.csv,amazon:Baby_Products,test,,,,,,,,,1916,,,,,,,,,11,96.33744075089434,100.0,100.0,100.0
information_coverage.csv,amazon:Baby_Products,test,,,,,,,,,1916,,,,,,,,,12,96.97043950028332,100.0,100.0,100.0
information_coverage.csv,amazon:Baby_Products,test,,,,,,,,,1916,,,,,,,,,13,97.57909256665572,100.0,100.0,100.0
information_coverage.csv,amazon:Baby_Products,test,,,,,,,,,1916,,,,,,,,,14,98.00755558559408,100.0,100.0,100.0
information_coverage.csv,amazon:Baby_Products,test,,,,,,,,,1916,,,,,,,,,15,98.3786814042323,100.0,100.0,100.0
information_coverage.csv,amazon:Baby_Products,test,,,,,,,,,1916,,,,,,,,,16,98.57628366177522,100.0,100.0,100.0
information_coverage.csv,amazon:Baby_Products,test,,,,,,,,,1916,,,,,,,,,17,98.78605073292891,100.0,100.0,100.0
information_coverage.csv,amazon:Baby_Products,test,,,,,,,,,1916,,,,,,,,,18,98.91966864870184,100.0,100.0,100.0
information_coverage.csv,amazon:Baby_Products,test,,,,,,,,,1916,,,,,,,,,19,99.03294564642734,100.0,100.0,100.0
information_coverage.csv,amazon:Baby_Products,test,,,,,,,,,1916,,,,,,,,,20,99.15134554960437,100.0,100.0,100.0
information_coverage.csv,amazon:Baby_Products,test,,,,,,,,,1916,,,,,,,,,21,99.2644308173936,100.0,100.0,100.0
information_coverage.csv,amazon:Baby_Products,test,,,,,,,,,1916,,,,,,,,,22,99.32680026222695,100.0,100.0,100.0
information_coverage.csv,amazon:Baby_Products,test,,,,,,,,,1916,,,,,,,,,23,99.38731534124348,100.0,100.0,100.0
information_coverage.csv,amazon:Baby_Products,test,,,,,,,,,1916,,,,,,,,,24,99.4362925257334,100.0,100.0,100.0
information_coverage.csv,amazon:Baby_Products,test,,,,,,,,,1916,,,,,,,,,25,99.47817355536155,100.0,100.0,100.0
information_coverage.csv,amazon:Baby_Products,test,,,,,,,,,1916,,,,,,,,,26,99.52075240647922,100.0,100.0,100.0
information_coverage.csv,amazon:Baby_Products,test,,,,,,,,,1916,,,,,,,,,27,99.5855401063746,100.0,100.0,100.0
information_coverage.csv,amazon:Baby_Products,test,,,,,,,,,1916,,,,,,,,,28,99.62118582867106,100.0,100.0,100.0
information_coverage.csv,amazon:Baby_Products,test,,,,,,,,,1916,,,,,,,,,29,99.64507236349662,100.0,100.0,100.0
information_coverage.csv,amazon:Baby_Products,test,,,,,,,,,1916,,,,,,,,,30,99.66421179714492,100.0,100.0,100.0
information_coverage.csv,amazon:Baby_Products,test,,,,,,,,,1916,,,,,,,,,31,99.69897898399756,100.0,100.0,100.0
information_coverage.csv,amazon:Baby_Products,test,,,,,,,,,1916,,,,,,,,,32,99.72523059691383,100.0,100.0,100.0
information_coverage.csv,amazon:Baby_Products,test,,,,,,,,,1916,,,,,,,,,33,99.75563617242662,100.0,100.0,100.0
information_coverage.csv,amazon:Baby_Products,test,,,,,,,,,1916,,,,,,,,,34,99.77292108392447,100.0,100.0,100.0
information_coverage.csv,amazon:Baby_Products,test,,,,,,,,,1916,,,,,,,,,35,99.79923937657576,100.0,100.0,100.0
information_coverage.csv,amazon:Baby_Products,test,,,,,,,,,1916,,,,,,,,,36,99.80769211579124,100.0,100.0,100.0
information_coverage.csv,amazon:Baby_Products,test,,,,,,,,,1916,,,,,,,,,37,99.82016859384544,100.0,100.0,100.0
information_coverage.csv,amazon:Baby_Products,test,,,,,,,,,1916,,,,,,,,,38,99.83245060444321,100.0,100.0,100.0
information_coverage.csv,amazon:Baby_Products,test,,,,,,,,,1916,,,,,,,,,39,99.84778201489054,100.0,100.0,100.0
information_coverage.csv,amazon:Baby_Products,test,,,,,,,,,1916,,,,,,,,,40,99.85755692170815,100.0,100.0,100.0
information_coverage.csv,amazon:Baby_Products,test,,,,,,,,,1916,,,,,,,,,41,99.86256163460295,100.0,100.0,100.0
information_coverage.csv,amazon:Baby_Products,test,,,,,,,,,1916,,,,,,,,,42,99.86567286312516,100.0,100.0,100.0
information_coverage.csv,amazon:Baby_Products,test,,,,,,,,,1916,,,,,,,,,43,99.87781467549871,100.0,100.0,100.0
information_coverage.csv,amazon:Baby_Products,test,,,,,,,,,1916,,,,,,,,,44,99.8844728900886,100.0,100.0,100.0
information_coverage.csv,amazon:Baby_Products,test,,,,,,,,,1916,,,,,,,,,45,99.8877624718757,100.0,100.0,100.0
information_coverage.csv,amazon:Baby_Products,test,,,,,,,,,1916,,,,,,,,,46,99.88940422526943,100.0,100.0,100.0
information_coverage.csv,amazon:Baby_Products,test,,,,,,,,,1916,,,,,,,,,47,99.897732248865,100.0,100.0,100.0
information_coverage.csv,amazon:Baby_Products,test,,,,,,,,,1916,,,,,,,,,48,99.91114656900073,100.0,100.0,100.0
information_coverage.csv,amazon:Baby_Products,test,,,,,,,,,1916,,,,,,,,,49,99.91286136587829,100.0,100.0,100.0
information_coverage.csv,amazon:Baby_Products,test,,,,,,,,,1916,,,,,,,,,50,99.91705357868427,100.0,100.0,100.0
information_coverage.csv,amazon:Baby_Products,test,,,,,,,,,1916,,,,,,,,,51,99.9256670008064,100.0,100.0,100.0
information_coverage.csv,amazon:Baby_Products,test,,,,,,,,,1916,,,,,,,,,52,99.92665010827969,100.0,100.0,100.0
information_coverage.csv,amazon:Baby_Products,test,,,,,,,,,1916,,,,,,,,,53,99.93031607315693,100.0,100.0,100.0
information_coverage.csv,amazon:Baby_Products,test,,,,,,,,,1916,,,,,,,,,54,99.93867341235912,100.0,100.0,100.0
information_coverage.csv,amazon:Baby_Products,test,,,,,,,,,1916,,,,,,,,,55,99.94462500984835,100.0,100.0,100.0
information_coverage.csv,amazon:Baby_Products,test,,,,,,,,,1916,,,,,,,,,56,99.94802339658085,100.0,100.0,100.0
information_coverage.csv,amazon:Baby_Products,test,,,,,,,,,1916,,,,,,,,,57,99.94916993716869,100.0,100.0,100.0
information_coverage.csv,amazon:Baby_Products,test,,,,,,,,,1916,,,,,,,,,58,99.95598132500383,100.0,100.0,100.0
information_coverage.csv,amazon:Baby_Products,test,,,,,,,,,1916,,,,,,,,,59,99.95814697453179,100.0,100.0,100.0
information_coverage.csv,amazon:Baby_Products,test,,,,,,,,,1916,,,,,,,,,60,99.96307339109451,100.0,100.0,100.0
information_coverage.csv,amazon:Baby_Products,test,,,,,,,,,1916,,,,,,,,,61,99.96464114346179,100.0,100.0,100.0
information_coverage.csv,amazon:Baby_Products,test,,,,,,,,,1916,,,,,,,,,62,99.96594507749259,100.0,100.0,100.0
information_coverage.csv,amazon:Baby_Products,test,,,,,,,,,1916,,,,,,,,,63,99.96839748638925,100.0,100.0,100.0
information_coverage.csv,amazon:Baby_Products,test,,,,,,,,,1916,,,,,,,,,64,99.96901290252596,100.0,100.0,100.0
information_coverage.csv,amazon:Baby_Products,test,,,,,,,,,1916,,,,,,,,,65,99.97022055878708,100.0,100.0,100.0
information_coverage.csv,amazon:Baby_Products,test,,,,,,,,,1916,,,,,,,,,66,99.97271741426039,100.0,100.0,100.0
information_coverage.csv,amazon:Baby_Products,test,,,,,,,,,1916,,,,,,,,,67,99.97357471761066,100.0,100.0,100.0
information_coverage.csv,amazon:Baby_Products,test,,,,,,,,,1916,,,,,,,,,68,99.97526356090368,100.0,100.0,100.0
information_coverage.csv,amazon:Baby_Products,test,,,,,,,,,1916,,,,,,,,,69,99.97592754436111,100.0,100.0,100.0
information_coverage.csv,amazon:Baby_Products,test,,,,,,,,,1916,,,,,,,,,70,99.97890015947785,100.0,100.0,100.0
information_coverage.csv,amazon:Baby_Products,test,,,,,,,,,1916,,,,,,,,,71,99.98094286514198,100.0,100.0,100.0
information_coverage.csv,amazon:Baby_Products,test,,,,,,,,,1916,,,,,,,,,72,99.9821921842087,100.0,100.0,100.0
information_coverage.csv,amazon:Baby_Products,test,,,,,,,,,1916,,,,,,,,,73,99.98479262070964,100.0,100.0,100.0
information_coverage.csv,amazon:Baby_Products,test,,,,,,,,,1916,,,,,,,,,74,99.98585370142153,100.0,100.0,100.0
information_coverage.csv,amazon:Baby_Products,test,,,,,,,,,1916,,,,,,,,,75,99.98636830866792,100.0,100.0,100.0
information_coverage.csv,amazon:Baby_Products,test,,,,,,,,,1916,,,,,,,,,76,99.98663872607396,100.0,100.0,100.0
information_coverage.csv,amazon:Baby_Products,test,,,,,,,,,1916,,,,,,,,,77,99.987030125186,100.0,100.0,100.0
information_coverage.csv,amazon:Baby_Products,test,,,,,,,,,1916,,,,,,,,,78,99.987030125186,100.0,100.0,100.0
information_coverage.csv,amazon:Baby_Products,test,,,,,,,,,1916,,,,,,,,,79,99.987718319558,100.0,100.0,100.0
information_coverage.csv,amazon:Baby_Products,test,,,,,,,,,1916,,,,,,,,,80,99.98881034910485,100.0,100.0,100.0
information_coverage.csv,amazon:Baby_Products,test,,,,,,,,,1916,,,,,,,,,81,99.98984786075795,100.0,100.0,100.0
information_coverage.csv,amazon:Baby_Products,test,,,,,,,,,1916,,,,,,,,,82,99.98984786075795,100.0,100.0,100.0
information_coverage.csv,amazon:Baby_Products,test,,,,,,,,,1916,,,,,,,,,83,99.99051595209248,100.0,100.0,100.0
information_coverage.csv,amazon:Baby_Products,test,,,,,,,,,1916,,,,,,,,,84,99.99051595209248,100.0,100.0,100.0
information_coverage.csv,amazon:Baby_Products,test,,,,,,,,,1916,,,,,,,,,85,99.9905254515583,100.0,100.0,100.0
information_coverage.csv,amazon:Baby_Products,test,,,,,,,,,1916,,,,,,,,,86,99.9905254515583,100.0,100.0,100.0
information_coverage.csv,amazon:Baby_Products,test,,,,,,,,,1916,,,,,,,,,87,99.99240038094453,100.0,100.0,100.0
information_coverage.csv,amazon:Baby_Products,test,,,,,,,,,1916,,,,,,,,,88,99.9936258214289,100.0,100.0,100.0
information_coverage.csv,amazon:Baby_Products,test,,,,,,,,,1916,,,,,,,,,89,99.9936258214289,100.0,100.0,100.0
information_coverage.csv,amazon:Baby_Products,test,,,,,,,,,1916,,,,,,,,,90,99.9936258214289,100.0,100.0,100.0
information_coverage.csv,amazon:Baby_Products,test,,,,,,,,,1916,,,,,,,,,91,99.9936258214289,100.0,100.0,100.0
information_coverage.csv,amazon:Baby_Products,test,,,,,,,,,1916,,,,,,,,,92,99.99384681195353,100.0,100.0,100.0
information_coverage.csv,amazon:Baby_Products,test,,,,,,,,,1916,,,,,,,,,93,99.99384681195353,100.0,100.0,100.0
information_coverage.csv,amazon:Baby_Products,test,,,,,,,,,1916,,,,,,,,,94,99.99676858623083,100.0,100.0,100.0
information_coverage.csv,amazon:Baby_Products,test,,,,,,,,,1916,,,,,,,,,95,99.99815914447528,100.0,100.0,100.0
information_coverage.csv,amazon:Baby_Products,test,,,,,,,,,1916,,,,,,,,,96,99.99815914447528,100.0,100.0,100.0
information_coverage.csv,amazon:Baby_Products,test,,,,,,,,,1916,,,,,,,,,97,99.99844355860732,100.0,100.0,100.0
information_coverage.csv,amazon:Baby_Products,test,,,,,,,,,1916,,,,,,,,,98,99.99891247112892,100.0,100.0,100.0
information_coverage.csv,amazon:Baby_Products,test,,,,,,,,,1916,,,,,,,,,99,99.99891247112892,100.0,100.0,100.0
information_coverage.csv,amazon:Baby_Products,test,,,,,,,,,1916,,,,,,,,,100,100.0,100.0,100.0,100.0
information_coverage.csv,amazon-sports-and-outdoors,test,,,,,,,,,1921,,,,,,,,,1,18.829258764382523,6.257835239794221,0.0,27.43133376019623
information_coverage.csv,amazon-sports-and-outdoors,test,,,,,,,,,1921,,,,,,,,,2,35.50894067572929,26.461970750552055,5.593331035777254,56.45493870770684
information_coverage.csv,amazon-sports-and-outdoors,test,,,,,,,,,1921,,,,,,,,,3,53.30427030284776,52.034596592650765,19.805367266852336,96.52615031675892
information_coverage.csv,amazon-sports-and-outdoors,test,,,,,,,,,1921,,,,,,,,,4,69.65927480810856,88.81492542696918,38.7520278434367,100.0
information_coverage.csv,amazon-sports-and-outdoors,test,,,,,,,,,1921,,,,,,,,,5,79.92223571947385,100.0,63.3698442963881,100.0
information_coverage.csv,amazon-sports-and-outdoors,test,,,,,,,,,1921,,,,,,,,,6,85.0804356758106,100.0,85.29275306330483,100.0
information_coverage.csv,amazon-sports-and-outdoors,test,,,,,,,,,1921,,,,,,,,,7,88.60400008305251,100.0,99.99999999999999,100.0
information_coverage.csv,amazon-sports-and-outdoors,test,,,,,,,,,1921,,,,,,,,,8,90.89486056352455,100.0,99.99999999999999,100.0
information_coverage.csv,amazon-sports-and-outdoors,test,,,,,,,,,1921,,,,,,,,,9,92.86018408728569,100.0,100.0,100.0
information_coverage.csv,amazon-sports-and-outdoors,test,,,,,,,,,1921,,,,,,,,,10,94.26858793745139,100.0,100.0,100.0
information_coverage.csv,amazon-sports-and-outdoors,test,,,,,,,,,1921,,,,,,,,,11,95.34090216791527,100.0,100.0,100.0
information_coverage.csv,amazon-sports-and-outdoors,test,,,,,,,,,1921,,,,,,,,,12,96.17557161062821,100.0,100.0,100.0
information_coverage.csv,amazon-sports-and-outdoors,test,,,,,,,,,1921,,,,,,,,,13,96.72088942928686,100.0,100.0,100.0
information_coverage.csv,amazon-sports-and-outdoors,test,,,,,,,,,1921,,,,,,,,,14,97.34233536232782,100.0,100.0,100.0
information_coverage.csv,amazon-sports-and-outdoors,test,,,,,,,,,1921,,,,,,,,,15,97.70710915186673,100.0,100.0,100.0
information_coverage.csv,amazon-sports-and-outdoors,test,,,,,,,,,1921,,,,,,,,,16,97.97267065849292,100.0,100.0,100.0
information_coverage.csv,amazon-sports-and-outdoors,test,,,,,,,,,1921,,,,,,,,,17,98.25327418556354,100.0,100.0,100.0
information_coverage.csv,amazon-sports-and-outdoors,test,,,,,,,,,1921,,,,,,,,,18,98.48817438808057,100.0,100.0,100.0
information_coverage.csv,amazon-sports-and-outdoors,test,,,,,,,,,1921,,,,,,,,,19,98.64603406043172,100.0,100.0,100.0
information_coverage.csv,amazon-sports-and-outdoors,test,,,,,,,,,1921,,,,,,,,,20,98.72931303321188,100.0,100.0,100.0
information_coverage.csv,amazon-sports-and-outdoors,test,,,,,,,,,1921,,,,,,,,,21,98.81200242512887,100.0,100.0,100.0
information_coverage.csv,amazon-sports-and-outdoors,test,,,,,,,,,1921,,,,,,,,,22,98.8784871425781,100.0,100.0,100.0
information_coverage.csv,amazon-sports-and-outdoors,test,,,,,,,,,1921,,,,,,,,,23,98.97050905635635,100.0,100.0,100.0
information_coverage.csv,amazon-sports-and-outdoors,test,,,,,,,,,1921,,,,,,,,,24,99.04840834369347,100.0,100.0,100.0
information_coverage.csv,amazon-sports-and-outdoors,test,,,,,,,,,1921,,,,,,,,,25,99.10627278380493,100.0,100.0,100.0
information_coverage.csv,amazon-sports-and-outdoors,test,,,,,,,,,1921,,,,,,,,,26,99.18730371506237,100.0,100.0,100.0
information_coverage.csv,amazon-sports-and-outdoors,test,,,,,,,,,1921,,,,,,,,,27,99.33021295055502,100.0,100.0,100.0
information_coverage.csv,amazon-sports-and-outdoors,test,,,,,,,,,1921,,,,,,,,,28,99.39059587998719,100.0,100.0,100.0
information_coverage.csv,amazon-sports-and-outdoors,test,,,,,,,,,1921,,,,,,,,,29,99.41392830519744,100.0,100.0,100.0
information_coverage.csv,amazon-sports-and-outdoors,test,,,,,,,,,1921,,,,,,,,,30,99.4476483448036,100.0,100.0,100.0
information_coverage.csv,amazon-sports-and-outdoors,test,,,,,,,,,1921,,,,,,,,,31,99.4961892337816,100.0,100.0,100.0
information_coverage.csv,amazon-sports-and-outdoors,test,,,,,,,,,1921,,,,,,,,,32,99.54078069855352,100.0,100.0,100.0
information_coverage.csv,amazon-sports-and-outdoors,test,,,,,,,,,1921,,,,,,,,,33,99.56662348057115,100.0,100.0,100.0
information_coverage.csv,amazon-sports-and-outdoors,test,,,,,,,,,1921,,,,,,,,,34,99.59526053634532,100.0,100.0,100.0
information_coverage.csv,amazon-sports-and-outdoors,test,,,,,,,,,1921,,,,,,,,,35,99.61491624550536,100.0,100.0,100.0
information_coverage.csv,amazon-sports-and-outdoors,test,,,,,,,,,1921,,,,,,,,,36,99.64062620946193,100.0,100.0,100.0
information_coverage.csv,amazon-sports-and-outdoors,test,,,,,,,,,1921,,,,,,,,,37,99.65690738265403,100.0,100.0,100.0
information_coverage.csv,amazon-sports-and-outdoors,test,,,,,,,,,1921,,,,,,,,,38,99.67677851446243,100.0,100.0,100.0
information_coverage.csv,amazon-sports-and-outdoors,test,,,,,,,,,1921,,,,,,,,,39,99.68878459364326,100.0,100.0,100.0
information_coverage.csv,amazon-sports-and-outdoors,test,,,,,,,,,1921,,,,,,,,,40,99.70189503839366,100.0,100.0,100.0
information_coverage.csv,amazon-sports-and-outdoors,test,,,,,,,,,1921,,,,,,,,,41,99.73124849893973,100.0,100.0,100.0
information_coverage.csv,amazon-sports-and-outdoors,test,,,,,,,,,1921,,,,,,,,,42,99.74268432534238,100.0,100.0,100.0
information_coverage.csv,amazon-sports-and-outdoors,test,,,,,,,,,1921,,,,,,,,,43,99.76080695917709,100.0,100.0,100.0
information_coverage.csv,amazon-sports-and-outdoors,test,,,,,,,,,1921,,,,,,,,,44,99.7706737214798,100.0,100.0,100.0
information_coverage.csv,amazon-sports-and-outdoors,test,,,,,,,,,1921,,,,,,,,,45,99.78305201885028,100.0,100.0,100.0
information_coverage.csv,amazon-sports-and-outdoors,test,,,,,,,,,1921,,,,,,,,,46,99.79303520953553,100.0,100.0,100.0
information_coverage.csv,amazon-sports-and-outdoors,test,,,,,,,,,1921,,,,,,,,,47,99.80901730453783,100.0,100.0,100.0
information_coverage.csv,amazon-sports-and-outdoors,test,,,,,,,,,1921,,,,,,,,,48,99.82339017571927,100.0,100.0,100.0
information_coverage.csv,amazon-sports-and-outdoors,test,,,,,,,,,1921,,,,,,,,,49,99.83100203150771,100.0,100.0,100.0
information_coverage.csv,amazon-sports-and-outdoors,test,,,,,,,,,1921,,,,,,,,,50,99.84377284751605,100.0,100.0,100.0
information_coverage.csv,amazon-sports-and-outdoors,test,,,,,,,,,1921,,,,,,,,,51,99.8631523056782,100.0,100.0,100.0
information_coverage.csv,amazon-sports-and-outdoors,test,,,,,,,,,1921,,,,,,,,,52,99.87050095927155,100.0,100.0,100.0
information_coverage.csv,amazon-sports-and-outdoors,test,,,,,,,,,1921,,,,,,,,,53,99.8740914437675,100.0,100.0,100.0
information_coverage.csv,amazon-sports-and-outdoors,test,,,,,,,,,1921,,,,,,,,,54,99.87747869766976,100.0,100.0,100.0
information_coverage.csv,amazon-sports-and-outdoors,test,,,,,,,,,1921,,,,,,,,,55,99.88004196958403,100.0,100.0,100.0
information_coverage.csv,amazon-sports-and-outdoors,test,,,,,,,,,1921,,,,,,,,,56,99.88226206596617,100.0,100.0,100.0
information_coverage.csv,amazon-sports-and-outdoors,test,,,,,,,,,1921,,,,,,,,,57,99.88937651467384,100.0,100.0,100.0
information_coverage.csv,amazon-sports-and-outdoors,test,,,,,,,,,1921,,,,,,,,,58,99.89838301950155,100.0,100.0,100.0
information_coverage.csv,amazon-sports-and-outdoors,test,,,,,,,,,1921,,,,,,,,,59,99.90483061883901,100.0,100.0,100.0
information_coverage.csv,amazon-sports-and-outdoors,test,,,,,,,,,1921,,,,,,,,,60,99.9059674933018,100.0,100.0,100.0
information_coverage.csv,amazon-sports-and-outdoors,test,,,,,,,,,1921,,,,,,,,,61,99.90649468544326,100.0,100.0,100.0
information_coverage.csv,amazon-sports-and-outdoors,test,,,,,,,,,1921,,,,,,,,,62,99.91485045267052,100.0,100.0,100.0
information_coverage.csv,amazon-sports-and-outdoors,test,,,,,,,,,1921,,,,,,,,,63,99.91633831573634,100.0,100.0,100.0
information_coverage.csv,amazon-sports-and-outdoors,test,,,,,,,,,1921,,,,,,,,,64,99.91788290957106,100.0,100.0,100.0
information_coverage.csv,amazon-sports-and-outdoors,test,,,,,,,,,1921,,,,,,,,,65,99.92540020325623,100.0,100.0,100.0
information_coverage.csv,amazon-sports-and-outdoors,test,,,,,,,,,1921,,,,,,,,,66,99.92827172405744,100.0,100.0,100.0
information_coverage.csv,amazon-sports-and-outdoors,test,,,,,,,,,1921,,,,,,,,,67,99.92991812265879,100.0,100.0,100.0
information_coverage.csv,amazon-sports-and-outdoors,test,,,,,,,,,1921,,,,,,,,,68,99.93606936151298,100.0,100.0,100.0
information_coverage.csv,amazon-sports-and-outdoors,test,,,,,,,,,1921,,,,,,,,,69,99.94300510202133,100.0,100.0,100.0
information_coverage.csv,amazon-sports-and-outdoors,test,,,,,,,,,1921,,,,,,,,,70,99.94306695682543,100.0,100.0,100.0
information_coverage.csv,amazon-sports-and-outdoors,test,,,,,,,,,1921,,,,,,,,,71,99.94532121547643,100.0,100.0,100.0
information_coverage.csv,amazon-sports-and-outdoors,test,,,,,,,,,1921,,,,,,,,,72,99.94558857571181,100.0,100.0,100.0
information_coverage.csv,amazon-sports-and-outdoors,test,,,,,,,,,1921,,,,,,,,,73,99.94562677885109,100.0,100.0,100.0
information_coverage.csv,amazon-sports-and-outdoors,test,,,,,,,,,1921,,,,,,,,,74,99.94632484407697,100.0,100.0,100.0
information_coverage.csv,amazon-sports-and-outdoors,test,,,,,,,,,1921,,,,,,,,,75,99.94671373167891,100.0,100.0,100.0
information_coverage.csv,amazon-sports-and-outdoors,test,,,,,,,,,1921,,,,,,,,,76,99.94769919000646,100.0,100.0,100.0
information_coverage.csv,amazon-sports-and-outdoors,test,,,,,,,,,1921,,,,,,,,,77,99.95026132093076,100.0,100.0,100.0
information_coverage.csv,amazon-sports-and-outdoors,test,,,,,,,,,1921,,,,,,,,,78,99.95043328544254,100.0,100.0,100.0
information_coverage.csv,amazon-sports-and-outdoors,test,,,,,,,,,1921,,,,,,,,,79,99.95086719941224,100.0,100.0,100.0
information_coverage.csv,amazon-sports-and-outdoors,test,,,,,,,,,1921,,,,,,,,,80,99.9519229816656,100.0,100.0,100.0
information_coverage.csv,amazon-sports-and-outdoors,test,,,,,,,,,1921,,,,,,,,,81,99.95492395305979,100.0,100.0,100.0
information_coverage.csv,amazon-sports-and-outdoors,test,,,,,,,,,1921,,,,,,,,,82,99.95863831013911,100.0,100.0,100.0
information_coverage.csv,amazon-sports-and-outdoors,test,,,,,,,,,1921,,,,,,,,,83,99.9591660788777,100.0,100.0,100.0
information_coverage.csv,amazon-sports-and-outdoors,test,,,,,,,,,1921,,,,,,,,,84,99.95960291560573,100.0,100.0,100.0
information_coverage.csv,amazon-sports-and-outdoors,test,,,,,,,,,1921,,,,,,,,,85,99.95960291560573,100.0,100.0,100.0
information_coverage.csv,amazon-sports-and-outdoors,test,,,,,,,,,1921,,,,,,,,,86,99.96044397108824,100.0,100.0,100.0
information_coverage.csv,amazon-sports-and-outdoors,test,,,,,,,,,1921,,,,,,,,,87,99.9651115630438,100.0,100.0,100.0
information_coverage.csv,amazon-sports-and-outdoors,test,,,,,,,,,1921,,,,,,,,,88,99.96686096005706,100.0,100.0,100.0
information_coverage.csv,amazon-sports-and-outdoors,test,,,,,,,,,1921,,,,,,,,,89,99.9708093274532,100.0,100.0,100.0
information_coverage.csv,amazon-sports-and-outdoors,test,,,,,,,,,1921,,,,,,,,,90,99.9708093274532,100.0,100.0,100.0
information_coverage.csv,amazon-sports-and-outdoors,test,,,,,,,,,1921,,,,,,,,,91,99.9708093274532,100.0,100.0,100.0
information_coverage.csv,amazon-sports-and-outdoors,test,,,,,,,,,1921,,,,,,,,,92,99.97182477267948,100.0,100.0,100.0
information_coverage.csv,amazon-sports-and-outdoors,test,,,,,,,,,1921,,,,,,,,,93,99.97257484657673,100.0,100.0,100.0
information_coverage.csv,amazon-sports-and-outdoors,test,,,,,,,,,1921,,,,,,,,,94,99.97291891822906,100.0,100.0,100.0
information_coverage.csv,amazon-sports-and-outdoors,test,,,,,,,,,1921,,,,,,,,,95,99.97692505458164,100.0,100.0,100.0
information_coverage.csv,amazon-sports-and-outdoors,test,,,,,,,,,1921,,,,,,,,,96,99.97720887397026,100.0,100.0,100.0
information_coverage.csv,amazon-sports-and-outdoors,test,,,,,,,,,1921,,,,,,,,,97,99.97878384473316,100.0,100.0,100.0
information_coverage.csv,amazon-sports-and-outdoors,test,,,,,,,,,1921,,,,,,,,,98,99.983310333071,100.0,100.0,100.0
information_coverage.csv,amazon-sports-and-outdoors,test,,,,,,,,,1921,,,,,,,,,99,99.9908426916523,100.0,100.0,100.0
information_coverage.csv,amazon-sports-and-outdoors,test,,,,,,,,,1921,,,,,,,,,100,100.0,100.0,100.0,100.0
information_coverage.csv,amazon-toys-and-games,test,,,,,,,,,1952,,,,,,,,,1,15.94753793603276,4.234207378411503,0.0,22.25195262646896
information_coverage.csv,amazon-toys-and-games,test,,,,,,,,,1952,,,,,,,,,2,31.051744251728646,21.487907177897586,3.4374060082410938,49.816323374275974
information_coverage.csv,amazon-toys-and-games,test,,,,,,,,,1952,,,,,,,,,3,47.799375965155434,43.60096734623235,15.268621472967329,81.52337109157403
information_coverage.csv,amazon-toys-and-games,test,,,,,,,,,1952,,,,,,,,,4,64.54560958032467,73.18097820281326,31.83447225860019,100.0
information_coverage.csv,amazon-toys-and-games,test,,,,,,,,,1952,,,,,,,,,5,75.3690852522264,100.0,49.75813952824001,100.0
information_coverage.csv,amazon-toys-and-games,test,,,,,,,,,1952,,,,,,,,,6,81.66177260538187,100.0,66.87909183248313,100.0
information_coverage.csv,amazon-toys-and-games,test,,,,,,,,,1952,,,,,,,,,7,85.89596649227605,100.0,87.17589430631577,100.0
information_coverage.csv,amazon-toys-and-games,test,,,,,,,,,1952,,,,,,,,,8,88.97926138212532,100.0,99.99999999999999,100.0
information_coverage.csv,amazon-toys-and-games,test,,,,,,,,,1952,,,,,,,,,9,91.35331572323204,100.0,99.99999999999999,100.0
information_coverage.csv,amazon-toys-and-games,test,,,,,,,,,1952,,,,,,,,,10,92.81664052677574,100.0,100.0,100.0
information_coverage.csv,amazon-toys-and-games,test,,,,,,,,,1952,,,,,,,,,11,94.16452882739961,100.0,100.0,100.0
information_coverage.csv,amazon-toys-and-games,test,,,,,,,,,1952,,,,,,,,,12,95.1625299486686,100.0,100.0,100.0
information_coverage.csv,amazon-toys-and-games,test,,,,,,,,,1952,,,,,,,,,13,95.86431250146376,100.0,100.0,100.0
information_coverage.csv,amazon-toys-and-games,test,,,,,,,,,1952,,,,,,,,,14,96.28537092381268,100.0,100.0,100.0
information_coverage.csv,amazon-toys-and-games,test,,,,,,,,,1952,,,,,,,,,15,96.86698624242099,100.0,100.0,100.0
information_coverage.csv,amazon-toys-and-games,test,,,,,,,,,1952,,,,,,,,,16,97.26698097248178,100.0,100.0,100.0
information_coverage.csv,amazon-toys-and-games,test,,,,,,,,,1952,,,,,,,,,17,97.57306563415551,100.0,100.0,100.0
information_coverage.csv,amazon-toys-and-games,test,,,,,,,,,1952,,,,,,,,,18,97.81652405816315,100.0,100.0,100.0
information_coverage.csv,amazon-toys-and-games,test,,,,,,,,,1952,,,,,,,,,19,98.06833080802258,100.0,100.0,100.0
information_coverage.csv,amazon-toys-and-games,test,,,,,,,,,1952,,,,,,,,,20,98.29224691513106,100.0,100.0,100.0
information_coverage.csv,amazon-toys-and-games,test,,,,,,,,,1952,,,,,,,,,21,98.43167370485335,100.0,100.0,100.0
information_coverage.csv,amazon-toys-and-games,test,,,,,,,,,1952,,,,,,,,,22,98.56653042626523,100.0,100.0,100.0
information_coverage.csv,amazon-toys-and-games,test,,,,,,,,,1952,,,,,,,,,23,98.70909848166376,100.0,100.0,100.0
information_coverage.csv,amazon-toys-and-games,test,,,,,,,,,1952,,,,,,,,,24,98.81622231777322,100.0,100.0,100.0
information_coverage.csv,amazon-toys-and-games,test,,,,,,,,,1952,,,,,,,,,25,98.9313284310355,100.0,100.0,100.0
information_coverage.csv,amazon-toys-and-games,test,,,,,,,,,1952,,,,,,,,,26,99.02801684642985,100.0,100.0,100.0
information_coverage.csv,amazon-toys-and-games,test,,,,,,,,,1952,,,,,,,,,27,99.10526776752273,100.0,100.0,100.0
information_coverage.csv,amazon-toys-and-games,test,,,,,,,,,1952,,,,,,,,,28,99.1922765148396,100.0,100.0,100.0
information_coverage.csv,amazon-toys-and-games,test,,,,,,,,,1952,,,,,,,,,29,99.25445025477885,100.0,100.0,100.0
information_coverage.csv,amazon-toys-and-games,test,,,,,,,,,1952,,,,,,,,,30,99.33808310940924,100.0,100.0,100.0
information_coverage.csv,amazon-toys-and-games,test,,,,,,,,,1952,,,,,,,,,31,99.39993920601871,100.0,100.0,100.0
information_coverage.csv,amazon-toys-and-games,test,,,,,,,,,1952,,,,,,,,,32,99.44694538444354,100.0,100.0,100.0
information_coverage.csv,amazon-toys-and-games,test,,,,,,,,,1952,,,,,,,,,33,99.50564448196212,100.0,100.0,100.0
information_coverage.csv,amazon-toys-and-games,test,,,,,,,,,1952,,,,,,,,,34,99.53259028986376,100.0,100.0,100.0
information_coverage.csv,amazon-toys-and-games,test,,,,,,,,,1952,,,,,,,,,35,99.56316112278415,100.0,100.0,100.0
information_coverage.csv,amazon-toys-and-games,test,,,,,,,,,1952,,,,,,,,,36,99.61781757963348,100.0,100.0,100.0
information_coverage.csv,amazon-toys-and-games,test,,,,,,,,,1952,,,,,,,,,37,99.63897733393432,100.0,100.0,100.0
information_coverage.csv,amazon-toys-and-games,test,,,,,,,,,1952,,,,,,,,,38,99.66212288207261,100.0,100.0,100.0
information_coverage.csv,amazon-toys-and-games,test,,,,,,,,,1952,,,,,,,,,39,99.68005344004523,100.0,100.0,100.0
information_coverage.csv,amazon-toys-and-games,test,,,,,,,,,1952,,,,,,,,,40,99.70081008709883,100.0,100.0,100.0
information_coverage.csv,amazon-toys-and-games,test,,,,,,,,,1952,,,,,,,,,41,99.73793056695163,100.0,100.0,100.0
information_coverage.csv,amazon-toys-and-games,test,,,,,,,,,1952,,,,,,,,,42,99.74514801458275,100.0,100.0,100.0
information_coverage.csv,amazon-toys-and-games,test,,,,,,,,,1952,,,,,,,,,43,99.75527894570754,100.0,100.0,100.0
information_coverage.csv,amazon-toys-and-games,test,,,,,,,,,1952,,,,,,,,,44,99.75707863655632,100.0,100.0,100.0
information_coverage.csv,amazon-toys-and-games,test,,,,,,,,,1952,,,,,,,,,45,99.77307797435412,100.0,100.0,100.0
information_coverage.csv,amazon-toys-and-games,test,,,,,,,,,1952,,,,,,,,,46,99.78409509884374,100.0,100.0,100.0
information_coverage.csv,amazon-toys-and-games,test,,,,,,,,,1952,,,,,,,,,47,99.7908810177854,100.0,100.0,100.0
information_coverage.csv,amazon-toys-and-games,test,,,,,,,,,1952,,,,,,,,,48,99.79835455699727,100.0,100.0,100.0
information_coverage.csv,amazon-toys-and-games,test,,,,,,,,,1952,,,,,,,,,49,99.80473442961338,100.0,100.0,100.0
information_coverage.csv,amazon-toys-and-games,test,,,,,,,,,1952,,,,,,,,,50,99.80711633605917,100.0,100.0,100.0
information_coverage.csv,amazon-toys-and-games,test,,,,,,,,,1952,,,,,,,,,51,99.81982365434075,100.0,100.0,100.0
information_coverage.csv,amazon-toys-and-games,test,,,,,,,,,1952,,,,,,,,,52,99.82932641961696,100.0,100.0,100.0
information_coverage.csv,amazon-toys-and-games,test,,,,,,,,,1952,,,,,,,,,53,99.83735530456038,100.0,100.0,100.0
information_coverage.csv,amazon-toys-and-games,test,,,,,,,,,1952,,,,,,,,,54,99.8404884519275,100.0,100.0,100.0
information_coverage.csv,amazon-toys-and-games,test,,,,,,,,,1952,,,,,,,,,55,99.84376505537149,100.0,100.0,100.0
information_coverage.csv,amazon-toys-and-games,test,,,,,,,,,1952,,,,,,,,,56,99.84498506856634,100.0,100.0,100.0
information_coverage.csv,amazon-toys-and-games,test,,,,,,,,,1952,,,,,,,,,57,99.85007768685786,100.0,100.0,100.0
information_coverage.csv,amazon-toys-and-games,test,,,,,,,,,1952,,,,,,,,,58,99.85313403559299,100.0,100.0,100.0
information_coverage.csv,amazon-toys-and-games,test,,,,,,,,,1952,,,,,,,,,59,99.8596508357219,100.0,100.0,100.0
information_coverage.csv,amazon-toys-and-games,test,,,,,,,,,1952,,,,,,,,,60,99.86784021367264,100.0,100.0,100.0
information_coverage.csv,amazon-toys-and-games,test,,,,,,,,,1952,,,,,,,,,61,99.87272599917853,100.0,100.0,100.0
information_coverage.csv,amazon-toys-and-games,test,,,,,,,,,1952,,,,,,,,,62,99.87626397254454,100.0,100.0,100.0
information_coverage.csv,amazon-toys-and-games,test,,,,,,,,,1952,,,,,,,,,63,99.88308423461622,100.0,100.0,100.0
information_coverage.csv,amazon-toys-and-games,test,,,,,,,,,1952,,,,,,,,,64,99.88887637915325,100.0,100.0,100.0
information_coverage.csv,amazon-toys-and-games,test,,,,,,,,,1952,,,,,,,,,65,99.89102064681853,100.0,100.0,100.0
information_coverage.csv,amazon-toys-and-games,test,,,,,,,,,1952,,,,,,,,,66,99.89849300103351,100.0,100.0,100.0
information_coverage.csv,amazon-toys-and-games,test,,,,,,,,,1952,,,,,,,,,67,99.90364149899813,100.0,100.0,100.0
information_coverage.csv,amazon-toys-and-games,test,,,,,,,,,1952,,,,,,,,,68,99.90868693552756,100.0,100.0,100.0
information_coverage.csv,amazon-toys-and-games,test,,,,,,,,,1952,,,,,,,,,69,99.91156898536812,100.0,100.0,100.0
information_coverage.csv,amazon-toys-and-games,test,,,,,,,,,1952,,,,,,,,,70,99.91723865805926,100.0,100.0,100.0
information_coverage.csv,amazon-toys-and-games,test,,,,,,,,,1952,,,,,,,,,71,99.92129782272474,100.0,100.0,100.0
information_coverage.csv,amazon-toys-and-games,test,,,,,,,,,1952,,,,,,,,,72,99.92265475086843,100.0,100.0,100.0
information_coverage.csv,amazon-toys-and-games,test,,,,,,,,,1952,,,,,,,,,73,99.9272894080777,100.0,100.0,100.0
information_coverage.csv,amazon-toys-and-games,test,,,,,,,,,1952,,,,,,,,,74,99.93259478317862,100.0,100.0,100.0
information_coverage.csv,amazon-toys-and-games,test,,,,,,,,,1952,,,,,,,,,75,99.93504171383115,100.0,100.0,100.0
information_coverage.csv,amazon-toys-and-games,test,,,,,,,,,1952,,,,,,,,,76,99.93696598399934,100.0,100.0,100.0
information_coverage.csv,amazon-toys-and-games,test,,,,,,,,,1952,,,,,,,,,77,99.94259999307091,100.0,100.0,100.0
information_coverage.csv,amazon-toys-and-games,test,,,,,,,,,1952,,,,,,,,,78,99.94411620125064,100.0,100.0,100.0
information_coverage.csv,amazon-toys-and-games,test,,,,,,,,,1952,,,,,,,,,79,99.94572744165816,100.0,100.0,100.0
information_coverage.csv,amazon-toys-and-games,test,,,,,,,,,1952,,,,,,,,,80,99.94691493735179,100.0,100.0,100.0
information_coverage.csv,amazon-toys-and-games,test,,,,,,,,,1952,,,,,,,,,81,99.94967665863223,100.0,100.0,100.0
information_coverage.csv,amazon-toys-and-games,test,,,,,,,,,1952,,,,,,,,,82,99.95207398480265,100.0,100.0,100.0
information_coverage.csv,amazon-toys-and-games,test,,,,,,,,,1952,,,,,,,,,83,99.96145162295826,100.0,100.0,100.0
information_coverage.csv,amazon-toys-and-games,test,,,,,,,,,1952,,,,,,,,,84,99.96270773927829,100.0,100.0,100.0
information_coverage.csv,amazon-toys-and-games,test,,,,,,,,,1952,,,,,,,,,85,99.96957487564673,100.0,100.0,100.0
information_coverage.csv,amazon-toys-and-games,test,,,,,,,,,1952,,,,,,,,,86,99.97041751623041,100.0,100.0,100.0
information_coverage.csv,amazon-toys-and-games,test,,,,,,,,,1952,,,,,,,,,87,99.97369204296945,100.0,100.0,100.0
information_coverage.csv,amazon-toys-and-games,test,,,,,,,,,1952,,,,,,,,,88,99.97565034739192,100.0,100.0,100.0
information_coverage.csv,amazon-toys-and-games,test,,,,,,,,,1952,,,,,,,,,89,99.98504087279386,100.0,100.0,100.0
information_coverage.csv,amazon-toys-and-games,test,,,,,,,,,1952,,,,,,,,,90,99.98658177755404,100.0,100.0,100.0
information_coverage.csv,amazon-toys-and-games,test,,,,,,,,,1952,,,,,,,,,91,99.98816117863302,100.0,100.0,100.0
information_coverage.csv,amazon-toys-and-games,test,,,,,,,,,1952,,,,,,,,,92,99.98911207467266,100.0,100.0,100.0
information_coverage.csv,amazon-toys-and-games,test,,,,,,,,,1952,,,,,,,,,93,99.98958402369523,100.0,100.0,100.0
information_coverage.csv,amazon-toys-and-games,test,,,,,,,,,1952,,,,,,,,,94,99.9943090613452,100.0,100.0,100.0
information_coverage.csv,amazon-toys-and-games,test,,,,,,,,,1952,,,,,,,,,95,99.99482736385129,100.0,100.0,100.0
information_coverage.csv,amazon-toys-and-games,test,,,,,,,,,1952,,,,,,,,,96,99.99694493620173,100.0,100.0,100.0
information_coverage.csv,amazon-toys-and-games,test,,,,,,,,,1952,,,,,,,,,97,99.99789086251899,100.0,100.0,100.0
information_coverage.csv,amazon-toys-and-games,test,,,,,,,,,1952,,,,,,,,,98,99.99848371165777,100.0,100.0,100.0
information_coverage.csv,amazon-toys-and-games,test,,,,,,,,,1952,,,,,,,,,99,99.9995234695029,100.0,100.0,100.0
information_coverage.csv,amazon-toys-and-games,test,,,,,,,,,1952,,,,,,,,,100,100.0,100.0,100.0,100.0
