dataset,split,user,history_length,positive_signal_total,items_for_50pct,items_for_80pct,items_for_90pct
amazon:Baby_Products,valid,3,3,1.6045664641816737,3,3,3
amazon:Baby_Products,valid,170,10,0.81068115234375,4,6,6
amazon:Baby_Products,valid,234,8,4.419181797868115,5,7,7
amazon:Baby_Products,valid,570,9,4.9019419524629235,5,6,7
amazon:Baby_Products,valid,747,3,2.0967446537341106,3,3,3
amazon:Baby_Products,valid,749,6,7.2054902674788135,6,6,6
amazon:Baby_Products,valid,771,5,4.723742261983581,3,5,5
amazon:Baby_Products,valid,877,6,3.8934843418961864,2,3,4
amazon:Baby_Products,valid,957,3,0.5666925979872882,3,3,3
amazon:Baby_Products,valid,993,4,1.9382456634004237,3,3,3
amazon:Baby_Products,valid,1043,3,0.9624519994703391,3,3,3
amazon:Baby_Products,valid,1160,7,0.36458160917637716,1,7,7
amazon:Baby_Products,valid,1173,3,0.3872113761255297,1,3,3
amazon:Baby_Products,valid,1179,4,1.2875378624867584,3,4,4
amazon:Baby_Products,valid,1303,41,60.111034328654654,26,33,36
amazon:Baby_Products,valid,1365,5,1.2527285818326273,4,4,4
amazon:Baby_Products,valid,1615,53,12.703705247782043,24,41,50
amazon:Baby_Products,valid,1784,19,9.367437640691207,13,14,17
amazon:Baby_Products,valid,1846,8,2.819796494306144,5,5,6
amazon:Baby_Products,valid,1875,3,3.4096114853681145,1,1,1
amazon:Baby_Products,valid,1941,5,3.7727886652542373,4,4,4
amazon:Baby_Products,valid,2073,4,0.7529363082627119,4,4,4
amazon:Baby_Products,valid,2222,3,33.227480303230934,2,3,3
amazon:Baby_Products,valid,2583,7,3.3251380015227756,4,6,6
amazon:Baby_Products,valid,2669,16,4.6878099344544495,9,15,15
amazon:Baby_Products,valid,2739,5,1.2503093137579449,4,4,4
amazon:Baby_Products,valid,2976,3,1.9567384881488348,3,3,3
amazon:Baby_Products,valid,3026,4,3.3310373079978817,2,4,4
amazon:Baby_Products,valid,3144,3,0.5194257315942796,1,1,1
amazon:Baby_Products,valid,3150,2,1.660577702926377,1,2,2
amazon:Baby_Products,valid,3229,14,5.040538723185911,11,13,13
amazon:Baby_Products,valid,3456,3,4.032887397378178,1,2,2
amazon:Baby_Products,valid,3642,7,4.352164782507944,2,4,6
amazon:Baby_Products,valid,3757,2,1.623875297934322,1,2,2
amazon:Baby_Products,valid,4195,2,1.3085697497351694,2,2,2
amazon:Baby_Products,valid,4368,6,5.671492547503973,4,4,4
amazon:Baby_Products,valid,4525,5,1.3461595438294491,3,5,5
amazon:Baby_Products,valid,4744,3,1.2419690148305085,1,1,1
amazon:Baby_Products,valid,4940,3,1.241516940876589,1,1,1
amazon:Baby_Products,valid,4981,4,4.647217003773834,2,3,3
amazon:Baby_Products,valid,5006,10,2.120415742518538,9,9,9
amazon:Baby_Products,valid,5203,3,9.663615391618116,2,3,3
amazon:Baby_Products,valid,5232,2,3.448100461798199,2,2,2
amazon:Baby_Products,valid,5430,4,1.4035520391949154,3,4,4
amazon:Baby_Products,valid,5453,2,0.7661863165386653,1,1,1
amazon:Baby_Products,valid,5669,4,0.5282538979740465,3,3,3
amazon:Baby_Products,valid,5818,2,2.222285073490466,1,1,2
amazon:Baby_Products,valid,5982,3,0.5110732256355932,2,2,2
amazon:Baby_Products,valid,6046,2,1.086024604409428,1,2,2
amazon:Baby_Products,valid,6053,8,7.406105170815678,4,7,8
amazon:Baby_Products,valid,6102,6,5.877417405985169,4,5,6
amazon:Baby_Products,valid,6108,3,0.4628000033103813,2,2,2
amazon:Baby_Products,valid,6233,25,8.84045327396716,14,20,22
amazon:Baby_Products,valid,6266,5,2.3963248559984107,5,5,5
amazon:Baby_Products,valid,6293,4,0.3600717318260064,1,1,1
amazon:Baby_Products,valid,6328,3,1.2952707064353812,2,3,3
amazon:Baby_Products,valid,6348,7,0.32716064453125,3,3,3
amazon:Baby_Products,valid,6430,3,0.4309698589777542,3,3,3
amazon:Baby_Products,valid,6961,5,2.2241297835010596,2,5,5
amazon:Baby_Products,valid,7114,3,0.43925264002913134,1,2,2
amazon:Baby_Products,valid,7145,3,3.7434541346663135,3,3,3
amazon:Baby_Products,valid,7195,11,4.210938120696504,3,9,11
amazon:Baby_Products,valid,7226,3,1.9010909775556142,1,2,2
amazon:Baby_Products,valid,7339,4,0.8831954697431144,2,2,2
amazon:Baby_Products,valid,7420,2,0.17278080309851696,1,1,1
amazon:Baby_Products,valid,7441,8,6.198889367055085,7,7,8
amazon:Baby_Products,valid,7576,3,1.9403758938029663,2,2,2
amazon:Baby_Products,valid,7619,6,0.709825832560911,4,5,5
amazon:Baby_Products,valid,7667,3,0.20151118908898302,2,2,2
amazon:Baby_Products,valid,7747,1,1.2758054571636652,1,1,1
amazon:Baby_Products,valid,8165,8,3.3411958338850636,3,5,5
amazon:Baby_Products,valid,8181,4,0.7268080889168433,4,4,4
amazon:Baby_Products,valid,8430,2,1.1196580789856991,2,2,2
amazon:Baby_Products,valid,8645,3,2.169971530720339,1,1,2
amazon:Baby_Products,valid,8860,3,1.6760775291313559,3,3,3
amazon:Baby_Products,valid,8897,5,3.901551534361759,4,5,5
amazon:Baby_Products,valid,9261,6,27.170331120895124,5,6,6
amazon:Baby_Products,valid,9302,3,0.8191395905058263,3,3,3
amazon:Baby_Products,valid,9358,20,13.511005155918962,11,13,13
amazon:Baby_Products,valid,9398,10,2.7208392644332626,7,9,10
amazon:Baby_Products,valid,9466,4,0.7078134310447561,2,2,2
amazon:Baby_Products,valid,9492,3,1.1610448804952331,3,3,3
amazon:Baby_Products,valid,9507,3,2.1448335291975633,3,3,3
amazon:Baby_Products,valid,9763,8,5.567771575410487,7,7,7
amazon:Baby_Products,valid,9766,3,0.0045619124073093265,2,2,2
amazon:Baby_Products,valid,9806,6,2.213855808064089,4,6,6
amazon:Baby_Products,valid,9889,4,3.236322331832627,1,2,2
amazon:Baby_Products,valid,9995,3,0.6928417141154661,3,3,3
amazon:Baby_Products,valid,10013,2,0.8267643298132945,1,1,1
amazon:Baby_Products,valid,10177,3,0.5916161488678496,2,2,2
amazon:Baby_Products,valid,10231,3,0.530782822431144,3,3,3
amazon:Baby_Products,valid,10348,10,2.539454780190678,8,8,8
amazon:Baby_Products,valid,10540,9,1.0498120324086333,7,8,8
amazon:Baby_Products,valid,10991,4,2.131458554025424,2,3,4
amazon:Baby_Products,valid,11121,7,1.47336860268803,5,5,7
amazon:Baby_Products,valid,11144,6,0.2730292885990466,6,6,6
amazon:Baby_Products,valid,11223,3,5.432730981859111,2,2,3
amazon:Baby_Products,valid,11246,9,4.604414393538136,2,5,5
amazon:Baby_Products,valid,11383,4,0.2825373245497882,4,4,4
amazon:Baby_Products,valid,11531,2,0.6185054455773306,2,2,2
amazon:Baby_Products,valid,11731,4,1.7788814221398304,4,4,4
amazon:Baby_Products,valid,11768,13,8.171118577860168,8,13,13
amazon:Baby_Products,valid,11994,5,3.591815495895127,4,5,5
amazon:Baby_Products,valid,12156,4,0.5797913632150424,4,4,4
amazon:Baby_Products,valid,12258,3,0.7997728250794491,2,3,3
amazon:Baby_Products,valid,12265,4,15.63553032309322,4,4,4
amazon:Baby_Products,valid,12540,3,0.6869856494968221,3,3,3
amazon:Baby_Products,valid,12592,8,18.03158869339248,6,8,8
amazon:Baby_Products,valid,12698,26,21.231502209679554,18,23,24
amazon:Baby_Products,valid,12803,3,1.2718998278601696,3,3,3
amazon:Baby_Products,valid,12830,6,7.101010700807732,2,2,5
amazon:Baby_Products,valid,12831,6,1.8661292124602755,4,5,6
amazon:Baby_Products,valid,12864,3,0.783766303628178,1,3,3
amazon:Baby_Products,valid,12979,3,2.817533848649364,2,2,2
amazon:Baby_Products,valid,13019,3,0.5878945560778601,1,1,1
amazon:Baby_Products,valid,13086,3,2.0603381140757415,2,3,3
amazon:Baby_Products,valid,13252,6,1.8223742468882416,5,5,5
amazon:Baby_Products,valid,13329,16,1.8910497633077332,10,15,15
amazon:Baby_Products,valid,13431,5,1.6275587178893007,4,4,4
amazon:Baby_Products,valid,13662,3,0.196778998940678,3,3,3
amazon:Baby_Products,valid,13789,3,2.2037357653601695,1,3,3
amazon:Baby_Products,valid,13915,5,2.7435581013307733,2,2,2
amazon:Baby_Products,valid,13963,7,3.709239895060911,3,5,5
amazon:Baby_Products,valid,13980,7,0.495270602985964,4,5,5
amazon:Baby_Products,valid,14067,3,2.445265327065678,2,2,2
amazon:Baby_Products,valid,14175,4,2.107423530190678,3,4,4
amazon:Baby_Products,valid,14410,4,2.853748179290254,2,2,2
amazon:Baby_Products,valid,14499,6,5.449721721067267,3,5,6
amazon:Baby_Products,valid,14865,3,0.3130650407176907,1,1,1
amazon:Baby_Products,valid,14882,2,0.03175462625794492,1,1,1
amazon:Baby_Products,valid,15099,3,1.3645822298728814,1,3,3
amazon:Baby_Products,valid,15156,7,1.0576080839512714,5,5,5
amazon:Baby_Products,valid,15302,10,4.825095794160488,5,7,8
amazon:Baby_Products,valid,15423,3,0.9168312202065677,2,2,2
amazon:Baby_Products,valid,15531,6,2.023641398801642,3,4,4
amazon:Baby_Products,valid,15726,3,1.0336868544756355,1,2,2
amazon:Baby_Products,valid,15728,8,2.2710834050582624,8,8,8
amazon:Baby_Products,valid,15729,3,1.5377553131620763,1,1,1
amazon:Baby_Products,valid,15803,8,5.460328803628179,6,7,8
amazon:Baby_Products,valid,15805,3,1.0805899927171612,2,2,2
amazon:Baby_Products,valid,15826,6,1.0912672139830508,3,4,4
amazon:Baby_Products,valid,15912,10,5.801905331369174,7,10,10
amazon:Baby_Products,valid,16178,7,3.894236108812235,3,6,6
amazon:Baby_Products,valid,16403,5,1.3741306110963984,3,3,3
amazon:Baby_Products,valid,16536,4,2.181885593220339,2,4,4
amazon:Baby_Products,valid,16566,4,0.751270203671213,3,3,3
amazon:Baby_Products,valid,16620,3,6.7504928330243645,2,2,3
amazon:Baby_Products,valid,16731,2,0.6473150738215042,1,1,1
amazon:Baby_Products,valid,16787,4,0.5827144299523305,4,4,4
amazon:Baby_Products,valid,16825,4,2.414999131024894,3,3,3
amazon:Baby_Products,valid,16866,3,0.6423246739274364,3,3,3
amazon:Baby_Products,valid,16882,11,4.097696181475106,8,10,11
amazon:Baby_Products,valid,17037,12,3.1177171610169494,1,3,11
amazon:Baby_Products,valid,17062,4,1.8825638076006355,3,3,3
amazon:Baby_Products,valid,17261,3,1.6201096356925317,2,2,3
amazon:Baby_Products,valid,17306,3,0.6199930481991526,3,3,3
amazon:Baby_Products,valid,17413,4,0.22103540452860168,3,3,3
amazon:Baby_Products,valid,17484,6,8.012197307004767,6,6,6
amazon:Baby_Products,valid,17494,3,1.9760837360963983,2,2,2
amazon:Baby_Products,valid,17506,4,0.04905281713453391,1,1,1
amazon:Baby_Products,valid,17627,10,3.0481751522775427,2,5,6
amazon:Baby_Products,valid,17631,3,1.5840497550317798,2,2,2
amazon:Baby_Products,valid,17644,3,0.7686533782441737,3,3,3
amazon:Baby_Products,valid,17694,16,9.52329256736626,7,12,14
amazon:Baby_Products,valid,17710,7,1.3317573159427964,5,7,7
amazon:Baby_Products,valid,17805,4,8.160719842425847,4,4,4
amazon:Baby_Products,valid,17984,4,0.674995034427966,4,4,4
amazon:Baby_Products,valid,18028,3,3.3593052750926904,3,3,3
amazon:Baby_Products,valid,18104,7,4.372706319518009,6,7,7
amazon:Baby_Products,valid,18121,10,2.8016042935646186,7,9,9
amazon:Baby_Products,valid,18180,3,0.8954784328654661,2,3,3
amazon:Baby_Products,valid,18236,6,3.0012908418299786,5,6,6
amazon:Baby_Products,valid,18266,9,3.3424223301774365,6,6,6
amazon:Baby_Products,valid,18539,3,0.008703613281249994,2,2,2
amazon:Baby_Products,valid,18825,5,1.1254144183659958,3,5,5
amazon:Baby_Products,valid,18855,5,1.3105348748675847,4,5,5
amazon:Baby_Products,valid,19013,5,7.0658718303098516,3,4,4
amazon:Baby_Products,valid,19214,7,4.973504121424789,6,6,6
amazon:Baby_Products,valid,19474,3,34.51911021087129,2,3,3
amazon:Baby_Products,valid,19656,3,1.96937059305482,3,3,3
amazon:Baby_Products,valid,19695,7,4.743302891618114,7,7,7
amazon:Baby_Products,valid,19698,3,2.2240817829713984,2,3,3
amazon:Baby_Products,valid,19875,37,6.069780149298198,16,23,33
amazon:Baby_Products,valid,19986,9,2.435317631091102,7,8,9
amazon:Baby_Products,valid,19996,5,2.0149879584878176,4,4,4
amazon:Baby_Products,valid,20067,4,1.780629924192267,2,3,3
amazon:Baby_Products,valid,20068,6,8.774193094544492,5,5,5
amazon:Baby_Products,valid,20104,6,1.2223346257613876,1,3,3
amazon:Baby_Products,valid,20122,10,6.086698991161281,6,10,10
amazon:Baby_Products,valid,20149,5,0.523643364340572,2,4,4
amazon:Baby_Products,valid,20225,3,1.157000215174788,2,2,2
amazon:Baby_Products,valid,20287,4,0.4800770905058263,2,2,2
amazon:Baby_Products,valid,20539,6,4.511430539923198,6,6,6
amazon:Baby_Products,valid,20901,3,2.1730317713850638,2,2,2
amazon:Baby_Products,valid,20938,3,2.2325329796742586,2,2,3
amazon:Baby_Products,valid,21527,3,1.0755046262579449,3,3,3
amazon:Baby_Products,valid,21546,5,2.396525754766949,3,5,5
amazon:Baby_Products,valid,21590,4,1.8650186829647777,2,4,4
amazon:Baby_Products,valid,21716,2,3.4492551641949154,2,2,2
amazon:Baby_Products,valid,21864,12,4.046622376522776,5,10,11
amazon:Baby_Products,valid,21890,6,0.618915105270127,4,4,5
amazon:Baby_Products,valid,22088,8,1.8497548248808262,1,1,1
amazon:Baby_Products,valid,22144,9,1.5224975585937501,5,8,8
amazon:Baby_Products,valid,22318,3,2.4336299572960804,3,3,3
amazon:Baby_Products,valid,22336,4,0.8571030438956567,2,2,2
amazon:Baby_Products,valid,22392,3,1.750381935248941,3,3,3
amazon:Baby_Products,valid,22715,4,2.0206507795948094,1,2,2
amazon:Baby_Products,valid,22727,2,0.7304341978945974,2,2,2
amazon:Baby_Products,valid,22916,5,5.76946980104608,4,4,5
amazon:Baby_Products,valid,23011,3,0.8474404545153601,1,1,1
amazon:Baby_Products,valid,23032,10,1.5567343501721398,5,5,5
amazon:Baby_Products,valid,23087,3,0.825265244306144,1,1,1
amazon:Baby_Products,valid,23148,4,1.7925266071901484,4,4,4
amazon:Baby_Products,valid,23200,4,0.7773514052568856,2,4,4
amazon:Baby_Products,valid,23295,5,0.5497947563559322,2,2,2
amazon:Baby_Products,valid,23362,27,7.264591126522776,17,22,26
amazon:Baby_Products,valid,23547,3,3.473803917836335,3,3,3
amazon:Baby_Products,valid,23593,5,0.5536655232057733,5,5,5
amazon:Baby_Products,valid,23627,6,0.9584408517611228,5,5,5
amazon:Baby_Products,valid,23646,3,6.451808295815678,3,3,3
amazon:Baby_Products,valid,23832,10,3.4475373866194383,6,8,8
amazon:Baby_Products,valid,23882,13,1.649166611493644,11,11,12
amazon:Baby_Products,valid,23959,7,0.07367936473781778,3,3,3
amazon:Baby_Products,valid,24253,13,2.4307205458818855,9,12,12
amazon:Baby_Products,valid,24275,3,2.330576130495233,1,3,3
amazon:Baby_Products,valid,24336,4,1.7819129038665253,4,4,4
amazon:Baby_Products,valid,24419,4,3.7732697050450215,4,4,4
amazon:Baby_Products,valid,24587,3,0.6112960556806144,2,2,2
amazon:Baby_Products,valid,24645,4,0.764977199748411,1,4,4
amazon:Baby_Products,valid,24714,13,2.7135230112884003,3,11,13
amazon:Baby_Products,valid,24785,3,2.0700745663400424,2,3,3
amazon:Baby_Products,valid,24837,6,2.0607666015625004,3,6,6
amazon:Baby_Products,valid,24879,4,0.10227836996822035,1,1,1
amazon:Baby_Products,valid,25106,3,4.028548004667638,1,1,1
amazon:Baby_Products,valid,25179,6,5.968795724642478,3,5,5
amazon:Baby_Products,valid,25330,7,2.3057463047868114,5,7,7
amazon:Baby_Products,valid,25471,5,1.2859697762182203,3,3,3
amazon:Baby_Products,valid,25482,4,1.5518393306408897,1,1,2
amazon:Baby_Products,valid,25575,2,0.6557884086996822,2,2,2
amazon:Baby_Products,valid,25582,3,0.14206418829449152,2,2,2
amazon:Baby_Products,valid,25614,7,5.950848492121293,6,7,7
amazon:Baby_Products,valid,25791,5,0.66768798828125,2,2,4
amazon:Baby_Products,valid,25962,12,2.634014582229873,9,11,11
amazon:Baby_Products,valid,26028,10,6.972055208885063,6,7,10
amazon:Baby_Products,valid,26050,8,0.39484428793697046,3,7,7
amazon:Baby_Products,valid,26064,4,3.139571057335805,4,4,4
amazon:Baby_Products,valid,26268,20,14.910969569319384,19,20,20
amazon:Baby_Products,valid,26306,4,1.0749664823887712,4,4,4
amazon:Baby_Products,valid,26311,5,0.6202076022907839,4,4,4
amazon:Baby_Products,valid,26894,3,3.423677502648305,2,3,3
amazon:Baby_Products,valid,27069,4,0.2279445842161017,3,3,3
amazon:Baby_Products,valid,27128,5,2.2726531465174786,5,5,5
amazon:Baby_Products,valid,27226,5,0.8222366591631356,1,3,3
amazon:Baby_Products,valid,27377,2,3.4741806806144067,2,2,2
amazon:Baby_Products,valid,27447,3,1.6147216796875001,2,2,2
amazon:Baby_Products,valid,27455,3,2.8262180134401484,3,3,3
amazon:Baby_Products,valid,27648,4,0.9040109408103812,4,4,4
amazon:Baby_Products,valid,27654,5,2.6488823324947033,5,5,5
amazon:Baby_Products,valid,27976,8,3.379404876191737,6,8,8
amazon:Baby_Products,valid,28117,3,0.16961876820709743,1,1,1
amazon:Baby_Products,valid,28152,10,4.2205351231461865,2,8,9
amazon:Baby_Products,valid,28277,10,1.137267238810911,4,8,8
amazon:Baby_Products,valid,28297,4,3.5215586516816737,2,4,4
amazon:Baby_Products,valid,28347,3,1.927326784295551,3,3,3
amazon:Baby_Products,valid,28365,3,1.8329591912738348,3,3,3
amazon:Baby_Products,valid,28409,3,2.4111696404925844,1,1,1
amazon:Baby_Products,valid,28539,8,2.0761898751986227,1,7,7
amazon:Baby_Products,valid,28598,4,0.6217980336334745,1,4,4
amazon:Baby_Products,valid,28622,4,2.799459166445975,4,4,4
amazon:Baby_Products,valid,28776,4,2.957856569451801,2,2,2
amazon:Baby_Products,valid,28902,3,0.06802440578654662,3,3,3
amazon:Baby_Products,valid,28960,9,7.237406895524365,6,6,8
amazon:Baby_Products,valid,29038,5,1.1323730468750002,4,4,4
amazon:Baby_Products,valid,29130,5,2.1094188625529657,2,5,5
amazon:Baby_Products,valid,29186,4,1.7637273238877116,4,4,4
amazon:Baby_Products,valid,29220,9,3.0672034312102756,4,4,7
amazon:Baby_Products,valid,29830,5,0.015539757680084754,2,2,2
amazon:Baby_Products,valid,30058,14,8.14596030025159,3,12,13
amazon:Baby_Products,valid,30239,3,1.2641516733977756,1,1,1
amazon:Baby_Products,valid,30340,4,1.5836243710275424,2,3,3
amazon:Baby_Products,valid,30394,3,2.7712261652542374,1,1,1
amazon:Baby_Products,valid,30398,6,3.980631786281779,4,4,5
amazon:Baby_Products,valid,30441,8,5.388435803429555,5,8,8
amazon:Baby_Products,valid,30559,3,0.9783066571769066,2,2,2
amazon:Baby_Products,valid,30732,3,4.203906870696504,2,2,2
amazon:Baby_Products,valid,30822,2,0.8917700816009004,1,1,1
amazon:Baby_Products,valid,30830,3,0.7413156283103812,3,3,3
amazon:Baby_Products,valid,30888,5,1.7980282541048727,3,5,5
amazon:Baby_Products,valid,30987,4,1.2331532623808263,2,4,4
amazon:Baby_Products,valid,31120,8,2.165042372881356,3,5,8
amazon:Baby_Products,valid,31161,8,10.757196148371293,5,7,7
amazon:Baby_Products,valid,31183,4,6.4116885427701265,3,4,4
amazon:Baby_Products,valid,31488,4,4.373106048066737,3,3,4
amazon:Baby_Products,valid,31660,6,2.3508451817399365,3,3,3
amazon:Baby_Products,valid,31735,17,15.648201428429559,17,17,17
amazon:Baby_Products,valid,31762,4,3.8978774248543435,2,2,2
amazon:Baby_Products,valid,31839,19,4.130736890889831,12,16,16
amazon:Baby_Products,valid,32270,14,11.376556293034957,14,14,14
amazon:Baby_Products,valid,32361,3,2.589044086003707,2,3,3
amazon:Baby_Products,valid,32653,8,2.6380021951966364,5,7,7
amazon:Baby_Products,valid,32743,3,34.02314722093485,2,3,3
amazon:Baby_Products,valid,32763,6,1.6404723086599575,2,4,5
amazon:Baby_Products,valid,32801,10,8.015477067333157,8,9,10
amazon:Baby_Products,valid,32937,3,0.5559711003707628,3,3,3
amazon:Baby_Products,valid,33087,3,3.6729701155323093,2,2,3
amazon:Baby_Products,valid,33104,5,2.052251059322034,3,4,4
amazon:Baby_Products,valid,33274,5,1.5982227390095338,3,3,4
amazon:Baby_Products,valid,33341,4,0.4427351612155721,2,2,2
amazon:Baby_Products,valid,33396,5,0.19075741525423728,3,3,3
amazon:Baby_Products,valid,33419,4,0.2851903883077331,1,1,1
amazon:Baby_Products,valid,33510,3,1.1097941770391948,2,2,2
amazon:Baby_Products,valid,33604,3,8.038721013473252,2,2,2
amazon:Baby_Products,valid,33918,4,3.5077299473649366,2,2,2
amazon:Baby_Products,valid,33987,5,2.9048116393008474,2,4,4
amazon:Baby_Products,valid,34024,6,3.1313455872616527,2,4,6
amazon:Baby_Products,valid,34118,3,2.8606213585805085,3,3,3
amazon:Baby_Products,valid,34130,3,4.092884128376589,2,2,2
amazon:Baby_Products,valid,34328,12,3.3815179339909958,9,10,12
amazon:Baby_Products,valid,34390,4,1.7729832536083157,1,2,2
amazon:Baby_Products,valid,34453,6,1.3722368660619702,3,6,6
amazon:Baby_Products,valid,34474,4,2.8927868859242585,1,3,3
amazon:Baby_Products,valid,34478,4,2.272003587625795,4,4,4
amazon:Baby_Products,valid,34578,3,0.6309131686970338,2,2,2
amazon:Baby_Products,valid,34644,9,4.292736609507416,4,8,8
amazon:Baby_Products,valid,34744,3,1.12275390625,3,3,3
amazon:Baby_Products,valid,34913,3,0.4045681193723517,1,1,1
amazon:Baby_Products,valid,35043,3,1.592846472788665,2,2,2
amazon:Baby_Products,valid,35052,16,9.647968046543962,4,13,15
amazon:Baby_Products,valid,35276,4,1.249338337526483,3,3,3
amazon:Baby_Products,valid,35324,13,4.034228722523834,5,7,7
amazon:Baby_Products,valid,35340,8,8.225832560911016,4,5,5
amazon:Baby_Products,valid,35355,5,0.6377106230137711,1,2,2
amazon:Baby_Products,valid,35472,6,3.4165984590174787,3,6,6
amazon:Baby_Products,valid,35584,3,4.1454314668299785,2,3,3
amazon:Baby_Products,valid,35647,3,3.947980253575212,2,3,3
amazon:Baby_Products,valid,35749,3,0.7344126555879236,3,3,3
amazon:Baby_Products,valid,35857,9,3.7667906680349583,5,6,6
amazon:Baby_Products,valid,36098,27,13.478336657507946,12,16,21
amazon:Baby_Products,valid,36122,3,0.8577365681276483,2,2,2
amazon:Baby_Products,valid,36198,3,1.7680033021054025,1,1,1
amazon:Baby_Products,valid,36311,5,4.1041822530455505,3,5,5
amazon:Baby_Products,valid,36323,3,0.21591010659427967,3,3,3
amazon:Baby_Products,valid,36415,5,2.0039532160354874,1,3,3
amazon:Baby_Products,valid,36432,3,0.22975515591896187,1,1,1
amazon:Baby_Products,valid,36504,3,2.3499904826536016,1,2,3
amazon:Baby_Products,valid,36558,5,1.5822213900291313,1,5,5
amazon:Baby_Products,valid,36570,3,0.18356685315148302,2,2,2
amazon:Baby_Products,valid,36588,4,2.0955632613877118,2,2,2
amazon:Baby_Products,valid,36835,6,3.96473823159428,3,4,4
amazon:Baby_Products,valid,37126,4,0.7585194733183263,2,4,4
amazon:Baby_Products,valid,37336,6,0.7528173414327329,3,4,4
amazon:Baby_Products,valid,37430,4,2.5285369355799787,3,4,4
amazon:Baby_Products,valid,37465,6,0.6017710540254236,2,4,4
amazon:Baby_Products,valid,37571,9,0.6698684951006355,1,6,7
amazon:Baby_Products,valid,37603,10,3.620210705773305,6,10,10
amazon:Baby_Products,valid,37695,3,2.260752532441737,3,3,3
amazon:Baby_Products,valid,37786,4,3.3137219445180084,4,4,4
amazon:Baby_Products,valid,38031,2,1.328383623543432,2,2,2
amazon:Baby_Products,valid,38250,4,2.8384927006091103,3,3,3
amazon:Baby_Products,valid,38622,5,1.0627097954184324,3,5,5
amazon:Baby_Products,valid,38636,16,5.136597196934587,11,14,15
amazon:Baby_Products,valid,38646,4,0.6288634219412076,1,1,1
amazon:Baby_Products,valid,38747,3,1.8308177883342163,2,3,3
amazon:Baby_Products,valid,38749,3,1.278412175582627,2,2,2
amazon:Baby_Products,valid,39044,4,1.3310650324417375,4,4,4
amazon:Baby_Products,valid,39091,3,1.2425903320312501,3,3,3
amazon:Baby_Products,valid,39190,9,2.4636778750662076,8,8,9
amazon:Baby_Products,valid,39262,3,1.7632253873146186,1,1,1
amazon:Baby_Products,valid,39390,3,3.3876282772775426,2,3,3
amazon:Baby_Products,valid,39510,7,4.634724245233051,2,5,7
amazon:Baby_Products,valid,39608,5,0.5281264482918432,5,5,5
amazon:Baby_Products,valid,39725,5,1.9638115317134535,2,2,4
amazon:Baby_Products,valid,39731,3,2.5491442664194914,1,3,3
amazon:Baby_Products,valid,39807,7,1.3723411430746821,6,7,7
amazon:Baby_Products,valid,39833,2,3.2668265649827863,1,2,2
amazon:Baby_Products,valid,39909,4,12.865012993246822,3,4,4
amazon:Baby_Products,valid,40082,8,6.137012339446504,7,7,8
amazon:Baby_Products,valid,40118,6,1.5488726082494704,6,6,6
amazon:Baby_Products,valid,40418,8,5.369179935778602,5,6,6
amazon:Baby_Products,valid,40450,71,11.825916975635593,41,66,67
amazon:Baby_Products,valid,40779,3,1.073771227820445,3,3,3
amazon:Baby_Products,valid,40794,3,2.0073538052833686,3,3,3
amazon:Baby_Products,valid,41084,6,0.7394947116657838,5,5,5
amazon:Baby_Products,valid,41112,4,0.9143105717028601,3,3,3
amazon:Baby_Products,valid,41187,4,34.040767760195976,3,4,4
amazon:Baby_Products,valid,41369,11,6.818413168697034,5,7,9
amazon:Baby_Products,valid,41416,5,2.650368073027013,1,3,5
amazon:Baby_Products,valid,41522,6,0.2585056110963983,5,5,5
amazon:Baby_Products,valid,41540,3,2.1558817200741522,1,3,3
amazon:Baby_Products,valid,41600,3,0.7144396765757414,1,1,1
amazon:Baby_Products,valid,41607,9,2.0561269986427435,4,4,4
amazon:Baby_Products,valid,41895,15,6.3885253906249995,13,14,14
amazon:Baby_Products,valid,41910,4,1.949131645590572,4,4,4
amazon:Baby_Products,valid,41992,6,10.554736121226165,2,4,5
amazon:Baby_Products,valid,42084,4,1.3979872881355933,3,3,3
amazon:Baby_Products,valid,42130,4,3.2667827024298197,4,4,4
amazon:Baby_Products,valid,42156,2,0.15130863512976694,1,1,1
amazon:Baby_Products,valid,42505,4,1.6542521848516951,2,2,3
amazon:Baby_Products,valid,42554,6,1.0840586516816735,2,2,2
amazon:Baby_Products,valid,42645,3,1.3126272427833685,1,2,2
amazon:Baby_Products,valid,42699,9,1.2838968567929028,2,3,3
amazon:Baby_Products,valid,42781,4,1.6317846265889833,2,4,4
amazon:Baby_Products,valid,42978,3,1.734323895987818,2,2,2
amazon:Baby_Products,valid,42997,5,1.9923447431144066,4,5,5
amazon:Baby_Products,valid,43020,4,7.805282541048729,3,4,4
amazon:Baby_Products,valid,43091,6,3.6026183047537077,4,6,6
amazon:Baby_Products,valid,43220,4,1.0486899165783898,2,4,4
amazon:Baby_Products,valid,43292,3,0.6798693640757416,3,3,3
amazon:Baby_Products,valid,43303,3,0.8767282259666314,2,2,2
amazon:Baby_Products,valid,43368,6,0.5093325857388771,1,1,4
amazon:Baby_Products,valid,43599,3,1.0953600867319915,1,3,3
amazon:Baby_Products,valid,43721,4,5.472891493975105,2,4,4
amazon:Baby_Products,valid,43729,4,1.5124149645789196,1,4,4
amazon:Baby_Products,valid,43747,12,7.142681367518539,12,12,12
amazon:Baby_Products,valid,43841,4,4.940144374006886,2,4,4
amazon:Baby_Products,valid,43941,14,4.005629510394598,6,7,8
amazon:Baby_Products,valid,43964,5,0.661411091432733,2,4,4
amazon:Baby_Products,valid,44078,3,0.6966501009666313,1,1,2
amazon:Baby_Products,valid,44101,5,0.9119730286679025,5,5,5
amazon:Baby_Products,valid,44258,4,6.982347184520657,4,4,4
amazon:Baby_Products,valid,44739,9,14.284105203919491,4,7,7
amazon:Baby_Products,valid,44915,4,1.4469453456038135,2,4,4
amazon:Baby_Products,valid,44976,8,1.8157463461665784,4,6,6
amazon:Baby_Products,valid,45136,6,10.09455059504105,3,4,5
amazon:Baby_Products,valid,45175,6,2.594309247550318,4,4,4
amazon:Baby_Products,valid,45202,3,0.7871658583818857,3,3,3
amazon:Baby_Products,valid,45578,6,1.9339531332759534,3,4,4
amazon:Baby_Products,valid,45680,4,1.813247111692267,3,4,4
amazon:Baby_Products,valid,45759,25,10.557667257018009,11,19,20
amazon:Baby_Products,valid,45976,3,0.9883164228019068,3,3,3
amazon:Baby_Products,valid,46003,2,0.8910909361758476,2,2,2
amazon:Baby_Products,valid,46235,13,1.25033745199947,7,12,12
amazon:Baby_Products,valid,46403,4,1.6116759219412076,2,2,3
amazon:Baby_Products,valid,46406,3,1.537392412605932,2,2,2
amazon:Baby_Products,valid,46436,3,1.1463100627317266,3,3,3
amazon:Baby_Products,valid,46468,11,2.875740801277807,3,8,9
amazon:Baby_Products,valid,46485,2,0.13614253674523302,1,1,1
amazon:Baby_Products,valid,46515,34,14.233408161745235,12,26,32
amazon:Baby_Products,valid,46654,15,3.137875314486229,10,11,14
amazon:Baby_Products,valid,46661,2,0.594249660685911,1,1,1
amazon:Baby_Products,valid,46774,4,2.072609904661017,2,2,3
amazon:Baby_Products,valid,46900,2,0.21956311242055082,1,1,1
amazon:Baby_Products,valid,47058,19,2.257373977919756,10,13,19
amazon:Baby_Products,valid,47168,4,1.4573457362288134,1,1,1
amazon:Baby_Products,valid,47417,5,0.23056847523834745,2,2,2
amazon:Baby_Products,valid,47527,7,0.8005213850635593,1,7,7
amazon:Baby_Products,valid,47571,6,8.791434802039195,1,4,6
amazon:Baby_Products,valid,47826,3,3.3350902492717163,1,2,3
amazon:Baby_Products,valid,48077,3,6.15226264565678,2,3,3
amazon:Baby_Products,valid,48079,3,1.6063733117055083,2,3,3
amazon:Baby_Products,valid,48128,3,1.0101231461864406,3,3,3
amazon:Baby_Products,valid,48386,7,0.5284810728945974,1,1,4
amazon:Baby_Products,valid,48540,7,8.949049920550848,5,6,7
amazon:Baby_Products,valid,48582,2,2.6832171941207625,1,2,2
amazon:Baby_Products,valid,48713,6,0.3953720868644067,2,2,6
amazon:Baby_Products,valid,48762,10,5.3470916230799785,3,6,6
amazon:Baby_Products,valid,48928,9,2.6081558486162604,7,9,9
amazon:Baby_Products,valid,49041,4,1.4299121921345341,4,4,4
amazon:Baby_Products,valid,49081,4,1.785887844279661,3,4,4
amazon:Baby_Products,valid,49173,2,0.8941292455640889,2,2,2
amazon:Baby_Products,valid,49324,7,1.1213656150688558,4,4,4
amazon:Baby_Products,valid,49546,3,1.1979260460805086,2,2,2
amazon:Baby_Products,valid,49846,3,0.08284415552171609,1,1,1
amazon:Baby_Products,valid,49901,4,0.7435679290254238,2,3,3
amazon:Baby_Products,valid,50002,3,0.6968934139962923,1,2,2
amazon:Baby_Products,valid,50110,3,0.21567300052966104,3,3,3
amazon:Baby_Products,valid,50174,4,4.530983721199682,4,4,4
amazon:Baby_Products,valid,50326,13,8.370450294623941,9,13,13
amazon:Baby_Products,valid,50430,6,3.5530871375132413,4,4,4
amazon:Baby_Products,valid,50463,6,2.5320463536149367,5,6,6
amazon:Baby_Products,valid,50485,6,3.4541230799788134,2,3,3
amazon:Baby_Products,valid,50575,4,4.78543349443856,2,2,3
amazon:Baby_Products,valid,50745,7,1.7012815313824152,6,7,7
amazon:Baby_Products,valid,50808,6,2.6442488330905722,5,6,6
amazon:Baby_Products,valid,51049,10,6.803171138440148,5,6,8
amazon:Baby_Products,valid,51060,3,3.619405455508475,2,2,3
amazon:Baby_Products,valid,51263,3,11.833868718551376,3,3,3
amazon:Baby_Products,valid,51310,5,0.521318442134534,3,3,4
amazon:Baby_Products,valid,51320,3,1.162485103283898,3,3,3
amazon:Baby_Products,valid,51340,4,1.909095893471928,2,3,3
amazon:Baby_Products,valid,51410,5,1.0931278552039196,5,5,5
amazon:Baby_Products,valid,51417,13,29.511379435911017,3,7,9
amazon:Baby_Products,valid,51447,3,0.6709857488082627,1,1,3
amazon:Baby_Products,valid,51798,5,0.19598719710010604,1,1,1
amazon:Baby_Products,valid,51963,4,0.031712832693326254,2,2,2
amazon:Baby_Products,valid,51978,4,1.8508642164327331,2,2,2
amazon:Baby_Products,valid,52024,6,3.3414563195180085,4,6,6
amazon:Baby_Products,valid,52060,10,2.8812406895524365,5,9,9
amazon:Baby_Products,valid,52068,3,0.2584576105667373,2,2,2
amazon:Baby_Products,valid,52071,8,7.9229343220339,6,8,8
amazon:Baby_Products,valid,52133,4,3.197889838784428,2,3,3
amazon:Baby_Products,valid,52184,8,2.4391820875264827,8,8,8
amazon:Baby_Products,valid,52268,3,0.9963730634269068,2,2,2
amazon:Baby_Products,valid,52288,4,17.573655364472984,3,4,4
amazon:Baby_Products,valid,52292,4,2.975651938228284,3,4,4
amazon:Baby_Products,valid,52410,4,0.3182070974576271,4,4,4
amazon:Baby_Products,valid,52446,6,1.819483042571504,6,6,6
amazon:Baby_Products,valid,52509,8,3.069934909626589,7,8,8
amazon:Baby_Products,valid,52735,3,1.1631362139168433,1,1,3
amazon:Baby_Products,valid,52800,4,2.6445918713585805,4,4,4
amazon:Baby_Products,valid,52829,16,13.53191973152807,11,16,16
amazon:Baby_Products,valid,53062,5,2.569407731395657,5,5,5
amazon:Baby_Products,valid,53113,2,2.7394587112685382,2,2,2
amazon:Baby_Products,valid,53226,4,2.2563731048066735,3,4,4
amazon:Baby_Products,valid,53261,9,1.8981408070709744,2,5,5
amazon:Baby_Products,valid,53441,5,14.00984238446769,2,2,5
amazon:Baby_Products,valid,53476,8,1.7446423546742587,3,6,6
amazon:Baby_Products,valid,53560,6,0.3029050665386652,6,6,6
amazon:Baby_Products,valid,53591,4,2.692679919226695,3,3,3
amazon:Baby_Products,valid,53716,5,4.045261602886653,4,5,5
amazon:Baby_Products,valid,54041,7,1.1267224327992582,5,5,5
amazon:Baby_Products,valid,54072,3,0.6065586930614406,1,1,1
amazon:Baby_Products,valid,54163,3,0.08704896054025424,1,1,1
amazon:Baby_Products,valid,54189,3,0.9315715207891949,3,3,3
amazon:Baby_Products,valid,54492,5,1.3463548563294492,4,5,5
amazon:Baby_Products,valid,54601,11,5.196895896782309,4,6,9
amazon:Baby_Products,valid,54800,3,0.412995729608051,3,3,3
amazon:Baby_Products,valid,55093,4,2.007688567597987,4,4,4
amazon:Baby_Products,valid,55168,5,1.0120551675052967,3,3,3
amazon:Baby_Products,valid,55212,4,1.7369610285354873,2,4,4
amazon:Baby_Products,valid,55298,4,2.8892658815545555,1,2,4
amazon:Baby_Products,valid,55406,3,0.28238008143538135,1,1,1
amazon:Baby_Products,valid,55612,3,8.539665817002119,3,3,3
amazon:Baby_Products,valid,56072,5,2.662460689221398,2,5,5
amazon:Baby_Products,valid,56112,4,2.628561349642479,1,2,3
amazon:Baby_Products,valid,56156,11,2.6890697414592166,10,11,11
amazon:Baby_Products,valid,56306,7,2.189688162076271,7,7,7
amazon:Baby_Products,valid,56332,3,0.4069203522245763,1,1,1
amazon:Baby_Products,valid,56490,6,3.911688542770127,5,5,5
amazon:Baby_Products,valid,56605,4,0.3673695709745763,1,3,3
amazon:Baby_Products,valid,56784,3,3.1378095206567793,1,2,2
amazon:Baby_Products,valid,56833,12,5.809866384732522,7,8,9
amazon:Baby_Products,valid,56852,9,0.8928481279793432,2,7,7
amazon:Baby_Products,valid,56897,3,1.8194261453919494,1,3,3
amazon:Baby_Products,valid,56919,10,1.600859147411282,4,7,7
amazon:Baby_Products,valid,56952,4,3.2069869736493644,2,3,3
amazon:Baby_Products,valid,57098,5,0.8287446620100634,3,3,3
amazon:Baby_Products,valid,57131,5,1.3686761371159957,3,3,3
amazon:Baby_Products,valid,57498,10,2.629620050979873,6,10,10
amazon:Baby_Products,valid,57538,2,1.4794195660090044,2,2,2
amazon:Baby_Products,valid,57652,3,1.5742044739804024,1,3,3
amazon:Baby_Products,valid,57705,32,9.797791561837924,20,29,31
amazon:Baby_Products,valid,57819,4,2.1101227323887715,2,2,2
amazon:Baby_Products,valid,57885,4,0.3591705839512712,2,4,4
amazon:Baby_Products,valid,58025,3,1.0582180217161017,3,3,3
amazon:Baby_Products,valid,58056,7,13.152560166181143,4,6,6
amazon:Baby_Products,valid,58101,5,1.8989055051641948,1,2,2
amazon:Baby_Products,valid,58102,5,1.7328665005958686,2,3,4
amazon:Baby_Products,valid,58115,23,14.59575505660752,16,21,22
amazon:Baby_Products,valid,58317,4,5.669994910288666,4,4,4
amazon:Baby_Products,valid,58470,3,6.857906742419226,2,2,3
amazon:Baby_Products,valid,58593,3,0.768574963585805,3,3,3
amazon:Baby_Products,valid,58674,3,1.190862519862288,3,3,3
amazon:Baby_Products,valid,58737,3,0.7626146219544492,3,3,3
amazon:Baby_Products,valid,58779,10,2.768943036612818,3,9,9
amazon:Baby_Products,valid,58803,9,1.075711111295021,3,9,9
amazon:Baby_Products,valid,58840,7,3.07847900390625,3,7,7
amazon:Baby_Products,valid,58928,6,2.875238347457627,6,6,6
amazon:Baby_Products,valid,58980,5,2.731965663069386,5,5,5
amazon:Baby_Products,valid,59235,3,0.5754448324947034,2,2,3
amazon:Baby_Products,valid,59286,4,2.785717152740996,2,4,4
amazon:Baby_Products,valid,59352,5,1.6370032358977753,5,5,5
amazon:Baby_Products,valid,59396,3,1.6701176012976695,3,3,3
amazon:Baby_Products,valid,59397,6,5.679433221332097,5,6,6
amazon:Baby_Products,valid,59419,4,1.2339508573887712,4,4,4
amazon:Baby_Products,valid,59424,5,2.025232761189089,2,5,5
amazon:Baby_Products,valid,59451,11,5.319477870100635,7,10,11
amazon:Baby_Products,valid,59526,3,0.8177748857918432,3,3,3
amazon:Baby_Products,valid,59603,7,3.130016676046081,5,6,7
amazon:Baby_Products,valid,59703,4,0.1953855352886653,4,4,4
amazon:Baby_Products,valid,59719,3,0.5590201684984111,3,3,3
amazon:Baby_Products,valid,59802,4,2.726189461400953,1,2,3
amazon:Baby_Products,valid,59811,6,1.29350782491393,4,6,6
amazon:Baby_Products,valid,59878,3,0.35127532441737297,1,2,2
amazon:Baby_Products,valid,59909,15,4.815287754899364,8,9,9
amazon:Baby_Products,valid,60037,5,3.685355700476695,5,5,5
amazon:Baby_Products,valid,60043,2,0.40411273503707634,1,2,2
amazon:Baby_Products,valid,60143,3,0.31547189486228816,3,3,3
amazon:Baby_Products,valid,60160,13,2.9546682584083683,7,13,13
amazon:Baby_Products,valid,60169,5,1.2495897196106993,5,5,5
amazon:Baby_Products,valid,60467,5,0.9361216399629237,3,5,5
amazon:Baby_Products,valid,60582,5,1.512273342326536,5,5,5
amazon:Baby_Products,valid,60617,6,5.173708744372352,4,5,5
amazon:Baby_Products,valid,60685,4,1.8687760692531779,4,4,4
amazon:Baby_Products,valid,60875,5,1.2353021136784959,3,3,4
amazon:Baby_Products,valid,61250,4,0.174525580971928,3,3,3
amazon:Baby_Products,valid,61287,5,2.3881310414459747,3,3,3
amazon:Baby_Products,valid,61508,3,0.845644572629767,1,1,1
amazon:Baby_Products,valid,61545,3,0.5877422785354873,3,3,3
amazon:Baby_Products,valid,61595,3,1.4492723367981992,2,3,3
amazon:Baby_Products,valid,61778,5,5.760306251655191,5,5,5
amazon:Baby_Products,valid,61827,7,4.208104020458157,7,7,7
amazon:Baby_Products,valid,61999,1,0.30630565578654667,1,1,1
amazon:Baby_Products,valid,62003,5,1.5040390790519065,2,5,5
amazon:Baby_Products,valid,62120,4,2.2528526176840575,3,3,4
amazon:Baby_Products,valid,62168,5,2.8286947993908895,3,5,5
amazon:Baby_Products,valid,62216,4,4.606863248146186,4,4,4
amazon:Baby_Products,valid,62257,3,2.699986137778072,3,3,3
amazon:Baby_Products,valid,62274,6,0.7943698689088984,4,4,4
amazon:Baby_Products,valid,62275,7,2.7322954598119704,6,7,7
amazon:Baby_Products,valid,62283,7,0.23774972689353818,1,4,4
amazon:Baby_Products,valid,62447,3,0.27474365234375,2,2,3
amazon:Baby_Products,valid,62507,5,1.0533706923662605,2,4,4
amazon:Baby_Products,valid,62557,3,0.683828166379767,2,2,2
amazon:Baby_Products,valid,62986,5,7.033593956898834,3,3,4
amazon:Baby_Products,valid,63344,4,0.5318013853945974,1,3,3
amazon:Baby_Products,valid,63468,6,3.251547189486229,3,6,6
amazon:Baby_Products,valid,63503,11,1.1539740093683792,11,11,11
amazon:Baby_Products,valid,63560,5,3.887400688559323,1,2,4
amazon:Baby_Products,valid,63671,8,0.6316461078191209,8,8,8
amazon:Baby_Products,valid,63722,3,2.1510415287341105,1,3,3
amazon:Baby_Products,valid,63740,12,1.834015720173464,8,9,11
amazon:Baby_Products,valid,63761,6,1.9565189684851696,4,4,4
amazon:Baby_Products,valid,63845,4,3.060207354012182,4,4,4
amazon:Baby_Products,valid,64166,5,1.0056117170948093,4,4,4
amazon:Baby_Products,valid,64496,14,5.4163870084083685,12,12,12
amazon:Baby_Products,valid,64598,3,1.7003873146186441,2,3,3
amazon:Baby_Products,valid,64635,4,11.374124404131356,4,4,4
amazon:Baby_Products,valid,64789,6,0.7436647576800848,2,2,2
amazon:Baby_Products,valid,64853,4,2.058750786215572,3,3,4
amazon:Baby_Products,valid,64944,3,0.2032954846398305,2,2,2
amazon:Baby_Products,valid,64977,6,2.7123351016287076,2,5,5
amazon:Baby_Products,valid,65041,9,3.2795430846133473,4,9,9
amazon:Baby_Products,valid,65185,9,4.654775845802437,1,2,3
amazon:Baby_Products,valid,65377,5,1.2056141998808263,3,3,3
amazon:Baby_Products,valid,65438,6,5.082150423728814,3,6,6
amazon:Baby_Products,valid,65518,5,7.10313762082892,5,5,5
amazon:Baby_Products,valid,65532,4,1.2179286116260593,3,3,3
amazon:Baby_Products,valid,65582,5,16.672243073027012,4,5,5
amazon:Baby_Products,valid,65720,4,0.6144202280852754,4,4,4
amazon:Baby_Products,valid,65957,3,3.045205119504767,3,3,3
amazon:Baby_Products,valid,65967,4,2.610332320908369,2,4,4
amazon:Baby_Products,valid,65971,3,0.7516402939618644,1,1,1
amazon:Baby_Products,valid,66025,5,0.6536929373013771,1,2,2
amazon:Baby_Products,valid,66425,3,3.5049411579713983,2,2,3
amazon:Baby_Products,valid,66480,15,1.3312913797669492,13,13,14
amazon:Baby_Products,valid,66529,2,2.0628697282176907,2,2,2
amazon:Baby_Products,valid,66632,5,0.5733851545948092,2,2,5
amazon:Baby_Products,valid,66697,6,1.4487805382680086,2,4,4
amazon:Baby_Products,valid,66784,6,0.7028092723781779,5,5,5
amazon:Baby_Products,valid,66862,4,2.396547272245763,3,4,4
amazon:Baby_Products,valid,66873,5,0.9210997500662077,1,4,4
amazon:Baby_Products,valid,66904,8,6.327534924523306,4,8,8
amazon:Baby_Products,valid,67093,3,0.6057158906581038,1,1,1
amazon:Baby_Products,valid,67118,3,0.39274343716896176,1,2,2
amazon:Baby_Products,valid,67463,11,2.8096375546212924,4,5,10
amazon:Baby_Products,valid,67507,4,2.710031490002648,3,3,3
amazon:Baby_Products,valid,67614,4,0.6362850900423727,1,1,1
amazon:Baby_Products,valid,67659,3,1.477824582891949,2,3,3
amazon:Baby_Products,valid,67698,4,4.656901938228283,3,4,4
amazon:Baby_Products,valid,67737,4,1.6871130991790255,2,3,3
amazon:Baby_Products,valid,67945,3,4.947987908832097,2,3,3
amazon:Baby_Products,valid,68009,6,0.8958024364406779,6,6,6
amazon:Baby_Products,valid,68100,3,5.733788028005827,2,2,2
amazon:Baby_Products,valid,68237,3,0.9327444302833687,1,1,3
amazon:Baby_Products,valid,68256,5,2.421743826138771,4,5,5
amazon:Baby_Products,valid,68269,6,3.919544801873676,1,5,5
amazon:Baby_Products,valid,68562,1,1.0037823175979872,1,1,1
amazon:Baby_Products,valid,68590,2,0.4984840522378178,2,2,2
amazon:Baby_Products,valid,68663,3,0.5994299937102754,2,2,2
amazon:Baby_Products,valid,68756,3,1.2006496623411018,1,1,1
amazon:Baby_Products,valid,68868,3,3.204689155190678,3,3,3
amazon:Baby_Products,valid,69019,12,8.027088333388507,7,12,12
amazon:Baby_Products,valid,69047,8,3.9406903800317794,2,5,5
amazon:Baby_Products,valid,69092,10,4.8824729790121815,7,9,9
amazon:Baby_Products,valid,69307,6,7.8584236791578395,6,6,6
amazon:Baby_Products,valid,69504,3,1.8341598252118647,2,3,3
amazon:Baby_Products,valid,69674,22,14.46813406216896,10,20,20
amazon:Baby_Products,valid,69677,4,0.7202179472325212,1,3,3
amazon:Baby_Products,valid,69849,7,2.3548486741922674,3,6,6
amazon:Baby_Products,valid,69889,3,0.38986257779396183,1,1,1
amazon:Baby_Products,valid,69903,3,0.9944557319253178,1,1,1
amazon:Baby_Products,valid,69962,10,5.208995961334747,7,8,8
amazon:Baby_Products,valid,69970,5,0.46528920319120765,1,1,1
amazon:Baby_Products,valid,69976,5,4.033183262711864,3,3,4
amazon:Baby_Products,valid,70004,3,1.8934727555614406,2,3,3
amazon:Baby_Products,valid,70212,12,4.500459108514301,9,12,12
amazon:Baby_Products,valid,70281,3,0.3865662655587924,2,2,2
amazon:Baby_Products,valid,70344,4,4.046642031912077,4,4,4
amazon:Baby_Products,valid,70482,46,15.327867617849575,29,39,43
amazon:Baby_Products,valid,70510,2,1.5899221646583688,1,1,1
amazon:Baby_Products,valid,70993,2,6.688572149761653,2,2,2
amazon:Baby_Products,valid,71031,3,0.6687822762182204,3,3,3
amazon:Baby_Products,valid,71129,4,5.112285652807204,3,4,4
amazon:Baby_Products,valid,71228,11,0.427976032838983,10,10,10
amazon:Baby_Products,valid,71357,5,2.5621509616657843,2,2,4
amazon:Baby_Products,valid,71538,6,16.98837849245233,6,6,6
amazon:Baby_Products,valid,71931,4,1.0624693789724575,3,4,4
amazon:Baby_Products,valid,71934,4,0.7588099592823093,4,4,4
amazon:Baby_Products,valid,71945,4,1.4777285818326271,2,2,2
amazon:Baby_Products,valid,71968,8,1.5845303810248943,3,5,5
amazon:Baby_Products,valid,72034,4,2.6543711516816737,4,4,4
amazon:Baby_Products,valid,72215,4,1.8248783434851694,3,3,3
amazon:Baby_Products,valid,72236,5,1.0882253873146186,3,3,4
amazon:Baby_Products,valid,72534,4,2.452310232388771,4,4,4
amazon:Baby_Products,valid,72740,13,4.85937934487553,6,9,9
amazon:Baby_Products,valid,72876,3,1.4473281084480931,1,1,1
amazon:Baby_Products,valid,72981,3,0.46005145574020123,1,1,1
amazon:Baby_Products,valid,73037,4,2.1401596845206567,2,2,2
amazon:Baby_Products,valid,73163,3,0.5508897684388242,2,2,2
amazon:Baby_Products,valid,73181,4,1.249480890823623,1,3,3
amazon:Baby_Products,valid,73274,9,0.3517474675582627,5,5,5
amazon:Baby_Products,valid,73342,3,0.8581172619835804,1,1,2
amazon:Baby_Products,valid,73513,4,2.2029073424258474,3,4,4
amazon:Baby_Products,valid,73518,3,0.7454445014565678,3,3,3
amazon:Baby_Products,valid,73593,3,0.5744577181541314,2,2,2
amazon:Baby_Products,valid,73636,3,10.18354099079714,2,2,2
amazon:Baby_Products,valid,73732,6,3.826910917637712,6,6,6
amazon:Baby_Products,valid,73883,4,0.6617311639300847,3,3,3
amazon:Baby_Products,valid,73997,2,0.5265720173463984,2,2,2
amazon:Baby_Products,valid,74086,5,1.2880371093749998,3,3,3
amazon:Baby_Products,valid,74224,2,0.22376502085540254,1,1,1
amazon:Baby_Products,valid,74277,3,0.24871412374205507,1,1,1
amazon:Baby_Products,valid,74388,5,2.1185811705508475,5,5,5
amazon:Baby_Products,valid,74396,49,15.965607930846133,24,46,48
amazon:Baby_Products,valid,74543,4,0.7341753426244703,1,1,4
amazon:Baby_Products,valid,74677,4,0.9328739489539195,3,3,3
amazon:Baby_Products,valid,74737,4,2.5885047007415256,3,3,3
amazon:Baby_Products,valid,74982,3,0.8389922578456038,2,3,3
amazon:Baby_Products,valid,75085,10,2.380898478879767,9,9,9
amazon:Baby_Products,valid,75095,2,1.8489522643008476,2,2,2
amazon:Baby_Products,valid,75120,2,2.5320554571636653,2,2,2
amazon:Baby_Products,valid,75131,5,2.3387281514830507,3,4,4
amazon:Baby_Products,valid,75253,3,5.679512049788136,2,2,2
amazon:Baby_Products,valid,75291,4,0.048899505097987295,1,1,1
amazon:Baby_Products,valid,75375,3,0.2614172983977754,1,1,1
amazon:Baby_Products,valid,75581,4,2.5993195097325206,2,2,2
amazon:Baby_Products,valid,75589,4,1.245288913532839,4,4,4
amazon:Baby_Products,valid,75605,5,2.1076674639168433,4,5,5
amazon:Baby_Products,valid,75705,4,1.0988531597590043,3,4,4
amazon:Baby_Products,valid,75740,6,3.2645735401218223,6,6,6
amazon:Baby_Products,valid,75843,3,1.3151087874073095,1,1,1
amazon:Baby_Products,valid,75881,4,0.4618459927833687,2,3,3
amazon:Baby_Products,valid,75904,6,4.3205305713718225,6,6,6
amazon:Baby_Products,valid,75921,3,2.961711922338454,2,3,3
amazon:Baby_Products,valid,75986,4,1.9527457544359113,4,4,4
amazon:Baby_Products,valid,76231,5,0.8376175185381356,2,2,2
amazon:Baby_Products,valid,76326,3,1.197813286215572,3,3,3
amazon:Baby_Products,valid,76415,4,3.7893221580376064,1,3,3
amazon:Baby_Products,valid,76420,3,1.5599768687102755,1,3,3
amazon:Baby_Products,valid,76424,7,1.9725258002846928,2,5,5
amazon:Baby_Products,valid,76575,3,1.2026274083024364,3,3,3
amazon:Baby_Products,valid,76862,5,0.5187032408633474,4,4,4
amazon:Baby_Products,valid,76901,15,5.283111468816207,5,10,10
amazon:Baby_Products,valid,77052,3,1.9570266982256357,2,3,3
amazon:Baby_Products,valid,77139,3,1.1576989125397243,1,1,1
amazon:Baby_Products,valid,77339,2,1.2023975436970338,2,2,2
amazon:Baby_Products,valid,77450,5,1.093715240995763,2,5,5
amazon:Baby_Products,valid,77462,3,0.7634392172603284,2,3,3
amazon:Baby_Products,valid,77502,3,0.024718617584745764,2,2,2
amazon:Baby_Products,valid,77524,10,2.2349865929555084,4,9,9
amazon:Baby_Products,valid,77599,3,1.501630155918962,3,3,3
amazon:Baby_Products,valid,77615,3,5.369759459414724,1,2,2
amazon:Baby_Products,valid,77687,2,1.5258054571636652,2,2,2
amazon:Baby_Products,valid,77934,3,0.7265101545948094,1,1,1
amazon:Baby_Products,valid,78070,3,0.6605166677701273,3,3,3
amazon:Baby_Products,valid,78206,11,2.834053479210805,9,10,10
amazon:Baby_Products,valid,78419,7,2.6838647874735173,5,5,6
amazon:Baby_Products,valid,78470,3,2.8440278651350637,1,3,3
amazon:Baby_Products,valid,78477,3,3.4305949582891953,3,3,3
amazon:Baby_Products,valid,78637,4,1.2077835341631356,2,4,4
amazon:Baby_Products,valid,78833,5,2.630137298066737,2,3,4
amazon:Baby_Products,valid,78844,3,0.8007164906647246,2,2,2
amazon:Baby_Products,valid,78988,3,0.03042157706567797,3,3,3
amazon:Baby_Products,valid,79016,12,2.448669847391419,10,11,11
amazon:Baby_Products,valid,79064,7,1.2072205624337924,6,6,6
amazon:Baby_Products,valid,79154,10,3.65866740598517,5,9,9
amazon:Baby_Products,valid,79321,6,1.5422077760858048,3,3,3
amazon:Baby_Products,valid,79351,3,6.160571289062501,2,2,2
amazon:Baby_Products,valid,79494,13,10.331255586268536,6,9,13
amazon:Baby_Products,valid,79531,4,5.573419499801377,3,4,4
amazon:Baby_Products,valid,79674,3,2.9307449599443856,2,2,2
amazon:Baby_Products,valid,79713,3,1.520016220868644,1,3,3
amazon:Baby_Products,valid,79797,6,0.7755075228416314,3,3,3
amazon:Baby_Products,valid,79929,14,4.140403825145656,12,13,14
amazon:Baby_Products,valid,79966,3,1.199180473715572,1,1,1
amazon:Baby_Products,valid,80155,4,4.152040436308263,3,4,4
amazon:Baby_Products,valid,80236,8,5.439077396716101,4,8,8
amazon:Baby_Products,valid,80250,3,0.6248288946636653,2,2,2
amazon:Baby_Products,valid,80399,6,2.2715452032574155,4,6,6
amazon:Baby_Products,valid,80567,3,2.33508693889036,3,3,3
amazon:Baby_Products,valid,80575,6,4.68793986692267,3,4,6
amazon:Baby_Products,valid,80598,3,2.7786629369703393,1,2,2
amazon:Baby_Products,valid,80684,3,1.1570556640625,1,1,3
amazon:Baby_Products,valid,80716,5,4.648110392942266,4,4,4
amazon:Baby_Products,valid,80767,5,4.082709878177966,5,5,5
amazon:Baby_Products,valid,80768,4,3.066285007282839,1,2,2
amazon:Baby_Products,valid,80773,7,4.964019465042373,7,7,7
amazon:Baby_Products,valid,80816,6,2.8135860119835807,4,5,6
amazon:Baby_Products,valid,80889,4,0.649764756024894,1,1,1
amazon:Baby_Products,valid,80904,5,1.390399480270127,4,4,4
amazon:Baby_Products,valid,81015,4,2.9146471961069915,3,3,3
amazon:Baby_Products,valid,81016,13,0.12650053379899362,13,13,13
amazon:Baby_Products,valid,81134,7,3.304974468683792,3,3,6
amazon:Baby_Products,valid,81163,2,2.8263694633871816,1,2,2
amazon:Baby_Products,valid,81179,8,2.578135551840572,3,8,8
amazon:Baby_Products,valid,81340,4,0.7494765459480932,4,4,4
amazon:Baby_Products,valid,81407,4,1.3384035272113348,3,3,3
amazon:Baby_Products,valid,81452,5,6.251441153833421,3,5,5
amazon:Baby_Products,valid,81611,8,3.7293966002383474,4,7,8
amazon:Baby_Products,valid,81654,3,0.5284678313691736,2,2,2
amazon:Baby_Products,valid,81694,4,0.6364979889433264,2,4,4
amazon:Baby_Products,valid,81709,3,1.4923064668299788,1,2,2
amazon:Baby_Products,valid,81717,3,1.4440255892478815,2,2,2
amazon:Baby_Products,valid,81755,11,0.9742500951734638,6,6,11
amazon:Baby_Products,valid,81802,10,2.7922052932997876,6,8,8
amazon:Baby_Products,valid,82047,4,1.341556872351695,1,1,1
amazon:Baby_Products,valid,82125,3,0.03422975701800851,3,3,3
amazon:Baby_Products,valid,82169,3,4.429093907243115,3,3,3
amazon:Baby_Products,valid,82297,4,0.4508646302304026,3,4,4
amazon:Baby_Products,valid,82306,4,1.1766500182070976,3,4,4
amazon:Baby_Products,valid,82405,34,26.407979260460806,20,26,28
amazon:Baby_Products,valid,82425,3,0.1720020358845339,1,1,1
amazon:Baby_Products,valid,82572,10,2.884412241790254,10,10,10
amazon:Baby_Products,valid,82673,10,3.324991930945444,6,6,6
amazon:Baby_Products,valid,82852,5,1.6544764631885591,3,4,4
amazon:Baby_Products,valid,82964,4,1.109014582229873,4,4,4
amazon:Baby_Products,valid,83077,3,1.82061767578125,2,2,2
amazon:Baby_Products,valid,83095,5,2.086704680879237,1,5,5
amazon:Baby_Products,valid,83201,12,12.549662341101696,12,12,12
amazon:Baby_Products,valid,83223,6,1.1298130875926906,4,4,6
amazon:Baby_Products,valid,83240,3,1.145393811242055,2,2,2
amazon:Baby_Products,valid,83247,2,10.85152587890625,2,2,2
amazon:Baby_Products,valid,83321,4,0.8149078886387712,3,3,4
amazon:Baby_Products,valid,83348,2,5.246952069815943,2,2,2
amazon:Baby_Products,valid,83461,4,12.255604475635593,4,4,4
amazon:Baby_Products,valid,83554,2,0.6562121375132415,1,2,2
amazon:Baby_Products,valid,83569,3,1.31578369140625,1,1,1
amazon:Baby_Products,valid,83588,3,0.8987869521318856,3,3,3
amazon:Baby_Products,valid,83593,7,2.7823718054819917,2,2,2
amazon:Baby_Products,valid,83613,31,10.232888845670022,15,20,28
amazon:Baby_Products,valid,83746,4,3.698550673662606,4,4,4
amazon:Baby_Products,valid,83853,13,17.61814316571769,13,13,13
amazon:Baby_Products,valid,83922,4,3.931018894001589,2,2,3
amazon:Baby_Products,valid,84019,3,0.03951312566207621,1,1,1
amazon:Baby_Products,valid,84088,3,1.548329912605932,2,2,2
amazon:Baby_Products,valid,84191,4,2.1742189568988346,2,4,4
amazon:Baby_Products,valid,84235,4,3.095113463320975,4,4,4
amazon:Baby_Products,valid,85025,4,0.8395677469544491,3,3,3
amazon:Baby_Products,valid,85093,3,7.466576113943327,3,3,3
amazon:Baby_Products,valid,85177,5,1.446756240068856,3,4,4
amazon:Baby_Products,valid,85329,4,4.359734176377119,4,4,4
amazon:Baby_Products,valid,85544,4,3.0490279892743644,1,3,3
amazon:Baby_Products,valid,85563,5,2.767192258673199,3,3,3
amazon:Baby_Products,valid,85697,21,5.567065843485169,11,17,20
amazon:Baby_Products,valid,85783,5,0.4389083603681143,5,5,5
amazon:Baby_Products,valid,85963,4,0.2176464016154661,3,3,3
amazon:Baby_Products,valid,86135,5,0.766271145060911,1,1,1
amazon:Baby_Products,valid,86218,6,7.452502855203919,4,4,4
amazon:Baby_Products,valid,86267,8,1.7821659411414195,4,5,8
amazon:Baby_Products,valid,86637,14,6.080321644928495,8,12,13
amazon:Baby_Products,valid,86646,4,0.9632322149761653,4,4,4
amazon:Baby_Products,valid,86678,4,4.546873344809322,4,4,4
amazon:Baby_Products,valid,86701,4,1.494135659427966,3,3,3
amazon:Baby_Products,valid,86779,2,0.628108654992055,1,1,1
amazon:Baby_Products,valid,87044,5,2.1274745100635593,5,5,5
amazon:Baby_Products,valid,87093,6,0.17244459249205507,1,1,1
amazon:Baby_Products,valid,87096,7,2.9971832792637714,1,4,4
amazon:Baby_Products,valid,87445,6,3.4889778783765886,4,6,6
amazon:Baby_Products,valid,87520,3,1.3484457759533897,2,2,2
amazon:Baby_Products,valid,87790,8,5.432539910785223,7,7,7
amazon:Baby_Products,valid,87799,5,2.4239853681144066,1,1,1
amazon:Baby_Products,valid,87834,10,5.853674109507415,7,7,7
amazon:Baby_Products,valid,87876,4,5.6038764565677965,1,1,2
amazon:Baby_Products,valid,88121,6,1.285551840572034,3,3,3
amazon:Baby_Products,valid,88143,6,1.3767778816869705,1,4,4
amazon:Baby_Products,valid,88262,12,4.065368031647246,4,7,7
amazon:Baby_Products,valid,88348,5,1.2304488877118644,4,5,5
amazon:Baby_Products,valid,88449,3,4.068879932468221,3,3,3
amazon:Baby_Products,valid,88490,6,1.6502833479541845,5,5,6
amazon:Baby_Products,valid,88492,3,0.062497517213983056,2,2,2
amazon:Baby_Products,valid,88613,4,0.25327769134004235,1,1,1
amazon:Baby_Products,valid,88623,4,5.730406887248411,3,3,3
amazon:Baby_Products,valid,88773,7,12.363685737221928,7,7,7
amazon:Baby_Products,valid,88831,4,0.03156324483580508,1,1,1
amazon:Baby_Products,valid,88886,3,0.9529191356594279,1,1,1
amazon:Baby_Products,valid,88978,5,3.7992164741128183,2,5,5
amazon:Baby_Products,valid,89005,5,1.5309216515492583,4,4,4
amazon:Baby_Products,valid,89176,8,7.949491546113612,1,6,6
amazon:Baby_Products,valid,89212,3,6.10382038698358,2,2,3
amazon:Baby_Products,valid,89311,6,1.263249594478284,6,6,6
amazon:Baby_Products,valid,89329,6,1.4075911182468221,1,5,5
amazon:Baby_Products,valid,89426,4,2.8027676857123938,2,4,4
amazon:Baby_Products,valid,89542,9,5.166161488678496,5,9,9
amazon:Baby_Products,valid,89702,3,4.783807683395127,3,3,3
amazon:Baby_Products,valid,89838,8,3.3600037655587927,6,6,6
amazon:Baby_Products,valid,89839,3,0.3749217922404661,1,2,2
amazon:Baby_Products,valid,89865,9,4.347587973384534,5,5,6
amazon:Baby_Products,valid,89965,13,13.548423223980402,5,10,10
amazon:Baby_Products,valid,90001,5,0.8887072547007415,4,5,5
amazon:Baby_Products,valid,90310,3,2.6749809653072036,1,3,3
amazon:Baby_Products,valid,90315,11,2.506441174523305,8,9,9
amazon:Baby_Products,valid,90364,3,0.7149443028336864,3,3,3
amazon:Baby_Products,valid,90467,5,0.4337207858845339,1,2,2
amazon:Baby_Products,valid,90524,3,10.803804455773305,1,1,1
amazon:Baby_Products,valid,90577,3,0.8776058908236228,1,1,1
amazon:Baby_Products,valid,90579,53,9.885660462460276,21,26,34
amazon:Baby_Products,valid,90857,3,0.7949177370233051,1,1,1
amazon:Baby_Products,valid,91006,3,2.896758722854873,2,3,3
amazon:Baby_Products,valid,91091,10,6.107958777476165,6,7,9
amazon:Baby_Products,valid,91111,6,1.0933876166909429,4,4,4
amazon:Baby_Products,valid,91278,3,0.2607603945974576,3,3,3
amazon:Baby_Products,valid,91318,12,3.1912821106991527,1,3,3
amazon:Baby_Products,valid,91347,3,0.49091300317796616,1,1,1
amazon:Baby_Products,valid,91356,7,3.3840735483977755,3,4,4
amazon:Baby_Products,valid,91376,6,1.0450865664724578,5,6,6
amazon:Baby_Products,valid,91477,9,10.435450460143008,8,9,9
amazon:Baby_Products,valid,91505,4,0.6000918630826271,1,4,4
amazon:Baby_Products,valid,91676,4,0.1749335854740466,1,1,1
amazon:Baby_Products,valid,91771,3,1.3433243056475106,2,3,3
amazon:Baby_Products,valid,91813,6,2.1487695726297673,2,2,4
amazon:Baby_Products,valid,91861,9,2.024304819915254,5,6,7
amazon:Baby_Products,valid,92053,3,1.7350461798199153,2,2,3
amazon:Baby_Products,valid,92182,9,2.854468187235169,3,4,6
amazon:Baby_Products,valid,92276,2,0.28102675615730927,1,2,2
amazon:Baby_Products,valid,92336,4,5.214060224112818,3,4,4
amazon:Baby_Products,valid,92517,8,1.1105770822298728,6,8,8
amazon:Baby_Products,valid,92660,3,11.956306483381885,3,3,3
amazon:Baby_Products,valid,92714,4,1.0022349212129238,3,3,3
amazon:Baby_Products,valid,92778,7,0.9371417546676377,6,6,6
amazon:Baby_Products,valid,92865,4,1.9769111245365467,3,3,3
amazon:Baby_Products,valid,92873,13,3.8839957544359107,12,13,13
amazon:Baby_Products,valid,92947,3,3.5001363463320976,2,3,3
amazon:Baby_Products,valid,92985,4,1.466692804886123,3,3,3
amazon:Baby_Products,valid,93241,14,7.094090555481992,12,14,14
amazon:Baby_Products,valid,93468,4,0.20307410288665256,1,1,2
amazon:Baby_Products,valid,93483,8,2.1119862701933263,4,7,7
amazon:Baby_Products,valid,93624,5,0.4282276218220339,1,1,1
amazon:Baby_Products,valid,93630,3,0.3865062648967162,1,1,2
amazon:Baby_Products,valid,93863,6,0.999144680217161,6,6,6
amazon:Baby_Products,valid,93864,3,0.8782315528998941,3,3,3
amazon:Baby_Products,valid,93926,4,9.852947480799788,2,3,3
amazon:Baby_Products,valid,94006,6,1.5652664443193856,3,6,6
amazon:Baby_Products,valid,94027,3,0.5247597904528601,1,1,1
amazon:Baby_Products,valid,94110,3,1.3502760030455507,2,2,2
amazon:Baby_Products,valid,94155,5,1.297856321173199,2,5,5
amazon:Baby_Products,valid,94220,3,1.6956207792637712,3,3,3
amazon:Baby_Products,valid,94250,14,10.992218534825213,13,14,14
amazon:Baby_Products,valid,94320,6,3.22760009765625,6,6,6
amazon:Baby_Products,valid,94325,5,0.36560182733050844,3,3,3
amazon:Baby_Products,valid,94421,3,0.9462800624006886,2,3,3
amazon:Baby_Products,valid,94442,16,5.354002354508739,7,9,10
amazon:Baby_Products,valid,94500,3,12.325986286745234,3,3,3
amazon:Baby_Products,valid,94521,5,2.67019870564089,3,5,5
amazon:Baby_Products,valid,94657,7,4.099212336136123,6,6,6
amazon:Baby_Products,valid,94758,10,2.8903047206038135,6,10,10
amazon:Baby_Products,valid,94956,4,2.292902749271716,3,4,4
amazon:Baby_Products,valid,94999,10,2.168077785685911,6,6,6
amazon:Baby_Products,valid,95022,7,4.61669177039195,6,6,7
amazon:Baby_Products,valid,95162,3,0.3753395209878178,1,1,1
amazon:Baby_Products,valid,95359,5,2.64334716796875,2,4,4
amazon:Baby_Products,valid,95401,6,1.6987834348516948,5,6,6
amazon:Baby_Products,valid,95581,5,2.6153529280323093,1,2,2
amazon:Baby_Products,valid,95682,3,2.215267685712394,2,2,2
amazon:Baby_Products,valid,95869,4,1.6003709696106991,2,4,4
amazon:Baby_Products,valid,95891,4,0.19270391949152532,2,4,4
amazon:Baby_Products,valid,95943,4,3.748830607786017,3,3,3
amazon:Baby_Products,valid,96087,5,0.9068512480137711,1,4,4
amazon:Baby_Products,valid,96195,5,1.3095488984706036,5,5,5
amazon:Baby_Products,valid,96295,3,2.447172727423199,1,1,1
amazon:Baby_Products,valid,96298,4,2.5291574251853812,1,3,3
amazon:Baby_Products,valid,96397,5,0.20148408534163137,4,4,4
amazon:Baby_Products,valid,96488,3,1.326557534427966,3,3,3
amazon:Baby_Products,valid,96644,6,5.061036397643009,3,6,6
amazon:Baby_Products,valid,96723,3,0.5407781051377119,2,2,2
amazon:Baby_Products,valid,97050,10,2.8408999685513767,3,5,9
amazon:Baby_Products,valid,97089,3,2.330401300979873,3,3,3
amazon:Baby_Products,valid,97164,3,1.782577462923729,1,1,1
amazon:Baby_Products,valid,97366,5,2.7379725569385593,2,5,5
amazon:Baby_Products,valid,97585,10,1.6805728201138772,8,9,9
amazon:Baby_Products,valid,97620,5,2.1039134914592164,1,2,2
amazon:Baby_Products,valid,97686,9,5.381153688592425,5,8,8
amazon:Baby_Products,valid,97778,2,1.2225004551774363,1,2,2
amazon:Baby_Products,valid,97833,4,0.01042790817002115,3,3,3
amazon:Baby_Products,valid,97872,7,0.44651727191472457,6,6,6
amazon:Baby_Products,valid,97958,16,5.652317680746822,7,13,13
amazon:Baby_Products,valid,97982,3,0.48381482140492593,2,3,3
amazon:Baby_Products,valid,98013,3,3.7923360533633472,2,2,2
amazon:Baby_Products,valid,98086,4,1.2640871209613347,1,1,1
amazon:Baby_Products,valid,98094,11,7.09261438402079,10,10,10
amazon:Baby_Products,valid,98529,3,0.42988281250000004,1,2,2
amazon:Baby_Products,valid,98548,13,25.708188021385062,11,11,12
amazon:Baby_Products,valid,98624,3,2.8448064254502117,1,2,2
amazon:Baby_Products,valid,98729,3,0.9154582395391948,2,2,2
amazon:Baby_Products,valid,98842,6,3.0195180084745763,5,5,5
amazon:Baby_Products,valid,98892,2,0.9677339198225635,2,2,2
amazon:Baby_Products,valid,98961,16,2.642014118776483,12,13,16
amazon:Baby_Products,valid,99079,3,0.1855594958289194,1,1,1
amazon:Baby_Products,valid,99170,9,4.915965555481991,4,6,7
amazon:Baby_Products,valid,99292,5,0.9371327545683262,1,3,3
amazon:Baby_Products,valid,99435,6,4.160652600304554,3,4,4
amazon:Baby_Products,valid,99606,2,1.2507270425052965,1,2,2
amazon:Baby_Products,valid,99670,16,26.281524140956037,14,16,16
amazon:Baby_Products,valid,99704,4,2.871532582428496,3,4,4
amazon:Baby_Products,valid,99791,47,6.453117344743115,35,36,44
amazon:Baby_Products,valid,99794,3,3.0031783798993645,1,1,1
amazon:Baby_Products,valid,100035,22,8.182993329581567,16,18,19
amazon:Baby_Products,valid,100291,3,0.20477853548728814,1,1,1
amazon:Baby_Products,valid,100323,7,2.4724549374337927,5,6,6
amazon:Baby_Products,valid,100409,8,12.252094850701802,3,5,8
amazon:Baby_Products,valid,100481,9,4.029652327198093,6,7,9
amazon:Baby_Products,valid,100630,3,5.872297694319385,3,3,3
amazon:Baby_Products,valid,100683,4,9.52746499271716,3,3,4
amazon:Baby_Products,valid,100778,6,2.9500258623543427,4,5,5
amazon:Baby_Products,valid,100935,5,1.4897936804819918,5,5,5
amazon:Baby_Products,valid,101021,5,0.5985723980402543,5,5,5
amazon:Baby_Products,valid,101044,5,0.4175331245034428,5,5,5
amazon:Baby_Products,valid,101078,3,0.5843100337658899,3,3,3
amazon:Baby_Products,valid,101104,5,1.876693466962394,2,5,5
amazon:Baby_Products,valid,101132,5,0.7243898553363348,3,4,4
amazon:Baby_Products,valid,101180,9,6.155862892280191,5,9,9
amazon:Baby_Products,valid,101186,4,3.5902271335407843,3,4,4
amazon:Baby_Products,valid,101325,16,5.120309086169227,9,15,15
amazon:Baby_Products,valid,101688,3,0.5056131653866525,2,2,2
amazon:Baby_Products,valid,101804,7,4.485411563162076,4,6,6
amazon:Baby_Products,valid,101957,5,0.2915312168961864,2,4,4
amazon:Baby_Products,valid,101984,10,10.183431748212394,9,10,10
amazon:Baby_Products,valid,102009,4,1.3251992435778601,2,4,4
amazon:Baby_Products,valid,102018,10,17.03309905488612,9,10,10
amazon:Baby_Products,valid,102111,3,0.23894518836069917,2,2,2
amazon:Baby_Products,valid,102157,2,1.5969875529661015,2,2,2
amazon:Baby_Products,valid,102190,3,1.6222256935248942,3,3,3
amazon:Baby_Products,valid,102639,7,0.8028891353283898,3,3,3
amazon:Baby_Products,valid,102663,3,0.992993991657839,3,3,3
amazon:Baby_Products,valid,102798,6,2.698258946305614,3,5,5
amazon:Baby_Products,valid,102962,3,1.1039906647245763,3,3,3
amazon:Baby_Products,valid,103286,14,1.6200429108183263,12,12,12
amazon:Baby_Products,valid,103353,8,0.2478705971927966,4,4,4
amazon:Baby_Products,valid,103408,6,14.497978184586865,5,6,6
amazon:Baby_Products,valid,103449,16,6.845640020855402,7,10,10
amazon:Baby_Products,valid,103464,5,0.7459159204515361,1,1,1
amazon:Baby_Products,valid,103491,3,1.1591693425582628,3,3,3
amazon:Baby_Products,valid,103534,8,0.997624387579449,8,8,8
amazon:Baby_Products,valid,103673,6,0.2624865515757415,2,4,4
amazon:Baby_Products,valid,103848,4,0.6221632100768008,4,4,4
amazon:Baby_Products,valid,103885,14,6.38796738446769,1,14,14
amazon:Baby_Products,valid,103891,5,1.3031181723384533,5,5,5
amazon:Baby_Products,valid,104014,3,0.5236480195643538,2,2,2
amazon:Baby_Products,valid,104039,11,8.147867079912604,5,8,8
amazon:Baby_Products,valid,104381,9,2.655732546014301,2,2,9
amazon:Baby_Products,valid,104383,3,0.4187044822563559,3,3,3
amazon:Baby_Products,valid,104411,4,6.69583978168035,2,3,4
amazon:Baby_Products,valid,104498,3,1.0383886304952332,1,1,1
amazon:Baby_Products,valid,104625,4,1.9181868213718218,2,2,2
amazon:Baby_Products,valid,104651,3,3.7415417687367585,3,3,3
amazon:Baby_Products,valid,104658,4,2.2448970471398306,3,4,4
amazon:Baby_Products,valid,104694,5,23.53867063360699,3,4,4
amazon:Baby_Products,valid,104778,3,6.41227199748411,1,2,2
amazon:Baby_Products,valid,104854,5,2.6715532723119706,3,5,5
amazon:Baby_Products,valid,104946,4,1.3887904280323093,4,4,4
amazon:Baby_Products,valid,104955,3,0.6448158393471928,2,3,3
amazon:Baby_Products,valid,105010,27,5.97551900572696,19,27,27
amazon:Baby_Products,valid,105091,10,1.919671320511123,7,7,7
amazon:Baby_Products,valid,105117,2,0.9791400456832626,1,1,1
amazon:Baby_Products,valid,105143,30,16.78482272907839,17,27,28
amazon:Baby_Products,valid,105207,5,1.342231569451801,3,5,5
amazon:Baby_Products,valid,105368,4,0.2714760990466102,2,4,4
amazon:Baby_Products,valid,105448,3,2.2857370150291314,2,2,2
amazon:Baby_Products,valid,105625,9,1.0904526532706569,7,7,8
amazon:Baby_Products,valid,105704,4,0.5994269936771718,2,2,2
amazon:Baby_Products,valid,105734,3,1.2446450443591104,1,2,3
amazon:Baby_Products,valid,105814,2,0.6052413681806145,1,1,1
amazon:Baby_Products,valid,106037,3,1.4843423099841102,3,3,3
amazon:Baby_Products,valid,106153,5,1.7919774976827332,2,2,4
amazon:Baby_Products,valid,106238,4,0.7554644051244703,1,3,3
amazon:Baby_Products,valid,106383,5,3.236607231528072,4,5,5
amazon:Baby_Products,valid,106418,4,0.7022309901350635,4,4,4
amazon:Baby_Products,valid,106533,4,0.986199433924788,3,4,4
amazon:Baby_Products,valid,106814,3,0.07288528701006353,3,3,3
amazon:Baby_Products,valid,106846,11,4.2207600221795545,5,10,10
amazon:Baby_Products,valid,106865,4,0.02836086467161017,4,4,4
amazon:Baby_Products,valid,106889,2,0.4492024049920551,1,1,1
amazon:Baby_Products,valid,107443,7,2.5731139102224576,5,6,6
amazon:Baby_Products,valid,107488,3,0.49661244537870763,1,1,1
amazon:Baby_Products,valid,107521,3,0.4652420302568856,3,3,3
amazon:Baby_Products,valid,107529,4,1.5845725883871822,4,4,4
amazon:Baby_Products,valid,107620,3,1.1151820295948092,2,2,2
amazon:Baby_Products,valid,107657,11,7.979579085010593,7,8,9
amazon:Baby_Products,valid,107692,11,7.7607169458421605,9,10,10
amazon:Baby_Products,valid,107732,3,0.4221512099443856,2,3,3
amazon:Baby_Products,valid,107821,3,4.475827595338983,2,3,3
amazon:Baby_Products,valid,108103,5,2.896169474973517,5,5,5
amazon:Baby_Products,valid,108149,8,2.1453292588056145,5,7,7
amazon:Baby_Products,valid,108205,10,4.821414650092691,3,3,7
amazon:Baby_Products,valid,108258,3,0.7132388357388771,2,2,2
amazon:Baby_Products,valid,108337,3,1.1410193491790255,2,2,2
amazon:Baby_Products,valid,108575,5,1.0900235450873943,1,5,5
amazon:Baby_Products,valid,108702,17,10.506723177635063,12,13,15
amazon:Baby_Products,valid,108843,3,1.2990201271186441,3,3,3
amazon:Baby_Products,valid,109031,3,0.43333678164724554,3,3,3
amazon:Baby_Products,valid,109126,3,0.160219767942267,2,2,2
amazon:Baby_Products,valid,109137,5,0.8392494330971928,2,2,2
amazon:Baby_Products,valid,109180,3,0.6537756968352755,3,3,3
amazon:Baby_Products,valid,109193,22,9.743156510692533,17,22,22
amazon:Baby_Products,valid,109265,3,2.328958388506356,2,2,2
amazon:Baby_Products,valid,109266,13,5.935491012314619,3,3,6
amazon:Baby_Products,valid,109409,4,1.313442734540519,2,3,3
amazon:Baby_Products,valid,109417,6,2.620672090174788,2,3,4
amazon:Baby_Products,valid,109489,3,1.3351554224046611,3,3,3
amazon:Baby_Products,valid,109511,2,0.7175921941207626,1,2,2
amazon:Baby_Products,valid,109557,8,1.173279325840837,4,5,8
amazon:Baby_Products,valid,109639,9,0.421437202065678,2,5,5
amazon:Baby_Products,valid,109757,4,1.9446396649894069,3,3,3
amazon:Baby_Products,valid,109906,6,4.153635212526483,4,4,5
amazon:Baby_Products,valid,110135,16,1.1622864804025423,5,11,11
amazon:Baby_Products,valid,110188,3,0.14088341664459744,2,2,2
amazon:Baby_Products,valid,110200,14,7.421685273768539,4,11,11
amazon:Baby_Products,valid,110274,3,1.1297237072960804,2,3,3
amazon:Baby_Products,valid,110296,11,2.326588776152013,3,6,9
amazon:Baby_Products,valid,110343,3,1.4005350403866526,2,3,3
amazon:Baby_Products,valid,110367,4,0.49422503972457626,4,4,4
amazon:Baby_Products,valid,110445,5,0.441334663003178,3,4,4
amazon:Baby_Products,valid,110503,6,2.2216540320444915,6,6,6
amazon:Baby_Products,valid,110635,5,2.4623299291578387,1,4,4
amazon:Baby_Products,valid,110668,10,3.8625254485566733,4,9,10
amazon:Baby_Products,valid,110827,17,7.367082602290784,10,14,14
amazon:Baby_Products,valid,111012,12,2.6127302784030717,12,12,12
amazon:Baby_Products,valid,111098,6,0.6480487370895127,4,4,4
amazon:Baby_Products,valid,111105,4,0.10676662639036016,4,4,4
amazon:Baby_Products,valid,111161,3,1.4262608414989406,1,3,3
amazon:Baby_Products,valid,111190,5,0.5538454217425848,2,2,5
amazon:Baby_Products,valid,111257,5,1.3704132597325211,1,2,2
amazon:Baby_Products,valid,111267,3,0.40709663003177976,2,2,2
amazon:Baby_Products,valid,111282,8,5.1797532938294495,6,8,8
amazon:Baby_Products,valid,111303,3,0.6966366525423728,1,1,1
amazon:Baby_Products,valid,111469,7,16.473710916810116,1,2,2
amazon:Baby_Products,valid,111478,9,3.3157086905786546,5,7,8
amazon:Baby_Products,valid,111485,7,2.3458587129237287,3,3,3
amazon:Baby_Products,valid,111635,4,1.7365232306011653,4,4,4
amazon:Baby_Products,valid,111729,8,4.263122765492584,4,6,6
amazon:Baby_Products,valid,111811,7,1.2484757762844279,6,6,6
amazon:Baby_Products,valid,111859,3,2.985102456302966,1,3,3
amazon:Baby_Products,valid,112084,7,0.3727950791181144,5,5,5
amazon:Baby_Products,valid,112097,5,1.3953055688890361,2,3,5
amazon:Baby_Products,valid,112147,4,3.7711645094014834,3,4,4
amazon:Baby_Products,valid,112218,7,0.35278278932733054,7,7,7
amazon:Baby_Products,valid,112285,3,8.812620415121822,2,3,3
amazon:Baby_Products,valid,112333,4,1.0376338635460807,2,2,2
amazon:Baby_Products,valid,112516,13,2.6687742071636658,6,6,7
amazon:Baby_Products,valid,112828,6,2.378896732653602,1,4,4
amazon:Baby_Products,valid,112986,5,2.289792645987818,3,3,3
amazon:Baby_Products,valid,113014,3,0.7269345041048729,2,2,2
amazon:Baby_Products,valid,113038,7,6.707106974973517,3,6,7
amazon:Baby_Products,valid,113191,6,1.44312351032839,6,6,6
amazon:Baby_Products,valid,113374,8,1.6622777906514832,1,3,4
amazon:Baby_Products,valid,113613,7,2.3082753326933263,7,7,7
amazon:Baby_Products,valid,113758,4,2.5074331509864933,2,3,4
amazon:Baby_Products,valid,113806,5,0.8531831385725636,5,5,5
amazon:Baby_Products,valid,113828,4,1.8913988016419492,3,4,4
amazon:Baby_Products,valid,113883,8,6.634065065545551,3,5,5
amazon:Baby_Products,valid,114004,3,0.8257313873808263,2,3,3
amazon:Baby_Products,valid,114165,3,1.134027409957627,1,2,2
amazon:Baby_Products,valid,114209,7,1.6012560828257416,5,5,5
amazon:Baby_Products,valid,114291,13,17.485859499139302,6,10,12
amazon:Baby_Products,valid,114522,5,0.26986828820180087,3,3,3
amazon:Baby_Products,valid,114527,23,5.882204010527012,12,19,20
amazon:Baby_Products,valid,114599,3,0.5707567117981991,1,1,1
amazon:Baby_Products,valid,114642,8,3.1693241442664197,5,7,8
amazon:Baby_Products,valid,114944,4,0.9926689535884533,2,3,3
amazon:Baby_Products,valid,115074,5,1.6927128161414196,2,3,4
amazon:Baby_Products,valid,115325,4,1.041372111692267,4,4,4
amazon:Baby_Products,valid,115486,3,0.8839076155323093,2,2,2
amazon:Baby_Products,valid,115497,6,0.43118089578919494,2,2,2
amazon:Baby_Products,valid,115751,3,0.40346886586334746,3,3,3
amazon:Baby_Products,valid,115810,2,0.251921779826536,2,2,2
amazon:Baby_Products,valid,115976,5,0.18139193260063557,2,2,2
amazon:Baby_Products,valid,116009,6,1.1002766237420551,5,5,5
amazon:Baby_Products,valid,116103,6,1.8519165039062502,5,6,6
amazon:Baby_Products,valid,116133,5,2.033051261255297,3,3,3
amazon:Baby_Products,valid,116152,25,14.81478271484375,13,18,22
amazon:Baby_Products,valid,116167,3,1.2848934884798728,2,2,3
amazon:Baby_Products,valid,116209,3,0.884864936440678,1,1,1
amazon:Baby_Products,valid,116254,9,1.247085829912606,7,7,7
amazon:Baby_Products,valid,116462,3,1.273602812168962,2,2,2
amazon:Baby_Products,valid,116545,3,2.2836967856197035,1,2,2
amazon:Baby_Products,valid,116564,10,1.9151865813691737,10,10,10
amazon:Baby_Products,valid,116605,4,0.21163609391551907,1,1,1
amazon:Baby_Products,valid,116606,10,10.342216052039195,7,9,10
amazon:Baby_Products,valid,116765,4,3.0023853366657836,4,4,4
amazon:Baby_Products,valid,116892,5,0.15001179323358055,4,4,4
amazon:Baby_Products,valid,116909,3,2.587708140227754,2,2,2
amazon:Baby_Products,valid,116939,4,0.7225143173993644,2,3,3
amazon:Baby_Products,valid,116940,2,1.2993385444253178,2,2,2
amazon:Baby_Products,valid,117415,11,2.3255894547801907,2,8,8
amazon:Baby_Products,valid,117670,6,2.9378227621822033,4,6,6
amazon:Baby_Products,valid,117684,3,1.0231151516154662,3,3,3
amazon:Baby_Products,valid,117753,21,1.9824274612685382,13,18,18
amazon:Baby_Products,valid,117958,6,3.1068346961069917,3,4,5
amazon:Baby_Products,valid,118107,5,3.7147163003177965,3,5,5
amazon:Baby_Products,valid,118172,3,1.9250039310778602,1,2,2
amazon:Baby_Products,valid,118182,5,6.025420004634533,4,5,5
amazon:Baby_Products,valid,118402,5,2.8176536430746815,4,5,5
amazon:Baby_Products,valid,118508,6,5.876204771914725,4,4,5
amazon:Baby_Products,valid,118748,5,0.7929735086731992,4,4,4
amazon:Baby_Products,valid,118879,4,0.5590452032574152,1,1,1
amazon:Baby_Products,valid,118901,4,2.667835714049258,4,4,4
amazon:Baby_Products,valid,119077,3,0.9966788599046611,1,2,2
amazon:Baby_Products,valid,119158,2,0.9880197298728812,1,1,1
amazon:Baby_Products,valid,119343,4,0.7609975006620764,2,3,3
amazon:Baby_Products,valid,119366,4,0.48599129369703387,2,2,2
amazon:Baby_Products,valid,119438,3,2.2159300723318323,3,3,3
amazon:Baby_Products,valid,119548,2,2.1147278866525423,2,2,2
amazon:Baby_Products,valid,119924,3,5.806204792604609,2,3,3
amazon:Baby_Products,valid,119944,3,0.5123311705508475,3,3,3
amazon:Baby_Products,valid,120127,7,4.028003033136917,4,5,7
amazon:Baby_Products,valid,120136,3,0.4267880197298729,3,3,3
amazon:Baby_Products,valid,120196,6,1.3661374884136652,6,6,6
amazon:Baby_Products,valid,120490,4,2.5351529396186443,4,4,4
amazon:Baby_Products,valid,120724,4,4.174194749735169,3,3,4
amazon:Baby_Products,valid,120821,6,2.2443354202529133,6,6,6
amazon:Baby_Products,valid,120882,5,0.8089607885328389,1,1,1
amazon:Baby_Products,valid,121231,11,7.885008938029661,3,5,8
amazon:Baby_Products,valid,121322,3,7.655709580243644,1,1,1
amazon:Baby_Products,valid,121407,3,2.4150541661149365,2,2,2
amazon:Baby_Products,valid,121411,5,0.37438033798993664,2,2,2
amazon:Baby_Products,valid,121434,22,3.9137035305217163,10,14,15
amazon:Baby_Products,valid,121551,3,0.5684031341035487,1,1,1
amazon:Baby_Products,valid,121553,3,0.8313393802966101,3,3,3
amazon:Baby_Products,valid,121555,5,1.4772171279131359,2,2,3
amazon:Baby_Products,valid,121584,3,3.2003662109375,2,3,3
amazon:Baby_Products,valid,121593,3,1.197987495034428,3,3,3
amazon:Baby_Products,valid,121695,3,1.3399351992849575,2,3,3
amazon:Baby_Products,valid,121746,5,18.354096596927967,1,3,3
amazon:Baby_Products,valid,121766,6,4.78929050251589,3,6,6
amazon:Baby_Products,valid,121960,3,0.8085493701999471,1,1,1
amazon:Baby_Products,valid,122275,4,1.52622897907839,4,4,4
amazon:Baby_Products,valid,122454,4,0.37065408997616534,2,2,2
amazon:Baby_Products,valid,122472,3,0.7878401416843221,1,3,3
amazon:Baby_Products,valid,122489,6,0.34689010361493644,4,4,5
amazon:Baby_Products,valid,122542,3,2.165517826403602,2,3,3
amazon:Baby_Products,valid,122548,4,0.9154129286943855,3,4,4
amazon:Baby_Products,valid,122630,14,3.9109238446769066,6,11,14
amazon:Baby_Products,valid,122691,32,6.201426360566737,9,17,21
amazon:Baby_Products,valid,122752,3,1.3364700576006356,1,1,1
amazon:Baby_Products,valid,122885,5,0.5305682683395126,1,1,1
amazon:Baby_Products,valid,122944,7,0.6353844594147247,3,4,4
amazon:Baby_Products,valid,123110,6,0.9957848500397246,4,4,4
amazon:Baby_Products,valid,123212,8,1.117294259798729,7,7,7
amazon:Baby_Products,valid,123536,3,0.7829265012579449,2,2,2
amazon:Baby_Products,valid,123715,7,3.23724758342161,3,3,5
amazon:Baby_Products,valid,124008,3,0.12577276714777547,1,1,1
amazon:Baby_Products,valid,124027,10,6.347913632150424,4,4,8
amazon:Baby_Products,valid,124102,11,8.496293821173198,8,11,11
amazon:Baby_Products,valid,124155,8,2.4635967707229876,3,5,5
amazon:Baby_Products,valid,124482,5,2.3441397974046607,1,3,3
amazon:Baby_Products,valid,124539,5,1.5884604243908895,4,5,5
amazon:Baby_Products,valid,124555,4,0.3110103283898305,4,4,4
amazon:Baby_Products,valid,124568,7,3.100636213916843,6,6,6
amazon:Baby_Products,valid,124705,3,1.1431725453522246,3,3,3
amazon:Baby_Products,valid,124845,66,25.372861493644066,31,47,54
amazon:Baby_Products,valid,124944,5,1.2100670766022246,4,4,4
amazon:Baby_Products,valid,125083,4,1.7433839959613349,3,4,4
amazon:Baby_Products,valid,125292,10,0.6749542753575212,7,7,8
amazon:Baby_Products,valid,125307,32,10.442177775754768,18,31,32
amazon:Baby_Products,valid,125371,6,1.3031448622881356,1,1,1
amazon:Baby_Products,valid,125382,3,0.19829329151218217,1,2,2
amazon:Baby_Products,valid,125400,3,0.04487511586334747,2,2,2
amazon:Baby_Products,valid,125442,14,3.4266680184057203,6,12,14
amazon:Baby_Products,valid,125532,17,3.516885427701271,6,8,17
amazon:Baby_Products,valid,125589,3,1.196306235103284,3,3,3
amazon:Baby_Products,valid,125636,13,13.017944956634006,9,12,13
amazon:Baby_Products,valid,125748,4,3.782642015360169,1,3,4
amazon:Baby_Products,valid,125780,3,3.0826186357918433,2,3,3
amazon:Baby_Products,valid,125784,5,1.2780635510460805,3,5,5
amazon:Baby_Products,valid,125871,14,9.485663565942797,12,13,13
amazon:Baby_Products,valid,125889,2,1.194672148106462,1,1,1
amazon:Baby_Products,valid,126135,3,1.1253318657309324,3,3,3
amazon:Baby_Products,valid,126142,4,0.9972106933593751,3,3,3
amazon:Baby_Products,valid,126151,4,2.72845655538268,3,4,4
amazon:Baby_Products,valid,126168,5,0.8638020143670551,4,4,4
amazon:Baby_Products,valid,126178,3,0.27398226463188563,1,1,1
amazon:Baby_Products,valid,126179,4,2.5245342707229876,4,4,4
amazon:Baby_Products,valid,126189,16,8.502853962526483,7,16,16
amazon:Baby_Products,valid,126198,3,0.11378153138241524,1,1,1
amazon:Baby_Products,valid,126222,3,0.009442035222457623,2,2,2
amazon:Baby_Products,valid,126224,3,0.7594438973119704,3,3,3
amazon:Baby_Products,valid,126272,8,2.6812359308792373,4,7,8
amazon:Baby_Products,valid,126447,4,2.305257402840307,2,3,3
amazon:Baby_Products,valid,126712,4,1.4898724054886123,2,2,2
amazon:Baby_Products,valid,126927,5,2.150441522113347,3,5,5
amazon:Baby_Products,valid,127035,4,0.6098090737552967,2,2,2
amazon:Baby_Products,valid,127076,27,11.708210366459216,7,17,23
amazon:Baby_Products,valid,127141,5,5.124824549788135,5,5,5
amazon:Baby_Products,valid,127265,16,14.76820730435646,13,14,16
amazon:Baby_Products,valid,127341,4,7.710699152542373,4,4,4
amazon:Baby_Products,valid,127821,5,0.7502611063294491,1,2,2
amazon:Baby_Products,valid,127905,13,5.04857963949947,8,12,13
amazon:Baby_Products,valid,128061,5,1.518539170087394,3,5,5
amazon:Baby_Products,valid,128099,8,8.725904147907839,7,7,7
amazon:Baby_Products,valid,128137,14,3.4684375827595337,5,9,13
amazon:Baby_Products,valid,128165,4,0.6837232686705509,2,4,4
amazon:Baby_Products,valid,128384,13,6.909807418564618,5,13,13
amazon:Baby_Products,valid,128407,3,0.4143565032441738,3,3,3
amazon:Baby_Products,valid,128419,6,1.111456609176377,3,4,4
amazon:Baby_Products,valid,128588,3,2.454999917240466,3,3,3
amazon:Baby_Products,valid,128709,4,0.10051600569385594,2,2,2
amazon:Baby_Products,valid,128965,5,3.4075176691604874,2,5,5
amazon:Baby_Products,valid,129151,4,1.8006157309322035,4,4,4
amazon:Baby_Products,valid,129368,5,2.66029487221928,5,5,5
amazon:Baby_Products,valid,129379,3,0.7693922139830509,2,2,2
amazon:Baby_Products,valid,129427,8,3.2445151118908897,4,5,5
amazon:Baby_Products,valid,129430,3,0.29238943326271194,3,3,3
amazon:Baby_Products,valid,129591,4,0.4849174887447034,2,2,2
amazon:Baby_Products,valid,130010,11,15.49598264532574,11,11,11
amazon:Baby_Products,valid,130042,4,5.140308444782839,1,3,3
amazon:Baby_Products,valid,130054,5,2.2748551708156777,3,3,3
amazon:Baby_Products,valid,130056,2,0.5725563178628178,1,2,2
amazon:Baby_Products,valid,130082,3,0.8022374039989406,1,3,3
amazon:Baby_Products,valid,130165,5,2.142314535884534,3,3,5
amazon:Baby_Products,valid,130212,4,1.4997215141684321,1,2,2
amazon:Baby_Products,valid,130379,6,2.2857086698887716,6,6,6
amazon:Baby_Products,valid,130398,9,4.280529371358581,2,8,9
amazon:Baby_Products,valid,130419,5,1.4120717194120762,5,5,5
amazon:Baby_Products,valid,130430,3,0.6301401946504237,2,3,3
amazon:Baby_Products,valid,130547,8,0.08235142594676903,8,8,8
amazon:Baby_Products,valid,130623,4,0.8659452793961865,2,4,4
amazon:Baby_Products,valid,130699,1,2.006826213254767,1,1,1
amazon:Baby_Products,valid,130709,6,2.4990449549788134,6,6,6
amazon:Baby_Products,valid,130719,6,1.7514580160884534,4,5,5
amazon:Baby_Products,valid,130817,4,1.8952719478283897,2,4,4
amazon:Baby_Products,valid,130902,14,1.1379601430084745,11,12,12
amazon:Baby_Products,valid,130955,5,4.872335970603814,4,4,4
amazon:Baby_Products,valid,130963,2,0.8261727025953391,1,1,1
amazon:Baby_Products,valid,130977,2,1.9024443028336864,1,1,1
amazon:Baby_Products,valid,131013,3,1.8294646699549788,2,2,2
amazon:Baby_Products,valid,131042,10,7.092573366326802,6,10,10
amazon:Baby_Products,valid,131107,19,10.030804443359376,4,13,15
amazon:Baby_Products,valid,131192,12,6.48050971596928,6,11,12
amazon:Baby_Products,valid,131201,3,0.6392553297139831,2,2,2
amazon:Baby_Products,valid,131291,5,1.912930556475106,5,5,5
amazon:Baby_Products,valid,131313,5,1.6308517197431143,5,5,5
amazon:Baby_Products,valid,131346,4,0.13650916148040254,4,4,4
amazon:Baby_Products,valid,131404,4,0.2647901632018009,3,3,3
amazon:Baby_Products,valid,131453,3,1.6396610583289193,3,3,3
amazon:Baby_Products,valid,131567,4,1.4965700311175847,1,3,4
amazon:Baby_Products,valid,131640,6,3.63356499106197,3,4,6
amazon:Baby_Products,valid,131939,3,2.0651232703257416,3,3,3
amazon:Baby_Products,valid,132214,3,0.24384082858845338,1,1,1
amazon:Baby_Products,valid,132234,9,13.859999834480933,6,8,8
amazon:Baby_Products,valid,132301,4,1.3436059984110171,4,4,4
amazon:Baby_Products,valid,132412,3,31.729513291181142,2,3,3
amazon:Baby_Products,valid,132442,8,5.483531473450742,4,5,6
amazon:Baby_Products,valid,132521,12,2.7575323589777545,4,5,6
amazon:Baby_Products,valid,132696,7,2.8809324102886653,2,5,5
amazon:Baby_Products,valid,132903,9,8.247826113943328,7,8,9
amazon:Baby_Products,valid,132953,4,0.3155861030190678,1,1,1
amazon:Baby_Products,valid,132971,7,2.4135702876721394,6,6,6
amazon:Baby_Products,valid,133041,4,1.01942138671875,1,3,3
amazon:Baby_Products,valid,133199,12,18.598139151880297,12,12,12
amazon:Baby_Products,valid,133297,4,3.9342518951933263,3,4,4
amazon:Baby_Products,valid,133464,4,1.158056640625,2,2,3
amazon:Baby_Products,valid,133510,5,3.1219716217558267,3,3,5
amazon:Baby_Products,valid,133513,9,4.68872897907839,4,6,7
amazon:Baby_Products,valid,133638,5,0.6839280985169491,1,1,1
amazon:Baby_Products,valid,133745,4,0.6462783037605933,4,4,4
amazon:Baby_Products,valid,133789,4,0.22295501191737288,2,3,3
amazon:Baby_Products,valid,133797,4,2.01865234375,3,3,3
amazon:Baby_Products,valid,133886,3,6.355783443127648,3,3,3
amazon:Baby_Products,valid,134020,4,4.0753010378045555,3,4,4
amazon:Baby_Products,valid,134129,4,2.830292885990466,1,2,2
amazon:Baby_Products,valid,134264,5,1.374771376787606,3,5,5
amazon:Baby_Products,valid,134303,9,1.885684979972193,5,6,6
amazon:Baby_Products,valid,134450,3,0.3517180879237288,1,1,1
amazon:Baby_Products,valid,134565,3,1.515803346795551,2,3,3
amazon:Baby_Products,valid,134587,2,2.0904309288930083,1,2,2
amazon:Baby_Products,valid,135091,39,14.362703588453389,24,35,36
amazon:Baby_Products,valid,135164,8,0.902193955243644,8,8,8
amazon:Baby_Products,valid,135227,4,5.100592144465043,2,3,3
amazon:Baby_Products,valid,135320,6,3.086529437566208,5,5,6
amazon:Baby_Products,valid,135327,3,4.9616657838983045,2,2,3
amazon:Baby_Products,valid,135349,3,0.6124431028204449,1,3,3
amazon:Baby_Products,valid,135433,6,1.6794390144994704,5,5,5
amazon:Baby_Products,valid,135516,3,3.020838229939089,1,2,2
amazon:Baby_Products,valid,135586,5,1.850998700675318,2,2,5
amazon:Baby_Products,valid,135644,8,12.43849497649629,1,1,2
amazon:Baby_Products,valid,135652,3,1.8564194501456568,1,1,1
amazon:Baby_Products,valid,135768,3,0.387230617717161,2,2,2
amazon:Baby_Products,valid,135777,5,2.07555759235964,2,5,5
amazon:Baby_Products,valid,135794,4,1.1386700129104872,4,4,4
amazon:Baby_Products,valid,136095,5,0.9669106693591101,2,2,2
amazon:Baby_Products,valid,136232,5,1.857227390095339,4,5,5
amazon:Baby_Products,valid,136248,5,4.231475726628708,4,4,4
amazon:Baby_Products,valid,136361,3,0.144505180746822,1,1,1
amazon:Baby_Products,valid,136650,4,0.8293167372881354,1,4,4
amazon:Baby_Products,valid,136971,13,3.14896043680482,3,9,13
amazon:Baby_Products,valid,136974,6,0.20066662804555085,4,4,4
amazon:Baby_Products,valid,137090,26,9.886755577992584,11,15,23
amazon:Baby_Products,valid,137203,18,7.590546999139301,16,17,17
amazon:Baby_Products,valid,137221,8,8.713949947033898,5,6,6
amazon:Baby_Products,valid,137325,9,2.6806359242584747,5,9,9
amazon:Baby_Products,valid,137425,7,2.578410934189619,4,7,7
amazon:Baby_Products,valid,137499,5,1.5116773702330508,1,4,4
amazon:Baby_Products,valid,137740,3,1.424897378177966,2,2,2
amazon:Baby_Products,valid,137774,7,6.670986990201271,2,2,4
amazon:Baby_Products,valid,138169,3,0.09502201403601696,1,1,1
amazon:Baby_Products,valid,138368,4,0.20707283666578388,4,4,4
amazon:Baby_Products,valid,138545,4,0.6436686887579449,2,2,2
amazon:Baby_Products,valid,138718,5,2.6655113090903075,4,5,5
amazon:Baby_Products,valid,138741,9,2.4957751257944913,5,9,9
amazon:Baby_Products,valid,139018,6,6.759425276416843,1,1,1
amazon:Baby_Products,valid,139111,3,0.6867882680084746,2,2,2
amazon:Baby_Products,valid,139127,3,2.1733061192399363,3,3,3
amazon:Baby_Products,valid,139350,3,9.469086831302967,2,2,3
amazon:Baby_Products,valid,139475,14,8.368963312698623,7,12,14
amazon:Baby_Products,valid,139494,4,1.3622271004369704,4,4,4
amazon:Baby_Products,valid,139730,4,0.04476752846927967,4,4,4
amazon:Baby_Products,valid,139809,4,0.07771885758739394,4,4,4
amazon:Baby_Products,valid,140287,3,0.17966463767876056,2,2,2
amazon:Baby_Products,valid,140372,3,0.40763022212658895,1,2,2
amazon:Baby_Products,valid,140476,4,1.897857148768538,3,3,3
amazon:Baby_Products,valid,140492,4,2.537853590108581,3,4,4
amazon:Baby_Products,valid,140591,26,6.915758139400159,16,22,23
amazon:Baby_Products,valid,140621,2,1.6323989092293432,1,2,2
amazon:Baby_Products,valid,140646,4,6.1460005420749475,3,3,3
amazon:Baby_Products,valid,140678,5,10.840973210738877,3,3,4
amazon:Baby_Products,valid,140693,2,4.296908517611229,2,2,2
amazon:Baby_Products,valid,140723,8,3.7902008573887715,4,4,4
amazon:Baby_Products,valid,140921,12,2.6973852125264832,5,9,10
amazon:Baby_Products,valid,140998,7,9.274873584811969,3,3,3
amazon:Baby_Products,valid,141021,6,4.609275688559322,5,6,6
amazon:Baby_Products,valid,141250,14,7.065676104012182,8,9,12
amazon:Baby_Products,valid,141495,3,1.3565864175052966,3,3,3
amazon:Baby_Products,valid,141893,5,4.635027558924788,5,5,5
amazon:Baby_Products,valid,141976,6,1.0610173370878577,5,6,6
amazon:Baby_Products,valid,142027,4,1.4259997351694915,2,3,3
amazon:Baby_Products,valid,142170,3,1.3507224907309323,1,2,3
amazon:Baby_Products,valid,142228,3,0.613819186970339,3,3,3
amazon:Baby_Products,valid,142247,2,0.8297653974112817,2,2,2
amazon:Baby_Products,valid,142265,4,4.238766220868644,2,3,3
amazon:Baby_Products,valid,142303,4,1.5202688443458687,3,3,3
amazon:Baby_Products,valid,142424,11,5.313993809586865,4,11,11
amazon:Baby_Products,valid,142468,4,2.2621402029263775,2,2,2
amazon:Baby_Products,valid,142483,4,3.3856534278998938,3,4,4
amazon:Baby_Products,valid,142749,3,1.066856048066737,3,3,3
amazon:Baby_Products,valid,142872,3,0.6319180763373939,3,3,3
amazon:Baby_Products,valid,143325,8,2.4655250678628176,7,8,8
amazon:Baby_Products,valid,143507,5,2.3940769001588986,5,5,5
amazon:Baby_Products,valid,143616,9,4.0240625413797675,7,7,8
amazon:Baby_Products,valid,143815,6,3.352110781912076,4,6,6
amazon:Baby_Products,valid,143829,7,6.8281446553893,2,7,7
amazon:Baby_Products,valid,143861,11,7.183987892280191,7,10,10
amazon:Baby_Products,valid,144008,7,3.310987776416843,5,7,7
amazon:Baby_Products,valid,144093,21,8.121364994372351,12,15,15
amazon:Baby_Products,valid,144204,17,3.6534367965439616,10,14,14
amazon:Baby_Products,valid,144256,6,1.2832372633077331,6,6,6
amazon:Baby_Products,valid,144393,7,8.574523718882416,5,5,5
amazon:Baby_Products,valid,144483,6,2.8943996623411015,4,6,6
amazon:Baby_Products,valid,144508,4,11.836244951668432,4,4,4
amazon:Baby_Products,valid,144581,5,1.6830729856329452,5,5,5
amazon:Baby_Products,valid,144831,4,0.559007133871822,4,4,4
amazon:Baby_Products,valid,145077,2,0.53424072265625,2,2,2
amazon:Baby_Products,valid,145157,3,0.6902931342690678,2,2,2
amazon:Baby_Products,valid,145388,4,7.172955839512712,2,3,3
amazon:Baby_Products,valid,145484,3,1.6961911993511651,3,3,3
amazon:Baby_Products,valid,145526,7,0.8095638986361229,3,7,7
amazon:Baby_Products,valid,145677,6,7.0330862271583685,4,4,5
amazon:Baby_Products,valid,145706,6,3.2612257100768005,4,4,4
amazon:Baby_Products,valid,145837,3,0.8024380958686441,2,3,3
amazon:Baby_Products,valid,145878,5,3.140152236162606,4,5,5
amazon:Baby_Products,valid,145904,8,7.596031473450741,5,8,8
amazon:Baby_Products,valid,146093,3,1.5880162125926907,3,3,3
amazon:Baby_Products,valid,146142,4,4.318946760791842,4,4,4
amazon:Baby_Products,valid,146287,5,1.1207188493114408,1,5,5
amazon:Baby_Products,valid,146437,3,1.4517882266287077,1,2,2
amazon:Baby_Products,valid,146449,6,2.4463838221663137,3,5,5
amazon:Baby_Products,valid,146575,8,2.2552494372351695,6,7,7
amazon:Baby_Products,valid,146589,9,0.49110417770127124,2,2,2
amazon:Baby_Products,valid,146670,4,0.9706652625132415,2,2,2
amazon:Baby_Products,valid,146688,6,2.1962975453522247,1,4,6
amazon:Baby_Products,valid,146735,4,2.139502160023835,2,2,2
amazon:Baby_Products,valid,146832,12,8.293447307004767,3,6,7
amazon:Baby_Products,valid,147018,12,4.313941464181673,4,10,10
amazon:Baby_Products,valid,147087,8,1.6601850089380297,4,4,6
amazon:Baby_Products,valid,147117,3,0.29868453720868643,2,2,2
amazon:Baby_Products,valid,147904,3,2.8791743908898306,3,3,3
amazon:Baby_Products,valid,148075,6,0.9827262231859111,3,6,6
amazon:Baby_Products,valid,148084,6,3.509431897179555,5,6,6
amazon:Baby_Products,valid,148160,3,2.541169350834216,1,2,2
amazon:Baby_Products,valid,148182,4,5.135226595603813,4,4,4
amazon:Baby_Products,valid,148262,20,3.906911662473517,11,15,15
amazon:Baby_Products,valid,148278,3,3.065409825211864,2,2,2
amazon:Baby_Products,valid,148383,3,1.9978385278734112,1,2,3
amazon:Baby_Products,valid,148432,6,6.850328555349576,6,6,6
amazon:Baby_Products,valid,148629,4,1.5829653982388772,2,2,2
amazon:Baby_Products,valid,148695,20,5.556440760725636,11,13,15
amazon:Baby_Products,valid,148732,3,0.018787034891419474,1,1,1
amazon:Baby_Products,valid,148863,6,3.1148199566340042,1,1,6
amazon:Baby_Products,valid,148913,5,1.2458719544491523,4,4,4
amazon:Baby_Products,valid,149117,7,5.133482438426907,5,5,6
amazon:Baby_Products,valid,149120,3,0.8103352174920552,3,3,3
amazon:Baby_Products,valid,149121,10,3.6067461434057204,6,7,9
amazon:Baby_Products,valid,149162,3,1.1880439370365465,3,3,3
amazon:Baby_Products,valid,149293,5,0.7450085656117585,3,3,3
amazon:Baby_Products,valid,149352,3,0.6141632597325213,1,3,3
amazon:Baby_Products,valid,149476,3,0.6822034932799259,3,3,3
amazon:Baby_Products,valid,149683,5,1.114451469809322,3,3,3
amazon:Baby_Products,valid,149767,3,2.7664867336467163,3,3,3
amazon:Baby_Products,valid,149837,8,1.3459934040651484,3,3,4
amazon:Baby_Products,valid,149980,4,0.5192037291445974,2,2,2
amazon:Baby_Products,valid,150242,5,1.1329002251059324,4,5,5
amazon:Baby_Products,valid,150254,8,0.6714539608712924,2,5,5
amazon:Baby_Products,valid,150351,6,1.077845893471928,5,5,5
amazon:Baby_Products,valid,150439,14,6.298913367319916,9,10,10
amazon:Baby_Products,valid,150630,2,0.03333988512976693,1,1,1
amazon:Baby_Products,valid,151123,14,3.5792113223318323,10,13,13
amazon:Baby_Products,valid,151170,3,0.08843259649761653,1,1,3
amazon:Baby_Products,valid,151223,3,2.518118130958686,2,2,2
amazon:Baby_Products,valid,151255,3,2.0495783401747882,2,2,3
amazon:Baby_Products,valid,151444,3,2.9081613314353816,2,3,3
amazon:Baby_Products,valid,151521,4,4.725860906051377,3,4,4
amazon:Baby_Products,valid,151597,5,0.9906148619570975,3,3,5
amazon:Baby_Products,valid,151666,8,1.3428448175979872,3,3,3
amazon:Baby_Products,valid,151800,8,1.245518364340572,5,5,5
amazon:Baby_Products,valid,151865,4,1.4261607024629237,2,2,2
amazon:Baby_Products,valid,151914,3,1.4770331948490465,3,3,3
amazon:Baby_Products,valid,151980,4,1.861053984043962,1,4,4
amazon:Baby_Products,valid,152001,13,4.827639822232522,9,13,13
amazon:Baby_Products,valid,152072,4,3.211365366790254,4,4,4
amazon:Baby_Products,valid,152142,8,2.5908021054025423,2,6,6
amazon:Baby_Products,valid,152460,6,1.6524180266816737,3,3,4
amazon:Baby_Products,valid,152507,3,2.436911579713983,3,3,3
amazon:Baby_Products,valid,152538,4,1.2067570055945445,2,4,4
amazon:Baby_Products,valid,152540,4,4.849693789724577,4,4,4
amazon:Baby_Products,valid,152551,6,3.452900100966631,6,6,6
amazon:Baby_Products,valid,152570,3,1.0396403684454447,1,1,1
amazon:Baby_Products,valid,152819,6,2.3945982852224574,2,4,4
amazon:Baby_Products,valid,152848,3,0.6314531746557204,1,2,2
amazon:Baby_Products,valid,152926,12,3.518572687698623,4,5,5
amazon:Baby_Products,valid,153030,3,0.14467132051112286,3,3,3
amazon:Baby_Products,valid,153056,5,0.6520615399894067,5,5,5
amazon:Baby_Products,valid,153208,3,0.8765521550582627,2,3,3
amazon:Baby_Products,valid,153341,3,0.5098355568061441,1,1,1
amazon:Baby_Products,valid,153416,4,1.392551228151483,2,2,2
amazon:Baby_Products,valid,153492,3,3.997325522212659,2,3,3
amazon:Baby_Products,valid,153691,5,2.5285270044359107,3,4,4
amazon:Baby_Products,valid,153700,7,1.8496660652807204,3,5,7
amazon:Baby_Products,valid,153718,3,1.0256986973649365,1,1,1
amazon:Baby_Products,valid,154076,6,1.5947979425979872,6,6,6
amazon:Baby_Products,valid,154262,5,3.1767325708421614,4,4,4
amazon:Baby_Products,valid,154398,8,1.4619555457163664,4,7,7
amazon:Baby_Products,valid,154473,11,2.4638220835540254,9,11,11
amazon:Baby_Products,valid,154956,5,2.5841432733050844,3,5,5
amazon:Baby_Products,valid,154980,8,2.988560356528072,5,5,7
amazon:Baby_Products,valid,154988,9,2.717818127648305,7,9,9
amazon:Baby_Products,valid,155017,8,1.9819466283765887,6,8,8
amazon:Baby_Products,valid,155064,6,2.358616301972987,5,5,5
amazon:Baby_Products,valid,155462,15,6.82731892213983,10,12,13
amazon:Baby_Products,valid,155468,6,0.4269517801575741,4,4,4
amazon:Baby_Products,valid,155484,3,1.4603494935116528,3,3,3
amazon:Baby_Products,valid,155520,4,3.7377778651350635,2,4,4
amazon:Baby_Products,valid,155529,7,0.3220181739936441,5,6,6
amazon:Baby_Products,valid,155559,3,2.974164128707627,3,3,3
amazon:Baby_Products,valid,155683,6,5.425505660752118,6,6,6
amazon:Baby_Products,valid,155814,31,11.099971241061972,29,30,31
amazon:Baby_Products,valid,155967,5,9.233394299523304,2,2,2
amazon:Baby_Products,valid,155991,5,2.3905641717425845,1,1,1
amazon:Baby_Products,valid,156223,9,5.263790221133474,6,8,9
amazon:Baby_Products,valid,156308,9,1.914250364141949,6,7,8
amazon:Baby_Products,valid,156424,3,1.8115166098384532,2,3,3
amazon:Baby_Products,valid,156604,10,0.9620728573556674,9,10,10
amazon:Baby_Products,valid,156666,4,1.4738949533236227,4,4,4
amazon:Baby_Products,valid,156681,4,0.4464088569253178,3,3,3
amazon:Baby_Products,valid,156723,3,0.19017902956170551,2,2,2
amazon:Baby_Products,valid,157089,3,0.125684421345339,2,2,2
amazon:Baby_Products,valid,157169,4,2.074634823556674,4,4,4
amazon:Baby_Products,valid,157303,7,0.9221104508739407,6,6,6
amazon:Baby_Products,valid,157422,3,0.2907603118379237,3,3,3
amazon:Baby_Products,valid,157443,4,0.720232637049788,1,2,4
amazon:Baby_Products,valid,157507,3,1.0116355766684322,1,1,1
amazon:Baby_Products,valid,157522,7,0.19571822861493646,3,3,3
amazon:Baby_Products,valid,157580,16,1.8081625728283899,8,8,10
amazon:Baby_Products,valid,157687,5,1.551298083289195,5,5,5
amazon:Baby_Products,valid,157847,3,0.9323039426641949,3,3,3
amazon:Baby_Products,valid,157853,3,0.5939002085540254,2,2,2
amazon:Baby_Products,valid,158370,13,7.058316298662605,5,7,8
amazon:Baby_Products,valid,158453,4,2.234958454713983,3,4,4
amazon:Baby_Products,valid,158521,4,2.790142305018538,2,4,4
amazon:Baby_Products,valid,158580,3,3.577981619107521,2,2,2
amazon:Baby_Products,valid,158621,3,2.3555155091366524,3,3,3
amazon:Baby_Products,valid,158694,3,1.0332432633739408,2,3,3
amazon:Baby_Products,valid,158697,6,2.82971584514036,5,5,6
amazon:Baby_Products,valid,158731,3,0.9874831377449682,3,3,3
amazon:Baby_Products,valid,158889,4,1.1257907673463983,4,4,4
amazon:Baby_Products,valid,158937,3,1.2340410652807203,3,3,3
amazon:Baby_Products,valid,158944,3,0.5958868511652542,1,2,2
amazon:Baby_Products,valid,158953,3,3.6286577644994704,1,2,2
amazon:Baby_Products,valid,159032,4,0.9352112850900425,4,4,4
amazon:Baby_Products,valid,159126,4,1.4466484457759532,4,4,4
amazon:Baby_Products,valid,159137,6,1.206467243776483,2,4,5
amazon:Baby_Products,valid,159140,2,0.3662142478813559,2,2,2
amazon:Baby_Products,valid,159351,3,0.8051622293763242,3,3,3
amazon:Baby_Products,valid,159744,3,0.8769566422801907,2,3,3
amazon:Baby_Products,valid,159755,3,2.9204575360831573,3,3,3
amazon:Baby_Products,valid,160274,6,5.173119082693327,2,4,4
amazon:Baby_Products,valid,160333,5,1.1129953158103811,2,5,5
amazon:Baby_Products,valid,160490,7,5.821684653072034,5,7,7
amazon:Baby_Products,valid,160519,5,0.4610808808924788,4,4,4
amazon:Baby_Products,valid,160546,3,0.12932418564618653,2,2,2
amazon:Baby_Products,valid,160651,3,1.4172723285222457,3,3,3
amazon:Baby_Products,valid,160661,3,0.5271697480799789,3,3,3
amazon:Baby_Products,valid,160842,5,0.6115224030058264,4,4,4
amazon:Baby_Products,valid,160905,35,26.560768153303762,16,31,35
amazon:Baby_Products,valid,160969,3,0.386463229939089,1,1,1
amazon:Baby_Products,valid,160986,4,3.249004713155456,3,4,4
amazon:Baby_Products,valid,161239,3,0.498082668498411,3,3,3
amazon:Baby_Products,valid,161643,5,0.2799306061308262,1,1,1
amazon:Baby_Products,valid,161659,5,6.569941737288136,3,4,5
amazon:Baby_Products,valid,161779,3,1.9076825675317797,3,3,3
amazon:Baby_Products,valid,161911,12,3.514703472590042,7,10,12
amazon:Baby_Products,valid,161923,9,9.65895913334216,6,6,6
amazon:Baby_Products,valid,162026,5,3.0799790204581567,3,4,4
amazon:Baby_Products,valid,162346,2,0.9119260626324153,2,2,2
amazon:Baby_Products,valid,162454,5,3.0530216540320443,2,5,5
amazon:Baby_Products,valid,162468,4,1.0115037821106991,4,4,4
amazon:Baby_Products,valid,162481,7,1.3977036298331569,2,7,7
amazon:Baby_Products,valid,162889,4,0.024930481991525366,2,2,2
amazon:Baby_Products,valid,162965,4,0.8211413367319915,4,4,4
amazon:Baby_Products,valid,163024,7,0.28516597424523293,5,6,6
amazon:Baby_Products,valid,163133,10,5.398089703058792,7,8,8
amazon:Baby_Products,valid,163332,3,1.5464009947695974,1,1,1
amazon:Baby_Products,valid,163336,6,1.7698875297934322,3,6,6
amazon:Baby_Products,valid,163399,3,0.3151015459480932,3,3,3
amazon:Baby_Products,valid,163503,7,2.629579912605932,4,7,7
amazon:Baby_Products,valid,163607,5,2.2482214976165253,5,5,5
amazon:Baby_Products,valid,163752,4,2.410931293034958,3,4,4
amazon:Baby_Products,valid,163764,3,6.204655947927701,1,2,2
amazon:Baby_Products,valid,163822,7,1.361866889565678,6,6,6
amazon:Baby_Products,valid,163836,8,2.3903069964909958,6,7,7
amazon:Baby_Products,valid,164188,8,2.446778171345339,3,4,4
amazon:Baby_Products,valid,164233,14,3.379645085738877,7,11,11
amazon:Baby_Products,valid,164261,5,4.889435124801377,5,5,5
amazon:Baby_Products,valid,164269,3,0.2693055233712924,3,3,3
amazon:Baby_Products,valid,164515,6,0.9406802419888772,5,6,6
amazon:Baby_Products,valid,164830,5,1.2400225105932203,1,5,5
amazon:Baby_Products,valid,164944,3,2.291346042439089,2,2,3
amazon:Baby_Products,valid,164959,8,6.526603879766949,6,7,7
amazon:Baby_Products,valid,164987,4,0.9903208587129237,1,1,2
amazon:Baby_Products,valid,165211,11,14.76116860599841,10,11,11
amazon:Baby_Products,valid,165593,4,0.5529352737685381,4,4,4
amazon:Baby_Products,valid,165619,100,36.78857732223252,52,75,94
amazon:Baby_Products,valid,165793,3,1.5308055813029662,3,3,3
amazon:Baby_Products,valid,166059,3,0.3851515947762182,1,1,1
amazon:Baby_Products,valid,166131,11,5.22716261007018,4,11,11
amazon:Baby_Products,valid,166237,10,1.45962307170286,7,8,8
amazon:Baby_Products,valid,166246,3,4.196887827727754,3,3,3
amazon:Baby_Products,valid,166304,13,2.882845810712394,5,8,8
amazon:Baby_Products,valid,166349,20,8.210534771418168,11,18,18
amazon:Baby_Products,valid,166389,4,0.05163222490730934,2,2,2
amazon:Baby_Products,valid,166488,2,0.8077651201668432,2,2,2
amazon:Baby_Products,valid,166690,14,1.1630656614141948,3,10,10
amazon:Baby_Products,valid,166818,3,1.1606275655455507,2,2,2
amazon:Baby_Products,valid,166914,4,1.216496457891949,3,4,4
amazon:Baby_Products,valid,167065,6,10.11603610798464,4,6,6
amazon:Baby_Products,valid,167136,8,1.0388665668034958,6,6,6
amazon:Baby_Products,valid,167378,3,0.7396258855270128,3,3,3
amazon:Baby_Products,valid,167655,10,4.270576916710805,1,8,8
amazon:Baby_Products,valid,167676,3,2.9781185861361226,2,2,2
amazon:Baby_Products,valid,167718,9,3.643907243114407,9,9,9
amazon:Baby_Products,valid,167913,5,14.203369347523836,4,5,5
amazon:Baby_Products,valid,167970,3,0.6743627515889831,3,3,3
amazon:Baby_Products,valid,168000,5,0.09888688426906778,4,4,4
amazon:Baby_Products,valid,168001,8,1.5296161199020126,3,4,4
amazon:Baby_Products,valid,168054,4,1.2721444857322566,1,1,4
amazon:Baby_Products,valid,168308,4,0.07549283302436441,1,1,1
amazon:Baby_Products,valid,168488,3,1.1564860715704448,1,3,3
amazon:Baby_Products,valid,168505,17,19.362938832428497,9,13,16
amazon:Baby_Products,valid,168515,58,18.951652087195445,31,50,53
amazon:Baby_Products,valid,168575,5,2.148933229608051,3,3,3
amazon:Baby_Products,valid,168582,3,0.10438853118379238,3,3,3
amazon:Baby_Products,valid,168781,4,1.090341548596398,3,3,3
amazon:Baby_Products,valid,168800,5,0.39733948788400425,3,3,3
amazon:Baby_Products,valid,169069,6,1.6043893587791316,5,5,5
amazon:Baby_Products,valid,169170,7,5.155175367452331,6,6,7
amazon:Baby_Products,valid,169383,4,1.9928572315280721,1,3,3
amazon:Baby_Products,valid,169432,5,3.5161910752118644,5,5,5
amazon:Baby_Products,valid,169450,5,1.735218112751589,5,5,5
amazon:Baby_Products,valid,169451,6,1.4465096166578388,3,3,6
amazon:Baby_Products,valid,169557,6,2.3456367104740465,3,6,6
amazon:Baby_Products,valid,169575,9,1.482433254435911,7,7,9
amazon:Baby_Products,valid,169642,6,0.35139160156250004,2,6,6
amazon:Baby_Products,valid,169724,4,0.7508160090042373,1,1,1
amazon:Baby_Products,valid,169921,4,0.5880381438691737,4,4,4
amazon:Baby_Products,valid,170064,3,2.9163096282441736,1,3,3
amazon:Baby_Products,valid,170108,3,2.256647245762712,3,3,3
amazon:Baby_Products,valid,170110,4,4.597839355468749,4,4,4
amazon:Baby_Products,valid,170341,3,0.4428439900026483,2,2,2
amazon:Baby_Products,valid,170408,7,3.2877760030455505,1,5,7
amazon:Baby_Products,valid,170488,4,0.7328981561175847,2,2,2
amazon:Baby_Products,valid,170533,5,0.9756027997550318,4,4,5
amazon:Baby_Products,valid,170627,10,4.2584476794226696,4,7,10
amazon:Baby_Products,valid,170644,3,1.413715737552966,3,3,3
amazon:Baby_Products,valid,170971,3,0.20341838254766947,3,3,3
amazon:Baby_Products,valid,171005,7,3.477326163599047,6,6,6
amazon:Baby_Products,valid,171095,2,0.27509538036281783,1,1,1
amazon:Baby_Products,valid,171149,3,0.6997633077330508,3,3,3
amazon:Baby_Products,valid,171219,3,1.8530823788400423,3,3,3
amazon:Baby_Products,valid,171236,27,8.655353300450212,9,24,27
amazon:Baby_Products,valid,171255,6,10.887360136387713,3,5,6
amazon:Baby_Products,valid,171260,3,0.0027192713850635597,3,3,3
amazon:Baby_Products,valid,171295,2,0.4968706551244704,1,1,1
amazon:Baby_Products,valid,171451,3,1.8177103333554026,2,2,2
amazon:Baby_Products,valid,171653,5,2.619434835143008,3,4,4
amazon:Baby_Products,valid,171948,3,0.05690628310381356,3,3,3
amazon:Baby_Products,valid,171957,4,0.6452822927701272,4,4,4
amazon:Baby_Products,valid,172144,6,2.201383946305614,1,2,3
amazon:Baby_Products,valid,172169,6,5.0802256438691735,2,2,5
amazon:Baby_Products,valid,172179,2,0.7316174523305085,1,2,2
amazon:Baby_Products,valid,172577,3,2.163125662076271,3,3,3
amazon:Baby_Products,valid,172673,6,1.6318626274496824,3,6,6
amazon:Baby_Products,valid,172808,3,1.1390740863347457,1,2,2
amazon:Baby_Products,valid,172999,4,2.2660154181011656,2,2,4
amazon:Baby_Products,valid,173038,6,0.18725089380296608,4,4,4
amazon:Baby_Products,valid,173151,5,0.281467243776483,2,2,2
amazon:Baby_Products,valid,173156,3,1.8448124255164196,3,3,3
amazon:Baby_Products,valid,173193,3,1.2997579283633476,1,2,2
amazon:Baby_Products,valid,173288,4,2.2993617170948095,2,4,4
amazon:Baby_Products,valid,173289,2,0.38635667703919496,1,1,1
amazon:Baby_Products,valid,173323,7,1.1937400688559323,4,5,5
amazon:Baby_Products,valid,173382,6,11.900469453456036,6,6,6
amazon:Baby_Products,valid,173457,10,6.360471563824153,6,10,10
amazon:Baby_Products,valid,173549,5,0.7205475370762712,1,2,2
amazon:Baby_Products,valid,173615,4,0.8695457329184322,4,4,4
amazon:Baby_Products,valid,173623,9,3.820252706236759,9,9,9
amazon:Baby_Products,valid,173627,12,6.59692775920286,7,10,10
amazon:Baby_Products,valid,173641,3,7.686050673662606,3,3,3
amazon:Baby_Products,valid,173652,3,1.0707740913003176,2,2,2
amazon:Baby_Products,valid,173939,12,2.0781895524364407,12,12,12
amazon:Baby_Products,valid,174043,3,0.5483923960540255,3,3,3
amazon:Baby_Products,valid,174201,4,5.558656647245763,3,4,4
amazon:Baby_Products,valid,174280,3,0.23524790618379235,1,1,1
amazon:Baby_Products,valid,174281,2,3.015225788698358,2,2,2
amazon:Baby_Products,valid,174368,5,2.983008019398835,3,3,3
amazon:Baby_Products,valid,174436,2,0.45172139830508473,2,2,2
amazon:Baby_Products,valid,174884,3,0.21050880561440682,1,1,1
amazon:Baby_Products,valid,174928,1,11.461832337460276,1,1,1
amazon:Baby_Products,valid,174949,4,0.5011211847854874,4,4,4
amazon:Baby_Products,valid,175041,3,0.8768252615201271,1,1,1
amazon:Baby_Products,valid,175042,8,5.812663656978284,5,5,7
amazon:Baby_Products,valid,175098,5,2.0348024529925848,2,4,5
amazon:Baby_Products,valid,175099,3,0.551283393471928,1,1,1
amazon:Baby_Products,valid,175116,8,1.9983642578125,5,5,6
amazon:Baby_Products,valid,175141,3,1.42833645060911,2,3,3
amazon:Baby_Products,valid,175293,8,3.888701875331038,7,8,8
amazon:Baby_Products,valid,175360,9,1.774660479012182,1,8,9
amazon:Baby_Products,valid,175381,3,0.6413139731197034,1,2,2
amazon:Baby_Products,valid,175502,3,3.8903338933395126,3,3,3
amazon:Baby_Products,valid,175607,3,0.19508884235963986,3,3,3
amazon:Baby_Products,valid,175634,6,7.290061200675319,4,5,6
amazon:Baby_Products,valid,175644,5,3.636992166810116,2,4,5
amazon:Baby_Products,valid,175664,3,0.448219428628178,1,1,1
amazon:Baby_Products,valid,175675,21,9.52146658170021,13,18,20
amazon:Baby_Products,valid,175785,3,3.5227723202462924,2,3,3
amazon:Baby_Products,valid,175811,13,1.6450194278005825,9,13,13
amazon:Baby_Products,valid,175898,4,1.3224845239671612,3,3,3
amazon:Baby_Products,valid,175986,6,1.6836036811440678,3,4,4
amazon:Baby_Products,valid,176154,3,3.427680167505297,2,3,3
amazon:Baby_Products,valid,176190,3,2.0368598550052965,2,2,2
amazon:Baby_Products,valid,176204,3,0.6546080508474577,3,3,3
amazon:Baby_Products,valid,176264,4,2.198016874668962,1,2,2
amazon:Baby_Products,valid,176329,3,0.9170327396716101,1,1,1
amazon:Baby_Products,valid,176537,3,0.3794460490598517,3,3,3
amazon:Baby_Products,valid,176599,6,0.8863600908699684,6,6,6
amazon:Baby_Products,valid,176606,7,1.2923521914724576,2,4,4
amazon:Baby_Products,valid,176641,3,34.265650034759005,2,3,3
amazon:Baby_Products,valid,176644,3,0.836358332229873,3,3,3
amazon:Baby_Products,valid,176886,5,0.9036567300052966,5,5,5
amazon:Baby_Products,valid,176946,3,0.9802591614804024,2,3,3
amazon:Baby_Products,valid,177019,4,3.3520934024099573,4,4,4
amazon:Baby_Products,valid,177103,5,0.41338573391154665,4,4,4
amazon:Baby_Products,valid,177153,3,9.862077926377118,3,3,3
amazon:Baby_Products,valid,177232,4,2.383640922934322,3,4,4
amazon:Baby_Products,valid,177392,3,6.171899207163666,3,3,3
amazon:Baby_Products,valid,177752,47,57.619773942333154,24,34,41
amazon:Baby_Products,valid,177806,7,4.097403626522775,6,6,7
amazon:Baby_Products,valid,178057,7,4.0785470736228815,4,5,7
amazon:Baby_Products,valid,178165,3,2.4251346911414196,3,3,3
amazon:Baby_Products,valid,178189,7,5.38305270954714,4,6,6
amazon:Baby_Products,valid,178217,3,0.04496915138373947,1,1,1
amazon:Baby_Products,valid,178275,7,3.4552595752780713,4,6,7
amazon:Baby_Products,valid,178344,13,3.746974104541843,7,13,13
amazon:Baby_Products,valid,178383,4,0.9452558097192797,3,3,3
amazon:Baby_Products,valid,178448,4,0.9174366061970338,1,4,4
amazon:Baby_Products,valid,178520,3,6.286227158368644,1,3,3
amazon:Baby_Products,valid,178620,3,1.287746416512182,1,2,2
amazon:Baby_Products,valid,178873,9,1.7265231892213984,8,9,9
amazon:Baby_Products,valid,178878,7,2.860900051310911,4,6,6
amazon:Baby_Products,valid,178912,11,3.1497815148305084,9,9,10
amazon:Baby_Products,valid,178949,9,0.3223310050317796,3,3,3
amazon:Baby_Products,valid,179018,9,5.651125943458688,6,8,8
amazon:Baby_Products,valid,179026,4,0.0778239621954449,2,2,2
amazon:Baby_Products,valid,179073,3,0.4522810596530721,2,3,3
amazon:Baby_Products,valid,179130,5,1.449367096464513,1,1,1
amazon:Baby_Products,valid,179246,3,4.291475147311971,3,3,3
amazon:Baby_Products,valid,179345,9,1.4592665850105935,6,7,7
amazon:Baby_Products,valid,179365,8,0.800293796345339,7,8,8
amazon:Baby_Products,valid,179737,4,0.2206615383342161,2,2,2
amazon:Baby_Products,valid,179751,4,1.2350441108315677,3,3,3
amazon:Baby_Products,valid,179862,3,1.1632586980270128,3,3,3
amazon:Baby_Products,valid,180061,7,0.21248655157574153,1,1,1
amazon:Baby_Products,valid,180181,2,1.0752203472590043,1,1,1
amazon:Baby_Products,valid,180227,5,0.628805283368644,2,4,5
amazon:Baby_Products,valid,180228,10,2.9687450344279656,5,6,9
amazon:Baby_Products,valid,180279,4,2.748370361328125,2,2,2
amazon:Baby_Products,valid,180325,4,0.5543128062102755,2,2,2
amazon:Baby_Products,valid,180538,3,0.8694894564353813,1,1,2
amazon:Baby_Products,valid,180573,3,1.2624480683924788,3,3,3
amazon:Baby_Products,valid,180607,3,2.3763053247484107,3,3,3
amazon:Baby_Products,valid,180634,3,2.286020259533898,3,3,3
amazon:Baby_Products,valid,180648,7,2.5355779098252116,4,7,7
amazon:Baby_Products,valid,180772,3,0.8831224344544493,3,3,3
amazon:Baby_Products,valid,180824,12,5.381186275158898,11,12,12
amazon:Baby_Products,valid,181005,4,1.822731664625265,4,4,4
amazon:Baby_Products,valid,181247,6,1.3981356346001061,5,5,5
amazon:Baby_Products,valid,181258,5,4.422924183990996,2,3,3
amazon:Baby_Products,valid,181332,4,5.369370489605402,4,4,4
amazon:Baby_Products,valid,181336,4,1.330010675979873,2,2,2
amazon:Baby_Products,valid,181367,4,0.09195246292372883,3,3,3
amazon:Baby_Products,valid,181382,5,3.063185869637182,2,5,5
amazon:Baby_Products,valid,181423,7,0.3752327611890891,7,7,7
amazon:Baby_Products,valid,181457,4,0.21316900738215044,3,3,3
amazon:Baby_Products,valid,181789,3,2.531351794226695,3,3,3
amazon:Baby_Products,valid,181991,8,0.083689130362818,8,8,8
amazon:Baby_Products,valid,182104,6,5.812083512645657,5,5,5
amazon:Baby_Products,valid,182167,2,0.9620643745034427,1,2,2
amazon:Baby_Products,valid,182323,4,2.4973216945842163,4,4,4
amazon:Baby_Products,valid,182328,4,2.084883557335805,4,4,4
amazon:Baby_Products,valid,182412,6,13.739423124668964,6,6,6
amazon:Baby_Products,valid,182419,5,0.260744670286017,5,5,5
amazon:Baby_Products,valid,182431,6,7.960408873477225,3,5,6
amazon:Baby_Products,valid,182434,8,3.201852779065148,4,7,7
amazon:Baby_Products,valid,182498,5,2.543411099708686,2,2,4
amazon:Baby_Products,valid,182517,4,0.3776320635262182,1,1,1
amazon:Baby_Products,valid,182692,3,0.9919880495233051,1,1,1
amazon:Baby_Products,valid,182775,18,2.264373468948623,9,13,13
amazon:Baby_Products,valid,182843,3,1.8007135940810384,2,2,3
amazon:Baby_Products,valid,182885,3,0.7753200724973517,3,3,3
amazon:Baby_Products,valid,182891,4,0.5581472623146186,1,1,4
amazon:Baby_Products,valid,182939,8,1.777874238612288,4,4,4
amazon:Baby_Products,valid,182962,2,10.6853807352357,2,2,2
amazon:Baby_Products,valid,183110,8,6.861379642809851,4,6,6
amazon:Baby_Products,valid,183134,4,1.596987346067267,2,2,2
amazon:Baby_Products,valid,183250,16,9.697598111427435,6,12,13
amazon:Baby_Products,valid,183303,4,1.4537087650622351,4,4,4
amazon:Baby_Products,valid,183461,12,6.952340232719809,7,10,11
amazon:Baby_Products,valid,183517,3,2.2116817151085804,2,2,2
amazon:Baby_Products,valid,183634,4,1.3914424572960804,4,4,4
amazon:Baby_Products,valid,183697,4,1.8780889996027543,1,1,2
amazon:Baby_Products,valid,183698,5,0.4575474625926907,4,5,5
amazon:Baby_Products,valid,183709,2,1.1950352555614405,1,1,1
amazon:Baby_Products,valid,183729,3,0.917134533898305,2,2,2
amazon:Baby_Products,valid,183879,5,0.8943503169690148,3,3,5
amazon:Baby_Products,valid,183895,3,1.9854883226297666,2,3,3
amazon:Baby_Products,valid,183918,4,1.0628533832097458,3,4,4
amazon:Baby_Products,valid,184070,6,4.242339570643539,3,6,6
amazon:Baby_Products,valid,184183,15,3.8986428470934857,11,15,15
amazon:Baby_Products,valid,184272,5,1.1679455773305083,2,4,4
amazon:Baby_Products,valid,184339,3,1.908025192002119,3,3,3
amazon:Baby_Products,valid,184381,10,3.573907781051377,8,8,8
amazon:Baby_Products,valid,184542,3,0.43927064022775425,1,2,2
amazon:Baby_Products,valid,184574,6,1.0650558213056143,6,6,6
amazon:Baby_Products,valid,184707,10,5.4001831054687495,6,7,10
amazon:Baby_Products,valid,184809,7,1.8472151416843219,6,7,7
amazon:Baby_Products,test,3,4,4.57850931458554,4,4,4
amazon:Baby_Products,test,170,11,6.472006380760064,1,7,9
amazon:Baby_Products,test,234,9,1.0218874139300849,3,8,8
amazon:Baby_Products,test,570,10,4.074557339943061,6,8,8
amazon:Baby_Products,test,747,4,2.542560952396716,3,4,4
amazon:Baby_Products,test,749,7,1.8901180978548728,3,6,6
amazon:Baby_Products,test,771,6,2.699493718551377,4,5,6
amazon:Baby_Products,test,877,7,2.62931301310911,2,5,5
amazon:Baby_Products,test,957,4,1.6445676641949154,4,4,4
amazon:Baby_Products,test,993,5,4.533016398801642,3,4,4
amazon:Baby_Products,test,1043,4,3.2612455723649365,4,4,4
amazon:Baby_Products,test,1160,8,1.6726173530190678,7,8,8
amazon:Baby_Products,test,1173,4,2.674622409626589,3,3,3
amazon:Baby_Products,test,1179,5,0.6840553413003179,3,3,4
amazon:Baby_Products,test,1303,42,71.3391684322034,27,36,40
amazon:Baby_Products,test,1365,6,2.964082155389301,1,4,6
amazon:Baby_Products,test,1615,54,14.852736443988347,25,43,48
amazon:Baby_Products,test,1748,4,0.6424363992981993,2,4,4
amazon:Baby_Products,test,1784,20,7.7304931640625,13,20,20
amazon:Baby_Products,test,1846,9,1.5922574318061442,3,6,6
amazon:Baby_Products,test,1875,4,0.30519171246027543,1,1,1
amazon:Baby_Products,test,1941,6,0.5076414981130825,4,5,5
amazon:Baby_Products,test,1974,8,4.050005172470868,8,8,8
amazon:Baby_Products,test,2073,5,14.962667691505562,1,1,4
amazon:Baby_Products,test,2222,4,44.55631269034693,3,4,4
amazon:Baby_Products,test,2583,8,3.098114324020127,4,7,7
amazon:Baby_Products,test,2669,17,5.441383335954052,10,12,13
amazon:Baby_Products,test,2739,6,4.04412883176642,4,4,6
amazon:Baby_Products,test,2757,6,12.513669599112818,3,5,5
amazon:Baby_Products,test,2976,4,0.08442465572033897,3,3,3
amazon:Baby_Products,test,3026,5,2.7894088486493644,3,5,5
amazon:Baby_Products,test,3144,4,1.6910419011520128,2,4,4
amazon:Baby_Products,test,3150,3,0.15615565413135596,3,3,3
amazon:Baby_Products,test,3177,5,1.7798954333289194,1,2,2
amazon:Baby_Products,test,3229,15,2.8631443864208155,11,15,15
amazon:Baby_Products,test,3456,4,1.688431251655191,2,4,4
amazon:Baby_Products,test,3642,8,1.845720090704449,8,8,8
amazon:Baby_Products,test,3757,3,0.5638527045815678,3,3,3
amazon:Baby_Products,test,4368,7,0.03206890558792373,4,4,4
amazon:Baby_Products,test,4525,6,0.8216521699549788,6,6,6
amazon:Baby_Products,test,4744,4,1.4243879932468217,1,2,3
amazon:Baby_Products,test,4940,4,1.8961518885725634,4,4,4
amazon:Baby_Products,test,4981,5,2.5921860517081567,4,4,4
amazon:Baby_Products,test,5006,11,2.1335784394862287,8,8,11
amazon:Baby_Products,test,5203,4,0.3426459878177966,1,1,1
amazon:Baby_Products,test,5232,3,0.40106904627913137,2,2,2
amazon:Baby_Products,test,5430,5,11.347581145722987,5,5,5
amazon:Baby_Products,test,5669,5,2.2766295352224573,3,3,4
amazon:Baby_Products,test,5818,3,0.7673929505429026,1,1,1
amazon:Baby_Products,test,5982,4,1.2048370878575212,2,2,2
amazon:Baby_Products,test,6046,3,1.8760396666445975,1,3,3
amazon:Baby_Products,test,6053,9,2.3203369140624996,4,8,9
amazon:Baby_Products,test,6102,7,1.626072563559322,6,6,6
amazon:Baby_Products,test,6233,26,3.948751572431144,10,20,24
amazon:Baby_Products,test,6266,6,2.729365461963718,5,5,6
amazon:Baby_Products,test,6293,5,0.7536544541181145,1,5,5
amazon:Baby_Products,test,6328,4,1.5046154992055083,3,3,3
amazon:Baby_Products,test,6348,8,0.1104926675052966,4,4,4
amazon:Baby_Products,test,6430,4,0.4197137347722457,2,4,4
amazon:Baby_Products,test,6961,6,0.4618439237950212,2,2,3
amazon:Baby_Products,test,7114,4,2.225897940942797,2,3,3
amazon:Baby_Products,test,7145,4,6.384192515227754,4,4,4
amazon:Baby_Products,test,7195,12,1.6116581286414196,3,7,11
amazon:Baby_Products,test,7226,4,1.9494084762314619,4,4,4
amazon:Baby_Products,test,7339,5,3.463929050251589,4,4,4
amazon:Baby_Products,test,7420,3,2.1791696322166314,2,2,2
amazon:Baby_Products,test,7441,9,1.6073850470074154,5,9,9
amazon:Baby_Products,test,7576,4,3.0137720140360167,2,4,4
amazon:Baby_Products,test,7619,7,2.7801437119306143,5,6,7
amazon:Baby_Products,test,7667,4,0.0890273271980932,4,4,4
amazon:Baby_Products,test,7747,2,0.6054426807468221,1,1,1
amazon:Baby_Products,test,8165,9,1.7125537936970339,6,9,9
amazon:Baby_Products,test,8181,5,0.6165947348384534,4,4,4
amazon:Baby_Products,test,8430,3,1.511426815744174,1,1,3
amazon:Baby_Products,test,8645,4,0.9459929902674789,4,4,4
amazon:Baby_Products,test,8860,4,2.0803787490068855,3,3,3
amazon:Baby_Products,test,8897,6,3.1046709480932204,4,5,6
amazon:Baby_Products,test,9261,7,37.6213236146054,6,7,7
amazon:Baby_Products,test,9302,4,0.7423778469279662,3,3,3
amazon:Baby_Products,test,9358,21,6.6761131157309315,11,15,21
amazon:Baby_Products,test,9398,11,1.6691747633077332,11,11,11
amazon:Baby_Products,test,9466,5,0.8139300847457628,2,2,2
amazon:Baby_Products,test,9492,4,1.291643976761123,2,2,2
amazon:Baby_Products,test,9507,4,0.6348430051641949,1,1,2
amazon:Baby_Products,test,9763,9,3.0190160719014827,5,8,9
amazon:Baby_Products,test,9766,4,0.2013034626588983,3,3,3
amazon:Baby_Products,test,9806,7,8.155912754899365,4,7,7
amazon:Baby_Products,test,9889,5,2.1306564072431144,2,2,5
amazon:Baby_Products,test,9995,4,4.243661861096399,4,4,4
amazon:Baby_Products,test,10013,3,0.42088374768273307,2,2,2
amazon:Baby_Products,test,10177,4,0.08846456236758482,1,1,1
amazon:Baby_Products,test,10231,4,5.826393256753178,4,4,4
amazon:Baby_Products,test,10346,4,0.1714465125132416,3,3,3
amazon:Baby_Products,test,10348,11,2.644206832627118,7,10,10
amazon:Baby_Products,test,10540,10,4.763824462890625,5,7,9
amazon:Baby_Products,test,10991,5,6.182000835871293,1,3,3
amazon:Baby_Products,test,11016,4,1.764688368975106,3,4,4
amazon:Baby_Products,test,11121,8,2.283905339645127,3,3,8
amazon:Baby_Products,test,11144,7,3.5875558626853814,3,5,5
amazon:Baby_Products,test,11223,4,7.856805937168962,3,4,4
amazon:Baby_Products,test,11246,10,4.305937789658368,6,8,9
amazon:Baby_Products,test,11383,5,2.8038735599841105,4,5,5
amazon:Baby_Products,test,11531,3,2.3477712857521187,2,2,3
amazon:Baby_Products,test,11731,5,2.5985039145259536,4,4,4
amazon:Baby_Products,test,11768,14,6.521474961103019,8,11,13
amazon:Baby_Products,test,11936,5,2.0522131968352753,2,5,5
amazon:Baby_Products,test,11994,6,1.840515964314089,4,5,5
amazon:Baby_Products,test,12012,4,1.2150655455508474,1,2,2
amazon:Baby_Products,test,12156,5,1.408968857587394,4,5,5
amazon:Baby_Products,test,12258,4,0.3979668051509534,3,4,4
amazon:Baby_Products,test,12265,5,27.220494984772248,4,5,5
amazon:Baby_Products,test,12540,4,0.7225689386917373,2,4,4
amazon:Baby_Products,test,12592,9,2.5821878724179026,5,8,9
amazon:Baby_Products,test,12698,27,33.57223210738877,19,24,26
amazon:Baby_Products,test,12803,4,4.5335658186573085,3,4,4
amazon:Baby_Products,test,12830,7,20.255345645193323,7,7,7
amazon:Baby_Products,test,12831,7,2.8407214148569917,4,4,4
amazon:Baby_Products,test,12864,4,2.193330822960805,3,4,4
amazon:Baby_Products,test,12910,4,5.071835275423728,2,3,3
amazon:Baby_Products,test,12979,4,0.341939221398305,2,2,2
amazon:Baby_Products,test,13019,4,3.5608021881620764,2,3,4
amazon:Baby_Products,test,13086,4,0.47201248427568854,1,1,1
amazon:Baby_Products,test,13252,7,4.144228557004767,3,7,7
amazon:Baby_Products,test,13329,17,4.077816927635063,14,17,17
amazon:Baby_Products,test,13431,6,0.6481454622947564,1,4,4
amazon:Baby_Products,test,13662,4,2.3333407127251062,3,3,3
amazon:Baby_Products,test,13789,4,1.9312698622881357,4,4,4
amazon:Baby_Products,test,13915,6,1.6146460581634006,6,6,6
amazon:Baby_Products,test,13963,8,1.7405769994703388,5,5,5
amazon:Baby_Products,test,13980,8,2.1087780968617587,3,3,6
amazon:Baby_Products,test,14067,4,1.218547446040784,2,3,3
amazon:Baby_Products,test,14175,5,1.4021422305349578,1,3,3
amazon:Baby_Products,test,14407,5,0.16502664856991522,1,1,1
amazon:Baby_Products,test,14410,5,3.247686457229873,1,2,2
amazon:Baby_Products,test,14499,7,1.6889538781117583,5,5,5
amazon:Baby_Products,test,14865,4,0.1414319054555085,4,4,4
amazon:Baby_Products,test,14882,3,4.004409427966101,1,1,1
amazon:Baby_Products,test,15099,4,1.9829167770127119,2,2,2
amazon:Baby_Products,test,15156,8,1.4402412026615468,5,5,5
amazon:Baby_Products,test,15302,11,9.26468071371822,5,11,11
amazon:Baby_Products,test,15423,4,9.646240027476164,4,4,4
amazon:Baby_Products,test,15531,7,6.447902873411017,5,5,5
amazon:Baby_Products,test,15726,4,1.6851905952065678,1,1,1
amazon:Baby_Products,test,15728,9,2.1140618793034953,8,8,8
amazon:Baby_Products,test,15729,4,3.11483547404661,1,4,4
amazon:Baby_Products,test,15803,9,7.562408550715043,7,9,9
amazon:Baby_Products,test,15826,7,1.852325956700212,1,5,5
amazon:Baby_Products,test,15912,11,7.471284096927967,7,8,8
amazon:Baby_Products,test,16178,8,0.2791664252846927,4,4,4
amazon:Baby_Products,test,16403,6,2.9260613910222455,2,3,5
amazon:Baby_Products,test,16536,5,2.12667867369571,2,4,4
amazon:Baby_Products,test,16566,5,1.6487660553495764,2,4,4
amazon:Baby_Products,test,16620,4,12.007852224576272,4,4,4
amazon:Baby_Products,test,16731,3,0.886454333289195,1,3,3
amazon:Baby_Products,test,16787,5,0.8232316356594279,5,5,5
amazon:Baby_Products,test,16825,5,8.381098550052965,3,5,5
amazon:Baby_Products,test,16866,4,3.5648532673463986,3,4,4
amazon:Baby_Products,test,16882,12,3.774944758011123,10,11,12
amazon:Baby_Products,test,17037,13,6.398702020160222,8,10,10
amazon:Baby_Products,test,17062,5,0.8040293548066736,3,3,5
amazon:Baby_Products,test,17261,4,0.2560926534361758,1,1,1
amazon:Baby_Products,test,17306,4,0.9241124039989406,1,4,4
amazon:Baby_Products,test,17413,5,1.3092622401350635,3,3,3
amazon:Baby_Products,test,17484,7,19.649917033567267,6,7,7
amazon:Baby_Products,test,17494,4,0.6148087840969281,1,1,1
amazon:Baby_Products,test,17506,5,0.817431640625,5,5,5
amazon:Baby_Products,test,17627,11,2.0398677502648304,3,5,6
amazon:Baby_Products,test,17631,4,0.5788339388572563,3,4,4
amazon:Baby_Products,test,17644,4,1.1224378682799259,3,3,3
amazon:Baby_Products,test,17694,17,6.021270855402543,14,14,17
amazon:Baby_Products,test,17710,8,0.8867934404793432,7,7,7
amazon:Baby_Products,test,17805,5,11.374765790519067,5,5,5
amazon:Baby_Products,test,17984,5,2.753789972854873,4,5,5
amazon:Baby_Products,test,18028,4,1.1100130760063558,4,4,4
amazon:Baby_Products,test,18104,8,2.3806605452198095,6,7,7
amazon:Baby_Products,test,18121,11,6.658068226959745,9,9,10
amazon:Baby_Products,test,18180,4,1.244195866988877,4,4,4
amazon:Baby_Products,test,18236,7,3.4731890144994706,5,5,5
amazon:Baby_Products,test,18266,10,2.846833827131886,2,8,10
amazon:Baby_Products,test,18825,6,2.208191124867585,6,6,6
amazon:Baby_Products,test,18855,6,1.5653112379171081,5,6,6
amazon:Baby_Products,test,19013,6,4.120606710143009,4,6,6
amazon:Baby_Products,test,19214,8,3.02734768107786,4,5,5
amazon:Baby_Products,test,19474,4,46.70388473252119,3,4,4
amazon:Baby_Products,test,19656,4,0.9119987875728284,1,2,2
amazon:Baby_Products,test,19695,8,3.2129191770391943,4,5,5
amazon:Baby_Products,test,19698,4,1.6589138224973519,3,3,4
amazon:Baby_Products,test,19875,38,8.057578497417902,14,35,38
amazon:Baby_Products,test,19986,10,3.765594792770127,6,7,8
amazon:Baby_Products,test,19996,6,1.5056725453522244,5,6,6
amazon:Baby_Products,test,20067,5,0.5856797040519066,3,3,3
amazon:Baby_Products,test,20068,7,2.5446884931144065,3,5,5
amazon:Baby_Products,test,20104,7,4.423733572232521,4,6,6
amazon:Baby_Products,test,20122,11,4.522352108712925,5,9,10
amazon:Baby_Products,test,20149,6,2.3323709778866526,3,3,3
amazon:Baby_Products,test,20225,4,4.426528361692267,1,2,4
amazon:Baby_Products,test,20287,5,0.5317604194253178,4,4,4
amazon:Baby_Products,test,20539,7,7.693718344478285,6,7,7
amazon:Baby_Products,test,20636,4,3.181125860699153,4,4,4
amazon:Baby_Products,test,20901,4,1.737262480137712,2,4,4
amazon:Baby_Products,test,20938,4,8.407496772378177,2,2,3
amazon:Baby_Products,test,21546,6,1.7593729310116526,3,5,5
amazon:Baby_Products,test,21590,5,0.4759881488347457,2,4,4
amazon:Baby_Products,test,21716,3,1.5957335391287075,3,3,3
amazon:Baby_Products,test,21864,13,4.963633598715572,11,11,12
amazon:Baby_Products,test,21890,7,5.5778761007018005,2,4,6
amazon:Baby_Products,test,22088,9,4.323672743975106,2,9,9
amazon:Baby_Products,test,22144,10,4.709015823622881,6,7,8
amazon:Baby_Products,test,22318,4,4.205227919756355,2,4,4
amazon:Baby_Products,test,22336,5,1.0794646699549786,2,4,4
amazon:Baby_Products,test,22392,4,1.2337274066472457,4,4,4
amazon:Baby_Products,test,22715,5,5.577133540783898,2,3,4
amazon:Baby_Products,test,22911,5,0.6482841879634534,5,5,5
amazon:Baby_Products,test,22916,6,3.1899745100635593,4,6,6
amazon:Baby_Products,test,23011,4,0.31340580309851696,1,1,1
amazon:Baby_Products,test,23032,11,3.031397105071504,5,11,11
amazon:Baby_Products,test,23041,5,1.1354788052833689,3,4,4
amazon:Baby_Products,test,23087,4,1.0622775837526484,3,3,3
amazon:Baby_Products,test,23148,5,1.29502346232786,3,4,5
amazon:Baby_Products,test,23200,5,8.199574615995761,2,4,4
amazon:Baby_Products,test,23295,6,1.7556528899629238,5,5,5
amazon:Baby_Products,test,23362,28,7.319659941075212,14,26,27
amazon:Baby_Products,test,23547,4,9.62461609921213,3,4,4
amazon:Baby_Products,test,23593,6,1.8891272593352755,2,2,5
amazon:Baby_Products,test,23627,7,5.596434098583157,7,7,7
amazon:Baby_Products,test,23646,4,1.035602323887712,2,3,3
amazon:Baby_Products,test,23832,11,5.313963395458157,3,7,9
amazon:Baby_Products,test,23882,14,8.978576867055086,6,9,11
amazon:Baby_Products,test,23959,8,1.592930473715572,4,6,6
amazon:Baby_Products,test,24253,14,7.970073635295286,3,9,10
amazon:Baby_Products,test,24275,4,7.245174084679555,4,4,4
amazon:Baby_Products,test,24336,5,3.44995551675053,3,5,5
amazon:Baby_Products,test,24419,5,1.8073335291975636,4,4,5
amazon:Baby_Products,test,24587,4,1.821399753376589,2,2,2
amazon:Baby_Products,test,24645,5,1.3000686904131356,1,4,4
amazon:Baby_Products,test,24714,14,5.127577752582097,4,8,8
amazon:Baby_Products,test,24785,4,4.264376986228814,1,2,2
amazon:Baby_Products,test,24837,7,2.7757113181938555,2,3,4
amazon:Baby_Products,test,24879,5,1.4068313857256358,5,5,5
amazon:Baby_Products,test,25006,7,0.736878269001589,1,1,1
amazon:Baby_Products,test,25106,4,5.287069857322564,1,4,4
amazon:Baby_Products,test,25179,7,2.968037233514301,5,6,6
amazon:Baby_Products,test,25330,8,1.9384936316538666,7,7,7
amazon:Baby_Products,test,25471,6,2.6486948821504237,3,6,6
amazon:Baby_Products,test,25482,5,0.4820211119570975,1,3,3
amazon:Baby_Products,test,25575,3,0.010841292041843142,2,2,2
amazon:Baby_Products,test,25582,4,0.3023805779925847,4,4,4
amazon:Baby_Products,test,25614,8,6.044632371805482,8,8,8
amazon:Baby_Products,test,25791,6,2.7468748965505823,5,6,6
amazon:Baby_Products,test,25962,13,9.313974567995233,7,11,11
amazon:Baby_Products,test,26028,11,5.005965721001059,9,11,11
amazon:Baby_Products,test,26050,9,1.0077496027542372,3,5,5
amazon:Baby_Products,test,26064,5,1.7964711334745764,2,3,3
amazon:Baby_Products,test,26268,21,27.10358286712129,20,21,21
amazon:Baby_Products,test,26306,5,1.3747889631885593,4,5,5
amazon:Baby_Products,test,26311,6,0.4143633309057204,3,3,3
amazon:Baby_Products,test,27069,5,0.19802721961069913,5,5,5
amazon:Baby_Products,test,27128,6,2.645160015558792,5,6,6
amazon:Baby_Products,test,27226,6,2.051368842690678,2,2,5
amazon:Baby_Products,test,27377,3,2.343706965042373,3,3,3
amazon:Baby_Products,test,27447,4,1.4027476165254236,2,4,4
amazon:Baby_Products,test,27455,4,10.415619413731463,3,4,4
amazon:Baby_Products,test,27648,5,3.7191422801906775,2,4,5
amazon:Baby_Products,test,27654,6,3.067023429224047,1,2,2
amazon:Baby_Products,test,27976,9,2.8266983290850107,6,8,8
amazon:Baby_Products,test,28117,4,13.910565702793962,1,1,2
amazon:Baby_Products,test,28152,11,8.496888655323094,8,11,11
amazon:Baby_Products,test,28277,11,3.6387000132415257,8,8,8
amazon:Baby_Products,test,28297,5,1.6144142280190676,3,4,4
amazon:Baby_Products,test,28347,4,4.1089423745365465,1,2,2
amazon:Baby_Products,test,28365,4,0.344923530190678,1,1,1
amazon:Baby_Products,test,28539,9,2.1887083926443323,4,8,8
amazon:Baby_Products,test,28598,5,1.4775289244570975,3,3,3
amazon:Baby_Products,test,28622,5,3.1271538168697033,1,1,1
amazon:Baby_Products,test,28776,5,0.6396358166710805,3,3,3
amazon:Baby_Products,test,28902,4,0.9769858150158898,4,4,4
amazon:Baby_Products,test,28960,10,2.3630050400556146,6,10,10
amazon:Baby_Products,test,29038,6,0.6283066571769067,6,6,6
amazon:Baby_Products,test,29130,6,3.852060919292902,2,5,5
amazon:Baby_Products,test,29186,5,6.426815537274893,3,3,3
amazon:Baby_Products,test,29189,4,0.2642861576403602,4,4,4
amazon:Baby_Products,test,29220,10,2.0890101545948094,2,2,7
amazon:Baby_Products,test,29388,5,0.2901890641551905,5,5,5
amazon:Baby_Products,test,29830,6,1.3232389805680613,6,6,6
amazon:Baby_Products,test,30058,15,4.154530463784429,12,14,14
amazon:Baby_Products,test,30239,4,0.6491026797537076,4,4,4
amazon:Baby_Products,test,30340,5,0.6623247566869703,2,3,3
amazon:Baby_Products,test,30382,5,0.7437636553230932,5,5,5
amazon:Baby_Products,test,30394,4,13.466662804555083,4,4,4
amazon:Baby_Products,test,30398,7,5.421064784163136,4,5,5
amazon:Baby_Products,test,30441,9,1.9296227406647246,9,9,9
amazon:Baby_Products,test,30559,4,3.140913003177966,1,2,2
amazon:Baby_Products,test,30732,4,14.305796891551907,2,2,4
amazon:Baby_Products,test,30822,3,4.127458992650953,2,2,2
amazon:Baby_Products,test,30830,4,7.1231031514830505,3,3,4
amazon:Baby_Products,test,30888,6,1.2267898818193856,3,6,6
amazon:Baby_Products,test,30987,5,2.9980946686308263,5,5,5
amazon:Baby_Products,test,31120,9,3.3280854823225634,3,9,9
amazon:Baby_Products,test,31161,9,8.278687764830508,4,9,9
amazon:Baby_Products,test,31183,5,16.651806847523833,5,5,5
amazon:Baby_Products,test,31488,5,0.7920312913797669,4,4,4
amazon:Baby_Products,test,31660,7,0.7784529346530722,4,5,5
amazon:Baby_Products,test,31735,18,17.54854136321504,17,18,18
amazon:Baby_Products,test,31762,5,0.6359817763506355,4,4,4
amazon:Baby_Products,test,31828,5,3.2589458918167367,5,5,5
amazon:Baby_Products,test,31839,20,6.452858514300848,12,15,17
amazon:Baby_Products,test,32270,15,3.1372113761255296,5,14,15
amazon:Baby_Products,test,32295,4,0.012017718816207612,1,1,1
amazon:Baby_Products,test,32361,4,1.3805868892346398,3,3,3
amazon:Baby_Products,test,32604,4,1.220973541777013,3,3,3
amazon:Baby_Products,test,32653,9,2.171311614472988,4,5,8
amazon:Baby_Products,test,32743,4,44.970374776549264,2,4,4
amazon:Baby_Products,test,32763,7,5.258680130263507,2,5,7
amazon:Baby_Products,test,32801,11,1.8924529512049788,5,6,10
amazon:Baby_Products,test,32937,4,0.5555484060513771,4,4,4
amazon:Baby_Products,test,33087,4,6.231020549192267,3,4,4
amazon:Baby_Products,test,33104,6,0.5789343882415254,3,3,3
amazon:Baby_Products,test,33274,6,2.326200427039195,4,5,5
amazon:Baby_Products,test,33291,5,1.942854748742055,1,1,2
amazon:Baby_Products,test,33341,5,0.4748717227224576,1,5,5
amazon:Baby_Products,test,33396,6,0.9850572489075742,5,5,5
amazon:Baby_Products,test,33419,5,0.28839587195444916,5,5,5
amazon:Baby_Products,test,33510,4,2.016879634533898,4,4,4
amazon:Baby_Products,test,33918,5,3.657859052237818,5,5,5
amazon:Baby_Products,test,33987,6,3.225288003177966,4,4,6
amazon:Baby_Products,test,33988,4,0.2162504551774364,2,2,4
amazon:Baby_Products,test,34024,7,1.628832180217161,1,4,6
amazon:Baby_Products,test,34118,4,1.135451494637182,1,4,4
amazon:Baby_Products,test,34130,4,6.597865631620763,4,4,4
amazon:Baby_Products,test,34328,13,3.3313424837791317,8,12,13
amazon:Baby_Products,test,34390,5,1.0007984226032836,1,3,5
amazon:Baby_Products,test,34453,7,1.4977228714247879,2,2,2
amazon:Baby_Products,test,34474,5,4.417777989274365,5,5,5
amazon:Baby_Products,test,34478,5,3.38223442465572,2,3,3
amazon:Baby_Products,test,34578,4,0.06455595372086864,2,2,2
amazon:Baby_Products,test,34644,10,2.3377786927304025,5,10,10
amazon:Baby_Products,test,34741,5,0.8516889151880297,4,4,4
amazon:Baby_Products,test,34744,4,1.2732781878972457,3,3,3
amazon:Baby_Products,test,34913,4,5.2499733100503185,3,3,3
amazon:Baby_Products,test,35043,4,1.5171483961202332,2,2,4
amazon:Baby_Products,test,35052,17,5.297995770987818,9,15,16
amazon:Baby_Products,test,35276,5,2.1326020838850637,1,2,3
amazon:Baby_Products,test,35324,14,6.615064511056673,2,4,4
amazon:Baby_Products,test,35340,9,11.006604831501589,5,9,9
amazon:Baby_Products,test,35355,6,0.16373353085275424,4,4,4
amazon:Baby_Products,test,35472,7,0.8351670087394067,4,4,5
amazon:Baby_Products,test,35584,4,2.6646496788930083,1,1,4
amazon:Baby_Products,test,35616,8,1.734135618048199,8,8,8
amazon:Baby_Products,test,35647,4,0.5635407011387712,1,2,2
amazon:Baby_Products,test,35749,4,0.06852613546080505,4,4,4
amazon:Baby_Products,test,35857,10,2.5030182402012713,6,8,9
amazon:Baby_Products,test,36098,28,11.911737991591632,13,21,27
amazon:Baby_Products,test,36122,4,2.9337832693326273,4,4,4
amazon:Baby_Products,test,36198,4,2.937663656978284,3,4,4
amazon:Baby_Products,test,36311,6,2.711008880097987,5,5,6
amazon:Baby_Products,test,36415,6,2.1657619670286015,1,3,3
amazon:Baby_Products,test,36432,4,0.8611096398305085,1,3,3
amazon:Baby_Products,test,36504,4,1.5199979103217691,3,3,3
amazon:Baby_Products,test,36558,6,2.506865110235699,6,6,6
amazon:Baby_Products,test,36588,5,14.504645706435383,5,5,5
amazon:Baby_Products,test,36835,7,3.1158167952198093,4,4,7
amazon:Baby_Products,test,37126,5,0.9720576916710804,2,2,2
amazon:Baby_Products,test,37336,7,1.341298041909428,6,7,7
amazon:Baby_Products,test,37430,5,3.379308461334746,2,5,5
amazon:Baby_Products,test,37465,7,1.5540225271451271,1,1,7
amazon:Baby_Products,test,37571,10,5.938116765426377,8,8,9
amazon:Baby_Products,test,37603,11,1.184218584480932,6,10,10
amazon:Baby_Products,test,37631,3,0.5518567101430085,3,3,3
amazon:Baby_Products,test,37695,4,1.8262620828919491,2,3,4
amazon:Baby_Products,test,37786,5,2.1916419077727753,4,5,5
amazon:Baby_Products,test,38031,3,5.559952247748941,3,3,3
amazon:Baby_Products,test,38250,5,4.062451171875001,1,3,4
amazon:Baby_Products,test,38622,6,2.5901752019332624,5,6,6
amazon:Baby_Products,test,38636,17,3.9597887976694914,6,8,13
amazon:Baby_Products,test,38646,5,4.225309003409692,3,3,3
amazon:Baby_Products,test,38747,4,3.050559247550318,4,4,4
amazon:Baby_Products,test,38749,4,1.3590472722457627,2,2,2
amazon:Baby_Products,test,39044,5,4.192698953919492,5,5,5
amazon:Baby_Products,test,39091,4,1.2413487321239405,3,3,3
amazon:Baby_Products,test,39190,10,2.4639458090572033,7,10,10
amazon:Baby_Products,test,39262,4,0.010272113347457645,1,1,1
amazon:Baby_Products,test,39381,4,0.7979976330773304,2,3,3
amazon:Baby_Products,test,39390,4,0.5358108779131356,2,3,3
amazon:Baby_Products,test,39510,8,2.780642751920021,2,8,8
amazon:Baby_Products,test,39608,6,0.539424572960805,5,5,5
amazon:Baby_Products,test,39725,6,1.9455578820180084,2,3,3
amazon:Baby_Products,test,39731,4,1.330700166346663,3,4,4
amazon:Baby_Products,test,39807,8,2.8166441836599576,6,7,7
amazon:Baby_Products,test,39833,3,2.755529578257415,1,2,3
amazon:Baby_Products,test,39909,5,17.259687831038136,3,4,5
amazon:Baby_Products,test,40082,9,0.19775804422669485,1,1,1
amazon:Baby_Products,test,40118,7,3.375783112089513,3,6,6
amazon:Baby_Products,test,40418,9,16.45610475701801,9,9,9
amazon:Baby_Products,test,40450,72,25.783688509666316,43,60,70
amazon:Baby_Products,test,40627,4,1.8158250711731994,3,4,4
amazon:Baby_Products,test,40779,4,1.4659103134931142,2,3,3
amazon:Baby_Products,test,40794,4,2.2101893538135595,4,4,4
amazon:Baby_Products,test,41084,7,4.398241153005826,5,7,7
amazon:Baby_Products,test,41112,5,2.712330756753178,2,3,3
amazon:Baby_Products,test,41187,5,46.51017931922007,4,5,5
amazon:Baby_Products,test,41369,12,7.843185993776483,7,9,9
amazon:Baby_Products,test,41416,6,12.795449673927434,6,6,6
amazon:Baby_Products,test,41522,7,0.08618267511917371,4,4,4
amazon:Baby_Products,test,41540,4,1.1485012248411017,1,1,1
amazon:Baby_Products,test,41600,4,1.7810884120100636,4,4,4
amazon:Baby_Products,test,41607,10,2.0757355253575214,3,6,7
amazon:Baby_Products,test,41895,16,5.623804124735169,3,4,14
amazon:Baby_Products,test,41910,5,3.096674928826801,4,5,5
amazon:Baby_Products,test,41992,7,2.876200427039195,1,4,4
amazon:Baby_Products,test,41996,3,0.26040970107256356,3,3,3
amazon:Baby_Products,test,42084,5,0.6562816555217161,3,5,5
amazon:Baby_Products,test,42130,5,1.6940646931276482,2,2,2
amazon:Baby_Products,test,42505,5,0.6585240250926907,1,2,2
amazon:Baby_Products,test,42554,7,0.929612602621822,2,5,5
amazon:Baby_Products,test,42645,4,0.7483470852092161,2,2,2
amazon:Baby_Products,test,42699,10,2.626249255164195,4,8,10
amazon:Baby_Products,test,42781,5,2.175811457229873,2,3,3
amazon:Baby_Products,test,42978,4,3.9624222060381356,4,4,4
amazon:Baby_Products,test,42997,6,2.852335267147775,4,5,5
amazon:Baby_Products,test,43020,5,18.01988525390625,5,5,5
amazon:Baby_Products,test,43091,7,1.4318123510328389,7,7,7
amazon:Baby_Products,test,43220,5,3.5435395838850634,2,5,5
amazon:Baby_Products,test,43292,4,3.0838349940413137,4,4,4
amazon:Baby_Products,test,43303,4,0.40999424821239405,3,3,3
amazon:Baby_Products,test,43368,7,2.9170390500860703,3,3,6
amazon:Baby_Products,test,43599,4,2.8923232256355935,4,4,4
amazon:Baby_Products,test,43721,5,5.728384244239936,3,5,5
amazon:Baby_Products,test,43729,5,2.9348906953456035,5,5,5
amazon:Baby_Products,test,43747,13,2.597980253575212,7,7,10
amazon:Baby_Products,test,43841,5,6.059197067002119,2,5,5
amazon:Baby_Products,test,43941,15,16.257341805150954,15,15,15
amazon:Baby_Products,test,43964,6,2.640276789261123,6,6,6
amazon:Baby_Products,test,44078,4,0.7043748758606991,2,2,2
amazon:Baby_Products,test,44101,6,6.371996449615995,5,5,5
amazon:Baby_Products,test,44258,5,8.667116740598518,4,5,5
amazon:Baby_Products,test,44394,4,7.373654123079979,4,4,4
amazon:Baby_Products,test,44739,10,14.255543440479343,5,9,9
amazon:Baby_Products,test,44915,5,3.8258493197166317,5,5,5
amazon:Baby_Products,test,44976,9,1.243503997285487,3,6,6
amazon:Baby_Products,test,45175,7,0.20612068822828394,4,4,4
amazon:Baby_Products,test,45202,4,1.4124385510460806,3,4,4
amazon:Baby_Products,test,45578,7,14.623225325244968,7,7,7
amazon:Baby_Products,test,45680,5,0.01892803644729879,5,5,5
amazon:Baby_Products,test,45759,26,13.06335097490731,10,18,20
amazon:Baby_Products,test,45976,4,1.6851326635328387,4,4,4
amazon:Baby_Products,test,46003,3,11.428791628045552,3,3,3
amazon:Baby_Products,test,46235,14,5.410196388373941,9,14,14
amazon:Baby_Products,test,46403,5,1.4616407491393009,2,2,2
amazon:Baby_Products,test,46406,4,1.4858408782441739,3,3,3
amazon:Baby_Products,test,46436,4,0.22785230733580508,2,2,2
amazon:Baby_Products,test,46468,12,5.375003103482521,8,11,11
amazon:Baby_Products,test,46485,3,0.5370259947695976,1,1,1
amazon:Baby_Products,test,46515,35,12.384317689022774,15,31,31
amazon:Baby_Products,test,46654,16,3.7830271575410483,16,16,16
amazon:Baby_Products,test,46661,3,0.250465522378178,3,3,3
amazon:Baby_Products,test,46774,5,3.000961045087394,3,3,3
amazon:Baby_Products,test,46900,3,0.3591523768538136,2,2,2
amazon:Baby_Products,test,47058,20,3.446044508077331,4,8,20
amazon:Baby_Products,test,47168,5,1.0135357355667372,1,5,5
amazon:Baby_Products,test,47417,6,3.4624371027542376,6,6,6
amazon:Baby_Products,test,47527,8,2.9554348185911015,7,7,8
amazon:Baby_Products,test,47571,7,11.243881587658898,2,4,6
amazon:Baby_Products,test,47826,4,4.630824202198093,3,4,4
amazon:Baby_Products,test,48079,4,1.1772170244637181,2,3,3
amazon:Baby_Products,test,48128,4,1.216295352224576,3,3,3
amazon:Baby_Products,test,48386,8,2.5878945560778597,6,7,7
amazon:Baby_Products,test,48540,8,6.667560538599046,4,7,7
amazon:Baby_Products,test,48582,3,0.0869738562632415,1,1,1
amazon:Baby_Products,test,48612,5,11.762411033501058,5,5,5
amazon:Baby_Products,test,48713,7,5.332456427105403,6,6,6
amazon:Baby_Products,test,48762,11,3.832972846596928,9,9,9
amazon:Baby_Products,test,48928,10,2.9733440851761124,7,8,8
amazon:Baby_Products,test,49041,5,1.462173203290519,2,4,4
amazon:Baby_Products,test,49081,5,0.534777004435911,5,5,5
amazon:Baby_Products,test,49173,3,2.2511176675052966,2,3,3
amazon:Baby_Products,test,49324,8,1.422160727290784,4,4,4
amazon:Baby_Products,test,49546,4,1.0031679315082098,2,2,2
amazon:Baby_Products,test,49846,4,1.7469681044756358,2,2,2
amazon:Baby_Products,test,49901,5,1.3408196918034958,2,3,3
amazon:Baby_Products,test,50002,4,2.517100395590572,4,4,4
amazon:Baby_Products,test,50110,4,0.4592471365201271,4,4,4
amazon:Baby_Products,test,50174,5,2.183499404131356,1,1,1
amazon:Baby_Products,test,50326,14,7.933408575542902,7,9,14
amazon:Baby_Products,test,50430,7,1.1429975089380298,2,2,4
amazon:Baby_Products,test,50463,7,2.2618828207759534,1,3,3
amazon:Baby_Products,test,50485,7,2.838101454912606,2,3,7
amazon:Baby_Products,test,50575,5,2.337760795981197,1,4,4
amazon:Baby_Products,test,50745,8,5.890386445643538,5,7,7
amazon:Baby_Products,test,50782,5,1.1127149678893007,3,4,4
amazon:Baby_Products,test,50808,7,4.612763796014301,6,6,7
amazon:Baby_Products,test,51049,11,3.690652103747352,4,9,9
amazon:Baby_Products,test,51060,4,3.6963219594147247,2,4,4
amazon:Baby_Products,test,51263,4,0.21134260791843218,2,2,2
amazon:Baby_Products,test,51310,6,1.6808558577198092,5,6,6
amazon:Baby_Products,test,51320,4,1.381491657838983,4,4,4
amazon:Baby_Products,test,51340,5,1.0559911695577329,3,3,3
amazon:Baby_Products,test,51410,6,2.871926310911017,5,6,6
amazon:Baby_Products,test,51417,14,10.604037630760063,9,12,13
amazon:Baby_Products,test,51447,4,2.7456104343220336,3,4,4
amazon:Baby_Products,test,51798,6,1.3125608282574153,3,3,3
amazon:Baby_Products,test,51963,5,10.659382034560382,5,5,5
amazon:Baby_Products,test,51978,5,5.627856548761918,3,3,3
amazon:Baby_Products,test,52021,3,2.0547938460010595,1,3,3
amazon:Baby_Products,test,52024,7,0.29464525125794494,3,3,3
amazon:Baby_Products,test,52060,11,3.51607231528072,6,10,10
amazon:Baby_Products,test,52068,4,1.028884111824682,2,3,3
amazon:Baby_Products,test,52071,9,1.1294228763903602,9,9,9
amazon:Baby_Products,test,52133,5,0.9409385551840571,3,3,3
amazon:Baby_Products,test,52184,9,2.6148193359375,4,8,8
amazon:Baby_Products,test,52268,4,0.8383710440942796,2,2,2
amazon:Baby_Products,test,52288,5,28.943865449549783,4,5,5
amazon:Baby_Products,test,52292,5,2.3658540370100636,3,5,5
amazon:Baby_Products,test,52410,5,10.185059421345338,5,5,5
amazon:Baby_Products,test,52446,7,1.5571237337791313,6,7,7
amazon:Baby_Products,test,52509,9,1.6834956799523306,6,7,7
amazon:Baby_Products,test,52735,4,1.229412324549788,1,1,1
amazon:Baby_Products,test,52800,5,3.1100221795550844,3,3,3
amazon:Baby_Products,test,52829,17,18.307465116856463,6,11,16
amazon:Baby_Products,test,53062,6,1.9815632448358051,5,5,5
amazon:Baby_Products,test,53113,3,1.0451680846133475,3,3,3
amazon:Baby_Products,test,53226,5,1.7176573672537074,4,5,5
amazon:Baby_Products,test,53261,10,9.448384533898306,7,7,10
amazon:Baby_Products,test,53278,6,1.2614153328588453,6,6,6
amazon:Baby_Products,test,53441,6,3.8180109573622882,5,5,6
amazon:Baby_Products,test,53476,9,2.0408074847722455,5,6,7
amazon:Baby_Products,test,53560,7,3.4298286050052966,4,4,4
amazon:Baby_Products,test,53591,5,1.1915252168299788,3,5,5
amazon:Baby_Products,test,53716,6,2.527400647179555,4,5,5
amazon:Baby_Products,test,54041,8,5.245862023305085,5,5,5
amazon:Baby_Products,test,54072,4,0.7511559437897246,4,4,4
amazon:Baby_Products,test,54163,4,4.397745423397775,3,4,4
amazon:Baby_Products,test,54189,4,3.4202955342955503,1,3,3
amazon:Baby_Products,test,54432,4,0.8494805804753708,1,3,3
amazon:Baby_Products,test,54492,6,1.074054627499338,6,6,6
amazon:Baby_Products,test,54601,12,3.140971555548199,5,10,10
amazon:Baby_Products,test,54800,4,3.525196140095339,3,3,4
amazon:Baby_Products,test,55093,5,13.720178015757416,5,5,5
amazon:Baby_Products,test,55168,6,1.9041441836599575,3,6,6
amazon:Baby_Products,test,55212,5,4.2267406398967164,3,4,4
amazon:Baby_Products,test,55298,5,1.8483613612288137,1,4,4
amazon:Baby_Products,test,55406,4,1.8470200360831566,1,3,3
amazon:Baby_Products,test,56072,6,4.954068251787605,5,6,6
amazon:Baby_Products,test,56112,5,1.0633920443260063,1,1,1
amazon:Baby_Products,test,56156,12,2.9804128873146185,7,7,12
amazon:Baby_Products,test,56306,8,1.5776667190810385,7,7,8
amazon:Baby_Products,test,56332,4,1.5163176972987287,3,3,3
amazon:Baby_Products,test,56490,7,16.702624304819913,7,7,7
amazon:Baby_Products,test,56605,5,0.6965305134401483,4,4,4
amazon:Baby_Products,test,56784,4,3.2041288731461863,2,4,4
amazon:Baby_Products,test,56833,13,4.008195676641948,5,7,9
amazon:Baby_Products,test,56852,10,5.044684562036546,9,10,10
amazon:Baby_Products,test,56897,4,2.8321326304290255,2,3,4
amazon:Baby_Products,test,56919,11,2.274079920881886,10,10,10
amazon:Baby_Products,test,56952,5,1.1386747715836865,3,3,5
amazon:Baby_Products,test,57098,6,1.8589215812036546,6,6,6
amazon:Baby_Products,test,57131,6,6.850000827595339,6,6,6
amazon:Baby_Products,test,57498,11,5.1264596712791315,7,11,11
amazon:Baby_Products,test,57538,3,0.4230019779528602,2,2,2
amazon:Baby_Products,test,57652,4,6.0495245464777545,3,3,3
amazon:Baby_Products,test,57705,33,9.602943963519596,20,30,33
amazon:Baby_Products,test,57819,5,5.1696109060513775,5,5,5
amazon:Baby_Products,test,57885,5,1.1262376688294493,5,5,5
amazon:Baby_Products,test,58025,4,0.9593824483580509,2,2,2
amazon:Baby_Products,test,58056,8,3.6462716829978814,8,8,8
amazon:Baby_Products,test,58101,6,0.13099923861228815,1,1,1
amazon:Baby_Products,test,58102,6,1.2682751671742583,6,6,6
amazon:Baby_Products,test,58115,24,5.579246805481992,7,16,21
amazon:Baby_Products,test,58198,5,0.881384484242585,5,5,5
amazon:Baby_Products,test,58317,5,7.167314949682203,4,5,5
amazon:Baby_Products,test,58470,4,15.858287539724577,1,3,3
amazon:Baby_Products,test,58593,4,4.711213709944386,3,3,3
amazon:Baby_Products,test,58674,4,1.2056897179555084,3,4,4
amazon:Baby_Products,test,58689,4,0.17067519365730932,2,2,3
amazon:Baby_Products,test,58779,11,2.4658681061308263,6,8,10
amazon:Baby_Products,test,58803,10,2.0119669251522776,4,8,8
amazon:Baby_Products,test,58840,8,3.795223947298729,4,7,7
amazon:Baby_Products,test,58928,7,1.8163805945444915,2,7,7
amazon:Baby_Products,test,58980,6,2.2579316737288138,1,4,6
amazon:Baby_Products,test,59235,4,0.9367328191207628,3,3,3
amazon:Baby_Products,test,59286,5,0.9341840323755297,1,5,5
amazon:Baby_Products,test,59352,6,1.881587038201801,2,2,2
amazon:Baby_Products,test,59396,4,0.65521240234375,4,4,4
amazon:Baby_Products,test,59397,7,5.307818913863877,4,6,7
amazon:Baby_Products,test,59419,5,0.20160139698093227,5,5,5
amazon:Baby_Products,test,59424,6,2.19012451171875,5,5,5
amazon:Baby_Products,test,59451,12,12.449060058593751,12,12,12
amazon:Baby_Products,test,59526,4,0.32865962658898307,4,4,4
amazon:Baby_Products,test,59603,8,2.3194964909957627,3,7,7
amazon:Baby_Products,test,59703,5,0.6109184653072034,5,5,5
amazon:Baby_Products,test,59719,4,9.653806317862818,4,4,4
amazon:Baby_Products,test,59802,5,0.8680446818723517,3,5,5
amazon:Baby_Products,test,59811,7,3.9792039774231993,2,4,4
amazon:Baby_Products,test,59878,4,1.0746056508209745,1,2,2
amazon:Baby_Products,test,59909,16,3.9951604293564618,12,16,16
amazon:Baby_Products,test,60037,6,1.291892048463983,3,5,6
amazon:Baby_Products,test,60043,3,0.3538981809454449,1,1,1
amazon:Baby_Products,test,60160,14,6.645171808792373,9,13,13
amazon:Baby_Products,test,60169,6,0.45987362619173733,2,5,5
amazon:Baby_Products,test,60467,6,0.3408834166445975,1,4,4
amazon:Baby_Products,test,60582,6,0.9784719693458687,5,6,6
amazon:Baby_Products,test,60617,7,9.550200484970869,3,7,7
amazon:Baby_Products,test,60685,5,0.8965056855799788,3,3,5
amazon:Baby_Products,test,60875,6,0.6957114009533898,4,4,4
amazon:Baby_Products,test,61250,5,1.9161139019465039,5,5,5
amazon:Baby_Products,test,61287,6,0.4836787854210805,4,6,6
amazon:Baby_Products,test,61508,4,0.18548252946239407,3,3,3
amazon:Baby_Products,test,61595,4,0.7700304968882415,3,3,3
amazon:Baby_Products,test,61778,6,4.370595123808263,3,4,4
amazon:Baby_Products,test,61827,8,3.5583436093087926,3,6,6
amazon:Baby_Products,test,61999,2,0.5085302320577331,1,1,2
amazon:Baby_Products,test,62003,6,5.333356230137711,2,2,2
amazon:Baby_Products,test,62120,5,1.970285603151483,3,5,5
amazon:Baby_Products,test,62168,6,1.9343376547603284,5,5,5
amazon:Baby_Products,test,62216,5,5.738808428230932,4,5,5
amazon:Baby_Products,test,62257,4,1.870686779992055,2,4,4
amazon:Baby_Products,test,62274,7,0.5667895300913666,4,4,4
amazon:Baby_Products,test,62275,8,1.8314678644729874,5,6,6
amazon:Baby_Products,test,62283,8,5.189439055879237,8,8,8
amazon:Baby_Products,test,62320,4,0.9196162854210805,3,4,4
amazon:Baby_Products,test,62447,4,1.775883871822034,2,2,2
amazon:Baby_Products,test,62507,6,2.592089947199417,5,5,5
amazon:Baby_Products,test,62557,4,1.38692626953125,3,4,4
amazon:Baby_Products,test,62986,6,3.0648234739141946,4,6,6
amazon:Baby_Products,test,63344,5,0.7819244902012712,3,3,3
amazon:Baby_Products,test,63468,7,0.5757396633342161,4,4,4
amazon:Baby_Products,test,63503,12,3.754723086599576,11,11,11
amazon:Baby_Products,test,63560,6,1.4927703340174787,4,6,6
amazon:Baby_Products,test,63577,5,6.43137951867055,1,4,4
amazon:Baby_Products,test,63671,9,1.4731654280323092,4,4,5
amazon:Baby_Products,test,63740,13,6.470149256819386,4,9,12
amazon:Baby_Products,test,63761,7,7.648934057203389,7,7,7
amazon:Baby_Products,test,63845,5,3.7225006620762713,3,3,5
amazon:Baby_Products,test,64166,6,5.601842434123411,5,5,5
amazon:Baby_Products,test,64203,4,0.08623771020921608,1,1,1
amazon:Baby_Products,test,64496,15,4.772938253111759,10,15,15
amazon:Baby_Products,test,64598,4,1.045478432865466,3,3,3
amazon:Baby_Products,test,64635,5,23.322943011784957,5,5,5
amazon:Baby_Products,test,64789,7,0.6440826933262711,3,5,5
amazon:Baby_Products,test,64853,5,1.6965352721133473,5,5,5
amazon:Baby_Products,test,64910,5,0.7690015889830509,2,2,2
amazon:Baby_Products,test,64944,4,0.9751108977754237,1,2,2
amazon:Baby_Products,test,64977,7,2.0776971332097456,4,5,6
amazon:Baby_Products,test,65017,4,1.5058612370895128,4,4,4
amazon:Baby_Products,test,65041,10,3.18832180217161,8,9,10
amazon:Baby_Products,test,65185,10,3.1732099112817798,8,8,8
amazon:Baby_Products,test,65377,6,0.24000057931673727,1,1,1
amazon:Baby_Products,test,65438,7,3.45809719279661,5,7,7
amazon:Baby_Products,test,65518,6,2.7771970587261654,5,5,6
amazon:Baby_Products,test,65532,5,1.003593832759534,2,2,2
amazon:Baby_Products,test,65582,6,9.23897270590572,3,5,5
amazon:Baby_Products,test,65720,5,2.626259600105932,2,4,4
amazon:Baby_Products,test,65957,4,1.0415664931475106,1,4,4
amazon:Baby_Products,test,65967,5,0.6983191538665254,3,3,3
amazon:Baby_Products,test,66025,6,1.009353689420021,2,3,3
amazon:Baby_Products,test,66342,4,0.9303123344809322,1,1,1
amazon:Baby_Products,test,66425,4,5.792702884997351,3,4,4
amazon:Baby_Products,test,66480,16,3.9864150225105925,12,14,15
amazon:Baby_Products,test,66529,3,1.3793399099576271,3,3,3
amazon:Baby_Products,test,66697,7,4.7849162473516955,2,4,7
amazon:Baby_Products,test,66784,7,1.2747756182137182,5,7,7
amazon:Baby_Products,test,66862,5,1.6513611874337923,3,3,4
amazon:Baby_Products,test,66873,6,5.782613670219809,3,4,5
amazon:Baby_Products,test,66904,9,1.7100957320908368,8,8,8
amazon:Baby_Products,test,67093,4,1.0495073738744702,1,1,1
amazon:Baby_Products,test,67118,4,8.554547222590042,2,2,2
amazon:Baby_Products,test,67463,12,4.7260891154661016,5,8,10
amazon:Baby_Products,test,67507,5,1.408263332560911,2,3,3
amazon:Baby_Products,test,67614,5,0.8373137910487287,5,5,5
amazon:Baby_Products,test,67659,4,1.0990848864539196,3,3,3
amazon:Baby_Products,test,67698,5,1.492742402674788,3,4,4
amazon:Baby_Products,test,67737,5,3.262574897378178,2,4,5
amazon:Baby_Products,test,67945,4,0.6554983365333686,2,2,4
amazon:Baby_Products,test,68009,7,1.550220554157839,6,6,6
amazon:Baby_Products,test,68100,4,0.23829904329978815,4,4,4
amazon:Baby_Products,test,68237,4,0.4335399563029661,1,1,1
amazon:Baby_Products,test,68256,6,2.2091002383474576,3,5,5
amazon:Baby_Products,test,68269,7,1.5802138506355932,4,6,6
amazon:Baby_Products,test,68562,2,0.23616964049258482,2,2,2
amazon:Baby_Products,test,68590,3,1.238785565909693,2,2,2
amazon:Baby_Products,test,68663,4,0.613088420286017,1,1,1
amazon:Baby_Products,test,68756,4,1.159666934255826,3,3,3
amazon:Baby_Products,test,68868,4,1.5120106842558263,1,3,3
amazon:Baby_Products,test,69019,13,8.614218087923728,9,11,11
amazon:Baby_Products,test,69047,9,2.1328300864009533,4,5,5
amazon:Baby_Products,test,69092,11,0.8158660371424789,10,10,11
amazon:Baby_Products,test,69307,7,2.648214256157309,6,7,7
amazon:Baby_Products,test,69504,4,0.8951960159560381,3,4,4
amazon:Baby_Products,test,69674,23,12.144492353019068,15,21,21
amazon:Baby_Products,test,69677,5,1.4231228068723518,3,5,5
amazon:Baby_Products,test,69849,8,2.632568980071504,4,8,8
amazon:Baby_Products,test,69889,4,5.022854045286016,4,4,4
amazon:Baby_Products,test,69903,4,1.5408482438426907,4,4,4
amazon:Baby_Products,test,69962,11,10.527992377846928,3,4,7
amazon:Baby_Products,test,69970,6,2.1305148884401484,3,5,5
amazon:Baby_Products,test,69976,6,0.36955204333289193,6,6,6
amazon:Baby_Products,test,70004,4,3.0104895640227753,1,3,4
amazon:Baby_Products,test,70168,7,0.9474187301377118,7,7,7
amazon:Baby_Products,test,70212,13,4.235873154462395,9,9,12
amazon:Baby_Products,test,70281,4,2.6356091515492586,3,3,4
amazon:Baby_Products,test,70344,5,1.1786190744173728,2,3,3
amazon:Baby_Products,test,70482,47,19.470277947894598,26,32,35
amazon:Baby_Products,test,70510,3,1.8087238893670547,1,1,1
amazon:Baby_Products,test,70993,3,2.090016820875265,2,3,3
amazon:Baby_Products,test,71031,4,1.3623382051112287,1,1,1
amazon:Baby_Products,test,71129,5,3.3492545434984113,4,5,5
amazon:Baby_Products,test,71228,12,1.1284779694120761,10,10,10
amazon:Baby_Products,test,71357,6,1.0002110368114407,1,2,2
amazon:Baby_Products,test,71538,7,18.366575907044492,6,7,7
amazon:Baby_Products,test,71931,5,1.1382493875794493,4,5,5
amazon:Baby_Products,test,71934,5,1.2939260709083689,5,5,5
amazon:Baby_Products,test,71945,5,0.39713217525158895,2,2,2
amazon:Baby_Products,test,71968,9,2.8076803692316603,6,9,9
amazon:Baby_Products,test,72034,5,4.884667141154661,2,4,5
amazon:Baby_Products,test,72215,5,1.1421928793697034,2,2,3
amazon:Baby_Products,test,72236,6,1.3839792025291313,3,4,4
amazon:Baby_Products,test,72534,5,2.6038390078787073,4,4,4
amazon:Baby_Products,test,72740,14,5.178172586731991,6,9,13
amazon:Baby_Products,test,72876,4,4.8615565413135595,4,4,4
amazon:Baby_Products,test,72981,4,0.5331578141551905,2,2,3
amazon:Baby_Products,test,73037,5,3.577492717161017,5,5,5
amazon:Baby_Products,test,73181,5,2.7060697911149365,3,4,4
amazon:Baby_Products,test,73274,10,2.3588074764962923,10,10,10
amazon:Baby_Products,test,73342,4,3.6965464446504237,1,2,2
amazon:Baby_Products,test,73513,5,1.6619128211069916,3,5,5
amazon:Baby_Products,test,73518,4,0.4879543498411017,1,3,3
amazon:Baby_Products,test,73593,4,0.8507075940148304,1,1,1
amazon:Baby_Products,test,73636,4,1.1508753889698093,1,2,4
amazon:Baby_Products,test,73732,7,0.5543665999073093,1,1,7
amazon:Baby_Products,test,73883,5,0.45588544425317795,4,4,4
amazon:Baby_Products,test,73997,3,0.1936964132018008,3,3,3
amazon:Baby_Products,test,74086,6,0.879707155389301,6,6,6
amazon:Baby_Products,test,74224,3,1.351566741426112,1,2,2
amazon:Baby_Products,test,74388,6,2.442495158567267,4,5,5
amazon:Baby_Products,test,74396,50,14.191662597656249,20,29,47
amazon:Baby_Products,test,74543,5,2.235856188757945,3,3,3
amazon:Baby_Products,test,74677,5,0.7227195610434323,5,5,5
amazon:Baby_Products,test,74737,5,0.7155136884269069,5,5,5
amazon:Baby_Products,test,74982,4,3.4291688046212925,3,3,3
amazon:Baby_Products,test,75085,11,2.4018997451006356,5,9,9
amazon:Baby_Products,test,75095,3,4.512642967094809,2,3,3
amazon:Baby_Products,test,75120,3,2.804039492849576,2,3,3
amazon:Baby_Products,test,75131,6,1.7620862023305084,3,3,6
amazon:Baby_Products,test,75253,4,0.524495373742055,2,2,2
amazon:Baby_Products,test,75291,5,0.2678822662870763,2,2,2
amazon:Baby_Products,test,75375,4,1.4635843567929023,4,4,4
amazon:Baby_Products,test,75413,3,0.014600954217425688,3,3,3
amazon:Baby_Products,test,75581,5,2.6819942151085803,2,2,5
amazon:Baby_Products,test,75605,6,1.8698500811043433,3,3,3
amazon:Baby_Products,test,75705,5,3.595996714446504,3,4,5
amazon:Baby_Products,test,75740,7,3.787028684454449,3,5,6
amazon:Baby_Products,test,75843,4,0.7331396070577331,4,4,4
amazon:Baby_Products,test,75881,5,0.38999364820577326,2,2,2
amazon:Baby_Products,test,75904,7,5.388101248013772,6,7,7
amazon:Baby_Products,test,75921,4,2.509771211268538,2,3,3
amazon:Baby_Products,test,75986,5,4.6281274827860175,4,5,5
amazon:Baby_Products,test,76083,5,1.0715454101562498,3,5,5
amazon:Baby_Products,test,76231,6,3.514412365929555,4,5,6
amazon:Baby_Products,test,76326,4,1.6596255544888772,4,4,4
amazon:Baby_Products,test,76415,5,1.6052134368379234,2,3,3
amazon:Baby_Products,test,76420,4,0.6051426774364407,2,2,2
amazon:Baby_Products,test,76424,8,0.4466912738347457,2,2,2
amazon:Baby_Products,test,76484,4,0.22087940280720342,3,3,3
amazon:Baby_Products,test,76575,4,0.5400156829316737,1,1,2
amazon:Baby_Products,test,76862,6,1.5268242270259536,4,4,4
amazon:Baby_Products,test,76901,16,4.255409783832097,5,10,15
amazon:Baby_Products,test,77052,4,0.5252255197298727,3,3,3
amazon:Baby_Products,test,77139,4,1.252965274099576,3,3,3
amazon:Baby_Products,test,77339,3,2.0567403502383472,2,2,2
amazon:Baby_Products,test,77450,6,2.158025502350371,3,6,6
amazon:Baby_Products,test,77462,4,0.1997378591763771,2,2,2
amazon:Baby_Products,test,77502,4,0.7393053992319915,1,1,1
amazon:Baby_Products,test,77524,11,0.9531750695180085,6,8,8
amazon:Baby_Products,test,77599,4,2.323206394001589,3,4,4
amazon:Baby_Products,test,77615,4,1.0869273040254237,3,4,4
amazon:Baby_Products,test,77687,3,1.0610401218220338,2,3,3
amazon:Baby_Products,test,77934,4,2.429879915916314,2,2,2
amazon:Baby_Products,test,78070,4,1.1802016436043432,3,4,4
amazon:Baby_Products,test,78206,12,4.612181168895657,10,10,10
amazon:Baby_Products,test,78419,8,1.2119498559984112,8,8,8
amazon:Baby_Products,test,78470,4,1.2448155289989407,2,3,4
amazon:Baby_Products,test,78477,4,1.332242907507945,1,3,3
amazon:Baby_Products,test,78637,5,2.605219643802966,2,5,5
amazon:Baby_Products,test,78833,6,0.6106904627913134,5,5,6
amazon:Baby_Products,test,78844,4,1.9258197331832627,2,2,2
amazon:Baby_Products,test,78879,2,0.672748113082627,2,2,2
amazon:Baby_Products,test,78988,4,0.3743699930481992,4,4,4
amazon:Baby_Products,test,79016,13,7.922895838850636,11,13,13
amazon:Baby_Products,test,79064,8,2.033812648967161,4,8,8
amazon:Baby_Products,test,79154,11,8.858955409163135,3,9,10
amazon:Baby_Products,test,79321,7,3.9469978979078393,3,7,7
amazon:Baby_Products,test,79351,4,0.5215636172537077,1,4,4
amazon:Baby_Products,test,79494,14,3.45492336467161,11,12,13
amazon:Baby_Products,test,79531,5,0.05186343435513763,3,3,3
amazon:Baby_Products,test,79674,4,0.850637248411017,2,2,4
amazon:Baby_Products,test,79713,4,2.3952764996027542,3,3,3
amazon:Baby_Products,test,79797,7,1.8970014151880297,3,4,4
amazon:Baby_Products,test,79929,15,15.542765885692532,15,15,15
amazon:Baby_Products,test,80155,5,6.534141618114406,4,5,5
amazon:Baby_Products,test,80162,3,1.0751340704449153,2,3,3
amazon:Baby_Products,test,80236,9,10.28155476198358,4,8,9
amazon:Baby_Products,test,80250,4,3.083068433858581,2,4,4
amazon:Baby_Products,test,80399,7,2.3748461707163666,1,6,6
amazon:Baby_Products,test,80567,4,1.6455961583024366,3,3,3
amazon:Baby_Products,test,80575,7,1.5698260808395128,3,5,5
amazon:Baby_Products,test,80598,4,0.7198277360301907,2,2,4
amazon:Baby_Products,test,80684,4,5.213711185778601,4,4,4
amazon:Baby_Products,test,80716,6,4.10710407838983,3,6,6
amazon:Baby_Products,test,80767,6,3.692679091631356,5,6,6
amazon:Baby_Products,test,80768,5,1.0738848152807203,1,5,5
amazon:Baby_Products,test,80773,8,4.9490919210143005,5,7,7
amazon:Baby_Products,test,80816,7,2.709435828257415,3,5,7
amazon:Baby_Products,test,80889,5,2.361211640956038,4,4,4
amazon:Baby_Products,test,80904,6,1.7058589612023305,4,4,4
amazon:Baby_Products,test,81015,5,0.04609002582097457,5,5,5
amazon:Baby_Products,test,81016,14,3.8110990879899367,6,12,12
amazon:Baby_Products,test,81134,8,5.618781241724046,1,4,6
amazon:Baby_Products,test,81163,3,4.85423935712394,1,2,3
amazon:Baby_Products,test,81179,9,1.339183742717161,8,8,8
amazon:Baby_Products,test,81340,5,1.5905765856726695,3,5,5
amazon:Baby_Products,test,81407,5,0.10735080525026486,1,1,1
amazon:Baby_Products,test,81452,6,2.4130971100370764,5,5,5
amazon:Baby_Products,test,81496,4,0.5996655480336335,4,4,4
amazon:Baby_Products,test,81611,9,1.7612362619173727,5,9,9
amazon:Baby_Products,test,81654,4,4.542473434189619,2,3,3
amazon:Baby_Products,test,81690,3,0.04429745431673726,2,2,2
amazon:Baby_Products,test,81694,5,2.6541191489009535,4,5,5
amazon:Baby_Products,test,81709,4,2.038389458090572,3,3,3
amazon:Baby_Products,test,81717,4,3.121938311043432,4,4,4
amazon:Baby_Products,test,81755,12,0.8301296428098517,6,6,6
amazon:Baby_Products,test,81802,11,6.597874114472987,6,8,9
amazon:Baby_Products,test,82047,5,0.49360413632150424,5,5,5
amazon:Baby_Products,test,82125,4,2.193775862354343,4,4,4
amazon:Baby_Products,test,82169,4,1.4369902012711864,2,2,2
amazon:Baby_Products,test,82297,5,2.6586974063162074,4,5,5
amazon:Baby_Products,test,82306,5,0.5896583686440678,2,4,4
amazon:Baby_Products,test,82405,35,35.37004953158104,20,28,33
amazon:Baby_Products,test,82425,4,1.949329440876589,3,4,4
amazon:Baby_Products,test,82515,4,0.35066124867584747,4,4,4
amazon:Baby_Products,test,82572,11,4.450864837129236,2,10,11
amazon:Baby_Products,test,82673,11,0.8148331981594279,3,8,8
amazon:Baby_Products,test,82852,6,7.994859391551907,5,5,5
amazon:Baby_Products,test,82964,5,0.07759492518538136,1,1,1
amazon:Baby_Products,test,83077,4,0.43257498013771184,4,4,4
amazon:Baby_Products,test,83095,6,2.5785961086467166,1,1,3
amazon:Baby_Products,test,83201,13,23.741006107653604,12,13,13
amazon:Baby_Products,test,83223,7,2.740956038135593,4,4,4
amazon:Baby_Products,test,83240,4,1.7437628277277541,1,2,3
amazon:Baby_Products,test,83247,3,1.5264420848781781,1,3,3
amazon:Baby_Products,test,83321,5,1.562063650357521,5,5,5
amazon:Baby_Products,test,83348,3,0.7538896980932203,1,1,1
amazon:Baby_Products,test,83461,5,0.6544253591763771,2,2,2
amazon:Baby_Products,test,83554,3,1.2919321868379239,3,3,3
amazon:Baby_Products,test,83569,4,3.088475010758739,3,4,4
amazon:Baby_Products,test,83588,4,1.6136104260460806,3,4,4
amazon:Baby_Products,test,83593,8,1.0983810166181143,3,6,6
amazon:Baby_Products,test,83613,32,8.470177395060912,15,20,31
amazon:Baby_Products,test,83746,5,4.911004742121293,5,5,5
amazon:Baby_Products,test,83853,14,28.62345756918697,13,14,14
amazon:Baby_Products,test,83922,5,6.118394340903071,2,5,5
amazon:Baby_Products,test,84019,4,1.0364311606197034,1,4,4
amazon:Baby_Products,test,84088,4,4.420523123013771,2,4,4
amazon:Baby_Products,test,84191,5,2.6418384616657837,3,4,4
amazon:Baby_Products,test,84235,5,5.140290237685381,3,4,5
amazon:Baby_Products,test,84959,4,4.386340125132415,4,4,4
amazon:Baby_Products,test,85025,5,1.0282181044756356,1,2,3
amazon:Baby_Products,test,85093,4,0.9103708040916313,1,2,2
amazon:Baby_Products,test,85177,6,0.1730648751986229,1,1,1
amazon:Baby_Products,test,85329,5,2.009757038698358,4,5,5
amazon:Baby_Products,test,85544,5,1.964248191704184,4,5,5
amazon:Baby_Products,test,85563,6,3.2288739737817798,2,2,3
amazon:Baby_Products,test,85697,22,5.905236402608581,10,14,16
amazon:Baby_Products,test,85783,6,2.328033136917373,6,6,6
amazon:Baby_Products,test,85862,4,2.658492783368644,4,4,4
amazon:Baby_Products,test,85963,5,4.614580160884533,2,2,2
amazon:Baby_Products,test,86135,6,1.6571386304952331,1,4,6
amazon:Baby_Products,test,86218,7,4.520203464314089,4,7,7
amazon:Baby_Products,test,86267,9,3.1370457536083154,7,8,8
amazon:Baby_Products,test,86637,15,2.9610816050384003,9,12,12
amazon:Baby_Products,test,86646,5,1.9501276565810381,5,5,5
amazon:Baby_Products,test,86678,5,8.429047355005297,4,5,5
amazon:Baby_Products,test,86701,5,1.7308531680349575,3,3,3
amazon:Baby_Products,test,87044,6,2.1874704134666314,2,5,5
amazon:Baby_Products,test,87093,7,3.5809990317134535,6,6,6
amazon:Baby_Products,test,87096,8,4.345419052899894,4,8,8
amazon:Baby_Products,test,87435,4,0.5913841118246823,2,2,2
amazon:Baby_Products,test,87445,7,3.4330934686175842,3,5,5
amazon:Baby_Products,test,87520,4,0.18425292968750007,2,2,2
amazon:Baby_Products,test,87666,4,4.940304099907309,4,4,4
amazon:Baby_Products,test,87790,9,5.226398843021716,6,8,8
amazon:Baby_Products,test,87799,6,3.738155455508475,5,6,6
amazon:Baby_Products,test,87834,11,6.246533823821505,7,11,11
amazon:Baby_Products,test,87876,5,5.204212874073093,1,5,5
amazon:Baby_Products,test,88121,7,1.5557135113215041,4,5,5
amazon:Baby_Products,test,88143,7,2.060382390426377,5,7,7
amazon:Baby_Products,test,88217,5,1.0390968452065679,4,4,4
amazon:Baby_Products,test,88262,13,7.466424043299788,5,7,13
amazon:Baby_Products,test,88348,6,1.36478271484375,3,4,4
amazon:Baby_Products,test,88490,7,1.8909471414856993,4,6,6
amazon:Baby_Products,test,88492,4,1.333440851761123,2,2,2
amazon:Baby_Products,test,88613,5,1.7299144680217164,1,2,2
amazon:Baby_Products,test,88623,5,3.281175309520657,2,3,3
amazon:Baby_Products,test,88729,4,0.7084563691737288,2,4,4
amazon:Baby_Products,test,88773,8,2.485749635858051,7,8,8
amazon:Baby_Products,test,88831,5,6.7046055680614405,4,4,4
amazon:Baby_Products,test,88886,4,1.8001371739274363,2,3,3
amazon:Baby_Products,test,88978,6,1.811489609540519,3,6,6
amazon:Baby_Products,test,89005,6,1.7726212840969278,4,6,6
amazon:Baby_Products,test,89176,9,2.206279483083951,5,6,8
amazon:Baby_Products,test,89212,4,3.2034599692134536,3,4,4
amazon:Baby_Products,test,89311,7,1.5444724907309322,2,5,5
amazon:Baby_Products,test,89329,7,0.409287895590572,4,4,4
amazon:Baby_Products,test,89426,5,2.841520665055614,2,3,3
amazon:Baby_Products,test,89542,10,1.913754634533898,8,9,9
amazon:Baby_Products,test,89702,4,3.200645317465572,3,4,4
amazon:Baby_Products,test,89838,9,10.26267958818856,7,8,8
amazon:Baby_Products,test,89839,4,1.0811313435182734,1,2,2
amazon:Baby_Products,test,89865,10,0.8603914939751061,3,4,4
amazon:Baby_Products,test,89965,14,15.098176807468219,4,11,12
amazon:Baby_Products,test,90001,6,12.449957792637713,6,6,6
amazon:Baby_Products,test,90310,4,0.7722813493114407,1,3,3
amazon:Baby_Products,test,90315,12,3.741658045881886,4,9,9
amazon:Baby_Products,test,90364,4,1.866191282110699,1,4,4
amazon:Baby_Products,test,90467,6,0.4869033037605932,2,5,5
amazon:Baby_Products,test,90478,5,4.212185720670021,3,3,3
amazon:Baby_Products,test,90524,4,0.6594964496159957,1,2,2
amazon:Baby_Products,test,90577,4,2.39512939453125,1,2,2
amazon:Baby_Products,test,90579,54,9.54846274165784,19,51,54
amazon:Baby_Products,test,91006,4,5.115428032309322,2,3,3
amazon:Baby_Products,test,91091,11,2.378639557402013,3,10,10
amazon:Baby_Products,test,91111,7,2.274741997153072,3,4,4
amazon:Baby_Products,test,91278,4,3.864120535123146,3,3,3
amazon:Baby_Products,test,91318,13,3.627628753144862,2,3,13
amazon:Baby_Products,test,91347,4,1.1456342276880298,4,4,4
amazon:Baby_Products,test,91356,8,3.842982819120763,5,7,7
amazon:Baby_Products,test,91376,7,3.1084845074152545,6,6,6
amazon:Baby_Products,test,91429,3,3.62449516684322,1,1,3
amazon:Baby_Products,test,91477,10,2.74482421875,5,6,9
amazon:Baby_Products,test,91505,5,4.213588287870763,3,3,4
amazon:Baby_Products,test,91676,5,1.2017687781382413,3,5,5
amazon:Baby_Products,test,91771,4,1.737604277012712,2,3,3
amazon:Baby_Products,test,91813,7,1.3790008027674787,5,5,5
amazon:Baby_Products,test,91861,10,3.3643316753840047,6,8,8
amazon:Baby_Products,test,92053,4,1.5241281283103814,2,2,3
amazon:Baby_Products,test,92182,10,1.81072998046875,4,4,6
amazon:Baby_Products,test,92276,3,3.1345406225172137,2,2,2
amazon:Baby_Products,test,92336,5,5.3005859375,4,5,5
amazon:Baby_Products,test,92517,9,3.1489160570047674,7,7,8
amazon:Baby_Products,test,92660,4,2.006103101827331,3,4,4
amazon:Baby_Products,test,92714,5,1.7245830988479873,3,3,5
amazon:Baby_Products,test,92778,8,8.486500885527015,6,7,7
amazon:Baby_Products,test,92865,5,0.7821471133474577,3,3,3
amazon:Baby_Products,test,92873,14,5.826512016684322,13,14,14
amazon:Baby_Products,test,92947,4,0.4476980435646186,3,3,3
amazon:Baby_Products,test,92985,5,0.3818483514300847,5,5,5
amazon:Baby_Products,test,93241,15,5.285537150754767,12,14,14
amazon:Baby_Products,test,93468,5,3.316141109143273,4,4,5
amazon:Baby_Products,test,93483,9,14.29595347259004,9,9,9
amazon:Baby_Products,test,93624,6,0.7992177155058262,6,6,6
amazon:Baby_Products,test,93630,4,1.4927053677833686,1,4,4
amazon:Baby_Products,test,93863,7,2.208547818458686,4,6,7
amazon:Baby_Products,test,93926,5,0.9896217475503177,2,2,2
amazon:Baby_Products,test,94006,7,0.13331319518008478,7,7,7
amazon:Baby_Products,test,94027,4,0.47146740929555075,1,4,4
amazon:Baby_Products,test,94110,4,1.5914763887049788,3,4,4
amazon:Baby_Products,test,94155,6,4.369156556210275,5,5,5
amazon:Baby_Products,test,94220,4,5.1454513291181145,3,4,4
amazon:Baby_Products,test,94250,15,10.176196909759005,12,14,15
amazon:Baby_Products,test,94320,7,0.2696800102621822,7,7,7
amazon:Baby_Products,test,94325,6,1.904995986162606,3,4,4
amazon:Baby_Products,test,94421,4,3.719760493908898,3,3,3
amazon:Baby_Products,test,94442,17,5.461903303760593,9,15,15
amazon:Baby_Products,test,94500,4,0.4906183792372882,1,4,4
amazon:Baby_Products,test,94521,6,4.368552825410488,5,6,6
amazon:Baby_Products,test,94657,8,1.5561326883606992,4,8,8
amazon:Baby_Products,test,94758,11,2.0194522146451273,2,11,11
amazon:Baby_Products,test,94870,3,0.3201140840174788,3,3,3
amazon:Baby_Products,test,94999,11,2.2898222325211863,9,11,11
amazon:Baby_Products,test,95022,8,0.5713759600105932,5,6,6
amazon:Baby_Products,test,95162,4,2.298100875595869,3,4,4
amazon:Baby_Products,test,95359,6,0.8491409560381356,4,4,4
amazon:Baby_Products,test,95401,7,1.7528167207362284,6,6,7
amazon:Baby_Products,test,95581,6,5.876640500860699,4,6,6
amazon:Baby_Products,test,95582,4,0.7984662589380296,1,1,4
amazon:Baby_Products,test,95682,4,1.4595301741260593,3,3,3
amazon:Baby_Products,test,95869,5,0.32738057799258474,1,3,3
amazon:Baby_Products,test,95891,5,2.797402178230932,2,4,5
amazon:Baby_Products,test,95943,5,5.139005809719279,4,5,5
amazon:Baby_Products,test,96087,6,6.070322431144068,5,5,5
amazon:Baby_Products,test,96195,6,1.939708024364407,3,5,5
amazon:Baby_Products,test,96298,5,4.720690297272245,3,4,5
amazon:Baby_Products,test,96397,6,2.1595587261652542,3,4,6
amazon:Baby_Products,test,96488,4,2.0621102025953393,4,4,4
amazon:Baby_Products,test,96513,4,1.2892420881885593,4,4,4
amazon:Baby_Products,test,96644,7,2.4185255147643008,3,3,7
amazon:Baby_Products,test,96723,4,0.20756877317266947,2,2,2
amazon:Baby_Products,test,97050,11,5.843496135129767,6,10,10
amazon:Baby_Products,test,97089,4,0.6561875165519069,4,4,4
amazon:Baby_Products,test,97164,4,0.9540070097325213,3,3,3
amazon:Baby_Products,test,97366,6,1.8313791048728816,2,2,5
amazon:Baby_Products,test,97585,11,2.947345281051377,5,6,10
amazon:Baby_Products,test,97686,10,3.565756484209481,6,9,9
amazon:Baby_Products,test,97778,3,1.8374321371822036,1,2,2
amazon:Baby_Products,test,97833,5,1.6155186539989408,5,5,5
amazon:Baby_Products,test,97872,8,1.582740913003178,8,8,8
amazon:Baby_Products,test,97958,17,5.112615035752119,10,13,13
amazon:Baby_Products,test,97982,4,1.8333355402542373,2,2,3
amazon:Baby_Products,test,98013,4,1.790524860963983,4,4,4
amazon:Baby_Products,test,98086,5,1.6732446702860169,1,5,5
amazon:Baby_Products,test,98094,12,3.4205295368776487,7,7,7
amazon:Baby_Products,test,98315,4,0.313151420981197,4,4,4
amazon:Baby_Products,test,98529,4,0.11817420054290251,3,3,3
amazon:Baby_Products,test,98548,14,3.088267387778072,4,9,9
amazon:Baby_Products,test,98624,4,3.5724841101694915,4,4,4
amazon:Baby_Products,test,98729,4,1.0886141502251059,2,2,2
amazon:Baby_Products,test,98842,7,0.40348272808527536,2,6,6
amazon:Baby_Products,test,98892,3,0.7075644282971398,3,3,3
amazon:Baby_Products,test,98961,17,2.9311469643802965,3,11,13
amazon:Baby_Products,test,99079,4,1.7028533418299787,4,4,4
amazon:Baby_Products,test,99143,4,0.6846690032441737,3,3,3
amazon:Baby_Products,test,99170,10,7.048770814022776,5,8,10
amazon:Baby_Products,test,99435,7,15.313011660818326,7,7,7
amazon:Baby_Products,test,99606,3,2.109929281978284,2,2,2
amazon:Baby_Products,test,99670,17,5.431375380693856,13,16,17
amazon:Baby_Products,test,99704,5,2.1851680432335807,3,3,3
amazon:Baby_Products,test,99791,48,29.4853223897643,15,24,39
amazon:Baby_Products,test,99794,4,1.2895511950476695,3,3,3
amazon:Baby_Products,test,100035,23,7.375840423066737,16,19,19
amazon:Baby_Products,test,100227,4,1.2694966978945974,3,4,4
amazon:Baby_Products,test,100291,4,0.4888595322431144,2,2,2
amazon:Baby_Products,test,100323,8,6.162977315611758,5,8,8
amazon:Baby_Products,test,100409,9,3.779315909692796,7,8,9
amazon:Baby_Products,test,100481,10,0.7015466722391421,5,5,9
amazon:Baby_Products,test,100630,4,0.017078878111758455,4,4,4
amazon:Baby_Products,test,100683,5,0.6582074698755296,3,5,5
amazon:Baby_Products,test,100697,4,2.717695540088718,4,4,4
amazon:Baby_Products,test,100778,7,0.9068489721265891,4,4,4
amazon:Baby_Products,test,100935,6,3.9061966201006353,5,5,5
amazon:Baby_Products,test,101021,6,0.4961938890360169,1,1,2
amazon:Baby_Products,test,101044,6,3.7016647080243645,1,2,4
amazon:Baby_Products,test,101078,4,1.0246627548993645,1,1,2
amazon:Baby_Products,test,101104,6,3.9771546444650423,3,5,5
amazon:Baby_Products,test,101132,6,1.1865879899364407,2,5,5
amazon:Baby_Products,test,101180,10,2.4024933378575213,9,10,10
amazon:Baby_Products,test,101186,5,15.403040171477755,5,5,5
amazon:Baby_Products,test,101325,17,8.998012115995763,7,12,12
amazon:Baby_Products,test,101688,4,0.33304505429025427,4,4,4
amazon:Baby_Products,test,101757,3,0.5196978035619703,1,1,1
amazon:Baby_Products,test,101804,8,8.361512678760594,6,7,8
amazon:Baby_Products,test,101957,6,1.5228380106263244,4,6,6
amazon:Baby_Products,test,101984,11,2.44017530538268,8,10,11
amazon:Baby_Products,test,102009,5,0.6979881157309322,3,3,3
amazon:Baby_Products,test,102018,11,5.804264391882944,6,10,11
amazon:Baby_Products,test,102111,4,2.9569167314949683,2,4,4
amazon:Baby_Products,test,102157,3,2.6887645656779657,2,2,3
amazon:Baby_Products,test,102190,4,0.9248824814618644,4,4,4
amazon:Baby_Products,test,102639,8,2.313645185050318,5,6,6
amazon:Baby_Products,test,102663,4,0.634422172934322,1,3,3
amazon:Baby_Products,test,102798,7,1.6649045782574152,5,5,5
amazon:Baby_Products,test,102962,4,1.9088147179555084,4,4,4
amazon:Baby_Products,test,103286,15,3.5178762662208687,10,14,14
amazon:Baby_Products,test,103353,9,1.6529892743644066,6,9,9
amazon:Baby_Products,test,103408,7,11.80686779992055,5,6,7
amazon:Baby_Products,test,103449,17,8.069470835540255,7,13,17
amazon:Baby_Products,test,103464,6,0.1580872616525424,1,4,5
amazon:Baby_Products,test,103491,4,1.5901412705243643,3,4,4
amazon:Baby_Products,test,103534,9,2.5495895127118646,6,7,8
amazon:Baby_Products,test,103673,7,1.0309144100900425,7,7,7
amazon:Baby_Products,test,103848,5,1.9433730303230932,4,4,4
amazon:Baby_Products,test,103866,4,2.38948581501589,1,3,3
amazon:Baby_Products,test,103885,15,1.261972614870233,11,15,15
amazon:Baby_Products,test,103891,6,3.9599280405852753,5,6,6
amazon:Baby_Products,test,104014,4,0.17021463685116522,3,3,3
amazon:Baby_Products,test,104039,12,1.6167163913532838,6,9,9
amazon:Baby_Products,test,104217,5,2.49122314453125,5,5,5
amazon:Baby_Products,test,104381,10,2.7900742353019066,10,10,10
amazon:Baby_Products,test,104383,4,1.4807000628972458,3,3,3
amazon:Baby_Products,test,104411,5,7.391599493511652,3,4,5
amazon:Baby_Products,test,104498,4,0.46136888407044485,4,4,4
amazon:Baby_Products,test,104625,5,12.816785495564089,5,5,5
amazon:Baby_Products,test,104651,4,1.572512248411017,4,4,4
amazon:Baby_Products,test,104658,5,1.3855778063757946,3,3,3
amazon:Baby_Products,test,104694,6,5.886182882018009,3,6,6
amazon:Baby_Products,test,104778,4,18.175064345537606,4,4,4
amazon:Baby_Products,test,104854,6,5.782762637380826,2,4,5
amazon:Baby_Products,test,104946,5,2.7463985119835805,5,5,5
amazon:Baby_Products,test,105010,28,8.649737445378708,26,28,28
amazon:Baby_Products,test,105091,11,3.6235999155852756,2,5,5
amazon:Baby_Products,test,105117,3,1.393687309653072,1,3,3
amazon:Baby_Products,test,105143,31,17.617976612155722,16,27,29
amazon:Baby_Products,test,105207,6,3.0868764069120767,1,3,6
amazon:Baby_Products,test,105368,5,0.2448668399099576,3,3,3
amazon:Baby_Products,test,105448,4,3.8362430895789195,3,4,4
amazon:Baby_Products,test,105625,10,0.6734588105799788,7,7,7
amazon:Baby_Products,test,105704,5,13.102650167174257,5,5,5
amazon:Baby_Products,test,105734,4,1.4893577446371822,2,2,2
amazon:Baby_Products,test,105814,3,0.5592115499205509,2,2,2
amazon:Baby_Products,test,106037,4,1.549174887447034,3,3,3
amazon:Baby_Products,test,106153,6,2.0674074334613346,3,6,6
amazon:Baby_Products,test,106238,5,0.48834787142478814,4,4,4
amazon:Baby_Products,test,106383,6,4.341088246490996,3,3,3
amazon:Baby_Products,test,106418,5,0.47048505362817794,4,4,4
amazon:Baby_Products,test,106533,5,1.011408815545551,3,4,4
amazon:Baby_Products,test,106814,4,1.3076844296212924,3,4,4
amazon:Baby_Products,test,106846,12,7.858155538268009,5,7,10
amazon:Baby_Products,test,106889,3,0.928330243644068,3,3,3
amazon:Baby_Products,test,107443,8,0.38625757249735165,5,6,6
amazon:Baby_Products,test,107488,4,1.2683624784825211,4,4,4
amazon:Baby_Products,test,107521,4,0.5766802254369703,3,3,3
amazon:Baby_Products,test,107529,5,0.30767222259004245,2,2,2
amazon:Baby_Products,test,107620,4,0.2955642958818856,3,4,4
amazon:Baby_Products,test,107657,12,6.85817240052304,7,10,12
amazon:Baby_Products,test,107692,12,12.479819708355404,6,8,10
amazon:Baby_Products,test,107732,4,1.2328269829184322,2,2,2
amazon:Baby_Products,test,107821,4,0.9558875132415254,2,2,3
amazon:Baby_Products,test,108103,6,7.790846174854343,1,5,6
amazon:Baby_Products,test,108149,9,5.7772171279131355,4,5,7
amazon:Baby_Products,test,108205,11,6.062136271848518,5,11,11
amazon:Baby_Products,test,108258,4,1.397810803429555,4,4,4
amazon:Baby_Products,test,108337,4,1.4667159775556142,2,2,4
amazon:Baby_Products,test,108575,6,1.5549914343882416,2,2,2
amazon:Baby_Products,test,108702,18,10.731414898371293,11,18,18
amazon:Baby_Products,test,108843,4,0.8112594345868644,1,3,3
amazon:Baby_Products,test,109031,4,1.514801542637712,2,4,4
amazon:Baby_Products,test,109126,4,2.9060232388771183,4,4,4
amazon:Baby_Products,test,109137,6,1.1600803181276482,5,5,5
amazon:Baby_Products,test,109180,4,2.0180815098649365,2,2,2
amazon:Baby_Products,test,109193,23,16.19648789228019,14,21,22
amazon:Baby_Products,test,109265,4,2.825724352820445,2,2,4
amazon:Baby_Products,test,109266,14,8.03397134037341,8,10,10
amazon:Baby_Products,test,109409,5,1.0298708123675846,4,4,4
amazon:Baby_Products,test,109410,4,3.486989787473517,4,4,4
amazon:Baby_Products,test,109417,7,2.793963933395127,3,7,7
amazon:Baby_Products,test,109489,4,1.8955560199284958,1,1,1
amazon:Baby_Products,test,109511,3,0.5435453770524364,1,3,3
amazon:Baby_Products,test,109557,9,2.1482167389433267,6,7,7
amazon:Baby_Products,test,109639,10,3.0768999519994704,5,8,8
amazon:Baby_Products,test,109757,5,2.1990368859242584,2,3,3
amazon:Baby_Products,test,109906,7,3.9547154313426907,2,4,6
amazon:Baby_Products,test,110135,17,12.260531357587395,9,12,13
amazon:Baby_Products,test,110188,4,0.49496284096927967,1,1,1
amazon:Baby_Products,test,110200,15,6.673245187533103,9,13,15
amazon:Baby_Products,test,110274,4,1.6776408567266952,1,2,2
amazon:Baby_Products,test,110296,12,4.046651963056144,10,10,10
amazon:Baby_Products,test,110336,4,0.9689335192664195,1,3,4
amazon:Baby_Products,test,110343,4,1.0540605965307204,2,4,4
amazon:Baby_Products,test,110367,5,1.6646405753442797,3,5,5
amazon:Baby_Products,test,110445,6,0.896261338056144,6,6,6
amazon:Baby_Products,test,110503,7,1.665394204349841,2,5,5
amazon:Baby_Products,test,110635,6,3.8947191141419495,2,3,5
amazon:Baby_Products,test,110668,11,4.795807402012711,3,6,9
amazon:Baby_Products,test,110827,18,4.399115093683792,17,17,17
amazon:Baby_Products,test,111012,13,13.722841424457096,13,13,13
amazon:Baby_Products,test,111098,7,2.0168413582494704,3,4,4
amazon:Baby_Products,test,111105,5,5.41798799159163,4,4,4
amazon:Baby_Products,test,111161,4,5.875644282971399,3,3,3
amazon:Baby_Products,test,111190,6,2.45238037109375,2,5,6
amazon:Baby_Products,test,111257,6,3.161086260262182,3,3,5
amazon:Baby_Products,test,111267,4,2.439496987552966,1,4,4
amazon:Baby_Products,test,111282,9,4.682950708421609,5,6,8
amazon:Baby_Products,test,111303,4,0.3716906531382415,2,2,2
amazon:Baby_Products,test,111469,8,0.018759724245233034,6,6,6
amazon:Baby_Products,test,111478,10,3.307529876191737,1,1,4
amazon:Baby_Products,test,111485,8,3.25094387248411,8,8,8
amazon:Baby_Products,test,111635,5,2.1433674440545554,5,5,5
amazon:Baby_Products,test,111729,9,1.2209855419094282,9,9,9
amazon:Baby_Products,test,111811,8,2.652489199880826,7,8,8
amazon:Baby_Products,test,111859,4,3.4912930763373944,3,4,4
amazon:Baby_Products,test,112084,8,4.756518347788665,5,6,6
amazon:Baby_Products,test,112097,6,4.769239936440679,2,5,5
amazon:Baby_Products,test,112147,5,15.411881579382944,5,5,5
amazon:Baby_Products,test,112218,8,13.33548149496822,7,7,7
amazon:Baby_Products,test,112285,4,1.1591479285288664,1,1,1
amazon:Baby_Products,test,112333,5,1.2660241078522247,4,4,4
amazon:Baby_Products,test,112516,14,5.843653792041843,5,8,9
amazon:Baby_Products,test,112828,7,3.812323722192797,6,6,6
amazon:Baby_Products,test,112986,6,2.199573581501589,2,6,6
amazon:Baby_Products,test,113014,4,2.498469569319386,4,4,4
amazon:Baby_Products,test,113038,8,3.309679865432998,5,8,8
amazon:Baby_Products,test,113191,7,0.13803752317266949,5,5,5
amazon:Baby_Products,test,113374,9,3.6087133375264826,4,9,9
amazon:Baby_Products,test,113509,7,1.2648514052568856,6,6,6
amazon:Baby_Products,test,113613,8,9.172490730932203,3,7,7
amazon:Baby_Products,test,113758,5,0.303638522907839,3,3,3
amazon:Baby_Products,test,113806,6,1.1488140558792375,4,5,5
amazon:Baby_Products,test,113828,5,10.644174349510063,2,2,2
amazon:Baby_Products,test,113883,9,14.828569418697032,3,5,9
amazon:Baby_Products,test,114004,4,1.1538574218749997,3,3,3
amazon:Baby_Products,test,114165,4,1.8991001969676904,4,4,4
amazon:Baby_Products,test,114209,8,1.1240312996557202,5,5,5
amazon:Baby_Products,test,114291,14,8.488597391419493,11,12,13
amazon:Baby_Products,test,114522,6,0.6648031978283898,6,6,6
amazon:Baby_Products,test,114527,24,18.67004797983978,20,21,21
amazon:Baby_Products,test,114599,4,0.676206840903072,1,1,4
amazon:Baby_Products,test,114642,9,3.9391825013241526,5,9,9
amazon:Baby_Products,test,114944,5,2.8245886851165256,5,5,5
amazon:Baby_Products,test,115074,6,2.9838689254502118,2,6,6
amazon:Baby_Products,test,115325,5,1.2204064320709747,3,5,5
amazon:Baby_Products,test,115486,4,1.0493381306276484,2,2,2
amazon:Baby_Products,test,115497,7,3.3524116128177965,3,5,5
amazon:Baby_Products,test,115751,4,0.5407265873278602,3,3,3
amazon:Baby_Products,test,115976,6,0.7753887629104873,1,1,1
amazon:Baby_Products,test,116009,7,1.3541450112552966,2,3,3
amazon:Baby_Products,test,116012,4,0.5646391270524365,2,4,4
amazon:Baby_Products,test,116103,7,11.855299920550848,7,7,7
amazon:Baby_Products,test,116133,6,0.5094681044756356,2,3,3
amazon:Baby_Products,test,116152,26,15.418253649695442,14,20,21
amazon:Baby_Products,test,116167,4,4.546521616790255,4,4,4
amazon:Baby_Products,test,116209,4,0.4718609308792373,3,3,3
amazon:Baby_Products,test,116254,10,1.8417124602754238,7,7,10
amazon:Baby_Products,test,116462,4,1.5698612536414194,1,2,2
amazon:Baby_Products,test,116545,4,1.7080622268935381,2,2,2
amazon:Baby_Products,test,116564,11,3.0920691538665253,8,8,10
amazon:Baby_Products,test,116605,5,1.268207925052966,1,3,3
amazon:Baby_Products,test,116606,11,6.091113695047669,9,11,11
amazon:Baby_Products,test,116676,4,0.469834770590572,1,4,4
amazon:Baby_Products,test,116765,5,3.425174208818856,1,2,5
amazon:Baby_Products,test,116835,4,1.1331627797272246,4,4,4
amazon:Baby_Products,test,116892,6,0.690061821371822,1,1,1
amazon:Baby_Products,test,116909,4,1.0451289807335804,2,4,4
amazon:Baby_Products,test,116939,5,0.22066629700741525,5,5,5
amazon:Baby_Products,test,117415,12,3.093349857653602,8,10,10
amazon:Baby_Products,test,117670,7,0.9528876870365466,5,5,5
amazon:Baby_Products,test,117753,22,11.708477059057204,14,18,18
amazon:Baby_Products,test,117868,3,0.3908941753840043,1,3,3
amazon:Baby_Products,test,117958,7,0.3505470405190678,4,4,4
amazon:Baby_Products,test,118107,6,0.4102247335143009,1,6,6
amazon:Baby_Products,test,118172,4,1.315252168299788,1,1,1
amazon:Baby_Products,test,118182,6,1.6264429124735167,2,5,5
amazon:Baby_Products,test,118402,6,2.5951097391419493,3,5,5
amazon:Baby_Products,test,118508,7,1.0138808428230934,4,4,5
amazon:Baby_Products,test,118576,4,3.018295029462394,3,4,4
amazon:Baby_Products,test,118748,6,0.3899496822033899,6,6,6
amazon:Baby_Products,test,118879,5,1.297405488612288,3,3,3
amazon:Baby_Products,test,118901,5,6.045504502118644,2,3,3
amazon:Baby_Products,test,119077,4,1.6509480104608052,2,3,3
amazon:Baby_Products,test,119158,3,0.27048112255031775,2,2,2
amazon:Baby_Products,test,119343,5,0.6812293101165254,5,5,5
amazon:Baby_Products,test,119366,5,1.845098566604873,1,1,3
amazon:Baby_Products,test,119438,4,2.080141436043432,3,3,3
amazon:Baby_Products,test,119548,3,2.664427883342161,3,3,3
amazon:Baby_Products,test,119944,4,1.5789228019067796,2,3,3
amazon:Baby_Products,test,120127,8,2.1366090936175848,6,7,7
amazon:Baby_Products,test,120136,4,2.7912775589247882,3,3,3
amazon:Baby_Products,test,120196,7,1.1056764764300848,4,6,6
amazon:Baby_Products,test,120490,5,7.758277194782838,4,5,5
amazon:Baby_Products,test,120724,5,1.4832767809851695,4,5,5
amazon:Baby_Products,test,120821,7,3.5227259749073094,4,6,6
amazon:Baby_Products,test,120882,6,0.8859617071636654,2,2,2
amazon:Baby_Products,test,121231,12,8.897996805481991,5,11,11
amazon:Baby_Products,test,121322,4,16.607887811175846,3,4,4
amazon:Baby_Products,test,121407,4,1.4082140906382414,3,3,4
amazon:Baby_Products,test,121411,6,1.341303007481462,2,5,5
amazon:Baby_Products,test,121434,23,4.960244182004767,14,15,15
amazon:Baby_Products,test,121551,4,0.36717963784427965,1,1,1
amazon:Baby_Products,test,121553,4,0.7171340166512182,2,3,3
amazon:Baby_Products,test,121555,6,2.6381964214777547,3,5,5
amazon:Baby_Products,test,121584,4,0.4877164161811441,2,2,2
amazon:Baby_Products,test,121593,4,1.6458378161414196,1,4,4
amazon:Baby_Products,test,121695,4,2.079018802966102,3,3,3
amazon:Baby_Products,test,121746,6,2.953459555415784,3,6,6
amazon:Baby_Products,test,121766,7,3.4879896260924257,4,6,6
amazon:Baby_Products,test,121960,4,3.103161517644333,4,4,4
amazon:Baby_Products,test,122275,5,0.8601628707627118,5,5,5
amazon:Baby_Products,test,122454,5,5.541982463254768,3,3,3
amazon:Baby_Products,test,122472,4,4.20348727985964,3,3,3
amazon:Baby_Products,test,122489,7,1.2673732951536016,7,7,7
amazon:Baby_Products,test,122542,4,4.082717326536017,2,4,4
amazon:Baby_Products,test,122548,5,1.688425458487818,4,5,5
amazon:Baby_Products,test,122630,15,7.498259360103283,9,11,14
amazon:Baby_Products,test,122691,33,6.822310935844809,17,19,25
amazon:Baby_Products,test,122752,4,0.6808680647510594,3,3,3
amazon:Baby_Products,test,122944,8,5.568237511586335,8,8,8
amazon:Baby_Products,test,123110,7,5.212150547868115,2,2,4
amazon:Baby_Products,test,123212,9,0.6397587145789196,8,8,8
amazon:Baby_Products,test,123536,4,2.3289616988877118,3,4,4
amazon:Baby_Products,test,123567,4,0.6689728300450212,2,2,2
amazon:Baby_Products,test,123715,8,1.8614837129237287,4,6,6
amazon:Baby_Products,test,124008,4,0.5253749006885593,1,1,1
amazon:Baby_Products,test,124027,11,3.2358141882944915,9,11,11
amazon:Baby_Products,test,124102,12,4.856465174788136,9,11,11
amazon:Baby_Products,test,124155,9,5.04679782673464,5,9,9
amazon:Baby_Products,test,124482,6,0.8699952206369174,4,4,4
amazon:Baby_Products,test,124539,6,1.9239309537208684,3,4,6
amazon:Baby_Products,test,124555,5,4.881991318524894,3,4,4
amazon:Baby_Products,test,124568,8,2.6478008722854876,7,8,8
amazon:Baby_Products,test,124705,4,0.6955949169094279,3,4,4
amazon:Baby_Products,test,124845,67,29.049467028601697,35,54,59
amazon:Baby_Products,test,124944,6,2.6184750314486234,3,4,5
amazon:Baby_Products,test,125083,5,1.5824435993776484,4,5,5
amazon:Baby_Products,test,125292,11,2.3048801228151485,8,9,9
amazon:Baby_Products,test,125307,33,15.453115689552437,20,26,27
amazon:Baby_Products,test,125371,7,1.8444863529528601,1,3,4
amazon:Baby_Products,test,125382,4,1.8314283467955508,4,4,4
amazon:Baby_Products,test,125400,4,0.07720843816207626,2,2,2
amazon:Baby_Products,test,125442,15,6.363431044756355,6,10,13
amazon:Baby_Products,test,125532,18,10.49763493942002,12,15,15
amazon:Baby_Products,test,125589,4,0.6946955276747881,1,1,1
amazon:Baby_Products,test,125636,14,3.6069834563691736,3,13,13
amazon:Baby_Products,test,125748,5,0.9761060811705509,5,5,5
amazon:Baby_Products,test,125780,4,3.417124188956568,3,3,3
amazon:Baby_Products,test,125784,6,4.02940280720339,3,5,6
amazon:Baby_Products,test,125871,15,4.207055457163666,12,13,15
amazon:Baby_Products,test,125889,3,4.134274654065148,3,3,3
amazon:Baby_Products,test,126135,4,3.6489686093087923,3,4,4
amazon:Baby_Products,test,126142,5,3.913209663003178,3,4,4
amazon:Baby_Products,test,126151,5,2.285803015757415,4,4,4
amazon:Baby_Products,test,126168,6,0.8809396517478814,4,4,5
amazon:Baby_Products,test,126178,4,0.6665943210407839,4,4,4
amazon:Baby_Products,test,126179,5,1.8201153254104872,4,4,4
amazon:Baby_Products,test,126189,17,12.220953058792373,6,16,16
amazon:Baby_Products,test,126198,4,0.021218716896186457,4,4,4
amazon:Baby_Products,test,126224,4,0.28834704382944915,3,3,3
amazon:Baby_Products,test,126272,9,2.1308157193458688,4,9,9
amazon:Baby_Products,test,126447,5,1.6384298033633473,2,2,2
amazon:Baby_Products,test,126712,5,0.9194265591896186,2,2,2
amazon:Baby_Products,test,126927,6,1.40299465373411,4,6,6
amazon:Baby_Products,test,127035,5,1.2938553115068856,4,5,5
amazon:Baby_Products,test,127076,28,9.126436912407309,8,17,23
amazon:Baby_Products,test,127141,6,1.8974733514300848,5,6,6
amazon:Baby_Products,test,127265,17,16.896948035288666,12,15,16
amazon:Baby_Products,test,127341,5,6.412919590836864,5,5,5
amazon:Baby_Products,test,127798,5,12.612923211566473,5,5,5
amazon:Baby_Products,test,127821,6,1.005398611295021,6,6,6
amazon:Baby_Products,test,127905,14,3.777958653336865,9,14,14
amazon:Baby_Products,test,128061,6,1.9435157905190676,1,1,3
amazon:Baby_Products,test,128099,9,4.0216006521451275,5,5,7
amazon:Baby_Products,test,128137,15,10.472125554488876,7,12,12
amazon:Baby_Products,test,128165,5,2.461243296477754,4,5,5
amazon:Baby_Products,test,128384,14,2.8761282193458686,9,11,14
amazon:Baby_Products,test,128407,4,0.7518089165121823,1,1,1
amazon:Baby_Products,test,128419,7,4.490713759600107,4,7,7
amazon:Baby_Products,test,128431,3,3.2474207991260595,2,3,3
amazon:Baby_Products,test,128588,4,4.920702504303496,3,4,4
amazon:Baby_Products,test,128709,5,1.6079171908103815,4,4,4
amazon:Baby_Products,test,128965,6,2.7773373361361227,4,5,5
amazon:Baby_Products,test,129151,5,14.033736406746558,5,5,5
amazon:Baby_Products,test,129368,6,8.934543622550317,5,6,6
amazon:Baby_Products,test,129379,4,1.5803311622748941,3,3,3
amazon:Baby_Products,test,129427,9,4.9024925102621815,5,9,9
amazon:Baby_Products,test,129430,4,3.068419375662076,4,4,4
amazon:Baby_Products,test,129591,5,0.636544541181144,2,5,5
amazon:Baby_Products,test,129814,4,1.3659307964777543,3,4,4
amazon:Baby_Products,test,130010,12,8.081510899430615,9,10,12
amazon:Baby_Products,test,130042,5,4.362811796543962,3,3,4
amazon:Baby_Products,test,130054,6,3.945875471729343,3,6,6
amazon:Baby_Products,test,130056,3,3.1972720388638773,2,3,3
amazon:Baby_Products,test,130165,6,2.5750004137976696,6,6,6
amazon:Baby_Products,test,130212,5,13.840115408170021,4,4,4
amazon:Baby_Products,test,130379,7,2.629857157044492,3,3,3
amazon:Baby_Products,test,130398,10,3.701962435447563,8,9,9
amazon:Baby_Products,test,130419,6,0.7112335722325211,3,3,5
amazon:Baby_Products,test,130430,4,2.5723734192929024,1,2,2
amazon:Baby_Products,test,130542,4,1.3789914923199151,3,4,4
amazon:Baby_Products,test,130547,9,7.042268397444385,5,7,7
amazon:Baby_Products,test,130623,5,2.902805961996822,4,4,4
amazon:Baby_Products,test,130709,7,1.8829896054025421,3,3,3
amazon:Baby_Products,test,130719,7,0.7697433213056145,1,4,4
amazon:Baby_Products,test,130817,5,2.910095835540254,4,4,4
amazon:Baby_Products,test,130902,15,3.9299345372086867,9,12,12
amazon:Baby_Products,test,130955,6,3.2638419458421613,1,6,6
amazon:Baby_Products,test,130963,3,1.1332554704051907,1,1,1
amazon:Baby_Products,test,130977,3,2.662261652542373,1,3,3
amazon:Baby_Products,test,131013,4,1.724650134070445,3,3,4
amazon:Baby_Products,test,131042,11,1.924305647510593,8,10,10
amazon:Baby_Products,test,131107,20,8.721594238281252,9,13,16
amazon:Baby_Products,test,131192,13,18.53916801840572,13,13,13
amazon:Baby_Products,test,131201,4,2.1312717243776484,4,4,4
amazon:Baby_Products,test,131291,6,2.4139859474311445,1,5,5
amazon:Baby_Products,test,131313,6,1.9839340985831568,2,2,5
amazon:Baby_Products,test,131346,5,0.5035141767081567,4,4,4
amazon:Baby_Products,test,131404,5,0.6763712220272775,1,1,1
amazon:Baby_Products,test,131453,4,0.752490234375,2,2,2
amazon:Baby_Products,test,131551,4,2.756689142776748,4,4,4
amazon:Baby_Products,test,131567,5,3.7087257514565675,3,3,4
amazon:Baby_Products,test,131635,2,0.7494244074417373,1,2,2
amazon:Baby_Products,test,131640,7,3.8424237784692794,3,5,7
amazon:Baby_Products,test,131939,4,4.421760584944385,2,4,4
amazon:Baby_Products,test,132021,3,0.08281767247086858,1,1,1
amazon:Baby_Products,test,132214,4,0.20604248046875007,4,4,4
amazon:Baby_Products,test,132234,10,1.6584867833024364,9,10,10
amazon:Baby_Products,test,132301,5,1.2272365764036017,4,5,5
amazon:Baby_Products,test,132412,4,42.55496971001059,3,4,4
amazon:Baby_Products,test,132442,9,10.693612826072563,5,6,9
amazon:Baby_Products,test,132521,13,3.024716134798729,4,8,9
amazon:Baby_Products,test,132696,8,2.9651698225635594,5,5,8
amazon:Baby_Products,test,132903,10,6.315548654329979,7,8,10
amazon:Baby_Products,test,132953,5,0.34976827330508475,3,3,3
amazon:Baby_Products,test,132971,8,0.8787535586599575,4,4,4
amazon:Baby_Products,test,133041,5,0.2650978217690678,1,1,1
amazon:Baby_Products,test,133199,13,3.2900663731461863,8,12,13
amazon:Baby_Products,test,133297,5,15.630397163003177,5,5,5
amazon:Baby_Products,test,133464,5,1.4097099692134534,3,3,5
amazon:Baby_Products,test,133510,6,1.8484130859374999,5,5,5
amazon:Baby_Products,test,133513,10,5.5498202049126055,8,8,8
amazon:Baby_Products,test,133638,6,1.3507725602489407,1,1,1
amazon:Baby_Products,test,133745,5,7.987372136520127,1,1,1
amazon:Baby_Products,test,133789,5,1.0833330574682203,1,1,1
amazon:Baby_Products,test,133797,5,1.146171130164195,2,3,5
amazon:Baby_Products,test,133874,4,0.43959733348781777,4,4,4
amazon:Baby_Products,test,133886,4,6.889552643339513,3,4,4
amazon:Baby_Products,test,134020,5,1.6044282557600633,4,5,5
amazon:Baby_Products,test,134129,5,1.9216701701536016,1,2,2
amazon:Baby_Products,test,134264,6,1.4095252085540255,1,1,2
amazon:Baby_Products,test,134303,10,3.5125525523040255,4,6,6
amazon:Baby_Products,test,134450,4,2.7108379816604877,3,4,4
amazon:Baby_Products,test,134565,4,1.9654034113479875,2,3,4
amazon:Baby_Products,test,134587,3,0.9980067366260593,1,1,1
amazon:Baby_Products,test,135091,40,22.334370448225634,25,32,37
amazon:Baby_Products,test,135164,9,1.8959778866525423,7,7,9
amazon:Baby_Products,test,135227,5,15.414142362950212,5,5,5
amazon:Baby_Products,test,135320,7,2.102523958885063,4,7,7
amazon:Baby_Products,test,135327,4,3.0563457941604875,1,1,3
amazon:Baby_Products,test,135433,7,5.2292830127780725,4,7,7
amazon:Baby_Products,test,135516,4,1.1043347374867585,2,2,2
amazon:Baby_Products,test,135586,6,3.201297048795021,3,5,5
amazon:Baby_Products,test,135644,9,4.1369587526483045,5,9,9
amazon:Baby_Products,test,135652,4,3.437038822497352,1,3,3
amazon:Baby_Products,test,135768,4,0.4903335829912606,4,4,4
amazon:Baby_Products,test,135777,6,2.6088416148040254,2,3,5
amazon:Baby_Products,test,135794,5,12.685496598583157,5,5,5
amazon:Baby_Products,test,136095,6,1.7887453240863347,1,2,2
amazon:Baby_Products,test,136232,6,1.7238752979343221,2,5,5
amazon:Baby_Products,test,136248,6,1.0338782358977756,2,2,2
amazon:Baby_Products,test,136650,5,1.0928017826403602,5,5,5
amazon:Baby_Products,test,136971,14,5.309860281216896,8,11,11
amazon:Baby_Products,test,136974,7,1.0688342078257413,6,6,7
amazon:Baby_Products,test,137090,27,11.09836156812765,13,16,24
amazon:Baby_Products,test,137203,19,8.428352381819387,13,17,19
amazon:Baby_Products,test,137221,9,19.803151276152015,9,9,9
amazon:Baby_Products,test,137325,10,4.885958396782309,3,6,6
amazon:Baby_Products,test,137425,8,2.2784350379038663,2,5,6
amazon:Baby_Products,test,137499,6,0.3322242866128178,1,1,1
amazon:Baby_Products,test,137740,4,1.747182865466102,2,3,3
amazon:Baby_Products,test,137774,8,12.317841714115467,6,8,8
amazon:Baby_Products,test,138169,4,1.7410385907706567,3,3,3
amazon:Baby_Products,test,138368,5,3.3200491177833684,4,4,4
amazon:Baby_Products,test,138539,4,0.8006115929555084,3,4,4
amazon:Baby_Products,test,138545,5,2.276600155587924,5,5,5
amazon:Baby_Products,test,138718,6,1.2413619736493644,2,2,2
amazon:Baby_Products,test,138741,10,1.4043941174523304,9,10,10
amazon:Baby_Products,test,139018,7,1.3895412639036016,6,6,6
amazon:Baby_Products,test,139111,4,0.16090770656779663,2,3,3
amazon:Baby_Products,test,139127,4,1.1328888456700215,3,3,4
amazon:Baby_Products,test,139350,4,7.23918891518803,2,4,4
amazon:Baby_Products,test,139475,15,17.503163483183265,14,14,14
amazon:Baby_Products,test,139494,5,1.6169936357918433,4,4,4
amazon:Baby_Products,test,139723,4,1.3440411066604874,4,4,4
amazon:Baby_Products,test,139730,5,1.0715888589115465,1,2,2
amazon:Baby_Products,test,139809,5,1.7381399380958684,2,3,3
amazon:Baby_Products,test,140287,4,1.2501938642081567,1,1,2
amazon:Baby_Products,test,140372,4,2.1655374817929025,1,4,4
amazon:Baby_Products,test,140476,5,0.8954590878244173,3,3,3
amazon:Baby_Products,test,140483,5,1.441146591962394,5,5,5
amazon:Baby_Products,test,140492,5,4.537161720405191,2,3,4
amazon:Baby_Products,test,140591,27,4.588339492021981,20,22,23
amazon:Baby_Products,test,140621,3,4.639666179075079,2,2,3
amazon:Baby_Products,test,140678,6,0.9576308428230932,3,3,4
amazon:Baby_Products,test,140723,9,0.7038735599841099,1,6,6
amazon:Baby_Products,test,140921,13,3.341882117319915,8,13,13
amazon:Baby_Products,test,140998,8,0.8932538565942796,6,7,7
amazon:Baby_Products,test,141021,7,3.29551174357786,1,1,3
amazon:Baby_Products,test,141250,15,4.716029694120763,8,12,15
amazon:Baby_Products,test,141495,4,1.914085258871822,3,3,3
amazon:Baby_Products,test,141893,6,1.416632080078125,5,6,6
amazon:Baby_Products,test,141976,7,3.4847356246689616,3,6,6
amazon:Baby_Products,test,142027,5,1.346419201867055,5,5,5
amazon:Baby_Products,test,142170,4,5.020221878310381,4,4,4
amazon:Baby_Products,test,142228,4,1.89139838784428,1,3,3
amazon:Baby_Products,test,142247,3,1.5962689933130298,2,2,2
amazon:Baby_Products,test,142265,5,3.1916352870100635,3,4,4
amazon:Baby_Products,test,142303,5,0.2799854343220338,3,4,4
amazon:Baby_Products,test,142352,4,0.042470951403601694,4,4,4
amazon:Baby_Products,test,142424,12,6.0584257481461865,4,8,11
amazon:Baby_Products,test,142468,5,3.290820105601165,4,5,5
amazon:Baby_Products,test,142483,5,2.0795470156912077,2,3,3
amazon:Baby_Products,test,142749,4,3.405449922206038,4,4,4
amazon:Baby_Products,test,142872,4,4.239885336665784,3,4,4
amazon:Baby_Products,test,143325,9,13.574992551641948,9,9,9
amazon:Baby_Products,test,143507,6,1.8296339132018011,3,4,5
amazon:Baby_Products,test,143616,10,1.824335234043962,5,6,6
amazon:Baby_Products,test,143815,7,4.750585730601165,5,7,7
amazon:Baby_Products,test,143829,8,3.2753676592293437,8,8,8
amazon:Baby_Products,test,143861,12,6.794676079184321,8,11,11
amazon:Baby_Products,test,144008,8,3.5575718766551905,6,7,7
amazon:Baby_Products,test,144093,22,11.332972225900424,12,14,20
amazon:Baby_Products,test,144204,18,3.2000082759533894,6,11,16
amazon:Baby_Products,test,144256,7,2.678070999404131,1,7,7
amazon:Baby_Products,test,144393,8,1.8463234077065678,5,8,8
amazon:Baby_Products,test,144483,7,2.6219751390360173,1,2,5
amazon:Baby_Products,test,144508,5,23.958365954382945,5,5,5
amazon:Baby_Products,test,144581,6,4.4435066869703395,5,5,5
amazon:Baby_Products,test,144831,5,1.9974470752780722,4,4,4
amazon:Baby_Products,test,145077,3,2.4728763903601694,3,3,3
amazon:Baby_Products,test,145157,4,0.13329602257680084,4,4,4
amazon:Baby_Products,test,145388,5,1.5979661844544493,2,2,2
amazon:Baby_Products,test,145484,4,1.6461258193193857,3,4,4
amazon:Baby_Products,test,145526,8,0.6843205856064618,4,7,7
amazon:Baby_Products,test,145677,7,7.207226562500001,2,4,4
amazon:Baby_Products,test,145706,7,1.169041313559322,3,6,6
amazon:Baby_Products,test,145837,4,1.255132746292373,4,4,4
amazon:Baby_Products,test,145878,6,3.9645118842690676,4,6,6
amazon:Baby_Products,test,145904,9,4.251120150291314,7,8,9
amazon:Baby_Products,test,146093,4,0.718460341631356,3,3,3
amazon:Baby_Products,test,146142,5,0.6729827363612289,1,5,5
amazon:Baby_Products,test,146287,6,3.2448982885328386,6,6,6
amazon:Baby_Products,test,146437,4,0.3368706137447034,1,4,4
amazon:Baby_Products,test,146449,7,3.0432993743379235,3,5,5
amazon:Baby_Products,test,146575,9,3.848033633474576,5,6,9
amazon:Baby_Products,test,146589,10,0.6226130081435381,8,8,8
amazon:Baby_Products,test,146670,5,0.8292794954978814,3,3,3
amazon:Baby_Products,test,146688,7,1.710602323887712,6,7,7
amazon:Baby_Products,test,146735,5,1.5386998063426904,2,2,4
amazon:Baby_Products,test,146832,13,3.504983158434851,3,5,6
amazon:Baby_Products,test,147018,13,4.672889631885593,4,7,10
amazon:Baby_Products,test,147087,9,1.9543272891287073,7,9,9
amazon:Baby_Products,test,147117,4,0.0016336731991525438,1,1,1
amazon:Baby_Products,test,147904,4,1.4504299357786015,4,4,4
amazon:Baby_Products,test,148075,7,1.1443870415121822,2,2,2
amazon:Baby_Products,test,148084,7,1.8772678181276483,5,6,6
amazon:Baby_Products,test,148160,4,2.516307766154661,3,3,4
amazon:Baby_Products,test,148182,5,3.073854194253178,2,4,4
amazon:Baby_Products,test,148262,21,5.008584232653601,13,18,18
amazon:Baby_Products,test,148278,4,0.47301418498411024,2,4,4
amazon:Baby_Products,test,148383,4,4.758724716962394,3,3,3
amazon:Baby_Products,test,148432,7,10.322360384666313,6,7,7
amazon:Baby_Products,test,148629,5,0.14844391386387712,1,1,1
amazon:Baby_Products,test,148695,21,3.107877828307071,14,15,21
amazon:Baby_Products,test,148732,4,2.2713472010725635,3,3,3
amazon:Baby_Products,test,148863,7,2.405130263506356,6,7,7
amazon:Baby_Products,test,148913,6,1.6525533385195976,4,6,6
amazon:Baby_Products,test,149117,8,10.825090621689617,8,8,8
amazon:Baby_Products,test,149120,4,0.8367305432335804,3,3,3
amazon:Baby_Products,test,149121,11,8.258090365135063,9,10,11
amazon:Baby_Products,test,149162,4,1.502155058262712,2,2,4
amazon:Baby_Products,test,149293,6,2.361142743644068,3,4,4
amazon:Baby_Products,test,149352,4,11.949003989009535,2,2,2
amazon:Baby_Products,test,149476,4,1.0811546196371822,3,3,3
amazon:Baby_Products,test,149683,6,1.0810733083951272,3,3,3
amazon:Baby_Products,test,149767,4,0.1963687185513771,3,3,3
amazon:Baby_Products,test,149837,9,0.011853027343749989,1,1,1
amazon:Baby_Products,test,149980,5,2.1620460639565677,1,1,2
amazon:Baby_Products,test,150242,6,1.0873864125397246,4,4,4
amazon:Baby_Products,test,150254,9,3.772667629435911,5,9,9
amazon:Baby_Products,test,150351,7,1.4596317614539198,7,7,7
amazon:Baby_Products,test,150439,15,8.026689535884534,8,10,12
amazon:Baby_Products,test,150441,3,1.7557151665121822,1,1,1
amazon:Baby_Products,test,151123,15,2.0903674109507415,8,11,11
amazon:Baby_Products,test,151170,4,1.3367446123543432,3,4,4
amazon:Baby_Products,test,151223,4,1.7001653121689622,2,2,4
amazon:Baby_Products,test,151255,4,4.600223450741526,3,3,4
amazon:Baby_Products,test,151443,4,2.4586454747086863,1,1,1
amazon:Baby_Products,test,151444,4,3.0273000943458683,2,4,4
amazon:Baby_Products,test,151521,5,2.2188395871954447,4,4,4
amazon:Baby_Products,test,151597,6,3.3138111179157836,6,6,6
amazon:Baby_Products,test,151666,9,1.0981668763241523,8,9,9
amazon:Baby_Products,test,151800,9,2.571130164194915,5,5,9
amazon:Baby_Products,test,151826,4,0.05005700062897245,2,2,4
amazon:Baby_Products,test,151865,5,4.671346787274894,4,4,4
amazon:Baby_Products,test,151914,4,2.185630048331568,4,4,4
amazon:Baby_Products,test,151980,5,4.092266328456038,2,4,5
amazon:Baby_Products,test,152001,14,4.94065334514036,4,11,14
amazon:Baby_Products,test,152072,5,6.83377726926642,4,4,5
amazon:Baby_Products,test,152142,9,13.280376473119704,9,9,9
amazon:Baby_Products,test,152460,7,2.2418510824947036,4,7,7
amazon:Baby_Products,test,152507,4,3.916497492386123,4,4,4
amazon:Baby_Products,test,152538,5,0.8969590009269067,2,4,4
amazon:Baby_Products,test,152540,5,5.077862652277542,2,3,4
amazon:Baby_Products,test,152551,7,10.619748286877648,6,7,7
amazon:Baby_Products,test,152570,4,0.2715116856461865,1,4,4
amazon:Baby_Products,test,152819,7,10.649278957560911,6,7,7
amazon:Baby_Products,test,152848,4,0.36987532276218216,2,2,2
amazon:Baby_Products,test,152926,13,3.8597035553495767,4,8,12
amazon:Baby_Products,test,153030,4,3.1470500364141953,3,4,4
amazon:Baby_Products,test,153056,6,2.3970501398636124,3,3,3
amazon:Baby_Products,test,153208,4,0.7138373940677966,4,4,4
amazon:Baby_Products,test,153341,4,1.3176861261917372,2,2,3
amazon:Baby_Products,test,153416,5,1.082080905720339,4,4,4
amazon:Baby_Products,test,153492,4,3.5680858547404664,4,4,4
amazon:Baby_Products,test,153691,6,1.5762424275026485,3,4,4
amazon:Baby_Products,test,153700,8,3.2812239307468225,5,6,7
amazon:Baby_Products,test,153718,4,1.3197635973914195,1,4,4
amazon:Baby_Products,test,154262,6,4.081870489605402,4,4,6
amazon:Baby_Products,test,154398,9,3.1534088652012713,6,8,8
amazon:Baby_Products,test,154473,12,6.496110508805614,6,11,11
amazon:Baby_Products,test,154956,6,3.071192233845339,1,3,3
amazon:Baby_Products,test,154980,9,0.777817031084481,4,4,4
amazon:Baby_Products,test,154988,10,2.6312733795683263,8,8,10
amazon:Baby_Products,test,155017,9,2.451665535619703,6,8,8
amazon:Baby_Products,test,155064,7,2.7712863728151484,2,5,7
amazon:Baby_Products,test,155462,16,10.367643091234111,10,12,12
amazon:Baby_Products,test,155468,7,1.0547863976430085,6,6,7
amazon:Baby_Products,test,155484,4,2.044396145060911,4,4,4
amazon:Baby_Products,test,155520,5,2.255827512579449,4,4,4
amazon:Baby_Products,test,155529,8,3.4571491823358054,5,8,8
amazon:Baby_Products,test,155559,4,1.6705578820180083,4,4,4
amazon:Baby_Products,test,155683,7,2.84425245382018,4,6,6
amazon:Baby_Products,test,155814,32,11.81287800417108,18,21,31
amazon:Baby_Products,test,155967,6,2.6022410247285483,5,5,5
amazon:Baby_Products,test,155991,6,3.077401681673729,3,6,6
amazon:Baby_Products,test,155998,3,0.712318549721928,1,1,1
amazon:Baby_Products,test,156223,10,6.103445279396186,6,10,10
amazon:Baby_Products,test,156308,10,4.40765184305482,10,10,10
amazon:Baby_Products,test,156424,4,5.451896848516949,3,3,3
amazon:Baby_Products,test,156604,11,12.971804550946768,11,11,11
amazon:Baby_Products,test,156666,5,1.7278146517478814,2,4,4
amazon:Baby_Products,test,156681,5,0.6679708189883474,4,5,5
amazon:Baby_Products,test,156723,4,0.45560571702860175,2,2,2
amazon:Baby_Products,test,157089,4,0.3151050632282839,2,4,4
amazon:Baby_Products,test,157169,5,4.423372326867055,5,5,5
amazon:Baby_Products,test,157303,8,3.016419491525424,4,6,6
amazon:Baby_Products,test,157422,4,3.4081996077198093,4,4,4
amazon:Baby_Products,test,157443,5,1.3899254750397245,1,5,5
amazon:Baby_Products,test,157522,8,0.754930813029661,1,5,5
amazon:Baby_Products,test,157580,17,4.100658558990996,6,14,14
amazon:Baby_Products,test,157687,6,1.8826366359904663,3,5,5
amazon:Baby_Products,test,157847,4,0.3910803843352755,2,2,4
amazon:Baby_Products,test,157853,4,0.7155242402674787,3,3,3
amazon:Baby_Products,test,158370,14,4.454667637711864,7,9,14
amazon:Baby_Products,test,158453,5,5.832306632349047,2,4,5
amazon:Baby_Products,test,158521,5,1.7776452016022246,4,4,5
amazon:Baby_Products,test,158580,4,2.600546833620233,1,4,4
amazon:Baby_Products,test,158621,4,3.0809419276350636,3,4,4
amazon:Baby_Products,test,158694,4,0.15461136122881358,2,2,2
amazon:Baby_Products,test,158697,7,0.8507386288400424,4,7,7
amazon:Baby_Products,test,158731,4,2.8208965754104876,3,3,3
amazon:Baby_Products,test,158889,5,2.908575129104873,4,4,4
amazon:Baby_Products,test,158937,4,1.0861102605270128,1,4,4
amazon:Baby_Products,test,158944,4,0.7228252863479873,3,4,4
amazon:Baby_Products,test,158953,4,1.0700235657772774,1,4,4
amazon:Baby_Products,test,159032,5,13.10021807137182,3,4,4
amazon:Baby_Products,test,159126,5,2.762575104277013,1,1,5
amazon:Baby_Products,test,159137,7,13.791933738579186,7,7,7
amazon:Baby_Products,test,159140,3,0.42788644564353806,3,3,3
amazon:Baby_Products,test,159188,6,21.322989564022777,5,5,5
amazon:Baby_Products,test,159351,4,0.20814208984375004,1,1,1
amazon:Baby_Products,test,159744,4,1.5545244637182205,3,4,4
amazon:Baby_Products,test,159755,4,1.8957184355137708,2,2,2
amazon:Baby_Products,test,160274,7,2.3012796692929025,4,6,6
amazon:Baby_Products,test,160333,6,1.7147889218087924,5,6,6
amazon:Baby_Products,test,160490,8,0.6806435795153603,2,2,2
amazon:Baby_Products,test,160519,6,1.287973591432733,2,6,6
amazon:Baby_Products,test,160546,4,2.962463172007415,2,3,4
amazon:Baby_Products,test,160661,4,1.1622097209348516,4,4,4
amazon:Baby_Products,test,160728,4,1.282605808064089,2,4,4
amazon:Baby_Products,test,160842,6,0.7319197315280721,2,5,5
amazon:Baby_Products,test,160905,36,20.820914782507945,26,33,34
amazon:Baby_Products,test,160969,4,0.5416404594809322,3,3,3
amazon:Baby_Products,test,160986,5,0.8050049862619175,4,5,5
amazon:Baby_Products,test,161239,4,1.5111421229475634,3,3,4
amazon:Baby_Products,test,161643,6,0.949436821371822,5,5,5
amazon:Baby_Products,test,161659,6,1.0680608199814619,2,5,5
amazon:Baby_Products,test,161716,5,11.979816811771716,5,5,5
amazon:Baby_Products,test,161779,4,0.22650891320180078,1,1,1
amazon:Baby_Products,test,161911,13,2.9696601479740465,5,10,13
amazon:Baby_Products,test,161923,10,6.7174018471927965,8,8,10
amazon:Baby_Products,test,162026,6,2.506251034494174,4,6,6
amazon:Baby_Products,test,162346,3,3.180225023172669,2,2,2
amazon:Baby_Products,test,162422,5,4.3397670939817266,4,4,4
amazon:Baby_Products,test,162454,6,2.9140048786745236,2,3,4
amazon:Baby_Products,test,162468,5,0.5877108299126059,3,3,3
amazon:Baby_Products,test,162481,8,1.0311208951271187,5,7,7
amazon:Baby_Products,test,162889,5,0.6997055829581569,2,2,2
amazon:Baby_Products,test,162965,5,0.45614592988612296,3,3,3
amazon:Baby_Products,test,163024,8,3.3177415750794492,8,8,8
amazon:Baby_Products,test,163133,11,6.434994248212394,8,11,11
amazon:Baby_Products,test,163332,4,0.29489290916313565,4,4,4
amazon:Baby_Products,test,163336,7,1.561131984904661,5,6,7
amazon:Baby_Products,test,163399,4,1.2456635038731463,3,3,4
amazon:Baby_Products,test,163503,8,6.2937568276615465,3,5,6
amazon:Baby_Products,test,163607,6,13.58984333620233,6,6,6
amazon:Baby_Products,test,163752,5,0.4479094941737287,5,5,5
amazon:Baby_Products,test,163764,4,12.247658112089514,3,3,3
amazon:Baby_Products,test,163822,8,5.249224750066208,8,8,8
amazon:Baby_Products,test,163836,9,8.693433858580509,5,7,7
amazon:Baby_Products,test,164188,9,5.772879080045021,5,8,8
amazon:Baby_Products,test,164233,15,1.8398150945113878,7,14,14
amazon:Baby_Products,test,164261,6,0.15731014962923728,3,3,3
amazon:Baby_Products,test,164269,4,0.9544706700211865,1,1,1
amazon:Baby_Products,test,164515,7,2.907084319551112,5,7,7
amazon:Baby_Products,test,164578,4,0.5966792737023305,4,4,4
amazon:Baby_Products,test,164619,4,0.673106254965572,3,3,3
amazon:Baby_Products,test,164652,3,0.018345305879237273,3,3,3
amazon:Baby_Products,test,164830,6,1.5159231412208687,1,3,4
amazon:Baby_Products,test,164944,4,1.3227996308924788,1,2,2
amazon:Baby_Products,test,164959,9,6.19324082196769,6,9,9
amazon:Baby_Products,test,164987,5,1.5494854425979874,1,3,3
amazon:Baby_Products,test,165211,12,2.637172892942267,4,9,9
amazon:Baby_Products,test,165593,5,1.4692495572364939,2,3,3
amazon:Baby_Products,test,165619,100,37.937754071769064,58,81,94
amazon:Baby_Products,test,165793,4,2.145059048927436,3,4,4
amazon:Baby_Products,test,166059,4,3.116115764036017,4,4,4
amazon:Baby_Products,test,166131,12,3.9633824235301907,4,8,11
amazon:Baby_Products,test,166237,11,2.8366330938824147,7,8,9
amazon:Baby_Products,test,166246,4,1.2113577115333685,4,4,4
amazon:Baby_Products,test,166304,14,4.972218452065677,5,9,13
amazon:Baby_Products,test,166349,21,4.052648305084746,5,11,11
amazon:Baby_Products,test,166389,5,4.536111295021186,5,5,5
amazon:Baby_Products,test,166488,3,0.33139896716101697,3,3,3
amazon:Baby_Products,test,166690,15,7.48793510824947,12,14,14
amazon:Baby_Products,test,166818,4,1.098147841631356,4,4,4
amazon:Baby_Products,test,166914,5,13.296866930945445,5,5,5
amazon:Baby_Products,test,167065,7,2.527858307402013,2,3,3
amazon:Baby_Products,test,167136,9,4.972089967889302,3,5,5
amazon:Baby_Products,test,167191,4,0.23401468567929024,4,4,4
amazon:Baby_Products,test,167378,4,1.996036852820445,2,2,3
amazon:Baby_Products,test,167655,11,0.8369639251191737,6,6,6
amazon:Baby_Products,test,167676,4,1.4162490068855933,4,4,4
amazon:Baby_Products,test,167718,10,2.952014677403337,1,3,3
amazon:Baby_Products,test,167913,6,1.4125775870630295,2,4,4
amazon:Baby_Products,test,167943,3,2.5714926509533895,3,3,3
amazon:Baby_Products,test,167970,4,3.2224394200211863,3,3,4
amazon:Baby_Products,test,168000,6,1.4434386172537075,6,6,6
amazon:Baby_Products,test,168001,9,0.09095624503442801,7,7,7
amazon:Baby_Products,test,168054,5,0.8847244521318856,3,3,3
amazon:Baby_Products,test,168290,5,0.14480663234904662,4,4,4
amazon:Baby_Products,test,168308,5,11.969526698225634,5,5,5
amazon:Baby_Products,test,168505,18,11.60414914923199,7,14,17
amazon:Baby_Products,test,168515,59,19.162213652012714,23,44,53
amazon:Baby_Products,test,168575,6,7.475721456236759,4,5,5
amazon:Baby_Products,test,168582,4,1.2265700518074683,2,3,3
amazon:Baby_Products,test,168781,5,0.8408609681210275,4,5,5
amazon:Baby_Products,test,168800,6,1.0445179050251587,1,1,6
amazon:Baby_Products,test,169069,7,1.6977067333156777,6,6,6
amazon:Baby_Products,test,169170,8,4.951799295716366,6,8,8
amazon:Baby_Products,test,169383,5,2.8347668663930086,1,3,5
amazon:Baby_Products,test,169432,6,8.82193251787606,1,1,1
amazon:Baby_Products,test,169450,6,0.7821106991525425,5,6,6
amazon:Baby_Products,test,169451,7,3.548154876191737,6,7,7
amazon:Baby_Products,test,169557,7,0.3248148255429025,4,4,4
amazon:Baby_Products,test,169575,10,1.874850205243644,2,5,5
amazon:Baby_Products,test,169642,7,3.4010618048199155,4,5,6
amazon:Baby_Products,test,169724,5,1.9827944998013771,1,5,5
amazon:Baby_Products,test,169772,4,2.5299198473914197,3,3,3
amazon:Baby_Products,test,169921,5,0.46656121722722455,4,4,4
amazon:Baby_Products,test,170108,4,2.880339852025953,2,2,2
amazon:Baby_Products,test,170110,5,15.378714868577859,5,5,5
amazon:Baby_Products,test,170341,4,0.8593452065677967,4,4,4
amazon:Baby_Products,test,170408,8,3.4994837874073093,8,8,8
amazon:Baby_Products,test,170488,5,1.2464873750331038,2,2,2
amazon:Baby_Products,test,170533,6,1.5388427734375,3,5,6
amazon:Baby_Products,test,170627,11,4.077869686837924,3,8,10
amazon:Baby_Products,test,170644,4,0.9334116790254237,3,3,3
amazon:Baby_Products,test,170971,4,3.290052097126589,1,2,3
amazon:Baby_Products,test,171005,8,0.6015754311771716,5,5,5
amazon:Baby_Products,test,171095,3,0.1331654694120763,2,2,2
amazon:Baby_Products,test,171149,4,3.454261909096928,4,4,4
amazon:Baby_Products,test,171219,4,0.6685623427568856,3,3,3
amazon:Baby_Products,test,171236,28,8.305581613314352,16,23,27
amazon:Baby_Products,test,171255,7,12.882016560182734,6,6,7
amazon:Baby_Products,test,171295,3,0.35824078058792375,1,1,1
amazon:Baby_Products,test,171653,6,2.258427817134534,3,6,6
amazon:Baby_Products,test,171948,4,1.6175613661943855,4,4,4
amazon:Baby_Products,test,171957,5,1.2359418448755297,5,5,5
amazon:Baby_Products,test,172144,7,3.9318504204184324,5,6,6
amazon:Baby_Products,test,172169,7,16.296193682137183,7,7,7
amazon:Baby_Products,test,172179,3,0.7321820792505297,3,3,3
amazon:Baby_Products,test,172577,4,12.833274918895658,4,4,4
amazon:Baby_Products,test,172673,7,3.156406208620233,6,6,6
amazon:Baby_Products,test,172808,4,1.7263918084613348,1,1,1
amazon:Baby_Products,test,172934,4,0.30067717988612297,4,4,4
amazon:Baby_Products,test,172999,5,2.8387078753972457,3,4,5
amazon:Baby_Products,test,173038,7,1.0735190181408898,5,5,5
amazon:Baby_Products,test,173151,6,0.09225060414459747,2,2,2
amazon:Baby_Products,test,173156,4,1.8143674688824154,3,4,4
amazon:Baby_Products,test,173193,4,0.8326898089909959,4,4,4
amazon:Baby_Products,test,173288,5,3.0791685977224574,2,4,4
amazon:Baby_Products,test,173323,8,2.9798615019200216,4,5,5
amazon:Baby_Products,test,173382,7,3.2529311357918433,2,2,3
amazon:Baby_Products,test,173457,11,4.845422570180085,9,9,9
amazon:Baby_Products,test,173549,6,2.0136948407706567,1,3,4
amazon:Baby_Products,test,173615,5,2.302958860235699,3,4,4
amazon:Baby_Products,test,173623,10,2.950929906812765,9,10,10
amazon:Baby_Products,test,173627,13,5.344124279992054,6,8,13
amazon:Baby_Products,test,173652,4,1.355990548861229,2,3,3
amazon:Baby_Products,test,173939,13,2.250968803793697,7,9,10
amazon:Baby_Products,test,174043,4,1.8499613099179026,3,3,3
amazon:Baby_Products,test,174201,5,11.508350643869173,5,5,5
amazon:Baby_Products,test,174234,4,1.4797235003972458,3,3,3
amazon:Baby_Products,test,174280,4,2.228479831501589,4,4,4
amazon:Baby_Products,test,174281,3,1.1145520226430086,1,1,1
amazon:Baby_Products,test,174368,6,2.8311064122086864,3,3,6
amazon:Baby_Products,test,174436,3,1.4597767975370763,2,3,3
amazon:Baby_Products,test,174884,4,0.05906961731991528,1,1,1
amazon:Baby_Products,test,174928,2,23.31056032342426,2,2,2
amazon:Baby_Products,test,174949,5,0.8848287291445974,1,3,3
amazon:Baby_Products,test,174987,3,1.9635762877383476,3,3,3
amazon:Baby_Products,test,175041,4,3.7457761602886657,3,3,4
amazon:Baby_Products,test,175042,9,11.698631157309322,5,7,9
amazon:Baby_Products,test,175098,6,0.39558312367584747,2,2,2
amazon:Baby_Products,test,175099,4,1.1360622599973518,3,3,3
amazon:Baby_Products,test,175116,9,0.19576933262711868,5,5,5
amazon:Baby_Products,test,175141,4,2.914022775423729,4,4,4
amazon:Baby_Products,test,175293,9,4.4659981420484645,8,9,9
amazon:Baby_Products,test,175360,10,6.790779139631885,8,9,10
amazon:Baby_Products,test,175381,4,0.023413499735169596,1,1,1
amazon:Baby_Products,test,175502,4,1.6057164079051907,3,3,3
amazon:Baby_Products,test,175607,4,2.9409502449682208,4,4,4
amazon:Baby_Products,test,175634,7,10.713626564155192,6,7,7
amazon:Baby_Products,test,175644,6,0.81190185546875,1,5,5
amazon:Baby_Products,test,175664,4,1.5619444766287076,3,4,4
amazon:Baby_Products,test,175675,22,5.116163350768009,18,20,21
amazon:Baby_Products,test,175785,4,2.510981569451801,2,3,3
amazon:Baby_Products,test,175811,14,6.357135940810381,12,13,13
amazon:Baby_Products,test,175898,5,0.0790908037605933,3,3,3
amazon:Baby_Products,test,175986,7,3.8363424010195977,4,6,6
amazon:Baby_Products,test,176154,4,5.08860256389036,4,4,4
amazon:Baby_Products,test,176190,4,3.960201767743644,1,1,4
amazon:Baby_Products,test,176204,4,1.5451904296875,1,2,2
amazon:Baby_Products,test,176264,5,2.7578371209613346,5,5,5
amazon:Baby_Products,test,176329,4,1.7170906713453389,1,4,4
amazon:Baby_Products,test,176537,4,1.5730754270391951,1,1,3
amazon:Baby_Products,test,176599,7,1.4938811738612288,2,5,5
amazon:Baby_Products,test,176606,8,1.2890602241128177,8,8,8
amazon:Baby_Products,test,176641,4,45.53646322993909,3,4,4
amazon:Baby_Products,test,176644,4,2.143238959878178,3,4,4
amazon:Baby_Products,test,176886,6,1.0941745564088983,3,3,3
amazon:Baby_Products,test,176946,4,0.46807137182203384,4,4,4
amazon:Baby_Products,test,177019,5,1.2656158964512711,3,3,3
amazon:Baby_Products,test,177103,6,1.1249075162208688,4,5,5
amazon:Baby_Products,test,177153,4,20.614434090307203,3,4,4
amazon:Baby_Products,test,177232,5,2.822443971795551,3,4,4
amazon:Baby_Products,test,177392,4,6.6563578977423195,3,4,4
amazon:Baby_Products,test,177627,4,0.2288199731859109,4,4,4
amazon:Baby_Products,test,177752,48,27.285653841697563,19,37,47
amazon:Baby_Products,test,177806,8,3.9598078323622885,7,8,8
amazon:Baby_Products,test,178057,8,1.7217153775489937,2,6,8
amazon:Baby_Products,test,178165,4,0.7343093096199683,4,4,4
amazon:Baby_Products,test,178189,8,3.604657499668962,3,6,6
amazon:Baby_Products,test,178217,4,1.4066733150158897,2,3,3
amazon:Baby_Products,test,178275,8,2.9431110963983054,7,7,7
amazon:Baby_Products,test,178344,14,3.5783418299788137,6,11,11
amazon:Baby_Products,test,178383,5,3.6150864423331566,5,5,5
amazon:Baby_Products,test,178448,5,0.36921779826536016,1,2,2
amazon:Baby_Products,test,178520,4,1.6637927039194915,1,1,1
amazon:Baby_Products,test,178620,4,1.8797897080243644,4,4,4
amazon:Baby_Products,test,178873,10,2.5912474551443325,3,7,8
amazon:Baby_Products,test,178878,8,1.5376696570444914,5,5,5
amazon:Baby_Products,test,178912,12,2.6240017131223516,9,12,12
amazon:Baby_Products,test,178949,10,0.3021865068855933,10,10,10
amazon:Baby_Products,test,179018,10,8.85702297404661,8,10,10
amazon:Baby_Products,test,179026,5,0.5465961003707628,5,5,5
amazon:Baby_Products,test,179073,4,1.2325189105534957,3,3,3
amazon:Baby_Products,test,179120,4,2.077585097490731,3,3,3
amazon:Baby_Products,test,179130,6,0.8000682766154662,1,1,2
amazon:Baby_Products,test,179246,4,1.5853563211731991,2,3,3
amazon:Baby_Products,test,179345,10,0.8099565926244703,2,2,4
amazon:Baby_Products,test,179365,9,12.696641307766154,9,9,9
amazon:Baby_Products,test,179751,5,1.7594323109772247,4,4,5
amazon:Baby_Products,test,179862,4,0.6051174357786018,3,3,3
amazon:Baby_Products,test,180061,8,2.1079889847060382,1,1,1
amazon:Baby_Products,test,180181,3,0.5613378492452331,1,1,1
amazon:Baby_Products,test,180226,2,0.04572360798463984,2,2,2
amazon:Baby_Products,test,180227,6,0.6038665254237289,6,6,6
amazon:Baby_Products,test,180228,11,4.637917935646187,5,5,5
amazon:Baby_Products,test,180279,5,2.0129884881488347,1,1,1
amazon:Baby_Products,test,180325,5,0.5543285305217162,1,2,2
amazon:Baby_Products,test,180538,4,1.0298852952860171,2,4,4
amazon:Baby_Products,test,180573,4,0.41584038168697035,3,3,3
amazon:Baby_Products,test,180607,4,0.5967243776483051,4,4,4
amazon:Baby_Products,test,180634,4,1.71631686970339,1,1,1
amazon:Baby_Products,test,180648,8,2.775083794028072,4,4,4
amazon:Baby_Products,test,180772,4,0.27315963486493655,4,4,4
amazon:Baby_Products,test,180824,13,9.405655993445444,11,12,12
amazon:Baby_Products,test,181005,5,7.9280857926708155,5,5,5
amazon:Baby_Products,test,181247,7,1.7134542174258471,7,7,7
amazon:Baby_Products,test,181258,6,1.4288994223384535,6,6,6
amazon:Baby_Products,test,181332,5,1.7443185579978815,3,3,3
amazon:Baby_Products,test,181336,5,5.77534572795286,2,5,5
amazon:Baby_Products,test,181367,5,1.2872937218617584,5,5,5
amazon:Baby_Products,test,181382,6,2.549074127714513,1,2,4
amazon:Baby_Products,test,181423,8,1.1711152674788134,5,5,7
amazon:Baby_Products,test,181457,5,0.5641808461334745,5,5,5
amazon:Baby_Products,test,181789,4,1.205911306607521,4,4,4
amazon:Baby_Products,test,181991,9,2.9058955822960804,8,9,9
amazon:Baby_Products,test,182104,7,2.023589570643538,4,7,7
amazon:Baby_Products,test,182323,5,3.7493898553363345,4,4,4
amazon:Baby_Products,test,182328,5,0.7845893471927967,5,5,5
amazon:Baby_Products,test,182412,7,5.1649531994835804,5,6,7
amazon:Baby_Products,test,182419,6,1.8861477092161014,6,6,6
amazon:Baby_Products,test,182431,7,2.9935675152277543,3,7,7
amazon:Baby_Products,test,182434,9,2.5658345885195977,4,8,8
amazon:Baby_Products,test,182498,6,4.058340092028602,4,5,5
amazon:Baby_Products,test,182517,5,1.033777476165254,3,4,4
amazon:Baby_Products,test,182692,4,0.1746031680349576,2,2,2
amazon:Baby_Products,test,182775,19,1.8875355865995762,16,19,19
amazon:Baby_Products,test,182843,4,2.6257115250926906,4,4,4
amazon:Baby_Products,test,182885,4,0.39793556342690684,3,3,3
amazon:Baby_Products,test,182891,5,0.9462288549390889,1,4,4
amazon:Baby_Products,test,182939,9,4.410333355402543,7,8,8
amazon:Baby_Products,test,182962,3,3.5629485566737285,2,3,3
amazon:Baby_Products,test,182984,4,0.4134107686705509,4,4,4
amazon:Baby_Products,test,183055,4,1.0946665618379237,3,3,3
amazon:Baby_Products,test,183110,9,5.043646550582627,4,6,6
amazon:Baby_Products,test,183134,5,1.7380754891088455,5,5,5
amazon:Baby_Products,test,183250,17,5.5751793812897255,3,6,12
amazon:Baby_Products,test,183303,5,2.703622384798729,3,4,4
amazon:Baby_Products,test,183461,13,3.397163520425053,9,11,12
amazon:Baby_Products,test,183517,4,2.532446495961335,1,2,4
amazon:Baby_Products,test,183634,5,3.391409974179026,2,4,4
amazon:Baby_Products,test,183697,5,4.076907607256356,2,2,5
amazon:Baby_Products,test,183698,6,0.5075778767213983,3,5,5
amazon:Baby_Products,test,183709,3,1.808299332958157,3,3,3
amazon:Baby_Products,test,183729,4,4.122794251522776,2,4,4
amazon:Baby_Products,test,183879,6,1.6737923315015888,4,5,5
amazon:Baby_Products,test,183895,4,1.8864026085805083,4,4,4
amazon:Baby_Products,test,183918,5,5.444784287274894,2,4,4
amazon:Baby_Products,test,184061,6,0.4566532458289194,1,1,1
amazon:Baby_Products,test,184070,7,2.8295470156912077,6,6,6
amazon:Baby_Products,test,184183,16,5.4214599609375,8,13,14
amazon:Baby_Products,test,184272,6,0.6664270433328918,2,2,2
amazon:Baby_Products,test,184339,4,2.9198358050847455,3,3,3
amazon:Baby_Products,test,184381,11,7.767498262049788,4,8,10
amazon:Baby_Products,test,184542,4,1.0469736907441738,1,1,2
amazon:Baby_Products,test,184574,7,0.9985223285222458,6,6,6
amazon:Baby_Products,test,184707,11,5.1780861030190675,6,11,11
amazon:Baby_Products,test,184809,8,2.43798786745233,4,8,8
