dataset,split,user,history_length,positive_signal_total,items_for_50pct,items_for_80pct,items_for_90pct
amazon-toys-and-games,valid,10,4,1.8963154588393376,4,4,4
amazon-toys-and-games,valid,722,25,22.04817138385593,15,22,25
amazon-toys-and-games,valid,1764,4,1.3776042327108053,2,4,4
amazon-toys-and-games,valid,2311,6,13.408992739621915,6,6,6
amazon-toys-and-games,valid,2318,3,0.8092196979820843,3,3,3
amazon-toys-and-games,valid,2377,6,0.19255550522014983,4,4,4
amazon-toys-and-games,valid,2714,5,7.7197062354605395,2,3,3
amazon-toys-and-games,valid,2944,3,14.927760189899754,3,3,3
amazon-toys-and-games,valid,3057,5,9.808233783175016,4,5,5
amazon-toys-and-games,valid,3230,15,2.098699501907162,9,13,14
amazon-toys-and-games,valid,3583,3,0.4981097871065313,2,2,2
amazon-toys-and-games,valid,3624,4,0.6158321512453648,4,4,4
amazon-toys-and-games,valid,3629,3,1.9169590185401186,2,2,2
amazon-toys-and-games,valid,4004,18,16.099091869311295,11,13,16
amazon-toys-and-games,valid,4199,2,3.8892443708337443,2,2,2
amazon-toys-and-games,valid,4966,3,4.797943625455841,2,2,2
amazon-toys-and-games,valid,5398,11,30.91187209277984,7,11,11
amazon-toys-and-games,valid,5678,6,3.5667900836285202,4,5,5
amazon-toys-and-games,valid,5804,4,1.6996929680791661,4,4,4
amazon-toys-and-games,valid,5993,9,16.07715660879458,7,9,9
amazon-toys-and-games,valid,6082,5,2.447724474599871,3,4,4
amazon-toys-and-games,valid,6403,4,32.3159105298598,3,4,4
amazon-toys-and-games,valid,6844,7,2.262546918546639,5,5,5
amazon-toys-and-games,valid,7961,3,8.55160178427243,2,3,3
amazon-toys-and-games,valid,8213,77,34.46816034014282,48,68,71
amazon-toys-and-games,valid,8484,4,4.415223627601087,1,3,3
amazon-toys-and-games,valid,8490,8,20.198511217413476,5,8,8
amazon-toys-and-games,valid,9207,2,15.421273384012649,2,2,2
amazon-toys-and-games,valid,9307,7,0.6412429369598268,6,6,6
amazon-toys-and-games,valid,9710,3,8.636555019251237,2,3,3
amazon-toys-and-games,valid,9721,4,4.165153284170195,3,3,3
amazon-toys-and-games,valid,9790,4,3.0023493346166017,3,4,4
amazon-toys-and-games,valid,9940,4,6.513367718395561,3,4,4
amazon-toys-and-games,valid,10693,4,3.13138862707521,4,4,4
amazon-toys-and-games,valid,11198,6,1.336450305725927,6,6,6
amazon-toys-and-games,valid,11563,5,2.0683689450180305,2,4,4
amazon-toys-and-games,valid,12966,3,1.6936082375904795,1,2,2
amazon-toys-and-games,valid,13470,5,1.4431645000341837,4,4,4
amazon-toys-and-games,valid,14672,7,3.848298770449321,5,6,6
amazon-toys-and-games,valid,15233,5,5.702588922855977,2,4,4
amazon-toys-and-games,valid,15338,9,7.861852268865779,6,8,9
amazon-toys-and-games,valid,15453,5,3.3127154929659417,5,5,5
amazon-toys-and-games,valid,16029,4,0.611848648131755,4,4,4
amazon-toys-and-games,valid,16226,5,11.488399958739443,3,5,5
amazon-toys-and-games,valid,16800,24,13.233354189182942,15,19,23
amazon-toys-and-games,valid,16835,7,33.09675126240291,4,6,7
amazon-toys-and-games,valid,17529,3,8.492767923724383,2,3,3
amazon-toys-and-games,valid,18011,3,11.083957707043847,2,3,3
amazon-toys-and-games,valid,18425,9,7.744554653193447,6,7,9
amazon-toys-and-games,valid,18738,7,2.1553755947095166,3,7,7
amazon-toys-and-games,valid,18760,5,1.9941275172560389,3,5,5
amazon-toys-and-games,valid,18791,8,6.889970984164838,8,8,8
amazon-toys-and-games,valid,18905,3,2.1762497429911285,3,3,3
amazon-toys-and-games,valid,19292,20,14.289370201618283,14,18,19
amazon-toys-and-games,valid,19395,25,8.651627771339864,23,24,25
amazon-toys-and-games,valid,19423,4,2.0607024755258934,4,4,4
amazon-toys-and-games,valid,19490,5,2.624163950378299,5,5,5
amazon-toys-and-games,valid,19622,3,17.30333750724384,2,3,3
amazon-toys-and-games,valid,19841,18,10.360626373704909,5,15,16
amazon-toys-and-games,valid,21495,4,28.057721267483323,3,4,4
amazon-toys-and-games,valid,22007,18,11.814898463550211,9,15,17
amazon-toys-and-games,valid,22053,8,11.047273631550691,5,7,7
amazon-toys-and-games,valid,22204,5,2.239986172274462,3,5,5
amazon-toys-and-games,valid,22386,3,0.22000882763415042,2,2,2
amazon-toys-and-games,valid,22646,8,27.127215517662826,7,8,8
amazon-toys-and-games,valid,22903,6,0.9493030830123319,3,3,3
amazon-toys-and-games,valid,22905,6,5.952821677552796,4,5,5
amazon-toys-and-games,valid,23313,3,1.8017030541476506,2,2,2
amazon-toys-and-games,valid,23757,4,3.9880903464527018,3,3,3
amazon-toys-and-games,valid,23862,4,1.6012706025299857,3,4,4
amazon-toys-and-games,valid,25220,21,2.97492561051742,8,21,21
amazon-toys-and-games,valid,25949,3,2.019921057246746,1,3,3
amazon-toys-and-games,valid,26622,5,2.225917865561798,1,3,4
amazon-toys-and-games,valid,27406,6,29.2791781989944,5,6,6
amazon-toys-and-games,valid,27540,10,4.554472567832791,6,8,9
amazon-toys-and-games,valid,28623,3,1.1799117755187911,3,3,3
amazon-toys-and-games,valid,28667,7,2.6858034528964008,7,7,7
amazon-toys-and-games,valid,28934,6,3.3926774907535306,2,4,4
amazon-toys-and-games,valid,29027,3,4.136564600756996,1,2,2
amazon-toys-and-games,valid,29179,30,19.634384033454698,18,22,24
amazon-toys-and-games,valid,29238,4,1.4227176299895694,3,4,4
amazon-toys-and-games,valid,29387,4,1.3110251003196303,1,3,3
amazon-toys-and-games,valid,30094,4,3.078431423392446,4,4,4
amazon-toys-and-games,valid,30119,7,3.47773318143748,5,6,6
amazon-toys-and-games,valid,30154,11,5.366029014823254,4,9,9
amazon-toys-and-games,valid,30229,3,2.673732147014324,3,3,3
amazon-toys-and-games,valid,30507,3,6.446962760703126,2,3,3
amazon-toys-and-games,valid,30962,5,1.6993285546390267,2,2,2
amazon-toys-and-games,valid,30983,5,2.2907284353982944,2,5,5
amazon-toys-and-games,valid,31341,4,2.949983085322012,1,1,3
amazon-toys-and-games,valid,31568,1,0.3661804848317807,1,1,1
amazon-toys-and-games,valid,31928,6,3.8556386465702546,5,6,6
amazon-toys-and-games,valid,31997,3,1.055341069666654,2,2,2
amazon-toys-and-games,valid,32510,4,2.9945490402651553,2,3,3
amazon-toys-and-games,valid,33797,4,2.623989775679558,2,3,3
amazon-toys-and-games,valid,33941,2,0.05529850627803656,1,1,1
amazon-toys-and-games,valid,34420,3,0.4406564223188749,2,3,3
amazon-toys-and-games,valid,34439,4,29.69572717335904,1,2,2
amazon-toys-and-games,valid,34542,5,7.444160850144554,3,4,5
amazon-toys-and-games,valid,34745,4,2.18959251152516,1,3,3
amazon-toys-and-games,valid,35116,4,0.1058025915095464,1,1,1
amazon-toys-and-games,valid,35633,4,1.0181528109133793,4,4,4
amazon-toys-and-games,valid,36208,4,0.2409679762044727,4,4,4
amazon-toys-and-games,valid,36290,7,4.5506470488867405,6,6,7
amazon-toys-and-games,valid,36820,4,3.689558960443939,4,4,4
amazon-toys-and-games,valid,36979,15,10.827405838621766,12,15,15
amazon-toys-and-games,valid,36997,5,8.12902866742252,3,5,5
amazon-toys-and-games,valid,37581,3,7.875331139052568,2,3,3
amazon-toys-and-games,valid,37762,1,1.7373484754432966,1,1,1
amazon-toys-and-games,valid,37821,11,0.6563398483567022,6,6,9
amazon-toys-and-games,valid,38679,29,31.378818016595417,28,29,29
amazon-toys-and-games,valid,38849,3,11.567620733771317,3,3,3
amazon-toys-and-games,valid,39220,10,62.52268043603884,5,8,8
amazon-toys-and-games,valid,39493,7,7.362293429218382,7,7,7
amazon-toys-and-games,valid,39498,12,19.147278368545948,8,11,12
amazon-toys-and-games,valid,39641,4,1.2821013488040605,1,4,4
amazon-toys-and-games,valid,39681,3,6.012255346685757,3,3,3
amazon-toys-and-games,valid,39944,3,4.158669102919982,3,3,3
amazon-toys-and-games,valid,39966,5,1.355052593612418,5,5,5
amazon-toys-and-games,valid,40226,6,18.082186424985885,5,6,6
amazon-toys-and-games,valid,40293,1,2.3699383324170293,1,1,1
amazon-toys-and-games,valid,41236,4,1.2461310480567218,3,4,4
amazon-toys-and-games,valid,41331,4,32.54573878816783,3,4,4
amazon-toys-and-games,valid,42279,6,3.7541434952865,1,6,6
amazon-toys-and-games,valid,42430,17,4.122104812059871,7,10,12
amazon-toys-and-games,valid,42950,3,0.5589912438951103,1,1,1
amazon-toys-and-games,valid,43197,4,1.7762176402035175,1,3,3
amazon-toys-and-games,valid,43230,25,60.06185643033825,11,19,22
amazon-toys-and-games,valid,43534,17,7.074512808892093,11,11,13
amazon-toys-and-games,valid,43855,29,95.90113631598757,16,23,28
amazon-toys-and-games,valid,44453,15,4.90329920651851,13,13,13
amazon-toys-and-games,valid,44454,4,0.49041662853564677,2,2,2
amazon-toys-and-games,valid,44902,4,1.4634102533242608,2,4,4
amazon-toys-and-games,valid,45910,11,0.37622759485042445,2,2,2
amazon-toys-and-games,valid,46074,6,4.767806848986805,3,5,5
amazon-toys-and-games,valid,46601,6,1.0299381262407339,5,6,6
amazon-toys-and-games,valid,46641,3,0.03832804685084368,3,3,3
amazon-toys-and-games,valid,47058,7,1.7306781030844796,4,4,4
amazon-toys-and-games,valid,47614,5,1.318683095080602,1,1,2
amazon-toys-and-games,valid,47915,7,2.8442404493732525,4,7,7
amazon-toys-and-games,valid,48455,3,0.8466549888244226,1,1,1
amazon-toys-and-games,valid,48621,4,15.683875451556128,3,4,4
amazon-toys-and-games,valid,48625,1,0.09012016473106547,1,1,1
amazon-toys-and-games,valid,48662,7,4.241701609648697,6,6,6
amazon-toys-and-games,valid,48855,3,2.9447502550482993,3,3,3
amazon-toys-and-games,valid,48901,6,0.5427382906252209,5,5,5
amazon-toys-and-games,valid,49025,3,1.247167748006525,3,3,3
amazon-toys-and-games,valid,50076,14,11.000568249697961,8,13,13
amazon-toys-and-games,valid,50506,5,1.3013859157936798,3,4,5
amazon-toys-and-games,valid,50632,3,1.6986030164603945,1,1,1
amazon-toys-and-games,valid,50950,5,6.712154301327668,4,5,5
amazon-toys-and-games,valid,51286,4,2.4969188976449166,3,3,3
amazon-toys-and-games,valid,51384,5,0.0032497431808613253,5,5,5
amazon-toys-and-games,valid,51647,4,1.1497604528693954,2,3,3
amazon-toys-and-games,valid,51800,3,3.3683999157333444,2,3,3
amazon-toys-and-games,valid,51968,3,2.1164897334640127,2,3,3
amazon-toys-and-games,valid,52057,2,3.868520617408198,2,2,2
amazon-toys-and-games,valid,52171,10,15.345350797266658,3,6,8
amazon-toys-and-games,valid,52490,6,0.5933834738062186,6,6,6
amazon-toys-and-games,valid,52839,3,5.014109605216032,1,3,3
amazon-toys-and-games,valid,53251,3,0.15181785197060588,1,1,1
amazon-toys-and-games,valid,53522,9,1.5691652851484572,1,3,3
amazon-toys-and-games,valid,53887,6,0.13542696296434964,5,5,5
amazon-toys-and-games,valid,53940,2,11.406084009504095,2,2,2
amazon-toys-and-games,valid,53969,4,7.60481493748526,3,4,4
amazon-toys-and-games,valid,54159,3,0.8103282434140113,2,2,2
amazon-toys-and-games,valid,54300,10,4.125642316634804,3,9,9
amazon-toys-and-games,valid,54357,3,4.583230239915212,2,2,2
amazon-toys-and-games,valid,54472,26,27.245796485908453,17,24,25
amazon-toys-and-games,valid,54523,13,17.826376285273618,13,13,13
amazon-toys-and-games,valid,55102,3,8.975077776212833,2,2,2
amazon-toys-and-games,valid,55575,2,0.010468696272022626,2,2,2
amazon-toys-and-games,valid,55739,4,1.1564833179660317,2,4,4
amazon-toys-and-games,valid,55742,3,1.9759468156229265,2,2,2
amazon-toys-and-games,valid,55756,5,1.6099502451063012,1,3,3
amazon-toys-and-games,valid,56072,4,1.5059521388924957,4,4,4
amazon-toys-and-games,valid,56438,3,0.03276963511412523,3,3,3
amazon-toys-and-games,valid,56540,3,2.780880576428446,3,3,3
amazon-toys-and-games,valid,57263,4,1.7139179940741391,3,3,3
amazon-toys-and-games,valid,57887,7,3.9551613357972455,5,7,7
amazon-toys-and-games,valid,58194,13,16.364605323231622,9,12,13
amazon-toys-and-games,valid,58847,18,35.977313524134104,10,14,16
amazon-toys-and-games,valid,59353,3,1.117480328346502,3,3,3
amazon-toys-and-games,valid,59984,4,2.0730211929626083,3,4,4
amazon-toys-and-games,valid,60605,9,21.436980982007576,6,9,9
amazon-toys-and-games,valid,60829,16,6.246277458524255,9,15,16
amazon-toys-and-games,valid,61120,3,2.272362807541828,2,3,3
amazon-toys-and-games,valid,61589,10,3.2903333484908748,6,10,10
amazon-toys-and-games,valid,61675,9,8.144719062978067,9,9,9
amazon-toys-and-games,valid,61901,4,0.5809079105986695,3,3,3
amazon-toys-and-games,valid,61982,8,3.85514129369048,6,6,8
amazon-toys-and-games,valid,62021,7,79.25360816422713,4,6,7
amazon-toys-and-games,valid,62093,8,4.397530412742808,7,8,8
amazon-toys-and-games,valid,62204,4,3.606106005858569,4,4,4
amazon-toys-and-games,valid,62573,14,8.05522425751394,8,12,13
amazon-toys-and-games,valid,62706,13,16.585944304193266,13,13,13
amazon-toys-and-games,valid,63458,3,1.6627068379886276,1,2,2
amazon-toys-and-games,valid,64472,3,22.331670747081073,2,3,3
amazon-toys-and-games,valid,64622,7,1.3024298255894,4,4,4
amazon-toys-and-games,valid,66608,3,0.15733224570067084,2,2,2
amazon-toys-and-games,valid,66631,5,1.174264189372042,1,5,5
amazon-toys-and-games,valid,66750,5,3.9177854945615946,2,5,5
amazon-toys-and-games,valid,67206,8,1.033251113684028,4,4,4
amazon-toys-and-games,valid,67571,4,0.2669608621103687,4,4,4
amazon-toys-and-games,valid,67696,5,5.249745078189198,5,5,5
amazon-toys-and-games,valid,68005,66,33.27793633465727,40,50,60
amazon-toys-and-games,valid,68250,17,5.752541391630546,10,16,16
amazon-toys-and-games,valid,68889,4,2.352890967966718,3,4,4
amazon-toys-and-games,valid,69028,3,1.460990527843571,3,3,3
amazon-toys-and-games,valid,69133,5,0.06152325956374993,1,1,1
amazon-toys-and-games,valid,70071,3,1.2492740349225961,3,3,3
amazon-toys-and-games,valid,70262,3,5.280706939305936,2,2,2
amazon-toys-and-games,valid,70360,4,4.021327862620307,3,4,4
amazon-toys-and-games,valid,70852,7,1.2034244744291116,4,4,4
amazon-toys-and-games,valid,70860,3,1.9853522493549245,2,3,3
amazon-toys-and-games,valid,70981,2,1.020251129052384,1,1,1
amazon-toys-and-games,valid,71018,6,9.135529481913753,4,5,6
amazon-toys-and-games,valid,71211,5,6.594527309536584,3,4,5
amazon-toys-and-games,valid,71253,4,0.22421785978759667,1,1,1
amazon-toys-and-games,valid,71810,6,4.626899644194104,1,4,5
amazon-toys-and-games,valid,71954,7,6.533712638689133,5,7,7
amazon-toys-and-games,valid,72080,9,4.659976899400704,5,9,9
amazon-toys-and-games,valid,72661,5,0.9360267209538551,5,5,5
amazon-toys-and-games,valid,72769,3,9.325929622670184,2,3,3
amazon-toys-and-games,valid,73048,16,4.910202191274556,9,10,16
amazon-toys-and-games,valid,73164,3,3.168668590009013,3,3,3
amazon-toys-and-games,valid,73370,6,3.5562456207301034,5,5,6
amazon-toys-and-games,valid,73734,14,6.3756422059573445,8,12,13
amazon-toys-and-games,valid,73929,13,9.264434696536004,8,9,10
amazon-toys-and-games,valid,74591,5,5.140839723164685,2,3,4
amazon-toys-and-games,valid,74861,5,6.747567799588546,4,4,4
amazon-toys-and-games,valid,74918,2,1.617872094930144,2,2,2
amazon-toys-and-games,valid,75615,3,1.0298469280143054,2,3,3
amazon-toys-and-games,valid,75843,5,27.14135819962811,5,5,5
amazon-toys-and-games,valid,75941,3,11.229079003530991,3,3,3
amazon-toys-and-games,valid,76318,9,3.0847371293340737,5,8,9
amazon-toys-and-games,valid,76339,6,2.990322299718228,4,6,6
amazon-toys-and-games,valid,76668,4,0.269827851014985,2,2,2
amazon-toys-and-games,valid,76917,5,5.614760350729911,3,3,5
amazon-toys-and-games,valid,76987,8,8.678746784582644,7,8,8
amazon-toys-and-games,valid,77710,5,1.88547311546486,1,3,3
amazon-toys-and-games,valid,77743,9,6.423515835825738,5,9,9
amazon-toys-and-games,valid,78585,3,0.5888728930094915,2,2,2
amazon-toys-and-games,valid,78710,10,3.4785022316686667,6,7,10
amazon-toys-and-games,valid,78933,4,2.651505077470743,2,4,4
amazon-toys-and-games,valid,78998,39,38.98990514056322,20,32,36
amazon-toys-and-games,valid,79124,4,0.6848169688909695,3,3,3
amazon-toys-and-games,valid,79657,4,3.210682006520357,4,4,4
amazon-toys-and-games,valid,80111,7,2.816226782794095,5,6,6
amazon-toys-and-games,valid,80202,4,1.0765304273522327,2,2,2
amazon-toys-and-games,valid,80243,2,0.7258218923935557,2,2,2
amazon-toys-and-games,valid,80689,34,30.658976122191962,28,31,33
amazon-toys-and-games,valid,80985,4,0.7583692871694911,3,3,3
amazon-toys-and-games,valid,81171,2,1.6715888622047292,1,1,1
amazon-toys-and-games,valid,81484,2,0.3218522018268611,2,2,2
amazon-toys-and-games,valid,82613,19,3.3357355190719082,5,7,13
amazon-toys-and-games,valid,83624,6,30.796828755597666,5,6,6
amazon-toys-and-games,valid,83942,5,4.1016194895036975,4,4,4
amazon-toys-and-games,valid,83947,4,1.3415372947304691,4,4,4
amazon-toys-and-games,valid,84278,4,2.112515464012718,3,3,3
amazon-toys-and-games,valid,84384,8,1.363302048715664,2,6,6
amazon-toys-and-games,valid,84739,3,8.076672790186969,3,3,3
amazon-toys-and-games,valid,84804,3,2.197197697327,1,1,1
amazon-toys-and-games,valid,85579,9,1.7327459374889915,7,9,9
amazon-toys-and-games,valid,85585,4,0.47123097557247284,4,4,4
amazon-toys-and-games,valid,86071,4,1.11136764389382,1,4,4
amazon-toys-and-games,valid,86587,20,39.54440578884853,11,15,17
amazon-toys-and-games,valid,87057,27,15.002260160206571,16,24,25
amazon-toys-and-games,valid,87192,5,0.9389577130520537,4,4,4
amazon-toys-and-games,valid,87248,3,0.40155591004667357,2,2,2
amazon-toys-and-games,valid,87302,3,0.3092070175074665,1,1,1
amazon-toys-and-games,valid,87602,27,27.063536767146832,14,23,27
amazon-toys-and-games,valid,87716,5,1.4186010609478001,2,4,4
amazon-toys-and-games,valid,88020,5,0.22700946153139284,5,5,5
amazon-toys-and-games,valid,88261,2,0.31756613816177137,2,2,2
amazon-toys-and-games,valid,88544,13,23.102891015399916,11,13,13
amazon-toys-and-games,valid,88636,10,2.2619077720304905,8,8,8
amazon-toys-and-games,valid,88913,3,0.5461268549621228,3,3,3
amazon-toys-and-games,valid,89466,9,10.64632967298732,6,9,9
amazon-toys-and-games,valid,89804,2,6.906469767882806,1,2,2
amazon-toys-and-games,valid,89935,8,2.198889165125773,3,3,3
amazon-toys-and-games,valid,89947,6,7.647684681309948,2,5,5
amazon-toys-and-games,valid,90041,3,2.1871022054475953,2,2,2
amazon-toys-and-games,valid,90230,3,0.6731227253015186,1,2,2
amazon-toys-and-games,valid,90425,5,3.572682298582361,4,5,5
amazon-toys-and-games,valid,91815,2,1.888234612939738,2,2,2
amazon-toys-and-games,valid,92712,1,1.552927700234339,1,1,1
amazon-toys-and-games,valid,93420,5,2.69141309248569,3,4,4
amazon-toys-and-games,valid,93563,3,1.9423856153201893,2,3,3
amazon-toys-and-games,valid,93729,4,2.960079399376829,2,2,2
amazon-toys-and-games,valid,94053,5,1.2595960045057741,3,3,4
amazon-toys-and-games,valid,94100,3,2.9142123834669125,2,3,3
amazon-toys-and-games,valid,94151,3,3.991394100233681,2,2,2
amazon-toys-and-games,valid,94231,4,20.02030545587381,3,4,4
amazon-toys-and-games,valid,95063,7,29.062581019852942,7,7,7
amazon-toys-and-games,valid,95325,3,1.1273115224531995,1,1,1
amazon-toys-and-games,valid,95334,6,27.969986802819758,3,6,6
amazon-toys-and-games,valid,95419,8,6.7224944852584265,5,7,8
amazon-toys-and-games,valid,95956,4,18.964335864727097,3,3,4
amazon-toys-and-games,valid,95958,5,3.191175452169597,5,5,5
amazon-toys-and-games,valid,96145,49,13.692606321985014,38,44,45
amazon-toys-and-games,valid,96934,5,1.4125914646428839,5,5,5
amazon-toys-and-games,valid,97625,7,4.399000968332902,6,7,7
amazon-toys-and-games,valid,97833,10,23.858292375821947,7,9,10
amazon-toys-and-games,valid,97908,5,2.919570690357293,3,5,5
amazon-toys-and-games,valid,97930,1,0.4836906012258888,1,1,1
amazon-toys-and-games,valid,98001,3,4.553971040831698,1,3,3
amazon-toys-and-games,valid,98184,3,1.4040921947030278,2,2,2
amazon-toys-and-games,valid,99275,3,0.8831137882547943,2,2,2
amazon-toys-and-games,valid,99294,3,12.14646536355237,3,3,3
amazon-toys-and-games,valid,100100,5,11.477598850624073,2,5,5
amazon-toys-and-games,valid,100632,5,1.9672150597743658,3,3,3
amazon-toys-and-games,valid,100736,3,0.7791197296737842,1,3,3
amazon-toys-and-games,valid,101036,6,0.9940965908117089,5,6,6
amazon-toys-and-games,valid,101408,6,3.445929159722183,2,6,6
amazon-toys-and-games,valid,101460,4,20.929506111008482,3,4,4
amazon-toys-and-games,valid,101789,8,5.178301576597245,6,7,7
amazon-toys-and-games,valid,102060,9,6.826813366371293,6,8,8
amazon-toys-and-games,valid,102450,9,1.0305599438289759,6,7,7
amazon-toys-and-games,valid,102571,5,4.939818846929342,3,4,4
amazon-toys-and-games,valid,102776,3,1.7906447948612265,2,2,2
amazon-toys-and-games,valid,102792,3,2.289116592125925,3,3,3
amazon-toys-and-games,valid,102936,3,3.6380920445611484,1,3,3
amazon-toys-and-games,valid,103104,10,5.315669632464191,6,9,10
amazon-toys-and-games,valid,103356,4,2.1603185132842366,1,2,2
amazon-toys-and-games,valid,103899,4,12.117363769170838,2,4,4
amazon-toys-and-games,valid,104586,1,1.4456578418363453,1,1,1
amazon-toys-and-games,valid,104973,3,2.7951408927218564,1,2,3
amazon-toys-and-games,valid,104986,3,4.764725082566965,3,3,3
amazon-toys-and-games,valid,105004,3,3.4792358651128894,1,3,3
amazon-toys-and-games,valid,105156,16,6.2428866806381675,9,10,11
amazon-toys-and-games,valid,105228,3,1.088403905181419,3,3,3
amazon-toys-and-games,valid,106204,3,10.76659053533169,2,2,2
amazon-toys-and-games,valid,106226,3,0.900953729801917,2,2,2
amazon-toys-and-games,valid,106359,11,10.46297797879053,8,10,10
amazon-toys-and-games,valid,106699,9,3.833419798780789,5,6,7
amazon-toys-and-games,valid,106721,12,23.302423248186106,9,12,12
amazon-toys-and-games,valid,106878,4,3.335343025179249,3,3,4
amazon-toys-and-games,valid,106965,2,0.12620683492128082,2,2,2
amazon-toys-and-games,valid,107540,2,0.7730454977326615,1,1,1
amazon-toys-and-games,valid,107612,3,12.160622591698013,3,3,3
amazon-toys-and-games,valid,108177,2,1.7430546257770585,1,2,2
amazon-toys-and-games,valid,108536,3,9.991332626810596,2,3,3
amazon-toys-and-games,valid,108674,8,20.12104091707722,5,8,8
amazon-toys-and-games,valid,108829,3,1.3465520587873128,1,3,3
amazon-toys-and-games,valid,109207,8,2.8838268040694643,8,8,8
amazon-toys-and-games,valid,109277,2,2.5743811027155754,2,2,2
amazon-toys-and-games,valid,109540,3,1.7951891480940931,2,2,3
amazon-toys-and-games,valid,109688,2,2.3180704479104124,1,1,1
amazon-toys-and-games,valid,110046,6,2.4642954832655364,3,5,5
amazon-toys-and-games,valid,110703,3,7.0080762290684415,3,3,3
amazon-toys-and-games,valid,110713,5,1.99471214721797,4,4,4
amazon-toys-and-games,valid,111598,3,14.267009939658017,2,3,3
amazon-toys-and-games,valid,111692,7,2.3614471577427647,3,7,7
amazon-toys-and-games,valid,111758,4,2.9711995115519123,3,4,4
amazon-toys-and-games,valid,112069,18,4.526355433640294,9,13,13
amazon-toys-and-games,valid,112139,13,4.524553225138,10,11,13
amazon-toys-and-games,valid,112217,5,5.3134355921380045,2,3,3
amazon-toys-and-games,valid,112304,5,0.3612729830440235,4,4,4
amazon-toys-and-games,valid,112436,7,0.3553171443621756,4,4,4
amazon-toys-and-games,valid,112577,3,2.0598507017994447,3,3,3
amazon-toys-and-games,valid,113065,11,3.5220217470455912,11,11,11
amazon-toys-and-games,valid,113221,4,3.042212699182271,1,2,3
amazon-toys-and-games,valid,114228,27,26.042174309914977,14,24,25
amazon-toys-and-games,valid,115053,9,2.732806588736665,4,8,8
amazon-toys-and-games,valid,115325,4,1.7903008725621155,1,3,4
amazon-toys-and-games,valid,115688,7,3.023048928733898,6,7,7
amazon-toys-and-games,valid,116082,6,2.589108035177218,6,6,6
amazon-toys-and-games,valid,116607,12,0.6210456287747732,7,8,8
amazon-toys-and-games,valid,116779,6,1.1095426674570512,5,5,5
amazon-toys-and-games,valid,116979,3,0.5636768848102524,2,2,2
amazon-toys-and-games,valid,117845,12,60.93804218910907,10,12,12
amazon-toys-and-games,valid,119178,3,0.12188750477415133,1,1,1
amazon-toys-and-games,valid,119202,6,1.4964897853243078,5,6,6
amazon-toys-and-games,valid,119311,4,33.261145488935384,2,4,4
amazon-toys-and-games,valid,119345,17,3.9712977298914716,13,13,13
amazon-toys-and-games,valid,119534,7,2.0214910328173845,6,7,7
amazon-toys-and-games,valid,120346,6,2.2266695868650777,1,1,3
amazon-toys-and-games,valid,120593,4,0.7661006452748851,3,3,3
amazon-toys-and-games,valid,120814,5,0.7603354248000107,4,5,5
amazon-toys-and-games,valid,121435,3,2.2295229150090083,3,3,3
amazon-toys-and-games,valid,121564,10,7.54064945912558,8,10,10
amazon-toys-and-games,valid,122166,8,5.257106204382309,7,8,8
amazon-toys-and-games,valid,122232,19,1.097985790405605,19,19,19
amazon-toys-and-games,valid,122669,4,0.9050055367189547,1,4,4
amazon-toys-and-games,valid,122700,5,25.512661596205497,5,5,5
amazon-toys-and-games,valid,122745,2,0.883529682524554,1,2,2
amazon-toys-and-games,valid,122811,7,3.1424368937681697,4,7,7
amazon-toys-and-games,valid,123925,11,14.538843519211804,9,10,10
amazon-toys-and-games,valid,124074,4,0.19172422263472938,2,2,2
amazon-toys-and-games,valid,124466,3,4.425384450803585,2,3,3
amazon-toys-and-games,valid,124985,6,2.1340645550630164,5,5,5
amazon-toys-and-games,valid,125448,5,0.6577154110646216,5,5,5
amazon-toys-and-games,valid,125647,6,2.802842020069808,4,4,5
amazon-toys-and-games,valid,125755,8,36.87587080234391,4,6,6
amazon-toys-and-games,valid,126852,4,7.583298986428477,1,4,4
amazon-toys-and-games,valid,126976,3,0.898255603077997,3,3,3
amazon-toys-and-games,valid,127494,9,6.828905233595529,3,4,8
amazon-toys-and-games,valid,127534,2,0.12512649643039897,2,2,2
amazon-toys-and-games,valid,127933,12,8.56564087213585,9,11,12
amazon-toys-and-games,valid,127959,10,5.520607605337588,7,9,9
amazon-toys-and-games,valid,128003,3,5.068148918229026,1,1,2
amazon-toys-and-games,valid,128008,4,0.5436135279730322,1,1,1
amazon-toys-and-games,valid,128300,4,2.116753588526884,3,4,4
amazon-toys-and-games,valid,129390,5,3.616361063012093,2,4,4
amazon-toys-and-games,valid,129596,24,23.311388122385996,17,17,21
amazon-toys-and-games,valid,129772,4,2.210273132363727,2,2,4
amazon-toys-and-games,valid,129829,3,1.1326247994287273,2,2,2
amazon-toys-and-games,valid,129956,3,1.9324023820066025,2,3,3
amazon-toys-and-games,valid,130060,3,2.4614821254954635,1,1,1
amazon-toys-and-games,valid,130468,4,0.274767733865108,1,1,1
amazon-toys-and-games,valid,130882,7,3.5885773525711424,3,4,6
amazon-toys-and-games,valid,131359,30,14.807404461161731,25,27,28
amazon-toys-and-games,valid,131708,5,2.489365255916959,3,5,5
amazon-toys-and-games,valid,131966,3,3.0061766244020016,2,3,3
amazon-toys-and-games,valid,132001,6,3.5773625004909335,2,6,6
amazon-toys-and-games,valid,132174,4,0.294917355876287,3,3,3
amazon-toys-and-games,valid,132282,4,13.441140051193699,3,4,4
amazon-toys-and-games,valid,132351,2,2.4080978965527513,1,2,2
amazon-toys-and-games,valid,132719,7,1.225988003448836,3,7,7
amazon-toys-and-games,valid,132947,3,0.3952648767739304,1,1,1
amazon-toys-and-games,valid,133271,3,1.9960020771945552,2,3,3
amazon-toys-and-games,valid,133402,1,0.9662130809246388,1,1,1
amazon-toys-and-games,valid,133723,3,1.0278487887869945,1,1,2
amazon-toys-and-games,valid,133896,3,1.9053944256886557,3,3,3
amazon-toys-and-games,valid,134444,3,11.444421669482828,2,2,3
amazon-toys-and-games,valid,134485,4,5.510946411808311,2,2,3
amazon-toys-and-games,valid,134987,4,0.795182001492438,3,3,3
amazon-toys-and-games,valid,135199,3,1.186702944418855,2,2,2
amazon-toys-and-games,valid,135360,6,5.084813907868668,3,6,6
amazon-toys-and-games,valid,135487,3,0.7725023560068862,3,3,3
amazon-toys-and-games,valid,135713,3,1.3442436432085056,3,3,3
amazon-toys-and-games,valid,135751,10,6.319654843172886,4,6,9
amazon-toys-and-games,valid,135821,5,6.855788219250909,3,5,5
amazon-toys-and-games,valid,136250,8,5.019037598144818,6,8,8
amazon-toys-and-games,valid,136756,12,9.039132324136204,9,10,10
amazon-toys-and-games,valid,138282,6,7.163201502987248,4,6,6
amazon-toys-and-games,valid,138304,11,9.828746806718133,7,9,9
amazon-toys-and-games,valid,138680,11,4.949419578943734,8,10,11
amazon-toys-and-games,valid,138915,1,0.34997730479642586,1,1,1
amazon-toys-and-games,valid,139076,3,4.17718841433416,2,2,2
amazon-toys-and-games,valid,139302,3,3.0386775978893112,2,3,3
amazon-toys-and-games,valid,140952,5,1.5932025319713976,1,1,1
amazon-toys-and-games,valid,140953,3,4.351076996031612,2,3,3
amazon-toys-and-games,valid,141560,4,9.281678118199858,2,3,4
amazon-toys-and-games,valid,141629,4,2.357762294036363,3,3,4
amazon-toys-and-games,valid,141698,2,7.267153567378003,2,2,2
amazon-toys-and-games,valid,142854,31,14.603897958924243,15,21,24
amazon-toys-and-games,valid,142891,5,5.511526614671872,2,4,5
amazon-toys-and-games,valid,142921,3,2.0153300297482035,2,2,2
amazon-toys-and-games,valid,142998,14,11.01791210325056,14,14,14
amazon-toys-and-games,valid,143292,6,6.493776163756092,2,6,6
amazon-toys-and-games,valid,143658,11,18.66126063143957,9,10,11
amazon-toys-and-games,valid,143695,8,0.934059950880711,2,4,8
amazon-toys-and-games,valid,144282,11,1.5715932323832633,3,5,5
amazon-toys-and-games,valid,144551,6,2.8329103662468915,2,6,6
amazon-toys-and-games,valid,144793,6,5.84582781711606,2,3,5
amazon-toys-and-games,valid,145628,4,4.660756827645029,4,4,4
amazon-toys-and-games,valid,146369,3,2.8559282420479355,2,2,3
amazon-toys-and-games,valid,146466,7,4.775890857099525,4,6,6
amazon-toys-and-games,valid,146735,35,12.611478163242422,24,30,31
amazon-toys-and-games,valid,147471,4,11.052630420578772,4,4,4
amazon-toys-and-games,valid,147857,13,3.8386232837167333,3,9,9
amazon-toys-and-games,valid,148343,3,2.460295663132219,3,3,3
amazon-toys-and-games,valid,148556,5,25.08923518776684,3,5,5
amazon-toys-and-games,valid,149181,6,5.516313066941332,4,5,5
amazon-toys-and-games,valid,149628,10,8.047982915953877,7,8,9
amazon-toys-and-games,valid,149727,3,1.8177554598613648,1,1,1
amazon-toys-and-games,valid,149760,3,0.6606264179758914,1,3,3
amazon-toys-and-games,valid,150174,40,14.702324625083268,19,25,37
amazon-toys-and-games,valid,150408,3,12.65407393292225,1,1,2
amazon-toys-and-games,valid,151320,5,11.678030163845014,3,4,4
amazon-toys-and-games,valid,151347,3,23.576092176235704,2,3,3
amazon-toys-and-games,valid,151394,3,1.997274551754709,3,3,3
amazon-toys-and-games,valid,151412,10,10.143396878427641,6,6,9
amazon-toys-and-games,valid,151684,3,2.45438346299145,1,3,3
amazon-toys-and-games,valid,153047,18,5.84691979255123,12,13,15
amazon-toys-and-games,valid,154018,6,5.584365411181624,3,4,4
amazon-toys-and-games,valid,154021,5,1.8462938008416674,2,5,5
amazon-toys-and-games,valid,154181,3,0.26587369323914406,3,3,3
amazon-toys-and-games,valid,154605,9,1.91257758252728,5,8,9
amazon-toys-and-games,valid,154755,6,5.349445610282151,5,6,6
amazon-toys-and-games,valid,155178,9,1.7582230031904833,3,4,4
amazon-toys-and-games,valid,155771,17,35.894170339946136,14,15,17
amazon-toys-and-games,valid,155951,2,3.5643497405182782,2,2,2
amazon-toys-and-games,valid,156014,10,1.8926361606280306,2,2,5
amazon-toys-and-games,valid,156067,9,2.257506856784822,8,9,9
amazon-toys-and-games,valid,156628,4,0.00473901907263552,3,3,3
amazon-toys-and-games,valid,156897,7,3.410446598726729,7,7,7
amazon-toys-and-games,valid,157072,3,9.50355720516268,2,3,3
amazon-toys-and-games,valid,157429,5,2.107946445517503,5,5,5
amazon-toys-and-games,valid,157766,5,7.3828227697812085,4,5,5
amazon-toys-and-games,valid,158229,3,1.8056138263594623,3,3,3
amazon-toys-and-games,valid,158286,2,0.9258001237184262,1,2,2
amazon-toys-and-games,valid,158328,3,14.402444238956807,2,3,3
amazon-toys-and-games,valid,158859,17,2.9597951796614552,5,8,12
amazon-toys-and-games,valid,158892,9,3.029208919894881,9,9,9
amazon-toys-and-games,valid,159365,7,3.5756793176905397,3,7,7
amazon-toys-and-games,valid,159956,6,0.3333336917174871,2,2,2
amazon-toys-and-games,valid,160236,1,0.17254350272402524,1,1,1
amazon-toys-and-games,valid,160408,3,0.3231759042395855,3,3,3
amazon-toys-and-games,valid,160447,7,2.6412094175007375,2,7,7
amazon-toys-and-games,valid,160603,3,3.59066795491013,2,2,3
amazon-toys-and-games,valid,160748,3,1.654436259301729,3,3,3
amazon-toys-and-games,valid,161040,6,19.309351151181552,5,6,6
amazon-toys-and-games,valid,161063,5,3.3699802633630225,4,4,4
amazon-toys-and-games,valid,161403,3,2.822968115215361,3,3,3
amazon-toys-and-games,valid,161581,12,19.98058907097404,11,12,12
amazon-toys-and-games,valid,161587,3,1.2209451589394722,2,3,3
amazon-toys-and-games,valid,161706,2,0.3260972832098943,1,1,1
amazon-toys-and-games,valid,161854,3,2.2909551028348547,3,3,3
amazon-toys-and-games,valid,162173,4,1.2507501560077843,1,3,3
amazon-toys-and-games,valid,162463,6,6.153785886928999,6,6,6
amazon-toys-and-games,valid,162657,4,1.8923738234274583,3,3,3
amazon-toys-and-games,valid,163312,3,0.6038210539011242,3,3,3
amazon-toys-and-games,valid,163410,3,8.769299919534324,2,3,3
amazon-toys-and-games,valid,163502,4,1.3095286145819387,4,4,4
amazon-toys-and-games,valid,163621,21,131.13769066484963,12,18,20
amazon-toys-and-games,valid,164421,3,0.6002475000966057,2,2,2
amazon-toys-and-games,valid,164459,15,11.020004096963321,7,8,11
amazon-toys-and-games,valid,164481,7,17.153265702870485,6,7,7
amazon-toys-and-games,valid,164613,3,1.6979064441539564,3,3,3
amazon-toys-and-games,valid,164812,6,0.7264640746343012,3,4,4
amazon-toys-and-games,valid,165249,4,14.931788849416739,4,4,4
amazon-toys-and-games,valid,165378,3,0.700256790678757,3,3,3
amazon-toys-and-games,valid,165812,3,6.393725258449259,3,3,3
amazon-toys-and-games,valid,166385,4,1.4836334916569118,2,2,2
amazon-toys-and-games,valid,167027,4,1.2670608512892754,1,1,2
amazon-toys-and-games,valid,167507,19,3.5962930260994526,6,12,14
amazon-toys-and-games,valid,167583,3,11.83456768214395,3,3,3
amazon-toys-and-games,valid,167645,10,0.9503881015786337,2,2,4
amazon-toys-and-games,valid,168165,3,2.2135928236988396,2,2,3
amazon-toys-and-games,valid,168456,3,0.9225878211409252,2,2,2
amazon-toys-and-games,valid,169315,3,2.414926759033225,3,3,3
amazon-toys-and-games,valid,169907,4,3.646278887844586,2,3,3
amazon-toys-and-games,valid,170677,3,3.931405778919182,3,3,3
amazon-toys-and-games,valid,170815,4,1.3812860606926094,3,4,4
amazon-toys-and-games,valid,170861,3,0.5980124478622206,2,2,3
amazon-toys-and-games,valid,171168,19,16.51309614753267,13,17,17
amazon-toys-and-games,valid,171248,4,1.166047874262311,4,4,4
amazon-toys-and-games,valid,172765,5,2.188314977424012,5,5,5
amazon-toys-and-games,valid,172806,15,19.86292558724353,9,13,15
amazon-toys-and-games,valid,172822,7,12.021364923758092,4,6,6
amazon-toys-and-games,valid,173935,24,20.136132515956053,23,24,24
amazon-toys-and-games,valid,174137,4,16.47480996838356,2,4,4
amazon-toys-and-games,valid,174495,8,2.217779720360434,8,8,8
amazon-toys-and-games,valid,174981,12,1.6531360837546294,8,10,12
amazon-toys-and-games,valid,175162,3,7.5302423627651685,2,2,2
amazon-toys-and-games,valid,175667,2,2.5105030062843925,1,1,1
amazon-toys-and-games,valid,175903,3,0.250304094224844,1,1,1
amazon-toys-and-games,valid,175938,3,0.511217034007262,2,2,2
amazon-toys-and-games,valid,175939,14,8.457034030030021,4,10,12
amazon-toys-and-games,valid,175940,9,4.893602469713745,5,6,7
amazon-toys-and-games,valid,176187,6,4.535834989647863,2,3,4
amazon-toys-and-games,valid,177028,3,1.1687258893107773,1,3,3
amazon-toys-and-games,valid,177767,4,2.916030023569239,4,4,4
amazon-toys-and-games,valid,177898,4,1.9539365474109665,4,4,4
amazon-toys-and-games,valid,178015,7,0.9616606324261808,4,4,4
amazon-toys-and-games,valid,178261,22,12.816191745472707,13,17,17
amazon-toys-and-games,valid,178511,6,0.3541056372710075,6,6,6
amazon-toys-and-games,valid,179273,3,8.151873000967447,3,3,3
amazon-toys-and-games,valid,179416,10,7.02083639145694,6,8,10
amazon-toys-and-games,valid,179581,4,1.9643895591059057,4,4,4
amazon-toys-and-games,valid,179608,2,1.2233987833448259,1,1,2
amazon-toys-and-games,valid,179715,7,12.25626423351654,5,7,7
amazon-toys-and-games,valid,179748,3,0.8878949280062101,3,3,3
amazon-toys-and-games,valid,180658,7,1.7422778597458555,5,5,5
amazon-toys-and-games,valid,180661,7,2.1551949690960077,6,6,7
amazon-toys-and-games,valid,180710,6,0.32765663374444426,5,5,5
amazon-toys-and-games,valid,180737,3,0.025111766841678318,1,1,1
amazon-toys-and-games,valid,181082,8,2.7155874528695856,3,4,6
amazon-toys-and-games,valid,181283,4,0.24615387923546034,2,2,2
amazon-toys-and-games,valid,181322,3,1.6585938106255547,1,1,1
amazon-toys-and-games,valid,181425,4,2.5221642363688535,2,2,3
amazon-toys-and-games,valid,181743,11,5.200115408130088,6,7,9
amazon-toys-and-games,valid,181814,5,3.638285066050094,1,5,5
amazon-toys-and-games,valid,182656,7,6.36475888030081,4,6,7
amazon-toys-and-games,valid,182792,6,1.2839081108932486,2,5,5
amazon-toys-and-games,valid,182855,7,2.480702056848876,6,7,7
amazon-toys-and-games,valid,183025,2,0.5527939386192929,1,1,1
amazon-toys-and-games,valid,183198,4,1.0538970766667821,4,4,4
amazon-toys-and-games,valid,183476,4,1.4345445600416045,4,4,4
amazon-toys-and-games,valid,183695,6,6.82935287648503,3,5,5
amazon-toys-and-games,valid,183708,6,2.8579143648653837,5,6,6
amazon-toys-and-games,valid,183725,1,0.8340510397641343,1,1,1
amazon-toys-and-games,valid,183734,3,9.239435251504407,2,3,3
amazon-toys-and-games,valid,184223,3,0.7731249325262776,3,3,3
amazon-toys-and-games,valid,184717,56,34.03573870025831,26,48,53
amazon-toys-and-games,valid,184876,3,4.793987570352127,3,3,3
amazon-toys-and-games,valid,185204,3,2.747118259371171,3,3,3
amazon-toys-and-games,valid,185253,5,17.208862975044255,2,2,3
amazon-toys-and-games,valid,185255,4,3.2453958967501997,2,2,2
amazon-toys-and-games,valid,185258,10,1.8470715155368067,6,7,7
amazon-toys-and-games,valid,185322,12,4.281507801401126,10,11,11
amazon-toys-and-games,valid,185408,5,3.7545593895562606,2,5,5
amazon-toys-and-games,valid,185502,4,1.672882713325585,4,4,4
amazon-toys-and-games,valid,186022,7,3.6093667535410936,4,4,5
amazon-toys-and-games,valid,186487,15,5.045755263298197,9,13,15
amazon-toys-and-games,valid,186896,5,0.1121525684348772,4,4,4
amazon-toys-and-games,valid,187213,5,4.90603578575399,2,3,4
amazon-toys-and-games,valid,187295,5,5.323424643923735,5,5,5
amazon-toys-and-games,valid,188438,3,5.32581590948633,2,3,3
amazon-toys-and-games,valid,188470,4,7.106187179869401,1,2,4
amazon-toys-and-games,valid,188855,7,12.777825246110305,7,7,7
amazon-toys-and-games,valid,189467,4,3.7523885934925065,2,2,2
amazon-toys-and-games,valid,189873,27,26.992303110017634,19,22,22
amazon-toys-and-games,valid,189956,17,2.2593010965100486,5,10,15
amazon-toys-and-games,valid,190267,4,2.844354794999732,4,4,4
amazon-toys-and-games,valid,190284,19,7.337934016122606,9,14,17
amazon-toys-and-games,valid,191299,4,2.662221185297404,2,3,3
amazon-toys-and-games,valid,191526,6,36.539732860030135,5,6,6
amazon-toys-and-games,valid,191619,6,3.022809612444852,4,5,5
amazon-toys-and-games,valid,191651,3,2.629962816800788,2,2,2
amazon-toys-and-games,valid,191687,6,2.2869750149114156,3,3,4
amazon-toys-and-games,valid,191722,3,12.348311956878039,3,3,3
amazon-toys-and-games,valid,191826,5,9.400766684895771,3,4,5
amazon-toys-and-games,valid,192053,6,6.7767600862424064,4,6,6
amazon-toys-and-games,valid,192703,4,1.0395966635109888,1,2,2
amazon-toys-and-games,valid,192785,6,0.4963647514174778,5,5,5
amazon-toys-and-games,valid,192797,3,10.49021892697128,1,2,3
amazon-toys-and-games,valid,193303,4,0.10293244039180827,2,2,2
amazon-toys-and-games,valid,193546,3,0.2229248940864148,2,2,2
amazon-toys-and-games,valid,194045,3,8.504319994211885,1,1,1
amazon-toys-and-games,valid,195716,15,9.725777052211491,10,14,15
amazon-toys-and-games,valid,195760,7,3.0407702240446968,4,5,5
amazon-toys-and-games,valid,195861,4,4.39414950096166,3,4,4
amazon-toys-and-games,valid,195915,4,1.2072578356637051,2,2,2
amazon-toys-and-games,valid,195975,3,0.0784178258760232,3,3,3
amazon-toys-and-games,valid,196266,3,0.39113110529277956,1,1,1
amazon-toys-and-games,valid,196359,3,5.05555306443433,3,3,3
amazon-toys-and-games,valid,196449,9,4.063400602249814,8,9,9
amazon-toys-and-games,valid,197169,5,11.741509947911393,2,4,5
amazon-toys-and-games,valid,197234,6,6.055381988704449,4,6,6
amazon-toys-and-games,valid,197427,7,4.298059330833963,3,4,5
amazon-toys-and-games,valid,197599,2,0.10941927790104439,1,1,1
amazon-toys-and-games,valid,198655,4,3.2950523823765816,2,3,3
amazon-toys-and-games,valid,198766,5,1.067552271857233,2,2,4
amazon-toys-and-games,valid,200150,5,2.471501534527161,4,5,5
amazon-toys-and-games,valid,200203,7,4.6381105751300415,5,6,6
amazon-toys-and-games,valid,200244,14,13.743928914460934,10,12,14
amazon-toys-and-games,valid,200272,5,3.1167007795677524,5,5,5
amazon-toys-and-games,valid,200434,4,28.061285840602576,4,4,4
amazon-toys-and-games,valid,200505,2,1.0834542827148814,1,1,1
amazon-toys-and-games,valid,200636,9,3.8342991470056593,6,6,9
amazon-toys-and-games,valid,200669,10,6.929078326817383,7,10,10
amazon-toys-and-games,valid,201654,4,1.2668916096430045,3,3,4
amazon-toys-and-games,valid,201746,3,1.6603415025736303,3,3,3
amazon-toys-and-games,valid,201785,12,14.027314058548122,8,12,12
amazon-toys-and-games,valid,202140,10,1.163681526939115,3,4,4
amazon-toys-and-games,valid,202209,7,1.2264679009121782,6,6,6
amazon-toys-and-games,valid,202452,3,4.37669927055965,3,3,3
amazon-toys-and-games,valid,202798,6,1.3794736066198023,6,6,6
amazon-toys-and-games,valid,203080,3,6.479612990649779,1,3,3
amazon-toys-and-games,valid,203105,7,7.334300759734352,6,6,6
amazon-toys-and-games,valid,203375,23,20.705752084641567,12,20,22
amazon-toys-and-games,valid,203952,6,5.997224715275912,4,5,6
amazon-toys-and-games,valid,204096,12,2.3728574345938904,2,3,9
amazon-toys-and-games,valid,204560,8,2.4500839915427246,3,6,6
amazon-toys-and-games,valid,204639,3,3.0462830999124635,3,3,3
amazon-toys-and-games,valid,205766,11,2.92906656338457,5,6,10
amazon-toys-and-games,valid,205916,3,0.46377700680211015,2,2,2
amazon-toys-and-games,valid,205919,4,7.507939653083717,3,3,4
amazon-toys-and-games,valid,206034,3,2.610102853511552,2,3,3
amazon-toys-and-games,valid,206065,3,1.332593544114233,2,2,2
amazon-toys-and-games,valid,206302,4,5.814140670797739,3,4,4
amazon-toys-and-games,valid,206735,3,2.280103652286587,2,2,2
amazon-toys-and-games,valid,206770,5,3.7658011836922647,3,4,4
amazon-toys-and-games,valid,207360,3,0.7430686027590563,3,3,3
amazon-toys-and-games,valid,207924,4,1.3730630416910607,2,4,4
amazon-toys-and-games,valid,208069,3,0.3596438108437473,3,3,3
amazon-toys-and-games,valid,208416,3,1.257477321714266,2,3,3
amazon-toys-and-games,valid,209043,5,1.5745590088258001,4,4,5
amazon-toys-and-games,valid,209268,3,1.8074180586781532,1,2,3
amazon-toys-and-games,valid,209680,4,1.2719119391949423,2,2,2
amazon-toys-and-games,valid,210308,4,1.165937196803053,3,3,4
amazon-toys-and-games,valid,210832,3,0.3118825027854355,2,2,2
amazon-toys-and-games,valid,210925,7,0.7292205125681843,5,6,6
amazon-toys-and-games,valid,211131,13,11.981600852684444,9,13,13
amazon-toys-and-games,valid,211458,5,2.6982807869432976,4,5,5
amazon-toys-and-games,valid,211662,9,23.15919510545064,7,8,9
amazon-toys-and-games,valid,212008,3,0.2798315754695997,1,1,1
amazon-toys-and-games,valid,212049,2,5.544860262118375,1,2,2
amazon-toys-and-games,valid,212092,3,1.3856754654825147,1,3,3
amazon-toys-and-games,valid,212651,4,1.0135906227985068,4,4,4
amazon-toys-and-games,valid,213161,5,8.494940996581583,3,4,5
amazon-toys-and-games,valid,213290,7,0.11678786691712234,5,5,5
amazon-toys-and-games,valid,214325,7,6.809207555083697,3,5,6
amazon-toys-and-games,valid,214803,6,1.9259785357827501,4,5,5
amazon-toys-and-games,valid,214910,9,8.112756930606688,4,8,9
amazon-toys-and-games,valid,215237,4,2.607390939538422,1,1,2
amazon-toys-and-games,valid,215636,3,7.707827571601834,3,3,3
amazon-toys-and-games,valid,215670,5,2.364249637499699,4,5,5
amazon-toys-and-games,valid,215919,6,3.997629605044008,2,2,2
amazon-toys-and-games,valid,216248,6,5.776574843797739,3,6,6
amazon-toys-and-games,valid,216471,5,0.7230777238465844,4,4,5
amazon-toys-and-games,valid,216750,6,1.4496667691434535,5,6,6
amazon-toys-and-games,valid,216758,9,2.7245868584367625,4,4,4
amazon-toys-and-games,valid,216923,4,2.6283963829088455,3,4,4
amazon-toys-and-games,valid,217043,3,2.8972027125970117,1,2,3
amazon-toys-and-games,valid,218085,3,15.460775181129986,3,3,3
amazon-toys-and-games,valid,218109,5,3.0263173922164404,3,5,5
amazon-toys-and-games,valid,218606,5,4.884773317701038,2,3,4
amazon-toys-and-games,valid,218773,2,2.0374465483210518,2,2,2
amazon-toys-and-games,valid,218861,3,1.8140871661517213,3,3,3
amazon-toys-and-games,valid,219558,6,6.490902850425233,6,6,6
amazon-toys-and-games,valid,219786,4,0.5235514360210607,2,3,3
amazon-toys-and-games,valid,221060,4,2.022411110347261,3,3,3
amazon-toys-and-games,valid,221313,4,1.641810174749589,2,4,4
amazon-toys-and-games,valid,221508,4,1.2655178177744333,4,4,4
amazon-toys-and-games,valid,221954,3,3.2995212219601027,1,3,3
amazon-toys-and-games,valid,222383,7,1.7114144067014634,5,5,7
amazon-toys-and-games,valid,222495,4,1.9456287810977573,1,4,4
amazon-toys-and-games,valid,223007,7,7.925042394210215,6,7,7
amazon-toys-and-games,valid,223452,3,14.692339367953286,3,3,3
amazon-toys-and-games,valid,224537,2,0.11027775551931107,1,1,1
amazon-toys-and-games,valid,224639,4,18.034243352917343,4,4,4
amazon-toys-and-games,valid,225010,12,4.348321064051828,5,7,8
amazon-toys-and-games,valid,225305,3,2.8520913391346454,2,3,3
amazon-toys-and-games,valid,225870,3,1.361418634580407,2,2,2
amazon-toys-and-games,valid,225912,4,3.239425005933893,3,4,4
amazon-toys-and-games,valid,226440,3,2.0577153225226543,2,2,3
amazon-toys-and-games,valid,226551,12,11.256256454472258,11,12,12
amazon-toys-and-games,valid,226556,3,2.7149281946779826,2,3,3
amazon-toys-and-games,valid,226704,4,3.6213315560852335,3,4,4
amazon-toys-and-games,valid,226898,9,3.182275972537065,7,7,7
amazon-toys-and-games,valid,227206,4,0.12966907882391732,2,2,2
amazon-toys-and-games,valid,227612,3,1.040997144458307,2,3,3
amazon-toys-and-games,valid,227616,4,0.6138627249131989,2,3,3
amazon-toys-and-games,valid,227720,4,22.85844839941737,4,4,4
amazon-toys-and-games,valid,227980,3,0.7744213134176308,2,2,2
amazon-toys-and-games,valid,228644,5,1.0337306316817958,2,4,4
amazon-toys-and-games,valid,229216,8,3.2773317195084073,8,8,8
amazon-toys-and-games,valid,229349,4,6.391332348535842,3,4,4
amazon-toys-and-games,valid,229602,4,1.4811700011466185,4,4,4
amazon-toys-and-games,valid,229809,5,3.6776748575786637,4,5,5
amazon-toys-and-games,valid,229832,3,0.816426002220759,2,2,2
amazon-toys-and-games,valid,230148,1,0.4197426831289795,1,1,1
amazon-toys-and-games,valid,230665,6,5.706873342170244,5,5,5
amazon-toys-and-games,valid,231870,17,16.964127538126643,16,17,17
amazon-toys-and-games,valid,231901,18,8.14611031026307,8,14,15
amazon-toys-and-games,valid,232127,9,18.516706256520877,7,9,9
amazon-toys-and-games,valid,232142,22,7.147237386263891,15,18,21
amazon-toys-and-games,valid,232708,7,16.279393672196512,5,6,7
amazon-toys-and-games,valid,232882,5,0.48153371889987107,3,3,3
amazon-toys-and-games,valid,233345,14,5.841829514845042,6,9,9
amazon-toys-and-games,valid,233491,4,5.0365848452454,1,1,1
amazon-toys-and-games,valid,233492,5,1.0112947295836612,5,5,5
amazon-toys-and-games,valid,233533,6,7.137225060589585,4,5,5
amazon-toys-and-games,valid,233612,2,5.206881658790753,2,2,2
amazon-toys-and-games,valid,233630,4,4.051376856053087,1,3,3
amazon-toys-and-games,valid,233889,5,2.6205371449048114,5,5,5
amazon-toys-and-games,valid,233891,5,0.778525486583963,4,4,4
amazon-toys-and-games,valid,233895,9,7.166854238608333,5,7,7
amazon-toys-and-games,valid,234004,5,5.679468591349791,2,3,4
amazon-toys-and-games,valid,234114,3,3.910686326103481,3,3,3
amazon-toys-and-games,valid,235240,3,2.4497862375551898,2,2,2
amazon-toys-and-games,valid,235355,2,3.1796265438952176,1,1,1
amazon-toys-and-games,valid,235670,7,1.3465486435971412,3,5,7
amazon-toys-and-games,valid,235775,5,1.211301926780726,2,2,2
amazon-toys-and-games,valid,235990,3,2.1388278599324257,3,3,3
amazon-toys-and-games,valid,236345,6,31.890057945025685,4,5,5
amazon-toys-and-games,valid,236413,10,2.390159167467708,6,9,10
amazon-toys-and-games,valid,236612,6,7.778732738031955,6,6,6
amazon-toys-and-games,valid,237146,8,1.5260291564904012,5,7,7
amazon-toys-and-games,valid,237377,3,5.094880876585716,1,1,1
amazon-toys-and-games,valid,237800,8,4.3327995306769775,5,8,8
amazon-toys-and-games,valid,238031,9,5.558046690835672,5,7,8
amazon-toys-and-games,valid,238275,4,3.806843421309686,4,4,4
amazon-toys-and-games,valid,238953,4,0.26855524996630664,2,4,4
amazon-toys-and-games,valid,238999,5,5.677277177656485,4,4,4
amazon-toys-and-games,valid,239270,13,5.778924747612703,8,9,11
amazon-toys-and-games,valid,239329,4,4.279100471795873,3,4,4
amazon-toys-and-games,valid,239395,7,4.7684134879520625,4,4,7
amazon-toys-and-games,valid,239750,9,19.721794687494604,6,7,7
amazon-toys-and-games,valid,239801,33,17.42676007675577,21,25,27
amazon-toys-and-games,valid,240463,32,8.267362210199769,24,30,32
amazon-toys-and-games,valid,241621,3,3.8679659652266607,1,3,3
amazon-toys-and-games,valid,242158,3,4.073576351098246,3,3,3
amazon-toys-and-games,valid,242484,5,8.976696196888495,2,2,2
amazon-toys-and-games,valid,242610,8,1.90745505024725,8,8,8
amazon-toys-and-games,valid,242935,4,0.7186014214400958,2,2,2
amazon-toys-and-games,valid,242978,4,0.905415359539521,3,3,3
amazon-toys-and-games,valid,243583,7,2.267287328993048,4,4,4
amazon-toys-and-games,valid,243671,3,4.497587642475884,2,3,3
amazon-toys-and-games,valid,243782,4,2.859319652376647,4,4,4
amazon-toys-and-games,valid,243859,10,3.1979375287089424,3,7,8
amazon-toys-and-games,valid,243965,16,11.011425392229848,12,15,15
amazon-toys-and-games,valid,244572,5,4.1649410364254695,3,4,5
amazon-toys-and-games,valid,244678,4,1.2374567179984506,3,4,4
amazon-toys-and-games,valid,244891,3,0.5108111323309665,1,1,1
amazon-toys-and-games,valid,245203,6,2.648986943917707,2,2,4
amazon-toys-and-games,valid,245309,3,1.0661495141164674,1,3,3
amazon-toys-and-games,valid,245539,3,0.7106180981931683,2,2,2
amazon-toys-and-games,valid,246217,5,2.9366365221322344,1,3,4
amazon-toys-and-games,valid,246299,9,0.44527818652895945,8,8,8
amazon-toys-and-games,valid,246780,18,21.439574376232905,11,16,16
amazon-toys-and-games,valid,246805,100,52.370958209393024,68,84,90
amazon-toys-and-games,valid,247254,7,2.419321729318225,5,7,7
amazon-toys-and-games,valid,247513,2,1.3878816783332304,2,2,2
amazon-toys-and-games,valid,248175,10,6.990001524819167,8,9,10
amazon-toys-and-games,valid,248260,7,19.431892222163686,2,5,6
amazon-toys-and-games,valid,248470,17,8.39311393940858,10,13,13
amazon-toys-and-games,valid,248547,54,14.246874104896047,32,42,46
amazon-toys-and-games,valid,248701,10,22.529846390438074,8,9,9
amazon-toys-and-games,valid,248758,3,2.3087829014835903,3,3,3
amazon-toys-and-games,valid,248906,6,16.124127237083954,5,6,6
amazon-toys-and-games,valid,248942,4,3.731340649977729,3,4,4
amazon-toys-and-games,valid,248948,3,0.05300881100090937,3,3,3
amazon-toys-and-games,valid,249119,4,3.2846785524982085,2,4,4
amazon-toys-and-games,valid,249218,6,2.628005406878484,3,5,6
amazon-toys-and-games,valid,249351,8,11.217180227996831,5,7,8
amazon-toys-and-games,valid,249572,6,3.6825643979958906,2,5,6
amazon-toys-and-games,valid,249687,8,9.64928046053966,5,6,7
amazon-toys-and-games,valid,249715,36,26.741405784611164,27,34,35
amazon-toys-and-games,valid,249790,3,1.3238640650591198,3,3,3
amazon-toys-and-games,valid,249922,11,4.804188996371107,6,11,11
amazon-toys-and-games,valid,250226,6,4.624971959075143,1,2,2
amazon-toys-and-games,valid,250429,8,10.253638711205891,6,6,6
amazon-toys-and-games,valid,250450,10,9.812077895934223,8,9,9
amazon-toys-and-games,valid,250642,6,9.913397481145463,4,5,6
amazon-toys-and-games,valid,251075,3,1.079437386630707,2,2,2
amazon-toys-and-games,valid,251100,1,1.6108381945508619,1,1,1
amazon-toys-and-games,valid,251362,4,0.4266485771210971,1,1,1
amazon-toys-and-games,valid,251532,3,0.8969377191374165,3,3,3
amazon-toys-and-games,valid,251719,11,1.0122069648249958,11,11,11
amazon-toys-and-games,valid,251927,3,5.7990624797025445,2,3,3
amazon-toys-and-games,valid,252159,3,8.694312588941196,3,3,3
amazon-toys-and-games,valid,252199,7,7.978152901985117,5,6,6
amazon-toys-and-games,valid,252389,17,11.517567706619479,5,14,16
amazon-toys-and-games,valid,252605,4,18.748579201833376,2,3,4
amazon-toys-and-games,valid,252984,9,5.721162750824374,5,9,9
amazon-toys-and-games,valid,253097,6,6.06871046403517,3,4,6
amazon-toys-and-games,valid,253270,10,5.135710613481363,2,7,7
amazon-toys-and-games,valid,253493,5,11.07657065070314,5,5,5
amazon-toys-and-games,valid,253928,3,1.131637430003622,1,3,3
amazon-toys-and-games,valid,254198,8,5.739959704550634,4,8,8
amazon-toys-and-games,valid,254257,15,5.9726264918451895,15,15,15
amazon-toys-and-games,valid,254310,6,3.013778584746458,4,5,6
amazon-toys-and-games,valid,254565,3,1.9309384038198014,3,3,3
amazon-toys-and-games,valid,254715,2,0.5714822387026932,2,2,2
amazon-toys-and-games,valid,254730,4,0.6801758519365804,2,2,2
amazon-toys-and-games,valid,255000,5,7.947793632200842,3,5,5
amazon-toys-and-games,valid,255658,2,0.9577883127259283,1,2,2
amazon-toys-and-games,valid,255962,3,1.2065546859539742,3,3,3
amazon-toys-and-games,valid,256120,12,2.9566209501299388,8,8,9
amazon-toys-and-games,valid,256129,4,0.5367834006073094,2,4,4
amazon-toys-and-games,valid,256147,5,1.822095787103622,1,2,2
amazon-toys-and-games,valid,256405,6,4.288692855567624,2,4,4
amazon-toys-and-games,valid,256445,5,0.21329443726868014,3,3,3
amazon-toys-and-games,valid,256930,4,2.086478560100169,4,4,4
amazon-toys-and-games,valid,257020,3,8.11678913180237,2,2,3
amazon-toys-and-games,valid,257062,4,5.081994225672352,4,4,4
amazon-toys-and-games,valid,257559,4,0.9544965753548115,4,4,4
amazon-toys-and-games,valid,257697,4,7.8664306475118355,2,4,4
amazon-toys-and-games,valid,258313,5,2.951034963894799,5,5,5
amazon-toys-and-games,valid,258407,10,5.1738183173218895,5,8,9
amazon-toys-and-games,valid,258537,10,30.84910102391828,10,10,10
amazon-toys-and-games,valid,258693,16,1.904951968828674,8,8,8
amazon-toys-and-games,valid,258790,5,8.908858756651952,5,5,5
amazon-toys-and-games,valid,259071,4,8.109199440844828,2,4,4
amazon-toys-and-games,valid,259770,2,1.10085872427089,1,1,1
amazon-toys-and-games,valid,260037,24,30.34655642264142,15,22,23
amazon-toys-and-games,valid,260689,6,1.3954082515168662,3,4,6
amazon-toys-and-games,valid,261283,4,0.4807529052358722,2,2,2
amazon-toys-and-games,valid,261903,3,1.538709125154134,2,3,3
amazon-toys-and-games,valid,262114,5,5.5686876644785634,5,5,5
amazon-toys-and-games,valid,262695,4,1.573178260088361,4,4,4
amazon-toys-and-games,valid,263689,2,1.5107312548275136,1,1,1
amazon-toys-and-games,valid,264039,4,13.65385276773652,2,4,4
amazon-toys-and-games,valid,264114,8,4.963213405557438,4,4,5
amazon-toys-and-games,valid,264257,4,5.585457007151219,4,4,4
amazon-toys-and-games,valid,264550,3,4.970994726630154,2,3,3
amazon-toys-and-games,valid,264923,6,2.6516396612612008,4,6,6
amazon-toys-and-games,valid,265081,3,0.41962972887627403,2,2,2
amazon-toys-and-games,valid,265419,4,20.339664948341138,2,4,4
amazon-toys-and-games,valid,265669,4,1.44808212090393,2,2,2
amazon-toys-and-games,valid,265930,6,2.1415342084104623,2,2,5
amazon-toys-and-games,valid,266613,3,0.37474856452916455,3,3,3
amazon-toys-and-games,valid,267095,8,3.2561379347244586,3,5,8
amazon-toys-and-games,valid,267119,4,2.6136657822799823,3,3,3
amazon-toys-and-games,valid,267476,6,0.3590581689736171,1,3,3
amazon-toys-and-games,valid,267769,22,43.827110551160466,7,16,22
amazon-toys-and-games,valid,267845,2,4.535614646637546,1,2,2
amazon-toys-and-games,valid,268530,5,4.308047497200018,4,4,4
amazon-toys-and-games,valid,268533,3,1.1184843942568898,2,3,3
amazon-toys-and-games,valid,268618,6,7.780212274307317,4,6,6
amazon-toys-and-games,valid,269172,7,6.961493667573357,5,7,7
amazon-toys-and-games,valid,269214,24,16.223519390153285,15,22,23
amazon-toys-and-games,valid,269507,13,5.536659505097203,8,12,12
amazon-toys-and-games,valid,270011,5,2.2044607316690774,2,4,4
amazon-toys-and-games,valid,270639,3,0.3584003021557882,3,3,3
amazon-toys-and-games,valid,270806,3,0.8088966462895761,3,3,3
amazon-toys-and-games,valid,271217,5,1.8841284159570082,1,3,5
amazon-toys-and-games,valid,271425,4,3.6966271392134606,3,4,4
amazon-toys-and-games,valid,271667,25,4.206331117486274,10,23,23
amazon-toys-and-games,valid,271786,6,11.885253657874218,6,6,6
amazon-toys-and-games,valid,272010,4,11.707442667020665,2,3,3
amazon-toys-and-games,valid,272024,5,48.14626412030931,3,5,5
amazon-toys-and-games,valid,272281,3,0.9595561163494578,3,3,3
amazon-toys-and-games,valid,272283,6,3.7251237389805567,2,2,2
amazon-toys-and-games,valid,272634,12,3.222760648736876,11,11,12
amazon-toys-and-games,valid,273158,7,2.9569207279338716,2,5,5
amazon-toys-and-games,valid,273211,19,20.906922217336252,11,13,14
amazon-toys-and-games,valid,273282,3,0.2845184812699903,3,3,3
amazon-toys-and-games,valid,273447,12,1.0529399379991198,4,4,8
amazon-toys-and-games,valid,273785,3,2.0364323633286743,3,3,3
amazon-toys-and-games,valid,274222,4,1.5596035115997249,4,4,4
amazon-toys-and-games,valid,274356,7,6.531256484513284,2,7,7
amazon-toys-and-games,valid,274400,3,0.1430964681810843,3,3,3
amazon-toys-and-games,valid,274492,2,3.247642712417398,2,2,2
amazon-toys-and-games,valid,274649,6,0.8693623352969201,3,5,5
amazon-toys-and-games,valid,275285,9,3.1338116412575463,5,5,7
amazon-toys-and-games,valid,276040,10,21.020252899891734,6,8,8
amazon-toys-and-games,valid,276431,4,2.9204750833100857,2,3,3
amazon-toys-and-games,valid,276709,3,10.233885251254593,1,1,1
amazon-toys-and-games,valid,276743,6,2.733359849544429,1,3,3
amazon-toys-and-games,valid,276807,5,0.5950088513507488,2,2,3
amazon-toys-and-games,valid,276853,6,7.045215789739642,6,6,6
amazon-toys-and-games,valid,276897,13,2.4908583264644797,12,13,13
amazon-toys-and-games,valid,277254,4,7.732084908458042,2,3,4
amazon-toys-and-games,valid,277612,3,1.545346484007961,1,1,1
amazon-toys-and-games,valid,278328,3,2.03261873430396,2,3,3
amazon-toys-and-games,valid,279029,9,1.5724046562702796,8,9,9
amazon-toys-and-games,valid,279158,3,0.36220925110508284,3,3,3
amazon-toys-and-games,valid,279227,10,4.71515245883257,7,9,9
amazon-toys-and-games,valid,279339,10,6.058012191090516,8,9,9
amazon-toys-and-games,valid,279375,27,9.355271292271912,16,22,22
amazon-toys-and-games,valid,279848,4,1.577688967373613,2,2,2
amazon-toys-and-games,valid,280243,2,1.699850952246724,1,2,2
amazon-toys-and-games,valid,280382,3,0.5525704333958545,3,3,3
amazon-toys-and-games,valid,280889,2,2.821465937494051,2,2,2
amazon-toys-and-games,valid,281181,3,5.729635711151058,3,3,3
amazon-toys-and-games,valid,281226,4,1.4731513876012534,4,4,4
amazon-toys-and-games,valid,281403,8,1.4483054996388438,8,8,8
amazon-toys-and-games,valid,281448,9,1.6711142772594312,7,9,9
amazon-toys-and-games,valid,281670,3,1.305335014028526,3,3,3
amazon-toys-and-games,valid,281843,7,9.011872655653775,3,5,5
amazon-toys-and-games,valid,281944,12,4.774391082660188,6,7,9
amazon-toys-and-games,valid,282258,3,1.5625216018683872,2,2,2
amazon-toys-and-games,valid,282483,16,6.237554430383911,10,12,14
amazon-toys-and-games,valid,282638,4,0.9977257995671689,3,3,3
amazon-toys-and-games,valid,282974,5,13.265331753154353,2,4,4
amazon-toys-and-games,valid,283170,2,1.3772523416346276,1,2,2
amazon-toys-and-games,valid,283311,4,0.6631403774076063,1,1,1
amazon-toys-and-games,valid,283544,4,2.6587758908570995,4,4,4
amazon-toys-and-games,valid,284168,8,8.173307366925691,6,6,6
amazon-toys-and-games,valid,284268,5,0.1071717033026976,4,4,4
amazon-toys-and-games,valid,284293,7,3.791525154994295,3,7,7
amazon-toys-and-games,valid,284557,3,5.411937013015226,2,2,2
amazon-toys-and-games,valid,285568,7,12.440894094257098,4,7,7
amazon-toys-and-games,valid,285588,11,3.63041463381161,5,8,9
amazon-toys-and-games,valid,285886,4,2.7330223781600864,4,4,4
amazon-toys-and-games,valid,286004,4,2.2980822252569633,3,3,4
amazon-toys-and-games,valid,286024,3,2.3128947904499393,3,3,3
amazon-toys-and-games,valid,286223,7,4.610607922191343,7,7,7
amazon-toys-and-games,valid,287604,4,1.1949838951647926,3,3,3
amazon-toys-and-games,valid,287673,3,2.6595317862816996,3,3,3
amazon-toys-and-games,valid,288142,18,6.504919296842701,6,12,14
amazon-toys-and-games,valid,288290,4,4.694639308800926,4,4,4
amazon-toys-and-games,valid,288303,6,2.2186115088999543,3,6,6
amazon-toys-and-games,valid,288350,2,0.6593722842518435,2,2,2
amazon-toys-and-games,valid,288926,8,1.8582823832284818,4,4,4
amazon-toys-and-games,valid,289005,2,6.603751105746873,2,2,2
amazon-toys-and-games,valid,289992,3,3.2140496370063936,1,3,3
amazon-toys-and-games,valid,290241,5,8.4713938927925,5,5,5
amazon-toys-and-games,valid,290332,4,2.0430704811136504,1,2,3
amazon-toys-and-games,valid,290698,11,4.076459783511096,5,7,8
amazon-toys-and-games,valid,290713,35,188.13214521818668,22,30,33
amazon-toys-and-games,valid,290941,12,11.676644482055105,11,11,12
amazon-toys-and-games,valid,291211,14,2.3896602967256357,8,9,9
amazon-toys-and-games,valid,291226,3,1.2428957245676953,2,3,3
amazon-toys-and-games,valid,291560,16,16.417392146871393,11,13,14
amazon-toys-and-games,valid,291758,6,0.27358506615760936,6,6,6
amazon-toys-and-games,valid,292020,10,6.360461053202907,5,6,8
amazon-toys-and-games,valid,292026,9,1.1121298637446637,1,2,2
amazon-toys-and-games,valid,292106,4,0.14029613872907243,4,4,4
amazon-toys-and-games,valid,292352,3,2.4171147575363605,3,3,3
amazon-toys-and-games,valid,292361,3,4.788025533732561,1,3,3
amazon-toys-and-games,valid,292595,10,14.706421841380733,7,9,10
amazon-toys-and-games,valid,293493,5,0.7167472261540828,4,4,4
amazon-toys-and-games,valid,293570,8,3.602464021762098,7,8,8
amazon-toys-and-games,valid,293646,9,3.105938250452465,6,9,9
amazon-toys-and-games,valid,294192,2,14.575956264315733,2,2,2
amazon-toys-and-games,valid,294729,13,5.539372936932632,3,11,13
amazon-toys-and-games,valid,294795,19,9.193138174609945,12,17,18
amazon-toys-and-games,valid,295240,3,1.291870057579474,1,1,1
amazon-toys-and-games,valid,295274,4,2.8885164926174025,2,4,4
amazon-toys-and-games,valid,295398,4,24.47458760155685,2,4,4
amazon-toys-and-games,valid,295947,3,1.1642651449928474,2,2,3
amazon-toys-and-games,valid,296161,4,3.5791534515145136,2,3,4
amazon-toys-and-games,valid,296709,3,0.9344974746882231,2,2,3
amazon-toys-and-games,valid,296892,5,2.108594699207442,5,5,5
amazon-toys-and-games,valid,296909,3,0.23211618274581414,1,1,1
amazon-toys-and-games,valid,297012,37,13.566064924915462,15,27,35
amazon-toys-and-games,valid,297203,12,1.1335291923815203,4,4,4
amazon-toys-and-games,valid,297251,2,0.2971248336122511,1,1,1
amazon-toys-and-games,valid,297396,4,1.4607911819283819,2,4,4
amazon-toys-and-games,valid,297423,7,0.5873856409341154,2,5,5
amazon-toys-and-games,valid,298258,7,5.5960046322627575,5,6,7
amazon-toys-and-games,valid,299014,3,23.735448744288334,2,3,3
amazon-toys-and-games,valid,299572,4,6.800029547719409,4,4,4
amazon-toys-and-games,valid,301045,3,4.094491734638965,2,2,3
amazon-toys-and-games,valid,301065,4,0.8884867678140589,3,4,4
amazon-toys-and-games,valid,301323,3,1.007028018662876,1,1,1
amazon-toys-and-games,valid,301391,11,1.0746489105448487,4,10,10
amazon-toys-and-games,valid,301711,3,1.2408592593173504,3,3,3
amazon-toys-and-games,valid,301776,6,0.20995083960236816,1,1,1
amazon-toys-and-games,valid,301909,2,26.496515272762068,1,2,2
amazon-toys-and-games,valid,302181,3,2.345992916263142,2,3,3
amazon-toys-and-games,valid,302502,6,5.1954226838575535,3,4,6
amazon-toys-and-games,valid,303052,6,5.43688775996475,4,6,6
amazon-toys-and-games,valid,303063,10,32.664362256557816,6,8,10
amazon-toys-and-games,valid,303146,7,1.4296736134375336,1,5,5
amazon-toys-and-games,valid,303760,3,0.7774397090865119,2,2,2
amazon-toys-and-games,valid,304089,5,0.2919770036272481,2,2,2
amazon-toys-and-games,valid,304614,9,5.118709290854102,6,8,9
amazon-toys-and-games,valid,304995,6,1.2438739868190103,6,6,6
amazon-toys-and-games,valid,305036,1,1.9955512720919322,1,1,1
amazon-toys-and-games,valid,305133,10,7.218128133002178,7,9,9
amazon-toys-and-games,valid,305429,7,6.301529290536616,5,6,7
amazon-toys-and-games,valid,305789,8,20.795506571047245,6,8,8
amazon-toys-and-games,valid,306208,8,1.6891421807545053,1,2,2
amazon-toys-and-games,valid,306312,14,1.6932824031504246,13,14,14
amazon-toys-and-games,valid,306465,4,16.223827895665433,4,4,4
amazon-toys-and-games,valid,306512,4,2.345719954026481,4,4,4
amazon-toys-and-games,valid,306749,4,0.369606047062206,3,3,3
amazon-toys-and-games,valid,307031,6,2.745245470272003,2,3,5
amazon-toys-and-games,valid,307492,9,1.183545664349671,2,5,5
amazon-toys-and-games,valid,307615,17,12.021988765162732,15,17,17
amazon-toys-and-games,valid,307704,9,7.919918597044937,8,9,9
amazon-toys-and-games,valid,308121,4,1.4775053756041963,4,4,4
amazon-toys-and-games,valid,308891,8,7.485181837689798,5,7,7
amazon-toys-and-games,valid,308935,10,5.538847503600337,4,8,8
amazon-toys-and-games,valid,309021,3,0.6171795070122392,2,2,2
amazon-toys-and-games,valid,309155,37,113.7692974530081,20,31,35
amazon-toys-and-games,valid,309399,6,5.614573780155734,5,6,6
amazon-toys-and-games,valid,309623,2,0.9456828549421374,2,2,2
amazon-toys-and-games,valid,310043,9,1.5129936285832697,7,7,7
amazon-toys-and-games,valid,310846,3,0.42854565201703965,1,1,1
amazon-toys-and-games,valid,311044,2,0.7649446666461334,2,2,2
amazon-toys-and-games,valid,311294,4,2.494963385050486,2,2,2
amazon-toys-and-games,valid,311348,4,5.240438052529546,4,4,4
amazon-toys-and-games,valid,311438,4,7.129844581652169,4,4,4
amazon-toys-and-games,valid,311520,6,2.553052860629694,4,6,6
amazon-toys-and-games,valid,311552,3,3.328856440647062,2,3,3
amazon-toys-and-games,valid,311686,4,2.074977211511139,3,3,3
amazon-toys-and-games,valid,311765,1,0.934750957692055,1,1,1
amazon-toys-and-games,valid,312140,12,2.6558330088375635,6,7,11
amazon-toys-and-games,valid,312414,8,3.6848139964106355,4,6,6
amazon-toys-and-games,valid,313181,11,20.88220104705936,5,9,11
amazon-toys-and-games,valid,314319,3,5.552639053420594,3,3,3
amazon-toys-and-games,valid,314609,31,11.143773371521906,21,24,28
amazon-toys-and-games,valid,314624,6,5.033177497362556,5,6,6
amazon-toys-and-games,valid,314842,3,4.730058119579848,2,3,3
amazon-toys-and-games,valid,314942,3,0.42829444580665554,3,3,3
amazon-toys-and-games,valid,315093,4,38.538342877630384,3,4,4
amazon-toys-and-games,valid,315465,6,3.01976832235297,4,5,6
amazon-toys-and-games,valid,315930,8,2.200884901071111,8,8,8
amazon-toys-and-games,valid,316110,5,5.444388782466363,4,4,4
amazon-toys-and-games,valid,316432,3,1.6893288778172078,1,3,3
amazon-toys-and-games,valid,316523,7,12.621604834543206,3,7,7
amazon-toys-and-games,valid,317171,19,49.42837799147733,4,14,14
amazon-toys-and-games,valid,317548,3,3.2297496456898305,2,3,3
amazon-toys-and-games,valid,318369,3,1.1161946989797624,2,3,3
amazon-toys-and-games,valid,318560,8,0.045449856754907814,1,1,1
amazon-toys-and-games,valid,318714,3,0.006563236578255193,2,2,2
amazon-toys-and-games,valid,318737,5,6.135464277079186,2,4,4
amazon-toys-and-games,valid,319018,5,1.9128801430787599,1,4,4
amazon-toys-and-games,valid,319080,7,12.071608695605427,4,7,7
amazon-toys-and-games,valid,319392,2,4.239612019217907,1,2,2
amazon-toys-and-games,valid,319476,6,2.3673658087983016,3,3,4
amazon-toys-and-games,valid,319909,5,0.8233281015571305,5,5,5
amazon-toys-and-games,valid,319990,8,14.596732004525002,3,8,8
amazon-toys-and-games,valid,320046,3,0.191134027177704,1,1,1
amazon-toys-and-games,valid,320281,3,7.48830395394907,2,3,3
amazon-toys-and-games,valid,320442,3,2.1097920395838248,3,3,3
amazon-toys-and-games,valid,321269,8,32.93894620259629,7,7,7
amazon-toys-and-games,valid,321559,3,5.584286735319156,3,3,3
amazon-toys-and-games,valid,321858,8,78.34063966891375,5,7,8
amazon-toys-and-games,valid,321922,5,0.5425201611640891,5,5,5
amazon-toys-and-games,valid,322099,5,1.1486083953849144,5,5,5
amazon-toys-and-games,valid,322478,5,5.439764235508731,2,2,2
amazon-toys-and-games,valid,322573,6,8.707548980625814,1,3,4
amazon-toys-and-games,valid,322597,2,0.9323208601523264,2,2,2
amazon-toys-and-games,valid,322675,8,3.8446217490314614,2,3,3
amazon-toys-and-games,valid,322984,15,7.500124686063387,10,13,13
amazon-toys-and-games,valid,323050,9,1.2193034643752343,4,9,9
amazon-toys-and-games,valid,323347,14,9.095372158016296,11,13,14
amazon-toys-and-games,valid,323512,4,2.257045047180536,2,3,3
amazon-toys-and-games,valid,323970,9,31.44282057773507,4,7,8
amazon-toys-and-games,valid,324254,7,3.137245551730613,2,4,5
amazon-toys-and-games,valid,324799,5,2.4869430006657725,2,5,5
amazon-toys-and-games,valid,324862,10,2.4180868218499563,4,10,10
amazon-toys-and-games,valid,325010,34,32.4538210950099,17,29,32
amazon-toys-and-games,valid,325031,4,3.0354341791346933,4,4,4
amazon-toys-and-games,valid,325182,1,0.7383236387257521,1,1,1
amazon-toys-and-games,valid,325363,4,4.460749377470914,4,4,4
amazon-toys-and-games,valid,325471,21,18.62254742703051,13,18,18
amazon-toys-and-games,valid,325641,4,3.6037544576927822,3,4,4
amazon-toys-and-games,valid,325818,9,3.7697999919173832,4,7,7
amazon-toys-and-games,valid,326170,5,3.065725398092591,3,4,4
amazon-toys-and-games,valid,326460,7,3.4716154374438037,5,7,7
amazon-toys-and-games,valid,326590,4,0.6073638709941005,4,4,4
amazon-toys-and-games,valid,326824,11,3.1514533752862035,6,8,8
amazon-toys-and-games,valid,327236,5,4.345946115508942,2,3,4
amazon-toys-and-games,valid,327910,3,1.6432245694346426,2,3,3
amazon-toys-and-games,valid,327986,7,6.751042565855144,5,6,7
amazon-toys-and-games,valid,328170,5,1.907183099918788,2,4,4
amazon-toys-and-games,valid,328755,3,4.471015439126101,2,2,3
amazon-toys-and-games,valid,329226,7,3.992218425950234,5,7,7
amazon-toys-and-games,valid,329263,7,1.0420476316573202,5,6,6
amazon-toys-and-games,valid,329932,4,0.6224085426302062,2,3,3
amazon-toys-and-games,valid,330589,3,1.8327142457890864,3,3,3
amazon-toys-and-games,valid,330957,5,25.422647681835322,3,5,5
amazon-toys-and-games,valid,331080,4,1.289544186584235,3,3,3
amazon-toys-and-games,valid,331312,39,58.34675817183858,23,35,38
amazon-toys-and-games,valid,331525,6,3.332689801881656,6,6,6
amazon-toys-and-games,valid,331857,3,2.0483956480105157,2,2,2
amazon-toys-and-games,valid,331964,5,9.782410138915392,2,4,5
amazon-toys-and-games,valid,332109,6,17.99516573506814,4,6,6
amazon-toys-and-games,valid,332334,6,8.786695127428018,4,5,5
amazon-toys-and-games,valid,332418,4,13.608382293352062,3,4,4
amazon-toys-and-games,valid,332721,4,0.47407013700161865,4,4,4
amazon-toys-and-games,valid,333009,5,0.8591905075927582,5,5,5
amazon-toys-and-games,valid,333091,20,24.87053286010603,8,10,17
amazon-toys-and-games,valid,333335,7,2.022873299417122,6,6,6
amazon-toys-and-games,valid,333506,3,16.76557002591307,2,3,3
amazon-toys-and-games,valid,333893,9,7.983360055088283,5,5,5
amazon-toys-and-games,valid,333901,30,13.64376834360304,14,21,24
amazon-toys-and-games,valid,336841,8,1.4659802471724914,4,5,7
amazon-toys-and-games,valid,336893,6,3.0525461792212116,4,6,6
amazon-toys-and-games,valid,337036,4,7.5561100250314475,3,4,4
amazon-toys-and-games,valid,337124,4,0.32499961579110576,2,2,2
amazon-toys-and-games,valid,337511,4,3.296023308293454,2,3,3
amazon-toys-and-games,valid,337546,3,0.09289494350105439,2,2,2
amazon-toys-and-games,valid,337638,30,100.59103837655519,10,19,25
amazon-toys-and-games,valid,337651,5,0.2297408547373526,1,1,1
amazon-toys-and-games,valid,337701,5,4.688266816918168,3,5,5
amazon-toys-and-games,valid,337751,11,11.143982330564985,8,10,11
amazon-toys-and-games,valid,338230,4,1.1775342972054066,2,2,2
amazon-toys-and-games,valid,338423,4,0.2104713398821924,3,3,3
amazon-toys-and-games,valid,338712,3,12.124951436311985,2,3,3
amazon-toys-and-games,valid,339032,6,15.369659361975437,4,6,6
amazon-toys-and-games,valid,339059,5,7.043384488876631,4,5,5
amazon-toys-and-games,valid,339115,5,1.8384059764310139,4,5,5
amazon-toys-and-games,valid,339123,7,0.48849008181341036,6,7,7
amazon-toys-and-games,valid,339386,3,1.492382576433379,3,3,3
amazon-toys-and-games,valid,339770,2,5.620842677936626,2,2,2
amazon-toys-and-games,valid,339915,8,0.6116667576329975,5,6,6
amazon-toys-and-games,valid,340658,5,24.29674068796223,5,5,5
amazon-toys-and-games,valid,340693,23,54.683021780501804,13,21,23
amazon-toys-and-games,valid,340813,12,3.122270322294659,6,8,11
amazon-toys-and-games,valid,340859,20,6.490526800040805,19,20,20
amazon-toys-and-games,valid,340978,9,1.6276972175876476,4,7,7
amazon-toys-and-games,valid,341121,11,6.775079306723985,9,10,11
amazon-toys-and-games,valid,341762,3,2.246366632934285,1,1,2
amazon-toys-and-games,valid,341877,13,5.350871135957393,6,12,13
amazon-toys-and-games,valid,341928,3,0.544852609562621,2,2,2
amazon-toys-and-games,valid,342108,4,1.7641501289771866,4,4,4
amazon-toys-and-games,valid,342847,8,26.876182343580652,6,7,8
amazon-toys-and-games,valid,342864,3,3.0994548281334007,3,3,3
amazon-toys-and-games,valid,343040,4,5.998446467937593,3,3,3
amazon-toys-and-games,valid,343054,4,0.16841820597404045,4,4,4
amazon-toys-and-games,valid,343232,5,0.2945191700000082,3,3,3
amazon-toys-and-games,valid,343511,2,6.660938465166737,2,2,2
amazon-toys-and-games,valid,343875,10,34.87795912788945,9,10,10
amazon-toys-and-games,valid,343907,3,1.232432593790767,2,3,3
amazon-toys-and-games,valid,344212,3,1.9225527205752746,2,2,2
amazon-toys-and-games,valid,344314,11,2.9526244186982673,8,10,10
amazon-toys-and-games,valid,344335,5,3.5814313833588285,4,5,5
amazon-toys-and-games,valid,344389,12,14.595679872975163,9,11,12
amazon-toys-and-games,valid,344446,3,2.958072532441302,2,2,3
amazon-toys-and-games,valid,345264,5,0.5581629970342868,5,5,5
amazon-toys-and-games,valid,345487,3,1.4463095107164556,2,3,3
amazon-toys-and-games,valid,346178,3,0.6911198920850501,3,3,3
amazon-toys-and-games,valid,346234,7,3.9647313311000945,4,7,7
amazon-toys-and-games,valid,346272,4,2.461962781889955,4,4,4
amazon-toys-and-games,valid,346538,9,6.36333626386164,5,8,8
amazon-toys-and-games,valid,346769,5,3.9373760372928652,2,5,5
amazon-toys-and-games,valid,346848,3,15.510270077665853,3,3,3
amazon-toys-and-games,valid,347447,4,6.499968283002389,3,4,4
amazon-toys-and-games,valid,347709,4,2.6519226160913263,2,4,4
amazon-toys-and-games,valid,347832,1,0.9711534697288611,1,1,1
amazon-toys-and-games,valid,347939,2,11.77982041285728,2,2,2
amazon-toys-and-games,valid,348751,2,0.35616284663943076,1,1,1
amazon-toys-and-games,valid,349279,3,0.8166070072998426,3,3,3
amazon-toys-and-games,valid,349951,11,3.504945416723086,6,7,7
amazon-toys-and-games,valid,350148,4,3.9033081239595138,4,4,4
amazon-toys-and-games,valid,350352,5,16.22767997720171,4,5,5
amazon-toys-and-games,valid,350653,2,1.1207518275536403,2,2,2
amazon-toys-and-games,valid,350857,3,1.1340923192942243,1,1,1
amazon-toys-and-games,valid,351294,19,5.144630457766398,12,19,19
amazon-toys-and-games,valid,351474,3,1.9062240639232528,1,3,3
amazon-toys-and-games,valid,351610,3,2.0611714949760973,3,3,3
amazon-toys-and-games,valid,351643,3,3.7735177426402493,3,3,3
amazon-toys-and-games,valid,351800,7,4.3545981835868375,1,6,7
amazon-toys-and-games,valid,352353,2,3.8079663864334483,2,2,2
amazon-toys-and-games,valid,352737,4,7.828651054904811,2,4,4
amazon-toys-and-games,valid,352940,2,1.8950075674922213,2,2,2
amazon-toys-and-games,valid,352969,2,0.5273329369604592,2,2,2
amazon-toys-and-games,valid,353777,3,4.094281257733588,3,3,3
amazon-toys-and-games,valid,353843,8,28.734240083188972,7,8,8
amazon-toys-and-games,valid,353881,9,3.4868269474442073,2,6,7
amazon-toys-and-games,valid,354364,13,11.610032336158941,9,10,10
amazon-toys-and-games,valid,355189,10,42.047068656896144,5,10,10
amazon-toys-and-games,valid,355573,3,0.5206282862114037,2,2,2
amazon-toys-and-games,valid,356464,2,0.8631407442243284,1,1,1
amazon-toys-and-games,valid,356774,2,0.7101989152217618,1,1,1
amazon-toys-and-games,valid,357457,12,4.9276173843551785,11,11,12
amazon-toys-and-games,valid,357581,8,10.248727920716487,7,8,8
amazon-toys-and-games,valid,357628,4,0.4010164364881195,1,1,1
amazon-toys-and-games,valid,357822,11,5.95256288203092,4,4,8
amazon-toys-and-games,valid,357934,3,3.588154374943989,2,3,3
amazon-toys-and-games,valid,358025,3,0.8212361078443692,2,2,2
amazon-toys-and-games,valid,358195,10,11.964363375981259,9,10,10
amazon-toys-and-games,valid,358396,13,30.639921764317602,11,13,13
amazon-toys-and-games,valid,358541,4,1.5758944746713373,4,4,4
amazon-toys-and-games,valid,359120,4,2.2174860140056953,2,2,2
amazon-toys-and-games,valid,359179,3,34.873057191596786,2,3,3
amazon-toys-and-games,valid,359355,3,7.296470445228856,3,3,3
amazon-toys-and-games,valid,359629,4,0.8796108150471508,3,3,3
amazon-toys-and-games,valid,359861,1,0.38879549468112595,1,1,1
amazon-toys-and-games,valid,359928,10,5.8290174921613485,5,8,8
amazon-toys-and-games,valid,359945,3,2.26710594444839,1,2,2
amazon-toys-and-games,valid,360258,4,1.9702717814662818,2,2,3
amazon-toys-and-games,valid,360616,2,1.8132795369204506,1,2,2
amazon-toys-and-games,valid,360753,4,2.2673261609701822,2,4,4
amazon-toys-and-games,valid,360930,5,10.810619799463828,4,5,5
amazon-toys-and-games,valid,361346,33,15.023182374127632,19,28,29
amazon-toys-and-games,valid,361692,3,4.572529563688585,2,3,3
amazon-toys-and-games,valid,361723,3,1.1191317625271546,1,3,3
amazon-toys-and-games,valid,362106,3,4.948286368249457,1,1,1
amazon-toys-and-games,valid,363520,4,5.597336809406648,4,4,4
amazon-toys-and-games,valid,364274,2,0.9505367255953514,2,2,2
amazon-toys-and-games,valid,364568,5,0.20006892359719963,5,5,5
amazon-toys-and-games,valid,364633,13,5.120700220235495,8,10,11
amazon-toys-and-games,valid,364725,3,3.2576947554885107,3,3,3
amazon-toys-and-games,valid,365009,3,0.7058332902745312,3,3,3
amazon-toys-and-games,valid,365074,5,1.808728985749866,3,5,5
amazon-toys-and-games,valid,366318,32,19.509347470365476,18,25,29
amazon-toys-and-games,valid,366756,12,3.629138174862923,7,10,11
amazon-toys-and-games,valid,366883,5,3.2715826895647155,5,5,5
amazon-toys-and-games,valid,367589,3,2.0988099263893707,3,3,3
amazon-toys-and-games,valid,367725,10,5.723568689055853,6,10,10
amazon-toys-and-games,valid,367977,24,7.505315016192744,10,17,17
amazon-toys-and-games,valid,367999,6,9.835975119960136,4,5,6
amazon-toys-and-games,valid,368325,14,4.316430524185522,6,13,13
amazon-toys-and-games,valid,369236,16,11.112122653898746,16,16,16
amazon-toys-and-games,valid,369459,4,1.1717933625273065,4,4,4
amazon-toys-and-games,valid,369481,4,1.8327451089891535,2,4,4
amazon-toys-and-games,valid,369975,5,0.9614496495667041,3,4,4
amazon-toys-and-games,valid,370133,5,11.974165857192812,3,5,5
amazon-toys-and-games,valid,371653,3,2.269832278113355,2,2,3
amazon-toys-and-games,valid,372282,5,2.8211412414507198,2,3,3
amazon-toys-and-games,valid,372325,3,0.26864821903208325,2,2,2
amazon-toys-and-games,valid,373128,4,3.8940191861589173,3,3,4
amazon-toys-and-games,valid,373498,2,0.646486898223728,1,1,1
amazon-toys-and-games,valid,374330,4,12.32385388273287,4,4,4
amazon-toys-and-games,valid,374623,3,3.26199587128806,3,3,3
amazon-toys-and-games,valid,374803,7,7.5161404101048905,2,5,5
amazon-toys-and-games,valid,374907,11,3.48204289845672,3,9,9
amazon-toys-and-games,valid,375073,3,1.1632200968004032,2,3,3
amazon-toys-and-games,valid,375208,4,20.846659289434264,4,4,4
amazon-toys-and-games,valid,375438,3,3.22752015895054,2,2,2
amazon-toys-and-games,valid,375790,5,2.9322873406932373,4,4,5
amazon-toys-and-games,valid,375876,3,0.28047211335952194,3,3,3
amazon-toys-and-games,valid,375938,16,17.125472379301645,14,15,16
amazon-toys-and-games,valid,376158,3,4.322541437798857,2,3,3
amazon-toys-and-games,valid,376300,3,0.7375997448979431,2,2,2
amazon-toys-and-games,valid,376451,3,0.1571417539822224,1,1,1
amazon-toys-and-games,valid,376503,3,2.083895411445352,1,3,3
amazon-toys-and-games,valid,376570,3,0.933110148547491,2,2,2
amazon-toys-and-games,valid,376700,3,5.782240264826494,3,3,3
amazon-toys-and-games,valid,377100,6,1.528173895918032,2,5,5
amazon-toys-and-games,valid,377645,30,23.880280129076482,19,29,29
amazon-toys-and-games,valid,378419,3,2.2797623862464977,1,1,1
amazon-toys-and-games,valid,378522,17,5.449437824913446,13,13,15
amazon-toys-and-games,valid,378554,12,1.1064870841618595,3,4,4
amazon-toys-and-games,valid,378589,8,0.997678492858869,8,8,8
amazon-toys-and-games,valid,378800,6,1.4041185043161994,5,6,6
amazon-toys-and-games,valid,378844,3,1.4839998024249244,3,3,3
amazon-toys-and-games,valid,379438,4,0.7215823765056166,2,2,2
amazon-toys-and-games,valid,379798,37,9.246769815107296,27,34,34
amazon-toys-and-games,valid,380938,3,0.8109748527531271,1,2,2
amazon-toys-and-games,valid,381364,4,0.047150368483208416,4,4,4
amazon-toys-and-games,valid,381365,3,3.441033168390189,2,2,2
amazon-toys-and-games,valid,381438,4,0.10232706631179891,1,1,1
amazon-toys-and-games,valid,381974,6,2.472902521428579,4,5,5
amazon-toys-and-games,valid,382010,3,1.5253198088429516,2,3,3
amazon-toys-and-games,valid,382523,3,4.912664037434026,3,3,3
amazon-toys-and-games,valid,383136,11,3.442776306751369,9,11,11
amazon-toys-and-games,valid,383162,3,5.056093043946984,1,1,1
amazon-toys-and-games,valid,384284,5,0.28603178998148904,1,1,1
amazon-toys-and-games,valid,384337,2,2.0179150757308935,1,1,1
amazon-toys-and-games,valid,384659,7,1.6754671268656505,4,4,4
amazon-toys-and-games,valid,385488,3,4.733857202424203,2,3,3
amazon-toys-and-games,valid,385518,4,6.731592551875,4,4,4
amazon-toys-and-games,valid,385616,5,34.77780804367092,4,5,5
amazon-toys-and-games,valid,385838,6,9.652631774005986,4,5,5
amazon-toys-and-games,valid,386166,4,1.8698429284471492,3,3,3
amazon-toys-and-games,valid,386315,10,4.347074140173698,5,7,10
amazon-toys-and-games,valid,386863,17,5.178224292108553,8,14,15
amazon-toys-and-games,valid,387088,5,0.04323656054679981,4,4,4
amazon-toys-and-games,valid,387096,3,1.2731906116928142,1,1,1
amazon-toys-and-games,valid,387602,13,13.276833607697483,9,11,12
amazon-toys-and-games,valid,387855,3,14.113615787690529,2,3,3
amazon-toys-and-games,valid,387973,13,6.737305026635005,6,10,11
amazon-toys-and-games,valid,387979,3,14.965329305601399,3,3,3
amazon-toys-and-games,valid,388010,22,13.483051391465477,8,19,20
amazon-toys-and-games,valid,388166,2,4.468541829533819,2,2,2
amazon-toys-and-games,valid,388306,3,0.8126209744157352,3,3,3
amazon-toys-and-games,valid,388477,4,1.0092433386873818,3,3,3
amazon-toys-and-games,valid,388835,5,2.0873462713807505,3,3,5
amazon-toys-and-games,valid,388850,3,0.9370147228215846,1,1,1
amazon-toys-and-games,valid,388884,8,27.613815354960636,4,6,7
amazon-toys-and-games,valid,389037,10,7.4280512716176,4,5,6
amazon-toys-and-games,valid,389264,6,15.004720867969317,4,5,6
amazon-toys-and-games,valid,389666,7,4.505996346631936,3,3,7
amazon-toys-and-games,valid,389689,4,3.1101342542878503,4,4,4
amazon-toys-and-games,valid,390011,7,27.935314400826073,5,7,7
amazon-toys-and-games,valid,390541,3,0.5585706695499304,1,2,2
amazon-toys-and-games,valid,390972,3,0.8857700472769835,1,3,3
amazon-toys-and-games,valid,391024,4,0.7908889809584807,4,4,4
amazon-toys-and-games,valid,391146,20,6.4986022069338345,10,14,19
amazon-toys-and-games,valid,391922,3,0.3567214199652397,3,3,3
amazon-toys-and-games,valid,392286,9,3.3574611881029193,9,9,9
amazon-toys-and-games,valid,392971,7,2.0135641234525474,3,3,3
amazon-toys-and-games,valid,393181,17,6.8713292318585895,7,10,15
amazon-toys-and-games,valid,393559,5,0.9018462328333727,2,5,5
amazon-toys-and-games,valid,393683,11,6.255593211892123,3,8,8
amazon-toys-and-games,valid,394457,13,8.37133995176107,9,11,12
amazon-toys-and-games,valid,394549,6,0.237453113075492,1,3,5
amazon-toys-and-games,valid,395388,4,4.893722127858268,4,4,4
amazon-toys-and-games,valid,395758,2,3.9241531798804066,1,2,2
amazon-toys-and-games,valid,395829,7,2.6221263467312292,5,7,7
amazon-toys-and-games,valid,396170,8,2.2083229322873406,3,7,7
amazon-toys-and-games,valid,396201,4,2.833373693713476,4,4,4
amazon-toys-and-games,valid,396673,4,12.13873855903387,4,4,4
amazon-toys-and-games,valid,396700,8,4.417626909573544,8,8,8
amazon-toys-and-games,valid,396804,4,2.457497863450704,1,2,4
amazon-toys-and-games,valid,397071,3,0.8050345721598378,2,2,3
amazon-toys-and-games,valid,397758,10,6.245070378531456,5,8,9
amazon-toys-and-games,valid,398395,11,3.7145195734984027,6,11,11
amazon-toys-and-games,valid,399390,7,7.166446186627114,5,5,6
amazon-toys-and-games,valid,399791,9,3.4997006965280355,7,7,8
amazon-toys-and-games,valid,399834,5,2.662221944228553,3,5,5
amazon-toys-and-games,valid,399857,6,3.6759270391420635,3,5,6
amazon-toys-and-games,valid,399902,1,1.1272735758957395,1,1,1
amazon-toys-and-games,valid,399977,4,19.78112944260112,2,4,4
amazon-toys-and-games,valid,400628,2,1.0671946887974362,1,2,2
amazon-toys-and-games,valid,400765,4,1.397265356038951,4,4,4
amazon-toys-and-games,valid,400954,3,1.5269916076761079,2,2,3
amazon-toys-and-games,valid,400958,21,8.924275431039689,14,18,19
amazon-toys-and-games,valid,401472,3,4.152014668115298,3,3,3
amazon-toys-and-games,valid,401498,9,2.370054195905807,4,9,9
amazon-toys-and-games,valid,401501,3,1.3370165948517525,3,3,3
amazon-toys-and-games,valid,401956,10,1.6569077185890888,8,8,10
amazon-toys-and-games,valid,401997,9,1.3009673652648976,3,4,5
amazon-toys-and-games,valid,402110,4,34.12019331747209,3,4,4
amazon-toys-and-games,valid,402896,6,2.363210913733498,3,5,5
amazon-toys-and-games,valid,402906,3,3.8753379694329095,3,3,3
amazon-toys-and-games,valid,403096,5,15.929125949746993,3,5,5
amazon-toys-and-games,valid,403120,5,3.239050852877339,1,3,3
amazon-toys-and-games,valid,403338,13,3.0379704005467847,8,12,13
amazon-toys-and-games,valid,403659,10,5.20153498884466,7,10,10
amazon-toys-and-games,valid,403661,2,1.9874592952021448,1,2,2
amazon-toys-and-games,valid,403770,5,2.9761108079954153,5,5,5
amazon-toys-and-games,valid,403848,9,9.694987089000048,7,8,9
amazon-toys-and-games,valid,404123,9,3.2106024452382167,9,9,9
amazon-toys-and-games,valid,404188,11,8.159120793442277,10,10,11
amazon-toys-and-games,valid,404256,2,1.3769968348143982,2,2,2
amazon-toys-and-games,valid,404366,5,2.1270209150673196,3,5,5
amazon-toys-and-games,valid,404375,7,7.626132301558004,5,5,5
amazon-toys-and-games,valid,404743,2,2.7249686008048086,1,2,2
amazon-toys-and-games,valid,404893,3,0.16819634510142517,2,2,2
amazon-toys-and-games,valid,405290,5,10.275595601260356,3,3,4
amazon-toys-and-games,valid,405509,2,9.169009729560578,1,2,2
amazon-toys-and-games,valid,405598,4,3.746901774260863,3,4,4
amazon-toys-and-games,valid,405725,3,41.81348824298648,2,3,3
amazon-toys-and-games,valid,405729,6,3.754745454176338,2,3,6
amazon-toys-and-games,valid,405799,7,19.807998008564667,5,6,7
amazon-toys-and-games,valid,406474,4,1.0780642272047598,4,4,4
amazon-toys-and-games,valid,406985,3,4.290743487532753,2,3,3
amazon-toys-and-games,valid,407365,7,2.632173077284299,4,6,6
amazon-toys-and-games,valid,407669,5,2.7365033423644034,3,5,5
amazon-toys-and-games,valid,408026,3,2.643328353269295,2,2,2
amazon-toys-and-games,valid,408034,14,4.724288219029554,12,14,14
amazon-toys-and-games,valid,408713,4,0.04023751762222316,1,1,1
amazon-toys-and-games,valid,408892,5,2.4963818273683347,4,4,4
amazon-toys-and-games,valid,409524,3,6.998026715767825,2,2,2
amazon-toys-and-games,valid,409607,3,1.271576744604047,1,1,1
amazon-toys-and-games,valid,409891,5,2.9916750944916712,3,5,5
amazon-toys-and-games,valid,409948,5,7.082401392233896,5,5,5
amazon-toys-and-games,valid,410641,3,0.38157843891783755,3,3,3
amazon-toys-and-games,valid,410939,4,1.3638107855626758,4,4,4
amazon-toys-and-games,valid,411277,3,2.0776978531924852,3,3,3
amazon-toys-and-games,valid,411316,2,3.016399174004635,2,2,2
amazon-toys-and-games,valid,411806,5,0.47491014729525477,4,4,4
amazon-toys-and-games,valid,411820,5,4.255499863360771,4,5,5
amazon-toys-and-games,valid,411865,4,0.24758421147464688,1,4,4
amazon-toys-and-games,valid,412410,3,1.4803494700858117,2,3,3
amazon-toys-and-games,valid,412560,4,1.5629716480398612,2,3,3
amazon-toys-and-games,valid,412878,8,9.439404755121062,6,7,8
amazon-toys-and-games,valid,412933,6,32.38893551747815,3,5,6
amazon-toys-and-games,valid,412985,13,1.8046196265540142,10,13,13
amazon-toys-and-games,valid,413179,3,2.5070594826834363,3,3,3
amazon-toys-and-games,valid,413333,3,0.4506706453210535,1,1,1
amazon-toys-and-games,valid,413985,4,1.7610602672917561,2,2,2
amazon-toys-and-games,valid,414063,3,1.644707014946074,3,3,3
amazon-toys-and-games,valid,414289,3,0.2856485297511446,3,3,3
amazon-toys-and-games,valid,414317,3,3.912622991907707,2,3,3
amazon-toys-and-games,valid,415178,4,5.660855045984587,3,4,4
amazon-toys-and-games,valid,415619,27,9.628320047084088,20,24,26
amazon-toys-and-games,valid,416093,2,1.2228123825435464,1,2,2
amazon-toys-and-games,valid,416688,3,0.18655337173820086,3,3,3
amazon-toys-and-games,valid,416706,98,65.88089309246797,51,87,88
amazon-toys-and-games,valid,417024,4,4.793547516774118,4,4,4
amazon-toys-and-games,valid,417219,3,3.6700933883752365,2,3,3
amazon-toys-and-games,valid,417256,3,8.428035650284778,2,2,2
amazon-toys-and-games,valid,417350,4,0.7650805153218396,1,1,3
amazon-toys-and-games,valid,417486,4,0.9790826558871459,3,3,3
amazon-toys-and-games,valid,417503,13,7.0557233179888,7,11,11
amazon-toys-and-games,valid,417552,3,1.409572942485478,1,3,3
amazon-toys-and-games,valid,417556,4,6.599830593918647,1,2,4
amazon-toys-and-games,valid,418140,12,1.5161787361279244,8,8,11
amazon-toys-and-games,valid,418623,3,2.1432759553978693,3,3,3
amazon-toys-and-games,valid,418891,4,3.6769776528296023,3,4,4
amazon-toys-and-games,valid,419528,4,12.120149931908065,3,4,4
amazon-toys-and-games,valid,419535,7,8.473951617253817,2,3,4
amazon-toys-and-games,valid,419537,2,1.4705464829201595,1,1,1
amazon-toys-and-games,valid,420046,3,1.5370624975374265,2,2,2
amazon-toys-and-games,valid,420583,8,3.7250164767114704,6,8,8
amazon-toys-and-games,valid,421084,5,8.682294281751037,4,4,5
amazon-toys-and-games,valid,421142,3,2.626913431443314,1,3,3
amazon-toys-and-games,valid,422071,8,2.0270889089738615,5,8,8
amazon-toys-and-games,valid,422574,9,28.814544991367477,8,9,9
amazon-toys-and-games,valid,423275,9,2.789763106598647,4,6,6
amazon-toys-and-games,valid,423601,4,15.099389307077518,4,4,4
amazon-toys-and-games,valid,423672,13,12.653985137977793,8,12,13
amazon-toys-and-games,valid,423817,4,2.5478316673002688,2,3,3
amazon-toys-and-games,valid,423944,5,4.90549694463806,5,5,5
amazon-toys-and-games,valid,424559,14,8.159002779648578,12,13,14
amazon-toys-and-games,valid,424594,7,28.53571798776236,3,6,7
amazon-toys-and-games,valid,425352,17,12.809971798750938,11,15,15
amazon-toys-and-games,valid,427440,8,17.767158026098507,4,6,7
amazon-toys-and-games,valid,427850,4,2.790264886576791,2,4,4
amazon-toys-and-games,valid,427990,7,32.75962278845091,4,7,7
amazon-toys-and-games,valid,428412,6,4.882861696624737,4,6,6
amazon-toys-and-games,valid,428524,12,11.054256936520026,9,11,11
amazon-toys-and-games,valid,428877,3,0.357155022628481,1,1,1
amazon-toys-and-games,valid,429040,7,2.4823250311114338,3,4,6
amazon-toys-and-games,valid,429049,3,3.4682881567971995,2,2,2
amazon-toys-and-games,valid,429062,3,5.691267946903405,2,2,3
amazon-toys-and-games,valid,430095,3,1.4976759947105032,2,2,2
amazon-toys-and-games,valid,430623,9,1.8473947569621025,2,5,5
amazon-toys-and-games,valid,431756,6,5.546501324239989,4,5,6
amazon-toys-and-games,valid,432422,2,3.5105379803615184,1,1,2
amazon-toys-and-games,valid,432485,4,11.876866330278867,4,4,4
amazon-toys-and-games,valid,432704,36,48.32504401326334,23,32,36
amazon-toys-and-games,valid,432997,4,1.4933478103666327,2,4,4
amazon-toys-and-games,valid,433295,3,3.1274578696764697,2,3,3
amazon-toys-and-games,valid,433514,3,0.4093396344013624,2,2,2
amazon-toys-and-games,valid,433728,5,4.383784145814453,3,4,5
amazon-toys-and-games,valid,433739,4,1.9626462942562004,1,2,3
amazon-toys-and-games,valid,433850,8,3.939529630917236,3,8,8
amazon-toys-and-games,valid,434101,3,1.0018790502811492,2,3,3
amazon-toys-and-games,valid,434450,4,2.2508751899146144,3,3,4
amazon-toys-and-games,valid,434641,4,0.7680125193282371,4,4,4
amazon-toys-and-games,valid,435073,3,11.994322309584334,3,3,3
amazon-toys-and-games,valid,435449,1,3.541931926279199,1,1,1
amazon-toys-and-games,valid,435494,5,3.4287874348323215,3,3,3
amazon-toys-and-games,valid,436561,11,6.474845258681998,8,10,11
amazon-toys-and-games,valid,437192,2,0.12078351292911943,1,1,1
amazon-toys-and-games,valid,437297,3,8.824715301209338,3,3,3
amazon-toys-and-games,valid,437497,2,7.037931315592601,1,1,2
amazon-toys-and-games,valid,437709,8,3.144293492336155,4,8,8
amazon-toys-and-games,valid,437911,23,23.19007019543932,9,18,19
amazon-toys-and-games,valid,438051,6,45.87141821653583,4,5,6
amazon-toys-and-games,valid,438118,37,21.753834357331726,21,30,36
amazon-toys-and-games,valid,438237,3,0.4783004192272424,1,3,3
amazon-toys-and-games,valid,438931,23,17.858192576375828,19,21,22
amazon-toys-and-games,valid,439358,7,2.728356975408923,5,5,5
amazon-toys-and-games,valid,439907,3,0.46515219004445507,3,3,3
amazon-toys-and-games,valid,440107,3,9.79529457627957,2,3,3
amazon-toys-and-games,valid,440132,88,33.77755550933102,51,79,81
amazon-toys-and-games,valid,440154,1,2.7074792854486147,1,1,1
amazon-toys-and-games,valid,440476,3,1.0986359414234173,2,2,2
amazon-toys-and-games,valid,440808,3,1.0956458791841062,3,3,3
amazon-toys-and-games,valid,442622,3,0.6582790439314252,2,2,2
amazon-toys-and-games,valid,442681,19,4.466337387522451,7,14,14
amazon-toys-and-games,valid,442868,2,0.4307713441005847,2,2,2
amazon-toys-and-games,valid,443790,4,1.0859209354382964,4,4,4
amazon-toys-and-games,valid,443810,14,0.6836552982785986,5,8,8
amazon-toys-and-games,valid,444380,3,3.934755321546163,2,2,2
amazon-toys-and-games,valid,444808,3,11.962021314454837,2,3,3
amazon-toys-and-games,valid,445082,4,0.8910018656424975,4,4,4
amazon-toys-and-games,valid,445327,5,2.566280651094622,5,5,5
amazon-toys-and-games,valid,445397,1,2.6030344217649817,1,1,1
amazon-toys-and-games,valid,445934,6,1.8895850360533402,4,4,4
amazon-toys-and-games,valid,446200,3,1.0371551820040223,3,3,3
amazon-toys-and-games,valid,447054,1,0.3637883338495119,1,1,1
amazon-toys-and-games,valid,447982,7,3.039622340681537,7,7,7
amazon-toys-and-games,valid,448125,6,1.7558634862476301,4,6,6
amazon-toys-and-games,valid,448404,5,3.8555711016979752,5,5,5
amazon-toys-and-games,valid,448473,5,2.50178288738012,1,2,4
amazon-toys-and-games,valid,449061,74,85.32775181635941,39,62,67
amazon-toys-and-games,valid,449215,3,4.0307612503163,2,2,3
amazon-toys-and-games,valid,449431,32,21.388343108471943,17,26,30
amazon-toys-and-games,valid,449948,6,3.9246113213174714,5,6,6
amazon-toys-and-games,valid,450663,13,32.67474506712145,11,13,13
amazon-toys-and-games,valid,450675,4,0.5237567268969183,4,4,4
amazon-toys-and-games,valid,450757,3,1.1360447961640583,2,2,2
amazon-toys-and-games,valid,451115,4,2.6500722154610594,3,4,4
amazon-toys-and-games,valid,451146,35,8.756944646913922,20,27,28
amazon-toys-and-games,valid,451365,7,1.2040169466795847,7,7,7
amazon-toys-and-games,valid,451708,6,42.800866522288445,4,6,6
amazon-toys-and-games,valid,451838,3,1.2251419217060064,1,3,3
amazon-toys-and-games,valid,452538,4,1.8604066315150836,2,3,3
amazon-toys-and-games,valid,452871,4,18.64003332719653,4,4,4
amazon-toys-and-games,valid,452896,16,47.041301728826184,11,14,16
amazon-toys-and-games,valid,453099,34,49.64958264162557,21,30,33
amazon-toys-and-games,valid,453619,3,1.7880852995605598,1,1,1
amazon-toys-and-games,valid,454308,3,14.754644326600708,3,3,3
amazon-toys-and-games,valid,454368,8,5.034962376936942,8,8,8
amazon-toys-and-games,valid,454565,3,0.6480692696698036,1,3,3
amazon-toys-and-games,valid,455182,3,1.2657009731584392,1,1,1
amazon-toys-and-games,valid,455539,3,1.2099357242236466,2,3,3
amazon-toys-and-games,valid,456579,3,0.7936493400366349,2,2,2
amazon-toys-and-games,valid,456607,8,6.977348877676805,8,8,8
amazon-toys-and-games,valid,457240,4,2.6277259937270547,4,4,4
amazon-toys-and-games,valid,457561,2,0.9549679980869875,1,1,1
amazon-toys-and-games,valid,457701,17,5.777829862941461,6,16,16
amazon-toys-and-games,valid,458153,8,4.66910886494194,2,6,6
amazon-toys-and-games,valid,458258,3,1.5327378548722526,2,3,3
amazon-toys-and-games,valid,458264,7,1.886960747005811,4,4,7
amazon-toys-and-games,valid,458367,9,4.713869106259279,7,8,9
amazon-toys-and-games,valid,458864,3,0.40346550730657804,3,3,3
amazon-toys-and-games,valid,459358,11,11.751983324258838,4,9,10
amazon-toys-and-games,valid,459637,8,4.2104395912624515,3,5,8
amazon-toys-and-games,valid,459756,4,3.2407485818580923,3,4,4
amazon-toys-and-games,valid,459758,5,4.593961526364858,3,4,4
amazon-toys-and-games,valid,459763,3,1.9798209061625274,3,3,3
amazon-toys-and-games,valid,459831,7,2.277822305252101,5,7,7
amazon-toys-and-games,valid,459886,14,6.1904767928024995,4,7,8
amazon-toys-and-games,valid,459938,4,4.02267180319701,3,4,4
amazon-toys-and-games,valid,461078,14,10.623875177076028,6,10,14
amazon-toys-and-games,valid,461217,3,1.6116216644738828,3,3,3
amazon-toys-and-games,valid,462000,5,1.2988223728602173,4,5,5
amazon-toys-and-games,valid,462654,11,17.842972844621308,9,9,9
amazon-toys-and-games,valid,462676,3,0.14901233648907453,3,3,3
amazon-toys-and-games,valid,463210,5,0.5548780900435127,3,3,3
amazon-toys-and-games,valid,463267,6,1.5187277328810274,2,5,5
amazon-toys-and-games,valid,463290,6,5.967004835846038,5,6,6
amazon-toys-and-games,valid,463421,3,9.759051756005405,2,3,3
amazon-toys-and-games,valid,464117,3,2.094580529583421,1,2,3
amazon-toys-and-games,valid,464441,4,6.3536283960666875,4,4,4
amazon-toys-and-games,valid,465244,5,0.7585108278288163,2,4,4
amazon-toys-and-games,valid,466348,3,5.4773164017480465,2,3,3
amazon-toys-and-games,valid,466474,3,2.532086755190504,3,3,3
amazon-toys-and-games,valid,467043,4,6.19940169662853,3,4,4
amazon-toys-and-games,valid,467391,4,18.49340023986019,4,4,4
amazon-toys-and-games,valid,467583,3,1.5002533248931758,2,3,3
amazon-toys-and-games,valid,467664,18,12.218652870647585,11,14,16
amazon-toys-and-games,valid,467678,3,1.341127345421378,3,3,3
amazon-toys-and-games,valid,467746,3,3.0010545980760712,3,3,3
amazon-toys-and-games,valid,467797,6,6.960308343606837,4,6,6
amazon-toys-and-games,valid,468188,12,9.783874117102192,11,12,12
amazon-toys-and-games,valid,468204,8,9.703110814509575,8,8,8
amazon-toys-and-games,valid,468596,5,4.77351982970091,2,5,5
amazon-toys-and-games,valid,468991,8,3.7249409630621257,8,8,8
amazon-toys-and-games,valid,469017,9,0.974498964723046,9,9,9
amazon-toys-and-games,valid,469496,3,0.9616105429703339,1,1,1
amazon-toys-and-games,valid,469978,3,1.2034775996095552,3,3,3
amazon-toys-and-games,valid,470046,8,1.3151103002072324,4,8,8
amazon-toys-and-games,valid,470293,8,28.119429706247477,4,7,8
amazon-toys-and-games,valid,470344,5,34.892356178278234,3,4,5
amazon-toys-and-games,valid,470428,6,16.057170283469006,5,5,6
amazon-toys-and-games,valid,470660,5,3.6053196266994765,2,3,5
amazon-toys-and-games,valid,470672,5,9.217048553442446,4,4,4
amazon-toys-and-games,valid,470882,8,0.16493243520577883,6,6,6
amazon-toys-and-games,valid,471103,4,11.095191152937211,3,4,4
amazon-toys-and-games,valid,471610,5,5.972876433170325,1,3,3
amazon-toys-and-games,valid,471666,5,1.3104891684397724,5,5,5
amazon-toys-and-games,valid,471954,3,24.586825296768957,3,3,3
amazon-toys-and-games,valid,472399,7,7.954932897521337,4,5,6
amazon-toys-and-games,valid,472567,6,1.4294284786763432,5,6,6
amazon-toys-and-games,valid,472639,5,1.6697609765318884,2,3,5
amazon-toys-and-games,valid,472979,5,4.42963168249154,3,4,4
amazon-toys-and-games,valid,472987,14,8.495862465485233,2,8,8
amazon-toys-and-games,valid,473361,3,1.6357520068511244,2,3,3
amazon-toys-and-games,valid,474533,9,1.299139226615007,8,8,8
amazon-toys-and-games,valid,474847,3,3.2062368202909854,2,2,3
amazon-toys-and-games,valid,475522,9,1.2600258125132693,5,7,7
amazon-toys-and-games,valid,476092,4,7.9643264413319965,3,4,4
amazon-toys-and-games,valid,476263,11,9.972329749765855,7,8,9
amazon-toys-and-games,valid,477161,5,0.4878190601889954,5,5,5
amazon-toys-and-games,valid,477477,2,2.9818604703817315,1,1,1
amazon-toys-and-games,valid,477765,3,2.862054587261303,2,3,3
amazon-toys-and-games,valid,477963,5,5.272389812841887,1,5,5
amazon-toys-and-games,valid,478869,6,1.029310237203298,4,6,6
amazon-toys-and-games,valid,479694,17,16.39989334487583,15,17,17
amazon-toys-and-games,valid,479707,3,3.5916916265418712,3,3,3
amazon-toys-and-games,valid,479995,9,6.876784049493443,6,8,9
amazon-toys-and-games,valid,480166,4,3.1738773874630013,2,3,4
amazon-toys-and-games,valid,480617,3,1.4548793612531878,3,3,3
amazon-toys-and-games,valid,480717,6,21.132939249901547,3,5,6
amazon-toys-and-games,valid,481168,35,11.096476276349852,21,28,33
amazon-toys-and-games,valid,481257,4,8.030627804922567,3,4,4
amazon-toys-and-games,valid,481261,11,8.434402576672442,4,5,7
amazon-toys-and-games,valid,481654,9,18.188347737951954,3,7,7
amazon-toys-and-games,valid,481766,2,0.28337881966094636,2,2,2
amazon-toys-and-games,valid,482479,4,4.085581629970343,3,3,3
amazon-toys-and-games,valid,482523,3,3.8904098361018615,3,3,3
amazon-toys-and-games,valid,483024,7,2.1243683242123512,7,7,7
amazon-toys-and-games,valid,483132,2,0.6653081377467625,2,2,2
amazon-toys-and-games,valid,483708,3,0.8150857298112772,3,3,3
amazon-toys-and-games,valid,484286,4,1.3574184349815146,2,4,4
amazon-toys-and-games,valid,484339,3,1.106997844825269,1,2,2
amazon-toys-and-games,valid,484419,5,2.919111789989078,5,5,5
amazon-toys-and-games,valid,485177,10,3.429020932649224,3,9,10
amazon-toys-and-games,valid,485563,6,14.567101055666903,3,5,5
amazon-toys-and-games,valid,485891,6,0.5882376676376136,4,5,6
amazon-toys-and-games,valid,485948,6,2.4054411315764628,4,5,5
amazon-toys-and-games,valid,486513,3,0.9954097946768695,2,2,2
amazon-toys-and-games,valid,486559,6,58.2467369913351,4,6,6
amazon-toys-and-games,valid,486785,9,19.841222369925685,4,7,8
amazon-toys-and-games,valid,487419,4,9.935111260255137,4,4,4
amazon-toys-and-games,valid,487842,11,2.079007641867474,4,7,10
amazon-toys-and-games,valid,488240,7,6.004800618984245,5,6,7
amazon-toys-and-games,valid,488883,3,2.0786157804174388,3,3,3
amazon-toys-and-games,valid,489041,8,4.941614983982442,5,7,8
amazon-toys-and-games,valid,489395,1,15.70843775224579,1,1,1
amazon-toys-and-games,valid,489428,8,5.941305656294881,5,6,8
amazon-toys-and-games,valid,489577,3,0.9599383646716031,1,1,1
amazon-toys-and-games,valid,489875,3,14.399061050382214,3,3,3
amazon-toys-and-games,valid,490013,4,0.8298874169911148,1,4,4
amazon-toys-and-games,valid,490313,4,2.217036473788321,1,1,2
amazon-toys-and-games,valid,490565,4,4.338747021116184,3,3,3
amazon-toys-and-games,valid,490892,6,1.743547551558462,4,5,5
amazon-toys-and-games,valid,491102,2,0.4283162018329325,1,1,1
amazon-toys-and-games,valid,491373,2,1.9811847054376341,2,2,2
amazon-toys-and-games,valid,491442,6,24.91889562110008,5,5,6
amazon-toys-and-games,valid,491846,5,4.934170501851445,1,1,5
amazon-toys-and-games,valid,492479,3,4.602521763773699,2,2,3
amazon-toys-and-games,valid,492550,2,1.0558799107825838,2,2,2
amazon-toys-and-games,valid,493140,3,2.111047185216072,2,2,2
amazon-toys-and-games,valid,493382,3,1.549238282941043,1,1,1
amazon-toys-and-games,valid,493594,3,8.398587097879538,2,2,2
amazon-toys-and-games,valid,493621,12,10.252734950695721,5,9,11
amazon-toys-and-games,valid,493805,5,3.743660885276742,2,5,5
amazon-toys-and-games,valid,494387,3,8.621542096234872,1,1,2
amazon-toys-and-games,valid,495105,7,0.2714629681759299,1,2,2
amazon-toys-and-games,valid,495250,3,6.176161959954872,2,3,3
amazon-toys-and-games,valid,495341,3,3.638788743356111,1,1,1
amazon-toys-and-games,valid,495779,3,3.4883518930999937,2,3,3
amazon-toys-and-games,valid,496166,10,5.198710753061449,7,10,10
amazon-toys-and-games,valid,497070,3,16.732596997250962,2,3,3
amazon-toys-and-games,valid,497211,5,2.7444162115029807,2,3,4
amazon-toys-and-games,valid,497933,7,3.2361876586284684,4,7,7
amazon-toys-and-games,valid,497939,3,0.46219261153963664,3,3,3
amazon-toys-and-games,valid,498078,2,0.6790764136784437,1,2,2
amazon-toys-and-games,valid,498102,3,2.1877715827211865,1,3,3
amazon-toys-and-games,valid,498438,3,1.02502758872838,2,2,2
amazon-toys-and-games,valid,498510,3,6.283292175021413,1,1,1
amazon-toys-and-games,valid,498949,4,1.9339552816263845,1,2,4
amazon-toys-and-games,valid,499314,1,1.41792055268402,1,1,1
amazon-toys-and-games,valid,499370,3,2.6986941514425604,3,3,3
amazon-toys-and-games,valid,500102,7,1.974351036393215,6,7,7
amazon-toys-and-games,valid,500226,6,3.6346748305733643,3,3,4
amazon-toys-and-games,valid,501325,3,0.011254316499966388,3,3,3
amazon-toys-and-games,valid,501687,3,0.015601094656991887,3,3,3
amazon-toys-and-games,valid,502277,4,0.2786834391293896,3,3,3
amazon-toys-and-games,valid,502581,4,2.2120673720889537,3,3,3
amazon-toys-and-games,valid,502639,7,16.42903440367712,7,7,7
amazon-toys-and-games,valid,502694,7,4.955624600019568,4,5,5
amazon-toys-and-games,valid,502924,3,1.538044807421537,2,2,2
amazon-toys-and-games,valid,503031,12,7.857167513370311,5,9,9
amazon-toys-and-games,valid,503089,2,4.854691816717368,2,2,2
amazon-toys-and-games,valid,503979,22,14.509046111454985,12,19,20
amazon-toys-and-games,valid,504555,3,1.5847228677528953,2,3,3
amazon-toys-and-games,valid,505076,6,2.6801286717168056,5,5,5
amazon-toys-and-games,valid,505415,8,13.328905897660286,5,8,8
amazon-toys-and-games,valid,506010,2,1.5077900171588008,2,2,2
amazon-toys-and-games,valid,506071,3,0.05636657538200643,1,1,1
amazon-toys-and-games,valid,506311,5,1.196678208955375,3,3,3
amazon-toys-and-games,valid,506395,2,0.5614023681561091,1,1,1
amazon-toys-and-games,valid,506720,3,5.9106071442869155,2,2,2
amazon-toys-and-games,valid,506755,4,3.297387107568561,4,4,4
amazon-toys-and-games,valid,506993,4,4.622858462313155,1,4,4
amazon-toys-and-games,valid,507104,4,2.042441074213916,4,4,4
amazon-toys-and-games,valid,507316,4,0.277181387896604,4,4,4
amazon-toys-and-games,valid,507506,1,0.2342658552259146,1,1,1
amazon-toys-and-games,valid,508282,2,7.120782311288133,2,2,2
amazon-toys-and-games,valid,508283,13,10.372543237098123,4,10,12
amazon-toys-and-games,valid,508342,5,2.1606129785701245,2,2,5
amazon-toys-and-games,valid,508552,3,0.2605962125161534,1,1,1
amazon-toys-and-games,valid,508739,3,2.8533942974292916,2,3,3
amazon-toys-and-games,valid,508754,4,2.7918786271770335,4,4,4
amazon-toys-and-games,valid,511346,3,1.5258740815589154,1,2,2
amazon-toys-and-games,valid,511437,19,25.28726182764155,16,19,19
amazon-toys-and-games,valid,511902,4,5.553665128334309,2,3,4
amazon-toys-and-games,valid,511995,7,3.946243135863032,5,6,6
amazon-toys-and-games,valid,512342,1,0.6360020114205225,1,1,1
amazon-toys-and-games,valid,512406,30,52.47368232318438,17,26,27
amazon-toys-and-games,valid,512498,8,5.098189057465064,6,7,8
amazon-toys-and-games,valid,512818,3,0.047000100115667354,2,2,2
amazon-toys-and-games,valid,513266,3,0.04124942582115243,3,3,3
amazon-toys-and-games,valid,513601,16,4.977605016939659,8,11,11
amazon-toys-and-games,valid,513679,3,0.9883879107074498,1,1,1
amazon-toys-and-games,valid,514116,5,0.8964722413659091,5,5,5
amazon-toys-and-games,valid,514366,23,9.9915417123422,13,15,20
amazon-toys-and-games,valid,514511,8,5.480088524259013,6,7,7
amazon-toys-and-games,valid,514868,5,2.4877203991396,1,5,5
amazon-toys-and-games,valid,515031,3,2.687202795446995,2,2,2
amazon-toys-and-games,valid,516586,3,1.5665283788705726,2,2,2
amazon-toys-and-games,valid,516603,11,11.122258179396272,4,5,7
amazon-toys-and-games,valid,517398,9,1.5611173262653235,1,2,3
amazon-toys-and-games,valid,517671,4,11.40503630505263,2,3,4
amazon-toys-and-games,valid,517764,5,2.618375456014849,3,4,4
amazon-toys-and-games,valid,517823,4,3.2137695914123396,4,4,4
amazon-toys-and-games,valid,518120,7,1.1252310391962008,6,7,7
amazon-toys-and-games,valid,518289,3,1.5556335427582757,2,3,3
amazon-toys-and-games,valid,518438,3,0.7437305172096808,3,3,3
amazon-toys-and-games,valid,518603,10,0.8112226437733399,2,6,7
amazon-toys-and-games,valid,519054,6,1.667024397296409,6,6,6
amazon-toys-and-games,valid,519190,4,2.851114341768579,2,3,3
amazon-toys-and-games,valid,519504,3,2.450802193386914,2,2,2
amazon-toys-and-games,valid,519539,4,0.40413918519001524,1,1,1
amazon-toys-and-games,valid,519636,6,10.873355325049893,2,6,6
amazon-toys-and-games,valid,519967,5,1.7876281700316938,2,2,3
amazon-toys-and-games,valid,520200,4,2.7690058337140107,2,3,3
amazon-toys-and-games,valid,520760,5,9.906064561893398,4,5,5
amazon-toys-and-games,valid,520864,9,12.768986227992656,5,9,9
amazon-toys-and-games,valid,520910,3,3.1978383617054473,2,3,3
amazon-toys-and-games,valid,521165,9,4.3632914869238375,4,6,6
amazon-toys-and-games,valid,521369,4,1.4017261003568813,4,4,4
amazon-toys-and-games,valid,521628,100,66.43859352096685,45,71,86
amazon-toys-and-games,valid,522046,16,20.72336637066033,9,12,16
amazon-toys-and-games,valid,522385,2,7.494379071309866,2,2,2
amazon-toys-and-games,valid,522457,13,1.727566485372772,6,11,12
amazon-toys-and-games,valid,523196,7,1.7591860868188143,1,3,7
amazon-toys-and-games,valid,523425,34,25.159368647706753,14,27,28
amazon-toys-and-games,valid,523475,3,4.754422845193666,3,3,3
amazon-toys-and-games,valid,523928,4,4.047343895926254,2,2,3
amazon-toys-and-games,valid,523939,6,19.748376630460804,3,5,6
amazon-toys-and-games,valid,524021,8,15.68717692854366,8,8,8
amazon-toys-and-games,valid,524049,6,4.945848048955613,6,6,6
amazon-toys-and-games,valid,524176,9,2.914450308382186,2,5,5
amazon-toys-and-games,valid,524189,3,5.387186750377616,2,3,3
amazon-toys-and-games,valid,524414,10,10.753610282909927,4,7,9
amazon-toys-and-games,valid,524472,2,0.3430396621845669,2,2,2
amazon-toys-and-games,valid,525269,7,0.6658458404659686,1,1,1
amazon-toys-and-games,valid,525893,3,2.255454833445919,2,3,3
amazon-toys-and-games,valid,525991,10,3.4063500148718884,5,7,9
amazon-toys-and-games,valid,526020,4,1.1651003487225386,4,4,4
amazon-toys-and-games,valid,526036,9,2.7449596062058053,9,9,9
amazon-toys-and-games,valid,526254,5,5.6580346048571215,4,5,5
amazon-toys-and-games,valid,526860,6,0.9357145472744854,3,3,4
amazon-toys-and-games,valid,526959,3,10.353066534039232,3,3,3
amazon-toys-and-games,valid,527467,3,0.42732908538487707,2,2,2
amazon-toys-and-games,valid,527553,15,2.718604963118792,9,10,11
amazon-toys-and-games,valid,527875,4,4.608305831038779,3,4,4
amazon-toys-and-games,valid,528262,11,3.634217827533023,4,9,9
amazon-toys-and-games,valid,528430,16,10.573326314906716,14,16,16
amazon-toys-and-games,valid,528677,3,0.4697117219003054,3,3,3
amazon-toys-and-games,valid,529492,2,2.116485432854167,2,2,2
amazon-toys-and-games,valid,529515,3,0.03948010433532462,1,1,1
amazon-toys-and-games,valid,529623,5,14.171237508704781,3,5,5
amazon-toys-and-games,valid,530001,5,3.6232238244172312,2,2,5
amazon-toys-and-games,valid,530246,3,4.62883061801471,2,2,2
amazon-toys-and-games,valid,531029,6,1.2136017411398425,3,6,6
amazon-toys-and-games,valid,531613,1,0.31976754444854194,1,1,1
amazon-toys-and-games,valid,531720,7,6.726793324264528,4,5,6
amazon-toys-and-games,valid,532884,4,2.053027151837015,3,3,4
amazon-toys-and-games,valid,533186,20,7.190725911952223,7,16,20
amazon-toys-and-games,valid,533240,9,1.2932325919693324,1,8,8
amazon-toys-and-games,valid,533864,4,14.815684147022418,4,4,4
amazon-toys-and-games,valid,533873,4,6.550885226779063,3,4,4
amazon-toys-and-games,valid,533926,4,4.328817798402715,2,2,2
amazon-toys-and-games,valid,534098,13,2.718157193740766,4,4,4
amazon-toys-and-games,valid,534424,3,2.3614007364541383,2,3,3
amazon-toys-and-games,valid,534457,5,33.03657940623883,3,4,4
amazon-toys-and-games,valid,534495,3,5.55677839039684,2,3,3
amazon-toys-and-games,valid,534996,5,3.580384437838511,3,5,5
amazon-toys-and-games,valid,535134,3,0.27426228571974276,3,3,3
amazon-toys-and-games,valid,535252,4,2.3814687733667785,4,4,4
amazon-toys-and-games,valid,535421,3,1.3576359952442845,1,2,2
amazon-toys-and-games,valid,535460,6,3.7020590624253127,1,4,4
amazon-toys-and-games,valid,535473,4,16.786050162439725,4,4,4
amazon-toys-and-games,valid,535742,3,1.1959199102488023,3,3,3
amazon-toys-and-games,valid,535856,6,29.166200292934775,5,6,6
amazon-toys-and-games,valid,536148,6,7.157472078764911,4,5,5
amazon-toys-and-games,valid,536309,16,32.29992554252984,11,14,15
amazon-toys-and-games,valid,536773,11,2.896502219146303,8,9,9
amazon-toys-and-games,valid,536895,3,0.9953483212537847,1,2,3
amazon-toys-and-games,valid,536920,10,6.115443799851895,3,5,8
amazon-toys-and-games,valid,537146,4,0.8206977726825389,1,1,1
amazon-toys-and-games,valid,538334,6,4.4159648503568025,3,6,6
amazon-toys-and-games,valid,538484,11,7.357372393158463,8,11,11
amazon-toys-and-games,valid,538544,7,14.90678725408022,7,7,7
amazon-toys-and-games,valid,538731,4,7.318732805070875,4,4,4
amazon-toys-and-games,valid,538800,3,2.5456071136134475,2,3,3
amazon-toys-and-games,valid,539475,3,1.6127825761551045,2,2,2
amazon-toys-and-games,valid,539580,20,1.5400144867307528,7,17,19
amazon-toys-and-games,valid,539747,3,0.9008209168508076,3,3,3
amazon-toys-and-games,valid,540315,4,1.414114007016698,3,4,4
amazon-toys-and-games,valid,540447,7,0.6456238670185661,1,4,4
amazon-toys-and-games,valid,540738,9,2.5441800700759076,2,9,9
amazon-toys-and-games,valid,540847,3,1.0809289393159285,3,3,3
amazon-toys-and-games,valid,540878,3,0.4849271530449803,2,2,2
amazon-toys-and-games,valid,541091,5,2.8649678709660202,5,5,5
amazon-toys-and-games,valid,541202,10,25.095992584230764,6,8,9
amazon-toys-and-games,valid,541327,6,3.446638507369632,3,4,5
amazon-toys-and-games,valid,541331,3,6.876748000263855,2,2,2
amazon-toys-and-games,valid,541373,10,11.237251300634068,6,9,10
amazon-toys-and-games,valid,542177,4,1.4894757436434298,2,4,4
amazon-toys-and-games,valid,542179,5,2.666840293248466,5,5,5
amazon-toys-and-games,valid,542372,8,2.9029212588062103,8,8,8
amazon-toys-and-games,valid,542426,5,14.790157877284754,3,5,5
amazon-toys-and-games,valid,542574,2,0.054937002073969066,2,2,2
amazon-toys-and-games,valid,542798,4,3.0454611774778835,3,4,4
amazon-toys-and-games,valid,543509,6,5.207167016902851,4,5,5
amazon-toys-and-games,valid,543702,3,6.494410630196821,2,3,3
amazon-toys-and-games,valid,543715,3,1.0427514138096756,2,2,3
amazon-toys-and-games,valid,543756,4,1.9616212312506849,1,4,4
amazon-toys-and-games,valid,543830,9,1.9451299103556852,2,3,6
amazon-toys-and-games,valid,543846,3,2.3915005782739134,2,3,3
amazon-toys-and-games,valid,543972,4,3.3545189385260077,2,3,3
amazon-toys-and-games,valid,544085,2,11.299182738667561,2,2,2
amazon-toys-and-games,valid,545219,8,2.1017156207825964,5,8,8
amazon-toys-and-games,valid,545398,3,1.7058589042008168,1,2,2
amazon-toys-and-games,valid,545942,3,1.9735794563915317,3,3,3
amazon-toys-and-games,valid,545956,8,2.909346875869411,6,6,8
amazon-toys-and-games,valid,546353,4,3.409035239766272,3,4,4
amazon-toys-and-games,valid,546423,6,9.924953472777235,4,6,6
amazon-toys-and-games,valid,546515,5,1.6271810179176684,5,5,5
amazon-toys-and-games,valid,547571,4,0.02852746296716402,3,3,3
amazon-toys-and-games,valid,547785,2,1.7259671644643646,2,2,2
amazon-toys-and-games,valid,547787,5,0.2770880393652527,5,5,5
amazon-toys-and-games,valid,548064,5,1.3335528330868178,5,5,5
amazon-toys-and-games,valid,548743,7,4.2872976871383495,2,5,6
amazon-toys-and-games,valid,548776,4,2.355466906775617,3,4,4
amazon-toys-and-games,valid,548927,18,0.1605090050026844,11,11,11
amazon-toys-and-games,valid,549056,6,1.9753544698609784,3,3,3
amazon-toys-and-games,valid,549954,5,6.528475760782626,3,5,5
amazon-toys-and-games,valid,550319,5,3.2705886162477924,4,5,5
amazon-toys-and-games,valid,550760,7,0.06532474569007746,2,2,2
amazon-toys-and-games,valid,550817,3,9.9295695450037,2,3,3
amazon-toys-and-games,valid,550970,4,6.885831330967282,2,2,3
amazon-toys-and-games,valid,551487,4,1.1773873175395124,2,4,4
amazon-toys-and-games,valid,552449,6,10.308929122218336,5,6,6
amazon-toys-and-games,valid,552644,6,7.3734198658197085,3,3,6
amazon-toys-and-games,valid,552865,8,1.0149246972702701,8,8,8
amazon-toys-and-games,valid,552943,8,5.872836658853682,1,5,5
amazon-toys-and-games,valid,553154,3,1.307649501056527,2,3,3
amazon-toys-and-games,valid,553325,11,7.482040495174747,9,10,11
amazon-toys-and-games,valid,553341,3,0.26590114124903996,3,3,3
amazon-toys-and-games,valid,553476,3,8.91866920664057,3,3,3
amazon-toys-and-games,valid,553504,6,2.8126843451666934,1,3,5
amazon-toys-and-games,valid,553543,3,0.7512679684064552,2,2,2
amazon-toys-and-games,valid,553788,8,1.7788193826714893,6,6,6
amazon-toys-and-games,valid,553800,4,1.009619136094759,4,4,4
amazon-toys-and-games,valid,553964,7,7.047012179769792,6,7,7
amazon-toys-and-games,valid,554245,3,6.3451584714646,3,3,3
amazon-toys-and-games,valid,554988,44,11.960993468701773,24,36,41
amazon-toys-and-games,valid,555389,7,30.602298005573207,6,7,7
amazon-toys-and-games,valid,556167,3,0.2141276171819736,2,2,2
amazon-toys-and-games,valid,556295,8,2.995487079165563,3,5,7
amazon-toys-and-games,valid,556666,5,6.879410583712287,4,5,5
amazon-toys-and-games,valid,556688,21,11.92736143482511,11,15,19
amazon-toys-and-games,valid,557250,9,6.021411851000819,8,8,8
amazon-toys-and-games,valid,557457,3,3.683754022572257,3,3,3
amazon-toys-and-games,valid,557542,4,2.1105183366936062,1,3,3
amazon-toys-and-games,valid,557558,4,1.2723387114778406,3,4,4
amazon-toys-and-games,valid,557826,12,22.08749021532205,8,12,12
amazon-toys-and-games,valid,557834,4,0.3008375247941224,2,2,2
amazon-toys-and-games,valid,558804,5,2.7396010463383753,4,5,5
amazon-toys-and-games,valid,558857,20,7.1008077493953685,12,18,20
amazon-toys-and-games,valid,558914,12,6.114521066062997,4,8,10
amazon-toys-and-games,valid,559011,13,15.165547106192367,5,12,12
amazon-toys-and-games,valid,559105,3,0.4761106498847595,1,1,1
amazon-toys-and-games,valid,559489,3,0.47638335914437097,1,1,1
amazon-toys-and-games,valid,559843,4,1.0347434253003993,4,4,4
amazon-toys-and-games,valid,560106,7,7.5562471385924015,3,6,6
amazon-toys-and-games,valid,560813,4,2.000682152614603,3,4,4
amazon-toys-and-games,valid,560963,28,3.696119667251697,20,27,27
amazon-toys-and-games,valid,561194,8,4.739371216688694,5,5,5
amazon-toys-and-games,valid,561247,4,1.6021669002171872,1,3,3
amazon-toys-and-games,valid,561274,7,6.6092993984016015,5,7,7
amazon-toys-and-games,valid,561338,6,0.2972432268715258,4,4,4
amazon-toys-and-games,valid,561604,3,2.333680649741195,3,3,3
amazon-toys-and-games,valid,561940,6,2.9800385296695593,3,6,6
amazon-toys-and-games,valid,562302,3,2.366685047557472,2,2,3
amazon-toys-and-games,valid,562321,3,1.7909135829765672,2,2,3
amazon-toys-and-games,valid,562362,1,2.2703111636684987,1,1,1
amazon-toys-and-games,valid,562464,4,2.4035311548509837,2,4,4
amazon-toys-and-games,valid,562669,4,0.4666412129591794,2,2,2
amazon-toys-and-games,valid,562678,3,6.865153050166424,2,3,3
amazon-toys-and-games,valid,562786,3,10.18579279623818,3,3,3
amazon-toys-and-games,valid,562881,10,4.58286835624557,4,8,8
amazon-toys-and-games,valid,562930,3,1.1279103191299158,3,3,3
amazon-toys-and-games,valid,563736,3,7.1668345063984535,2,2,2
amazon-toys-and-games,valid,563794,3,1.904746804441341,3,3,3
amazon-toys-and-games,valid,564566,7,8.030249604233218,5,5,5
amazon-toys-and-games,valid,564869,12,69.1833082453885,8,10,12
amazon-toys-and-games,valid,565097,6,5.261558853434647,3,5,5
amazon-toys-and-games,valid,565125,7,14.475349188965065,7,7,7
amazon-toys-and-games,valid,565465,4,19.289237198934387,2,3,4
amazon-toys-and-games,valid,565584,6,0.1648770332318873,5,6,6
amazon-toys-and-games,valid,565585,2,1.6101454169001697,2,2,2
amazon-toys-and-games,valid,565627,8,4.446172333911239,6,6,6
amazon-toys-and-games,valid,565673,3,2.3423034989698457,2,2,2
amazon-toys-and-games,valid,565704,6,10.503472521095283,3,5,6
amazon-toys-and-games,valid,566689,7,5.397601056583946,3,4,4
amazon-toys-and-games,valid,566968,3,1.1144320813857527,3,3,3
amazon-toys-and-games,valid,567524,6,0.7993973580721278,6,6,6
amazon-toys-and-games,valid,567891,9,5.995017996471096,5,8,8
amazon-toys-and-games,test,528,4,3.44603591603717,3,4,4
amazon-toys-and-games,test,722,26,24.1147764463947,17,23,26
amazon-toys-and-games,test,1764,5,3.1310670932450004,2,4,4
amazon-toys-and-games,test,2311,7,18.756473603647322,3,4,5
amazon-toys-and-games,test,2318,4,4.154896582665848,4,4,4
amazon-toys-and-games,test,2377,7,2.4217237464054335,3,7,7
amazon-toys-and-games,test,2714,6,1.2152396410483346,6,6,6
amazon-toys-and-games,test,2944,4,6.057242508416705,2,3,4
amazon-toys-and-games,test,3057,6,14.864501634263362,5,6,6
amazon-toys-and-games,test,3230,16,5.840202872415262,7,14,14
amazon-toys-and-games,test,3583,4,0.675136612350175,1,1,1
amazon-toys-and-games,test,3624,5,1.5257468341029,4,4,4
amazon-toys-and-games,test,3629,4,7.066017839562082,4,4,4
amazon-toys-and-games,test,4004,19,15.16648400669605,9,12,15
amazon-toys-and-games,test,4199,3,6.997478008546956,2,3,3
amazon-toys-and-games,test,4966,4,2.3064570304883514,4,4,4
amazon-toys-and-games,test,5398,12,11.599978901714053,9,10,10
amazon-toys-and-games,test,5483,5,2.5121845447339632,2,5,5
amazon-toys-and-games,test,5678,7,2.616269422075827,2,6,6
amazon-toys-and-games,test,5804,5,1.6344477836712297,4,4,4
amazon-toys-and-games,test,5993,10,22.552604458809043,9,9,10
amazon-toys-and-games,test,6082,6,4.34878300014464,3,4,5
amazon-toys-and-games,test,6403,5,18.792900780946475,3,5,5
amazon-toys-and-games,test,6844,8,6.392376637797137,6,8,8
amazon-toys-and-games,test,8213,78,53.29776214604479,43,68,73
amazon-toys-and-games,test,8484,5,0.09397237275586434,3,5,5
amazon-toys-and-games,test,8490,9,4.994057379369001,2,6,6
amazon-toys-and-games,test,9207,3,30.77699067482324,3,3,3
amazon-toys-and-games,test,9307,8,2.563346370294777,5,5,5
amazon-toys-and-games,test,9710,4,2.1632429279791414,3,4,4
amazon-toys-and-games,test,9721,5,1.0347316618675866,3,3,3
amazon-toys-and-games,test,9790,5,3.1722348074790894,2,5,5
amazon-toys-and-games,test,9940,5,2.95556097629156,3,4,5
amazon-toys-and-games,test,10693,5,2.3654813827548455,4,5,5
amazon-toys-and-games,test,11198,7,1.0598549391650278,6,6,6
amazon-toys-and-games,test,11563,6,1.7823513217513272,6,6,6
amazon-toys-and-games,test,12966,4,2.68823279150498,2,3,3
amazon-toys-and-games,test,13470,6,0.41278492884166673,6,6,6
amazon-toys-and-games,test,13978,3,0.039207142098663494,3,3,3
amazon-toys-and-games,test,14672,8,3.4990483952053006,5,8,8
amazon-toys-and-games,test,15233,6,3.4796487236580536,2,3,4
amazon-toys-and-games,test,15338,10,1.6969407042666034,9,9,9
amazon-toys-and-games,test,15453,6,4.397096810079567,5,6,6
amazon-toys-and-games,test,16226,6,14.254146436144701,3,5,6
amazon-toys-and-games,test,16800,25,18.98411639322272,15,24,24
amazon-toys-and-games,test,16835,8,12.597253896178596,2,5,7
amazon-toys-and-games,test,17529,4,8.441670354334201,2,3,4
amazon-toys-and-games,test,18011,4,0.7156361509516584,4,4,4
amazon-toys-and-games,test,18425,10,15.463700291511778,6,8,9
amazon-toys-and-games,test,18738,8,6.578166524799245,6,7,8
amazon-toys-and-games,test,18760,6,5.83570595237922,1,2,2
amazon-toys-and-games,test,18791,9,10.445637540428105,8,9,9
amazon-toys-and-games,test,18905,4,2.440445565947923,1,1,4
amazon-toys-and-games,test,19292,21,14.48289081428316,14,19,21
amazon-toys-and-games,test,19395,26,3.982614468478459,15,20,24
amazon-toys-and-games,test,19423,5,4.344914981054233,3,4,4
amazon-toys-and-games,test,19490,6,2.4562958429989012,5,6,6
amazon-toys-and-games,test,19622,4,21.157261348882482,2,3,4
amazon-toys-and-games,test,19841,19,12.532523646555392,10,16,17
amazon-toys-and-games,test,21495,5,45.391249561796315,4,5,5
amazon-toys-and-games,test,22007,19,9.294370229761977,16,18,18
amazon-toys-and-games,test,22053,9,5.459991774451228,4,7,8
amazon-toys-and-games,test,22204,6,3.6762430074771792,5,5,5
amazon-toys-and-games,test,22386,4,0.5071878685361755,1,1,1
amazon-toys-and-games,test,22646,9,1.2025076856008816,5,5,5
amazon-toys-and-games,test,22903,7,3.010617889487102,4,5,5
amazon-toys-and-games,test,22905,7,11.996669051186174,4,6,7
amazon-toys-and-games,test,23313,4,3.1420548984230736,4,4,4
amazon-toys-and-games,test,23605,2,2.1866697411810776,1,1,1
amazon-toys-and-games,test,23757,5,5.2634455562715505,5,5,5
amazon-toys-and-games,test,23862,5,7.423271776217008,3,4,4
amazon-toys-and-games,test,25220,22,4.489474668490968,10,17,22
amazon-toys-and-games,test,25258,4,2.9250337297462625,3,3,3
amazon-toys-and-games,test,25949,4,3.2301162094348927,2,4,4
amazon-toys-and-games,test,26622,6,2.063533794666497,4,5,5
amazon-toys-and-games,test,27406,7,7.298758496155159,3,7,7
amazon-toys-and-games,test,27540,11,4.85574926078525,6,8,11
amazon-toys-and-games,test,28623,4,2.900929570493668,3,3,4
amazon-toys-and-games,test,28667,8,0.10819980203280971,6,6,6
amazon-toys-and-games,test,28934,7,4.878873639924231,4,4,7
amazon-toys-and-games,test,29027,4,4.133688757655639,3,4,4
amazon-toys-and-games,test,29179,31,18.853729365531663,19,25,26
amazon-toys-and-games,test,29238,5,3.1238549705341816,3,5,5
amazon-toys-and-games,test,29387,5,4.758088988598388,4,4,4
amazon-toys-and-games,test,30094,5,2.579066490653668,3,4,5
amazon-toys-and-games,test,30119,8,10.22457873154904,2,7,8
amazon-toys-and-games,test,30154,12,5.667677584038818,6,11,12
amazon-toys-and-games,test,30229,4,0.6761841270688542,4,4,4
amazon-toys-and-games,test,30507,4,0.628650751332351,3,3,3
amazon-toys-and-games,test,30962,6,3.75665707525264,6,6,6
amazon-toys-and-games,test,30983,6,3.7271513500341613,6,6,6
amazon-toys-and-games,test,31341,5,6.508576459562157,2,2,2
amazon-toys-and-games,test,31568,2,3.00015830038887,2,2,2
amazon-toys-and-games,test,31928,7,3.478047884887347,6,7,7
amazon-toys-and-games,test,31997,4,4.311578930325756,4,4,4
amazon-toys-and-games,test,32510,5,1.8198886888332324,5,5,5
amazon-toys-and-games,test,33797,5,1.4256768290288129,1,5,5
amazon-toys-and-games,test,34420,4,1.300786486674339,2,4,4
amazon-toys-and-games,test,34439,5,44.12733195034996,2,5,5
amazon-toys-and-games,test,34542,6,7.129721255340424,4,5,6
amazon-toys-and-games,test,34745,5,8.308709032185067,5,5,5
amazon-toys-and-games,test,35116,5,2.7169793325972122,3,5,5
amazon-toys-and-games,test,35633,5,0.5897231488736421,4,4,4
amazon-toys-and-games,test,36208,5,1.7733029651250267,1,3,3
amazon-toys-and-games,test,36290,8,5.058805716851262,2,6,7
amazon-toys-and-games,test,36820,5,1.7937309883794361,4,5,5
amazon-toys-and-games,test,36979,16,21.785964592952656,15,16,16
amazon-toys-and-games,test,36997,6,4.066151474688603,4,6,6
amazon-toys-and-games,test,37581,4,10.04762482693998,2,3,4
amazon-toys-and-games,test,37762,2,1.548796079058111,1,1,1
amazon-toys-and-games,test,37821,12,3.3505985531863063,8,11,12
amazon-toys-and-games,test,38679,30,8.040161118553204,16,21,21
amazon-toys-and-games,test,38849,4,21.23884581497853,4,4,4
amazon-toys-and-games,test,39220,11,80.38194171396125,5,9,11
amazon-toys-and-games,test,39493,8,3.910277641679638,5,8,8
amazon-toys-and-games,test,39498,13,25.627856213663406,8,12,13
amazon-toys-and-games,test,39641,5,3.9683659788621233,4,5,5
amazon-toys-and-games,test,39681,4,8.85128876944437,1,2,2
amazon-toys-and-games,test,39944,4,9.880692481667545,4,4,4
amazon-toys-and-games,test,39966,6,1.4738928633340187,5,5,5
amazon-toys-and-games,test,40226,7,1.7103034579875638,2,5,5
amazon-toys-and-games,test,40293,2,2.5030295582812006,1,1,1
amazon-toys-and-games,test,40961,4,1.6034715028626567,2,2,3
amazon-toys-and-games,test,41236,5,16.881204064506363,5,5,5
amazon-toys-and-games,test,41331,5,8.010087586346602,3,4,5
amazon-toys-and-games,test,42279,7,0.6837195544492307,5,6,6
amazon-toys-and-games,test,42430,18,10.373003402351586,10,13,18
amazon-toys-and-games,test,42950,4,5.286089658481615,4,4,4
amazon-toys-and-games,test,43197,5,1.8055266757658295,4,4,4
amazon-toys-and-games,test,43230,26,85.85744629407912,12,18,22
amazon-toys-and-games,test,43534,18,5.278435458376389,11,13,13
amazon-toys-and-games,test,43855,30,51.83571341520218,17,28,29
amazon-toys-and-games,test,44453,16,3.381990475287589,7,9,10
amazon-toys-and-games,test,44454,5,5.760514342818434,2,4,4
amazon-toys-and-games,test,44902,5,3.799293068283376,3,5,5
amazon-toys-and-games,test,45910,12,2.8571899650834753,2,5,5
amazon-toys-and-games,test,46074,7,1.6753197677341813,4,7,7
amazon-toys-and-games,test,46601,7,7.494020096876296,3,5,6
amazon-toys-and-games,test,46641,4,2.0668131361621773,4,4,4
amazon-toys-and-games,test,47058,8,4.693852550176259,2,4,7
amazon-toys-and-games,test,47614,6,4.714108675525375,1,6,6
amazon-toys-and-games,test,47915,8,2.023449581136412,2,2,8
amazon-toys-and-games,test,48455,4,1.4802513149905157,2,2,2
amazon-toys-and-games,test,48621,5,25.689113214882312,3,5,5
amazon-toys-and-games,test,48662,8,1.6574533900853612,1,1,1
amazon-toys-and-games,test,48855,4,6.219485797583829,3,3,3
amazon-toys-and-games,test,48901,7,3.7102013817479973,4,6,6
amazon-toys-and-games,test,49025,4,1.773305621384049,3,4,4
amazon-toys-and-games,test,50076,15,9.042541442858397,7,13,15
amazon-toys-and-games,test,50506,6,1.5592440312120552,5,6,6
amazon-toys-and-games,test,50632,4,0.24948546049191,1,4,4
amazon-toys-and-games,test,50950,6,3.060091852172102,5,6,6
amazon-toys-and-games,test,51286,5,0.026121145270110224,1,1,1
amazon-toys-and-games,test,51384,6,1.0862745973538221,6,6,6
amazon-toys-and-games,test,51647,5,2.155572663831258,2,3,3
amazon-toys-and-games,test,51800,4,4.816069051603587,2,4,4
amazon-toys-and-games,test,51968,4,2.6164242440302634,2,4,4
amazon-toys-and-games,test,52057,3,0.6881452614457726,2,3,3
amazon-toys-and-games,test,52171,11,9.586294361185832,6,9,9
amazon-toys-and-games,test,52490,7,3.5322999515991658,6,7,7
amazon-toys-and-games,test,52839,4,3.3968065821592615,1,4,4
amazon-toys-and-games,test,53251,4,2.8073294534664845,4,4,4
amazon-toys-and-games,test,53522,10,4.125230722974889,7,10,10
amazon-toys-and-games,test,53887,7,14.895306902586317,7,7,7
amazon-toys-and-games,test,53940,3,8.707186211536499,2,3,3
amazon-toys-and-games,test,53969,5,2.6129265833406645,5,5,5
amazon-toys-and-games,test,54159,4,0.8773039173306418,3,3,3
amazon-toys-and-games,test,54300,11,5.010206169338663,7,9,11
amazon-toys-and-games,test,54357,4,9.43874499097536,3,4,4
amazon-toys-and-games,test,54472,27,44.01933705972745,23,27,27
amazon-toys-and-games,test,54523,14,33.573374949744526,13,14,14
amazon-toys-and-games,test,54578,5,5.699107326209036,4,4,5
amazon-toys-and-games,test,55102,4,3.780768317862627,3,4,4
amazon-toys-and-games,test,55575,3,2.870824795621423,1,2,2
amazon-toys-and-games,test,55739,5,2.842287972503419,3,5,5
amazon-toys-and-games,test,55742,4,1.5590123042345008,2,4,4
amazon-toys-and-games,test,55756,6,14.222889856765027,6,6,6
amazon-toys-and-games,test,56072,5,8.442104209974493,3,4,5
amazon-toys-and-games,test,56438,4,1.421066448785966,3,4,4
amazon-toys-and-games,test,56540,4,0.03936930038754188,4,4,4
amazon-toys-and-games,test,57263,5,0.18730015998901073,5,5,5
amazon-toys-and-games,test,57887,8,3.2272418841958346,4,7,7
amazon-toys-and-games,test,58194,14,9.664205221054193,9,12,13
amazon-toys-and-games,test,58847,19,13.373599479525017,10,16,18
amazon-toys-and-games,test,59353,4,0.7362876794295062,3,3,3
amazon-toys-and-games,test,59984,5,17.41659798866802,5,5,5
amazon-toys-and-games,test,60605,10,9.520972777708877,8,10,10
amazon-toys-and-games,test,60829,17,20.841103913422145,17,17,17
amazon-toys-and-games,test,60842,4,1.0160179375906884,4,4,4
amazon-toys-and-games,test,61120,4,8.45028068119889,3,3,4
amazon-toys-and-games,test,61589,11,19.6429812055128,11,11,11
amazon-toys-and-games,test,61675,10,2.5891725443248994,3,9,9
amazon-toys-and-games,test,61901,5,1.6380615608266558,3,4,4
amazon-toys-and-games,test,61982,9,14.275653785981795,9,9,9
amazon-toys-and-games,test,62021,8,92.21759062001576,5,7,8
amazon-toys-and-games,test,62093,9,2.307991209806453,1,8,8
amazon-toys-and-games,test,62204,5,2.532557292503006,3,3,3
amazon-toys-and-games,test,62573,15,10.969303448564169,6,12,14
amazon-toys-and-games,test,62706,14,32.11309313710578,13,14,14
amazon-toys-and-games,test,63458,4,2.303163775254936,4,4,4
amazon-toys-and-games,test,63521,3,0.8688724452401135,1,3,3
amazon-toys-and-games,test,64472,4,3.947850931502606,3,4,4
amazon-toys-and-games,test,64622,8,2.671815339908502,4,4,4
amazon-toys-and-games,test,66608,4,1.4629834810413622,1,2,2
amazon-toys-and-games,test,66631,6,1.3173784924351324,4,5,5
amazon-toys-and-games,test,66750,6,3.39050441789633,2,2,3
amazon-toys-and-games,test,67206,9,4.454106200144944,1,4,5
amazon-toys-and-games,test,67571,5,0.4626788334292222,4,4,4
amazon-toys-and-games,test,67696,6,9.375689449421383,6,6,6
amazon-toys-and-games,test,68005,67,40.6792603279936,40,61,63
amazon-toys-and-games,test,68250,18,16.948381614108683,11,16,16
amazon-toys-and-games,test,68889,5,0.6427960895566585,4,5,5
amazon-toys-and-games,test,69028,4,3.4681476280460726,3,3,4
amazon-toys-and-games,test,69133,6,3.4857500241434973,1,2,6
amazon-toys-and-games,test,70071,4,9.832749409599,3,3,4
amazon-toys-and-games,test,70262,4,0.6312855073053131,1,1,1
amazon-toys-and-games,test,70360,5,4.603270069886808,4,4,4
amazon-toys-and-games,test,70852,8,1.181468343305794,6,7,7
amazon-toys-and-games,test,70860,4,4.698612060389922,2,3,4
amazon-toys-and-games,test,70981,3,3.3720396230363683,3,3,3
amazon-toys-and-games,test,71018,7,2.8895380139442213,3,7,7
amazon-toys-and-games,test,71211,6,7.094944626802249,4,5,6
amazon-toys-and-games,test,71253,5,1.001800753884257,2,3,3
amazon-toys-and-games,test,71810,7,4.41463368512111,4,5,6
amazon-toys-and-games,test,71954,8,1.746858894650933,5,7,7
amazon-toys-and-games,test,72080,10,9.185057455198871,5,10,10
amazon-toys-and-games,test,72661,6,1.8748101328186433,6,6,6
amazon-toys-and-games,test,72769,4,0.5239091455693821,2,2,4
amazon-toys-and-games,test,73048,17,20.64457489768185,12,16,16
amazon-toys-and-games,test,73164,4,10.987221054065559,3,4,4
amazon-toys-and-games,test,73370,7,2.1504631598692896,5,5,6
amazon-toys-and-games,test,73734,15,10.450463963071423,8,13,13
amazon-toys-and-games,test,73929,14,10.313079969650342,11,12,13
amazon-toys-and-games,test,74591,6,12.242579187034218,4,4,5
amazon-toys-and-games,test,74861,6,1.2239934059002215,3,6,6
amazon-toys-and-games,test,74918,3,4.673994484214896,1,3,3
amazon-toys-and-games,test,75615,4,7.426587293430798,3,3,3
amazon-toys-and-games,test,75843,6,6.754565397761191,2,4,4
amazon-toys-and-games,test,75941,4,8.407557917040098,3,4,4
amazon-toys-and-games,test,76318,10,3.375615959588434,9,10,10
amazon-toys-and-games,test,76339,7,3.984487700287464,5,6,7
amazon-toys-and-games,test,76668,5,1.500547790179064,5,5,5
amazon-toys-and-games,test,76917,6,5.945113846313027,5,6,6
amazon-toys-and-games,test,76987,9,15.508822290010237,8,9,9
amazon-toys-and-games,test,77710,6,3.5136455504404296,3,3,3
amazon-toys-and-games,test,77743,10,2.8776625122986377,1,6,6
amazon-toys-and-games,test,78195,3,15.250660981597754,3,3,3
amazon-toys-and-games,test,78585,4,1.2320543931014174,4,4,4
amazon-toys-and-games,test,78710,11,5.878237212911367,9,11,11
amazon-toys-and-games,test,78933,5,4.1126504272687505,5,5,5
amazon-toys-and-games,test,78998,40,31.05870326114612,22,35,36
amazon-toys-and-games,test,79124,5,2.5490197740143365,3,5,5
amazon-toys-and-games,test,79657,5,3.0121147546903684,2,4,5
amazon-toys-and-games,test,80111,8,2.412612019028175,6,6,6
amazon-toys-and-games,test,80202,5,0.8870043223026274,4,4,4
amazon-toys-and-games,test,80243,3,0.5869853047529139,2,2,2
amazon-toys-and-games,test,80689,35,40.791780092616165,30,33,35
amazon-toys-and-games,test,80985,5,2.1237944457750335,2,3,3
amazon-toys-and-games,test,81171,3,2.31864951237725,1,3,3
amazon-toys-and-games,test,81484,3,1.8325169236902952,3,3,3
amazon-toys-and-games,test,82613,20,18.832018622146585,9,19,19
amazon-toys-and-games,test,82765,5,0.866570733553124,3,5,5
amazon-toys-and-games,test,83624,7,45.514302278861535,6,7,7
amazon-toys-and-games,test,83942,6,1.7402875628070864,1,4,4
amazon-toys-and-games,test,83947,5,5.672725994043276,4,5,5
amazon-toys-and-games,test,84278,5,0.9948441379936681,1,1,1
amazon-toys-and-games,test,84384,9,3.4270138127366483,6,8,8
amazon-toys-and-games,test,84739,4,1.312220037414041,1,1,1
amazon-toys-and-games,test,84804,4,7.929715133295821,3,3,3
amazon-toys-and-games,test,85579,10,5.581966809284587,7,9,9
amazon-toys-and-games,test,85585,5,0.27647494948522655,4,4,4
amazon-toys-and-games,test,86071,5,2.1527992764350423,5,5,5
amazon-toys-and-games,test,86587,21,37.42846172688078,13,18,20
amazon-toys-and-games,test,87057,28,9.11435770613313,18,24,25
amazon-toys-and-games,test,87192,6,3.869957400562153,4,6,6
amazon-toys-and-games,test,87248,4,1.0868139444238514,2,3,4
amazon-toys-and-games,test,87302,4,0.09209983663374577,2,2,2
amazon-toys-and-games,test,87602,28,16.04470180361885,18,23,26
amazon-toys-and-games,test,87716,6,3.381048894708486,5,5,5
amazon-toys-and-games,test,88020,6,23.74530498312295,3,4,5
amazon-toys-and-games,test,88261,3,1.1221949351338385,1,3,3
amazon-toys-and-games,test,88544,14,9.284508172455213,8,12,14
amazon-toys-and-games,test,88636,11,5.01453688345303,4,10,10
amazon-toys-and-games,test,88913,4,0.615956868930883,1,4,4
amazon-toys-and-games,test,89466,10,13.825602554967013,9,10,10
amazon-toys-and-games,test,89804,3,1.764858464716437,2,2,2
amazon-toys-and-games,test,89935,9,10.632100978825125,3,3,3
amazon-toys-and-games,test,89947,7,19.144993479832763,2,3,3
amazon-toys-and-games,test,90041,4,0.5740008782098281,4,4,4
amazon-toys-and-games,test,90230,4,0.08672002669413825,1,1,1
amazon-toys-and-games,test,90425,6,3.537263614291964,5,6,6
amazon-toys-and-games,test,92712,2,0.015913268336361586,1,1,1
amazon-toys-and-games,test,93420,6,3.119909287489507,5,5,5
amazon-toys-and-games,test,93563,4,4.486237447674069,4,4,4
amazon-toys-and-games,test,93729,5,6.823453957639373,5,5,5
amazon-toys-and-games,test,94053,6,4.06845103607067,4,6,6
amazon-toys-and-games,test,94100,4,2.6697884877860467,3,4,4
amazon-toys-and-games,test,94231,5,1.5670830310521107,1,4,5
amazon-toys-and-games,test,95047,4,0.1132917240898218,1,1,1
amazon-toys-and-games,test,95063,8,43.4021072102823,7,8,8
amazon-toys-and-games,test,95325,4,3.0139053262483735,2,4,4
amazon-toys-and-games,test,95334,7,47.40923559758966,5,6,7
amazon-toys-and-games,test,95419,9,5.9057542855419,5,7,9
amazon-toys-and-games,test,95956,5,9.364831800935395,4,5,5
amazon-toys-and-games,test,95958,6,5.819251819110532,2,4,5
amazon-toys-and-games,test,96145,50,23.974487517511545,37,41,46
amazon-toys-and-games,test,96934,6,2.166820529416456,4,5,5
amazon-toys-and-games,test,97625,8,1.6553707565234403,4,6,6
amazon-toys-and-games,test,97833,11,37.809060385685015,9,11,11
amazon-toys-and-games,test,97908,6,7.048146149395217,3,6,6
amazon-toys-and-games,test,97930,2,0.7314687196091555,2,2,2
amazon-toys-and-games,test,98001,4,1.8423898590101981,2,2,2
amazon-toys-and-games,test,98184,4,2.961117111234831,2,4,4
amazon-toys-and-games,test,99275,4,2.7516002537612785,4,4,4
amazon-toys-and-games,test,99294,4,26.73743429790742,4,4,4
amazon-toys-and-games,test,100100,6,1.8982044384696888,2,4,5
amazon-toys-and-games,test,100632,6,1.9400283751707832,4,4,4
amazon-toys-and-games,test,101036,7,15.672359809763787,7,7,7
amazon-toys-and-games,test,101408,7,3.9098593441279066,6,6,7
amazon-toys-and-games,test,101460,5,10.732580933208302,2,4,5
amazon-toys-and-games,test,101789,9,2.5539257579397954,7,8,9
amazon-toys-and-games,test,102060,10,2.2590293991586368,7,10,10
amazon-toys-and-games,test,102450,10,4.137606360247793,5,6,7
amazon-toys-and-games,test,102571,6,0.2639257699562052,2,6,6
amazon-toys-and-games,test,102776,4,1.4166783088813095,2,2,2
amazon-toys-and-games,test,102792,4,0.6364920279658539,3,3,3
amazon-toys-and-games,test,102936,4,3.684163718904298,1,4,4
amazon-toys-and-games,test,103104,11,7.600388851023143,5,11,11
amazon-toys-and-games,test,103356,5,16.065674612949856,5,5,5
amazon-toys-and-games,test,103899,5,19.934370669942044,3,5,5
amazon-toys-and-games,test,104586,2,3.9018998007236534,2,2,2
amazon-toys-and-games,test,104973,4,6.960904104558956,2,4,4
amazon-toys-and-games,test,104986,4,5.8611362173265125,1,4,4
amazon-toys-and-games,test,105004,4,9.503743396271283,2,3,3
amazon-toys-and-games,test,105156,17,7.361156423868359,16,17,17
amazon-toys-and-games,test,105228,4,4.712315827173922,2,2,4
amazon-toys-and-games,test,106204,4,0.014310152772207874,4,4,4
amazon-toys-and-games,test,106226,4,1.1780626397737728,4,4,4
amazon-toys-and-games,test,106359,12,16.749746311452316,8,11,11
amazon-toys-and-games,test,106644,4,1.4190307424667705,3,3,4
amazon-toys-and-games,test,106699,10,3.0204106310822403,5,8,8
amazon-toys-and-games,test,106721,13,10.917893452517568,5,11,13
amazon-toys-and-games,test,106878,5,2.5663155619274853,3,4,4
amazon-toys-and-games,test,106965,3,0.9994166981675797,2,3,3
amazon-toys-and-games,test,107540,3,5.956234084976636,1,2,3
amazon-toys-and-games,test,107612,4,3.7377687968114266,3,4,4
amazon-toys-and-games,test,108177,3,1.135839125822626,3,3,3
amazon-toys-and-games,test,108536,4,2.167378343811116,3,3,3
amazon-toys-and-games,test,108674,9,20.559816834496914,7,9,9
amazon-toys-and-games,test,108829,4,1.0019487454583504,3,3,3
amazon-toys-and-games,test,109207,9,3.5219765906422147,4,9,9
amazon-toys-and-games,test,109277,3,13.340403704570619,2,3,3
amazon-toys-and-games,test,109540,4,2.7528278248951046,4,4,4
amazon-toys-and-games,test,109688,3,4.255300390957057,1,3,3
amazon-toys-and-games,test,110046,7,3.746723931394901,5,7,7
amazon-toys-and-games,test,110084,4,0.29323885315131293,4,4,4
amazon-toys-and-games,test,110703,4,2.9632192240295816,2,3,4
amazon-toys-and-games,test,110713,6,1.107884402896056,5,6,6
amazon-toys-and-games,test,111598,4,26.23893467316725,3,3,4
amazon-toys-and-games,test,111692,8,2.3513690580355284,7,8,8
amazon-toys-and-games,test,111758,5,5.405847222985545,5,5,5
amazon-toys-and-games,test,112069,19,4.865466488731043,9,15,15
amazon-toys-and-games,test,112139,14,4.903400523826928,11,13,13
amazon-toys-and-games,test,112217,6,3.818749533178288,3,6,6
amazon-toys-and-games,test,112304,6,2.10328989696308,6,6,6
amazon-toys-and-games,test,112436,8,3.120197681326202,8,8,8
amazon-toys-and-games,test,112577,4,9.16919566769213,4,4,4
amazon-toys-and-games,test,113065,12,1.0090963590214874,9,9,9
amazon-toys-and-games,test,113221,5,0.33837097073175704,1,3,3
amazon-toys-and-games,test,113598,4,0.23068648294925198,1,1,1
amazon-toys-and-games,test,114228,28,8.842707787917448,21,24,24
amazon-toys-and-games,test,115053,10,5.292405862970806,7,10,10
amazon-toys-and-games,test,115325,5,3.7004670778513473,3,4,4
amazon-toys-and-games,test,115688,8,3.168113052407801,5,7,7
amazon-toys-and-games,test,116082,7,1.2310928273353847,6,6,6
amazon-toys-and-games,test,116153,3,1.3780526345314559,3,3,3
amazon-toys-and-games,test,116243,4,1.77449043939647,3,4,4
amazon-toys-and-games,test,116607,13,4.902962620553842,7,7,8
amazon-toys-and-games,test,116779,7,1.8946410037471595,4,6,6
amazon-toys-and-games,test,117845,13,75.92777454634734,11,12,13
amazon-toys-and-games,test,119178,4,0.1545527868552619,1,1,1
amazon-toys-and-games,test,119202,7,3.212586417750742,4,7,7
amazon-toys-and-games,test,119311,5,45.878694848394325,3,4,5
amazon-toys-and-games,test,119345,18,6.514028494449462,10,13,13
amazon-toys-and-games,test,119534,8,3.3542621668205292,5,6,6
amazon-toys-and-games,test,120346,7,0.39700725620396166,7,7,7
amazon-toys-and-games,test,120593,5,1.6583328647987559,3,3,4
amazon-toys-and-games,test,120814,6,3.125117452500871,5,6,6
amazon-toys-and-games,test,121090,4,1.7800316486938068,3,4,4
amazon-toys-and-games,test,121435,4,0.6626496019311257,3,3,3
amazon-toys-and-games,test,121564,11,17.059306737898257,5,7,7
amazon-toys-and-games,test,122166,9,7.559737715924609,5,7,8
amazon-toys-and-games,test,122232,20,2.879481923240312,12,19,19
amazon-toys-and-games,test,122669,5,5.584132419318821,5,5,5
amazon-toys-and-games,test,122700,6,0.06665970558151485,2,2,5
amazon-toys-and-games,test,122745,3,6.435651650855496,3,3,3
amazon-toys-and-games,test,122811,8,3.507553357128776,5,7,7
amazon-toys-and-games,test,123324,4,9.041978695411268,2,3,3
amazon-toys-and-games,test,123925,12,10.136605203573477,5,11,12
amazon-toys-and-games,test,124074,5,1.3988072511570695,1,3,3
amazon-toys-and-games,test,124466,4,8.361294865558826,2,4,4
amazon-toys-and-games,test,124985,7,1.74950807031573,7,7,7
amazon-toys-and-games,test,125448,6,0.6100809709967504,5,5,5
amazon-toys-and-games,test,125647,7,2.8191777600792225,5,7,7
amazon-toys-and-games,test,125755,9,36.90247791652656,5,9,9
amazon-toys-and-games,test,126852,5,4.629245626864797,3,3,5
amazon-toys-and-games,test,126976,4,0.10456300396585796,3,3,3
amazon-toys-and-games,test,127494,10,4.3517490295642265,7,10,10
amazon-toys-and-games,test,127534,3,0.6834691071699956,3,3,3
amazon-toys-and-games,test,127933,13,15.523467637373336,3,7,9
amazon-toys-and-games,test,127959,11,5.5531748588119285,9,9,11
amazon-toys-and-games,test,128003,4,2.730869037512765,3,3,3
amazon-toys-and-games,test,128008,5,1.7198882524478218,4,4,4
amazon-toys-and-games,test,128300,5,1.5358330290757276,3,4,4
amazon-toys-and-games,test,129390,6,5.487522381353921,3,4,4
amazon-toys-and-games,test,129596,25,12.098582373533137,16,23,23
amazon-toys-and-games,test,129772,5,2.3124925569408648,5,5,5
amazon-toys-and-games,test,129829,4,1.9971718430725176,2,4,4
amazon-toys-and-games,test,129956,4,3.3146411542685037,3,3,3
amazon-toys-and-games,test,130060,4,9.24503300117236,4,4,4
amazon-toys-and-games,test,130468,5,1.7170495969727755,4,4,4
amazon-toys-and-games,test,130882,8,3.227097181323387,3,7,7
amazon-toys-and-games,test,131359,31,10.360677981023054,21,30,30
amazon-toys-and-games,test,131708,6,4.9593792853916945,6,6,6
amazon-toys-and-games,test,131966,4,2.3955020427580545,3,3,3
amazon-toys-and-games,test,132001,7,3.5657562929147897,2,6,7
amazon-toys-and-games,test,132174,5,4.74171808477906,3,5,5
amazon-toys-and-games,test,132282,5,8.364342353588425,4,4,5
amazon-toys-and-games,test,132351,3,0.623845199295636,1,2,3
amazon-toys-and-games,test,132719,8,3.2998098687738473,5,6,7
amazon-toys-and-games,test,132947,4,2.6895657275800198,4,4,4
amazon-toys-and-games,test,133271,4,3.4546499110690805,2,3,3
amazon-toys-and-games,test,133402,2,3.5547373715595993,2,2,2
amazon-toys-and-games,test,133723,4,17.727175256365364,3,3,3
amazon-toys-and-games,test,133896,4,0.45528659105899416,3,3,3
amazon-toys-and-games,test,134444,4,3.6443943353126045,4,4,4
amazon-toys-and-games,test,134485,5,1.6628138472806642,2,5,5
amazon-toys-and-games,test,134987,5,2.357412679753633,5,5,5
amazon-toys-and-games,test,135199,4,1.7327372097807756,2,2,4
amazon-toys-and-games,test,135360,7,3.273212367719091,6,7,7
amazon-toys-and-games,test,135487,4,0.6725888172380585,1,1,1
amazon-toys-and-games,test,135713,4,3.043905621599079,3,4,4
amazon-toys-and-games,test,135751,11,4.288562066432911,9,10,10
amazon-toys-and-games,test,135821,6,0.3137912146256657,1,1,4
amazon-toys-and-games,test,136250,9,16.655264822383863,4,7,8
amazon-toys-and-games,test,136756,13,14.311734131745768,7,8,8
amazon-toys-and-games,test,138282,7,5.235128317232714,5,6,7
amazon-toys-and-games,test,138304,12,6.538669344513064,8,11,11
amazon-toys-and-games,test,138680,12,9.227065179726598,7,10,10
amazon-toys-and-games,test,138915,2,1.160048776504959,2,2,2
amazon-toys-and-games,test,139076,4,1.4532337455446789,1,3,4
amazon-toys-and-games,test,139302,4,3.4587254978287927,4,4,4
amazon-toys-and-games,test,140952,6,0.2573909932960449,5,5,5
amazon-toys-and-games,test,140953,4,1.672968852011019,3,4,4
amazon-toys-and-games,test,141560,5,16.545156687976398,3,4,5
amazon-toys-and-games,test,141629,5,9.388790624872918,4,4,5
amazon-toys-and-games,test,141698,3,2.0386791789958725,2,3,3
amazon-toys-and-games,test,142854,32,14.327439326458723,17,30,30
amazon-toys-and-games,test,142891,6,2.9930283952192145,4,5,5
amazon-toys-and-games,test,142921,4,1.2010300466533952,2,2,2
amazon-toys-and-games,test,142998,15,6.410384429616757,14,15,15
amazon-toys-and-games,test,143292,7,2.2128405964414606,2,6,7
amazon-toys-and-games,test,143658,12,15.305547135284725,9,10,11
amazon-toys-and-games,test,143695,9,4.619169930439533,9,9,9
amazon-toys-and-games,test,144282,12,2.2039204991793744,1,9,11
amazon-toys-and-games,test,144551,7,2.7496151428520292,5,5,5
amazon-toys-and-games,test,144793,7,4.310598391280994,6,7,7
amazon-toys-and-games,test,145628,5,1.9071954957942252,2,3,4
amazon-toys-and-games,test,145740,4,0.709507022990744,3,3,3
amazon-toys-and-games,test,146369,4,1.7638489597994802,2,2,2
amazon-toys-and-games,test,146466,8,6.293879517529761,6,8,8
amazon-toys-and-games,test,146735,36,16.770388226802275,25,30,34
amazon-toys-and-games,test,147471,5,0.9922941293323665,2,2,2
amazon-toys-and-games,test,147857,14,2.71675911607542,11,12,12
amazon-toys-and-games,test,148343,4,3.033162698205147,3,3,4
amazon-toys-and-games,test,148556,6,14.561971187052432,4,5,6
amazon-toys-and-games,test,149181,7,6.863427620198725,5,7,7
amazon-toys-and-games,test,149628,11,7.091022344134673,9,10,11
amazon-toys-and-games,test,149727,4,3.369536921083367,1,2,2
amazon-toys-and-games,test,149760,4,1.1757305708408152,3,3,3
amazon-toys-and-games,test,150174,41,31.038213132026,38,41,41
amazon-toys-and-games,test,150408,4,4.163851464272272,4,4,4
amazon-toys-and-games,test,151320,6,14.380588792699285,5,6,6
amazon-toys-and-games,test,151347,4,37.659895251057904,3,4,4
amazon-toys-and-games,test,151394,4,3.3363192636141656,3,3,4
amazon-toys-and-games,test,151412,11,2.928988140499153,4,6,11
amazon-toys-and-games,test,151684,4,0.7598137861234624,1,4,4
amazon-toys-and-games,test,153047,19,11.22676426352594,12,15,18
amazon-toys-and-games,test,154018,7,6.4972905209309735,3,7,7
amazon-toys-and-games,test,154021,6,3.6130723613655724,5,5,5
amazon-toys-and-games,test,154181,4,0.13868707820425008,2,3,3
amazon-toys-and-games,test,154605,10,5.342515809958833,10,10,10
amazon-toys-and-games,test,154755,7,2.4859450062045783,6,7,7
amazon-toys-and-games,test,155168,4,0.6228517584213371,4,4,4
amazon-toys-and-games,test,155178,10,3.917887950266736,10,10,10
amazon-toys-and-games,test,155771,18,31.750809257771024,12,17,18
amazon-toys-and-games,test,155951,3,2.639850677766625,3,3,3
amazon-toys-and-games,test,156014,11,2.1267570600044485,2,7,7
amazon-toys-and-games,test,156067,10,4.617709999885529,5,7,7
amazon-toys-and-games,test,156897,8,0.019826570318670744,4,4,4
amazon-toys-and-games,test,157429,6,1.1031025042134908,5,6,6
amazon-toys-and-games,test,157766,6,4.335758223762122,3,5,6
amazon-toys-and-games,test,158229,4,1.0388354555683443,3,4,4
amazon-toys-and-games,test,158286,3,0.09027675752484976,1,1,1
amazon-toys-and-games,test,158328,4,3.7523521647973452,2,4,4
amazon-toys-and-games,test,158429,4,1.204198837178342,4,4,4
amazon-toys-and-games,test,158859,18,9.577821780324722,18,18,18
amazon-toys-and-games,test,158892,10,7.42291103094409,4,8,9
amazon-toys-and-games,test,159201,4,0.7363850755936534,4,4,4
amazon-toys-and-games,test,159365,8,5.97482764515491,6,7,7
amazon-toys-and-games,test,159956,7,0.10894899356559198,7,7,7
amazon-toys-and-games,test,160236,2,2.9060209865965803,2,2,2
amazon-toys-and-games,test,160408,4,3.277323497754291,1,1,3
amazon-toys-and-games,test,160447,8,4.344826186109777,2,8,8
amazon-toys-and-games,test,160602,4,2.643565139787844,3,3,4
amazon-toys-and-games,test,160748,4,3.79008419771902,4,4,4
amazon-toys-and-games,test,161040,7,1.5175616351702863,1,4,4
amazon-toys-and-games,test,161063,6,1.696751983387503,4,4,4
amazon-toys-and-games,test,161403,4,5.843951739315246,3,3,4
amazon-toys-and-games,test,161581,13,24.67006486521288,12,13,13
amazon-toys-and-games,test,161587,4,2.225095310684593,4,4,4
amazon-toys-and-games,test,161706,3,0.44766287468826105,1,1,1
amazon-toys-and-games,test,161854,4,1.0014678360868092,4,4,4
amazon-toys-and-games,test,162173,5,2.9305251025648014,2,3,3
amazon-toys-and-games,test,162463,7,5.108674450222371,6,6,7
amazon-toys-and-games,test,162657,5,4.677467859107721,5,5,5
amazon-toys-and-games,test,163312,4,0.37710985231136607,4,4,4
amazon-toys-and-games,test,163410,4,6.375969937725271,4,4,4
amazon-toys-and-games,test,163502,5,0.7316852679637265,5,5,5
amazon-toys-and-games,test,163621,22,183.12262828482005,12,19,21
amazon-toys-and-games,test,164421,4,2.678806360677855,1,3,4
amazon-toys-and-games,test,164459,16,3.8995984685022385,11,15,16
amazon-toys-and-games,test,164464,5,14.600497061956165,5,5,5
amazon-toys-and-games,test,164481,8,25.549303298042823,7,8,8
amazon-toys-and-games,test,164613,4,2.4925282279697623,2,2,2
amazon-toys-and-games,test,164812,7,0.5935663762131751,7,7,7
amazon-toys-and-games,test,165249,5,29.678728886456373,4,5,5
amazon-toys-and-games,test,165378,4,2.9720001839143153,3,3,3
amazon-toys-and-games,test,165812,4,6.982978881918598,2,4,4
amazon-toys-and-games,test,166385,5,0.7894953303915053,3,3,3
amazon-toys-and-games,test,167027,5,4.215173930259667,4,4,4
amazon-toys-and-games,test,167507,20,8.814530698164166,9,12,14
amazon-toys-and-games,test,167583,4,0.6683597998976836,2,2,2
amazon-toys-and-games,test,167645,11,0.997537584642168,1,1,1
amazon-toys-and-games,test,168165,4,5.513431911321931,4,4,4
amazon-toys-and-games,test,168456,4,1.1713434428443574,4,4,4
amazon-toys-and-games,test,169315,4,2.888414289889311,3,4,4
amazon-toys-and-games,test,169907,5,1.6878697061943515,4,5,5
amazon-toys-and-games,test,170677,4,4.847302483583213,3,4,4
amazon-toys-and-games,test,170815,5,1.5094070464606897,1,1,1
amazon-toys-and-games,test,170861,4,1.7773555309732134,1,1,1
amazon-toys-and-games,test,171168,20,7.956065475772988,14,17,18
amazon-toys-and-games,test,171248,5,1.1271938881250738,5,5,5
amazon-toys-and-games,test,172765,6,3.2969221357511533,3,3,5
amazon-toys-and-games,test,172806,16,21.50633464019169,11,15,16
amazon-toys-and-games,test,172822,8,15.390194268033358,5,7,7
amazon-toys-and-games,test,173935,25,11.228309953299805,13,23,25
amazon-toys-and-games,test,174137,5,10.261410672127766,2,4,5
amazon-toys-and-games,test,174495,9,2.655951908050938,2,9,9
amazon-toys-and-games,test,174981,13,4.323281395669324,10,12,12
amazon-toys-and-games,test,175162,4,0.43967360648066484,2,2,2
amazon-toys-and-games,test,175667,3,2.8287926588083985,3,3,3
amazon-toys-and-games,test,175724,4,0.44614260910789477,4,4,4
amazon-toys-and-games,test,175903,4,2.1158772760266107,4,4,4
amazon-toys-and-games,test,175938,4,1.2029901128347213,4,4,4
amazon-toys-and-games,test,175939,15,2.2134922653215705,7,15,15
amazon-toys-and-games,test,175940,10,4.295250779627834,6,10,10
amazon-toys-and-games,test,176187,7,6.496452913919309,4,4,7
amazon-toys-and-games,test,177028,4,0.619887373352574,3,3,3
amazon-toys-and-games,test,177767,5,7.365172055067285,2,4,5
amazon-toys-and-games,test,177898,5,4.188591354850844,4,4,4
amazon-toys-and-games,test,178015,8,1.5161296585802764,6,7,7
amazon-toys-and-games,test,178261,23,14.616865688982045,10,13,17
amazon-toys-and-games,test,178511,7,3.7268723163483064,7,7,7
amazon-toys-and-games,test,179273,4,2.14692312552386,1,2,2
amazon-toys-and-games,test,179416,11,11.31164084645868,6,10,10
amazon-toys-and-games,test,179581,5,4.274307315634595,4,5,5
amazon-toys-and-games,test,179608,3,3.787174708670049,1,2,2
amazon-toys-and-games,test,179715,8,20.46712781431434,5,8,8
amazon-toys-and-games,test,179748,4,0.9350358098500535,3,4,4
amazon-toys-and-games,test,180658,8,3.465137707108358,7,8,8
amazon-toys-and-games,test,180661,8,22.545073585015565,7,7,7
amazon-toys-and-games,test,180710,7,3.858130976464217,1,3,3
amazon-toys-and-games,test,180737,4,0.4000250194302185,4,4,4
amazon-toys-and-games,test,181082,9,14.003997416851345,4,6,6
amazon-toys-and-games,test,181283,5,0.36950030265541794,5,5,5
amazon-toys-and-games,test,181322,4,2.871937641663195,3,4,4
amazon-toys-and-games,test,181425,5,16.55724418438966,5,5,5
amazon-toys-and-games,test,181743,12,6.258727344561256,6,9,11
amazon-toys-and-games,test,181814,6,1.8194485087666985,1,5,6
amazon-toys-and-games,test,182656,8,2.4370162090617518,5,8,8
amazon-toys-and-games,test,182792,7,4.858573749545511,2,5,5
amazon-toys-and-games,test,182855,8,5.3366647037755754,6,7,7
amazon-toys-and-games,test,183025,3,1.016898044746707,1,2,2
amazon-toys-and-games,test,183198,5,3.132383206346233,4,5,5
amazon-toys-and-games,test,183476,5,0.6429512909766691,2,5,5
amazon-toys-and-games,test,183695,7,2.951362948639777,3,5,7
amazon-toys-and-games,test,183708,7,3.164796017331711,5,5,6
amazon-toys-and-games,test,183725,2,1.5167061932766162,1,2,2
amazon-toys-and-games,test,183734,4,3.0092673715071063,3,4,4
amazon-toys-and-games,test,184223,4,1.8173243869686209,4,4,4
amazon-toys-and-games,test,184717,57,24.194273978318982,28,49,52
amazon-toys-and-games,test,184876,4,8.807779373149435,4,4,4
amazon-toys-and-games,test,185204,4,2.8598999817287325,1,1,3
amazon-toys-and-games,test,185253,6,3.317467919822213,4,6,6
amazon-toys-and-games,test,185255,5,0.4534946281272153,4,4,4
amazon-toys-and-games,test,185258,11,16.996255243977075,1,6,7
amazon-toys-and-games,test,185322,13,5.579641064777873,10,10,11
amazon-toys-and-games,test,185408,6,8.881848903006134,3,3,4
amazon-toys-and-games,test,185502,5,9.192596424257943,1,3,3
amazon-toys-and-games,test,186022,8,2.6900627009942184,3,4,7
amazon-toys-and-games,test,186487,16,1.8624904034737293,3,13,13
amazon-toys-and-games,test,186896,6,2.1336094493505477,5,6,6
amazon-toys-and-games,test,187213,6,5.732387595498046,3,5,6
amazon-toys-and-games,test,187295,6,0.8602390974638988,4,4,4
amazon-toys-and-games,test,188438,4,7.9439055014349815,2,4,4
amazon-toys-and-games,test,188470,5,0.990503557774361,2,2,2
amazon-toys-and-games,test,188855,8,25.170280180304335,7,8,8
amazon-toys-and-games,test,189467,5,0.947006430866337,3,3,3
amazon-toys-and-games,test,189873,28,17.655813719337523,16,22,26
amazon-toys-and-games,test,189956,18,6.936144481770505,2,9,12
amazon-toys-and-games,test,190267,5,3.6197471608227594,4,5,5
amazon-toys-and-games,test,190284,20,5.580224176877506,17,20,20
amazon-toys-and-games,test,191166,2,0.26744126552781033,2,2,2
amazon-toys-and-games,test,191299,5,1.8922520149780122,3,5,5
amazon-toys-and-games,test,191526,7,49.7030402339127,6,7,7
amazon-toys-and-games,test,191619,7,1.6206650880477134,1,1,1
amazon-toys-and-games,test,191651,4,4.049452459635773,4,4,4
amazon-toys-and-games,test,191687,7,1.9500408273336136,6,6,6
amazon-toys-and-games,test,191826,6,42.922231502966376,4,5,5
amazon-toys-and-games,test,192053,7,3.8877583836436167,2,6,7
amazon-toys-and-games,test,192703,5,1.3182612558501736,1,5,5
amazon-toys-and-games,test,192785,7,4.081484919626978,5,5,7
amazon-toys-and-games,test,192797,4,6.93074342175872,2,2,2
amazon-toys-and-games,test,193303,5,2.5094305100820526,3,3,3
amazon-toys-and-games,test,193546,4,6.924476168328653,4,4,4
amazon-toys-and-games,test,194045,4,0.47616390155372806,1,1,1
amazon-toys-and-games,test,195716,16,15.191414262504544,12,15,15
amazon-toys-and-games,test,195760,8,1.0061468995986582,2,2,2
amazon-toys-and-games,test,195861,5,2.196209885192058,2,3,3
amazon-toys-and-games,test,195915,5,0.6540805103255429,3,3,3
amazon-toys-and-games,test,195975,4,0.5301445238911842,3,3,3
amazon-toys-and-games,test,196266,4,2.6267998447479846,2,3,4
amazon-toys-and-games,test,196359,4,2.1557780811956406,4,4,4
amazon-toys-and-games,test,196449,10,5.336814592677541,7,7,10
amazon-toys-and-games,test,197169,6,11.598929426423238,3,5,6
amazon-toys-and-games,test,197234,7,8.739232711753965,4,6,7
amazon-toys-and-games,test,197427,8,5.04555465249776,5,7,7
amazon-toys-and-games,test,197599,3,2.742745298089498,2,2,2
amazon-toys-and-games,test,198655,5,3.6048007707704754,3,3,4
amazon-toys-and-games,test,198766,6,3.0482128088478215,2,4,4
amazon-toys-and-games,test,200150,6,4.074335029270394,2,5,5
amazon-toys-and-games,test,200203,8,3.597585485846535,4,5,6
amazon-toys-and-games,test,200244,15,14.205369172254665,10,12,15
amazon-toys-and-games,test,200272,6,0.6949006340932996,6,6,6
amazon-toys-and-games,test,200434,5,14.861914817441326,4,5,5
amazon-toys-and-games,test,200505,3,0.6329645159843865,1,1,1
amazon-toys-and-games,test,200636,10,7.0995853642910625,9,9,9
amazon-toys-and-games,test,200669,11,0.9850096551853241,3,5,5
amazon-toys-and-games,test,201654,5,5.903379463487538,5,5,5
amazon-toys-and-games,test,201746,4,2.191353864233921,3,4,4
amazon-toys-and-games,test,201785,13,15.416331350857602,11,12,12
amazon-toys-and-games,test,202140,11,16.8797768944803,11,11,11
amazon-toys-and-games,test,202209,8,2.578466429091703,7,8,8
amazon-toys-and-games,test,202452,4,5.921546883825539,4,4,4
amazon-toys-and-games,test,202798,7,2.8537994401744378,6,6,6
amazon-toys-and-games,test,203080,4,0.8217893686521337,4,4,4
amazon-toys-and-games,test,203105,8,7.391252471032388,6,8,8
amazon-toys-and-games,test,203375,24,18.024628707165213,15,21,23
amazon-toys-and-games,test,203952,7,2.505980409077803,4,6,6
amazon-toys-and-games,test,204096,13,8.387575512858792,6,11,13
amazon-toys-and-games,test,204560,9,5.743938780565872,5,7,7
amazon-toys-and-games,test,204639,4,4.377336519747926,3,4,4
amazon-toys-and-games,test,205766,12,7.338303868569316,6,7,8
amazon-toys-and-games,test,205916,4,0.10300668915590483,1,1,1
amazon-toys-and-games,test,205919,5,15.475697728095334,3,5,5
amazon-toys-and-games,test,206034,4,6.688168914799922,2,4,4
amazon-toys-and-games,test,206065,4,0.9319709928925465,2,2,2
amazon-toys-and-games,test,206302,5,13.985228543577605,2,2,4
amazon-toys-and-games,test,206735,4,1.0987724225417477,3,3,3
amazon-toys-and-games,test,206770,6,3.177182785594804,3,5,6
amazon-toys-and-games,test,207360,4,1.916619396850853,1,2,3
amazon-toys-and-games,test,207924,5,4.276640269987227,2,4,5
amazon-toys-and-games,test,208069,4,2.603504453123384,3,4,4
amazon-toys-and-games,test,208796,3,0.811810435948393,3,3,3
amazon-toys-and-games,test,209043,6,9.740363961876106,5,5,5
amazon-toys-and-games,test,209268,4,1.6071447296247698,1,4,4
amazon-toys-and-games,test,209680,5,0.22877144668277838,1,5,5
amazon-toys-and-games,test,210308,5,2.3290524346163424,5,5,5
amazon-toys-and-games,test,210592,4,0.5767269588977435,1,3,3
amazon-toys-and-games,test,210832,4,0.5680819741772412,3,3,3
amazon-toys-and-games,test,210925,8,2.051748352850618,6,6,6
amazon-toys-and-games,test,211131,14,12.869015883227313,9,13,14
amazon-toys-and-games,test,211458,6,2.1027409367651613,4,5,5
amazon-toys-and-games,test,211662,10,25.327463169545663,8,10,10
amazon-toys-and-games,test,212008,4,1.7825759653714897,3,4,4
amazon-toys-and-games,test,212049,3,0.6224098075154549,2,3,3
amazon-toys-and-games,test,212092,4,1.9732728482072561,1,1,4
amazon-toys-and-games,test,212651,5,3.9837113137218356,1,2,3
amazon-toys-and-games,test,213161,6,19.28754301163233,3,5,5
amazon-toys-and-games,test,213290,8,1.594466784777435,5,5,5
amazon-toys-and-games,test,214325,8,7.857992598018014,3,6,8
amazon-toys-and-games,test,214800,3,0.37372679022529565,3,3,3
amazon-toys-and-games,test,214803,7,1.4934654446947584,6,7,7
amazon-toys-and-games,test,214910,10,9.510371394974268,3,6,10
amazon-toys-and-games,test,215237,5,1.5478699300790408,5,5,5
amazon-toys-and-games,test,215636,4,9.733286928909845,4,4,4
amazon-toys-and-games,test,215670,6,3.3714911687925486,3,4,5
amazon-toys-and-games,test,215919,7,15.346818823086254,6,6,6
amazon-toys-and-games,test,216248,7,7.971188570294511,4,7,7
amazon-toys-and-games,test,216471,6,1.2075620405660081,6,6,6
amazon-toys-and-games,test,216750,7,16.493364443607653,7,7,7
amazon-toys-and-games,test,216758,10,2.070957153213843,3,5,10
amazon-toys-and-games,test,216923,5,4.30226241802674,3,5,5
amazon-toys-and-games,test,217043,4,6.796760831259817,4,4,4
amazon-toys-and-games,test,218085,4,13.607281337231626,2,4,4
amazon-toys-and-games,test,218109,6,3.535111412041366,5,5,5
amazon-toys-and-games,test,218606,6,8.314771753670428,3,3,6
amazon-toys-and-games,test,218773,3,4.029749848071471,2,3,3
amazon-toys-and-games,test,218861,4,4.665357215294411,4,4,4
amazon-toys-and-games,test,219558,7,8.803384276375908,6,7,7
amazon-toys-and-games,test,219786,5,1.331742782295983,2,2,2
amazon-toys-and-games,test,221060,5,1.8904537276199902,5,5,5
amazon-toys-and-games,test,221313,5,2.71695277000699,2,5,5
amazon-toys-and-games,test,221508,5,1.5216712473431877,5,5,5
amazon-toys-and-games,test,221954,4,1.2750921136871272,3,4,4
amazon-toys-and-games,test,222383,8,2.813879408749629,6,8,8
amazon-toys-and-games,test,222495,5,6.153448415544656,3,5,5
amazon-toys-and-games,test,223007,8,5.812856559293299,4,7,8
amazon-toys-and-games,test,223452,4,10.377479578269549,4,4,4
amazon-toys-and-games,test,224537,3,1.4324731839583964,3,3,3
amazon-toys-and-games,test,224639,5,31.247742132397942,4,5,5
amazon-toys-and-games,test,225010,13,17.737757412844186,13,13,13
amazon-toys-and-games,test,225305,4,1.3493904612853094,2,2,2
amazon-toys-and-games,test,225870,4,0.8831760838532906,3,3,3
amazon-toys-and-games,test,225912,5,4.101676915293986,3,4,4
amazon-toys-and-games,test,226440,4,0.19126734608291285,1,1,1
amazon-toys-and-games,test,226551,13,0.9174170967329216,6,11,11
amazon-toys-and-games,test,226556,4,2.7015735362226136,2,2,4
amazon-toys-and-games,test,226704,5,2.0552895255927712,5,5,5
amazon-toys-and-games,test,226898,10,3.6083860880078067,6,7,7
amazon-toys-and-games,test,227206,5,15.796028019991004,5,5,5
amazon-toys-and-games,test,227612,4,0.4270035039218716,2,2,2
amazon-toys-and-games,test,227616,5,3.7914672232499065,3,5,5
amazon-toys-and-games,test,227720,5,31.249590382723284,4,5,5
amazon-toys-and-games,test,227980,4,0.24493301199345227,2,3,3
amazon-toys-and-games,test,228644,6,3.9554727505454657,1,2,4
amazon-toys-and-games,test,229216,9,1.5453912609457634,7,7,7
amazon-toys-and-games,test,229349,5,14.10419530182407,3,5,5
amazon-toys-and-games,test,229602,5,1.9505794154724938,2,3,3
amazon-toys-and-games,test,229809,6,10.038437459424854,4,6,6
amazon-toys-and-games,test,229832,4,0.5501074488396607,4,4,4
amazon-toys-and-games,test,230148,2,1.58626362447429,2,2,2
amazon-toys-and-games,test,230665,7,10.07652568403255,5,7,7
amazon-toys-and-games,test,231870,18,4.919136328762902,11,11,11
amazon-toys-and-games,test,231901,19,8.833096936821068,9,14,16
amazon-toys-and-games,test,232127,10,13.325190170753816,7,8,10
amazon-toys-and-games,test,232142,23,9.28667694470257,17,21,23
amazon-toys-and-games,test,232401,4,0.19646956613360822,1,1,1
amazon-toys-and-games,test,232414,5,1.1545482965126292,4,4,4
amazon-toys-and-games,test,232708,8,33.44192744226099,4,5,7
amazon-toys-and-games,test,232882,6,0.42838804731505653,4,4,4
amazon-toys-and-games,test,233345,15,12.619321463692323,6,13,15
amazon-toys-and-games,test,233491,5,2.5208113151068847,2,3,3
amazon-toys-and-games,test,233492,6,2.7723931964099267,5,5,6
amazon-toys-and-games,test,233533,7,3.421720520948049,3,7,7
amazon-toys-and-games,test,233612,3,3.4932187920712696,3,3,3
amazon-toys-and-games,test,233630,5,4.7467358845605006,1,3,5
amazon-toys-and-games,test,233889,6,2.345888310253078,5,6,6
amazon-toys-and-games,test,233891,6,5.54514916190917,6,6,6
amazon-toys-and-games,test,233895,10,3.2235078164532602,7,9,10
amazon-toys-and-games,test,234004,6,12.220149988827899,4,5,6
amazon-toys-and-games,test,234114,4,2.6058794016662716,1,3,3
amazon-toys-and-games,test,235240,4,2.0320396698371224,1,1,1
amazon-toys-and-games,test,235355,3,0.1696911864882934,1,1,1
amazon-toys-and-games,test,235670,8,2.5359320063464352,7,7,7
amazon-toys-and-games,test,235775,6,2.1623091896885795,6,6,6
amazon-toys-and-games,test,235990,4,3.2822439013715847,2,4,4
amazon-toys-and-games,test,236345,7,23.389819356045656,5,7,7
amazon-toys-and-games,test,236413,11,17.389721580415934,11,11,11
amazon-toys-and-games,test,236612,7,2.264234781422453,5,6,6
amazon-toys-and-games,test,237146,9,2.9273232985348647,6,6,6
amazon-toys-and-games,test,237377,4,1.589847297360798,3,4,4
amazon-toys-and-games,test,237800,9,4.71666576754407,8,9,9
amazon-toys-and-games,test,238031,10,13.497984373734127,7,9,9
amazon-toys-and-games,test,238275,5,8.153225416275315,4,5,5
amazon-toys-and-games,test,238953,5,0.010709024469268386,3,3,3
amazon-toys-and-games,test,238999,6,2.0983659516670903,5,5,6
amazon-toys-and-games,test,239270,14,9.703279803178795,9,12,13
amazon-toys-and-games,test,239329,5,7.4047842134225705,5,5,5
amazon-toys-and-games,test,239395,8,2.928502677540717,7,8,8
amazon-toys-and-games,test,239750,10,4.726615734375616,8,8,8
amazon-toys-and-games,test,239801,34,74.01326738137321,15,23,26
amazon-toys-and-games,test,240463,33,15.533573817533092,32,33,33
amazon-toys-and-games,test,241621,4,3.8298043772745403,3,4,4
amazon-toys-and-games,test,241854,4,0.688973887772171,2,2,2
amazon-toys-and-games,test,242158,4,2.5273054889505633,2,4,4
amazon-toys-and-games,test,242484,6,3.1042436836848335,3,5,5
amazon-toys-and-games,test,242610,9,1.776078249849115,6,6,8
amazon-toys-and-games,test,242935,5,8.28228772964545,3,4,4
amazon-toys-and-games,test,242978,5,4.5492668061034,1,3,3
amazon-toys-and-games,test,243583,8,2.1964927135336585,7,8,8
amazon-toys-and-games,test,243671,4,0.37194532584108064,4,4,4
amazon-toys-and-games,test,243782,5,16.312828383974384,5,5,5
amazon-toys-and-games,test,243859,11,2.6292606789992554,10,11,11
amazon-toys-and-games,test,243965,17,10.074002743915571,14,15,17
amazon-toys-and-games,test,244572,6,1.835777544884295,3,4,4
amazon-toys-and-games,test,244678,5,0.29086618140187354,5,5,5
amazon-toys-and-games,test,244891,4,9.965326333121064,3,3,3
amazon-toys-and-games,test,245203,7,17.70353746030395,7,7,7
amazon-toys-and-games,test,245309,4,4.5981725823347,4,4,4
amazon-toys-and-games,test,245539,4,3.931668369096804,1,1,3
amazon-toys-and-games,test,245661,4,0.8962190113391271,4,4,4
amazon-toys-and-games,test,246217,6,7.022689448346229,6,6,6
amazon-toys-and-games,test,246299,10,0.560713638138213,8,9,9
amazon-toys-and-games,test,246780,19,12.552998217586952,11,16,17
amazon-toys-and-games,test,246805,100,55.28870948880865,75,89,92
amazon-toys-and-games,test,247254,8,8.45885356746022,5,7,8
amazon-toys-and-games,test,247513,3,0.39644033463551165,3,3,3
amazon-toys-and-games,test,248175,11,14.32832373422459,4,8,9
amazon-toys-and-games,test,248260,8,6.560838608800781,6,6,7
amazon-toys-and-games,test,248470,18,6.8116532107119845,8,13,15
amazon-toys-and-games,test,248547,55,23.574629589422674,38,51,51
amazon-toys-and-games,test,248701,11,21.214119332183596,6,8,10
amazon-toys-and-games,test,248758,4,4.495322612461106,3,4,4
amazon-toys-and-games,test,248906,7,28.689883213777428,5,7,7
amazon-toys-and-games,test,248942,5,9.355243338307917,4,5,5
amazon-toys-and-games,test,248948,4,4.535053796518289,3,4,4
amazon-toys-and-games,test,249119,5,4.87497121595506,2,5,5
amazon-toys-and-games,test,249218,7,3.28187544029865,3,7,7
amazon-toys-and-games,test,249351,9,5.418003782133383,5,5,9
amazon-toys-and-games,test,249572,7,0.5485534108231551,3,7,7
amazon-toys-and-games,test,249687,9,11.800894160031133,5,9,9
amazon-toys-and-games,test,249715,37,26.609020744181322,20,33,35
amazon-toys-and-games,test,249790,4,4.990161026849023,3,4,4
amazon-toys-and-games,test,249922,12,5.61602776574907,4,10,11
amazon-toys-and-games,test,250226,7,19.491761770753335,7,7,7
amazon-toys-and-games,test,250429,9,6.733649255289324,5,7,7
amazon-toys-and-games,test,250450,11,21.0894588194788,8,10,10
amazon-toys-and-games,test,250642,7,3.2880043152825142,2,7,7
amazon-toys-and-games,test,251075,4,0.04991224542366102,4,4,4
amazon-toys-and-games,test,251100,2,1.3612689986554902,2,2,2
amazon-toys-and-games,test,251362,5,23.968514476390315,3,4,4
amazon-toys-and-games,test,251532,4,3.4417563032868483,2,4,4
amazon-toys-and-games,test,251719,12,3.9893901425342264,11,12,12
amazon-toys-and-games,test,251927,4,8.80161621977533,3,4,4
amazon-toys-and-games,test,252159,4,8.368786907375172,3,4,4
amazon-toys-and-games,test,252199,8,6.058199267618793,3,7,7
amazon-toys-and-games,test,252389,18,6.689301619540099,9,14,16
amazon-toys-and-games,test,252605,5,1.2554206182999423,4,4,4
amazon-toys-and-games,test,252984,10,4.5243518554064135,6,7,10
amazon-toys-and-games,test,253097,7,5.298324767003393,2,5,5
amazon-toys-and-games,test,253270,11,5.475487377678482,9,11,11
amazon-toys-and-games,test,253493,6,1.6201242231153858,5,5,6
amazon-toys-and-games,test,253928,4,7.803551810427093,4,4,4
amazon-toys-and-games,test,254198,9,8.716937970849582,6,8,9
amazon-toys-and-games,test,254257,16,3.067772994333124,4,5,9
amazon-toys-and-games,test,254310,7,5.987334324539576,1,5,5
amazon-toys-and-games,test,254565,4,2.2826582145347833,4,4,4
amazon-toys-and-games,test,254715,3,1.031898951353209,2,3,3
amazon-toys-and-games,test,254730,5,0.07306268119876463,3,3,3
amazon-toys-and-games,test,255000,6,8.603357093991916,4,6,6
amazon-toys-and-games,test,255658,3,3.280138626363712,3,3,3
amazon-toys-and-games,test,255962,4,1.8547639784208048,3,3,3
amazon-toys-and-games,test,256120,13,6.546891225117889,2,8,8
amazon-toys-and-games,test,256129,5,1.8278406429259935,5,5,5
amazon-toys-and-games,test,256147,6,0.5542674034454589,2,2,2
amazon-toys-and-games,test,256405,7,3.9379037474186065,3,3,4
amazon-toys-and-games,test,256445,6,13.762607601416443,6,6,6
amazon-toys-and-games,test,256930,5,3.189372231759106,3,4,4
amazon-toys-and-games,test,257020,4,1.906233930028192,3,4,4
amazon-toys-and-games,test,257062,5,4.7987914780380185,4,5,5
amazon-toys-and-games,test,257559,5,3.062079745828899,5,5,5
amazon-toys-and-games,test,257697,5,2.4887650678664692,4,5,5
amazon-toys-and-games,test,258313,6,2.2855980608297233,2,5,5
amazon-toys-and-games,test,258407,11,3.0888289066249692,8,9,10
amazon-toys-and-games,test,258537,11,47.347536265999295,10,11,11
amazon-toys-and-games,test,258693,17,7.155147599143445,9,17,17
amazon-toys-and-games,test,258790,6,19.20778364846157,5,6,6
amazon-toys-and-games,test,259071,5,4.710029673575491,2,4,4
amazon-toys-and-games,test,260037,25,44.050400617618166,21,25,25
amazon-toys-and-games,test,260689,7,2.255882617637016,6,6,6
amazon-toys-and-games,test,261283,5,7.415259613586411,5,5,5
amazon-toys-and-games,test,261903,4,2.628704508955419,3,4,4
amazon-toys-and-games,test,262695,5,5.592929949200311,5,5,5
amazon-toys-and-games,test,263689,3,1.7069102768195044,2,2,2
amazon-toys-and-games,test,264039,5,8.385939004324074,3,5,5
amazon-toys-and-games,test,264114,9,5.850401389198171,4,8,9
amazon-toys-and-games,test,264257,5,1.0507394171320232,5,5,5
amazon-toys-and-games,test,264550,4,3.573099457737369,1,3,4
amazon-toys-and-games,test,264923,7,2.870865777903479,5,7,7
amazon-toys-and-games,test,265081,4,3.1502913252082583,4,4,4
amazon-toys-and-games,test,265419,5,32.196309305172605,3,4,5
amazon-toys-and-games,test,265669,5,0.8105493453554773,4,4,4
amazon-toys-and-games,test,265930,7,1.6703419383265987,1,2,5
amazon-toys-and-games,test,266613,4,2.4046180707451583,4,4,4
amazon-toys-and-games,test,267095,9,4.492531137205835,5,6,6
amazon-toys-and-games,test,267119,5,4.215140790266151,3,5,5
amazon-toys-and-games,test,267476,7,1.7027629710661927,5,6,6
amazon-toys-and-games,test,267769,23,58.494482728655996,13,23,23
amazon-toys-and-games,test,267845,3,0.7729761820210349,1,1,1
amazon-toys-and-games,test,268530,6,4.635663275150931,6,6,6
amazon-toys-and-games,test,268533,4,2.2765236475673,3,4,4
amazon-toys-and-games,test,268618,7,3.5508142034723504,7,7,7
amazon-toys-and-games,test,269172,8,5.343797897646877,5,7,7
amazon-toys-and-games,test,269214,25,12.834306420095839,13,15,20
amazon-toys-and-games,test,269507,14,8.505251582197523,8,12,12
amazon-toys-and-games,test,270011,6,2.8700901502689997,2,6,6
amazon-toys-and-games,test,270639,4,4.817929697804368,4,4,4
amazon-toys-and-games,test,270806,4,0.901354445448693,1,1,1
amazon-toys-and-games,test,271217,6,0.18942162552806588,1,1,1
amazon-toys-and-games,test,271425,5,8.417952238059499,3,4,5
amazon-toys-and-games,test,271667,26,6.8241810136803025,12,22,23
amazon-toys-and-games,test,271786,7,3.157855086018205,7,7,7
amazon-toys-and-games,test,272010,5,23.51119951534657,5,5,5
amazon-toys-and-games,test,272024,6,59.79653966607409,4,5,6
amazon-toys-and-games,test,272281,4,1.3488101319332233,4,4,4
amazon-toys-and-games,test,272283,7,19.42733306977341,4,6,6
amazon-toys-and-games,test,272634,13,8.495137306772175,12,12,12
amazon-toys-and-games,test,273103,5,1.208847543444223,5,5,5
amazon-toys-and-games,test,273158,8,14.103409555107604,8,8,8
amazon-toys-and-games,test,273211,20,22.15750945612401,18,19,19
amazon-toys-and-games,test,273282,4,1.3494451043280515,4,4,4
amazon-toys-and-games,test,273447,13,11.286280276688588,11,12,12
amazon-toys-and-games,test,273785,4,1.6620721185708491,2,2,2
amazon-toys-and-games,test,274222,5,2.126765914201189,4,5,5
amazon-toys-and-games,test,274356,8,20.957684086181438,8,8,8
amazon-toys-and-games,test,274400,4,0.17341715896527565,4,4,4
amazon-toys-and-games,test,274492,3,5.417887033224931,2,2,2
amazon-toys-and-games,test,274649,7,7.706153622463755,3,3,4
amazon-toys-and-games,test,275285,10,4.251639307093331,6,7,10
amazon-toys-and-games,test,276040,11,15.6551258747393,7,9,11
amazon-toys-and-games,test,276431,5,8.39892292491306,4,4,4
amazon-toys-and-games,test,276709,4,1.7864671318619472,3,3,3
amazon-toys-and-games,test,276743,7,0.7071428259724707,1,1,1
amazon-toys-and-games,test,276807,6,0.2579065605233994,5,5,5
amazon-toys-and-games,test,276853,7,5.3476193689601335,5,6,7
amazon-toys-and-games,test,276897,14,0.9939566945032071,6,8,8
amazon-toys-and-games,test,277254,5,7.526001455503455,2,2,2
amazon-toys-and-games,test,277612,4,2.2249265749924216,3,3,3
amazon-toys-and-games,test,278328,4,1.2697042084819286,3,3,3
amazon-toys-and-games,test,279029,10,2.294851075889257,6,9,9
amazon-toys-and-games,test,279158,4,7.908289242068742,2,4,4
amazon-toys-and-games,test,279227,11,4.440756980696143,4,5,5
amazon-toys-and-games,test,279339,11,10.00118456503537,8,11,11
amazon-toys-and-games,test,279375,28,9.543741218138884,21,27,28
amazon-toys-and-games,test,280243,3,3.1672390167009756,1,2,2
amazon-toys-and-games,test,280382,4,0.9131887118351708,1,2,4
amazon-toys-and-games,test,280889,3,1.9104308192832513,2,3,3
amazon-toys-and-games,test,280999,4,1.5148533893643767,3,3,3
amazon-toys-and-games,test,281181,4,2.9030335806162912,2,4,4
amazon-toys-and-games,test,281226,5,15.696817630931907,5,5,5
amazon-toys-and-games,test,281403,9,2.48497496570738,8,9,9
amazon-toys-and-games,test,281448,10,5.246912241186296,5,7,9
amazon-toys-and-games,test,281670,4,3.356079806922856,2,3,3
amazon-toys-and-games,test,281843,8,1.3917593105515271,7,7,7
amazon-toys-and-games,test,281944,13,2.2424397966798155,8,13,13
amazon-toys-and-games,test,282258,4,0.8548590345472418,1,2,2
amazon-toys-and-games,test,282483,17,20.372482775583237,9,14,15
amazon-toys-and-games,test,282638,5,2.5003862010885474,5,5,5
amazon-toys-and-games,test,282974,6,4.895578726426255,4,6,6
amazon-toys-and-games,test,283170,3,0.01061985005923774,2,2,2
amazon-toys-and-games,test,283311,5,13.939602361819034,4,4,4
amazon-toys-and-games,test,283544,5,6.3915314414739814,4,5,5
amazon-toys-and-games,test,284168,9,10.116202478024043,5,6,9
amazon-toys-and-games,test,284268,6,1.414977797153009,5,5,5
amazon-toys-and-games,test,284293,8,3.1461741237238647,7,7,8
amazon-toys-and-games,test,284557,4,3.260537711573403,2,2,4
amazon-toys-and-games,test,285568,8,1.2792570013453952,4,5,5
amazon-toys-and-games,test,285588,12,4.008668511586128,5,8,8
amazon-toys-and-games,test,285886,5,7.849455255032172,4,5,5
amazon-toys-and-games,test,286004,5,0.6017140080539038,3,3,3
amazon-toys-and-games,test,286024,4,1.7856966902569873,1,3,4
amazon-toys-and-games,test,286223,8,1.3311665005766928,4,4,4
amazon-toys-and-games,test,287673,4,2.231343337858882,4,4,4
amazon-toys-and-games,test,288142,19,9.279423333755595,11,16,16
amazon-toys-and-games,test,288290,5,2.972432015738208,3,3,3
amazon-toys-and-games,test,288303,7,5.914783036446846,5,6,7
amazon-toys-and-games,test,288350,3,5.491783526779613,2,2,3
amazon-toys-and-games,test,288926,9,1.356738685648884,4,4,4
amazon-toys-and-games,test,289005,3,1.168734743507518,1,2,2
amazon-toys-and-games,test,289992,4,10.164728409215169,3,3,4
amazon-toys-and-games,test,290241,6,8.010566851367319,5,6,6
amazon-toys-and-games,test,290332,5,3.6832852560991025,5,5,5
amazon-toys-and-games,test,290494,5,0.5921098608493414,4,4,4
amazon-toys-and-games,test,290698,12,7.2112560114462,7,12,12
amazon-toys-and-games,test,290713,36,173.8070480797429,23,31,34
amazon-toys-and-games,test,290941,13,5.586798670934474,9,12,12
amazon-toys-and-games,test,291211,15,7.928021451947863,7,13,15
amazon-toys-and-games,test,291226,4,0.24876599376247144,1,1,1
amazon-toys-and-games,test,291560,17,17.60837065640777,11,15,17
amazon-toys-and-games,test,291758,7,1.9717726943023433,5,6,6
amazon-toys-and-games,test,292020,11,10.11482944508662,5,10,10
amazon-toys-and-games,test,292026,10,2.2409643080372517,7,7,10
amazon-toys-and-games,test,292106,5,4.324980010069751,5,5,5
amazon-toys-and-games,test,292352,4,2.0211984648593693,1,2,2
amazon-toys-and-games,test,292361,4,0.9647907174625188,3,3,3
amazon-toys-and-games,test,292595,11,5.54232834131613,7,10,11
amazon-toys-and-games,test,293493,6,0.9951590944205848,5,5,5
amazon-toys-and-games,test,293545,3,13.43466168841563,3,3,3
amazon-toys-and-games,test,293570,9,4.950790208599184,3,7,7
amazon-toys-and-games,test,293646,10,4.9258957490432245,8,9,9
amazon-toys-and-games,test,294192,3,24.820646165364394,2,3,3
amazon-toys-and-games,test,294729,14,3.0090291936147837,9,11,13
amazon-toys-and-games,test,294795,20,9.610400544254825,12,17,18
amazon-toys-and-games,test,295240,4,6.783177861017066,3,4,4
amazon-toys-and-games,test,295274,5,4.377322353033141,4,5,5
amazon-toys-and-games,test,295398,5,56.3992334542416,3,4,4
amazon-toys-and-games,test,295947,4,1.6488161211648755,3,3,3
amazon-toys-and-games,test,296161,5,2.6471978902220004,4,4,4
amazon-toys-and-games,test,296709,4,1.714273553317538,4,4,4
amazon-toys-and-games,test,296892,6,2.140458549995001,3,3,3
amazon-toys-and-games,test,296909,4,0.6156897251663656,3,3,3
amazon-toys-and-games,test,297012,38,22.331193632365277,9,34,37
amazon-toys-and-games,test,297203,13,8.026389806896926,9,12,12
amazon-toys-and-games,test,297251,3,3.875317984245981,3,3,3
amazon-toys-and-games,test,297396,5,8.093562549935298,4,5,5
amazon-toys-and-games,test,297423,8,3.690509901173883,5,7,7
amazon-toys-and-games,test,298258,8,9.561234201662298,6,7,7
amazon-toys-and-games,test,299306,4,1.8832039113287615,1,1,3
amazon-toys-and-games,test,299572,5,1.0585997935327809,1,1,1
amazon-toys-and-games,test,301045,4,2.337684770484358,2,4,4
amazon-toys-and-games,test,301065,5,3.672939380184725,5,5,5
amazon-toys-and-games,test,301323,4,5.218390343714226,4,4,4
amazon-toys-and-games,test,301391,12,15.761212938941267,4,7,10
amazon-toys-and-games,test,301776,7,2.2619148553878836,2,4,4
amazon-toys-and-games,test,301909,3,0.5940840937454523,1,2,3
amazon-toys-and-games,test,302181,4,4.393667453193396,3,3,3
amazon-toys-and-games,test,302502,7,9.466495687911321,3,5,6
amazon-toys-and-games,test,303052,7,9.235256323619879,3,4,5
amazon-toys-and-games,test,303063,11,5.317840934482043,4,8,11
amazon-toys-and-games,test,303146,8,2.3157296512692396,3,3,5
amazon-toys-and-games,test,303760,4,1.8086716864481014,3,3,3
amazon-toys-and-games,test,304089,6,3.384183027377619,6,6,6
amazon-toys-and-games,test,304614,10,5.247288544547773,6,7,10
amazon-toys-and-games,test,304880,4,0.6604785528903229,4,4,4
amazon-toys-and-games,test,304995,7,4.245335119014002,5,6,6
amazon-toys-and-games,test,305036,2,3.3164546202495098,2,2,2
amazon-toys-and-games,test,305133,11,13.426486229099432,5,9,11
amazon-toys-and-games,test,305429,8,4.95224938022204,7,8,8
amazon-toys-and-games,test,305789,9,9.821630815286214,6,9,9
amazon-toys-and-games,test,306208,9,1.9085399423250273,4,4,7
amazon-toys-and-games,test,306312,15,17.764368701148154,15,15,15
amazon-toys-and-games,test,306465,5,0.5459864526995213,4,5,5
amazon-toys-and-games,test,306512,5,1.316910990847227,4,4,4
amazon-toys-and-games,test,306749,5,1.1363817615943017,1,1,1
amazon-toys-and-games,test,307031,7,4.579852743324236,7,7,7
amazon-toys-and-games,test,307492,10,2.7368232318437897,6,8,8
amazon-toys-and-games,test,307615,18,13.092432564698406,8,14,16
amazon-toys-and-games,test,307704,10,4.221087142308635,8,10,10
amazon-toys-and-games,test,308121,5,4.9715583594969575,4,4,4
amazon-toys-and-games,test,308891,9,10.81965082716222,8,8,8
amazon-toys-and-games,test,308935,11,14.701773894046001,4,8,9
amazon-toys-and-games,test,309021,4,6.345257891445145,3,3,3
amazon-toys-and-games,test,309155,38,3.5843755302636127,22,36,36
amazon-toys-and-games,test,309399,7,3.124443521640384,5,6,6
amazon-toys-and-games,test,309623,3,1.4832712285216951,2,2,3
amazon-toys-and-games,test,310043,10,11.624909916453698,4,8,9
amazon-toys-and-games,test,310846,4,0.4573530340897326,4,4,4
amazon-toys-and-games,test,311044,3,11.687116214051724,3,3,3
amazon-toys-and-games,test,311294,5,1.2774526425381794,2,5,5
amazon-toys-and-games,test,311348,5,8.362339534285695,4,5,5
amazon-toys-and-games,test,311438,5,14.100260496792535,4,5,5
amazon-toys-and-games,test,311520,7,7.129648650927151,5,5,5
amazon-toys-and-games,test,311552,4,0.8938989588160321,4,4,4
amazon-toys-and-games,test,311686,5,1.9521845548530452,5,5,5
amazon-toys-and-games,test,312140,13,5.016339850886473,6,13,13
amazon-toys-and-games,test,312414,9,15.635580235434356,3,5,5
amazon-toys-and-games,test,313181,12,21.496743394816665,5,12,12
amazon-toys-and-games,test,314319,4,3.180493243267601,3,4,4
amazon-toys-and-games,test,314609,32,4.418094158184399,21,29,31
amazon-toys-and-games,test,314624,7,2.03727781262888,6,6,6
amazon-toys-and-games,test,314842,4,1.7536045276820453,3,3,4
amazon-toys-and-games,test,314901,3,0.5854738933692881,2,2,2
amazon-toys-and-games,test,314942,4,0.9867916255236389,4,4,4
amazon-toys-and-games,test,315093,5,28.348909235692453,3,5,5
amazon-toys-and-games,test,315465,7,7.9298082288501215,4,5,5
amazon-toys-and-games,test,315930,9,4.267191577179724,8,9,9
amazon-toys-and-games,test,316110,6,0.5761610492374925,3,4,4
amazon-toys-and-games,test,316432,4,6.082150502244824,4,4,4
amazon-toys-and-games,test,316523,8,2.4810345951807493,3,7,7
amazon-toys-and-games,test,317171,20,42.365588645023934,5,14,20
amazon-toys-and-games,test,317548,4,8.364976314075054,3,4,4
amazon-toys-and-games,test,318369,4,3.73998639362938,4,4,4
amazon-toys-and-games,test,318560,9,1.368710445061891,4,9,9
amazon-toys-and-games,test,318737,6,6.289164657765374,3,4,6
amazon-toys-and-games,test,319018,6,3.591768152099416,5,6,6
amazon-toys-and-games,test,319080,8,14.684232971371664,4,6,7
amazon-toys-and-games,test,319392,3,4.280044329168424,2,3,3
amazon-toys-and-games,test,319476,7,4.538938765071029,4,7,7
amazon-toys-and-games,test,319909,6,2.604032669203226,2,2,2
amazon-toys-and-games,test,319990,9,4.352223740998049,5,9,9
amazon-toys-and-games,test,320046,4,1.1703081342683281,1,1,1
amazon-toys-and-games,test,320281,4,10.599026000411973,2,4,4
amazon-toys-and-games,test,320442,4,1.0170456568552257,2,3,3
amazon-toys-and-games,test,321269,9,9.779292955708588,4,8,9
amazon-toys-and-games,test,321559,4,0.8002878372871853,2,4,4
amazon-toys-and-games,test,321858,9,71.95560379265723,6,8,9
amazon-toys-and-games,test,322099,6,1.0734726937521182,5,5,6
amazon-toys-and-games,test,322478,6,15.710991808539886,3,6,6
amazon-toys-and-games,test,322573,7,6.310345793696836,3,6,6
amazon-toys-and-games,test,322597,3,0.6259064562968548,3,3,3
amazon-toys-and-games,test,322675,9,11.569881589664774,8,8,8
amazon-toys-and-games,test,322984,16,7.258331372234162,8,12,15
amazon-toys-and-games,test,323050,10,2.2792737610749403,6,7,8
amazon-toys-and-games,test,323347,15,10.737559015592936,10,14,15
amazon-toys-and-games,test,323512,5,1.5631527796074693,2,3,3
amazon-toys-and-games,test,323970,10,32.63496252872317,4,8,10
amazon-toys-and-games,test,324254,8,4.210226711075101,5,8,8
amazon-toys-and-games,test,324799,6,2.8374085511681817,4,5,5
amazon-toys-and-games,test,324862,11,2.274064584155377,9,10,11
amazon-toys-and-games,test,325010,35,52.251562402070206,18,29,31
amazon-toys-and-games,test,325031,5,5.347889548449247,5,5,5
amazon-toys-and-games,test,325182,2,2.5394149943671493,2,2,2
amazon-toys-and-games,test,325363,5,9.320674783393146,3,4,5
amazon-toys-and-games,test,325471,22,4.114860055309638,16,18,20
amazon-toys-and-games,test,325641,5,5.696406543226093,4,5,5
amazon-toys-and-games,test,325818,10,3.363184667364588,6,10,10
amazon-toys-and-games,test,326170,6,3.783688178970638,4,6,6
amazon-toys-and-games,test,326460,8,2.53937186178017,4,8,8
amazon-toys-and-games,test,326590,5,1.5822355973999271,2,2,2
amazon-toys-and-games,test,326824,12,1.155990518673153,12,12,12
amazon-toys-and-games,test,327236,6,16.85574571910655,3,4,6
amazon-toys-and-games,test,327910,4,2.741687348067518,2,3,3
amazon-toys-and-games,test,327986,8,0.2783486240040688,6,7,7
amazon-toys-and-games,test,328170,6,0.9948784163839068,3,6,6
amazon-toys-and-games,test,328755,4,3.8704046639860796,4,4,4
amazon-toys-and-games,test,329226,8,0.8946705388177156,5,7,7
amazon-toys-and-games,test,329263,8,4.100477677589732,6,6,6
amazon-toys-and-games,test,330589,4,1.4832208860887985,3,4,4
amazon-toys-and-games,test,330957,6,24.689926346364416,4,6,6
amazon-toys-and-games,test,331080,5,1.1621348252570516,3,5,5
amazon-toys-and-games,test,331312,40,58.37164719238797,30,39,40
amazon-toys-and-games,test,331525,7,0.4598500440591154,5,5,5
amazon-toys-and-games,test,331857,4,4.017691949973029,2,4,4
amazon-toys-and-games,test,331964,6,14.571911161290515,4,4,4
amazon-toys-and-games,test,332109,7,57.78423827756528,5,6,6
amazon-toys-and-games,test,332334,7,8.698112936670801,3,4,7
amazon-toys-and-games,test,332418,5,17.967198363289086,3,4,5
amazon-toys-and-games,test,332721,5,3.9316012036901005,4,4,4
amazon-toys-and-games,test,333009,6,1.5487359970087993,2,5,5
amazon-toys-and-games,test,333091,21,7.542325432080057,11,14,19
amazon-toys-and-games,test,333335,8,4.543467307238288,6,8,8
amazon-toys-and-games,test,333506,4,27.18439541425972,3,4,4
amazon-toys-and-games,test,333893,10,4.607576118738827,6,7,8
amazon-toys-and-games,test,333901,31,20.956791583149982,16,25,28
amazon-toys-and-games,test,334987,2,1.439038950307149,2,2,2
amazon-toys-and-games,test,335104,3,0.4039895492650985,3,3,3
amazon-toys-and-games,test,336841,9,0.7203804825423383,9,9,9
amazon-toys-and-games,test,336893,7,4.23713360306168,3,5,6
amazon-toys-and-games,test,336931,4,0.7053822321948585,1,1,4
amazon-toys-and-games,test,337036,5,15.064054737656157,4,5,5
amazon-toys-and-games,test,337124,5,0.9857607440459797,5,5,5
amazon-toys-and-games,test,337511,5,4.114068490121025,2,2,5
amazon-toys-and-games,test,337546,4,1.6495330581238172,2,3,3
amazon-toys-and-games,test,337638,31,111.13602354609188,19,29,30
amazon-toys-and-games,test,337651,6,0.4241312024992109,5,6,6
amazon-toys-and-games,test,337701,6,4.5878845116761875,6,6,6
amazon-toys-and-games,test,337751,12,10.790734285492569,11,12,12
amazon-toys-and-games,test,338230,5,2.962107516384533,5,5,5
amazon-toys-and-games,test,338423,5,0.9939076169555592,4,5,5
amazon-toys-and-games,test,338712,4,0.58777800833825,4,4,4
amazon-toys-and-games,test,339032,7,7.546358139229841,3,6,7
amazon-toys-and-games,test,339059,6,16.909302731374233,6,6,6
amazon-toys-and-games,test,339115,6,0.622549450846907,5,5,5
amazon-toys-and-games,test,339123,8,9.905478287580642,4,5,6
amazon-toys-and-games,test,339386,4,1.5648143328701112,1,3,3
amazon-toys-and-games,test,339770,3,4.747005052141416,2,3,3
amazon-toys-and-games,test,339915,9,15.977917886305914,9,9,9
amazon-toys-and-games,test,340658,6,0.8474137934850947,4,4,4
amazon-toys-and-games,test,340693,24,3.46749848893646,14,23,23
amazon-toys-and-games,test,340813,13,4.656649492265574,7,12,13
amazon-toys-and-games,test,340859,21,2.8811252621553733,18,19,19
amazon-toys-and-games,test,340978,10,0.6008526211995653,7,10,10
amazon-toys-and-games,test,341121,12,2.8324571578622955,8,9,9
amazon-toys-and-games,test,341762,4,11.09382330602931,1,2,4
amazon-toys-and-games,test,341877,14,13.439838610761353,12,13,13
amazon-toys-and-games,test,341928,4,0.22391504625906716,2,2,2
amazon-toys-and-games,test,342108,5,6.360042123208551,4,5,5
amazon-toys-and-games,test,342847,9,61.38469846811645,4,5,6
amazon-toys-and-games,test,342864,4,1.086705543758041,3,4,4
amazon-toys-and-games,test,343040,5,0.41041301602337665,3,3,4
amazon-toys-and-games,test,343054,5,15.587485503624496,3,4,4
amazon-toys-and-games,test,343232,6,2.014358091923132,3,3,3
amazon-toys-and-games,test,343511,3,18.761803071154034,2,2,3
amazon-toys-and-games,test,343776,4,0.15279636719897044,3,3,3
amazon-toys-and-games,test,343875,11,48.38569323712025,10,11,11
amazon-toys-and-games,test,343907,4,5.537590713617268,1,3,3
amazon-toys-and-games,test,344212,4,1.994638657385023,2,2,4
amazon-toys-and-games,test,344314,12,4.777481829765293,8,10,12
amazon-toys-and-games,test,344335,6,2.577939098431536,4,5,5
amazon-toys-and-games,test,344389,13,11.725306135433415,8,12,12
amazon-toys-and-games,test,344446,4,3.260724155659055,1,4,4
amazon-toys-and-games,test,345264,6,1.5631453167845022,2,6,6
amazon-toys-and-games,test,345487,4,4.4199092685162285,4,4,4
amazon-toys-and-games,test,346178,4,1.0142487425933853,2,3,4
amazon-toys-and-games,test,346234,8,3.809551034672971,1,2,7
amazon-toys-and-games,test,346272,5,1.1546402536702067,4,4,4
amazon-toys-and-games,test,346538,10,5.907437088876719,5,9,9
amazon-toys-and-games,test,346769,6,3.314265230372602,3,4,6
amazon-toys-and-games,test,346848,4,2.350248179972427,2,2,2
amazon-toys-and-games,test,347447,5,7.1771311782766585,3,4,5
amazon-toys-and-games,test,347709,5,1.2746389053025318,2,2,2
amazon-toys-and-games,test,347832,2,1.0372802791551148,1,1,1
amazon-toys-and-games,test,347939,3,10.317676309666929,2,3,3
amazon-toys-and-games,test,348751,3,0.9877585038077157,2,2,2
amazon-toys-and-games,test,349279,4,0.4364339823817929,3,3,3
amazon-toys-and-games,test,349951,12,6.13783239524173,7,9,9
amazon-toys-and-games,test,350148,5,3.1665294160764765,3,5,5
amazon-toys-and-games,test,350352,6,1.660206665806123,3,5,5
amazon-toys-and-games,test,350653,3,1.1632502010693213,3,3,3
amazon-toys-and-games,test,350857,4,7.189350222755778,4,4,4
amazon-toys-and-games,test,351294,20,5.328370345246002,12,19,19
amazon-toys-and-games,test,351474,4,3.96455785208824,3,3,4
amazon-toys-and-games,test,351610,4,2.8226696022966777,4,4,4
amazon-toys-and-games,test,351643,4,8.231243538412762,3,4,4
amazon-toys-and-games,test,351800,8,5.242442136717525,2,8,8
amazon-toys-and-games,test,352353,3,0.4432001065539333,1,1,1
amazon-toys-and-games,test,352737,5,4.265338140824861,2,3,5
amazon-toys-and-games,test,352940,3,2.569705074928324,2,3,3
amazon-toys-and-games,test,352969,3,0.7639084726504298,1,2,2
amazon-toys-and-games,test,353777,4,1.4497806088158325,3,3,3
amazon-toys-and-games,test,353843,9,33.213884822458496,7,8,9
amazon-toys-and-games,test,353881,10,7.977641129413509,7,8,9
amazon-toys-and-games,test,354364,14,3.2657566281093806,7,9,13
amazon-toys-and-games,test,355189,11,49.20380469893486,8,11,11
amazon-toys-and-games,test,355573,4,0.8413111016258772,1,4,4
amazon-toys-and-games,test,356464,3,0.8114947205903271,1,1,1
amazon-toys-and-games,test,356774,3,0.33644708026854275,3,3,3
amazon-toys-and-games,test,357457,13,7.008320857875533,9,10,12
amazon-toys-and-games,test,357581,9,2.2940720330646065,4,9,9
amazon-toys-and-games,test,357628,5,3.501903620677104,4,5,5
amazon-toys-and-games,test,357822,12,4.156049019615904,8,9,9
amazon-toys-and-games,test,358025,4,0.6007486476321253,4,4,4
amazon-toys-and-games,test,358195,11,17.648392258118047,10,11,11
amazon-toys-and-games,test,358396,14,8.380323419774115,6,8,9
amazon-toys-and-games,test,358541,5,4.702718383861177,3,4,4
amazon-toys-and-games,test,359120,5,1.5032863932309413,5,5,5
amazon-toys-and-games,test,359179,4,46.01092329603039,2,4,4
amazon-toys-and-games,test,359355,4,0.8316878546540599,4,4,4
amazon-toys-and-games,test,359629,5,9.709528589284234,3,3,3
amazon-toys-and-games,test,359861,2,2.1691410878936503,1,1,1
amazon-toys-and-games,test,359928,11,14.562401248036977,5,8,11
amazon-toys-and-games,test,359945,4,3.0620371191960185,1,4,4
amazon-toys-and-games,test,360258,5,0.8993184861524475,5,5,5
amazon-toys-and-games,test,360616,3,3.3743470267069764,3,3,3
amazon-toys-and-games,test,360753,5,5.5316290564632755,5,5,5
amazon-toys-and-games,test,360930,6,4.94283117114903,5,5,6
amazon-toys-and-games,test,361346,34,16.68225582923948,20,27,29
amazon-toys-and-games,test,361692,4,3.3606361765655848,4,4,4
amazon-toys-and-games,test,361723,4,1.5695111047754415,4,4,4
amazon-toys-and-games,test,362106,4,1.399139663000418,3,3,3
amazon-toys-and-games,test,363520,5,7.045022262296597,2,4,5
amazon-toys-and-games,test,364274,3,2.217535091553343,1,3,3
amazon-toys-and-games,test,364538,4,0.43948222934254233,2,2,2
amazon-toys-and-games,test,364568,6,3.8478112836744867,3,5,5
amazon-toys-and-games,test,364633,14,5.673135690375317,9,12,12
amazon-toys-and-games,test,364725,4,10.515492978590364,4,4,4
amazon-toys-and-games,test,365009,4,0.8124600810121054,1,1,4
amazon-toys-and-games,test,365074,6,2.4256663937255114,3,5,5
amazon-toys-and-games,test,365244,3,0.2007695435364332,2,2,2
amazon-toys-and-games,test,366318,33,15.5255357247549,18,30,30
amazon-toys-and-games,test,366756,13,5.64122820104668,8,13,13
amazon-toys-and-games,test,366883,6,4.760634443672794,5,6,6
amazon-toys-and-games,test,367725,11,7.625807732003197,4,7,8
amazon-toys-and-games,test,367836,3,0.17509009619515561,1,1,3
amazon-toys-and-games,test,367977,25,9.703806248419289,12,23,24
amazon-toys-and-games,test,367999,7,34.92498009861172,4,6,6
amazon-toys-and-games,test,368325,15,4.006682894722779,4,15,15
amazon-toys-and-games,test,369236,17,8.202720376055444,12,15,16
amazon-toys-and-games,test,369459,5,1.1787963997065214,4,4,4
amazon-toys-and-games,test,369481,5,6.35440098797657,3,3,5
amazon-toys-and-games,test,369975,6,1.293847705665756,2,2,2
amazon-toys-and-games,test,370133,6,21.959769945200748,4,5,6
amazon-toys-and-games,test,371653,4,1.6230901260464474,3,3,3
amazon-toys-and-games,test,372282,6,11.396683382336041,4,4,4
amazon-toys-and-games,test,373128,5,3.3100744125667356,3,4,5
amazon-toys-and-games,test,373498,3,0.29256251900885366,1,1,1
amazon-toys-and-games,test,374330,5,0.5646441425599038,5,5,5
amazon-toys-and-games,test,374623,4,1.91864473111101,2,2,2
amazon-toys-and-games,test,374803,8,18.50523690952864,3,7,7
amazon-toys-and-games,test,374907,12,4.85951128249182,6,7,7
amazon-toys-and-games,test,375073,4,4.185573591624587,3,4,4
amazon-toys-and-games,test,375208,5,35.017879342722615,4,5,5
amazon-toys-and-games,test,375438,4,3.3617449749745614,4,4,4
amazon-toys-and-games,test,375790,6,2.1295195693875257,5,5,6
amazon-toys-and-games,test,375876,4,5.469422505888199,4,4,4
amazon-toys-and-games,test,375938,17,3.4344636073856902,9,15,15
amazon-toys-and-games,test,376158,4,0.5911625882866187,1,3,3
amazon-toys-and-games,test,376300,4,0.2775264485924388,4,4,4
amazon-toys-and-games,test,376451,4,0.5708115965438527,4,4,4
amazon-toys-and-games,test,376503,4,2.6190436948917166,3,3,4
amazon-toys-and-games,test,376570,4,4.727954362434274,4,4,4
amazon-toys-and-games,test,376700,4,8.442915254395935,2,2,3
amazon-toys-and-games,test,377100,7,4.847936570558367,3,3,4
amazon-toys-and-games,test,377369,4,1.7098248254094703,2,4,4
amazon-toys-and-games,test,377645,31,18.626244560123823,19,30,30
amazon-toys-and-games,test,378419,4,1.6005286208431204,2,2,3
amazon-toys-and-games,test,378522,18,4.736606430512169,9,16,16
amazon-toys-and-games,test,378554,13,5.884082880088056,3,10,10
amazon-toys-and-games,test,378589,9,0.9479429519044459,8,9,9
amazon-toys-and-games,test,378800,7,5.038378958482102,7,7,7
amazon-toys-and-games,test,378844,4,1.4301287191500023,1,2,3
amazon-toys-and-games,test,379438,5,0.966664265492836,4,4,4
amazon-toys-and-games,test,379798,38,15.893131869156981,15,33,36
amazon-toys-and-games,test,381364,5,0.8429898573279008,5,5,5
amazon-toys-and-games,test,381365,4,2.714734161280838,3,3,3
amazon-toys-and-games,test,381438,5,0.08740432961366423,4,4,4
amazon-toys-and-games,test,381974,7,5.038100177773297,4,6,6
amazon-toys-and-games,test,382010,4,4.790521025839645,2,4,4
amazon-toys-and-games,test,382523,4,6.24430284616257,2,2,3
amazon-toys-and-games,test,383136,12,4.57096022056057,8,12,12
amazon-toys-and-games,test,383162,4,0.20197561162103206,3,3,3
amazon-toys-and-games,test,384284,6,6.641174759644923,4,5,6
amazon-toys-and-games,test,384337,3,1.9987532026103945,1,1,1
amazon-toys-and-games,test,384659,8,1.8484544778234309,7,8,8
amazon-toys-and-games,test,385488,4,0.22199672129094705,2,2,2
amazon-toys-and-games,test,385518,5,1.1269578605376736,1,1,1
amazon-toys-and-games,test,385616,6,40.957797799365295,4,6,6
amazon-toys-and-games,test,385838,7,10.75310319041374,4,5,5
amazon-toys-and-games,test,386166,5,1.5251136325474202,5,5,5
amazon-toys-and-games,test,386315,11,3.7356714905806205,5,8,11
amazon-toys-and-games,test,386863,18,20.357069769362724,9,13,14
amazon-toys-and-games,test,387088,6,1.8623833941816925,6,6,6
amazon-toys-and-games,test,387096,4,0.18948056918065348,3,4,4
amazon-toys-and-games,test,387135,7,2.811962601643807,6,7,7
amazon-toys-and-games,test,387602,14,9.135959922363874,10,12,14
amazon-toys-and-games,test,387853,2,0.25381035613413383,2,2,2
amazon-toys-and-games,test,387855,4,3.637378016838279,2,4,4
amazon-toys-and-games,test,387973,14,9.518500559490366,6,12,14
amazon-toys-and-games,test,387979,4,15.383441298667803,2,4,4
amazon-toys-and-games,test,388010,23,14.383644123017426,19,19,19
amazon-toys-and-games,test,388134,5,0.9630838813079747,5,5,5
amazon-toys-and-games,test,388166,3,3.5540437084892327,2,3,3
amazon-toys-and-games,test,388306,4,1.2765649460706687,4,4,4
amazon-toys-and-games,test,388477,5,0.9644276953961529,4,4,4
amazon-toys-and-games,test,388835,6,1.3132524367539984,5,5,5
amazon-toys-and-games,test,388884,9,36.98532840626799,5,9,9
amazon-toys-and-games,test,389037,11,4.313140051699655,5,8,11
amazon-toys-and-games,test,389264,7,1.2061196919169594,3,5,5
amazon-toys-and-games,test,389666,8,3.9429572169640594,2,8,8
amazon-toys-and-games,test,389689,5,0.11926198246350445,5,5,5
amazon-toys-and-games,test,390011,8,35.497024958273016,6,8,8
amazon-toys-and-games,test,390541,4,0.2835025254382653,2,2,2
amazon-toys-and-games,test,390653,7,3.2775291680957235,2,3,5
amazon-toys-and-games,test,390972,4,0.4912862371441017,3,3,3
amazon-toys-and-games,test,391024,5,12.699821290687641,5,5,5
amazon-toys-and-games,test,391146,21,9.420703553208124,12,19,20
amazon-toys-and-games,test,391922,4,5.670672073376499,3,3,3
amazon-toys-and-games,test,392286,10,6.993199913658933,2,9,9
amazon-toys-and-games,test,392971,8,12.41213414538123,5,7,7
amazon-toys-and-games,test,393181,18,7.823199399483079,8,15,15
amazon-toys-and-games,test,393375,5,2.604210765046237,5,5,5
amazon-toys-and-games,test,393559,6,6.28506149650724,5,5,5
amazon-toys-and-games,test,393683,12,10.376488287700173,7,11,12
amazon-toys-and-games,test,394457,14,6.984322190052676,9,10,14
amazon-toys-and-games,test,394549,7,12.377228372059168,6,6,6
amazon-toys-and-games,test,395388,5,1.4364698418785924,2,5,5
amazon-toys-and-games,test,395758,3,4.544377518663223,2,3,3
amazon-toys-and-games,test,395829,8,0.26748503055741407,2,2,2
amazon-toys-and-games,test,396170,9,7.335802937455663,6,8,8
amazon-toys-and-games,test,396201,5,2.890945451760407,2,4,4
amazon-toys-and-games,test,396673,5,15.814704430153068,4,5,5
amazon-toys-and-games,test,396700,9,2.624665477379393,9,9,9
amazon-toys-and-games,test,396804,5,1.5422160195060484,2,3,3
amazon-toys-and-games,test,397071,4,0.9672080396612359,2,2,2
amazon-toys-and-games,test,397758,11,7.36096251695974,5,9,10
amazon-toys-and-games,test,398395,12,9.354343119476443,9,12,12
amazon-toys-and-games,test,399390,8,6.760010981733729,5,8,8
amazon-toys-and-games,test,399791,10,15.090400653034955,6,8,8
amazon-toys-and-games,test,399834,6,3.6757474254367537,3,6,6
amazon-toys-and-games,test,399857,7,3.197489253376817,5,7,7
amazon-toys-and-games,test,399902,2,0.48904612536872194,1,1,1
amazon-toys-and-games,test,399977,5,40.1471405592981,3,4,5
amazon-toys-and-games,test,400628,3,1.7304126036707856,1,2,3
amazon-toys-and-games,test,400740,4,5.48626167022658,4,4,4
amazon-toys-and-games,test,400765,5,4.965529663424788,4,4,5
amazon-toys-and-games,test,400954,4,8.263781952503432,2,3,3
amazon-toys-and-games,test,400958,22,3.871263647558446,16,19,20
amazon-toys-and-games,test,401472,4,2.1480245875983943,2,3,3
amazon-toys-and-games,test,401498,10,2.4780981640759814,8,10,10
amazon-toys-and-games,test,401501,4,2.7951836458432613,4,4,4
amazon-toys-and-games,test,401900,4,0.9602869670461343,4,4,4
amazon-toys-and-games,test,401956,11,3.4969088418071896,6,9,9
amazon-toys-and-games,test,401997,10,0.5594230757190034,4,5,8
amazon-toys-and-games,test,402110,5,16.19055926332071,3,5,5
amazon-toys-and-games,test,402896,7,2.154664223245669,7,7,7
amazon-toys-and-games,test,402906,4,15.955892186493921,3,4,4
amazon-toys-and-games,test,403096,6,30.043132839956407,5,6,6
amazon-toys-and-games,test,403120,6,1.0795226398964666,3,3,6
amazon-toys-and-games,test,403338,14,4.514666376080362,8,13,13
amazon-toys-and-games,test,403659,11,1.3909762200940812,8,8,11
amazon-toys-and-games,test,403661,3,2.4598300588721864,2,2,2
amazon-toys-and-games,test,403770,6,2.8652934524290257,5,6,6
amazon-toys-and-games,test,403848,10,11.937812169726602,5,7,8
amazon-toys-and-games,test,404004,4,0.20847256821225735,4,4,4
amazon-toys-and-games,test,404123,10,10.418315386614392,7,9,10
amazon-toys-and-games,test,404188,12,5.069403810884223,8,10,11
amazon-toys-and-games,test,404256,3,1.1531543929686041,1,2,2
amazon-toys-and-games,test,404366,6,3.604071690913147,1,1,1
amazon-toys-and-games,test,404375,8,11.212843568921794,2,3,6
amazon-toys-and-games,test,404893,4,3.7259160631003185,2,2,2
amazon-toys-and-games,test,405290,6,2.773002618122732,4,4,6
amazon-toys-and-games,test,405509,3,6.874213170225537,2,3,3
amazon-toys-and-games,test,405598,5,2.0966717643650328,4,4,4
amazon-toys-and-games,test,405725,4,56.21664220905631,3,4,4
amazon-toys-and-games,test,405729,7,2.9054321825133282,7,7,7
amazon-toys-and-games,test,405799,8,30.799752664338477,5,7,8
amazon-toys-and-games,test,406474,5,2.059267589699812,5,5,5
amazon-toys-and-games,test,406985,4,3.9218073236982387,3,4,4
amazon-toys-and-games,test,407365,8,1.1727327928014875,5,5,5
amazon-toys-and-games,test,407669,6,4.578416086658807,2,2,2
amazon-toys-and-games,test,408026,4,1.5772919198940583,1,1,1
amazon-toys-and-games,test,408034,15,22.814235726924174,6,10,12
amazon-toys-and-games,test,408449,3,1.102411940111984,1,2,2
amazon-toys-and-games,test,408713,5,2.074813661848487,4,5,5
amazon-toys-and-games,test,408892,6,2.575674068416758,2,6,6
amazon-toys-and-games,test,409524,4,2.640578239761655,4,4,4
amazon-toys-and-games,test,409607,4,2.237059860251683,4,4,4
amazon-toys-and-games,test,409891,6,1.8726188456138617,5,5,6
amazon-toys-and-games,test,409948,6,14.87443553705225,3,5,6
amazon-toys-and-games,test,410641,4,0.6792626047870468,2,2,2
amazon-toys-and-games,test,410939,5,3.971637731046311,3,5,5
amazon-toys-and-games,test,411277,4,0.6749394799841713,2,2,2
amazon-toys-and-games,test,411316,3,0.7015787222521332,3,3,3
amazon-toys-and-games,test,411806,6,1.8484456236266902,6,6,6
amazon-toys-and-games,test,411820,6,2.2917461620693675,4,4,4
amazon-toys-and-games,test,411865,5,1.0518684537049787,5,5,5
amazon-toys-and-games,test,412410,4,2.1295811692991355,3,4,4
amazon-toys-and-games,test,412560,5,6.080058002577963,1,4,5
amazon-toys-and-games,test,412878,9,4.873206827521702,8,9,9
amazon-toys-and-games,test,412933,7,47.47158128554209,4,7,7
amazon-toys-and-games,test,412985,14,5.002678710735353,13,14,14
amazon-toys-and-games,test,413179,4,5.36774293433519,3,3,3
amazon-toys-and-games,test,413643,3,1.0111773482325854,3,3,3
amazon-toys-and-games,test,413985,5,14.214138874660687,5,5,5
amazon-toys-and-games,test,414063,4,6.757565452593967,4,4,4
amazon-toys-and-games,test,414289,4,0.7313255345990071,4,4,4
amazon-toys-and-games,test,414317,4,2.0684915123986265,1,3,4
amazon-toys-and-games,test,415178,5,2.0984069339491467,4,4,4
amazon-toys-and-games,test,415619,28,8.44412069003791,20,26,28
amazon-toys-and-games,test,416093,3,1.7522264352036285,1,2,3
amazon-toys-and-games,test,416688,4,2.97249677786294,1,1,3
amazon-toys-and-games,test,416706,99,94.28365760036975,41,72,85
amazon-toys-and-games,test,417024,5,14.870465315233753,5,5,5
amazon-toys-and-games,test,417219,4,2.9048916970465752,1,2,4
amazon-toys-and-games,test,417256,4,3.299225744766016,2,4,4
amazon-toys-and-games,test,417350,5,1.415459718432749,1,5,5
amazon-toys-and-games,test,417486,5,1.6243367969475284,5,5,5
amazon-toys-and-games,test,417503,14,5.198799800982955,2,11,11
amazon-toys-and-games,test,417552,4,0.8699683418195538,2,3,3
amazon-toys-and-games,test,417556,5,8.312616136229659,3,5,5
amazon-toys-and-games,test,418140,13,2.9433229585337095,9,12,12
amazon-toys-and-games,test,418623,4,3.466200843159858,2,3,3
amazon-toys-and-games,test,418891,5,4.408952326538222,4,5,5
amazon-toys-and-games,test,419528,5,12.337799116110837,3,3,5
amazon-toys-and-games,test,419535,8,1.2672493191913259,4,7,7
amazon-toys-and-games,test,419537,3,0.8107064441033612,1,1,1
amazon-toys-and-games,test,420046,4,2.5980409077803155,4,4,4
amazon-toys-and-games,test,420583,9,8.396966020944856,8,9,9
amazon-toys-and-games,test,421084,6,5.997951391851268,2,5,6
amazon-toys-and-games,test,421142,4,1.6721573016354774,3,3,3
amazon-toys-and-games,test,422071,9,3.346428353009993,4,6,6
amazon-toys-and-games,test,422574,10,2.556292358240041,5,8,10
amazon-toys-and-games,test,423275,10,4.538988854526876,8,9,10
amazon-toys-and-games,test,423601,5,30.407418273708643,4,5,5
amazon-toys-and-games,test,423672,14,5.125253807130677,8,12,12
amazon-toys-and-games,test,423817,5,0.660760116346675,2,2,2
amazon-toys-and-games,test,423944,6,10.000550478060218,4,5,6
amazon-toys-and-games,test,424464,2,0.5430605201423173,1,1,1
amazon-toys-and-games,test,424559,15,2.008756041645335,7,12,13
amazon-toys-and-games,test,424594,8,68.52676677432316,5,7,7
amazon-toys-and-games,test,424729,3,1.2999571014167917,1,1,1
amazon-toys-and-games,test,425352,18,14.25535895514407,13,15,18
amazon-toys-and-games,test,427440,9,20.478754892497086,5,9,9
amazon-toys-and-games,test,427850,5,3.6185267995348513,4,5,5
amazon-toys-and-games,test,427990,8,10.689031440050986,6,8,8
amazon-toys-and-games,test,428412,7,18.73420125121184,7,7,7
amazon-toys-and-games,test,428524,13,18.399755472383728,9,12,12
amazon-toys-and-games,test,428877,4,0.6680079088215058,2,4,4
amazon-toys-and-games,test,429040,8,3.2191347286830627,4,6,6
amazon-toys-and-games,test,429049,4,3.775103908742071,4,4,4
amazon-toys-and-games,test,429062,4,5.425547937221975,2,4,4
amazon-toys-and-games,test,429972,5,7.748266838421218,5,5,5
amazon-toys-and-games,test,430095,4,3.9027799078796725,2,4,4
amazon-toys-and-games,test,430623,10,2.1811757121035162,3,5,5
amazon-toys-and-games,test,431316,2,0.6945764440040676,1,1,1
amazon-toys-and-games,test,431756,7,2.484664942332933,5,7,7
amazon-toys-and-games,test,432422,3,7.964829612683915,2,3,3
amazon-toys-and-games,test,432485,5,0.1517586553409685,2,2,2
amazon-toys-and-games,test,432704,37,61.63051500245609,24,32,36
amazon-toys-and-games,test,432997,5,14.044285782860563,3,4,4
amazon-toys-and-games,test,433295,4,6.125074003692578,3,4,4
amazon-toys-and-games,test,433514,4,2.1989716356439857,3,3,3
amazon-toys-and-games,test,433728,6,3.6470011373215714,4,5,5
amazon-toys-and-games,test,433739,5,15.963904728590094,5,5,5
amazon-toys-and-games,test,433850,9,6.4166902620469095,7,9,9
amazon-toys-and-games,test,434450,5,2.139398576156622,2,3,4
amazon-toys-and-games,test,434641,5,1.7708950030771495,3,4,4
amazon-toys-and-games,test,435073,4,8.012116968239553,3,4,4
amazon-toys-and-games,test,435449,2,15.383769030435733,2,2,2
amazon-toys-and-games,test,435494,6,4.1473975839806325,4,4,4
amazon-toys-and-games,test,436561,12,16.761113076250886,8,10,10
amazon-toys-and-games,test,437192,3,2.140966401422338,1,2,2
amazon-toys-and-games,test,437297,4,6.704499215802768,3,4,4
amazon-toys-and-games,test,437497,3,1.6291768803515316,3,3,3
amazon-toys-and-games,test,437709,9,1.8636435993549338,1,5,6
amazon-toys-and-games,test,437911,24,30.788386405494006,14,19,24
amazon-toys-and-games,test,438051,7,63.237958118511024,5,7,7
amazon-toys-and-games,test,438118,38,31.568070273988692,15,28,31
amazon-toys-and-games,test,438237,4,4.152615109142838,3,3,3
amazon-toys-and-games,test,438931,24,16.876054463682017,20,22,24
amazon-toys-and-games,test,439358,8,0.5410926116724497,1,7,7
amazon-toys-and-games,test,439907,4,1.4852641817194863,1,3,3
amazon-toys-and-games,test,440107,4,14.448915237572962,3,4,4
amazon-toys-and-games,test,440132,89,25.591364147750994,53,78,83
amazon-toys-and-games,test,440154,2,0.8869892701681684,1,1,1
amazon-toys-and-games,test,440476,4,2.3755913575703476,2,4,4
amazon-toys-and-games,test,440808,4,0.3604042598552427,4,4,4
amazon-toys-and-games,test,442622,4,2.3130950217848025,3,3,3
amazon-toys-and-games,test,442681,20,3.1422357770136324,19,20,20
amazon-toys-and-games,test,442868,3,3.9544213779267787,3,3,3
amazon-toys-and-games,test,443790,5,0.40497502136233077,5,5,5
amazon-toys-and-games,test,443810,15,4.72189075552924,15,15,15
amazon-toys-and-games,test,444380,4,1.8091670155114776,1,2,2
amazon-toys-and-games,test,444808,4,1.2807658829585236,3,4,4
amazon-toys-and-games,test,445082,5,3.942958228872258,3,4,4
amazon-toys-and-games,test,445327,6,1.6145006697883613,2,4,4
amazon-toys-and-games,test,445397,2,1.7581011947410372,1,1,1
amazon-toys-and-games,test,445934,7,2.8091980684443323,4,4,7
amazon-toys-and-games,test,446200,4,0.3859197780682938,3,3,3
amazon-toys-and-games,test,447982,8,1.2848827049773424,1,8,8
amazon-toys-and-games,test,448125,7,14.074808981773067,3,4,5
amazon-toys-and-games,test,448404,6,8.005895377166961,5,6,6
amazon-toys-and-games,test,448473,6,1.7519232422095243,4,4,6
amazon-toys-and-games,test,449061,75,95.03830066208522,39,62,68
amazon-toys-and-games,test,449215,4,9.410859583760416,2,3,3
amazon-toys-and-games,test,449431,33,13.88040750302102,10,23,31
amazon-toys-and-games,test,449948,7,3.512581528969256,6,6,7
amazon-toys-and-games,test,450663,14,3.6038725979750073,7,8,12
amazon-toys-and-games,test,450675,5,4.94480148290087,3,4,4
amazon-toys-and-games,test,450757,4,1.6824648515268206,3,3,3
amazon-toys-and-games,test,451115,5,6.45953900877647,5,5,5
amazon-toys-and-games,test,451146,36,17.34452166498616,20,29,36
amazon-toys-and-games,test,451365,8,4.553937268395558,8,8,8
amazon-toys-and-games,test,451708,7,43.41416434944959,4,7,7
amazon-toys-and-games,test,451838,4,3.3899591258656323,2,2,2
amazon-toys-and-games,test,452538,5,3.6623866955321915,4,4,4
amazon-toys-and-games,test,452871,5,17.902238536993245,4,5,5
amazon-toys-and-games,test,452896,17,19.147147326434187,11,16,16
amazon-toys-and-games,test,453099,35,20.201544412239766,23,27,32
amazon-toys-and-games,test,453619,4,1.9782597847886292,1,3,4
amazon-toys-and-games,test,454308,4,0.012320994230162693,3,3,3
amazon-toys-and-games,test,454368,9,0.8772612906977619,9,9,9
amazon-toys-and-games,test,454565,4,11.338808304806482,3,3,3
amazon-toys-and-games,test,455300,4,9.31610475298973,2,2,4
amazon-toys-and-games,test,455539,4,3.9127633941703084,3,3,3
amazon-toys-and-games,test,456579,4,3.905407580495242,4,4,4
amazon-toys-and-games,test,456607,9,46.0037082640835,4,6,7
amazon-toys-and-games,test,457240,5,4.454728523687284,4,5,5
amazon-toys-and-games,test,457561,3,3.047640827738377,1,1,1
amazon-toys-and-games,test,457701,18,5.001813655713793,5,17,17
amazon-toys-and-games,test,458153,9,3.4035628402264626,4,6,6
amazon-toys-and-games,test,458258,4,1.1817294156211178,3,4,4
amazon-toys-and-games,test,458264,8,3.5897781081376965,1,3,4
amazon-toys-and-games,test,458367,10,5.174687293487719,5,9,9
amazon-toys-and-games,test,458864,4,1.0808171234599468,4,4,4
amazon-toys-and-games,test,459358,12,7.555714621902714,8,10,12
amazon-toys-and-games,test,459637,9,2.4089621926431617,2,3,4
amazon-toys-and-games,test,459756,5,2.4008010265302726,3,4,4
amazon-toys-and-games,test,459758,6,1.2636087264686284,4,6,6
amazon-toys-and-games,test,459763,4,2.9826234491637242,3,4,4
amazon-toys-and-games,test,459831,8,4.221306852876327,5,7,8
amazon-toys-and-games,test,459886,15,20.474781761442514,15,15,15
amazon-toys-and-games,test,459938,5,4.65073716563628,3,5,5
amazon-toys-and-games,test,461078,15,13.072334044051274,9,15,15
amazon-toys-and-games,test,461217,4,9.898435659493144,4,4,4
amazon-toys-and-games,test,462000,6,0.9452527939575925,1,1,1
amazon-toys-and-games,test,462654,12,8.966370432649573,6,8,8
amazon-toys-and-games,test,462676,4,8.613995031910209,4,4,4
amazon-toys-and-games,test,463210,6,7.717554412675518,2,4,4
amazon-toys-and-games,test,463267,7,1.9495777528440785,4,5,7
amazon-toys-and-games,test,463290,7,1.497917714281522,4,6,7
amazon-toys-and-games,test,463421,4,21.059301425380212,3,3,4
amazon-toys-and-games,test,464117,4,2.8425675121433724,3,3,3
amazon-toys-and-games,test,464441,5,20.050954384380034,5,5,5
amazon-toys-and-games,test,465244,6,0.20757601754800603,4,4,4
amazon-toys-and-games,test,466348,4,0.4813055336010126,2,2,2
amazon-toys-and-games,test,466474,4,7.7714779886882575,4,4,4
amazon-toys-and-games,test,467043,5,10.203502454604692,3,5,5
amazon-toys-and-games,test,467391,5,31.401375347677423,4,5,5
amazon-toys-and-games,test,467583,4,4.492465616149953,1,2,2
amazon-toys-and-games,test,467664,19,4.529588733312922,12,13,16
amazon-toys-and-games,test,467678,4,1.8148697506550682,3,3,3
amazon-toys-and-games,test,467746,4,3.13956358043731,3,4,4
amazon-toys-and-games,test,467797,7,10.482747376295961,4,6,7
amazon-toys-and-games,test,468188,13,4.31490228982809,9,11,11
amazon-toys-and-games,test,468204,9,5.4400723615553055,7,8,8
amazon-toys-and-games,test,468596,6,3.6913958268020455,5,6,6
amazon-toys-and-games,test,468991,9,4.125986112445389,5,7,7
amazon-toys-and-games,test,469017,10,0.08001018991556313,8,8,8
amazon-toys-and-games,test,469496,4,2.533367957458873,1,1,4
amazon-toys-and-games,test,469978,4,0.8813641989788455,1,1,1
amazon-toys-and-games,test,470046,9,1.8902422388064137,9,9,9
amazon-toys-and-games,test,470293,9,21.848049208589764,5,8,9
amazon-toys-and-games,test,470344,6,4.495703722386527,3,3,6
amazon-toys-and-games,test,470428,7,13.183890725045504,6,7,7
amazon-toys-and-games,test,470660,6,3.657583926243023,2,3,5
amazon-toys-and-games,test,470672,6,14.131460409313071,4,6,6
amazon-toys-and-games,test,470882,9,6.503915483909364,8,8,8
amazon-toys-and-games,test,471103,5,11.13788280091889,3,5,5
amazon-toys-and-games,test,471610,6,4.97893175507698,3,4,4
amazon-toys-and-games,test,471666,6,1.0963284112642837,5,5,5
amazon-toys-and-games,test,471954,4,13.872116306704568,2,4,4
amazon-toys-and-games,test,472399,8,10.03771166826917,5,8,8
amazon-toys-and-games,test,472567,7,2.9920562044170933,5,7,7
amazon-toys-and-games,test,472639,6,0.8877569290255811,6,6,6
amazon-toys-and-games,test,472979,6,2.877741820603729,4,6,6
amazon-toys-and-games,test,472987,15,3.6640159942209922,4,11,15
amazon-toys-and-games,test,473361,4,3.7938780945338553,3,4,4
amazon-toys-and-games,test,474533,10,2.7406458415537696,4,8,8
amazon-toys-and-games,test,474847,4,2.751903320266858,1,2,2
amazon-toys-and-games,test,475522,10,4.533368589901498,4,6,9
amazon-toys-and-games,test,476092,5,1.6479071746251877,5,5,5
amazon-toys-and-games,test,476263,12,30.68220257757051,8,8,11
amazon-toys-and-games,test,477161,6,1.8395949685647555,6,6,6
amazon-toys-and-games,test,477477,3,4.17825724236928,1,3,3
amazon-toys-and-games,test,477765,4,4.114640850696045,3,3,3
amazon-toys-and-games,test,477963,6,7.018786771400008,1,5,5
amazon-toys-and-games,test,479694,18,1.9820631682428296,11,13,16
amazon-toys-and-games,test,479707,4,1.4632296277107517,2,2,2
amazon-toys-and-games,test,479995,10,4.717128968522129,6,9,9
amazon-toys-and-games,test,480166,5,2.701997525757965,4,4,5
amazon-toys-and-games,test,480478,4,1.0749437552963117,4,4,4
amazon-toys-and-games,test,480617,4,1.521743598779411,3,3,4
amazon-toys-and-games,test,480717,7,36.623101320280895,5,7,7
amazon-toys-and-games,test,481168,36,8.161957678077977,25,33,34
amazon-toys-and-games,test,481261,12,4.665558838003047,5,8,12
amazon-toys-and-games,test,481654,10,6.335137671059128,5,7,9
amazon-toys-and-games,test,481766,3,2.3671125787715193,3,3,3
amazon-toys-and-games,test,482479,5,10.614099258454699,5,5,5
amazon-toys-and-games,test,482523,4,6.67934115416099,3,3,4
amazon-toys-and-games,test,483024,8,0.7007383324929224,2,2,2
amazon-toys-and-games,test,483132,3,1.6222884417758456,2,2,2
amazon-toys-and-games,test,483708,4,3.2238747596638966,3,4,4
amazon-toys-and-games,test,483984,6,10.148277564648126,6,6,6
amazon-toys-and-games,test,484286,5,3.8998881272241825,5,5,5
amazon-toys-and-games,test,484339,4,4.653578603858874,4,4,4
amazon-toys-and-games,test,484419,6,13.194076466487402,6,6,6
amazon-toys-and-games,test,485177,11,17.150962852786773,11,11,11
amazon-toys-and-games,test,485563,7,0.727148377553827,6,6,6
amazon-toys-and-games,test,485891,7,4.415855564271318,5,6,6
amazon-toys-and-games,test,485948,7,2.4949565546701424,2,4,4
amazon-toys-and-games,test,486513,4,3.450469844787828,3,3,3
amazon-toys-and-games,test,486559,7,71.47767449076194,5,6,7
amazon-toys-and-games,test,486785,10,33.40191191199991,4,7,8
amazon-toys-and-games,test,487419,5,0.4930728875578361,3,3,5
amazon-toys-and-games,test,487842,12,5.336458274502994,12,12,12
amazon-toys-and-games,test,488240,8,3.5329841280301673,6,8,8
amazon-toys-and-games,test,488883,4,4.08270224519029,2,3,4
amazon-toys-and-games,test,489041,9,4.953318081768633,5,7,8
amazon-toys-and-games,test,489395,2,29.957050568404647,2,2,2
amazon-toys-and-games,test,489428,9,4.197775939618426,6,7,9
amazon-toys-and-games,test,489577,4,0.7454168622231966,1,1,1
amazon-toys-and-games,test,489875,4,3.9896438785151083,4,4,4
amazon-toys-and-games,test,490013,5,2.593054730130092,1,5,5
amazon-toys-and-games,test,490194,6,3.6000928678749564,3,3,3
amazon-toys-and-games,test,490313,5,1.8485581984138215,5,5,5
amazon-toys-and-games,test,490565,5,9.136285883292453,2,4,5
amazon-toys-and-games,test,490892,7,5.226029997639092,4,6,6
amazon-toys-and-games,test,491102,3,2.4985215072549707,3,3,3
amazon-toys-and-games,test,491373,3,6.7575028407741575,3,3,3
amazon-toys-and-games,test,491442,7,9.52576403654228,5,7,7
amazon-toys-and-games,test,491846,6,7.444575985483164,2,3,3
amazon-toys-and-games,test,492479,4,10.991341544251599,3,3,4
amazon-toys-and-games,test,492550,3,0.9388914330650238,1,1,1
amazon-toys-and-games,test,493140,4,3.7759149531635128,1,1,1
amazon-toys-and-games,test,493382,4,1.2097771076134645,4,4,4
amazon-toys-and-games,test,493594,4,1.5272134685487233,3,3,4
amazon-toys-and-games,test,493621,13,13.017841522653683,7,12,12
amazon-toys-and-games,test,493805,6,1.317640829635705,1,2,4
amazon-toys-and-games,test,494387,4,2.6717614557969087,2,3,3
amazon-toys-and-games,test,495105,8,5.118644908194945,3,6,7
amazon-toys-and-games,test,495250,4,8.311894266218248,3,4,4
amazon-toys-and-games,test,495341,4,5.369570314053932,1,4,4
amazon-toys-and-games,test,495779,4,0.8195495098538039,3,4,4
amazon-toys-and-games,test,496166,11,2.346456749683826,9,10,11
amazon-toys-and-games,test,497070,4,26.15522051977803,3,4,4
amazon-toys-and-games,test,497211,6,8.85513326166915,3,3,4
amazon-toys-and-games,test,497933,8,3.759150670031852,7,8,8
amazon-toys-and-games,test,497939,4,0.05851106183258714,3,3,3
amazon-toys-and-games,test,498078,3,0.8329894215749327,2,3,3
amazon-toys-and-games,test,498102,4,0.6776164831244386,1,1,1
amazon-toys-and-games,test,498438,4,1.7556087383585495,2,3,3
amazon-toys-and-games,test,498510,4,0.8092948321658551,4,4,4
amazon-toys-and-games,test,498949,5,1.134476464944243,1,3,3
amazon-toys-and-games,test,499314,2,2.816824820539662,1,1,2
amazon-toys-and-games,test,499370,4,0.27744650784472347,4,4,4
amazon-toys-and-games,test,500102,8,4.062481283651087,6,8,8
amazon-toys-and-games,test,500226,7,3.0156683233079584,3,3,7
amazon-toys-and-games,test,501325,4,1.1293151006870794,1,1,1
amazon-toys-and-games,test,501687,4,5.070578256837606,3,3,3
amazon-toys-and-games,test,502277,5,0.39506009185217217,1,4,4
amazon-toys-and-games,test,502581,5,0.9176633698908359,1,4,4
amazon-toys-and-games,test,502639,8,31.990852476370208,7,8,8
amazon-toys-and-games,test,502694,8,3.7601524591487916,5,8,8
amazon-toys-and-games,test,502924,4,1.456226590531537,4,4,4
amazon-toys-and-games,test,503031,13,2.8220546150887786,8,11,11
amazon-toys-and-games,test,503089,3,2.2004260007028966,3,3,3
amazon-toys-and-games,test,503979,23,7.389232449290276,6,20,20
amazon-toys-and-games,test,504555,4,3.8031216229540243,3,4,4
amazon-toys-and-games,test,505076,7,3.2152626619598603,4,6,6
amazon-toys-and-games,test,505415,9,12.413772045289722,8,9,9
amazon-toys-and-games,test,506010,3,0.8240407379062266,1,1,1
amazon-toys-and-games,test,506071,4,12.851061216588135,2,3,3
amazon-toys-and-games,test,506311,6,0.6628545133414088,3,6,6
amazon-toys-and-games,test,506395,3,0.41569517682178736,2,2,2
amazon-toys-and-games,test,506720,4,4.021394016118812,4,4,4
amazon-toys-and-games,test,506755,5,1.3845140478471938,4,4,4
amazon-toys-and-games,test,506993,5,5.187902814565735,5,5,5
amazon-toys-and-games,test,507104,5,4.3783838447338175,2,4,5
amazon-toys-and-games,test,507316,5,8.044647413553157,4,4,4
amazon-toys-and-games,test,507506,2,4.982166446123383,1,2,2
amazon-toys-and-games,test,508282,3,11.62893617268871,2,3,3
amazon-toys-and-games,test,508283,14,5.2548229600199505,6,13,14
amazon-toys-and-games,test,508342,6,7.1015087488001765,3,5,6
amazon-toys-and-games,test,508552,4,3.0355857123874825,4,4,4
amazon-toys-and-games,test,508739,4,1.617705509542895,2,3,3
amazon-toys-and-games,test,508754,5,1.6831453597906008,5,5,5
amazon-toys-and-games,test,511346,4,10.09024715921003,4,4,4
amazon-toys-and-games,test,511437,20,17.973795372303478,10,16,19
amazon-toys-and-games,test,511902,5,11.898684715398606,2,4,5
amazon-toys-and-games,test,511995,8,1.200272127412397,4,7,7
amazon-toys-and-games,test,512342,2,3.4411311969969596,1,2,2
amazon-toys-and-games,test,512406,31,24.151810009682066,13,29,30
amazon-toys-and-games,test,512498,9,13.51786584007259,9,9,9
amazon-toys-and-games,test,512818,4,0.8801716651664073,4,4,4
amazon-toys-and-games,test,513266,4,4.4255122042137,1,1,1
amazon-toys-and-games,test,513601,17,6.7590830619153115,10,12,12
amazon-toys-and-games,test,513679,4,1.3400414414354018,2,4,4
amazon-toys-and-games,test,514116,6,4.286602506205686,4,5,5
amazon-toys-and-games,test,514366,24,4.463392481686517,10,16,16
amazon-toys-and-games,test,514511,9,4.673793873414458,4,9,9
amazon-toys-and-games,test,514868,6,5.432520237689646,2,5,5
amazon-toys-and-games,test,515031,4,6.443687719817292,2,3,4
amazon-toys-and-games,test,516586,4,2.2223796020557165,2,3,3
amazon-toys-and-games,test,516603,12,2.0019217401582914,3,4,4
amazon-toys-and-games,test,517398,10,1.0444601472920925,2,2,2
amazon-toys-and-games,test,517671,5,13.884912518322654,3,4,5
amazon-toys-and-games,test,517764,6,2.949329392625504,2,4,6
amazon-toys-and-games,test,517823,5,8.161342311404503,4,5,5
amazon-toys-and-games,test,517997,3,0.28038584818556317,1,1,1
amazon-toys-and-games,test,518120,8,4.89195381828064,6,8,8
amazon-toys-and-games,test,518289,4,1.4028367960937307,4,4,4
amazon-toys-and-games,test,518438,4,0.21347923700350963,3,3,3
amazon-toys-and-games,test,518603,11,7.036206771044576,4,8,8
amazon-toys-and-games,test,519054,7,2.002491191497239,6,7,7
amazon-toys-and-games,test,519190,5,2.9789898133098944,3,5,5
amazon-toys-and-games,test,519504,4,0.8214589806251835,2,2,4
amazon-toys-and-games,test,519539,5,1.244126710891693,3,3,3
amazon-toys-and-games,test,519636,7,2.0759821628412007,5,6,7
amazon-toys-and-games,test,519967,6,6.143208157548541,3,6,6
amazon-toys-and-games,test,520200,5,1.040500929975257,1,1,3
amazon-toys-and-games,test,520760,6,4.146653325500321,4,6,6
amazon-toys-and-games,test,520864,10,11.968911903335446,6,9,10
amazon-toys-and-games,test,520910,4,8.409034291102333,2,3,3
amazon-toys-and-games,test,521165,10,2.1893974662198166,3,3,4
amazon-toys-and-games,test,521369,5,1.8894015960701531,1,5,5
amazon-toys-and-games,test,521628,100,73.80508953142389,60,87,91
amazon-toys-and-games,test,522046,17,11.818215498626303,9,14,17
amazon-toys-and-games,test,522385,3,9.38916553686062,2,3,3
amazon-toys-and-games,test,522457,14,3.1779574013210845,8,14,14
amazon-toys-and-games,test,523425,35,28.52905773448553,19,28,31
amazon-toys-and-games,test,523475,4,2.3196187939432993,2,3,3
amazon-toys-and-games,test,523928,5,18.97011664329053,5,5,5
amazon-toys-and-games,test,523939,7,19.38414293051524,4,6,7
amazon-toys-and-games,test,524021,9,3.194956700131947,4,8,9
amazon-toys-and-games,test,524049,7,0.2998706465100456,2,2,3
amazon-toys-and-games,test,524176,10,3.5224139879612015,7,9,9
amazon-toys-and-games,test,524189,4,0.732046772167794,4,4,4
amazon-toys-and-games,test,524414,11,21.83647639398418,5,6,7
amazon-toys-and-games,test,524472,3,2.832324977353811,3,3,3
amazon-toys-and-games,test,525269,8,5.3931410711971655,6,6,6
amazon-toys-and-games,test,525893,4,3.4980391432653932,3,4,4
amazon-toys-and-games,test,525991,11,11.73476165862126,7,9,10
amazon-toys-and-games,test,526020,5,0.916685107639521,4,4,4
amazon-toys-and-games,test,526036,10,2.7209037655697097,3,6,6
amazon-toys-and-games,test,526254,6,6.524443053632842,5,6,6
amazon-toys-and-games,test,526959,4,2.817328624334204,2,2,2
amazon-toys-and-games,test,527467,4,4.882672849257111,2,2,3
amazon-toys-and-games,test,527553,16,5.936382216952991,16,16,16
amazon-toys-and-games,test,527875,5,6.229402244956287,4,5,5
amazon-toys-and-games,test,528262,12,12.25043134168086,4,9,11
amazon-toys-and-games,test,528430,17,8.59216311251831,12,16,17
amazon-toys-and-games,test,528677,4,0.1799443463139443,3,3,3
amazon-toys-and-games,test,529492,3,0.6831255643364593,1,1,1
amazon-toys-and-games,test,529515,4,0.8703650098335342,1,4,4
amazon-toys-and-games,test,529623,6,3.421350162547241,2,6,6
amazon-toys-and-games,test,530001,6,5.08816635973172,2,5,6
amazon-toys-and-games,test,530246,4,7.677674604601614,3,4,4
amazon-toys-and-games,test,531029,7,1.8412517152634524,3,6,6
amazon-toys-and-games,test,531563,4,2.9895695665067494,1,4,4
amazon-toys-and-games,test,531613,2,1.153110121984901,1,1,1
amazon-toys-and-games,test,531720,8,2.7975679545369885,6,8,8
amazon-toys-and-games,test,532884,5,1.4311377181128595,4,5,5
amazon-toys-and-games,test,533186,21,14.82260989971294,9,10,15
amazon-toys-and-games,test,533240,10,4.731849450069003,2,8,10
amazon-toys-and-games,test,533864,5,29.81856865458773,5,5,5
amazon-toys-and-games,test,533873,5,10.808619636420119,3,5,5
amazon-toys-and-games,test,533926,5,2.7133200195728344,3,5,5
amazon-toys-and-games,test,534098,14,3.807283095422121,4,6,10
amazon-toys-and-games,test,534424,4,1.4357709927787068,2,2,2
amazon-toys-and-games,test,534457,6,1.5621188624052134,6,6,6
amazon-toys-and-games,test,534495,4,5.836055819639,2,4,4
amazon-toys-and-games,test,534683,4,1.641583633801554,4,4,4
amazon-toys-and-games,test,534996,6,1.6999783261912642,3,3,3
amazon-toys-and-games,test,535134,4,0.49375377528719044,1,3,3
amazon-toys-and-games,test,535252,5,7.074208477501264,5,5,5
amazon-toys-and-games,test,535421,4,0.33429854618516613,2,2,2
amazon-toys-and-games,test,535460,7,7.564422850885651,4,6,7
amazon-toys-and-games,test,535473,5,31.877163578312302,4,5,5
amazon-toys-and-games,test,535742,4,2.006801414470578,3,3,3
amazon-toys-and-games,test,535856,7,4.249276754425881,2,2,2
amazon-toys-and-games,test,536148,7,7.372374058696114,5,6,7
amazon-toys-and-games,test,536309,17,1.7516429436384209,11,15,15
amazon-toys-and-games,test,536773,12,2.6575404774347318,7,9,9
amazon-toys-and-games,test,536895,4,3.446105864191421,4,4,4
amazon-toys-and-games,test,536920,11,4.006622812673467,6,8,8
amazon-toys-and-games,test,536939,3,2.990475097856266,3,3,3
amazon-toys-and-games,test,537146,5,1.666996063866839,1,3,3
amazon-toys-and-games,test,538334,7,0.8306913780551644,6,6,7
amazon-toys-and-games,test,538484,12,2.2222618412390664,11,12,12
amazon-toys-and-games,test,538544,8,4.418580633051034,4,7,8
amazon-toys-and-games,test,538731,5,9.92124799144128,5,5,5
amazon-toys-and-games,test,538800,4,1.9241755683493076,3,3,3
amazon-toys-and-games,test,539475,4,5.2181196582710125,3,3,3
amazon-toys-and-games,test,539580,21,4.656923466410435,11,17,19
amazon-toys-and-games,test,539747,4,0.9216253699552186,4,4,4
amazon-toys-and-games,test,540447,8,1.2869530691523516,4,5,5
amazon-toys-and-games,test,540738,10,5.547451759015834,7,10,10
amazon-toys-and-games,test,540847,4,1.0919577267760587,1,4,4
amazon-toys-and-games,test,540878,4,0.6498776761098152,3,4,4
amazon-toys-and-games,test,541010,5,4.92467627317499,2,3,3
amazon-toys-and-games,test,541091,6,3.8177431904744528,5,5,6
amazon-toys-and-games,test,541202,11,39.937385397443705,8,11,11
amazon-toys-and-games,test,541327,7,5.606282330862232,3,3,3
amazon-toys-and-games,test,541331,4,1.0321633123701792,1,1,1
amazon-toys-and-games,test,541373,11,13.82057488908063,8,11,11
amazon-toys-and-games,test,542177,5,2.990881884952236,2,4,4
amazon-toys-and-games,test,542179,6,0.8924210668914958,4,4,4
amazon-toys-and-games,test,542372,9,2.1507593959945255,8,8,8
amazon-toys-and-games,test,542426,6,12.788296472152823,3,5,6
amazon-toys-and-games,test,542574,3,3.6304193771312923,3,3,3
amazon-toys-and-games,test,542798,5,5.910640790234529,4,4,5
amazon-toys-and-games,test,543509,7,10.625576953689578,7,7,7
amazon-toys-and-games,test,543702,4,11.93969507790776,2,3,4
amazon-toys-and-games,test,543715,4,3.272224745316936,1,3,4
amazon-toys-and-games,test,543756,5,3.868277126997831,4,4,5
amazon-toys-and-games,test,543830,10,4.065241516240715,3,6,10
amazon-toys-and-games,test,543846,4,6.869548020451424,3,4,4
amazon-toys-and-games,test,543972,5,5.244242068426371,3,5,5
amazon-toys-and-games,test,544085,3,25.72234718937122,3,3,3
amazon-toys-and-games,test,545219,9,4.851523279169472,7,9,9
amazon-toys-and-games,test,545398,4,3.7496000274733077,2,4,4
amazon-toys-and-games,test,545942,4,2.71405213515476,4,4,4
amazon-toys-and-games,test,545956,9,5.549750940932325,6,8,9
amazon-toys-and-games,test,546353,5,4.124607134547299,4,5,5
amazon-toys-and-games,test,546423,7,15.386853959068695,5,7,7
amazon-toys-and-games,test,546515,6,0.621883235786437,3,6,6
amazon-toys-and-games,test,547571,5,1.2628649739424151,4,4,4
amazon-toys-and-games,test,547785,3,8.364537525382294,1,2,2
amazon-toys-and-games,test,547787,6,1.2272812221270677,5,5,5
amazon-toys-and-games,test,548064,6,3.6108820860689903,6,6,6
amazon-toys-and-games,test,548743,8,0.558617343815606,8,8,8
amazon-toys-and-games,test,548776,5,3.921364613861207,4,5,5
amazon-toys-and-games,test,548927,19,52.122687165228356,9,16,17
amazon-toys-and-games,test,549056,7,0.6725735121265497,1,4,4
amazon-toys-and-games,test,549371,4,0.26843900701195467,4,4,4
amazon-toys-and-games,test,549954,6,16.05497608702815,6,6,6
amazon-toys-and-games,test,550319,6,3.7390456984699503,4,5,5
amazon-toys-and-games,test,550760,8,8.321474380603087,8,8,8
amazon-toys-and-games,test,550817,4,12.169509169501012,3,4,4
amazon-toys-and-games,test,550970,5,2.3270744070644858,3,3,3
amazon-toys-and-games,test,551487,5,1.078410932251418,5,5,5
amazon-toys-and-games,test,552449,7,6.424678518346306,6,7,7
amazon-toys-and-games,test,552644,7,3.8187472563848397,5,5,5
amazon-toys-and-games,test,552865,9,5.370408427019695,6,8,9
amazon-toys-and-games,test,552943,9,12.209965512271252,9,9,9
amazon-toys-and-games,test,553154,4,2.6256705551979795,3,4,4
amazon-toys-and-games,test,553325,12,9.948892943970453,8,10,11
amazon-toys-and-games,test,553341,4,2.493243900043455,4,4,4
amazon-toys-and-games,test,553476,4,4.429397678720538,3,4,4
amazon-toys-and-games,test,553504,7,3.802872567048563,5,7,7
amazon-toys-and-games,test,553543,4,0.7405460421076504,3,3,3
amazon-toys-and-games,test,553788,9,0.20626635536154184,8,8,8
amazon-toys-and-games,test,553800,5,11.396936612362824,2,3,3
amazon-toys-and-games,test,553964,8,11.26692740589554,7,8,8
amazon-toys-and-games,test,554245,4,6.667264409272342,3,4,4
amazon-toys-and-games,test,554988,45,24.912777371152306,26,41,45
amazon-toys-and-games,test,555389,8,32.6428237905436,6,8,8
amazon-toys-and-games,test,556167,4,0.810027959655979,3,4,4
amazon-toys-and-games,test,556233,4,1.5552209371901622,2,3,3
amazon-toys-and-games,test,556274,3,0.7635410234856936,1,3,3
amazon-toys-and-games,test,556295,9,4.487272756250098,3,4,5
amazon-toys-and-games,test,556666,6,2.6149856900369604,5,5,6
amazon-toys-and-games,test,556688,22,7.644050286524968,15,20,20
amazon-toys-and-games,test,557250,10,5.870361151933526,6,8,8
amazon-toys-and-games,test,557457,4,5.108261085723107,3,4,4
amazon-toys-and-games,test,557542,5,3.4744657298631374,1,1,3
amazon-toys-and-games,test,557558,5,2.356921398323053,5,5,5
amazon-toys-and-games,test,557826,13,7.728921936405237,6,11,11
amazon-toys-and-games,test,557834,5,2.5449420369497013,2,4,5
amazon-toys-and-games,test,558804,6,3.198652062385911,6,6,6
amazon-toys-and-games,test,558857,21,5.131149816740263,11,13,13
amazon-toys-and-games,test,558914,13,18.489569408396093,8,11,12
amazon-toys-and-games,test,559011,14,4.8674944792502215,12,14,14
amazon-toys-and-games,test,559105,4,0.5885192310939656,2,2,2
amazon-toys-and-games,test,559489,4,0.5398148245942517,2,2,2
amazon-toys-and-games,test,559843,5,2.200194273725342,4,5,5
amazon-toys-and-games,test,560106,8,18.51590001866338,6,7,8
amazon-toys-and-games,test,560813,5,6.958870169079108,4,4,4
amazon-toys-and-games,test,560963,29,5.696479780081991,10,26,27
amazon-toys-and-games,test,561247,5,0.41356017701057135,3,4,4
amazon-toys-and-games,test,561274,8,3.254537475419327,6,8,8
amazon-toys-and-games,test,561338,7,9.253942220421308,4,6,7
amazon-toys-and-games,test,561604,4,1.2977297649824235,1,4,4
amazon-toys-and-games,test,561940,7,7.179536737042563,6,7,7
amazon-toys-and-games,test,562302,4,2.8871387796045602,3,3,3
amazon-toys-and-games,test,562321,4,0.4422878713125986,2,2,3
amazon-toys-and-games,test,562362,2,4.4954340488515125,1,2,2
amazon-toys-and-games,test,562464,5,2.530566110144563,4,4,4
amazon-toys-and-games,test,562669,5,5.69934373326201,3,3,3
amazon-toys-and-games,test,562678,4,15.458119617794683,3,3,4
amazon-toys-and-games,test,562786,4,8.368605775807563,3,3,4
amazon-toys-and-games,test,562881,11,5.875081071238907,4,8,8
amazon-toys-and-games,test,562930,4,3.3454251725192803,4,4,4
amazon-toys-and-games,test,563736,4,7.843773643472234,4,4,4
amazon-toys-and-games,test,563794,4,2.093088344455575,2,4,4
amazon-toys-and-games,test,564566,8,2.2222690510849836,1,4,6
amazon-toys-and-games,test,564869,13,60.540736672963476,7,11,12
amazon-toys-and-games,test,565097,7,13.829292478214409,7,7,7
amazon-toys-and-games,test,565125,8,7.69955711940346,6,7,8
amazon-toys-and-games,test,565465,5,17.159742800763308,3,5,5
amazon-toys-and-games,test,565584,7,3.4394772330458103,6,6,6
amazon-toys-and-games,test,565585,3,1.6710033468231238,2,2,3
amazon-toys-and-games,test,565627,9,8.203127416128464,5,8,9
amazon-toys-and-games,test,565673,4,2.1851484636925123,2,3,3
amazon-toys-and-games,test,565704,7,8.814656680734931,5,6,6
amazon-toys-and-games,test,566689,8,2.9635717475483836,2,7,7
amazon-toys-and-games,test,566968,4,0.054429909577780676,3,3,3
amazon-toys-and-games,test,567524,7,1.096650451048593,1,4,6
amazon-toys-and-games,test,567891,10,16.35489669650552,7,8,9
