/workspace/P78123011/MediaTek_2026_project/Reproduce/LLaRA/.venv/lib/python3.10/site-packages/transformers/utils/hub.py:111: FutureWarning: Using `TRANSFORMERS_CACHE` is deprecated and will be removed in v5 of Transformers. Use `HF_HOME` instead.
  warnings.warn(
Seed set to 1234
Loading full review dataset:   0%|          | 0/1 [00:00<?, ?dataset/s]
Generating full split: 0 examples [00:00, ? examples/s][A
Generating full split: 16000 examples [00:00, 156406.86 examples/s][A
Generating full split: 33000 examples [00:00, 163903.07 examples/s][A
Generating full split: 51000 examples [00:00, 168198.13 examples/s][A
Generating full split: 68591 examples [00:00, 171197.21 examples/s][A
Generating full split: 86000 examples [00:00, 171834.02 examples/s][A
Generating full split: 104000 examples [00:00, 172934.42 examples/s][A
Generating full split: 122000 examples [00:00, 172997.30 examples/s][A
Generating full split: 139409 examples [00:00, 173334.66 examples/s][A
Generating full split: 156877 examples [00:00, 173237.23 examples/s][A
Generating full split: 174264 examples [00:01, 172940.33 examples/s][A
Generating full split: 194105 examples [00:01, 180665.55 examples/s][A
Generating full split: 214555 examples [00:01, 187868.49 examples/s][A
Generating full split: 240957 examples [00:01, 136601.78 examples/s][A
Generating full split: 260856 examples [00:01, 150216.84 examples/s][A
Generating full split: 281222 examples [00:01, 162233.62 examples/s][A
Generating full split: 301415 examples [00:01, 172263.19 examples/s][A
Generating full split: 322000 examples [00:01, 180616.93 examples/s][A
Generating full split: 342591 examples [00:01, 187550.74 examples/s][A
Generating full split: 363000 examples [00:02, 191364.27 examples/s][A
Generating full split: 383415 examples [00:02, 195008.69 examples/s][A
Generating full split: 403809 examples [00:02, 197597.04 examples/s][A
Generating full split: 433660 examples [00:02, 198135.50 examples/s][A
Generating full split: 453994 examples [00:02, 199526.12 examples/s][A
Generating full split: 474261 examples [00:02, 199534.27 examples/s][A
Generating full split: 494848 examples [00:02, 201321.49 examples/s][A
Generating full split: 525214 examples [00:02, 201035.51 examples/s][A
Generating full split: 545600 examples [00:03, 201778.71 examples/s][A
Generating full split: 565902 examples [00:03, 202115.27 examples/s][A
Generating full split: 596099 examples [00:03, 136364.02 examples/s][A
Generating full split: 626513 examples [00:03, 153817.13 examples/s][A
Generating full split: 646668 examples [00:03, 163373.37 examples/s][A
Generating full split: 667000 examples [00:03, 171718.12 examples/s][A
Generating full split: 687516 examples [00:03, 179761.29 examples/s][A
Generating full split: 707953 examples [00:04, 186054.82 examples/s][A
Generating full split: 728395 examples [00:04, 189938.26 examples/s][A
Generating full split: 748938 examples [00:04, 194204.84 examples/s][A
Generating full split: 769000 examples [00:04, 195090.23 examples/s][A
Generating full split: 789383 examples [00:04, 197592.51 examples/s][A
Generating full split: 809579 examples [00:04, 198859.00 examples/s][A
Generating full split: 830480 examples [00:04, 200833.92 examples/s][A
Generating full split: 859660 examples [00:04, 198407.39 examples/s][A
Generating full split: 889009 examples [00:04, 196584.12 examples/s][A
Generating full split: 909000 examples [00:05, 195692.74 examples/s][A
Generating full split: 935848 examples [00:05, 137245.63 examples/s][A
Generating full split: 955383 examples [00:05, 148484.36 examples/s][A
Generating full split: 975052 examples [00:05, 158919.18 examples/s][A
Generating full split: 995000 examples [00:05, 168164.90 examples/s][A
Generating full split: 1015166 examples [00:05, 176571.80 examples/s][A
Generating full split: 1035000 examples [00:05, 181906.42 examples/s][A
Generating full split: 1055000 examples [00:05, 185909.22 examples/s][A
Generating full split: 1075282 examples [00:06, 190207.34 examples/s][A
Generating full split: 1095000 examples [00:06, 190892.95 examples/s][A
Generating full split: 1115129 examples [00:06, 193888.22 examples/s][A
Generating full split: 1135000 examples [00:06, 195251.50 examples/s][A
Generating full split: 1155000 examples [00:06, 195759.37 examples/s][A
Generating full split: 1175312 examples [00:06, 197927.52 examples/s][A
Generating full split: 1195764 examples [00:06, 199879.27 examples/s][A
Generating full split: 1216516 examples [00:06, 200908.40 examples/s][A
Generating full split: 1237000 examples [00:06, 201216.76 examples/s][A
Generating full split: 1257997 examples [00:06, 203813.38 examples/s][A
Generating full split: 1287753 examples [00:07, 147324.47 examples/s][A
Generating full split: 1307499 examples [00:07, 157998.85 examples/s][A
Generating full split: 1328000 examples [00:07, 168427.28 examples/s][A
Generating full split: 1348505 examples [00:07, 177557.67 examples/s][A
Generating full split: 1369000 examples [00:07, 184473.60 examples/s][A
Generating full split: 1389473 examples [00:07, 189993.56 examples/s][A
Generating full split: 1410000 examples [00:07, 193291.95 examples/s][A
Generating full split: 1430347 examples [00:07, 196190.90 examples/s][A
Generating full split: 1450764 examples [00:08, 198496.54 examples/s][A
Generating full split: 1471000 examples [00:08, 198627.47 examples/s][A
Generating full split: 1491587 examples [00:08, 200752.10 examples/s][A
Generating full split: 1512069 examples [00:08, 200631.62 examples/s][A
Generating full split: 1532928 examples [00:08, 202980.40 examples/s][A
Generating full split: 1563747 examples [00:08, 203118.70 examples/s][A
Generating full split: 1594357 examples [00:08, 202922.59 examples/s][A
Generating full split: 1615000 examples [00:08, 203038.43 examples/s][A
Generating full split: 1635701 examples [00:08, 204087.93 examples/s][A
Generating full split: 1666526 examples [00:09, 203053.26 examples/s][A
Generating full split: 1687000 examples [00:09, 202762.36 examples/s][A
Generating full split: 1707390 examples [00:09, 145232.80 examples/s][A
Generating full split: 1727771 examples [00:09, 157743.67 examples/s][A
Generating full split: 1748000 examples [00:09, 167514.49 examples/s][A
Generating full split: 1768655 examples [00:09, 177262.97 examples/s][A
Generating full split: 1789000 examples [00:09, 183569.17 examples/s][A
Generating full split: 1809564 examples [00:09, 189580.58 examples/s][A
Generating full split: 1829838 examples [00:10, 193265.79 examples/s][A
Generating full split: 1850123 examples [00:10, 195271.57 examples/s][A
Generating full split: 1870530 examples [00:10, 197814.64 examples/s][A
Generating full split: 1890885 examples [00:10, 199488.70 examples/s][A
Generating full split: 1911202 examples [00:10, 199845.45 examples/s][A
Generating full split: 1931751 examples [00:10, 201511.54 examples/s][A
Generating full split: 1960810 examples [00:10, 198491.56 examples/s][A
Generating full split: 1984000 examples [00:10, 178804.02 examples/s][A
Generating full split: 2014825 examples [00:11, 187677.08 examples/s][A
Generating full split: 2035174 examples [00:11, 190587.89 examples/s][A
Generating full split: 2055743 examples [00:11, 194434.72 examples/s][A
Generating full split: 2082000 examples [00:11, 143553.41 examples/s][A
Generating full split: 2102462 examples [00:11, 156053.51 examples/s][A
Generating full split: 2122846 examples [00:11, 166865.51 examples/s][A
Generating full split: 2143611 examples [00:11, 176132.39 examples/s][A
Generating full split: 2164000 examples [00:11, 182867.46 examples/s][A
Generating full split: 2184748 examples [00:11, 189476.57 examples/s][A
Generating full split: 2205226 examples [00:12, 192346.79 examples/s][A
Generating full split: 2225626 examples [00:12, 195637.00 examples/s][A
Generating full split: 2246000 examples [00:12, 197168.28 examples/s][A
Generating full split: 2266745 examples [00:12, 200136.43 examples/s][A
Generating full split: 2297194 examples [00:12, 200176.54 examples/s][A
Generating full split: 2317866 examples [00:12, 201919.28 examples/s][A
Generating full split: 2347295 examples [00:12, 198925.26 examples/s][A
Generating full split: 2367969 examples [00:12, 200927.55 examples/s][A
Generating full split: 2388262 examples [00:13, 200424.27 examples/s][A
Generating full split: 2418659 examples [00:13, 201230.28 examples/s][A
Generating full split: 2439371 examples [00:13, 201870.61 examples/s][A
Generating full split: 2460000 examples [00:13, 202120.93 examples/s][A
Generating full split: 2489077 examples [00:13, 147572.37 examples/s][A
Generating full split: 2510000 examples [00:13, 159527.47 examples/s][A
Generating full split: 2530676 examples [00:13, 170162.37 examples/s][A
Generating full split: 2551418 examples [00:13, 178646.24 examples/s][A
Generating full split: 2572000 examples [00:14, 184754.87 examples/s][A
Generating full split: 2592440 examples [00:14, 190016.26 examples/s][A
Generating full split: 2612435 examples [00:14, 192764.30 examples/s][A
Generating full split: 2632839 examples [00:14, 195958.70 examples/s][A
Generating full split: 2653179 examples [00:14, 197100.40 examples/s][A
Generating full split: 2673925 examples [00:14, 200109.83 examples/s][A
Generating full split: 2704367 examples [00:14, 200372.44 examples/s][A
Generating full split: 2724974 examples [00:14, 201891.24 examples/s][A
Generating full split: 2755559 examples [00:14, 201980.31 examples/s][A
Generating full split: 2775906 examples [00:15, 202360.78 examples/s][A
Generating full split: 2796369 examples [00:15, 201831.81 examples/s][A
Generating full split: 2816826 examples [00:15, 202585.93 examples/s][A
Generating full split: 2838000 examples [00:15, 141343.55 examples/s][A
Generating full split: 2858530 examples [00:15, 155266.15 examples/s][A
Generating full split: 2878875 examples [00:15, 166695.58 examples/s][A
Generating full split: 2899262 examples [00:15, 175334.79 examples/s][A
Generating full split: 2919000 examples [00:15, 180872.57 examples/s][A
Generating full split: 2939020 examples [00:16, 185334.72 examples/s][A
Generating full split: 2959329 examples [00:16, 189347.66 examples/s][A
Generating full split: 2979827 examples [00:16, 193802.37 examples/s][A
Generating full split: 3000208 examples [00:16, 195818.26 examples/s][A
Generating full split: 3020748 examples [00:16, 198610.62 examples/s][A
Generating full split: 3041093 examples [00:16, 198774.61 examples/s][A
Generating full split: 3071187 examples [00:16, 199374.66 examples/s][A
Generating full split: 3091375 examples [00:16, 200045.73 examples/s][A
Generating full split: 3121000 examples [00:16, 198974.29 examples/s][A
Generating full split: 3141055 examples [00:17, 198641.05 examples/s][A
Generating full split: 3161419 examples [00:17, 199978.32 examples/s][A
Generating full split: 3181904 examples [00:17, 201327.59 examples/s][A
Generating full split: 3207568 examples [00:17, 145549.76 examples/s][A
Generating full split: 3228000 examples [00:17, 157732.81 examples/s][A
Generating full split: 3248627 examples [00:17, 169063.64 examples/s][A
Generating full split: 3269000 examples [00:17, 177482.52 examples/s][A
Generating full split: 3289738 examples [00:17, 185341.89 examples/s][A
Generating full split: 3310489 examples [00:18, 190335.64 examples/s][A
Generating full split: 3330895 examples [00:18, 194171.50 examples/s][A
Generating full split: 3351386 examples [00:18, 196482.05 examples/s][A
Generating full split: 3371615 examples [00:18, 198158.40 examples/s][A
Generating full split: 3392000 examples [00:18, 198983.63 examples/s][A
Generating full split: 3412841 examples [00:18, 201749.55 examples/s][A
Generating full split: 3443469 examples [00:18, 202115.96 examples/s][A
Generating full split: 3464000 examples [00:18, 202047.06 examples/s][A
Generating full split: 3484624 examples [00:18, 203204.30 examples/s][A
Generating full split: 3515000 examples [00:19, 202545.48 examples/s][A
Generating full split: 3545126 examples [00:19, 201641.70 examples/s][A
Generating full split: 3565438 examples [00:19, 202006.16 examples/s][A
Generating full split: 3585929 examples [00:19, 202764.89 examples/s][A
Generating full split: 3616470 examples [00:19, 145749.96 examples/s][A
Generating full split: 3637000 examples [00:19, 156886.27 examples/s][A
Generating full split: 3657534 examples [00:19, 167497.91 examples/s][A
Generating full split: 3678000 examples [00:19, 175537.26 examples/s][A
Generating full split: 3698524 examples [00:20, 183052.49 examples/s][A
Generating full split: 3718917 examples [00:20, 188595.50 examples/s][A
Generating full split: 3738968 examples [00:20, 191277.53 examples/s][A
Generating full split: 3759391 examples [00:20, 194100.51 examples/s][A
Generating full split: 3779990 examples [00:20, 197498.19 examples/s][A
Generating full split: 3800280 examples [00:20, 197954.75 examples/s][A
Generating full split: 3830885 examples [00:20, 200275.57 examples/s][A
Generating full split: 3851335 examples [00:20, 200557.05 examples/s][A
Generating full split: 3871691 examples [00:20, 201381.53 examples/s][A
Generating full split: 3892469 examples [00:21, 202230.80 examples/s][A
Generating full split: 3913000 examples [00:21, 202102.34 examples/s][A
Generating full split: 3933997 examples [00:21, 204377.57 examples/s][A
Generating full split: 3964434 examples [00:21, 203309.43 examples/s][A
Generating full split: 3994000 examples [00:21, 150047.45 examples/s][A
Generating full split: 4014690 examples [00:21, 161443.67 examples/s][A
Generating full split: 4035000 examples [00:21, 170165.22 examples/s][A
Generating full split: 4055806 examples [00:21, 179285.19 examples/s][A
Generating full split: 4076000 examples [00:22, 184231.36 examples/s][A
Generating full split: 4096290 examples [00:22, 189209.43 examples/s][A
Generating full split: 4116946 examples [00:22, 193996.14 examples/s][A
Generating full split: 4137423 examples [00:22, 196420.91 examples/s][A
Generating full split: 4158000 examples [00:22, 197911.94 examples/s][A
Generating full split: 4178655 examples [00:22, 200412.64 examples/s][A
Generating full split: 4198937 examples [00:22, 201114.22 examples/s][A
Generating full split: 4219344 examples [00:22, 201202.20 examples/s][A
Generating full split: 4240000 examples [00:22, 201550.57 examples/s][A
Generating full split: 4260617 examples [00:23, 202915.35 examples/s][A
Generating full split: 4291000 examples [00:23, 202042.31 examples/s][A
Generating full split: 4311518 examples [00:23, 202885.47 examples/s][A
Generating full split: 4332000 examples [00:23, 202682.07 examples/s][A
Generating full split: 4352760 examples [00:23, 204049.63 examples/s][A
Generating full split: 4383458 examples [00:23, 203408.35 examples/s][A
Generating full split: 4412379 examples [00:23, 199702.77 examples/s][A
Generating full split: 4442000 examples [00:24, 149401.10 examples/s][A
Generating full split: 4472722 examples [00:24, 163985.54 examples/s][A
Generating full split: 4493294 examples [00:24, 171738.06 examples/s][A
Generating full split: 4514000 examples [00:24, 178764.18 examples/s][A
Generating full split: 4534740 examples [00:24, 185629.07 examples/s][A
Generating full split: 4555433 examples [00:24, 190214.80 examples/s][A
Generating full split: 4576000 examples [00:24, 193294.62 examples/s][A
Generating full split: 4596643 examples [00:24, 196899.84 examples/s][A
Generating full split: 4617502 examples [00:24, 199192.47 examples/s][A
Generating full split: 4638000 examples [00:25, 200272.20 examples/s][A
Generating full split: 4658410 examples [00:25, 201366.79 examples/s][A
Generating full split: 4679000 examples [00:25, 201817.26 examples/s][A
Generating full split: 4699590 examples [00:25, 203015.62 examples/s][A
Generating full split: 4730000 examples [00:25, 202283.04 examples/s][A
Generating full split: 4750737 examples [00:25, 203637.24 examples/s][A
Generating full split: 4771317 examples [00:25, 203109.24 examples/s][A
Generating full split: 4791866 examples [00:25, 203780.75 examples/s][A
Generating full split: 4812429 examples [00:25, 203539.24 examples/s][A
Generating full split: 4833000 examples [00:25, 203164.81 examples/s][A
Generating full split: 4860000 examples [00:26, 146057.14 examples/s][A
Generating full split: 4880839 examples [00:26, 159453.05 examples/s][A
Generating full split: 4901470 examples [00:26, 169799.11 examples/s][A
Generating full split: 4922000 examples [00:26, 177993.66 examples/s][A
Generating full split: 4942552 examples [00:26, 185227.41 examples/s][A
Generating full split: 4963000 examples [00:26, 189797.87 examples/s][A
Generating full split: 4983579 examples [00:26, 194272.45 examples/s][A
Generating full split: 5004000 examples [00:26, 196417.07 examples/s][A
Generating full split: 5024530 examples [00:27, 198980.90 examples/s][A
Generating full split: 5045481 examples [00:27, 200861.23 examples/s][A
Generating full split: 5065849 examples [00:27, 201687.02 examples/s][A
Generating full split: 5086328 examples [00:27, 201639.31 examples/s][A
Generating full split: 5116632 examples [00:27, 201786.08 examples/s][A
Generating full split: 5146000 examples [00:27, 198809.90 examples/s][A
Generating full split: 5175463 examples [00:27, 197658.51 examples/s][A
Generating full split: 5204612 examples [00:27, 196424.40 examples/s][A
Generating full split: 5234000 examples [00:28, 196184.73 examples/s][A
Generating full split: 5254000 examples [00:28, 196507.61 examples/s][A
Generating full split: 5275052 examples [00:28, 140197.64 examples/s][A
Generating full split: 5295061 examples [00:28, 152064.29 examples/s][A
Generating full split: 5315729 examples [00:28, 164144.90 examples/s][A
Generating full split: 5336024 examples [00:28, 172632.19 examples/s][A
Generating full split: 5366893 examples [00:28, 183862.58 examples/s][A
Generating full split: 5387383 examples [00:29, 188179.32 examples/s][A
Generating full split: 5407853 examples [00:29, 192431.69 examples/s][A
Generating full split: 5428381 examples [00:29, 195087.72 examples/s][A
Generating full split: 5449000 examples [00:29, 197332.58 examples/s][A
Generating full split: 5469676 examples [00:29, 199994.77 examples/s][A
Generating full split: 5500000 examples [00:29, 200110.39 examples/s][A
Generating full split: 5520581 examples [00:29, 201611.71 examples/s][A
Generating full split: 5541000 examples [00:29, 201295.44 examples/s][A
Generating full split: 5561633 examples [00:29, 202704.05 examples/s][A
Generating full split: 5582000 examples [00:30, 201925.47 examples/s][A
Generating full split: 5606990 examples [00:30, 145048.63 examples/s][A
Generating full split: 5627413 examples [00:30, 157482.30 examples/s][A
Generating full split: 5648000 examples [00:30, 168370.13 examples/s][A
Generating full split: 5668431 examples [00:30, 177415.81 examples/s][A
Generating full split: 5689000 examples [00:30, 184006.01 examples/s][A
Generating full split: 5709431 examples [00:30, 189554.07 examples/s][A
Generating full split: 5730000 examples [00:30, 193150.13 examples/s][A
Generating full split: 5750259 examples [00:30, 195841.85 examples/s][A
Generating full split: 5770831 examples [00:31, 198700.90 examples/s][A
Generating full split: 5791149 examples [00:31, 198850.45 examples/s][A
Generating full split: 5821284 examples [00:31, 199635.72 examples/s][A
Generating full split: 5841442 examples [00:31, 200155.01 examples/s][A
Generating full split: 5871702 examples [00:31, 200729.37 examples/s][A
Generating full split: 5891876 examples [00:31, 200989.28 examples/s][A
Generating full split: 5912123 examples [00:31, 200333.81 examples/s][A
Generating full split: 5932334 examples [00:31, 200825.09 examples/s][A
Generating full split: 5956021 examples [00:32, 143336.03 examples/s][A
Generating full split: 5976547 examples [00:32, 156685.90 examples/s][A
Generating full split: 5996775 examples [00:32, 167421.32 examples/s][A
Generating full split: 6028884 examples [00:32, 185431.47 examples/s]
Loading full review dataset: 100%|██████████| 1/1 [00:52<00:00, 52.60s/dataset]
Loading full item metadata dataset:   0%|          | 0/1 [00:00<?, ?dataset/s]
Generating full split: 0 examples [00:00, ? examples/s][A
Generating full split: 1279 examples [00:00, 12762.51 examples/s][A
Generating full split: 2757 examples [00:00, 13352.56 examples/s][A
Generating full split: 4766 examples [00:00, 13326.26 examples/s][A
Generating full split: 6488 examples [00:00, 9052.49 examples/s] [A
Generating full split: 7790 examples [00:00, 9970.91 examples/s][A
Generating full split: 9047 examples [00:00, 10615.37 examples/s][A
Generating full split: 10446 examples [00:00, 11495.01 examples/s][A
Generating full split: 11852 examples [00:01, 12190.84 examples/s][A
Generating full split: 13873 examples [00:01, 12656.98 examples/s][A
Generating full split: 15900 examples [00:01, 12948.95 examples/s][A
Generating full split: 17931 examples [00:01, 13138.73 examples/s][A
Generating full split: 19954 examples [00:01, 13247.83 examples/s][A
Generating full split: 21993 examples [00:01, 13355.07 examples/s][A
Generating full split: 23761 examples [00:02, 9990.09 examples/s] [A
Generating full split: 25016 examples [00:02, 10465.55 examples/s][A
Generating full split: 26437 examples [00:02, 11250.05 examples/s][A
Generating full split: 27866 examples [00:02, 11949.73 examples/s][A
Generating full split: 29929 examples [00:02, 12543.96 examples/s][A
Generating full split: 31958 examples [00:02, 12855.72 examples/s][A
Generating full split: 33810 examples [00:02, 9738.32 examples/s] [A
Generating full split: 35000 examples [00:03, 10061.91 examples/s][A
Generating full split: 36355 examples [00:03, 10791.21 examples/s][A
Generating full split: 37749 examples [00:03, 11360.18 examples/s][A
Generating full split: 39000 examples [00:03, 11472.57 examples/s][A
Generating full split: 40328 examples [00:03, 11933.51 examples/s][A
Generating full split: 41778 examples [00:03, 12360.78 examples/s][A
Generating full split: 43783 examples [00:03, 12623.10 examples/s][A
Generating full split: 45448 examples [00:04, 9333.42 examples/s] [A
Generating full split: 46876 examples [00:04, 10316.03 examples/s][A
Generating full split: 48180 examples [00:04, 10916.92 examples/s][A
Generating full split: 49593 examples [00:04, 11685.38 examples/s][A
Generating full split: 51000 examples [00:04, 12111.83 examples/s][A
Generating full split: 52438 examples [00:04, 12709.71 examples/s][A
Generating full split: 53861 examples [00:04, 13121.75 examples/s][A
Generating full split: 55964 examples [00:04, 13452.33 examples/s][A
Generating full split: 57593 examples [00:05, 9845.16 examples/s] [A
Generating full split: 58953 examples [00:05, 10614.74 examples/s][A
Generating full split: 60263 examples [00:05, 11177.43 examples/s][A
Generating full split: 61765 examples [00:05, 11947.29 examples/s][A
Generating full split: 63747 examples [00:05, 11902.40 examples/s][A
Generating full split: 65691 examples [00:05, 11825.66 examples/s][A
Generating full split: 67408 examples [00:05, 11707.10 examples/s][A
Generating full split: 68759 examples [00:05, 11869.06 examples/s][A
Generating full split: 70425 examples [00:06, 11621.39 examples/s][A
Generating full split: 72000 examples [00:06, 8480.22 examples/s] [A
Generating full split: 73422 examples [00:06, 9534.85 examples/s][A
Generating full split: 74891 examples [00:06, 10606.70 examples/s][A
Generating full split: 76232 examples [00:06, 11247.55 examples/s][A
Generating full split: 77811 examples [00:06, 12145.70 examples/s][A
Generating full split: 79142 examples [00:06, 12444.26 examples/s][A
Generating full split: 80607 examples [00:07, 13034.53 examples/s][A
Generating full split: 82000 examples [00:07, 13174.65 examples/s][A
Generating full split: 83485 examples [00:07, 13633.90 examples/s][A
Generating full split: 85358 examples [00:07, 9638.37 examples/s] [A
Generating full split: 86793 examples [00:07, 10554.56 examples/s][A
Generating full split: 88806 examples [00:07, 11427.12 examples/s][A
Generating full split: 90806 examples [00:07, 12003.27 examples/s][A
Generating full split: 92797 examples [00:08, 12386.70 examples/s][A
Generating full split: 94777 examples [00:08, 12558.87 examples/s][A
Generating full split: 96799 examples [00:08, 12821.38 examples/s][A
Generating full split: 98856 examples [00:08, 10089.78 examples/s][A
Generating full split: 100067 examples [00:08, 10453.38 examples/s][A
Generating full split: 101524 examples [00:08, 11295.76 examples/s][A
Generating full split: 103000 examples [00:08, 11920.88 examples/s][A
Generating full split: 104509 examples [00:09, 12685.66 examples/s][A
Generating full split: 106000 examples [00:09, 13004.73 examples/s][A
Generating full split: 107494 examples [00:09, 13503.45 examples/s][A
Generating full split: 108998 examples [00:09, 13922.13 examples/s][A
Generating full split: 111026 examples [00:09, 13769.70 examples/s][A
Generating full split: 112555 examples [00:09, 14164.60 examples/s][A
Generating full split: 114089 examples [00:09, 9905.79 examples/s] [A
Generating full split: 115631 examples [00:10, 11059.13 examples/s][A
Generating full split: 117007 examples [00:10, 11680.38 examples/s][A
Generating full split: 118539 examples [00:10, 12580.82 examples/s][A
Generating full split: 120000 examples [00:10, 13009.49 examples/s][A
Generating full split: 121515 examples [00:10, 13585.20 examples/s][A
Generating full split: 123000 examples [00:10, 13733.34 examples/s][A
Generating full split: 124536 examples [00:10, 14189.36 examples/s][A
Generating full split: 126000 examples [00:10, 14141.68 examples/s][A
Generating full split: 128121 examples [00:11, 10242.05 examples/s][A
Generating full split: 129660 examples [00:11, 11303.78 examples/s][A
Generating full split: 131037 examples [00:11, 11863.66 examples/s][A
Generating full split: 132570 examples [00:11, 12710.63 examples/s][A
Generating full split: 134000 examples [00:11, 13095.43 examples/s][A
Generating full split: 135530 examples [00:11, 13686.79 examples/s][A
Generating full split: 137000 examples [00:11, 13790.18 examples/s][A
Generating full split: 138501 examples [00:11, 14132.90 examples/s][A
Generating full split: 140000 examples [00:11, 14078.06 examples/s][A
Generating full split: 141436 examples [00:12, 9870.51 examples/s] [A
Generating full split: 142952 examples [00:12, 11043.71 examples/s][A
Generating full split: 144377 examples [00:12, 11813.94 examples/s][A
Generating full split: 145901 examples [00:12, 12689.59 examples/s][A
Generating full split: 148000 examples [00:12, 13108.64 examples/s][A
Generating full split: 149494 examples [00:12, 13567.97 examples/s][A
Generating full split: 151000 examples [00:12, 13686.02 examples/s][A
Generating full split: 152491 examples [00:12, 14014.97 examples/s][A
Generating full split: 153968 examples [00:12, 14222.08 examples/s][A
Generating full split: 156075 examples [00:13, 10070.17 examples/s][A
Generating full split: 157568 examples [00:13, 11050.40 examples/s][A
Generating full split: 159000 examples [00:13, 11690.75 examples/s][A
Generating full split: 160497 examples [00:13, 12479.26 examples/s][A
Generating full split: 162000 examples [00:13, 12868.37 examples/s][A
Generating full split: 163494 examples [00:13, 13412.89 examples/s][A
Generating full split: 165000 examples [00:13, 13584.11 examples/s][A
Generating full split: 166550 examples [00:13, 14111.94 examples/s][A
Generating full split: 168070 examples [00:14, 14417.28 examples/s][A
Generating full split: 170198 examples [00:14, 10451.54 examples/s][A
Generating full split: 171907 examples [00:14, 11750.87 examples/s][A
Generating full split: 173416 examples [00:14, 12509.20 examples/s][A
Generating full split: 175000 examples [00:14, 13215.82 examples/s][A
Generating full split: 176631 examples [00:14, 14011.78 examples/s][A
Generating full split: 178997 examples [00:14, 14635.18 examples/s][A
Generating full split: 181258 examples [00:15, 14778.97 examples/s][A
Generating full split: 182806 examples [00:15, 11020.13 examples/s][A
Generating full split: 184174 examples [00:15, 11560.10 examples/s][A
Generating full split: 185904 examples [00:15, 12744.79 examples/s][A
Generating full split: 187425 examples [00:15, 13339.80 examples/s][A
Generating full split: 189000 examples [00:15, 13822.55 examples/s][A
Generating full split: 190649 examples [00:15, 14532.10 examples/s][A
Generating full split: 192185 examples [00:15, 14759.54 examples/s][A
Generating full split: 193933 examples [00:16, 15434.10 examples/s][A
Generating full split: 196293 examples [00:16, 15542.58 examples/s][A
Generating full split: 198156 examples [00:16, 11273.65 examples/s][A
Generating full split: 199922 examples [00:16, 12493.14 examples/s][A
Generating full split: 201488 examples [00:16, 13208.30 examples/s][A
Generating full split: 203058 examples [00:16, 13815.46 examples/s][A
Generating full split: 204768 examples [00:16, 14663.46 examples/s][A
Generating full split: 207108 examples [00:17, 14995.42 examples/s][A
Generating full split: 208920 examples [00:17, 15568.18 examples/s][A
Generating full split: 211275 examples [00:17, 15611.07 examples/s][A
Generating full split: 212990 examples [00:17, 15991.54 examples/s][A
Generating full split: 215000 examples [00:17, 11455.01 examples/s][A
Generating full split: 217724 examples [00:17, 12208.10 examples/s]
Loading full item metadata dataset: 100%|██████████| 1/1 [00:23<00:00, 23.63s/dataset]
Scanning review item IDs: 100%|██████████| 6028884/6028884 [01:35<00:00, 62858.54review/s]
Joining item metadata by parent_asin: 100%|██████████| 217724/217724 [00:07<00:00, 30884.96item/s]
Normalising review interactions: 100%|██████████| 6028884/6028884 [01:39<00:00, 60722.86review/s]
Grouping interactions by user: 100%|██████████| 6028884/6028884 [00:08<00:00, 747179.30interaction/s]
Building item index and text table: 100%|██████████| 184834/184834 [00:00<00:00, 466282.69user/s]
Creating chronological train/valid/test split: 100%|██████████| 184834/184834 [00:00<00:00, 419274.34user/s]
Finalising item text array: 100%|██████████| 77324/77324 [00:00<00:00, 2586080.56item/s]
`torch_dtype` is deprecated! Use `dtype` instead!
Loading LLAMA
Loading checkpoint shards: 100%|██████████| 2/2 [00:00<00:00,  4.70it/s]
The new embeddings will be initialized from a multivariate normal distribution that has old embeddings' mean and covariance. As described in this article: https://nlp.stanford.edu/~johnhew/vocab-expansion.html. To disable this, use `mean_resizing=False`
The new lm_head weights will be initialized from a multivariate normal distribution that has old embeddings' mean and covariance. As described in this article: https://nlp.stanford.edu/~johnhew/vocab-expansion.html. To disable this, use `mean_resizing=False`
Using bfloat16 Automatic Mixed Precision (AMP)
GPU available: True (cuda), used: True
TPU available: False, using: 0 TPU cores
💡 Tip: For seamless cloud logging and experiment tracking, try installing [litlogger](https://pypi.org/project/litlogger/) to enable LitLogger, which logs metrics and artifacts automatically to the Lightning Experiments platform.
You are using a CUDA device ('NVIDIA RTX PRO 6000 Blackwell Workstation Edition') that has Tensor Cores. To properly utilize them, you should set `torch.set_float32_matmul_precision('medium' | 'high')` which will trade-off precision for performance. For more details, read https://pytorch.org/docs/stable/generated/torch.set_float32_matmul_precision.html#torch.set_float32_matmul_precision
LOCAL_RANK: 0 - CUDA_VISIBLE_DEVICES: [1]
/workspace/P78123011/MediaTek_2026_project/Reproduce/LLaRA/.venv/lib/python3.10/site-packages/pytorch_lightning/utilities/model_summary/model_summary.py:242: Precision bf16-mixed is not supported by the model summary.  Estimated model size in MB will not be accurate. Using 32 bits instead.

  | Name        | Type                 | Params | Mode  | FLOPs
---------------------------------------------------------------------
0 | llama_model | PeftModelForCausalLM | 6.8 B  | train | 0    
1 | rec_model   | SASRec               | 10.0 M | eval  | 0    
2 | projector   | MlpProjector         | 17.0 M | train | 0    
---------------------------------------------------------------------
37.0 M    Trainable params
6.7 B     Non-trainable params
6.8 B     Total params
27,141.958Total estimated model params size (MB)
2248      Modules in train mode
442       Modules in eval mode
0         Total Flops
trainable params: 19,988,480 || all params: 6,758,445,056 || trainable%: 0.2958
Loading LLAMA Done
max_step: 785
warmup_steps: 39
/workspace/P78123011/MediaTek_2026_project/Reproduce/LLaRA/.venv/lib/python3.10/site-packages/pytorch_lightning/loops/fit_loop.py:538: Found 442 module(s) in eval mode at the start of training. This may lead to unexpected behavior during training. If this is intentional, you can ignore this warning.
Validation DataLoader 0:   0%|          | 0/250 [00:00<?, ?it/s][A
Validation DataLoader 0:   0%|          | 1/250 [00:01<07:17,  0.57it/s][A
Validation DataLoader 0:   1%|          | 2/250 [00:03<07:21,  0.56it/s][A
Validation DataLoader 0:   1%|          | 3/250 [00:05<07:26,  0.55it/s][A
Validation DataLoader 0:   2%|▏         | 4/250 [00:07<07:30,  0.55it/s][A
Validation DataLoader 0:   2%|▏         | 5/250 [00:09<07:33,  0.54it/s][A
Validation DataLoader 0:   2%|▏         | 6/250 [00:11<07:34,  0.54it/s][A
Validation DataLoader 0:   3%|▎         | 7/250 [00:13<07:31,  0.54it/s][A
Validation DataLoader 0:   3%|▎         | 8/250 [00:14<07:28,  0.54it/s][A
Validation DataLoader 0:   4%|▎         | 9/250 [00:16<07:28,  0.54it/s][A
Validation DataLoader 0:   4%|▍         | 10/250 [00:18<07:26,  0.54it/s][A
Validation DataLoader 0:   4%|▍         | 11/250 [00:20<07:24,  0.54it/s][A
Validation DataLoader 0:   5%|▍         | 12/250 [00:22<07:22,  0.54it/s][A
Validation DataLoader 0:   5%|▌         | 13/250 [00:24<07:19,  0.54it/s][A
Validation DataLoader 0:   6%|▌         | 14/250 [00:25<07:17,  0.54it/s][A
Validation DataLoader 0:   6%|▌         | 15/250 [00:27<07:15,  0.54it/s][A
Validation DataLoader 0:   6%|▋         | 16/250 [00:29<07:12,  0.54it/s][A
Validation DataLoader 0:   7%|▋         | 17/250 [00:31<07:10,  0.54it/s][A
Validation DataLoader 0:   7%|▋         | 18/250 [00:33<07:08,  0.54it/s][A
Validation DataLoader 0:   8%|▊         | 19/250 [00:35<07:05,  0.54it/s][A
Validation DataLoader 0:   8%|▊         | 20/250 [00:36<07:04,  0.54it/s][A
Validation DataLoader 0:   8%|▊         | 21/250 [00:38<07:03,  0.54it/s][A
Validation DataLoader 0:   9%|▉         | 22/250 [00:40<07:02,  0.54it/s][A
Validation DataLoader 0:   9%|▉         | 23/250 [00:42<06:59,  0.54it/s][A
Validation DataLoader 0:  10%|▉         | 24/250 [00:44<06:56,  0.54it/s][A
Validation DataLoader 0:  10%|█         | 25/250 [00:46<06:55,  0.54it/s][A
Validation DataLoader 0:  10%|█         | 26/250 [00:48<06:54,  0.54it/s][A
Validation DataLoader 0:  11%|█         | 27/250 [00:49<06:52,  0.54it/s][A
Validation DataLoader 0:  11%|█         | 28/250 [00:51<06:49,  0.54it/s][A
Validation DataLoader 0:  12%|█▏        | 29/250 [00:53<06:47,  0.54it/s][A
Validation DataLoader 0:  12%|█▏        | 30/250 [00:55<06:45,  0.54it/s][A
Validation DataLoader 0:  12%|█▏        | 31/250 [00:57<06:44,  0.54it/s][A
Validation DataLoader 0:  13%|█▎        | 32/250 [00:59<06:42,  0.54it/s][A
Validation DataLoader 0:  13%|█▎        | 33/250 [01:00<06:40,  0.54it/s][A
Validation DataLoader 0:  14%|█▎        | 34/250 [01:02<06:38,  0.54it/s][A
Validation DataLoader 0:  14%|█▍        | 35/250 [01:04<06:36,  0.54it/s][A
Validation DataLoader 0:  14%|█▍        | 36/250 [01:06<06:34,  0.54it/s][A
Validation DataLoader 0:  15%|█▍        | 37/250 [01:08<06:33,  0.54it/s][A
Validation DataLoader 0:  15%|█▌        | 38/250 [01:10<06:31,  0.54it/s][A
Validation DataLoader 0:  16%|█▌        | 39/250 [01:12<06:30,  0.54it/s][A
Validation DataLoader 0:  16%|█▌        | 40/250 [01:14<06:28,  0.54it/s][A
Validation DataLoader 0:  16%|█▋        | 41/250 [01:15<06:26,  0.54it/s][A
Validation DataLoader 0:  17%|█▋        | 42/250 [01:17<06:24,  0.54it/s][A
Validation DataLoader 0:  17%|█▋        | 43/250 [01:19<06:22,  0.54it/s][A
Validation DataLoader 0:  18%|█▊        | 44/250 [01:21<06:21,  0.54it/s][A
Validation DataLoader 0:  18%|█▊        | 45/250 [01:23<06:19,  0.54it/s][A
Validation DataLoader 0:  18%|█▊        | 46/250 [01:25<06:17,  0.54it/s][A
Validation DataLoader 0:  19%|█▉        | 47/250 [01:26<06:15,  0.54it/s][A
Validation DataLoader 0:  19%|█▉        | 48/250 [01:28<06:13,  0.54it/s][A
Validation DataLoader 0:  20%|█▉        | 49/250 [01:30<06:11,  0.54it/s][A
Validation DataLoader 0:  20%|██        | 50/250 [01:32<06:09,  0.54it/s][A
Validation DataLoader 0:  20%|██        | 51/250 [01:34<06:08,  0.54it/s][A
Validation DataLoader 0:  21%|██        | 52/250 [01:36<06:06,  0.54it/s][A
Validation DataLoader 0:  21%|██        | 53/250 [01:38<06:04,  0.54it/s][A
Validation DataLoader 0:  22%|██▏       | 54/250 [01:40<06:03,  0.54it/s][A
Validation DataLoader 0:  22%|██▏       | 55/250 [01:41<06:01,  0.54it/s][A
Validation DataLoader 0:  22%|██▏       | 56/250 [01:43<05:59,  0.54it/s][A
Validation DataLoader 0:  23%|██▎       | 57/250 [01:45<05:57,  0.54it/s][A
Validation DataLoader 0:  23%|██▎       | 58/250 [01:47<05:55,  0.54it/s][A
Validation DataLoader 0:  24%|██▎       | 59/250 [01:49<05:54,  0.54it/s][A
Validation DataLoader 0:  24%|██▍       | 60/250 [01:51<05:51,  0.54it/s][A
Validation DataLoader 0:  24%|██▍       | 61/250 [01:52<05:50,  0.54it/s][A
Validation DataLoader 0:  25%|██▍       | 62/250 [01:54<05:48,  0.54it/s][A
Validation DataLoader 0:  25%|██▌       | 63/250 [01:56<05:46,  0.54it/s][A
Validation DataLoader 0:  26%|██▌       | 64/250 [01:58<05:44,  0.54it/s][A
Validation DataLoader 0:  26%|██▌       | 65/250 [02:00<05:42,  0.54it/s][A
Validation DataLoader 0:  26%|██▋       | 66/250 [02:02<05:40,  0.54it/s][A
Validation DataLoader 0:  27%|██▋       | 67/250 [02:04<05:39,  0.54it/s][A
Validation DataLoader 0:  27%|██▋       | 68/250 [02:06<05:37,  0.54it/s][A
Validation DataLoader 0:  28%|██▊       | 69/250 [02:08<05:35,  0.54it/s][A
Validation DataLoader 0:  28%|██▊       | 70/250 [02:09<05:34,  0.54it/s][A
Validation DataLoader 0:  28%|██▊       | 71/250 [02:11<05:32,  0.54it/s][A
Validation DataLoader 0:  29%|██▉       | 72/250 [02:13<05:30,  0.54it/s][A
Validation DataLoader 0:  29%|██▉       | 73/250 [02:15<05:28,  0.54it/s][A
Validation DataLoader 0:  30%|██▉       | 74/250 [02:17<05:26,  0.54it/s][A
Validation DataLoader 0:  30%|███       | 75/250 [02:19<05:24,  0.54it/s][A
Validation DataLoader 0:  30%|███       | 76/250 [02:21<05:23,  0.54it/s][A
Validation DataLoader 0:  31%|███       | 77/250 [02:23<05:21,  0.54it/s][A
Validation DataLoader 0:  31%|███       | 78/250 [02:24<05:19,  0.54it/s][A
Validation DataLoader 0:  32%|███▏      | 79/250 [02:26<05:17,  0.54it/s][A
Validation DataLoader 0:  32%|███▏      | 80/250 [02:28<05:15,  0.54it/s][A
Validation DataLoader 0:  32%|███▏      | 81/250 [02:30<05:13,  0.54it/s][A
Validation DataLoader 0:  33%|███▎      | 82/250 [02:32<05:11,  0.54it/s][A
Validation DataLoader 0:  33%|███▎      | 83/250 [02:33<05:09,  0.54it/s][A
Validation DataLoader 0:  34%|███▎      | 84/250 [02:35<05:07,  0.54it/s][A
Validation DataLoader 0:  34%|███▍      | 85/250 [02:37<05:06,  0.54it/s][A
Validation DataLoader 0:  34%|███▍      | 86/250 [02:39<05:04,  0.54it/s][A
Validation DataLoader 0:  35%|███▍      | 87/250 [02:41<05:02,  0.54it/s][A
Validation DataLoader 0:  35%|███▌      | 88/250 [02:43<05:00,  0.54it/s][A
Validation DataLoader 0:  36%|███▌      | 89/250 [02:45<04:58,  0.54it/s][A
Validation DataLoader 0:  36%|███▌      | 90/250 [02:47<04:57,  0.54it/s][A
Validation DataLoader 0:  36%|███▋      | 91/250 [02:48<04:55,  0.54it/s][A
Validation DataLoader 0:  37%|███▋      | 92/250 [02:50<04:53,  0.54it/s][A
Validation DataLoader 0:  37%|███▋      | 93/250 [02:52<04:51,  0.54it/s][A
Validation DataLoader 0:  38%|███▊      | 94/250 [02:54<04:49,  0.54it/s][A
Validation DataLoader 0:  38%|███▊      | 95/250 [02:56<04:47,  0.54it/s][A
Validation DataLoader 0:  38%|███▊      | 96/250 [02:58<04:45,  0.54it/s][A
Validation DataLoader 0:  39%|███▉      | 97/250 [03:00<04:44,  0.54it/s][A
Validation DataLoader 0:  39%|███▉      | 98/250 [03:01<04:42,  0.54it/s][A
Validation DataLoader 0:  40%|███▉      | 99/250 [03:03<04:40,  0.54it/s][A
Validation DataLoader 0:  40%|████      | 100/250 [03:05<04:38,  0.54it/s][A
Validation DataLoader 0:  40%|████      | 101/250 [03:07<04:36,  0.54it/s][A
Validation DataLoader 0:  41%|████      | 102/250 [03:09<04:34,  0.54it/s][A
Validation DataLoader 0:  41%|████      | 103/250 [03:11<04:32,  0.54it/s][A
Validation DataLoader 0:  42%|████▏     | 104/250 [03:13<04:30,  0.54it/s][A
Validation DataLoader 0:  42%|████▏     | 105/250 [03:14<04:29,  0.54it/s][A
Validation DataLoader 0:  42%|████▏     | 106/250 [03:16<04:27,  0.54it/s][A
Validation DataLoader 0:  43%|████▎     | 107/250 [03:18<04:25,  0.54it/s][A
Validation DataLoader 0:  43%|████▎     | 108/250 [03:20<04:23,  0.54it/s][A
Validation DataLoader 0:  44%|████▎     | 109/250 [03:22<04:21,  0.54it/s][A
Validation DataLoader 0:  44%|████▍     | 110/250 [03:24<04:19,  0.54it/s][A
Validation DataLoader 0:  44%|████▍     | 111/250 [03:25<04:17,  0.54it/s][A
Validation DataLoader 0:  45%|████▍     | 112/250 [03:27<04:16,  0.54it/s][A
Validation DataLoader 0:  45%|████▌     | 113/250 [03:29<04:14,  0.54it/s][A
Validation DataLoader 0:  46%|████▌     | 114/250 [03:31<04:12,  0.54it/s][A
Validation DataLoader 0:  46%|████▌     | 115/250 [03:33<04:10,  0.54it/s][A
Validation DataLoader 0:  46%|████▋     | 116/250 [03:35<04:08,  0.54it/s][A
Validation DataLoader 0:  47%|████▋     | 117/250 [03:36<04:06,  0.54it/s][A
Validation DataLoader 0:  47%|████▋     | 118/250 [03:38<04:04,  0.54it/s][A
Validation DataLoader 0:  48%|████▊     | 119/250 [03:40<04:02,  0.54it/s][A
Validation DataLoader 0:  48%|████▊     | 120/250 [03:42<04:00,  0.54it/s][A
Validation DataLoader 0:  48%|████▊     | 121/250 [03:44<03:59,  0.54it/s][A
Validation DataLoader 0:  49%|████▉     | 122/250 [03:46<03:57,  0.54it/s][A
Validation DataLoader 0:  49%|████▉     | 123/250 [03:48<03:55,  0.54it/s][A
Validation DataLoader 0:  50%|████▉     | 124/250 [03:50<03:53,  0.54it/s][A
Validation DataLoader 0:  50%|█████     | 125/250 [03:51<03:51,  0.54it/s][A
Validation DataLoader 0:  50%|█████     | 126/250 [03:53<03:50,  0.54it/s][A
Validation DataLoader 0:  51%|█████     | 127/250 [03:55<03:48,  0.54it/s][A
Validation DataLoader 0:  51%|█████     | 128/250 [03:57<03:46,  0.54it/s][A
Validation DataLoader 0:  52%|█████▏    | 129/250 [03:59<03:44,  0.54it/s][A
Validation DataLoader 0:  52%|█████▏    | 130/250 [04:01<03:42,  0.54it/s][A
Validation DataLoader 0:  52%|█████▏    | 131/250 [04:03<03:40,  0.54it/s][A
Validation DataLoader 0:  53%|█████▎    | 132/250 [04:04<03:38,  0.54it/s][A
Validation DataLoader 0:  53%|█████▎    | 133/250 [04:06<03:37,  0.54it/s][A
Validation DataLoader 0:  54%|█████▎    | 134/250 [04:08<03:35,  0.54it/s][A
Validation DataLoader 0:  54%|█████▍    | 135/250 [04:10<03:33,  0.54it/s][A
Validation DataLoader 0:  54%|█████▍    | 136/250 [04:12<03:31,  0.54it/s][A
Validation DataLoader 0:  55%|█████▍    | 137/250 [04:14<03:29,  0.54it/s][A
Validation DataLoader 0:  55%|█████▌    | 138/250 [04:16<03:28,  0.54it/s][A
Validation DataLoader 0:  56%|█████▌    | 139/250 [04:18<03:26,  0.54it/s][A
Validation DataLoader 0:  56%|█████▌    | 140/250 [04:20<03:24,  0.54it/s][A
Validation DataLoader 0:  56%|█████▋    | 141/250 [04:21<03:22,  0.54it/s][A
Validation DataLoader 0:  57%|█████▋    | 142/250 [04:23<03:20,  0.54it/s][A
Validation DataLoader 0:  57%|█████▋    | 143/250 [04:25<03:18,  0.54it/s][A
Validation DataLoader 0:  58%|█████▊    | 144/250 [04:27<03:16,  0.54it/s][A
Validation DataLoader 0:  58%|█████▊    | 145/250 [04:29<03:14,  0.54it/s][A
Validation DataLoader 0:  58%|█████▊    | 146/250 [04:30<03:13,  0.54it/s][A
Validation DataLoader 0:  59%|█████▉    | 147/250 [04:32<03:11,  0.54it/s][A
Validation DataLoader 0:  59%|█████▉    | 148/250 [04:34<03:09,  0.54it/s][A
Validation DataLoader 0:  60%|█████▉    | 149/250 [04:36<03:07,  0.54it/s][A
Validation DataLoader 0:  60%|██████    | 150/250 [04:38<03:05,  0.54it/s][A
Validation DataLoader 0:  60%|██████    | 151/250 [04:40<03:03,  0.54it/s][A
Validation DataLoader 0:  61%|██████    | 152/250 [04:42<03:01,  0.54it/s][A
Validation DataLoader 0:  61%|██████    | 153/250 [04:44<03:00,  0.54it/s][A
Validation DataLoader 0:  62%|██████▏   | 154/250 [04:45<02:58,  0.54it/s][A
Validation DataLoader 0:  62%|██████▏   | 155/250 [04:47<02:56,  0.54it/s][A
Validation DataLoader 0:  62%|██████▏   | 156/250 [04:49<02:54,  0.54it/s][A
Validation DataLoader 0:  63%|██████▎   | 157/250 [04:51<02:52,  0.54it/s][A
Validation DataLoader 0:  63%|██████▎   | 158/250 [04:53<02:50,  0.54it/s][A
Validation DataLoader 0:  64%|██████▎   | 159/250 [04:55<02:48,  0.54it/s][A
Validation DataLoader 0:  64%|██████▍   | 160/250 [04:57<02:47,  0.54it/s][A
Validation DataLoader 0:  64%|██████▍   | 161/250 [04:58<02:45,  0.54it/s][A
Validation DataLoader 0:  65%|██████▍   | 162/250 [05:00<02:43,  0.54it/s][A
Validation DataLoader 0:  65%|██████▌   | 163/250 [05:02<02:41,  0.54it/s][A
Validation DataLoader 0:  66%|██████▌   | 164/250 [05:04<02:39,  0.54it/s][A
Validation DataLoader 0:  66%|██████▌   | 165/250 [05:06<02:37,  0.54it/s][A
Validation DataLoader 0:  66%|██████▋   | 166/250 [05:08<02:35,  0.54it/s][A
Validation DataLoader 0:  67%|██████▋   | 167/250 [05:10<02:34,  0.54it/s][A
Validation DataLoader 0:  67%|██████▋   | 168/250 [05:12<02:32,  0.54it/s][A
Validation DataLoader 0:  68%|██████▊   | 169/250 [05:14<02:30,  0.54it/s][A
Validation DataLoader 0:  68%|██████▊   | 170/250 [05:15<02:28,  0.54it/s][A
Validation DataLoader 0:  68%|██████▊   | 171/250 [05:17<02:26,  0.54it/s][A
Validation DataLoader 0:  69%|██████▉   | 172/250 [05:19<02:24,  0.54it/s][A
Validation DataLoader 0:  69%|██████▉   | 173/250 [05:21<02:23,  0.54it/s][A
Validation DataLoader 0:  70%|██████▉   | 174/250 [05:23<02:21,  0.54it/s][A
Validation DataLoader 0:  70%|███████   | 175/250 [05:25<02:19,  0.54it/s][A
Validation DataLoader 0:  70%|███████   | 176/250 [05:27<02:17,  0.54it/s][A
Validation DataLoader 0:  71%|███████   | 177/250 [05:29<02:15,  0.54it/s][A
Validation DataLoader 0:  71%|███████   | 178/250 [05:30<02:13,  0.54it/s][A
Validation DataLoader 0:  72%|███████▏  | 179/250 [05:32<02:11,  0.54it/s][A
Validation DataLoader 0:  72%|███████▏  | 180/250 [05:34<02:10,  0.54it/s][A
Validation DataLoader 0:  72%|███████▏  | 181/250 [05:36<02:08,  0.54it/s][A
Validation DataLoader 0:  73%|███████▎  | 182/250 [05:38<02:06,  0.54it/s][A
Validation DataLoader 0:  73%|███████▎  | 183/250 [05:40<02:04,  0.54it/s][A
Validation DataLoader 0:  74%|███████▎  | 184/250 [05:41<02:02,  0.54it/s][A
Validation DataLoader 0:  74%|███████▍  | 185/250 [05:43<02:00,  0.54it/s][A
Validation DataLoader 0:  74%|███████▍  | 186/250 [05:45<01:58,  0.54it/s][A
Validation DataLoader 0:  75%|███████▍  | 187/250 [05:47<01:57,  0.54it/s][A
Validation DataLoader 0:  75%|███████▌  | 188/250 [05:49<01:55,  0.54it/s][A
Validation DataLoader 0:  76%|███████▌  | 189/250 [05:51<01:53,  0.54it/s][A
Validation DataLoader 0:  76%|███████▌  | 190/250 [05:53<01:51,  0.54it/s][A
Validation DataLoader 0:  76%|███████▋  | 191/250 [05:54<01:49,  0.54it/s][A
Validation DataLoader 0:  77%|███████▋  | 192/250 [05:56<01:47,  0.54it/s][A
Validation DataLoader 0:  77%|███████▋  | 193/250 [05:58<01:45,  0.54it/s][A
Validation DataLoader 0:  78%|███████▊  | 194/250 [06:00<01:44,  0.54it/s][A
Validation DataLoader 0:  78%|███████▊  | 195/250 [06:02<01:42,  0.54it/s][A
Validation DataLoader 0:  78%|███████▊  | 196/250 [06:04<01:40,  0.54it/s][A
Validation DataLoader 0:  79%|███████▉  | 197/250 [06:06<01:38,  0.54it/s][A
Validation DataLoader 0:  79%|███████▉  | 198/250 [06:08<01:36,  0.54it/s][A
Validation DataLoader 0:  80%|███████▉  | 199/250 [06:10<01:34,  0.54it/s][A
Validation DataLoader 0:  80%|████████  | 200/250 [06:11<01:32,  0.54it/s][A
Validation DataLoader 0:  80%|████████  | 201/250 [06:13<01:31,  0.54it/s][A
Validation DataLoader 0:  81%|████████  | 202/250 [06:15<01:29,  0.54it/s][A
Validation DataLoader 0:  81%|████████  | 203/250 [06:17<01:27,  0.54it/s][A
Validation DataLoader 0:  82%|████████▏ | 204/250 [06:19<01:25,  0.54it/s][A
Validation DataLoader 0:  82%|████████▏ | 205/250 [06:21<01:23,  0.54it/s][A
Validation DataLoader 0:  82%|████████▏ | 206/250 [06:22<01:21,  0.54it/s][A
Validation DataLoader 0:  83%|████████▎ | 207/250 [06:24<01:19,  0.54it/s][A
Validation DataLoader 0:  83%|████████▎ | 208/250 [06:26<01:18,  0.54it/s][A
Validation DataLoader 0:  84%|████████▎ | 209/250 [06:28<01:16,  0.54it/s][A
Validation DataLoader 0:  84%|████████▍ | 210/250 [06:30<01:14,  0.54it/s][A
Validation DataLoader 0:  84%|████████▍ | 211/250 [06:31<01:12,  0.54it/s][A
Validation DataLoader 0:  85%|████████▍ | 212/250 [06:33<01:10,  0.54it/s][A
Validation DataLoader 0:  85%|████████▌ | 213/250 [06:35<01:08,  0.54it/s][A
Validation DataLoader 0:  86%|████████▌ | 214/250 [06:37<01:06,  0.54it/s][A
Validation DataLoader 0:  86%|████████▌ | 215/250 [06:39<01:05,  0.54it/s][A
Validation DataLoader 0:  86%|████████▋ | 216/250 [06:41<01:03,  0.54it/s][A
Validation DataLoader 0:  87%|████████▋ | 217/250 [06:42<01:01,  0.54it/s][A
Validation DataLoader 0:  87%|████████▋ | 218/250 [06:44<00:59,  0.54it/s][A
Validation DataLoader 0:  88%|████████▊ | 219/250 [06:46<00:57,  0.54it/s][A
Validation DataLoader 0:  88%|████████▊ | 220/250 [06:48<00:55,  0.54it/s][A
Validation DataLoader 0:  88%|████████▊ | 221/250 [06:50<00:53,  0.54it/s][A
Validation DataLoader 0:  89%|████████▉ | 222/250 [06:52<00:51,  0.54it/s][A
Validation DataLoader 0:  89%|████████▉ | 223/250 [06:54<00:50,  0.54it/s][A
Validation DataLoader 0:  90%|████████▉ | 224/250 [06:56<00:48,  0.54it/s][A
Validation DataLoader 0:  90%|█████████ | 225/250 [06:57<00:46,  0.54it/s][A
Validation DataLoader 0:  90%|█████████ | 226/250 [06:59<00:44,  0.54it/s][A
Validation DataLoader 0:  91%|█████████ | 227/250 [07:01<00:42,  0.54it/s][A
Validation DataLoader 0:  91%|█████████ | 228/250 [07:03<00:40,  0.54it/s][A
Validation DataLoader 0:  92%|█████████▏| 229/250 [07:05<00:38,  0.54it/s][A
Validation DataLoader 0:  92%|█████████▏| 230/250 [07:06<00:37,  0.54it/s][A
Validation DataLoader 0:  92%|█████████▏| 231/250 [07:08<00:35,  0.54it/s][A
Validation DataLoader 0:  93%|█████████▎| 232/250 [07:10<00:33,  0.54it/s][A
Validation DataLoader 0:  93%|█████████▎| 233/250 [07:12<00:31,  0.54it/s][A
Validation DataLoader 0:  94%|█████████▎| 234/250 [07:14<00:29,  0.54it/s][A
Validation DataLoader 0:  94%|█████████▍| 235/250 [07:16<00:27,  0.54it/s][A
Validation DataLoader 0:  94%|█████████▍| 236/250 [07:18<00:25,  0.54it/s][A
Validation DataLoader 0:  95%|█████████▍| 237/250 [07:20<00:24,  0.54it/s][A
Validation DataLoader 0:  95%|█████████▌| 238/250 [07:21<00:22,  0.54it/s][A
Validation DataLoader 0:  96%|█████████▌| 239/250 [07:23<00:20,  0.54it/s][A
Validation DataLoader 0:  96%|█████████▌| 240/250 [07:25<00:18,  0.54it/s][A
Validation DataLoader 0:  96%|█████████▋| 241/250 [07:27<00:16,  0.54it/s][A
Validation DataLoader 0:  97%|█████████▋| 242/250 [07:29<00:14,  0.54it/s][A
Validation DataLoader 0:  97%|█████████▋| 243/250 [07:31<00:12,  0.54it/s][A
Validation DataLoader 0:  98%|█████████▊| 244/250 [07:33<00:11,  0.54it/s][A
Validation DataLoader 0:  98%|█████████▊| 245/250 [07:34<00:09,  0.54it/s][A
Validation DataLoader 0:  98%|█████████▊| 246/250 [07:36<00:07,  0.54it/s][A
Validation DataLoader 0:  99%|█████████▉| 247/250 [07:38<00:05,  0.54it/s][A
Validation DataLoader 0:  99%|█████████▉| 248/250 [07:40<00:03,  0.54it/s][A
Validation DataLoader 0: 100%|█████████▉| 249/250 [07:42<00:01,  0.54it/s][A
Validation DataLoader 0: 100%|██████████| 250/250 [07:44<00:00,  0.54it/s][A
Validation DataLoader 0:   0%|          | 0/250 [00:00<?, ?it/s][A
Validation DataLoader 0:   0%|          | 1/250 [00:01<07:16,  0.57it/s][A
Validation DataLoader 0:   1%|          | 2/250 [00:03<07:20,  0.56it/s][A
Validation DataLoader 0:   1%|          | 3/250 [00:05<07:21,  0.56it/s][A
Validation DataLoader 0:   2%|▏         | 4/250 [00:07<07:25,  0.55it/s][A
Validation DataLoader 0:   2%|▏         | 5/250 [00:09<07:29,  0.55it/s][A
Validation DataLoader 0:   2%|▏         | 6/250 [00:11<07:32,  0.54it/s][A
Validation DataLoader 0:   3%|▎         | 7/250 [00:12<07:29,  0.54it/s][A
Validation DataLoader 0:   3%|▎         | 8/250 [00:14<07:27,  0.54it/s][A
Validation DataLoader 0:   4%|▎         | 9/250 [00:16<07:27,  0.54it/s][A
Validation DataLoader 0:   4%|▍         | 10/250 [00:18<07:25,  0.54it/s][A
Validation DataLoader 0:   4%|▍         | 11/250 [00:20<07:23,  0.54it/s][A
Validation DataLoader 0:   5%|▍         | 12/250 [00:22<07:22,  0.54it/s][A
Validation DataLoader 0:   5%|▌         | 13/250 [00:24<07:19,  0.54it/s][A
Validation DataLoader 0:   6%|▌         | 14/250 [00:25<07:17,  0.54it/s][A
Validation DataLoader 0:   6%|▌         | 15/250 [00:27<07:15,  0.54it/s][A
Validation DataLoader 0:   6%|▋         | 16/250 [00:29<07:13,  0.54it/s][A
Validation DataLoader 0:   7%|▋         | 17/250 [00:31<07:11,  0.54it/s][A
Validation DataLoader 0:   7%|▋         | 18/250 [00:33<07:09,  0.54it/s][A
Validation DataLoader 0:   8%|▊         | 19/250 [00:35<07:06,  0.54it/s][A
Validation DataLoader 0:   8%|▊         | 20/250 [00:36<07:04,  0.54it/s][A
Validation DataLoader 0:   8%|▊         | 21/250 [00:38<07:03,  0.54it/s][A
Validation DataLoader 0:   9%|▉         | 22/250 [00:40<07:02,  0.54it/s][A
Validation DataLoader 0:   9%|▉         | 23/250 [00:42<06:59,  0.54it/s][A
Validation DataLoader 0:  10%|▉         | 24/250 [00:44<06:56,  0.54it/s][A
Validation DataLoader 0:  10%|█         | 25/250 [00:46<06:55,  0.54it/s][A
Validation DataLoader 0:  10%|█         | 26/250 [00:48<06:54,  0.54it/s][A
Validation DataLoader 0:  11%|█         | 27/250 [00:49<06:52,  0.54it/s][A
Validation DataLoader 0:  11%|█         | 28/250 [00:51<06:49,  0.54it/s][A
Validation DataLoader 0:  12%|█▏        | 29/250 [00:53<06:47,  0.54it/s][A
Validation DataLoader 0:  12%|█▏        | 30/250 [00:55<06:45,  0.54it/s][A
Validation DataLoader 0:  12%|█▏        | 31/250 [00:57<06:43,  0.54it/s][A
Validation DataLoader 0:  13%|█▎        | 32/250 [00:59<06:42,  0.54it/s][A
Validation DataLoader 0:  13%|█▎        | 33/250 [01:00<06:40,  0.54it/s][A
Validation DataLoader 0:  14%|█▎        | 34/250 [01:02<06:37,  0.54it/s][A
Validation DataLoader 0:  14%|█▍        | 35/250 [01:04<06:35,  0.54it/s][A
Validation DataLoader 0:  14%|█▍        | 36/250 [01:06<06:34,  0.54it/s][A
Validation DataLoader 0:  15%|█▍        | 37/250 [01:08<06:32,  0.54it/s][A
Validation DataLoader 0:  15%|█▌        | 38/250 [01:10<06:31,  0.54it/s][A
Validation DataLoader 0:  16%|█▌        | 39/250 [01:12<06:29,  0.54it/s][A
Validation DataLoader 0:  16%|█▌        | 40/250 [01:13<06:28,  0.54it/s][A
Validation DataLoader 0:  16%|█▋        | 41/250 [01:15<06:26,  0.54it/s][A
Validation DataLoader 0:  17%|█▋        | 42/250 [01:17<06:24,  0.54it/s][A
Validation DataLoader 0:  17%|█▋        | 43/250 [01:19<06:22,  0.54it/s][A
Validation DataLoader 0:  18%|█▊        | 44/250 [01:21<06:20,  0.54it/s][A
Validation DataLoader 0:  18%|█▊        | 45/250 [01:23<06:18,  0.54it/s][A
Validation DataLoader 0:  18%|█▊        | 46/250 [01:24<06:16,  0.54it/s][A
Validation DataLoader 0:  19%|█▉        | 47/250 [01:26<06:14,  0.54it/s][A
Validation DataLoader 0:  19%|█▉        | 48/250 [01:28<06:12,  0.54it/s][A
Validation DataLoader 0:  20%|█▉        | 49/250 [01:30<06:11,  0.54it/s][A
Validation DataLoader 0:  20%|██        | 50/250 [01:32<06:09,  0.54it/s][A
Validation DataLoader 0:  20%|██        | 51/250 [01:34<06:07,  0.54it/s][A
Validation DataLoader 0:  21%|██        | 52/250 [01:36<06:06,  0.54it/s][A
Validation DataLoader 0:  21%|██        | 53/250 [01:38<06:04,  0.54it/s][A
Validation DataLoader 0:  22%|██▏       | 54/250 [01:39<06:02,  0.54it/s][A
Validation DataLoader 0:  22%|██▏       | 55/250 [01:41<06:00,  0.54it/s][A
Validation DataLoader 0:  22%|██▏       | 56/250 [01:43<05:58,  0.54it/s][A
Validation DataLoader 0:  23%|██▎       | 57/250 [01:45<05:56,  0.54it/s][A
Validation DataLoader 0:  23%|██▎       | 58/250 [01:47<05:55,  0.54it/s][A
Validation DataLoader 0:  24%|██▎       | 59/250 [01:49<05:53,  0.54it/s][A
Validation DataLoader 0:  24%|██▍       | 60/250 [01:50<05:51,  0.54it/s][A
Validation DataLoader 0:  24%|██▍       | 61/250 [01:52<05:49,  0.54it/s][A
Validation DataLoader 0:  25%|██▍       | 62/250 [01:54<05:47,  0.54it/s][A
Validation DataLoader 0:  25%|██▌       | 63/250 [01:56<05:45,  0.54it/s][A
Validation DataLoader 0:  26%|██▌       | 64/250 [01:58<05:43,  0.54it/s][A
Validation DataLoader 0:  26%|██▌       | 65/250 [02:00<05:42,  0.54it/s][A
Validation DataLoader 0:  26%|██▋       | 66/250 [02:02<05:40,  0.54it/s][A
Validation DataLoader 0:  27%|██▋       | 67/250 [02:03<05:38,  0.54it/s][A
Validation DataLoader 0:  27%|██▋       | 68/250 [02:05<05:36,  0.54it/s][A
Validation DataLoader 0:  28%|██▊       | 69/250 [02:07<05:35,  0.54it/s][A
Validation DataLoader 0:  28%|██▊       | 70/250 [02:09<05:33,  0.54it/s][A
Validation DataLoader 0:  28%|██▊       | 71/250 [02:11<05:31,  0.54it/s][A
Validation DataLoader 0:  29%|██▉       | 72/250 [02:13<05:29,  0.54it/s][A
Validation DataLoader 0:  29%|██▉       | 73/250 [02:15<05:27,  0.54it/s][A
Validation DataLoader 0:  30%|██▉       | 74/250 [02:17<05:25,  0.54it/s][A
Validation DataLoader 0:  30%|███       | 75/250 [02:18<05:23,  0.54it/s][A
Validation DataLoader 0:  30%|███       | 76/250 [02:20<05:22,  0.54it/s][A
Validation DataLoader 0:  31%|███       | 77/250 [02:22<05:20,  0.54it/s][A
Validation DataLoader 0:  31%|███       | 78/250 [02:24<05:18,  0.54it/s][A
Validation DataLoader 0:  32%|███▏      | 79/250 [02:26<05:16,  0.54it/s][A
Validation DataLoader 0:  32%|███▏      | 80/250 [02:27<05:14,  0.54it/s][A
Validation DataLoader 0:  32%|███▏      | 81/250 [02:29<05:12,  0.54it/s][A
Validation DataLoader 0:  33%|███▎      | 82/250 [02:31<05:10,  0.54it/s][A
Validation DataLoader 0:  33%|███▎      | 83/250 [02:33<05:08,  0.54it/s][A
Validation DataLoader 0:  34%|███▎      | 84/250 [02:35<05:06,  0.54it/s][A
Validation DataLoader 0:  34%|███▍      | 85/250 [02:37<05:04,  0.54it/s][A
Validation DataLoader 0:  34%|███▍      | 86/250 [02:38<05:02,  0.54it/s][A
Validation DataLoader 0:  35%|███▍      | 87/250 [02:40<05:01,  0.54it/s][A
Validation DataLoader 0:  35%|███▌      | 88/250 [02:42<04:59,  0.54it/s][A
Validation DataLoader 0:  36%|███▌      | 89/250 [02:44<04:57,  0.54it/s][A
Validation DataLoader 0:  36%|███▌      | 90/250 [02:46<04:55,  0.54it/s][A
Validation DataLoader 0:  36%|███▋      | 91/250 [02:48<04:53,  0.54it/s][A
Validation DataLoader 0:  37%|███▋      | 92/250 [02:50<04:52,  0.54it/s][A
Validation DataLoader 0:  37%|███▋      | 93/250 [02:52<04:50,  0.54it/s][A
Validation DataLoader 0:  38%|███▊      | 94/250 [02:53<04:48,  0.54it/s][A
Validation DataLoader 0:  38%|███▊      | 95/250 [02:55<04:46,  0.54it/s][A
Validation DataLoader 0:  38%|███▊      | 96/250 [02:57<04:44,  0.54it/s][A
Validation DataLoader 0:  39%|███▉      | 97/250 [02:59<04:42,  0.54it/s][A
Validation DataLoader 0:  39%|███▉      | 98/250 [03:01<04:41,  0.54it/s][A
Validation DataLoader 0:  40%|███▉      | 99/250 [03:02<04:39,  0.54it/s][A
Validation DataLoader 0:  40%|████      | 100/250 [03:04<04:37,  0.54it/s][A
Validation DataLoader 0:  40%|████      | 101/250 [03:06<04:35,  0.54it/s][A
Validation DataLoader 0:  41%|████      | 102/250 [03:08<04:33,  0.54it/s][A
Validation DataLoader 0:  41%|████      | 103/250 [03:10<04:31,  0.54it/s][A
Validation DataLoader 0:  42%|████▏     | 104/250 [03:12<04:29,  0.54it/s][A
Validation DataLoader 0:  42%|████▏     | 105/250 [03:14<04:27,  0.54it/s][A
Validation DataLoader 0:  42%|████▏     | 106/250 [03:15<04:26,  0.54it/s][A
Validation DataLoader 0:  43%|████▎     | 107/250 [03:17<04:24,  0.54it/s][A
Validation DataLoader 0:  43%|████▎     | 108/250 [03:19<04:22,  0.54it/s][A
Validation DataLoader 0:  44%|████▎     | 109/250 [03:21<04:20,  0.54it/s][A
Validation DataLoader 0:  44%|████▍     | 110/250 [03:23<04:18,  0.54it/s][A
Validation DataLoader 0:  44%|████▍     | 111/250 [03:25<04:17,  0.54it/s][A
Validation DataLoader 0:  45%|████▍     | 112/250 [03:27<04:15,  0.54it/s][A
Validation DataLoader 0:  45%|████▌     | 113/250 [03:29<04:13,  0.54it/s][A
Validation DataLoader 0:  46%|████▌     | 114/250 [03:30<04:11,  0.54it/s][A
Validation DataLoader 0:  46%|████▌     | 115/250 [03:32<04:09,  0.54it/s][A
Validation DataLoader 0:  46%|████▋     | 116/250 [03:34<04:07,  0.54it/s][A
Validation DataLoader 0:  47%|████▋     | 117/250 [03:36<04:05,  0.54it/s][A
Validation DataLoader 0:  47%|████▋     | 118/250 [03:38<04:03,  0.54it/s][A
Validation DataLoader 0:  48%|████▊     | 119/250 [03:40<04:02,  0.54it/s][A
Validation DataLoader 0:  48%|████▊     | 120/250 [03:41<04:00,  0.54it/s][A
Validation DataLoader 0:  48%|████▊     | 121/250 [03:43<03:58,  0.54it/s][A
Validation DataLoader 0:  49%|████▉     | 122/250 [03:45<03:56,  0.54it/s][A
Validation DataLoader 0:  49%|████▉     | 123/250 [03:47<03:54,  0.54it/s][A
Validation DataLoader 0:  50%|████▉     | 124/250 [03:49<03:53,  0.54it/s][A
Validation DataLoader 0:  50%|█████     | 125/250 [03:51<03:51,  0.54it/s][A
Validation DataLoader 0:  50%|█████     | 126/250 [03:53<03:49,  0.54it/s][A
Validation DataLoader 0:  51%|█████     | 127/250 [03:54<03:47,  0.54it/s][A
Validation DataLoader 0:  51%|█████     | 128/250 [03:56<03:45,  0.54it/s][A
Validation DataLoader 0:  52%|█████▏    | 129/250 [03:58<03:43,  0.54it/s][A
Validation DataLoader 0:  52%|█████▏    | 130/250 [04:00<03:42,  0.54it/s][A
Validation DataLoader 0:  52%|█████▏    | 131/250 [04:02<03:40,  0.54it/s][A
Validation DataLoader 0:  53%|█████▎    | 132/250 [04:04<03:38,  0.54it/s][A
Validation DataLoader 0:  53%|█████▎    | 133/250 [04:06<03:36,  0.54it/s][A
Validation DataLoader 0:  54%|█████▎    | 134/250 [04:08<03:34,  0.54it/s][A
Validation DataLoader 0:  54%|█████▍    | 135/250 [04:09<03:32,  0.54it/s][A
Validation DataLoader 0:  54%|█████▍    | 136/250 [04:11<03:31,  0.54it/s][A
Validation DataLoader 0:  55%|█████▍    | 137/250 [04:13<03:29,  0.54it/s][A
Validation DataLoader 0:  55%|█████▌    | 138/250 [04:15<03:27,  0.54it/s][A
Validation DataLoader 0:  56%|█████▌    | 139/250 [04:17<03:25,  0.54it/s][A
Validation DataLoader 0:  56%|█████▌    | 140/250 [04:19<03:23,  0.54it/s][A
Validation DataLoader 0:  56%|█████▋    | 141/250 [04:21<03:21,  0.54it/s][A
Validation DataLoader 0:  57%|█████▋    | 142/250 [04:22<03:20,  0.54it/s][A
Validation DataLoader 0:  57%|█████▋    | 143/250 [04:24<03:18,  0.54it/s][A
Validation DataLoader 0:  58%|█████▊    | 144/250 [04:26<03:16,  0.54it/s][A
Validation DataLoader 0:  58%|█████▊    | 145/250 [04:28<03:14,  0.54it/s][A
Validation DataLoader 0:  58%|█████▊    | 146/250 [04:30<03:12,  0.54it/s][A
Validation DataLoader 0:  59%|█████▉    | 147/250 [04:32<03:10,  0.54it/s][A
Validation DataLoader 0:  59%|█████▉    | 148/250 [04:33<03:08,  0.54it/s][A
Validation DataLoader 0:  60%|█████▉    | 149/250 [04:35<03:06,  0.54it/s][A
Validation DataLoader 0:  60%|██████    | 150/250 [04:37<03:04,  0.54it/s][A
Validation DataLoader 0:  60%|██████    | 151/250 [04:39<03:03,  0.54it/s][A
Validation DataLoader 0:  61%|██████    | 152/250 [04:41<03:01,  0.54it/s][A
Validation DataLoader 0:  61%|██████    | 153/250 [04:43<02:59,  0.54it/s][A
Validation DataLoader 0:  62%|██████▏   | 154/250 [04:44<02:57,  0.54it/s][A
Validation DataLoader 0:  62%|██████▏   | 155/250 [04:46<02:55,  0.54it/s][A
Validation DataLoader 0:  62%|██████▏   | 156/250 [04:48<02:53,  0.54it/s][A
Validation DataLoader 0:  63%|██████▎   | 157/250 [04:50<02:52,  0.54it/s][A
Validation DataLoader 0:  63%|██████▎   | 158/250 [04:52<02:50,  0.54it/s][A
Validation DataLoader 0:  64%|██████▎   | 159/250 [04:54<02:48,  0.54it/s][A
Validation DataLoader 0:  64%|██████▍   | 160/250 [04:56<02:46,  0.54it/s][A
Validation DataLoader 0:  64%|██████▍   | 161/250 [04:58<02:44,  0.54it/s][A
Validation DataLoader 0:  65%|██████▍   | 162/250 [04:59<02:42,  0.54it/s][A
Validation DataLoader 0:  65%|██████▌   | 163/250 [05:01<02:41,  0.54it/s][A
Validation DataLoader 0:  66%|██████▌   | 164/250 [05:03<02:39,  0.54it/s][A
Validation DataLoader 0:  66%|██████▌   | 165/250 [05:05<02:37,  0.54it/s][A
Validation DataLoader 0:  66%|██████▋   | 166/250 [05:07<02:35,  0.54it/s][A
Validation DataLoader 0:  67%|██████▋   | 167/250 [05:09<02:33,  0.54it/s][A
Validation DataLoader 0:  67%|██████▋   | 168/250 [05:11<02:31,  0.54it/s][A
Validation DataLoader 0:  68%|██████▊   | 169/250 [05:13<02:30,  0.54it/s][A
Validation DataLoader 0:  68%|██████▊   | 170/250 [05:15<02:28,  0.54it/s][A
Validation DataLoader 0:  68%|██████▊   | 171/250 [05:16<02:26,  0.54it/s][A
Validation DataLoader 0:  69%|██████▉   | 172/250 [05:18<02:24,  0.54it/s][A
Validation DataLoader 0:  69%|██████▉   | 173/250 [05:20<02:22,  0.54it/s][A
Validation DataLoader 0:  70%|██████▉   | 174/250 [05:22<02:20,  0.54it/s][A
Validation DataLoader 0:  70%|███████   | 175/250 [05:24<02:19,  0.54it/s][A
Validation DataLoader 0:  70%|███████   | 176/250 [05:26<02:17,  0.54it/s][A
Validation DataLoader 0:  71%|███████   | 177/250 [05:28<02:15,  0.54it/s][A
Validation DataLoader 0:  71%|███████   | 178/250 [05:29<02:13,  0.54it/s][A
Validation DataLoader 0:  72%|███████▏  | 179/250 [05:31<02:11,  0.54it/s][A
Validation DataLoader 0:  72%|███████▏  | 180/250 [05:33<02:09,  0.54it/s][A
Validation DataLoader 0:  72%|███████▏  | 181/250 [05:35<02:07,  0.54it/s][A
Validation DataLoader 0:  73%|███████▎  | 182/250 [05:37<02:06,  0.54it/s][A
Validation DataLoader 0:  73%|███████▎  | 183/250 [05:39<02:04,  0.54it/s][A
Validation DataLoader 0:  74%|███████▎  | 184/250 [05:40<02:02,  0.54it/s][A
Validation DataLoader 0:  74%|███████▍  | 185/250 [05:42<02:00,  0.54it/s][A
Validation DataLoader 0:  74%|███████▍  | 186/250 [05:44<01:58,  0.54it/s][A
Validation DataLoader 0:  75%|███████▍  | 187/250 [05:46<01:56,  0.54it/s][A
Validation DataLoader 0:  75%|███████▌  | 188/250 [05:48<01:54,  0.54it/s][A
Validation DataLoader 0:  76%|███████▌  | 189/250 [05:50<01:52,  0.54it/s][A
Validation DataLoader 0:  76%|███████▌  | 190/250 [05:52<01:51,  0.54it/s][A
Validation DataLoader 0:  76%|███████▋  | 191/250 [05:53<01:49,  0.54it/s][A
Validation DataLoader 0:  77%|███████▋  | 192/250 [05:55<01:47,  0.54it/s][A
Validation DataLoader 0:  77%|███████▋  | 193/250 [05:57<01:45,  0.54it/s][A
Validation DataLoader 0:  78%|███████▊  | 194/250 [05:59<01:43,  0.54it/s][A
Validation DataLoader 0:  78%|███████▊  | 195/250 [06:01<01:41,  0.54it/s][A
Validation DataLoader 0:  78%|███████▊  | 196/250 [06:03<01:40,  0.54it/s][A
Validation DataLoader 0:  79%|███████▉  | 197/250 [06:05<01:38,  0.54it/s][A
Validation DataLoader 0:  79%|███████▉  | 198/250 [06:06<01:36,  0.54it/s][A
Validation DataLoader 0:  80%|███████▉  | 199/250 [06:08<01:34,  0.54it/s][A
Validation DataLoader 0:  80%|████████  | 200/250 [06:10<01:32,  0.54it/s][A
Validation DataLoader 0:  80%|████████  | 201/250 [06:12<01:30,  0.54it/s][A
Validation DataLoader 0:  81%|████████  | 202/250 [06:14<01:28,  0.54it/s][A
Validation DataLoader 0:  81%|████████  | 203/250 [06:15<01:27,  0.54it/s][A
Validation DataLoader 0:  82%|████████▏ | 204/250 [06:17<01:25,  0.54it/s][A
Validation DataLoader 0:  82%|████████▏ | 205/250 [06:19<01:23,  0.54it/s][A
Validation DataLoader 0:  82%|████████▏ | 206/250 [06:21<01:21,  0.54it/s][A
Validation DataLoader 0:  83%|████████▎ | 207/250 [06:23<01:19,  0.54it/s][A
Validation DataLoader 0:  83%|████████▎ | 208/250 [06:25<01:17,  0.54it/s][A
Validation DataLoader 0:  84%|████████▎ | 209/250 [06:26<01:15,  0.54it/s][A
Validation DataLoader 0:  84%|████████▍ | 210/250 [06:28<01:14,  0.54it/s][A
Validation DataLoader 0:  84%|████████▍ | 211/250 [06:30<01:12,  0.54it/s][A
Validation DataLoader 0:  85%|████████▍ | 212/250 [06:32<01:10,  0.54it/s][A
Validation DataLoader 0:  85%|████████▌ | 213/250 [06:34<01:08,  0.54it/s][A
Validation DataLoader 0:  86%|████████▌ | 214/250 [06:35<01:06,  0.54it/s][A
Validation DataLoader 0:  86%|████████▌ | 215/250 [06:37<01:04,  0.54it/s][A
Validation DataLoader 0:  86%|████████▋ | 216/250 [06:39<01:02,  0.54it/s][A
Validation DataLoader 0:  87%|████████▋ | 217/250 [06:41<01:01,  0.54it/s][A
Validation DataLoader 0:  87%|████████▋ | 218/250 [06:43<00:59,  0.54it/s][A
Validation DataLoader 0:  88%|████████▊ | 219/250 [06:45<00:57,  0.54it/s][A
Validation DataLoader 0:  88%|████████▊ | 220/250 [06:46<00:55,  0.54it/s][A
Validation DataLoader 0:  88%|████████▊ | 221/250 [06:48<00:53,  0.54it/s][A
Validation DataLoader 0:  89%|████████▉ | 222/250 [06:50<00:51,  0.54it/s][A
Validation DataLoader 0:  89%|████████▉ | 223/250 [06:52<00:49,  0.54it/s][A
Validation DataLoader 0:  90%|████████▉ | 224/250 [06:54<00:48,  0.54it/s][A
Validation DataLoader 0:  90%|█████████ | 225/250 [06:56<00:46,  0.54it/s][A
Validation DataLoader 0:  90%|█████████ | 226/250 [06:58<00:44,  0.54it/s][A
Validation DataLoader 0:  91%|█████████ | 227/250 [06:59<00:42,  0.54it/s][A
Validation DataLoader 0:  91%|█████████ | 228/250 [07:01<00:40,  0.54it/s][A
Validation DataLoader 0:  92%|█████████▏| 229/250 [07:03<00:38,  0.54it/s][A
Validation DataLoader 0:  92%|█████████▏| 230/250 [07:05<00:36,  0.54it/s][A
Validation DataLoader 0:  92%|█████████▏| 231/250 [07:07<00:35,  0.54it/s][A
Validation DataLoader 0:  93%|█████████▎| 232/250 [07:09<00:33,  0.54it/s][A
Validation DataLoader 0:  93%|█████████▎| 233/250 [07:11<00:31,  0.54it/s][A
Validation DataLoader 0:  94%|█████████▎| 234/250 [07:13<00:29,  0.54it/s][A
Validation DataLoader 0:  94%|█████████▍| 235/250 [07:15<00:27,  0.54it/s][A
Validation DataLoader 0:  94%|█████████▍| 236/250 [07:16<00:25,  0.54it/s][A
Validation DataLoader 0:  95%|█████████▍| 237/250 [07:18<00:24,  0.54it/s][A
Validation DataLoader 0:  95%|█████████▌| 238/250 [07:20<00:22,  0.54it/s][A
Validation DataLoader 0:  96%|█████████▌| 239/250 [07:22<00:20,  0.54it/s][A
Validation DataLoader 0:  96%|█████████▌| 240/250 [07:24<00:18,  0.54it/s][A
Validation DataLoader 0:  96%|█████████▋| 241/250 [07:26<00:16,  0.54it/s][A
Validation DataLoader 0:  97%|█████████▋| 242/250 [07:27<00:14,  0.54it/s][A
Validation DataLoader 0:  97%|█████████▋| 243/250 [07:29<00:12,  0.54it/s][A
Validation DataLoader 0:  98%|█████████▊| 244/250 [07:31<00:11,  0.54it/s][A
Validation DataLoader 0:  98%|█████████▊| 245/250 [07:33<00:09,  0.54it/s][A
Validation DataLoader 0:  98%|█████████▊| 246/250 [07:35<00:07,  0.54it/s][A
Validation DataLoader 0:  99%|█████████▉| 247/250 [07:37<00:05,  0.54it/s][A
Validation DataLoader 0:  99%|█████████▉| 248/250 [07:39<00:03,  0.54it/s][A
Validation DataLoader 0: 100%|█████████▉| 249/250 [07:40<00:01,  0.54it/s][A
Validation DataLoader 0: 100%|██████████| 250/250 [07:42<00:00,  0.54it/s][A
Validation DataLoader 0:   0%|          | 0/250 [00:00<?, ?it/s][A
Validation DataLoader 0:   0%|          | 1/250 [00:01<07:16,  0.57it/s][A
Validation DataLoader 0:   1%|          | 2/250 [00:03<07:19,  0.56it/s][A
Validation DataLoader 0:   1%|          | 3/250 [00:05<07:19,  0.56it/s][A
Validation DataLoader 0:   2%|▏         | 4/250 [00:07<07:25,  0.55it/s][A
Validation DataLoader 0:   2%|▏         | 5/250 [00:09<07:27,  0.55it/s][A
Validation DataLoader 0:   2%|▏         | 6/250 [00:11<07:29,  0.54it/s][A
Validation DataLoader 0:   3%|▎         | 7/250 [00:12<07:27,  0.54it/s][A
Validation DataLoader 0:   3%|▎         | 8/250 [00:14<07:23,  0.55it/s][A
Validation DataLoader 0:   4%|▎         | 9/250 [00:16<07:22,  0.54it/s][A
Validation DataLoader 0:   4%|▍         | 10/250 [00:18<07:20,  0.55it/s][A
Validation DataLoader 0:   4%|▍         | 11/250 [00:20<07:18,  0.55it/s][A
Validation DataLoader 0:   5%|▍         | 12/250 [00:22<07:17,  0.54it/s][A
Validation DataLoader 0:   5%|▌         | 13/250 [00:23<07:14,  0.55it/s][A
Validation DataLoader 0:   6%|▌         | 14/250 [00:25<07:13,  0.55it/s][A
Validation DataLoader 0:   6%|▌         | 15/250 [00:27<07:10,  0.55it/s][A
Validation DataLoader 0:   6%|▋         | 16/250 [00:29<07:08,  0.55it/s][A
Validation DataLoader 0:   7%|▋         | 17/250 [00:31<07:06,  0.55it/s][A
Validation DataLoader 0:   7%|▋         | 18/250 [00:32<07:03,  0.55it/s][A
Validation DataLoader 0:   8%|▊         | 19/250 [00:34<07:01,  0.55it/s][A
Validation DataLoader 0:   8%|▊         | 20/250 [00:36<07:00,  0.55it/s][A
Validation DataLoader 0:   8%|▊         | 21/250 [00:38<06:58,  0.55it/s][A
Validation DataLoader 0:   9%|▉         | 22/250 [00:40<06:57,  0.55it/s][A
Validation DataLoader 0:   9%|▉         | 23/250 [00:42<06:54,  0.55it/s][A
Validation DataLoader 0:  10%|▉         | 24/250 [00:43<06:51,  0.55it/s][A
Validation DataLoader 0:  10%|█         | 25/250 [00:45<06:53,  0.54it/s][A
Validation DataLoader 0:  10%|█         | 26/250 [00:47<06:52,  0.54it/s][A
Validation DataLoader 0:  11%|█         | 27/250 [00:49<06:50,  0.54it/s][A
Validation DataLoader 0:  11%|█         | 28/250 [00:51<06:47,  0.54it/s][A
Validation DataLoader 0:  12%|█▏        | 29/250 [00:53<06:45,  0.54it/s][A
Validation DataLoader 0:  12%|█▏        | 30/250 [00:54<06:42,  0.55it/s][A
Validation DataLoader 0:  12%|█▏        | 31/250 [00:56<06:41,  0.55it/s][A
Validation DataLoader 0:  13%|█▎        | 32/250 [00:58<06:40,  0.54it/s][A
Validation DataLoader 0:  13%|█▎        | 33/250 [01:00<06:38,  0.54it/s][A
Validation DataLoader 0:  14%|█▎        | 34/250 [01:02<06:35,  0.55it/s][A
Validation DataLoader 0:  14%|█▍        | 35/250 [01:04<06:33,  0.55it/s][A
Validation DataLoader 0:  14%|█▍        | 36/250 [01:05<06:31,  0.55it/s][A
Validation DataLoader 0:  15%|█▍        | 37/250 [01:07<06:30,  0.55it/s][A
Validation DataLoader 0:  15%|█▌        | 38/250 [01:09<06:28,  0.55it/s][A
Validation DataLoader 0:  16%|█▌        | 39/250 [01:11<06:27,  0.55it/s][A
Validation DataLoader 0:  16%|█▌        | 40/250 [01:13<06:25,  0.54it/s][A
Validation DataLoader 0:  16%|█▋        | 41/250 [01:15<06:23,  0.54it/s][A
Validation DataLoader 0:  17%|█▋        | 42/250 [01:17<06:22,  0.54it/s][A
Validation DataLoader 0:  17%|█▋        | 43/250 [01:18<06:20,  0.54it/s][A
Validation DataLoader 0:  18%|█▊        | 44/250 [01:20<06:18,  0.54it/s][A
Validation DataLoader 0:  18%|█▊        | 45/250 [01:22<06:16,  0.54it/s][A
Validation DataLoader 0:  18%|█▊        | 46/250 [01:24<06:14,  0.54it/s][A
Validation DataLoader 0:  19%|█▉        | 47/250 [01:26<06:12,  0.55it/s][A
Validation DataLoader 0:  19%|█▉        | 48/250 [01:28<06:10,  0.55it/s][A
Validation DataLoader 0:  20%|█▉        | 49/250 [01:29<06:09,  0.54it/s][A
Validation DataLoader 0:  20%|██        | 50/250 [01:31<06:07,  0.54it/s][A
Validation DataLoader 0:  20%|██        | 51/250 [01:33<06:05,  0.54it/s][A
Validation DataLoader 0:  21%|██        | 52/250 [01:35<06:03,  0.54it/s][A
Validation DataLoader 0:  21%|██        | 53/250 [01:37<06:02,  0.54it/s][A
Validation DataLoader 0:  22%|██▏       | 54/250 [01:39<06:00,  0.54it/s][A
Validation DataLoader 0:  22%|██▏       | 55/250 [01:41<05:58,  0.54it/s][A
Validation DataLoader 0:  22%|██▏       | 56/250 [01:42<05:56,  0.54it/s][A
Validation DataLoader 0:  23%|██▎       | 57/250 [01:44<05:54,  0.54it/s][A
Validation DataLoader 0:  23%|██▎       | 58/250 [01:46<05:53,  0.54it/s][A
Validation DataLoader 0:  24%|██▎       | 59/250 [01:48<05:51,  0.54it/s][A
Validation DataLoader 0:  24%|██▍       | 60/250 [01:50<05:49,  0.54it/s][A
Validation DataLoader 0:  24%|██▍       | 61/250 [01:52<05:47,  0.54it/s][A
Validation DataLoader 0:  25%|██▍       | 62/250 [01:53<05:45,  0.54it/s][A
Validation DataLoader 0:  25%|██▌       | 63/250 [01:55<05:43,  0.54it/s][A
Validation DataLoader 0:  26%|██▌       | 64/250 [01:57<05:41,  0.54it/s][A
Validation DataLoader 0:  26%|██▌       | 65/250 [01:59<05:39,  0.54it/s][A
Validation DataLoader 0:  26%|██▋       | 66/250 [02:01<05:38,  0.54it/s][A
Validation DataLoader 0:  27%|██▋       | 67/250 [02:03<05:36,  0.54it/s][A
Validation DataLoader 0:  27%|██▋       | 68/250 [02:05<05:34,  0.54it/s][A
Validation DataLoader 0:  28%|██▊       | 69/250 [02:06<05:32,  0.54it/s][A
Validation DataLoader 0:  28%|██▊       | 70/250 [02:08<05:31,  0.54it/s][A
Validation DataLoader 0:  28%|██▊       | 71/250 [02:10<05:29,  0.54it/s][A
Validation DataLoader 0:  29%|██▉       | 72/250 [02:12<05:27,  0.54it/s][A
Validation DataLoader 0:  29%|██▉       | 73/250 [02:14<05:25,  0.54it/s][A
Validation DataLoader 0:  30%|██▉       | 74/250 [02:16<05:23,  0.54it/s][A
Validation DataLoader 0:  30%|███       | 75/250 [02:17<05:21,  0.54it/s][A
Validation DataLoader 0:  30%|███       | 76/250 [02:19<05:19,  0.54it/s][A
Validation DataLoader 0:  31%|███       | 77/250 [02:21<05:17,  0.54it/s][A
Validation DataLoader 0:  31%|███       | 78/250 [02:23<05:15,  0.54it/s][A
Validation DataLoader 0:  32%|███▏      | 79/250 [02:25<05:13,  0.54it/s][A
Validation DataLoader 0:  32%|███▏      | 80/250 [02:26<05:11,  0.54it/s][A
Validation DataLoader 0:  32%|███▏      | 81/250 [02:28<05:09,  0.55it/s][A
Validation DataLoader 0:  33%|███▎      | 82/250 [02:30<05:07,  0.55it/s][A
Validation DataLoader 0:  33%|███▎      | 83/250 [02:32<05:06,  0.55it/s][A
Validation DataLoader 0:  34%|███▎      | 84/250 [02:33<05:04,  0.55it/s][A
Validation DataLoader 0:  34%|███▍      | 85/250 [02:35<05:02,  0.55it/s][A
Validation DataLoader 0:  34%|███▍      | 86/250 [02:37<05:00,  0.55it/s][A
Validation DataLoader 0:  35%|███▍      | 87/250 [02:39<04:58,  0.55it/s][A
Validation DataLoader 0:  35%|███▌      | 88/250 [02:41<04:57,  0.55it/s][A
Validation DataLoader 0:  36%|███▌      | 89/250 [02:43<04:55,  0.54it/s][A
Validation DataLoader 0:  36%|███▌      | 90/250 [02:45<04:53,  0.54it/s][A
Validation DataLoader 0:  36%|███▋      | 91/250 [02:46<04:51,  0.55it/s][A
Validation DataLoader 0:  37%|███▋      | 92/250 [02:48<04:49,  0.55it/s][A
Validation DataLoader 0:  37%|███▋      | 93/250 [02:50<04:48,  0.54it/s][A
Validation DataLoader 0:  38%|███▊      | 94/250 [02:52<04:46,  0.54it/s][A
Validation DataLoader 0:  38%|███▊      | 95/250 [02:54<04:44,  0.55it/s][A
Validation DataLoader 0:  38%|███▊      | 96/250 [02:56<04:42,  0.55it/s][A
Validation DataLoader 0:  39%|███▉      | 97/250 [02:57<04:40,  0.54it/s][A
Validation DataLoader 0:  39%|███▉      | 98/250 [02:59<04:38,  0.55it/s][A
Validation DataLoader 0:  40%|███▉      | 99/250 [03:01<04:36,  0.55it/s][A
Validation DataLoader 0:  40%|████      | 100/250 [03:03<04:35,  0.55it/s][A
Validation DataLoader 0:  40%|████      | 101/250 [03:05<04:33,  0.55it/s][A
Validation DataLoader 0:  41%|████      | 102/250 [03:07<04:31,  0.55it/s][A
Validation DataLoader 0:  41%|████      | 103/250 [03:08<04:29,  0.55it/s][A
Validation DataLoader 0:  42%|████▏     | 104/250 [03:10<04:27,  0.55it/s][A
Validation DataLoader 0:  42%|████▏     | 105/250 [03:12<04:25,  0.55it/s][A
Validation DataLoader 0:  42%|████▏     | 106/250 [03:14<04:23,  0.55it/s][A
Validation DataLoader 0:  43%|████▎     | 107/250 [03:16<04:22,  0.55it/s][A
Validation DataLoader 0:  43%|████▎     | 108/250 [03:17<04:20,  0.55it/s][A
Validation DataLoader 0:  44%|████▎     | 109/250 [03:19<04:18,  0.55it/s][A
Validation DataLoader 0:  44%|████▍     | 110/250 [03:21<04:16,  0.55it/s][A
Validation DataLoader 0:  44%|████▍     | 111/250 [03:23<04:14,  0.55it/s][A
Validation DataLoader 0:  45%|████▍     | 112/250 [03:25<04:12,  0.55it/s][A
Validation DataLoader 0:  45%|████▌     | 113/250 [03:27<04:11,  0.55it/s][A
Validation DataLoader 0:  46%|████▌     | 114/250 [03:28<04:09,  0.55it/s][A
Validation DataLoader 0:  46%|████▌     | 115/250 [03:30<04:07,  0.55it/s][A
Validation DataLoader 0:  46%|████▋     | 116/250 [03:32<04:05,  0.55it/s][A
Validation DataLoader 0:  47%|████▋     | 117/250 [03:34<04:03,  0.55it/s][A
Validation DataLoader 0:  47%|████▋     | 118/250 [03:36<04:01,  0.55it/s][A
Validation DataLoader 0:  48%|████▊     | 119/250 [03:37<03:59,  0.55it/s][A
Validation DataLoader 0:  48%|████▊     | 120/250 [03:39<03:57,  0.55it/s][A
Validation DataLoader 0:  48%|████▊     | 121/250 [03:41<03:56,  0.55it/s][A
Validation DataLoader 0:  49%|████▉     | 122/250 [03:43<03:54,  0.55it/s][A
Validation DataLoader 0:  49%|████▉     | 123/250 [03:45<03:52,  0.55it/s][A
Validation DataLoader 0:  50%|████▉     | 124/250 [03:47<03:50,  0.55it/s][A
Validation DataLoader 0:  50%|█████     | 125/250 [03:49<03:49,  0.55it/s][A
Validation DataLoader 0:  50%|█████     | 126/250 [03:50<03:47,  0.55it/s][A
Validation DataLoader 0:  51%|█████     | 127/250 [03:52<03:45,  0.55it/s][A
Validation DataLoader 0:  51%|█████     | 128/250 [03:54<03:43,  0.55it/s][A
Validation DataLoader 0:  52%|█████▏    | 129/250 [03:56<03:41,  0.55it/s][A
Validation DataLoader 0:  52%|█████▏    | 130/250 [03:58<03:39,  0.55it/s][A
Validation DataLoader 0:  52%|█████▏    | 131/250 [04:00<03:38,  0.55it/s][A
Validation DataLoader 0:  53%|█████▎    | 132/250 [04:01<03:36,  0.55it/s][A
Validation DataLoader 0:  53%|█████▎    | 133/250 [04:03<03:34,  0.55it/s][A
Validation DataLoader 0:  54%|█████▎    | 134/250 [04:05<03:32,  0.55it/s][A
Validation DataLoader 0:  54%|█████▍    | 135/250 [04:07<03:30,  0.55it/s][A
Validation DataLoader 0:  54%|█████▍    | 136/250 [04:09<03:29,  0.55it/s][A
Validation DataLoader 0:  55%|█████▍    | 137/250 [04:11<03:27,  0.55it/s][A
Validation DataLoader 0:  55%|█████▌    | 138/250 [04:13<03:25,  0.54it/s][A
Validation DataLoader 0:  56%|█████▌    | 139/250 [04:14<03:23,  0.55it/s][A
Validation DataLoader 0:  56%|█████▌    | 140/250 [04:16<03:21,  0.55it/s][A
Validation DataLoader 0:  56%|█████▋    | 141/250 [04:18<03:19,  0.55it/s][A
Validation DataLoader 0:  57%|█████▋    | 142/250 [04:20<03:18,  0.55it/s][A
Validation DataLoader 0:  57%|█████▋    | 143/250 [04:22<03:16,  0.55it/s][A
Validation DataLoader 0:  58%|█████▊    | 144/250 [04:24<03:14,  0.55it/s][A
Validation DataLoader 0:  58%|█████▊    | 145/250 [04:25<03:12,  0.55it/s][A
Validation DataLoader 0:  58%|█████▊    | 146/250 [04:27<03:10,  0.55it/s][A
Validation DataLoader 0:  59%|█████▉    | 147/250 [04:29<03:08,  0.55it/s][A
Validation DataLoader 0:  59%|█████▉    | 148/250 [04:31<03:07,  0.55it/s][A
Validation DataLoader 0:  60%|█████▉    | 149/250 [04:33<03:05,  0.55it/s][A
Validation DataLoader 0:  60%|██████    | 150/250 [04:34<03:03,  0.55it/s][A
Validation DataLoader 0:  60%|██████    | 151/250 [04:37<03:01,  0.54it/s][A
Validation DataLoader 0:  61%|██████    | 152/250 [04:38<02:59,  0.54it/s][A
Validation DataLoader 0:  61%|██████    | 153/250 [04:40<02:58,  0.54it/s][A
Validation DataLoader 0:  62%|██████▏   | 154/250 [04:42<02:56,  0.54it/s][A
Validation DataLoader 0:  62%|██████▏   | 155/250 [04:44<02:54,  0.54it/s][A
Validation DataLoader 0:  62%|██████▏   | 156/250 [04:46<02:52,  0.54it/s][A
Validation DataLoader 0:  63%|██████▎   | 157/250 [04:48<02:50,  0.54it/s][A
Validation DataLoader 0:  63%|██████▎   | 158/250 [04:50<02:48,  0.54it/s][A
Validation DataLoader 0:  64%|██████▎   | 159/250 [04:52<02:47,  0.54it/s][A
Validation DataLoader 0:  64%|██████▍   | 160/250 [04:53<02:45,  0.54it/s][A
Validation DataLoader 0:  64%|██████▍   | 161/250 [04:55<02:43,  0.54it/s][A
Validation DataLoader 0:  65%|██████▍   | 162/250 [04:57<02:41,  0.54it/s][A
Validation DataLoader 0:  65%|██████▌   | 163/250 [04:59<02:39,  0.54it/s][A
Validation DataLoader 0:  66%|██████▌   | 164/250 [05:01<02:37,  0.54it/s][A
Validation DataLoader 0:  66%|██████▌   | 165/250 [05:03<02:36,  0.54it/s][A
Validation DataLoader 0:  66%|██████▋   | 166/250 [05:04<02:34,  0.54it/s][A
Validation DataLoader 0:  67%|██████▋   | 167/250 [05:06<02:32,  0.54it/s][A
Validation DataLoader 0:  67%|██████▋   | 168/250 [05:08<02:30,  0.54it/s][A
Validation DataLoader 0:  68%|██████▊   | 169/250 [05:10<02:28,  0.54it/s][A
Validation DataLoader 0:  68%|██████▊   | 170/250 [05:12<02:27,  0.54it/s][A
Validation DataLoader 0:  68%|██████▊   | 171/250 [05:14<02:25,  0.54it/s][A
Validation DataLoader 0:  69%|██████▉   | 172/250 [05:16<02:23,  0.54it/s][A
Validation DataLoader 0:  69%|██████▉   | 173/250 [05:18<02:21,  0.54it/s][A
Validation DataLoader 0:  70%|██████▉   | 174/250 [05:19<02:19,  0.54it/s][A
Validation DataLoader 0:  70%|███████   | 175/250 [05:21<02:17,  0.54it/s][A
Validation DataLoader 0:  70%|███████   | 176/250 [05:23<02:16,  0.54it/s][A
Validation DataLoader 0:  71%|███████   | 177/250 [05:25<02:14,  0.54it/s][A
Validation DataLoader 0:  71%|███████   | 178/250 [05:27<02:12,  0.54it/s][A
Validation DataLoader 0:  72%|███████▏  | 179/250 [05:29<02:10,  0.54it/s][A
Validation DataLoader 0:  72%|███████▏  | 180/250 [05:30<02:08,  0.54it/s][A
Validation DataLoader 0:  72%|███████▏  | 181/250 [05:32<02:06,  0.54it/s][A
Validation DataLoader 0:  73%|███████▎  | 182/250 [05:34<02:04,  0.54it/s][A
Validation DataLoader 0:  73%|███████▎  | 183/250 [05:36<02:03,  0.54it/s][A
Validation DataLoader 0:  74%|███████▎  | 184/250 [05:37<02:01,  0.54it/s][A
Validation DataLoader 0:  74%|███████▍  | 185/250 [05:39<01:59,  0.54it/s][A
Validation DataLoader 0:  74%|███████▍  | 186/250 [05:41<01:57,  0.54it/s][A
Validation DataLoader 0:  75%|███████▍  | 187/250 [05:43<01:55,  0.54it/s][A
Validation DataLoader 0:  75%|███████▌  | 188/250 [05:45<01:53,  0.54it/s][A
Validation DataLoader 0:  76%|███████▌  | 189/250 [05:47<01:52,  0.54it/s][A
Validation DataLoader 0:  76%|███████▌  | 190/250 [05:49<01:50,  0.54it/s][A
Validation DataLoader 0:  76%|███████▋  | 191/250 [05:51<01:48,  0.54it/s][A
Validation DataLoader 0:  77%|███████▋  | 192/250 [05:52<01:46,  0.54it/s][A
Validation DataLoader 0:  77%|███████▋  | 193/250 [05:54<01:44,  0.54it/s][A
Validation DataLoader 0:  78%|███████▊  | 194/250 [05:56<01:42,  0.54it/s][A
Validation DataLoader 0:  78%|███████▊  | 195/250 [05:58<01:41,  0.54it/s][A
Validation DataLoader 0:  78%|███████▊  | 196/250 [06:00<01:39,  0.54it/s][A
Validation DataLoader 0:  79%|███████▉  | 197/250 [06:01<01:37,  0.54it/s][A
Validation DataLoader 0:  79%|███████▉  | 198/250 [06:03<01:35,  0.54it/s][A
Validation DataLoader 0:  80%|███████▉  | 199/250 [06:05<01:33,  0.54it/s][A
Validation DataLoader 0:  80%|████████  | 200/250 [06:07<01:31,  0.54it/s][A
Validation DataLoader 0:  80%|████████  | 201/250 [06:09<01:30,  0.54it/s][A
Validation DataLoader 0:  81%|████████  | 202/250 [06:10<01:28,  0.54it/s][A
Validation DataLoader 0:  81%|████████  | 203/250 [06:12<01:26,  0.54it/s][A
Validation DataLoader 0:  82%|████████▏ | 204/250 [06:14<01:24,  0.54it/s][A
Validation DataLoader 0:  82%|████████▏ | 205/250 [06:16<01:22,  0.54it/s][A
Validation DataLoader 0:  82%|████████▏ | 206/250 [06:18<01:20,  0.54it/s][A
Validation DataLoader 0:  83%|████████▎ | 207/250 [06:20<01:19,  0.54it/s][A
Validation DataLoader 0:  83%|████████▎ | 208/250 [06:22<01:17,  0.54it/s][A
Validation DataLoader 0:  84%|████████▎ | 209/250 [06:23<01:15,  0.54it/s][A
Validation DataLoader 0:  84%|████████▍ | 210/250 [06:25<01:13,  0.54it/s][A
Validation DataLoader 0:  84%|████████▍ | 211/250 [06:27<01:11,  0.54it/s][A
Validation DataLoader 0:  85%|████████▍ | 212/250 [06:29<01:09,  0.54it/s][A
Validation DataLoader 0:  85%|████████▌ | 213/250 [06:31<01:07,  0.54it/s][A
Validation DataLoader 0:  86%|████████▌ | 214/250 [06:32<01:06,  0.54it/s][A
Validation DataLoader 0:  86%|████████▌ | 215/250 [06:34<01:04,  0.54it/s][A
Validation DataLoader 0:  86%|████████▋ | 216/250 [06:36<01:02,  0.54it/s][A
Validation DataLoader 0:  87%|████████▋ | 217/250 [06:38<01:00,  0.54it/s][A
Validation DataLoader 0:  87%|████████▋ | 218/250 [06:40<00:58,  0.54it/s][A
Validation DataLoader 0:  88%|████████▊ | 219/250 [06:41<00:56,  0.54it/s][A
Validation DataLoader 0:  88%|████████▊ | 220/250 [06:43<00:55,  0.54it/s][A
Validation DataLoader 0:  88%|████████▊ | 221/250 [06:45<00:53,  0.54it/s][A
Validation DataLoader 0:  89%|████████▉ | 222/250 [06:47<00:51,  0.54it/s][A
Validation DataLoader 0:  89%|████████▉ | 223/250 [06:49<00:49,  0.54it/s][A
Validation DataLoader 0:  90%|████████▉ | 224/250 [06:51<00:47,  0.54it/s][A
Validation DataLoader 0:  90%|█████████ | 225/250 [06:52<00:45,  0.54it/s][A
Validation DataLoader 0:  90%|█████████ | 226/250 [06:54<00:44,  0.54it/s][A
Validation DataLoader 0:  91%|█████████ | 227/250 [06:56<00:42,  0.54it/s][A
Validation DataLoader 0:  91%|█████████ | 228/250 [06:58<00:40,  0.54it/s][A
Validation DataLoader 0:  92%|█████████▏| 229/250 [07:00<00:38,  0.55it/s][A
Validation DataLoader 0:  92%|█████████▏| 230/250 [07:02<00:36,  0.54it/s][A
Validation DataLoader 0:  92%|█████████▏| 231/250 [07:03<00:34,  0.54it/s][A
Validation DataLoader 0:  93%|█████████▎| 232/250 [07:05<00:33,  0.54it/s][A
Validation DataLoader 0:  93%|█████████▎| 233/250 [07:07<00:31,  0.54it/s][A
Validation DataLoader 0:  94%|█████████▎| 234/250 [07:09<00:29,  0.54it/s][A
Validation DataLoader 0:  94%|█████████▍| 235/250 [07:11<00:27,  0.54it/s][A
Validation DataLoader 0:  94%|█████████▍| 236/250 [07:13<00:25,  0.54it/s][A
Validation DataLoader 0:  95%|█████████▍| 237/250 [07:15<00:23,  0.54it/s][A
Validation DataLoader 0:  95%|█████████▌| 238/250 [07:16<00:22,  0.54it/s][A
Validation DataLoader 0:  96%|█████████▌| 239/250 [07:18<00:20,  0.54it/s][A
Validation DataLoader 0:  96%|█████████▌| 240/250 [07:20<00:18,  0.54it/s][A
Validation DataLoader 0:  96%|█████████▋| 241/250 [07:22<00:16,  0.54it/s][A
Validation DataLoader 0:  97%|█████████▋| 242/250 [07:24<00:14,  0.54it/s][A
Validation DataLoader 0:  97%|█████████▋| 243/250 [07:25<00:12,  0.54it/s][A
Validation DataLoader 0:  98%|█████████▊| 244/250 [07:27<00:11,  0.54it/s][A
Validation DataLoader 0:  98%|█████████▊| 245/250 [07:29<00:09,  0.54it/s][A
Validation DataLoader 0:  98%|█████████▊| 246/250 [07:31<00:07,  0.54it/s][A
Validation DataLoader 0:  99%|█████████▉| 247/250 [07:33<00:05,  0.54it/s][A
Validation DataLoader 0:  99%|█████████▉| 248/250 [07:35<00:03,  0.54it/s][A
Validation DataLoader 0: 100%|█████████▉| 249/250 [07:36<00:01,  0.54it/s][A
Validation DataLoader 0: 100%|██████████| 250/250 [07:38<00:00,  0.54it/s][A
Validation DataLoader 0:   0%|          | 0/250 [00:00<?, ?it/s][A
Validation DataLoader 0:   0%|          | 1/250 [00:01<07:16,  0.57it/s][A
Validation DataLoader 0:   1%|          | 2/250 [00:03<07:21,  0.56it/s][A
Validation DataLoader 0:   1%|          | 3/250 [00:05<07:23,  0.56it/s][A
Validation DataLoader 0:   2%|▏         | 4/250 [00:07<07:26,  0.55it/s][A
Validation DataLoader 0:   2%|▏         | 5/250 [00:09<07:29,  0.55it/s][A
Validation DataLoader 0:   2%|▏         | 6/250 [00:11<07:31,  0.54it/s][A
Validation DataLoader 0:   3%|▎         | 7/250 [00:12<07:29,  0.54it/s][A
Validation DataLoader 0:   3%|▎         | 8/250 [00:14<07:26,  0.54it/s][A
Validation DataLoader 0:   4%|▎         | 9/250 [00:16<07:25,  0.54it/s][A
Validation DataLoader 0:   4%|▍         | 10/250 [00:18<07:23,  0.54it/s][A
Validation DataLoader 0:   4%|▍         | 11/250 [00:20<07:20,  0.54it/s][A
Validation DataLoader 0:   5%|▍         | 12/250 [00:22<07:20,  0.54it/s][A
Validation DataLoader 0:   5%|▌         | 13/250 [00:24<07:17,  0.54it/s][A
Validation DataLoader 0:   6%|▌         | 14/250 [00:25<07:15,  0.54it/s][A
Validation DataLoader 0:   6%|▌         | 15/250 [00:27<07:13,  0.54it/s][A
Validation DataLoader 0:   6%|▋         | 16/250 [00:29<07:10,  0.54it/s][A
Validation DataLoader 0:   7%|▋         | 17/250 [00:31<07:09,  0.54it/s][A
Validation DataLoader 0:   7%|▋         | 18/250 [00:33<07:06,  0.54it/s][A
Validation DataLoader 0:   8%|▊         | 19/250 [00:34<07:03,  0.55it/s][A
Validation DataLoader 0:   8%|▊         | 20/250 [00:36<07:02,  0.54it/s][A
Validation DataLoader 0:   8%|▊         | 21/250 [00:38<07:01,  0.54it/s][A
Validation DataLoader 0:   9%|▉         | 22/250 [00:40<06:59,  0.54it/s][A
Validation DataLoader 0:   9%|▉         | 23/250 [00:42<06:56,  0.54it/s][A
Validation DataLoader 0:  10%|▉         | 24/250 [00:43<06:54,  0.55it/s][A
Validation DataLoader 0:  10%|█         | 25/250 [00:45<06:52,  0.54it/s][A
Validation DataLoader 0:  10%|█         | 26/250 [00:47<06:51,  0.54it/s][A
Validation DataLoader 0:  11%|█         | 27/250 [00:49<06:50,  0.54it/s][A
Validation DataLoader 0:  11%|█         | 28/250 [00:51<06:47,  0.54it/s][A
Validation DataLoader 0:  12%|█▏        | 29/250 [00:53<06:45,  0.55it/s][A
Validation DataLoader 0:  12%|█▏        | 30/250 [00:54<06:43,  0.55it/s][A
Validation DataLoader 0:  12%|█▏        | 31/250 [00:56<06:41,  0.55it/s][A
Validation DataLoader 0:  13%|█▎        | 32/250 [00:58<06:40,  0.54it/s][A
Validation DataLoader 0:  13%|█▎        | 33/250 [01:00<06:38,  0.55it/s][A
Validation DataLoader 0:  14%|█▎        | 34/250 [01:02<06:35,  0.55it/s][A
Validation DataLoader 0:  14%|█▍        | 35/250 [01:04<06:33,  0.55it/s][A
Validation DataLoader 0:  14%|█▍        | 36/250 [01:05<06:31,  0.55it/s][A
Validation DataLoader 0:  15%|█▍        | 37/250 [01:07<06:30,  0.55it/s][A
Validation DataLoader 0:  15%|█▌        | 38/250 [01:09<06:29,  0.54it/s][A
Validation DataLoader 0:  16%|█▌        | 39/250 [01:11<06:27,  0.54it/s][A
Validation DataLoader 0:  16%|█▌        | 40/250 [01:13<06:26,  0.54it/s][A
Validation DataLoader 0:  16%|█▋        | 41/250 [01:15<06:23,  0.54it/s][A
Validation DataLoader 0:  17%|█▋        | 42/250 [01:17<06:22,  0.54it/s][A
Validation DataLoader 0:  17%|█▋        | 43/250 [01:18<06:20,  0.54it/s][A
Validation DataLoader 0:  18%|█▊        | 44/250 [01:20<06:18,  0.54it/s][A
Validation DataLoader 0:  18%|█▊        | 45/250 [01:22<06:16,  0.54it/s][A
Validation DataLoader 0:  18%|█▊        | 46/250 [01:24<06:14,  0.54it/s][A
Validation DataLoader 0:  19%|█▉        | 47/250 [01:26<06:12,  0.54it/s][A
Validation DataLoader 0:  19%|█▉        | 48/250 [01:28<06:10,  0.55it/s][A
Validation DataLoader 0:  20%|█▉        | 49/250 [01:29<06:09,  0.54it/s][A
Validation DataLoader 0:  20%|██        | 50/250 [01:31<06:07,  0.54it/s][A
Validation DataLoader 0:  20%|██        | 51/250 [01:33<06:05,  0.54it/s][A
Validation DataLoader 0:  21%|██        | 52/250 [01:35<06:04,  0.54it/s][A
Validation DataLoader 0:  21%|██        | 53/250 [01:37<06:02,  0.54it/s][A
Validation DataLoader 0:  22%|██▏       | 54/250 [01:39<06:00,  0.54it/s][A
Validation DataLoader 0:  22%|██▏       | 55/250 [01:41<05:58,  0.54it/s][A
Validation DataLoader 0:  22%|██▏       | 56/250 [01:42<05:56,  0.54it/s][A
Validation DataLoader 0:  23%|██▎       | 57/250 [01:44<05:54,  0.54it/s][A
Validation DataLoader 0:  23%|██▎       | 58/250 [01:46<05:53,  0.54it/s][A
Validation DataLoader 0:  24%|██▎       | 59/250 [01:48<05:51,  0.54it/s][A
Validation DataLoader 0:  24%|██▍       | 60/250 [01:50<05:49,  0.54it/s][A
Validation DataLoader 0:  24%|██▍       | 61/250 [01:52<05:47,  0.54it/s][A
Validation DataLoader 0:  25%|██▍       | 62/250 [01:53<05:45,  0.54it/s][A
Validation DataLoader 0:  25%|██▌       | 63/250 [01:55<05:43,  0.54it/s][A
Validation DataLoader 0:  26%|██▌       | 64/250 [01:57<05:42,  0.54it/s][A
Validation DataLoader 0:  26%|██▌       | 65/250 [01:59<05:40,  0.54it/s][A
Validation DataLoader 0:  26%|██▋       | 66/250 [02:01<05:39,  0.54it/s][A
Validation DataLoader 0:  27%|██▋       | 67/250 [02:03<05:37,  0.54it/s][A
Validation DataLoader 0:  27%|██▋       | 68/250 [02:05<05:35,  0.54it/s][A
Validation DataLoader 0:  28%|██▊       | 69/250 [02:07<05:34,  0.54it/s][A
Validation DataLoader 0:  28%|██▊       | 70/250 [02:09<05:32,  0.54it/s][A
Validation DataLoader 0:  28%|██▊       | 71/250 [02:11<05:30,  0.54it/s][A
Validation DataLoader 0:  29%|██▉       | 72/250 [02:12<05:28,  0.54it/s][A
Validation DataLoader 0:  29%|██▉       | 73/250 [02:14<05:26,  0.54it/s][A
Validation DataLoader 0:  30%|██▉       | 74/250 [02:16<05:24,  0.54it/s][A
Validation DataLoader 0:  30%|███       | 75/250 [02:18<05:22,  0.54it/s][A
Validation DataLoader 0:  30%|███       | 76/250 [02:20<05:20,  0.54it/s][A
Validation DataLoader 0:  31%|███       | 77/250 [02:21<05:18,  0.54it/s][A
Validation DataLoader 0:  31%|███       | 78/250 [02:23<05:16,  0.54it/s][A
Validation DataLoader 0:  32%|███▏      | 79/250 [02:25<05:15,  0.54it/s][A
Validation DataLoader 0:  32%|███▏      | 80/250 [02:27<05:13,  0.54it/s][A
Validation DataLoader 0:  32%|███▏      | 81/250 [02:29<05:10,  0.54it/s][A
Validation DataLoader 0:  33%|███▎      | 82/250 [02:30<05:08,  0.54it/s][A
Validation DataLoader 0:  33%|███▎      | 83/250 [02:32<05:07,  0.54it/s][A
Validation DataLoader 0:  34%|███▎      | 84/250 [02:34<05:05,  0.54it/s][A
Validation DataLoader 0:  34%|███▍      | 85/250 [02:36<05:03,  0.54it/s][A
Validation DataLoader 0:  34%|███▍      | 86/250 [02:38<05:01,  0.54it/s][A
Validation DataLoader 0:  35%|███▍      | 87/250 [02:40<04:59,  0.54it/s][A
Validation DataLoader 0:  35%|███▌      | 88/250 [02:41<04:58,  0.54it/s][A
Validation DataLoader 0:  36%|███▌      | 89/250 [02:43<04:56,  0.54it/s][A
Validation DataLoader 0:  36%|███▌      | 90/250 [02:45<04:54,  0.54it/s][A
Validation DataLoader 0:  36%|███▋      | 91/250 [02:47<04:52,  0.54it/s][A
Validation DataLoader 0:  37%|███▋      | 92/250 [02:49<04:50,  0.54it/s][A
Validation DataLoader 0:  37%|███▋      | 93/250 [02:51<04:49,  0.54it/s][A
Validation DataLoader 0:  38%|███▊      | 94/250 [02:53<04:47,  0.54it/s][A
Validation DataLoader 0:  38%|███▊      | 95/250 [02:54<04:45,  0.54it/s][A
Validation DataLoader 0:  38%|███▊      | 96/250 [02:56<04:43,  0.54it/s][A
Validation DataLoader 0:  39%|███▉      | 97/250 [02:58<04:41,  0.54it/s][A
Validation DataLoader 0:  39%|███▉      | 98/250 [03:00<04:39,  0.54it/s][A
Validation DataLoader 0:  40%|███▉      | 99/250 [03:02<04:37,  0.54it/s][A
Validation DataLoader 0:  40%|████      | 100/250 [03:03<04:35,  0.54it/s][A
Validation DataLoader 0:  40%|████      | 101/250 [03:05<04:34,  0.54it/s][A
Validation DataLoader 0:  41%|████      | 102/250 [03:07<04:32,  0.54it/s][A
Validation DataLoader 0:  41%|████      | 103/250 [03:09<04:30,  0.54it/s][A
Validation DataLoader 0:  42%|████▏     | 104/250 [03:11<04:28,  0.54it/s][A
Validation DataLoader 0:  42%|████▏     | 105/250 [03:13<04:26,  0.54it/s][A
Validation DataLoader 0:  42%|████▏     | 106/250 [03:14<04:24,  0.54it/s][A
Validation DataLoader 0:  43%|████▎     | 107/250 [03:16<04:22,  0.54it/s][A
Validation DataLoader 0:  43%|████▎     | 108/250 [03:18<04:20,  0.54it/s][A
Validation DataLoader 0:  44%|████▎     | 109/250 [03:20<04:19,  0.54it/s][A
Validation DataLoader 0:  44%|████▍     | 110/250 [03:22<04:17,  0.54it/s][A
Validation DataLoader 0:  44%|████▍     | 111/250 [03:24<04:15,  0.54it/s][A
Validation DataLoader 0:  45%|████▍     | 112/250 [03:25<04:13,  0.54it/s][A
Validation DataLoader 0:  45%|████▌     | 113/250 [03:27<04:11,  0.54it/s][A
Validation DataLoader 0:  46%|████▌     | 114/250 [03:29<04:09,  0.54it/s][A
Validation DataLoader 0:  46%|████▌     | 115/250 [03:31<04:07,  0.54it/s][A
Validation DataLoader 0:  46%|████▋     | 116/250 [03:33<04:06,  0.54it/s][A
Validation DataLoader 0:  47%|████▋     | 117/250 [03:34<04:04,  0.54it/s][A
Validation DataLoader 0:  47%|████▋     | 118/250 [03:36<04:02,  0.54it/s][A
Validation DataLoader 0:  48%|████▊     | 119/250 [03:38<04:00,  0.54it/s][A
Validation DataLoader 0:  48%|████▊     | 120/250 [03:40<03:58,  0.54it/s][A
Validation DataLoader 0:  48%|████▊     | 121/250 [03:42<03:56,  0.54it/s][A
Validation DataLoader 0:  49%|████▉     | 122/250 [03:44<03:55,  0.54it/s][A
Validation DataLoader 0:  49%|████▉     | 123/250 [03:46<03:53,  0.54it/s][A
Validation DataLoader 0:  50%|████▉     | 124/250 [03:47<03:51,  0.54it/s][A
Validation DataLoader 0:  50%|█████     | 125/250 [03:49<03:49,  0.54it/s][A
Validation DataLoader 0:  50%|█████     | 126/250 [03:51<03:47,  0.54it/s][A
Validation DataLoader 0:  51%|█████     | 127/250 [03:53<03:46,  0.54it/s][A
Validation DataLoader 0:  51%|█████     | 128/250 [03:55<03:44,  0.54it/s][A
Validation DataLoader 0:  52%|█████▏    | 129/250 [03:57<03:42,  0.54it/s][A
Validation DataLoader 0:  52%|█████▏    | 130/250 [03:58<03:40,  0.54it/s][A
Validation DataLoader 0:  52%|█████▏    | 131/250 [04:00<03:38,  0.54it/s][A
Validation DataLoader 0:  53%|█████▎    | 132/250 [04:02<03:36,  0.54it/s][A
Validation DataLoader 0:  53%|█████▎    | 133/250 [04:04<03:35,  0.54it/s][A
Validation DataLoader 0:  54%|█████▎    | 134/250 [04:06<03:33,  0.54it/s][A
Validation DataLoader 0:  54%|█████▍    | 135/250 [04:08<03:31,  0.54it/s][A
Validation DataLoader 0:  54%|█████▍    | 136/250 [04:10<03:29,  0.54it/s][A
Validation DataLoader 0:  55%|█████▍    | 137/250 [04:12<03:27,  0.54it/s][A
Validation DataLoader 0:  55%|█████▌    | 138/250 [04:13<03:26,  0.54it/s][A
Validation DataLoader 0:  56%|█████▌    | 139/250 [04:15<03:24,  0.54it/s][A
Validation DataLoader 0:  56%|█████▌    | 140/250 [04:17<03:22,  0.54it/s][A
Validation DataLoader 0:  56%|█████▋    | 141/250 [04:19<03:20,  0.54it/s][A
Validation DataLoader 0:  57%|█████▋    | 142/250 [04:21<03:18,  0.54it/s][A
Validation DataLoader 0:  57%|█████▋    | 143/250 [04:23<03:16,  0.54it/s][A
Validation DataLoader 0:  58%|█████▊    | 144/250 [04:24<03:15,  0.54it/s][A
Validation DataLoader 0:  58%|█████▊    | 145/250 [04:26<03:13,  0.54it/s][A
Validation DataLoader 0:  58%|█████▊    | 146/250 [04:28<03:11,  0.54it/s][A
Validation DataLoader 0:  59%|█████▉    | 147/250 [04:30<03:09,  0.54it/s][A
Validation DataLoader 0:  59%|█████▉    | 148/250 [04:32<03:07,  0.54it/s][A
Validation DataLoader 0:  60%|█████▉    | 149/250 [04:33<03:05,  0.54it/s][A
Validation DataLoader 0:  60%|██████    | 150/250 [04:35<03:03,  0.54it/s][A
Validation DataLoader 0:  60%|██████    | 151/250 [04:37<03:01,  0.54it/s][A
Validation DataLoader 0:  61%|██████    | 152/250 [04:39<03:00,  0.54it/s][A
Validation DataLoader 0:  61%|██████    | 153/250 [04:41<02:58,  0.54it/s][A
Validation DataLoader 0:  62%|██████▏   | 154/250 [04:43<02:56,  0.54it/s][A
Validation DataLoader 0:  62%|██████▏   | 155/250 [04:44<02:54,  0.54it/s][A
Validation DataLoader 0:  62%|██████▏   | 156/250 [04:46<02:52,  0.54it/s][A
Validation DataLoader 0:  63%|██████▎   | 157/250 [04:48<02:51,  0.54it/s][A
Validation DataLoader 0:  63%|██████▎   | 158/250 [04:50<02:49,  0.54it/s][A
Validation DataLoader 0:  64%|██████▎   | 159/250 [04:52<02:47,  0.54it/s][A
Validation DataLoader 0:  64%|██████▍   | 160/250 [04:54<02:45,  0.54it/s][A
Validation DataLoader 0:  64%|██████▍   | 161/250 [04:56<02:43,  0.54it/s][A
Validation DataLoader 0:  65%|██████▍   | 162/250 [04:57<02:41,  0.54it/s][A
Validation DataLoader 0:  65%|██████▌   | 163/250 [04:59<02:40,  0.54it/s][A
Validation DataLoader 0:  66%|██████▌   | 164/250 [05:01<02:38,  0.54it/s][A
Validation DataLoader 0:  66%|██████▌   | 165/250 [05:03<02:36,  0.54it/s][A
Validation DataLoader 0:  66%|██████▋   | 166/250 [05:05<02:34,  0.54it/s][A
Validation DataLoader 0:  67%|██████▋   | 167/250 [05:07<02:32,  0.54it/s][A
Validation DataLoader 0:  67%|██████▋   | 168/250 [05:09<02:30,  0.54it/s][A
Validation DataLoader 0:  68%|██████▊   | 169/250 [05:11<02:29,  0.54it/s][A
Validation DataLoader 0:  68%|██████▊   | 170/250 [05:12<02:27,  0.54it/s][A
Validation DataLoader 0:  68%|██████▊   | 171/250 [05:14<02:25,  0.54it/s][A
Validation DataLoader 0:  69%|██████▉   | 172/250 [05:16<02:23,  0.54it/s][A
Validation DataLoader 0:  69%|██████▉   | 173/250 [05:18<02:21,  0.54it/s][A
Validation DataLoader 0:  70%|██████▉   | 174/250 [05:20<02:19,  0.54it/s][A
Validation DataLoader 0:  70%|███████   | 175/250 [05:22<02:18,  0.54it/s][A
Validation DataLoader 0:  70%|███████   | 176/250 [05:24<02:16,  0.54it/s][A
Validation DataLoader 0:  71%|███████   | 177/250 [05:25<02:14,  0.54it/s][A
Validation DataLoader 0:  71%|███████   | 178/250 [05:27<02:12,  0.54it/s][A
Validation DataLoader 0:  72%|███████▏  | 179/250 [05:29<02:10,  0.54it/s][A
Validation DataLoader 0:  72%|███████▏  | 180/250 [05:31<02:08,  0.54it/s][A
Validation DataLoader 0:  72%|███████▏  | 181/250 [05:33<02:07,  0.54it/s][A
Validation DataLoader 0:  73%|███████▎  | 182/250 [05:35<02:05,  0.54it/s][A
Validation DataLoader 0:  73%|███████▎  | 183/250 [05:36<02:03,  0.54it/s][A
Validation DataLoader 0:  74%|███████▎  | 184/250 [05:38<02:01,  0.54it/s][A
Validation DataLoader 0:  74%|███████▍  | 185/250 [05:40<01:59,  0.54it/s][A
Validation DataLoader 0:  74%|███████▍  | 186/250 [05:42<01:57,  0.54it/s][A
Validation DataLoader 0:  75%|███████▍  | 187/250 [05:44<01:56,  0.54it/s][A
Validation DataLoader 0:  75%|███████▌  | 188/250 [05:46<01:54,  0.54it/s][A
Validation DataLoader 0:  76%|███████▌  | 189/250 [05:48<01:52,  0.54it/s][A
Validation DataLoader 0:  76%|███████▌  | 190/250 [05:50<01:50,  0.54it/s][A
Validation DataLoader 0:  76%|███████▋  | 191/250 [05:51<01:48,  0.54it/s][A
Validation DataLoader 0:  77%|███████▋  | 192/250 [05:53<01:46,  0.54it/s][A
Validation DataLoader 0:  77%|███████▋  | 193/250 [05:55<01:45,  0.54it/s][A
Validation DataLoader 0:  78%|███████▊  | 194/250 [05:57<01:43,  0.54it/s][A
Validation DataLoader 0:  78%|███████▊  | 195/250 [05:59<01:41,  0.54it/s][A
Validation DataLoader 0:  78%|███████▊  | 196/250 [06:01<01:39,  0.54it/s][A
Validation DataLoader 0:  79%|███████▉  | 197/250 [06:02<01:37,  0.54it/s][A
Validation DataLoader 0:  79%|███████▉  | 198/250 [06:04<01:35,  0.54it/s][A
Validation DataLoader 0:  80%|███████▉  | 199/250 [06:06<01:33,  0.54it/s][A
Validation DataLoader 0:  80%|████████  | 200/250 [06:08<01:32,  0.54it/s][A
Validation DataLoader 0:  80%|████████  | 201/250 [06:10<01:30,  0.54it/s][A
Validation DataLoader 0:  81%|████████  | 202/250 [06:11<01:28,  0.54it/s][A
Validation DataLoader 0:  81%|████████  | 203/250 [06:13<01:26,  0.54it/s][A
Validation DataLoader 0:  82%|████████▏ | 204/250 [06:15<01:24,  0.54it/s][A
Validation DataLoader 0:  82%|████████▏ | 205/250 [06:17<01:22,  0.54it/s][A
Validation DataLoader 0:  82%|████████▏ | 206/250 [06:19<01:21,  0.54it/s][A
Validation DataLoader 0:  83%|████████▎ | 207/250 [06:21<01:19,  0.54it/s][A
Validation DataLoader 0:  83%|████████▎ | 208/250 [06:22<01:17,  0.54it/s][A
Validation DataLoader 0:  84%|████████▎ | 209/250 [06:24<01:15,  0.54it/s][A
Validation DataLoader 0:  84%|████████▍ | 210/250 [06:26<01:13,  0.54it/s][A
Validation DataLoader 0:  84%|████████▍ | 211/250 [06:28<01:11,  0.54it/s][A
Validation DataLoader 0:  85%|████████▍ | 212/250 [06:30<01:09,  0.54it/s][A
Validation DataLoader 0:  85%|████████▌ | 213/250 [06:31<01:08,  0.54it/s][A
Validation DataLoader 0:  86%|████████▌ | 214/250 [06:33<01:06,  0.54it/s][A
Validation DataLoader 0:  86%|████████▌ | 215/250 [06:35<01:04,  0.54it/s][A
Validation DataLoader 0:  86%|████████▋ | 216/250 [06:37<01:02,  0.54it/s][A
Validation DataLoader 0:  87%|████████▋ | 217/250 [06:39<01:00,  0.54it/s][A
Validation DataLoader 0:  87%|████████▋ | 218/250 [06:41<00:58,  0.54it/s][A
Validation DataLoader 0:  88%|████████▊ | 219/250 [06:42<00:57,  0.54it/s][A
Validation DataLoader 0:  88%|████████▊ | 220/250 [06:44<00:55,  0.54it/s][A
Validation DataLoader 0:  88%|████████▊ | 221/250 [06:46<00:53,  0.54it/s][A
Validation DataLoader 0:  89%|████████▉ | 222/250 [06:48<00:51,  0.54it/s][A
Validation DataLoader 0:  89%|████████▉ | 223/250 [06:50<00:49,  0.54it/s][A
Validation DataLoader 0:  90%|████████▉ | 224/250 [06:52<00:47,  0.54it/s][A
Validation DataLoader 0:  90%|█████████ | 225/250 [06:53<00:45,  0.54it/s][A
Validation DataLoader 0:  90%|█████████ | 226/250 [06:55<00:44,  0.54it/s][A
Validation DataLoader 0:  91%|█████████ | 227/250 [06:57<00:42,  0.54it/s][A
Validation DataLoader 0:  91%|█████████ | 228/250 [06:59<00:40,  0.54it/s][A
Validation DataLoader 0:  92%|█████████▏| 229/250 [07:01<00:38,  0.54it/s][A
Validation DataLoader 0:  92%|█████████▏| 230/250 [07:02<00:36,  0.54it/s][A
Validation DataLoader 0:  92%|█████████▏| 231/250 [07:04<00:34,  0.54it/s][A
Validation DataLoader 0:  93%|█████████▎| 232/250 [07:06<00:33,  0.54it/s][A
Validation DataLoader 0:  93%|█████████▎| 233/250 [07:08<00:31,  0.54it/s][A
Validation DataLoader 0:  94%|█████████▎| 234/250 [07:10<00:29,  0.54it/s][A
Validation DataLoader 0:  94%|█████████▍| 235/250 [07:12<00:27,  0.54it/s][A
Validation DataLoader 0:  94%|█████████▍| 236/250 [07:14<00:25,  0.54it/s][A
Validation DataLoader 0:  95%|█████████▍| 237/250 [07:16<00:23,  0.54it/s][A
Validation DataLoader 0:  95%|█████████▌| 238/250 [07:17<00:22,  0.54it/s][A
Validation DataLoader 0:  96%|█████████▌| 239/250 [07:19<00:20,  0.54it/s][A
Validation DataLoader 0:  96%|█████████▌| 240/250 [07:21<00:18,  0.54it/s][A
Validation DataLoader 0:  96%|█████████▋| 241/250 [07:23<00:16,  0.54it/s][A
Validation DataLoader 0:  97%|█████████▋| 242/250 [07:25<00:14,  0.54it/s][A
Validation DataLoader 0:  97%|█████████▋| 243/250 [07:26<00:12,  0.54it/s][A
Validation DataLoader 0:  98%|█████████▊| 244/250 [07:28<00:11,  0.54it/s][A
Validation DataLoader 0:  98%|█████████▊| 245/250 [07:30<00:09,  0.54it/s][A
Validation DataLoader 0:  98%|█████████▊| 246/250 [07:32<00:07,  0.54it/s][A
Validation DataLoader 0:  99%|█████████▉| 247/250 [07:34<00:05,  0.54it/s][A
Validation DataLoader 0:  99%|█████████▉| 248/250 [07:36<00:03,  0.54it/s][A
Validation DataLoader 0: 100%|█████████▉| 249/250 [07:37<00:01,  0.54it/s][A
Validation DataLoader 0: 100%|██████████| 250/250 [07:39<00:00,  0.54it/s][A
Validation DataLoader 0:   0%|          | 0/250 [00:00<?, ?it/s][A
Validation DataLoader 0:   0%|          | 1/250 [00:01<07:16,  0.57it/s][A
Validation DataLoader 0:   1%|          | 2/250 [00:03<07:16,  0.57it/s][A
Validation DataLoader 0:   1%|          | 3/250 [00:05<07:17,  0.56it/s][A
Validation DataLoader 0:   2%|▏         | 4/250 [00:07<07:22,  0.56it/s][A
Validation DataLoader 0:   2%|▏         | 5/250 [00:09<07:26,  0.55it/s][A
Validation DataLoader 0:   2%|▏         | 6/250 [00:11<07:29,  0.54it/s][A
Validation DataLoader 0:   3%|▎         | 7/250 [00:12<07:26,  0.54it/s][A
Validation DataLoader 0:   3%|▎         | 8/250 [00:14<07:24,  0.54it/s][A
Validation DataLoader 0:   4%|▎         | 9/250 [00:16<07:23,  0.54it/s][A
Validation DataLoader 0:   4%|▍         | 10/250 [00:18<07:20,  0.54it/s][A
Validation DataLoader 0:   4%|▍         | 11/250 [00:20<07:18,  0.55it/s][A
Validation DataLoader 0:   5%|▍         | 12/250 [00:22<07:17,  0.54it/s][A
Validation DataLoader 0:   5%|▌         | 13/250 [00:23<07:14,  0.55it/s][A
Validation DataLoader 0:   6%|▌         | 14/250 [00:25<07:13,  0.54it/s][A
Validation DataLoader 0:   6%|▌         | 15/250 [00:27<07:10,  0.55it/s][A
Validation DataLoader 0:   6%|▋         | 16/250 [00:29<07:07,  0.55it/s][A
Validation DataLoader 0:   7%|▋         | 17/250 [00:31<07:06,  0.55it/s][A
Validation DataLoader 0:   7%|▋         | 18/250 [00:32<07:03,  0.55it/s][A
Validation DataLoader 0:   8%|▊         | 19/250 [00:34<07:01,  0.55it/s][A
Validation DataLoader 0:   8%|▊         | 20/250 [00:36<07:00,  0.55it/s][A
Validation DataLoader 0:   8%|▊         | 21/250 [00:38<06:58,  0.55it/s][A
Validation DataLoader 0:   9%|▉         | 22/250 [00:40<06:57,  0.55it/s][A
Validation DataLoader 0:   9%|▉         | 23/250 [00:41<06:54,  0.55it/s][A
Validation DataLoader 0:  10%|▉         | 24/250 [00:43<06:51,  0.55it/s][A
Validation DataLoader 0:  10%|█         | 25/250 [00:45<06:50,  0.55it/s][A
Validation DataLoader 0:  10%|█         | 26/250 [00:47<06:49,  0.55it/s][A
Validation DataLoader 0:  11%|█         | 27/250 [00:49<06:47,  0.55it/s][A
Validation DataLoader 0:  11%|█         | 28/250 [00:51<06:44,  0.55it/s][A
Validation DataLoader 0:  12%|█▏        | 29/250 [00:52<06:43,  0.55it/s][A
Validation DataLoader 0:  12%|█▏        | 30/250 [00:54<06:40,  0.55it/s][A
Validation DataLoader 0:  12%|█▏        | 31/250 [00:56<06:39,  0.55it/s][A
Validation DataLoader 0:  13%|█▎        | 32/250 [00:58<06:38,  0.55it/s][A
Validation DataLoader 0:  13%|█▎        | 33/250 [01:00<06:36,  0.55it/s][A
Validation DataLoader 0:  14%|█▎        | 34/250 [01:02<06:33,  0.55it/s][A
Validation DataLoader 0:  14%|█▍        | 35/250 [01:03<06:31,  0.55it/s][A
Validation DataLoader 0:  14%|█▍        | 36/250 [01:05<06:30,  0.55it/s][A
Validation DataLoader 0:  15%|█▍        | 37/250 [01:07<06:29,  0.55it/s][A
Validation DataLoader 0:  15%|█▌        | 38/250 [01:09<06:27,  0.55it/s][A
Validation DataLoader 0:  16%|█▌        | 39/250 [01:11<06:26,  0.55it/s][A
Validation DataLoader 0:  16%|█▌        | 40/250 [01:13<06:24,  0.55it/s][A
Validation DataLoader 0:  16%|█▋        | 41/250 [01:15<06:22,  0.55it/s][A
Validation DataLoader 0:  17%|█▋        | 42/250 [01:16<06:21,  0.55it/s][A
Validation DataLoader 0:  17%|█▋        | 43/250 [01:18<06:19,  0.55it/s][A
Validation DataLoader 0:  18%|█▊        | 44/250 [01:20<06:17,  0.55it/s][A
Validation DataLoader 0:  18%|█▊        | 45/250 [01:22<06:15,  0.55it/s][A
Validation DataLoader 0:  18%|█▊        | 46/250 [01:24<06:13,  0.55it/s][A
Validation DataLoader 0:  19%|█▉        | 47/250 [01:26<06:11,  0.55it/s][A
Validation DataLoader 0:  19%|█▉        | 48/250 [01:27<06:09,  0.55it/s][A
Validation DataLoader 0:  20%|█▉        | 49/250 [01:29<06:08,  0.55it/s][A
Validation DataLoader 0:  20%|██        | 50/250 [01:31<06:06,  0.55it/s][A
Validation DataLoader 0:  20%|██        | 51/250 [01:33<06:04,  0.55it/s][A
Validation DataLoader 0:  21%|██        | 52/250 [01:35<06:03,  0.54it/s][A
Validation DataLoader 0:  21%|██        | 53/250 [01:37<06:01,  0.54it/s][A
Validation DataLoader 0:  22%|██▏       | 54/250 [01:39<05:59,  0.54it/s][A
Validation DataLoader 0:  22%|██▏       | 55/250 [01:40<05:57,  0.54it/s][A
Validation DataLoader 0:  22%|██▏       | 56/250 [01:42<05:56,  0.54it/s][A
Validation DataLoader 0:  23%|██▎       | 57/250 [01:44<05:54,  0.54it/s][A
Validation DataLoader 0:  23%|██▎       | 58/250 [01:46<05:52,  0.54it/s][A
Validation DataLoader 0:  24%|██▎       | 59/250 [01:48<05:50,  0.54it/s][A
Validation DataLoader 0:  24%|██▍       | 60/250 [01:50<05:48,  0.54it/s][A
Validation DataLoader 0:  24%|██▍       | 61/250 [01:51<05:46,  0.55it/s][A
Validation DataLoader 0:  25%|██▍       | 62/250 [01:53<05:44,  0.55it/s][A
Validation DataLoader 0:  25%|██▌       | 63/250 [01:55<05:43,  0.55it/s][A
Validation DataLoader 0:  26%|██▌       | 64/250 [01:57<05:41,  0.55it/s][A
Validation DataLoader 0:  26%|██▌       | 65/250 [01:59<05:39,  0.55it/s][A
Validation DataLoader 0:  26%|██▋       | 66/250 [02:01<05:37,  0.54it/s][A
Validation DataLoader 0:  27%|██▋       | 67/250 [02:02<05:35,  0.54it/s][A
Validation DataLoader 0:  27%|██▋       | 68/250 [02:04<05:34,  0.54it/s][A
Validation DataLoader 0:  28%|██▊       | 69/250 [02:06<05:32,  0.54it/s][A
Validation DataLoader 0:  28%|██▊       | 70/250 [02:08<05:30,  0.54it/s][A
Validation DataLoader 0:  28%|██▊       | 71/250 [02:10<05:29,  0.54it/s][A
Validation DataLoader 0:  29%|██▉       | 72/250 [02:12<05:27,  0.54it/s][A
Validation DataLoader 0:  29%|██▉       | 73/250 [02:14<05:25,  0.54it/s][A
Validation DataLoader 0:  30%|██▉       | 74/250 [02:15<05:23,  0.54it/s][A
Validation DataLoader 0:  30%|███       | 75/250 [02:17<05:21,  0.54it/s][A
Validation DataLoader 0:  30%|███       | 76/250 [02:19<05:19,  0.54it/s][A
Validation DataLoader 0:  31%|███       | 77/250 [02:21<05:17,  0.54it/s][A
Validation DataLoader 0:  31%|███       | 78/250 [02:23<05:15,  0.54it/s][A
Validation DataLoader 0:  32%|███▏      | 79/250 [02:24<05:13,  0.54it/s][A
Validation DataLoader 0:  32%|███▏      | 80/250 [02:26<05:11,  0.55it/s][A
Validation DataLoader 0:  32%|███▏      | 81/250 [02:28<05:09,  0.55it/s][A
Validation DataLoader 0:  33%|███▎      | 82/250 [02:30<05:07,  0.55it/s][A
Validation DataLoader 0:  33%|███▎      | 83/250 [02:32<05:05,  0.55it/s][A
Validation DataLoader 0:  34%|███▎      | 84/250 [02:33<05:04,  0.55it/s][A
Validation DataLoader 0:  34%|███▍      | 85/250 [02:35<05:02,  0.55it/s][A
Validation DataLoader 0:  34%|███▍      | 86/250 [02:37<05:00,  0.55it/s][A
Validation DataLoader 0:  35%|███▍      | 87/250 [02:39<04:58,  0.55it/s][A
Validation DataLoader 0:  35%|███▌      | 88/250 [02:41<04:57,  0.55it/s][A
Validation DataLoader 0:  36%|███▌      | 89/250 [02:43<04:55,  0.55it/s][A
Validation DataLoader 0:  36%|███▌      | 90/250 [02:45<04:53,  0.55it/s][A
Validation DataLoader 0:  36%|███▋      | 91/250 [02:46<04:51,  0.55it/s][A
Validation DataLoader 0:  37%|███▋      | 92/250 [02:48<04:49,  0.55it/s][A
Validation DataLoader 0:  37%|███▋      | 93/250 [02:50<04:48,  0.54it/s][A
Validation DataLoader 0:  38%|███▊      | 94/250 [02:52<04:46,  0.54it/s][A
Validation DataLoader 0:  38%|███▊      | 95/250 [02:54<04:44,  0.55it/s][A
Validation DataLoader 0:  38%|███▊      | 96/250 [02:56<04:42,  0.55it/s][A
Validation DataLoader 0:  39%|███▉      | 97/250 [02:57<04:40,  0.55it/s][A
Validation DataLoader 0:  39%|███▉      | 98/250 [02:59<04:38,  0.55it/s][A
Validation DataLoader 0:  40%|███▉      | 99/250 [03:01<04:37,  0.54it/s][A
Validation DataLoader 0:  40%|████      | 100/250 [03:03<04:35,  0.54it/s][A
Validation DataLoader 0:  40%|████      | 101/250 [03:05<04:33,  0.54it/s][A
Validation DataLoader 0:  41%|████      | 102/250 [03:07<04:31,  0.54it/s][A
Validation DataLoader 0:  41%|████      | 103/250 [03:09<04:29,  0.54it/s][A
Validation DataLoader 0:  42%|████▏     | 104/250 [03:10<04:28,  0.54it/s][A
Validation DataLoader 0:  42%|████▏     | 105/250 [03:12<04:26,  0.54it/s][A
Validation DataLoader 0:  42%|████▏     | 106/250 [03:14<04:24,  0.54it/s][A
Validation DataLoader 0:  43%|████▎     | 107/250 [03:16<04:22,  0.54it/s][A
Validation DataLoader 0:  43%|████▎     | 108/250 [03:18<04:20,  0.55it/s][A
Validation DataLoader 0:  44%|████▎     | 109/250 [03:19<04:18,  0.55it/s][A
Validation DataLoader 0:  44%|████▍     | 110/250 [03:21<04:16,  0.54it/s][A
Validation DataLoader 0:  44%|████▍     | 111/250 [03:23<04:15,  0.54it/s][A
Validation DataLoader 0:  45%|████▍     | 112/250 [03:25<04:13,  0.55it/s][A
Validation DataLoader 0:  45%|████▌     | 113/250 [03:27<04:11,  0.55it/s][A
Validation DataLoader 0:  46%|████▌     | 114/250 [03:29<04:09,  0.55it/s][A
Validation DataLoader 0:  46%|████▌     | 115/250 [03:30<04:07,  0.55it/s][A
Validation DataLoader 0:  46%|████▋     | 116/250 [03:32<04:05,  0.55it/s][A
Validation DataLoader 0:  47%|████▋     | 117/250 [03:34<04:03,  0.55it/s][A
Validation DataLoader 0:  47%|████▋     | 118/250 [03:36<04:01,  0.55it/s][A
Validation DataLoader 0:  48%|████▊     | 119/250 [03:38<04:00,  0.55it/s][A
Validation DataLoader 0:  48%|████▊     | 120/250 [03:39<03:58,  0.55it/s][A
Validation DataLoader 0:  48%|████▊     | 121/250 [03:41<03:56,  0.55it/s][A
Validation DataLoader 0:  49%|████▉     | 122/250 [03:43<03:54,  0.55it/s][A
Validation DataLoader 0:  49%|████▉     | 123/250 [03:45<03:52,  0.55it/s][A
Validation DataLoader 0:  50%|████▉     | 124/250 [03:47<03:51,  0.55it/s][A
Validation DataLoader 0:  50%|█████     | 125/250 [03:49<03:49,  0.55it/s][A
Validation DataLoader 0:  50%|█████     | 126/250 [03:51<03:47,  0.55it/s][A
Validation DataLoader 0:  51%|█████     | 127/250 [03:52<03:45,  0.55it/s][A
Validation DataLoader 0:  51%|█████     | 128/250 [03:54<03:43,  0.55it/s][A
Validation DataLoader 0:  52%|█████▏    | 129/250 [03:56<03:41,  0.55it/s][A
Validation DataLoader 0:  52%|█████▏    | 130/250 [03:58<03:40,  0.55it/s][A
Validation DataLoader 0:  52%|█████▏    | 131/250 [04:00<03:38,  0.55it/s][A
Validation DataLoader 0:  53%|█████▎    | 132/250 [04:02<03:36,  0.55it/s][A
Validation DataLoader 0:  53%|█████▎    | 133/250 [04:03<03:34,  0.55it/s][A
Validation DataLoader 0:  54%|█████▎    | 134/250 [04:05<03:32,  0.54it/s][A
Validation DataLoader 0:  54%|█████▍    | 135/250 [04:07<03:31,  0.54it/s][A
Validation DataLoader 0:  54%|█████▍    | 136/250 [04:09<03:29,  0.54it/s][A
Validation DataLoader 0:  55%|█████▍    | 137/250 [04:11<03:27,  0.54it/s][A
Validation DataLoader 0:  55%|█████▌    | 138/250 [04:13<03:25,  0.54it/s][A
Validation DataLoader 0:  56%|█████▌    | 139/250 [04:15<03:23,  0.54it/s][A
Validation DataLoader 0:  56%|█████▌    | 140/250 [04:17<03:21,  0.54it/s][A
Validation DataLoader 0:  56%|█████▋    | 141/250 [04:18<03:20,  0.54it/s][A
Validation DataLoader 0:  57%|█████▋    | 142/250 [04:20<03:18,  0.54it/s][A
Validation DataLoader 0:  57%|█████▋    | 143/250 [04:22<03:16,  0.54it/s][A
Validation DataLoader 0:  58%|█████▊    | 144/250 [04:24<03:14,  0.54it/s][A
Validation DataLoader 0:  58%|█████▊    | 145/250 [04:26<03:12,  0.54it/s][A
Validation DataLoader 0:  58%|█████▊    | 146/250 [04:27<03:10,  0.54it/s][A
Validation DataLoader 0:  59%|█████▉    | 147/250 [04:29<03:09,  0.54it/s][A
Validation DataLoader 0:  59%|█████▉    | 148/250 [04:31<03:07,  0.55it/s][A
Validation DataLoader 0:  60%|█████▉    | 149/250 [04:33<03:05,  0.55it/s][A
Validation DataLoader 0:  60%|██████    | 150/250 [04:35<03:03,  0.55it/s][A
Validation DataLoader 0:  60%|██████    | 151/250 [04:37<03:01,  0.55it/s][A
Validation DataLoader 0:  61%|██████    | 152/250 [04:38<02:59,  0.55it/s][A
Validation DataLoader 0:  61%|██████    | 153/250 [04:40<02:57,  0.54it/s][A
Validation DataLoader 0:  62%|██████▏   | 154/250 [04:42<02:56,  0.55it/s][A
Validation DataLoader 0:  62%|██████▏   | 155/250 [04:44<02:54,  0.55it/s][A
Validation DataLoader 0:  62%|██████▏   | 156/250 [04:46<02:52,  0.54it/s][A
Validation DataLoader 0:  63%|██████▎   | 157/250 [04:48<02:50,  0.54it/s][A
Validation DataLoader 0:  63%|██████▎   | 158/250 [04:50<02:48,  0.54it/s][A
Validation DataLoader 0:  64%|██████▎   | 159/250 [04:51<02:47,  0.54it/s][A
Validation DataLoader 0:  64%|██████▍   | 160/250 [04:53<02:45,  0.54it/s][A
Validation DataLoader 0:  64%|██████▍   | 161/250 [04:55<02:43,  0.54it/s][A
Validation DataLoader 0:  65%|██████▍   | 162/250 [04:57<02:41,  0.54it/s][A
Validation DataLoader 0:  65%|██████▌   | 163/250 [04:59<02:39,  0.54it/s][A
Validation DataLoader 0:  66%|██████▌   | 164/250 [05:01<02:37,  0.54it/s][A
Validation DataLoader 0:  66%|██████▌   | 165/250 [05:02<02:35,  0.54it/s][A
Validation DataLoader 0:  66%|██████▋   | 166/250 [05:04<02:34,  0.54it/s][A
Validation DataLoader 0:  67%|██████▋   | 167/250 [05:06<02:32,  0.54it/s][A
Validation DataLoader 0:  67%|██████▋   | 168/250 [05:08<02:30,  0.54it/s][A
Validation DataLoader 0:  68%|██████▊   | 169/250 [05:10<02:28,  0.54it/s][A
Validation DataLoader 0:  68%|██████▊   | 170/250 [05:12<02:26,  0.54it/s][A
Validation DataLoader 0:  68%|██████▊   | 171/250 [05:14<02:25,  0.54it/s][A
Validation DataLoader 0:  69%|██████▉   | 172/250 [05:16<02:23,  0.54it/s][A
Validation DataLoader 0:  69%|██████▉   | 173/250 [05:17<02:21,  0.54it/s][A
Validation DataLoader 0:  70%|██████▉   | 174/250 [05:19<02:19,  0.54it/s][A
Validation DataLoader 0:  70%|███████   | 175/250 [05:21<02:17,  0.54it/s][A
Validation DataLoader 0:  70%|███████   | 176/250 [05:23<02:15,  0.54it/s][A
Validation DataLoader 0:  71%|███████   | 177/250 [05:25<02:14,  0.54it/s][A
Validation DataLoader 0:  71%|███████   | 178/250 [05:27<02:12,  0.54it/s][A
Validation DataLoader 0:  72%|███████▏  | 179/250 [05:28<02:10,  0.54it/s][A
Validation DataLoader 0:  72%|███████▏  | 180/250 [05:30<02:08,  0.54it/s][A
Validation DataLoader 0:  72%|███████▏  | 181/250 [05:32<02:06,  0.54it/s][A
Validation DataLoader 0:  73%|███████▎  | 182/250 [05:34<02:04,  0.54it/s][A
Validation DataLoader 0:  73%|███████▎  | 183/250 [05:36<02:03,  0.54it/s][A
Validation DataLoader 0:  74%|███████▎  | 184/250 [05:37<02:01,  0.54it/s][A
Validation DataLoader 0:  74%|███████▍  | 185/250 [05:39<01:59,  0.54it/s][A
Validation DataLoader 0:  74%|███████▍  | 186/250 [05:41<01:57,  0.54it/s][A
Validation DataLoader 0:  75%|███████▍  | 187/250 [05:43<01:55,  0.54it/s][A
Validation DataLoader 0:  75%|███████▌  | 188/250 [05:45<01:53,  0.54it/s][A
Validation DataLoader 0:  76%|███████▌  | 189/250 [05:47<01:52,  0.54it/s][A
Validation DataLoader 0:  76%|███████▌  | 190/250 [05:48<01:50,  0.54it/s][A
Validation DataLoader 0:  76%|███████▋  | 191/250 [05:50<01:48,  0.54it/s][A
Validation DataLoader 0:  77%|███████▋  | 192/250 [05:52<01:46,  0.54it/s][A
Validation DataLoader 0:  77%|███████▋  | 193/250 [05:54<01:44,  0.54it/s][A
Validation DataLoader 0:  78%|███████▊  | 194/250 [05:56<01:42,  0.54it/s][A
Validation DataLoader 0:  78%|███████▊  | 195/250 [05:58<01:41,  0.54it/s][A
Validation DataLoader 0:  78%|███████▊  | 196/250 [05:59<01:39,  0.54it/s][A
Validation DataLoader 0:  79%|███████▉  | 197/250 [06:01<01:37,  0.54it/s][A
Validation DataLoader 0:  79%|███████▉  | 198/250 [06:03<01:35,  0.54it/s][A
Validation DataLoader 0:  80%|███████▉  | 199/250 [06:05<01:33,  0.54it/s][A
Validation DataLoader 0:  80%|████████  | 200/250 [06:07<01:31,  0.54it/s][A
Validation DataLoader 0:  80%|████████  | 201/250 [06:09<01:29,  0.54it/s][A
Validation DataLoader 0:  81%|████████  | 202/250 [06:10<01:28,  0.54it/s][A
Validation DataLoader 0:  81%|████████  | 203/250 [06:12<01:26,  0.54it/s][A
Validation DataLoader 0:  82%|████████▏ | 204/250 [06:14<01:24,  0.54it/s][A
Validation DataLoader 0:  82%|████████▏ | 205/250 [06:16<01:22,  0.54it/s][A
Validation DataLoader 0:  82%|████████▏ | 206/250 [06:18<01:20,  0.54it/s][A
Validation DataLoader 0:  83%|████████▎ | 207/250 [06:20<01:18,  0.54it/s][A
Validation DataLoader 0:  83%|████████▎ | 208/250 [06:21<01:17,  0.54it/s][A
Validation DataLoader 0:  84%|████████▎ | 209/250 [06:23<01:15,  0.54it/s][A
Validation DataLoader 0:  84%|████████▍ | 210/250 [06:25<01:13,  0.54it/s][A
Validation DataLoader 0:  84%|████████▍ | 211/250 [06:27<01:11,  0.54it/s][A
Validation DataLoader 0:  85%|████████▍ | 212/250 [06:29<01:09,  0.54it/s][A
Validation DataLoader 0:  85%|████████▌ | 213/250 [06:30<01:07,  0.54it/s][A
Validation DataLoader 0:  86%|████████▌ | 214/250 [06:32<01:06,  0.55it/s][A
Validation DataLoader 0:  86%|████████▌ | 215/250 [06:34<01:04,  0.54it/s][A
Validation DataLoader 0:  86%|████████▋ | 216/250 [06:36<01:02,  0.55it/s][A
Validation DataLoader 0:  87%|████████▋ | 217/250 [06:38<01:00,  0.54it/s][A
Validation DataLoader 0:  87%|████████▋ | 218/250 [06:40<00:58,  0.54it/s][A
Validation DataLoader 0:  88%|████████▊ | 219/250 [06:41<00:56,  0.55it/s][A
Validation DataLoader 0:  88%|████████▊ | 220/250 [06:43<00:55,  0.54it/s][A
Validation DataLoader 0:  88%|████████▊ | 221/250 [06:45<00:53,  0.54it/s][A
Validation DataLoader 0:  89%|████████▉ | 222/250 [06:47<00:51,  0.54it/s][A
Validation DataLoader 0:  89%|████████▉ | 223/250 [06:49<00:49,  0.54it/s][A
Validation DataLoader 0:  90%|████████▉ | 224/250 [06:51<00:47,  0.54it/s][A
Validation DataLoader 0:  90%|█████████ | 225/250 [06:53<00:45,  0.54it/s][A
Validation DataLoader 0:  90%|█████████ | 226/250 [06:54<00:44,  0.54it/s][A
Validation DataLoader 0:  91%|█████████ | 227/250 [06:56<00:42,  0.54it/s][A
Validation DataLoader 0:  91%|█████████ | 228/250 [06:58<00:40,  0.54it/s][A
Validation DataLoader 0:  92%|█████████▏| 229/250 [07:00<00:38,  0.54it/s][A
Validation DataLoader 0:  92%|█████████▏| 230/250 [07:02<00:36,  0.54it/s][A
Validation DataLoader 0:  92%|█████████▏| 231/250 [07:03<00:34,  0.54it/s][A
Validation DataLoader 0:  93%|█████████▎| 232/250 [07:05<00:33,  0.54it/s][A
Validation DataLoader 0:  93%|█████████▎| 233/250 [07:07<00:31,  0.54it/s][A
Validation DataLoader 0:  94%|█████████▎| 234/250 [07:09<00:29,  0.54it/s][A
Validation DataLoader 0:  94%|█████████▍| 235/250 [07:11<00:27,  0.54it/s][A
Validation DataLoader 0:  94%|█████████▍| 236/250 [07:13<00:25,  0.54it/s][A
Validation DataLoader 0:  95%|█████████▍| 237/250 [07:15<00:23,  0.54it/s][A
Validation DataLoader 0:  95%|█████████▌| 238/250 [07:16<00:22,  0.54it/s][A
Validation DataLoader 0:  96%|█████████▌| 239/250 [07:18<00:20,  0.54it/s][A
Validation DataLoader 0:  96%|█████████▌| 240/250 [07:20<00:18,  0.54it/s][A
Validation DataLoader 0:  96%|█████████▋| 241/250 [07:22<00:16,  0.54it/s][A
Validation DataLoader 0:  97%|█████████▋| 242/250 [07:24<00:14,  0.54it/s][A
Validation DataLoader 0:  97%|█████████▋| 243/250 [07:26<00:12,  0.54it/s][A
Validation DataLoader 0:  98%|█████████▊| 244/250 [07:27<00:11,  0.54it/s][A
Validation DataLoader 0:  98%|█████████▊| 245/250 [07:29<00:09,  0.54it/s][A
Validation DataLoader 0:  98%|█████████▊| 246/250 [07:31<00:07,  0.54it/s][A
Validation DataLoader 0:  99%|█████████▉| 247/250 [07:33<00:05,  0.54it/s][A
Validation DataLoader 0:  99%|█████████▉| 248/250 [07:35<00:03,  0.54it/s][A
Validation DataLoader 0: 100%|█████████▉| 249/250 [07:37<00:01,  0.54it/s][A
Validation DataLoader 0: 100%|██████████| 250/250 [07:38<00:00,  0.54it/s][A

Testing DataLoader 0: 100%|██████████| 250/250 [07:41<00:00,  0.54it/s]
────────────────────────────────────────────────────────────────────────────────────────────────────────────────────────
       Test metric             DataLoader 0
────────────────────────────────────────────────────────────────────────────────────────────────────────────────────────
         metric             0.41600000858306885
         test_hr            0.4637681245803833
  test_prediction_valid     0.8970000147819519
────────────────────────────────────────────────────────────────────────────────────────────────────────────────────────
FINAL_RESULT {"method": "LLaRA", "dataset": "amazon:Baby_Products", "validation": {"val_prediction_valid": 0.906000018119812, "val_hr": 0.44150111079216003, "metric": 0.4000000059604645}, "test": {"test_prediction_valid": 0.8970000147819519, "test_hr": 0.4637681245803833, "metric": 0.41600000858306885}, "num_users": 184834, "num_items": 77324, "train_interactions": 1121805, "train_examples": 10000, "validation_examples": 1000, "test_examples": 1000, "visible_gpus": 1, "interaction_cache": "/workspace/P78123011/cache/mamba_multi_agent_data/amazon_Baby_Products_e6e228b87df8.pkl", "rec_model_cache": "/workspace/P78123011/cache/llara/amazon_Baby_Products_93a3d16456a7_sasrec.pt"}
