source_table,dataset,split,cohort,lag_bin,lag_start,lag_end,metric,mean,ci_low,ci_high,n_users,n_positions,units,status,lag,mean_margin_influence,help_percent,hurt_percent,neutral_percent,recent_items,mean_percent,median_percent,q25_percent,q75_percent
alignment_summary.csv,amazon-all-beauty,test,all_available,1,1,1,raw_cosine,0.22402123509674202,0.2092521522036743,0.2390994023653124,1457,1457,cosine,estimated,,,,,,,,,,
alignment_summary.csv,amazon-all-beauty,test,all_available,1,1,1,random_cosine,0.08852001399251805,0.08723507204700924,0.08984024003013846,1457,1457,cosine,estimated,,,,,,,,,,
alignment_summary.csv,amazon-all-beauty,test,all_available,1,1,1,excess_cosine,0.13550122110422397,0.12087724215537055,0.15055722479113073,1457,1457,cosine,estimated,,,,,,,,,,
alignment_summary.csv,amazon-all-beauty,test,all_available,1,1,1,raw_cosine_z,2.2756281643615743,2.0314145198159874,2.5249526625979506,1457,1457,within_subset_z,estimated,,,,,,,,,,
alignment_summary.csv,amazon-all-beauty,test,all_available,1,1,1,random_cosine_z,0.03505254529099106,0.013805433482207446,0.05688309594912274,1457,1457,within_subset_z,estimated,,,,,,,,,,
alignment_summary.csv,amazon-all-beauty,test,all_available,1,1,1,excess_cosine_z,2.2405756190705834,1.9987613356302918,2.489533632191164,1457,1457,within_subset_z,estimated,,,,,,,,,,
alignment_summary.csv,amazon-all-beauty,test,all_available,1,1,1,raw_cluster_match,0.25188743994509266,0.22923816060398078,0.273850377487989,1457,1457,probability_difference,estimated,,,,,,,,,,
alignment_summary.csv,amazon-all-beauty,test,all_available,1,1,1,random_cluster_match,0.06434454358270418,0.06070693205216198,0.06794783802333562,1457,1457,probability_difference,estimated,,,,,,,,,,
alignment_summary.csv,amazon-all-beauty,test,all_available,1,1,1,excess_cluster_match,0.18754289636238847,0.16424073438572406,0.20971259437199727,1457,1457,probability_difference,estimated,,,,,,,,,,
alignment_summary.csv,amazon-all-beauty,test,all_available,2,2,2,raw_cosine,0.19227223608811567,0.1785291446964931,0.20495458650135856,1457,1457,cosine,estimated,,,,,,,,,,
alignment_summary.csv,amazon-all-beauty,test,all_available,2,2,2,random_cosine,0.089179162334909,0.08788276623164903,0.09039138959453542,1457,1457,cosine,estimated,,,,,,,,,,
alignment_summary.csv,amazon-all-beauty,test,all_available,2,2,2,excess_cosine,0.10309307375320667,0.08906872716125717,0.11562534229375751,1457,1457,cosine,estimated,,,,,,,,,,
alignment_summary.csv,amazon-all-beauty,test,all_available,2,2,2,raw_cosine_z,1.750643721203617,1.523395322615064,1.9603522750960216,1457,1457,within_subset_z,estimated,,,,,,,,,,
alignment_summary.csv,amazon-all-beauty,test,all_available,2,2,2,random_cosine_z,0.0459518692474592,0.024515357620835784,0.06599660995575579,1457,1457,within_subset_z,estimated,,,,,,,,,,
alignment_summary.csv,amazon-all-beauty,test,all_available,2,2,2,excess_cosine_z,1.7046918519561576,1.4727927680124917,1.9119187323840872,1457,1457,within_subset_z,estimated,,,,,,,,,,
alignment_summary.csv,amazon-all-beauty,test,all_available,2,2,2,raw_cluster_match,0.21482498284145504,0.19423472889498972,0.2361015785861359,1457,1457,probability_difference,estimated,,,,,,,,,,
alignment_summary.csv,amazon-all-beauty,test,all_available,2,2,2,random_cluster_match,0.06444749485243652,0.060741249142072753,0.06812028140013726,1457,1457,probability_difference,estimated,,,,,,,,,,
alignment_summary.csv,amazon-all-beauty,test,all_available,2,2,2,excess_cluster_match,0.15037748798901854,0.1301981811942347,0.1712439945092656,1457,1457,probability_difference,estimated,,,,,,,,,,
alignment_summary.csv,amazon-all-beauty,test,all_available,3-4,3,4,raw_cosine,0.1755666875457319,0.16302930997904794,0.1884961248032366,1290,2297,cosine,estimated,,,,,,,,,,
alignment_summary.csv,amazon-all-beauty,test,all_available,3-4,3,4,random_cosine,0.08855937778689833,0.08736046872354408,0.0897932819700114,1290,2297,cosine,estimated,,,,,,,,,,
alignment_summary.csv,amazon-all-beauty,test,all_available,3-4,3,4,excess_cosine,0.08700730975883356,0.07468613221182835,0.0997824830594274,1290,2297,cosine,estimated,,,,,,,,,,
alignment_summary.csv,amazon-all-beauty,test,all_available,3-4,3,4,raw_cosine_z,1.4744097178327173,1.267098357284994,1.6882039674445741,1290,2297,within_subset_z,estimated,,,,,,,,,,
alignment_summary.csv,amazon-all-beauty,test,all_available,3-4,3,4,random_cosine_z,0.03570344391200609,0.01587892576417263,0.056106622617132604,1290,2297,within_subset_z,estimated,,,,,,,,,,
alignment_summary.csv,amazon-all-beauty,test,all_available,3-4,3,4,excess_cosine_z,1.4387062739207113,1.2349698811038115,1.649949697363334,1290,2297,within_subset_z,estimated,,,,,,,,,,
alignment_summary.csv,amazon-all-beauty,test,all_available,3-4,3,4,raw_cluster_match,0.1817829457364341,0.1635658914728682,0.2007751937984496,1290,2297,probability_difference,estimated,,,,,,,,,,
alignment_summary.csv,amazon-all-beauty,test,all_available,3-4,3,4,random_cluster_match,0.06137596899224807,0.058312015503875964,0.0646516472868217,1290,2297,probability_difference,estimated,,,,,,,,,,
alignment_summary.csv,amazon-all-beauty,test,all_available,3-4,3,4,excess_cluster_match,0.12040697674418603,0.10253439922480619,0.1393250968992248,1290,2297,probability_difference,estimated,,,,,,,,,,
alignment_summary.csv,amazon-all-beauty,test,all_available,5-8,5,8,raw_cosine,0.14947902642951014,0.1348270742562168,0.16556178006502706,669,1800,cosine,estimated,,,,,,,,,,
alignment_summary.csv,amazon-all-beauty,test,all_available,5-8,5,8,random_cosine,0.09092240710197527,0.08913454542676191,0.09261213766788441,669,1800,cosine,estimated,,,,,,,,,,
alignment_summary.csv,amazon-all-beauty,test,all_available,5-8,5,8,excess_cosine,0.05855661932753485,0.04397802580670662,0.07465828031546394,669,1800,cosine,estimated,,,,,,,,,,
alignment_summary.csv,amazon-all-beauty,test,all_available,5-8,5,8,raw_cosine_z,1.0430381259071886,0.8007612922097399,1.3089739262609077,669,1800,within_subset_z,estimated,,,,,,,,,,
alignment_summary.csv,amazon-all-beauty,test,all_available,5-8,5,8,random_cosine_z,0.07477723105107574,0.045214107950712255,0.10271771068603247,669,1800,within_subset_z,estimated,,,,,,,,,,
alignment_summary.csv,amazon-all-beauty,test,all_available,5-8,5,8,excess_cosine_z,0.9682608948561127,0.727197080545661,1.2345093370627287,669,1800,within_subset_z,estimated,,,,,,,,,,
alignment_summary.csv,amazon-all-beauty,test,all_available,5-8,5,8,raw_cluster_match,0.14723467862481315,0.12481315396113603,0.1719045839561534,669,1800,probability_difference,estimated,,,,,,,,,,
alignment_summary.csv,amazon-all-beauty,test,all_available,5-8,5,8,random_cluster_match,0.06003363228699553,0.05577945939212755,0.06453054932735426,669,1800,probability_difference,estimated,,,,,,,,,,
alignment_summary.csv,amazon-all-beauty,test,all_available,5-8,5,8,excess_cluster_match,0.08720104633781763,0.06479727204783259,0.11229244519182859,669,1800,probability_difference,estimated,,,,,,,,,,
alignment_summary.csv,amazon-all-beauty,test,all_available,9-16,9,16,raw_cosine,0.10820314345540624,0.09962953348965861,0.11839855928789036,249,1322,cosine,estimated,,,,,,,,,,
alignment_summary.csv,amazon-all-beauty,test,all_available,9-16,9,16,random_cosine,0.09226158931564635,0.0897818699272904,0.09485760436388334,249,1322,cosine,estimated,,,,,,,,,,
alignment_summary.csv,amazon-all-beauty,test,all_available,9-16,9,16,excess_cosine,0.015941554139759895,0.007945924446558672,0.02573776852824124,249,1322,cosine,estimated,,,,,,,,,,
alignment_summary.csv,amazon-all-beauty,test,all_available,9-16,9,16,raw_cosine_z,0.36052223200057,0.2187536095473523,0.5291081676430203,249,1322,within_subset_z,estimated,,,,,,,,,,
alignment_summary.csv,amazon-all-beauty,test,all_available,9-16,9,16,random_cosine_z,0.09692123088364125,0.05591791919087478,0.1398475453213997,249,1322,within_subset_z,estimated,,,,,,,,,,
alignment_summary.csv,amazon-all-beauty,test,all_available,9-16,9,16,excess_cosine_z,0.2636010011169287,0.1313895508900421,0.4255859554896796,249,1322,within_subset_z,estimated,,,,,,,,,,
alignment_summary.csv,amazon-all-beauty,test,all_available,9-16,9,16,raw_cluster_match,0.10045419774335437,0.07718720118569516,0.12601453432778734,249,1322,probability_difference,estimated,,,,,,,,,,
alignment_summary.csv,amazon-all-beauty,test,all_available,9-16,9,16,random_cluster_match,0.0649878083763626,0.05926515586154141,0.07118848608720596,249,1322,probability_difference,estimated,,,,,,,,,,
alignment_summary.csv,amazon-all-beauty,test,all_available,9-16,9,16,excess_cluster_match,0.03546638936699178,0.012425529498948172,0.0600940906483075,249,1322,probability_difference,estimated,,,,,,,,,,
alignment_summary.csv,amazon-all-beauty,test,all_available,17-32,17,32,raw_cosine,0.1041175102186317,0.09532733490997515,0.11402305796606058,92,860,cosine,exploratory_n_lt_100,,,,,,,,,,
alignment_summary.csv,amazon-all-beauty,test,all_available,17-32,17,32,random_cosine,0.09118726560182255,0.08725907480430721,0.09568854432720389,92,860,cosine,exploratory_n_lt_100,,,,,,,,,,
alignment_summary.csv,amazon-all-beauty,test,all_available,17-32,17,32,excess_cosine,0.012930244616809134,0.0043333549442204815,0.022663798363224973,92,860,cosine,exploratory_n_lt_100,,,,,,,,,,
alignment_summary.csv,amazon-all-beauty,test,all_available,17-32,17,32,raw_cosine_z,0.2929643890218688,0.147614758048557,0.4567572212603141,92,860,within_subset_z,exploratory_n_lt_100,,,,,,,,,,
alignment_summary.csv,amazon-all-beauty,test,all_available,17-32,17,32,random_cosine_z,0.07915678934896746,0.014202330221248349,0.15358752351167276,92,860,within_subset_z,exploratory_n_lt_100,,,,,,,,,,
alignment_summary.csv,amazon-all-beauty,test,all_available,17-32,17,32,excess_cosine_z,0.21380759967290125,0.0716540364557402,0.374756431228875,92,860,within_subset_z,exploratory_n_lt_100,,,,,,,,,,
alignment_summary.csv,amazon-all-beauty,test,all_available,17-32,17,32,raw_cluster_match,0.08057553859184292,0.05497656102955017,0.10957497212931994,92,860,probability_difference,exploratory_n_lt_100,,,,,,,,,,
alignment_summary.csv,amazon-all-beauty,test,all_available,17-32,17,32,random_cluster_match,0.06404242798264537,0.0544367714109562,0.07419048503202713,92,860,probability_difference,exploratory_n_lt_100,,,,,,,,,,
alignment_summary.csv,amazon-all-beauty,test,all_available,17-32,17,32,excess_cluster_match,0.01653311060919756,-0.01000492167102222,0.04735056689234677,92,860,probability_difference,exploratory_n_lt_100,,,,,,,,,,
alignment_summary.csv,amazon-all-beauty,test,all_available,33-64,33,64,raw_cosine,0.09253764745703888,0.07654894465459235,0.10981723704645298,28,376,cosine,exploratory_n_lt_100,,,,,,,,,,
alignment_summary.csv,amazon-all-beauty,test,all_available,33-64,33,64,random_cosine,0.08913000071514857,0.08198625347848064,0.09677666478333083,28,376,cosine,exploratory_n_lt_100,,,,,,,,,,
alignment_summary.csv,amazon-all-beauty,test,all_available,33-64,33,64,excess_cosine,0.003407646741890311,-0.00924693279947454,0.017117061893811812,28,376,cosine,exploratory_n_lt_100,,,,,,,,,,
alignment_summary.csv,amazon-all-beauty,test,all_available,33-64,33,64,raw_cosine_z,0.10148598045570822,-0.16289464569505094,0.3872120191296151,28,376,within_subset_z,exploratory_n_lt_100,,,,,,,,,,
alignment_summary.csv,amazon-all-beauty,test,all_available,33-64,33,64,random_cosine_z,0.04513895903357629,-0.07298621915186254,0.1715801005876739,28,376,within_subset_z,exploratory_n_lt_100,,,,,,,,,,
alignment_summary.csv,amazon-all-beauty,test,all_available,33-64,33,64,excess_cosine_z,0.05634702142213193,-0.15290232820670052,0.2830385677476479,28,376,within_subset_z,exploratory_n_lt_100,,,,,,,,,,
alignment_summary.csv,amazon-all-beauty,test,all_available,33-64,33,64,raw_cluster_match,0.10458965637537065,0.05309266935941043,0.16417461816457352,28,376,probability_difference,exploratory_n_lt_100,,,,,,,,,,
alignment_summary.csv,amazon-all-beauty,test,all_available,33-64,33,64,random_cluster_match,0.07060108418367347,0.05172720025510204,0.09022541985544215,28,376,probability_difference,exploratory_n_lt_100,,,,,,,,,,
alignment_summary.csv,amazon-all-beauty,test,all_available,33-64,33,64,excess_cluster_match,0.03398857219169719,-0.014805220325309613,0.09153851638812566,28,376,probability_difference,exploratory_n_lt_100,,,,,,,,,,
alignment_summary.csv,amazon-all-beauty,test,all_available,65-100,65,100,raw_cosine,0.08105900122777401,0.059484011705757844,0.10574389255495482,5,78,cosine,exploratory_n_lt_100,,,,,,,,,,
alignment_summary.csv,amazon-all-beauty,test,all_available,65-100,65,100,random_cosine,0.08543069557374065,0.07032705355613005,0.09839456297010869,5,78,cosine,exploratory_n_lt_100,,,,,,,,,,
alignment_summary.csv,amazon-all-beauty,test,all_available,65-100,65,100,excess_cosine,-0.004371694345966638,-0.024450575161932248,0.017473424545356206,5,78,cosine,exploratory_n_lt_100,,,,,,,,,,
alignment_summary.csv,amazon-all-beauty,test,all_available,65-100,65,100,raw_cosine_z,-0.08831876574244694,-0.4450712371282995,0.31985737626107386,5,78,within_subset_z,exploratory_n_lt_100,,,,,,,,,,
alignment_summary.csv,amazon-all-beauty,test,all_available,65-100,65,100,random_cosine_z,-0.016030769473635232,-0.2657765045161179,0.19833279847402524,5,78,within_subset_z,exploratory_n_lt_100,,,,,,,,,,
alignment_summary.csv,amazon-all-beauty,test,all_available,65-100,65,100,excess_cosine_z,-0.07228799626881169,-0.4043016153923828,0.2889311896892874,5,78,within_subset_z,exploratory_n_lt_100,,,,,,,,,,
alignment_summary.csv,amazon-all-beauty,test,all_available,65-100,65,100,raw_cluster_match,0.03602150537634409,0.0,0.07473118279569893,5,78,probability_difference,exploratory_n_lt_100,,,,,,,,,,
alignment_summary.csv,amazon-all-beauty,test,all_available,65-100,65,100,random_cluster_match,0.07411802355350743,0.03526881720430108,0.10299795186891961,5,78,probability_difference,exploratory_n_lt_100,,,,,,,,,,
alignment_summary.csv,amazon-all-beauty,test,all_available,65-100,65,100,excess_cluster_match,-0.03809651817716334,-0.06904761904761904,-0.00877240143369176,5,78,probability_difference,exploratory_n_lt_100,,,,,,,,,,
alignment_summary.csv,amazon-all-beauty,test,fixed_K8,1,1,1,raw_cosine,0.15462213624010068,0.13344947478714553,0.17709851258065704,288,288,cosine,estimated,,,,,,,,,,
alignment_summary.csv,amazon-all-beauty,test,fixed_K8,1,1,1,random_cosine,0.09096763791361202,0.08841247593841722,0.09358016588893306,288,288,cosine,estimated,,,,,,,,,,
alignment_summary.csv,amazon-all-beauty,test,fixed_K8,1,1,1,excess_cosine,0.06365449832648867,0.042744680453486374,0.08598234039398246,288,288,cosine,estimated,,,,,,,,,,
alignment_summary.csv,amazon-all-beauty,test,fixed_K8,1,1,1,raw_cosine_z,1.1280818351365565,0.7779820452177774,1.499739156179958,288,288,within_subset_z,estimated,,,,,,,,,,
alignment_summary.csv,amazon-all-beauty,test,fixed_K8,1,1,1,random_cosine_z,0.07552514352712732,0.03327435362469414,0.11872450688298744,288,288,within_subset_z,estimated,,,,,,,,,,
alignment_summary.csv,amazon-all-beauty,test,fixed_K8,1,1,1,excess_cosine_z,1.0525566916094293,0.7068031423523387,1.4217579294669502,288,288,within_subset_z,estimated,,,,,,,,,,
alignment_summary.csv,amazon-all-beauty,test,fixed_K8,1,1,1,raw_cluster_match,0.1840277777777778,0.1423611111111111,0.22916666666666666,288,288,probability_difference,estimated,,,,,,,,,,
alignment_summary.csv,amazon-all-beauty,test,fixed_K8,1,1,1,random_cluster_match,0.06475694444444444,0.05711805555555557,0.07205295138888886,288,288,probability_difference,estimated,,,,,,,,,,
alignment_summary.csv,amazon-all-beauty,test,fixed_K8,1,1,1,excess_cluster_match,0.11927083333333331,0.07864149305555555,0.16388888888888886,288,288,probability_difference,estimated,,,,,,,,,,
alignment_summary.csv,amazon-all-beauty,test,fixed_K8,2,2,2,raw_cosine,0.12256784668877824,0.10766130634308663,0.1405714418631558,288,288,cosine,estimated,,,,,,,,,,
alignment_summary.csv,amazon-all-beauty,test,fixed_K8,2,2,2,random_cosine,0.09350202488712966,0.09096211951691657,0.09621539238594576,288,288,cosine,estimated,,,,,,,,,,
alignment_summary.csv,amazon-all-beauty,test,fixed_K8,2,2,2,excess_cosine,0.02906582180164858,0.013979136670645353,0.047359616401000594,288,288,cosine,estimated,,,,,,,,,,
alignment_summary.csv,amazon-all-beauty,test,fixed_K8,2,2,2,raw_cosine_z,0.5980492710751603,0.35156270371383136,0.8957470783318187,288,288,within_subset_z,estimated,,,,,,,,,,
alignment_summary.csv,amazon-all-beauty,test,fixed_K8,2,2,2,random_cosine_z,0.11743240912871153,0.07543389427496977,0.16229920083643848,288,288,within_subset_z,estimated,,,,,,,,,,
alignment_summary.csv,amazon-all-beauty,test,fixed_K8,2,2,2,excess_cosine_z,0.4806168619464487,0.23115151689896563,0.7831132514665539,288,288,within_subset_z,estimated,,,,,,,,,,
alignment_summary.csv,amazon-all-beauty,test,fixed_K8,2,2,2,raw_cluster_match,0.15625,0.11458333333333333,0.2013888888888889,288,288,probability_difference,estimated,,,,,,,,,,
alignment_summary.csv,amazon-all-beauty,test,fixed_K8,2,2,2,random_cluster_match,0.06163194444444445,0.05485677083333333,0.06927083333333334,288,288,probability_difference,estimated,,,,,,,,,,
alignment_summary.csv,amazon-all-beauty,test,fixed_K8,2,2,2,excess_cluster_match,0.09461805555555555,0.0546875,0.13750434027777775,288,288,probability_difference,estimated,,,,,,,,,,
alignment_summary.csv,amazon-all-beauty,test,fixed_K8,3-4,3,4,raw_cosine,0.10965859727326056,0.09764177331740534,0.12390278853959494,288,576,cosine,estimated,,,,,,,,,,
alignment_summary.csv,amazon-all-beauty,test,fixed_K8,3-4,3,4,random_cosine,0.09118227246088079,0.08866476483025407,0.09384844091691776,288,576,cosine,estimated,,,,,,,,,,
alignment_summary.csv,amazon-all-beauty,test,fixed_K8,3-4,3,4,excess_cosine,0.01847632481237977,0.007077923405934901,0.031870431835421986,288,576,cosine,estimated,,,,,,,,,,
alignment_summary.csv,amazon-all-beauty,test,fixed_K8,3-4,3,4,raw_cosine_z,0.38458883680599293,0.18588507196358736,0.6201231545386623,288,576,within_subset_z,estimated,,,,,,,,,,
alignment_summary.csv,amazon-all-beauty,test,fixed_K8,3-4,3,4,random_cosine_z,0.07907422544463083,0.037446067616682295,0.12316055906030073,288,576,within_subset_z,estimated,,,,,,,,,,
alignment_summary.csv,amazon-all-beauty,test,fixed_K8,3-4,3,4,excess_cosine_z,0.30551461136136215,0.11703675057502787,0.5269923913436337,288,576,within_subset_z,estimated,,,,,,,,,,
alignment_summary.csv,amazon-all-beauty,test,fixed_K8,3-4,3,4,raw_cluster_match,0.08854166666666667,0.0642361111111111,0.11458333333333333,288,576,probability_difference,estimated,,,,,,,,,,
alignment_summary.csv,amazon-all-beauty,test,fixed_K8,3-4,3,4,random_cluster_match,0.05980902777777778,0.05407769097222222,0.06597439236111112,288,576,probability_difference,estimated,,,,,,,,,,
alignment_summary.csv,amazon-all-beauty,test,fixed_K8,3-4,3,4,excess_cluster_match,0.028732638888888884,0.0040755208333333294,0.05564236111111111,288,576,probability_difference,estimated,,,,,,,,,,
alignment_summary.csv,amazon-all-beauty,test,fixed_K8,5-8,5,8,raw_cosine,0.1049628445446918,0.09775294804041752,0.11388867814239347,288,1152,cosine,estimated,,,,,,,,,,
alignment_summary.csv,amazon-all-beauty,test,fixed_K8,5-8,5,8,random_cosine,0.09247925160646749,0.08989890311188194,0.09489938312916718,288,1152,cosine,estimated,,,,,,,,,,
alignment_summary.csv,amazon-all-beauty,test,fixed_K8,5-8,5,8,excess_cosine,0.01248359293822432,0.005839918532122587,0.021401167082512978,288,1152,cosine,estimated,,,,,,,,,,
alignment_summary.csv,amazon-all-beauty,test,fixed_K8,5-8,5,8,raw_cosine_z,0.30694238468492535,0.18772339763923881,0.4545351884686545,288,1152,within_subset_z,estimated,,,,,,,,,,
alignment_summary.csv,amazon-all-beauty,test,fixed_K8,5-8,5,8,random_cosine_z,0.10052037794689757,0.05785311724946873,0.14053837660784158,288,1152,within_subset_z,estimated,,,,,,,,,,
alignment_summary.csv,amazon-all-beauty,test,fixed_K8,5-8,5,8,excess_cosine_z,0.20642200673802782,0.09656576504478782,0.35387823662380075,288,1152,within_subset_z,estimated,,,,,,,,,,
alignment_summary.csv,amazon-all-beauty,test,fixed_K8,5-8,5,8,raw_cluster_match,0.0798611111111111,0.0625,0.09809027777777778,288,1152,probability_difference,estimated,,,,,,,,,,
alignment_summary.csv,amazon-all-beauty,test,fixed_K8,5-8,5,8,random_cluster_match,0.06297743055555555,0.057421875000000004,0.06888129340277778,288,1152,probability_difference,estimated,,,,,,,,,,
alignment_summary.csv,amazon-all-beauty,test,fixed_K8,5-8,5,8,excess_cluster_match,0.016883680555555555,-0.0004796006944444472,0.03459418402777776,288,1152,probability_difference,estimated,,,,,,,,,,
alignment_summary.csv,amazon-all-beauty,test,fixed_K16,1,1,1,raw_cosine,0.1724317202610629,0.13496560828760265,0.21417278517835905,105,105,cosine,estimated,,,,,,,,,,
alignment_summary.csv,amazon-all-beauty,test,fixed_K16,1,1,1,random_cosine,0.089945185787621,0.08595222701806397,0.09416044846265799,105,105,cosine,estimated,,,,,,,,,,
alignment_summary.csv,amazon-all-beauty,test,fixed_K16,1,1,1,excess_cosine,0.0824865344734419,0.04435186122677156,0.12448690981116323,105,105,cosine,estimated,,,,,,,,,,
alignment_summary.csv,amazon-all-beauty,test,fixed_K16,1,1,1,raw_cosine_z,1.422571577870787,0.8030520167552846,2.112779471243202,105,105,within_subset_z,estimated,,,,,,,,,,
alignment_summary.csv,amazon-all-beauty,test,fixed_K16,1,1,1,random_cosine_z,0.05861842278694816,-0.007407004837369023,0.12831974872851717,105,105,within_subset_z,estimated,,,,,,,,,,
alignment_summary.csv,amazon-all-beauty,test,fixed_K16,1,1,1,excess_cosine_z,1.3639531550838386,0.733378622829315,2.0584488666843175,105,105,within_subset_z,estimated,,,,,,,,,,
alignment_summary.csv,amazon-all-beauty,test,fixed_K16,1,1,1,raw_cluster_match,0.20952380952380953,0.14285714285714285,0.2857142857142857,105,105,probability_difference,estimated,,,,,,,,,,
alignment_summary.csv,amazon-all-beauty,test,fixed_K16,1,1,1,random_cluster_match,0.06333333333333334,0.05095238095238095,0.0762023809523809,105,105,probability_difference,estimated,,,,,,,,,,
alignment_summary.csv,amazon-all-beauty,test,fixed_K16,1,1,1,excess_cluster_match,0.1461904761904762,0.07428571428571429,0.22476190476190475,105,105,probability_difference,estimated,,,,,,,,,,
alignment_summary.csv,amazon-all-beauty,test,fixed_K16,2,2,2,raw_cosine,0.12347536470208849,0.10033832770727931,0.1509234062019026,105,105,cosine,estimated,,,,,,,,,,
alignment_summary.csv,amazon-all-beauty,test,fixed_K16,2,2,2,random_cosine,0.09304291166010357,0.08872664982009501,0.09735502727152334,105,105,cosine,estimated,,,,,,,,,,
alignment_summary.csv,amazon-all-beauty,test,fixed_K16,2,2,2,excess_cosine,0.03043245304198492,0.007427077668142461,0.05816129559207529,105,105,cosine,estimated,,,,,,,,,,
alignment_summary.csv,amazon-all-beauty,test,fixed_K16,2,2,2,raw_cosine_z,0.6130555028856196,0.23047385110678123,1.0669216162280029,105,105,within_subset_z,estimated,,,,,,,,,,
alignment_summary.csv,amazon-all-beauty,test,fixed_K16,2,2,2,random_cosine_z,0.10984075870309469,0.03846936466370598,0.18114359292721824,105,105,within_subset_z,estimated,,,,,,,,,,
alignment_summary.csv,amazon-all-beauty,test,fixed_K16,2,2,2,excess_cosine_z,0.503214744182525,0.12281017845133543,0.9617240332980218,105,105,within_subset_z,estimated,,,,,,,,,,
alignment_summary.csv,amazon-all-beauty,test,fixed_K16,2,2,2,raw_cluster_match,0.12380952380952381,0.06666666666666667,0.19047619047619047,105,105,probability_difference,estimated,,,,,,,,,,
alignment_summary.csv,amazon-all-beauty,test,fixed_K16,2,2,2,random_cluster_match,0.051428571428571435,0.04047619047619048,0.06285714285714286,105,105,probability_difference,estimated,,,,,,,,,,
alignment_summary.csv,amazon-all-beauty,test,fixed_K16,2,2,2,excess_cluster_match,0.07238095238095238,0.01095238095238095,0.13619047619047617,105,105,probability_difference,estimated,,,,,,,,,,
alignment_summary.csv,amazon-all-beauty,test,fixed_K16,3-4,3,4,raw_cosine,0.09724742679280185,0.0879446643195115,0.10739044209487648,105,210,cosine,estimated,,,,,,,,,,
alignment_summary.csv,amazon-all-beauty,test,fixed_K16,3-4,3,4,random_cosine,0.09071336211193176,0.0869785266884026,0.09484978540667466,105,210,cosine,estimated,,,,,,,,,,
alignment_summary.csv,amazon-all-beauty,test,fixed_K16,3-4,3,4,excess_cosine,0.00653406468087009,-0.0023454565619162857,0.016794918056666136,105,210,cosine,estimated,,,,,,,,,,
alignment_summary.csv,amazon-all-beauty,test,fixed_K16,3-4,3,4,raw_cosine_z,0.1793643690408277,0.0255388712497281,0.34708383757763056,105,210,within_subset_z,estimated,,,,,,,,,,
alignment_summary.csv,amazon-all-beauty,test,fixed_K16,3-4,3,4,random_cosine_z,0.07132057505813744,0.009563336835435513,0.13971825523275286,105,210,within_subset_z,estimated,,,,,,,,,,
alignment_summary.csv,amazon-all-beauty,test,fixed_K16,3-4,3,4,excess_cosine_z,0.10804379398269028,-0.03878321350459716,0.27771176979364803,105,210,within_subset_z,estimated,,,,,,,,,,
alignment_summary.csv,amazon-all-beauty,test,fixed_K16,3-4,3,4,raw_cluster_match,0.07142857142857142,0.0380952380952381,0.11428571428571428,105,210,probability_difference,estimated,,,,,,,,,,
alignment_summary.csv,amazon-all-beauty,test,fixed_K16,3-4,3,4,random_cluster_match,0.05619047619047619,0.04618452380952382,0.06595238095238096,105,210,probability_difference,estimated,,,,,,,,,,
alignment_summary.csv,amazon-all-beauty,test,fixed_K16,3-4,3,4,excess_cluster_match,0.015238095238095233,-0.020482142857142862,0.05667261904761902,105,210,probability_difference,estimated,,,,,,,,,,
alignment_summary.csv,amazon-all-beauty,test,fixed_K16,5-8,5,8,raw_cosine,0.10660889241844415,0.09545167710493496,0.11836551825349617,105,420,cosine,estimated,,,,,,,,,,
alignment_summary.csv,amazon-all-beauty,test,fixed_K16,5-8,5,8,random_cosine,0.09234883872171243,0.08859720950591422,0.09613181124042187,105,420,cosine,estimated,,,,,,,,,,
alignment_summary.csv,amazon-all-beauty,test,fixed_K16,5-8,5,8,excess_cosine,0.014260053696731726,0.004062613504384423,0.0249914026364041,105,420,cosine,estimated,,,,,,,,,,
alignment_summary.csv,amazon-all-beauty,test,fixed_K16,5-8,5,8,raw_cosine_z,0.33416055071839385,0.14967081398796683,0.5285618187947282,105,420,within_subset_z,estimated,,,,,,,,,,
alignment_summary.csv,amazon-all-beauty,test,fixed_K16,5-8,5,8,random_cosine_z,0.09836394033243434,0.03632900895535966,0.16091714777928728,105,420,within_subset_z,estimated,,,,,,,,,,
alignment_summary.csv,amazon-all-beauty,test,fixed_K16,5-8,5,8,excess_cosine_z,0.23579661038595948,0.06717720101303859,0.41324444884842293,105,420,within_subset_z,estimated,,,,,,,,,,
alignment_summary.csv,amazon-all-beauty,test,fixed_K16,5-8,5,8,raw_cluster_match,0.08095238095238096,0.05,0.11190476190476191,105,420,probability_difference,estimated,,,,,,,,,,
alignment_summary.csv,amazon-all-beauty,test,fixed_K16,5-8,5,8,random_cluster_match,0.06011904761904762,0.05119047619047619,0.06988095238095239,105,420,probability_difference,estimated,,,,,,,,,,
alignment_summary.csv,amazon-all-beauty,test,fixed_K16,5-8,5,8,excess_cluster_match,0.02083333333333333,-0.008931547619047622,0.052264880952380924,105,420,probability_difference,estimated,,,,,,,,,,
alignment_summary.csv,amazon-all-beauty,test,fixed_K16,9-16,9,16,raw_cosine,0.10525569587812893,0.0963010147534078,0.1152980725434775,105,840,cosine,estimated,,,,,,,,,,
alignment_summary.csv,amazon-all-beauty,test,fixed_K16,9-16,9,16,random_cosine,0.09173092917938318,0.08821471462591685,0.09544810055300504,105,840,cosine,estimated,,,,,,,,,,
alignment_summary.csv,amazon-all-beauty,test,fixed_K16,9-16,9,16,excess_cosine,0.013524766698745744,0.005747551125380034,0.022503455821092092,105,840,cosine,estimated,,,,,,,,,,
alignment_summary.csv,amazon-all-beauty,test,fixed_K16,9-16,9,16,raw_cosine_z,0.3117848174863745,0.16371500644630077,0.47784017942733026,105,840,within_subset_z,estimated,,,,,,,,,,
alignment_summary.csv,amazon-all-beauty,test,fixed_K16,9-16,9,16,random_cosine_z,0.08814651908669448,0.030004278480183576,0.14961167404081946,105,840,within_subset_z,estimated,,,,,,,,,,
alignment_summary.csv,amazon-all-beauty,test,fixed_K16,9-16,9,16,excess_cosine_z,0.22363829839968005,0.09503842707795906,0.3721050928300393,105,840,within_subset_z,estimated,,,,,,,,,,
alignment_summary.csv,amazon-all-beauty,test,fixed_K16,9-16,9,16,raw_cluster_match,0.08452380952380953,0.06190476190476191,0.10714285714285714,105,840,probability_difference,estimated,,,,,,,,,,
alignment_summary.csv,amazon-all-beauty,test,fixed_K16,9-16,9,16,random_cluster_match,0.05946428571428572,0.05166666666666667,0.06720386904761905,105,840,probability_difference,estimated,,,,,,,,,,
alignment_summary.csv,amazon-all-beauty,test,fixed_K16,9-16,9,16,excess_cluster_match,0.025059523809523806,0.00243898809523809,0.049047619047619034,105,840,probability_difference,estimated,,,,,,,,,,
alignment_summary.csv,amazon-all-beauty,test,fixed_K32,1,1,1,raw_cosine,0.18082619258867844,0.1015381679670619,0.2872816408585224,28,28,cosine,exploratory_n_lt_100,,,,,,,,,,
alignment_summary.csv,amazon-all-beauty,test,fixed_K32,1,1,1,random_cosine,0.08780027194214719,0.07860574669736836,0.09632165462576917,28,28,cosine,exploratory_n_lt_100,,,,,,,,,,
alignment_summary.csv,amazon-all-beauty,test,fixed_K32,1,1,1,excess_cosine,0.09302592064653124,0.01318701373280159,0.20102974226964365,28,28,cosine,exploratory_n_lt_100,,,,,,,,,,
alignment_summary.csv,amazon-all-beauty,test,fixed_K32,1,1,1,raw_cosine_z,1.561378076284193,0.2503137670200146,3.3216683523930537,28,28,within_subset_z,exploratory_n_lt_100,,,,,,,,,,
alignment_summary.csv,amazon-all-beauty,test,fixed_K32,1,1,1,random_cosine_z,0.02315127623275568,-0.12888446871846249,0.16405629632115767,28,28,within_subset_z,exploratory_n_lt_100,,,,,,,,,,
alignment_summary.csv,amazon-all-beauty,test,fixed_K32,1,1,1,excess_cosine_z,1.538226800051437,0.21805339625196313,3.3241201486365477,28,28,within_subset_z,exploratory_n_lt_100,,,,,,,,,,
alignment_summary.csv,amazon-all-beauty,test,fixed_K32,1,1,1,raw_cluster_match,0.21428571428571427,0.07142857142857142,0.39285714285714285,28,28,probability_difference,exploratory_n_lt_100,,,,,,,,,,
alignment_summary.csv,amazon-all-beauty,test,fixed_K32,1,1,1,random_cluster_match,0.06964285714285715,0.04642857142857143,0.09464285714285714,28,28,probability_difference,exploratory_n_lt_100,,,,,,,,,,
alignment_summary.csv,amazon-all-beauty,test,fixed_K32,1,1,1,excess_cluster_match,0.14464285714285713,-0.008928571428571433,0.3232142857142857,28,28,probability_difference,exploratory_n_lt_100,,,,,,,,,,
alignment_summary.csv,amazon-all-beauty,test,fixed_K32,2,2,2,raw_cosine,0.1635629242019994,0.09559018109659,0.25278507487382734,28,28,cosine,exploratory_n_lt_100,,,,,,,,,,
alignment_summary.csv,amazon-all-beauty,test,fixed_K32,2,2,2,random_cosine,0.09077854454517365,0.08384312813702438,0.0980953927417951,28,28,cosine,exploratory_n_lt_100,,,,,,,,,,
alignment_summary.csv,amazon-all-beauty,test,fixed_K32,2,2,2,excess_cosine,0.07278437965682574,0.00685337924598051,0.1610361225354219,28,28,cosine,exploratory_n_lt_100,,,,,,,,,,
alignment_summary.csv,amazon-all-beauty,test,fixed_K32,2,2,2,raw_cosine_z,1.2759219162772393,0.1519610418126114,2.751251613288419,28,28,within_subset_z,exploratory_n_lt_100,,,,,,,,,,
alignment_summary.csv,amazon-all-beauty,test,fixed_K32,2,2,2,random_cosine_z,0.07239839686316117,-0.04228193432181663,0.19338587981123584,28,28,within_subset_z,exploratory_n_lt_100,,,,,,,,,,
alignment_summary.csv,amazon-all-beauty,test,fixed_K32,2,2,2,excess_cosine_z,1.2035235194140779,0.11332380860964503,2.6628070728971576,28,28,within_subset_z,exploratory_n_lt_100,,,,,,,,,,
alignment_summary.csv,amazon-all-beauty,test,fixed_K32,2,2,2,raw_cluster_match,0.17857142857142858,0.03571428571428571,0.32142857142857145,28,28,probability_difference,exploratory_n_lt_100,,,,,,,,,,
alignment_summary.csv,amazon-all-beauty,test,fixed_K32,2,2,2,random_cluster_match,0.058928571428571434,0.03928571428571429,0.08035714285714284,28,28,probability_difference,exploratory_n_lt_100,,,,,,,,,,
alignment_summary.csv,amazon-all-beauty,test,fixed_K32,2,2,2,excess_cluster_match,0.11964285714285713,-0.023214285714285715,0.2767857142857143,28,28,probability_difference,exploratory_n_lt_100,,,,,,,,,,
alignment_summary.csv,amazon-all-beauty,test,fixed_K32,3-4,3,4,raw_cosine,0.09332594686254327,0.07507637136649074,0.11332926833586367,28,56,cosine,exploratory_n_lt_100,,,,,,,,,,
alignment_summary.csv,amazon-all-beauty,test,fixed_K32,3-4,3,4,random_cosine,0.08866176567971706,0.08134740241470613,0.09691761803281095,28,56,cosine,exploratory_n_lt_100,,,,,,,,,,
alignment_summary.csv,amazon-all-beauty,test,fixed_K32,3-4,3,4,excess_cosine,0.004664181182826204,-0.01156675526581239,0.023672634936104112,28,56,cosine,exploratory_n_lt_100,,,,,,,,,,
alignment_summary.csv,amazon-all-beauty,test,fixed_K32,3-4,3,4,raw_cosine_z,0.11452087721979287,-0.18724432889146475,0.4452850875222165,28,56,within_subset_z,exploratory_n_lt_100,,,,,,,,,,
alignment_summary.csv,amazon-all-beauty,test,fixed_K32,3-4,3,4,random_cosine_z,0.037396475269717615,-0.08354991818015013,0.17391082802791583,28,56,within_subset_z,exploratory_n_lt_100,,,,,,,,,,
alignment_summary.csv,amazon-all-beauty,test,fixed_K32,3-4,3,4,excess_cosine_z,0.07712440195007524,-0.19126167003617983,0.39143801247515086,28,56,within_subset_z,exploratory_n_lt_100,,,,,,,,,,
alignment_summary.csv,amazon-all-beauty,test,fixed_K32,3-4,3,4,raw_cluster_match,0.14285714285714285,0.05357142857142857,0.23214285714285715,28,56,probability_difference,exploratory_n_lt_100,,,,,,,,,,
alignment_summary.csv,amazon-all-beauty,test,fixed_K32,3-4,3,4,random_cluster_match,0.07142857142857142,0.04642857142857144,0.09910714285714287,28,56,probability_difference,exploratory_n_lt_100,,,,,,,,,,
alignment_summary.csv,amazon-all-beauty,test,fixed_K32,3-4,3,4,excess_cluster_match,0.07142857142857142,-0.025,0.17053571428571426,28,56,probability_difference,exploratory_n_lt_100,,,,,,,,,,
alignment_summary.csv,amazon-all-beauty,test,fixed_K32,5-8,5,8,raw_cosine,0.11203818868047424,0.09210095860554637,0.1347992459503335,28,112,cosine,exploratory_n_lt_100,,,,,,,,,,
alignment_summary.csv,amazon-all-beauty,test,fixed_K32,5-8,5,8,random_cosine,0.08809957540194903,0.08140938993393709,0.09541961912764237,28,112,cosine,exploratory_n_lt_100,,,,,,,,,,
alignment_summary.csv,amazon-all-beauty,test,fixed_K32,5-8,5,8,excess_cosine,0.023938613278525218,0.006603526058773111,0.04446814450950893,28,112,cosine,exploratory_n_lt_100,,,,,,,,,,
alignment_summary.csv,amazon-all-beauty,test,fixed_K32,5-8,5,8,raw_cosine_z,0.4239364858301436,0.09426512749364181,0.8003011382482178,28,112,within_subset_z,exploratory_n_lt_100,,,,,,,,,,
alignment_summary.csv,amazon-all-beauty,test,fixed_K32,5-8,5,8,random_cosine_z,0.028100397940077175,-0.08252492576204691,0.1491407204453907,28,112,within_subset_z,exploratory_n_lt_100,,,,,,,,,,
alignment_summary.csv,amazon-all-beauty,test,fixed_K32,5-8,5,8,excess_cosine_z,0.39583608789006647,0.10919237012487015,0.7353014209124883,28,112,within_subset_z,exploratory_n_lt_100,,,,,,,,,,
alignment_summary.csv,amazon-all-beauty,test,fixed_K32,5-8,5,8,raw_cluster_match,0.125,0.05357142857142857,0.20535714285714285,28,112,probability_difference,exploratory_n_lt_100,,,,,,,,,,
alignment_summary.csv,amazon-all-beauty,test,fixed_K32,5-8,5,8,random_cluster_match,0.06562500000000002,0.049553571428571426,0.08214285714285716,28,112,probability_difference,exploratory_n_lt_100,,,,,,,,,,
alignment_summary.csv,amazon-all-beauty,test,fixed_K32,5-8,5,8,excess_cluster_match,0.059375,-0.00850446428571429,0.13749999999999998,28,112,probability_difference,exploratory_n_lt_100,,,,,,,,,,
alignment_summary.csv,amazon-all-beauty,test,fixed_K32,9-16,9,16,raw_cosine,0.09804531927719447,0.08172238413348427,0.11828164680066815,28,224,cosine,exploratory_n_lt_100,,,,,,,,,,
alignment_summary.csv,amazon-all-beauty,test,fixed_K32,9-16,9,16,random_cosine,0.09099801475115653,0.0847400020022178,0.09788583672364308,28,224,cosine,exploratory_n_lt_100,,,,,,,,,,
alignment_summary.csv,amazon-all-beauty,test,fixed_K32,9-16,9,16,excess_cosine,0.007047304526037935,-0.006001945600395889,0.024520941543492616,28,224,cosine,exploratory_n_lt_100,,,,,,,,,,
alignment_summary.csv,amazon-all-beauty,test,fixed_K32,9-16,9,16,raw_cosine_z,0.1925578918194503,-0.07734942131492073,0.5271749653714813,28,224,within_subset_z,exploratory_n_lt_100,,,,,,,,,,
alignment_summary.csv,amazon-all-beauty,test,fixed_K32,9-16,9,16,random_cosine_z,0.0760274386432305,-0.027451708443716895,0.18992077373119712,28,224,within_subset_z,exploratory_n_lt_100,,,,,,,,,,
alignment_summary.csv,amazon-all-beauty,test,fixed_K32,9-16,9,16,excess_cosine_z,0.11653045317621981,-0.09924495786566588,0.4054651561903296,28,224,within_subset_z,exploratory_n_lt_100,,,,,,,,,,
alignment_summary.csv,amazon-all-beauty,test,fixed_K32,9-16,9,16,raw_cluster_match,0.08482142857142858,0.04017857142857143,0.13404017857142797,28,224,probability_difference,exploratory_n_lt_100,,,,,,,,,,
alignment_summary.csv,amazon-all-beauty,test,fixed_K32,9-16,9,16,random_cluster_match,0.06852678571428572,0.05178571428571428,0.08504464285714285,28,224,probability_difference,exploratory_n_lt_100,,,,,,,,,,
alignment_summary.csv,amazon-all-beauty,test,fixed_K32,9-16,9,16,excess_cluster_match,0.016294642857142848,-0.02745535714285714,0.06719308035714282,28,224,probability_difference,exploratory_n_lt_100,,,,,,,,,,
alignment_summary.csv,amazon-all-beauty,test,fixed_K32,17-32,17,32,raw_cosine,0.09674447407555167,0.08664848140178948,0.10821712168970925,28,448,cosine,exploratory_n_lt_100,,,,,,,,,,
alignment_summary.csv,amazon-all-beauty,test,fixed_K32,17-32,17,32,random_cosine,0.08978193687341575,0.08264857933037482,0.09736531397377673,28,448,cosine,exploratory_n_lt_100,,,,,,,,,,
alignment_summary.csv,amazon-all-beauty,test,fixed_K32,17-32,17,32,excess_cosine,0.006962537202135926,-0.002414156936564333,0.017962860804462768,28,448,cosine,exploratory_n_lt_100,,,,,,,,,,
alignment_summary.csv,amazon-all-beauty,test,fixed_K32,17-32,17,32,raw_cosine_z,0.17104781228486132,0.004105884744979687,0.3607533685964012,28,448,within_subset_z,exploratory_n_lt_100,,,,,,,,,,
alignment_summary.csv,amazon-all-beauty,test,fixed_K32,17-32,17,32,random_cosine_z,0.055919026176148016,-0.062034353600091637,0.1813136883262245,28,448,within_subset_z,exploratory_n_lt_100,,,,,,,,,,
alignment_summary.csv,amazon-all-beauty,test,fixed_K32,17-32,17,32,excess_cosine_z,0.11512878610871331,-0.03991920610453862,0.29702424553267187,28,448,within_subset_z,exploratory_n_lt_100,,,,,,,,,,
alignment_summary.csv,amazon-all-beauty,test,fixed_K32,17-32,17,32,raw_cluster_match,0.07366071428571429,0.04241071428571429,0.109375,28,448,probability_difference,exploratory_n_lt_100,,,,,,,,,,
alignment_summary.csv,amazon-all-beauty,test,fixed_K32,17-32,17,32,random_cluster_match,0.07075892857142857,0.052343750000000015,0.08716517857142858,28,448,probability_difference,exploratory_n_lt_100,,,,,,,,,,
alignment_summary.csv,amazon-all-beauty,test,fixed_K32,17-32,17,32,excess_cluster_match,0.0029017857142857096,-0.029135044642857145,0.038618861607142826,28,448,probability_difference,exploratory_n_lt_100,,,,,,,,,,
alignment_summary.csv,amazon:Baby_Products,test,all_available,1,1,1,raw_cosine,0.21434087138809263,0.2073123971742345,0.22138964752575846,2000,2000,cosine,estimated,,,,,,,,,,
alignment_summary.csv,amazon:Baby_Products,test,all_available,1,1,1,random_cosine,0.17074379589036107,0.1690276570757851,0.17245227775732055,2000,2000,cosine,estimated,,,,,,,,,,
alignment_summary.csv,amazon:Baby_Products,test,all_available,1,1,1,excess_cosine,0.04359707549773156,0.03678178326273337,0.050319691762141884,2000,2000,cosine,estimated,,,,,,,,,,
alignment_summary.csv,amazon:Baby_Products,test,all_available,1,1,1,raw_cosine_z,0.840615149055093,0.7430265714958966,0.9384856136648534,2000,2000,within_subset_z,estimated,,,,,,,,,,
alignment_summary.csv,amazon:Baby_Products,test,all_available,1,1,1,random_cosine_z,0.2352808397713354,0.21145268863742633,0.25900267613427114,2000,2000,within_subset_z,estimated,,,,,,,,,,
alignment_summary.csv,amazon:Baby_Products,test,all_available,1,1,1,excess_cosine_z,0.6053343092837576,0.5107057093022234,0.6986761269753667,2000,2000,within_subset_z,estimated,,,,,,,,,,
alignment_summary.csv,amazon:Baby_Products,test,all_available,1,1,1,raw_cluster_match,0.1315,0.1175,0.1455,2000,2000,probability_difference,estimated,,,,,,,,,,
alignment_summary.csv,amazon:Baby_Products,test,all_available,1,1,1,random_cluster_match,0.061525,0.058724375,0.06455,2000,2000,probability_difference,estimated,,,,,,,,,,
alignment_summary.csv,amazon:Baby_Products,test,all_available,1,1,1,excess_cluster_match,0.069975,0.055749375000000004,0.0841275,2000,2000,probability_difference,estimated,,,,,,,,,,
alignment_summary.csv,amazon:Baby_Products,test,all_available,2,2,2,raw_cosine,0.19241938736196607,0.18732257236626465,0.19747340150934178,2000,2000,cosine,estimated,,,,,,,,,,
alignment_summary.csv,amazon:Baby_Products,test,all_available,2,2,2,random_cosine,0.17077383937872948,0.16905400961348785,0.172406909431424,2000,2000,cosine,estimated,,,,,,,,,,
alignment_summary.csv,amazon:Baby_Products,test,all_available,2,2,2,excess_cosine,0.02164554798323661,0.016896377740846947,0.02624511793828568,2000,2000,cosine,estimated,,,,,,,,,,
alignment_summary.csv,amazon:Baby_Products,test,all_available,2,2,2,raw_cosine_z,0.5362409166109765,0.4654729361960848,0.6064146181284369,2000,2000,within_subset_z,estimated,,,,,,,,,,
alignment_summary.csv,amazon:Baby_Products,test,all_available,2,2,2,random_cosine_z,0.23569798596915553,0.2118185869236316,0.2583727484635175,2000,2000,within_subset_z,estimated,,,,,,,,,,
alignment_summary.csv,amazon:Baby_Products,test,all_available,2,2,2,excess_cosine_z,0.3005429306418208,0.23460190924240368,0.36440679008548527,2000,2000,within_subset_z,estimated,,,,,,,,,,
alignment_summary.csv,amazon:Baby_Products,test,all_available,2,2,2,raw_cluster_match,0.0995,0.0865,0.11301249999999993,2000,2000,probability_difference,estimated,,,,,,,,,,
alignment_summary.csv,amazon:Baby_Products,test,all_available,2,2,2,random_cluster_match,0.06345,0.06072437500000001,0.066475625,2000,2000,probability_difference,estimated,,,,,,,,,,
alignment_summary.csv,amazon:Baby_Products,test,all_available,2,2,2,excess_cluster_match,0.03605,0.023224374999999995,0.05012562499999999,2000,2000,probability_difference,estimated,,,,,,,,,,
alignment_summary.csv,amazon:Baby_Products,test,all_available,3-4,3,4,raw_cosine,0.18349302751246147,0.17999227405017376,0.1869985374690141,1990,3876,cosine,estimated,,,,,,,,,,
alignment_summary.csv,amazon:Baby_Products,test,all_available,3-4,3,4,random_cosine,0.1710505458718194,0.1694237392507587,0.17266244961185168,1990,3876,cosine,estimated,,,,,,,,,,
alignment_summary.csv,amazon:Baby_Products,test,all_available,3-4,3,4,excess_cosine,0.012442481640642088,0.009430091778248146,0.015563570139637146,1990,3876,cosine,estimated,,,,,,,,,,
alignment_summary.csv,amazon:Baby_Products,test,all_available,3-4,3,4,raw_cosine_z,0.4123006795141261,0.36369360771232806,0.46097379402951455,1990,3876,within_subset_z,estimated,,,,,,,,,,
alignment_summary.csv,amazon:Baby_Products,test,all_available,3-4,3,4,random_cosine_z,0.23953998527660064,0.21695218893807683,0.26192085890091316,1990,3876,within_subset_z,estimated,,,,,,,,,,
alignment_summary.csv,amazon:Baby_Products,test,all_available,3-4,3,4,excess_cosine_z,0.17276069423752538,0.13093442686001497,0.21609621454899577,1990,3876,within_subset_z,estimated,,,,,,,,,,
alignment_summary.csv,amazon:Baby_Products,test,all_available,3-4,3,4,raw_cluster_match,0.08442211055276382,0.07562814070351759,0.09396984924623115,1990,3876,probability_difference,estimated,,,,,,,,,,
alignment_summary.csv,amazon:Baby_Products,test,all_available,3-4,3,4,random_cluster_match,0.0607035175879397,0.05814038944723618,0.06324120603015075,1990,3876,probability_difference,estimated,,,,,,,,,,
alignment_summary.csv,amazon:Baby_Products,test,all_available,3-4,3,4,excess_cluster_match,0.02371859296482412,0.014685929648241202,0.03341708542713567,1990,3876,probability_difference,estimated,,,,,,,,,,
alignment_summary.csv,amazon:Baby_Products,test,all_available,5-8,5,8,raw_cosine,0.18083229078592133,0.17727087356999346,0.1848714851397815,1289,3332,cosine,estimated,,,,,,,,,,
alignment_summary.csv,amazon:Baby_Products,test,all_available,5-8,5,8,random_cosine,0.17129880155178756,0.16933569420140018,0.17330238234531953,1289,3332,cosine,estimated,,,,,,,,,,
alignment_summary.csv,amazon:Baby_Products,test,all_available,5-8,5,8,excess_cosine,0.009533489234133772,0.006357405878677998,0.013003010003717808,1289,3332,cosine,estimated,,,,,,,,,,
alignment_summary.csv,amazon:Baby_Products,test,all_available,5-8,5,8,raw_cosine_z,0.3753570265246061,0.32590765392650256,0.43144021321413506,1289,3332,within_subset_z,estimated,,,,,,,,,,
alignment_summary.csv,amazon:Baby_Products,test,all_available,5-8,5,8,random_cosine_z,0.24298695227710804,0.21572970581206835,0.27080616221035186,1289,3332,within_subset_z,estimated,,,,,,,,,,
alignment_summary.csv,amazon:Baby_Products,test,all_available,5-8,5,8,excess_cosine_z,0.13237007424749805,0.08827096433581383,0.18054348805162082,1289,3332,within_subset_z,estimated,,,,,,,,,,
alignment_summary.csv,amazon:Baby_Products,test,all_available,5-8,5,8,raw_cluster_match,0.07189035427980346,0.06115690457719162,0.08294543573829842,1289,3332,probability_difference,estimated,,,,,,,,,,
alignment_summary.csv,amazon:Baby_Products,test,all_available,5-8,5,8,random_cluster_match,0.06231574864235842,0.05905385311611068,0.06553861197310577,1289,3332,probability_difference,estimated,,,,,,,,,,
alignment_summary.csv,amazon:Baby_Products,test,all_available,5-8,5,8,excess_cluster_match,0.009574605637445045,-0.0014105734419446638,0.020886265192655795,1289,3332,probability_difference,estimated,,,,,,,,,,
alignment_summary.csv,amazon:Baby_Products,test,all_available,9-16,9,16,raw_cosine,0.17518926297355833,0.16958331148935127,0.18060373452598763,387,1613,cosine,estimated,,,,,,,,,,
alignment_summary.csv,amazon:Baby_Products,test,all_available,9-16,9,16,random_cosine,0.17022538247092056,0.16641096794708912,0.173920094977123,387,1613,cosine,estimated,,,,,,,,,,
alignment_summary.csv,amazon:Baby_Products,test,all_available,9-16,9,16,excess_cosine,0.004963880502637757,0.0007013775104502346,0.009124934865451899,387,1613,cosine,estimated,,,,,,,,,,
alignment_summary.csv,amazon:Baby_Products,test,all_available,9-16,9,16,raw_cosine_z,0.2970050200180338,0.21916780890172155,0.37218358096295007,387,1613,within_subset_z,estimated,,,,,,,,,,
alignment_summary.csv,amazon:Baby_Products,test,all_available,9-16,9,16,random_cosine_z,0.22808280124242616,0.1751206253454308,0.2793829450573588,387,1613,within_subset_z,estimated,,,,,,,,,,
alignment_summary.csv,amazon:Baby_Products,test,all_available,9-16,9,16,excess_cosine_z,0.06892221877560764,0.009738448416285284,0.126697400708105,387,1613,within_subset_z,estimated,,,,,,,,,,
alignment_summary.csv,amazon:Baby_Products,test,all_available,9-16,9,16,raw_cluster_match,0.05739202657807309,0.04352682416635904,0.07264150362987572,387,1613,probability_difference,estimated,,,,,,,,,,
alignment_summary.csv,amazon:Baby_Products,test,all_available,9-16,9,16,random_cluster_match,0.06527762396948443,0.06025405669373693,0.07083432924203273,387,1613,probability_difference,estimated,,,,,,,,,,
alignment_summary.csv,amazon:Baby_Products,test,all_available,9-16,9,16,excess_cluster_match,-0.007885597391411349,-0.02177623200442968,0.0069473821828472965,387,1613,probability_difference,estimated,,,,,,,,,,
alignment_summary.csv,amazon:Baby_Products,test,all_available,17-32,17,32,raw_cosine,0.176719398937105,0.16489649370111892,0.18860406799102566,77,618,cosine,exploratory_n_lt_100,,,,,,,,,,
alignment_summary.csv,amazon:Baby_Products,test,all_available,17-32,17,32,random_cosine,0.17102178665212167,0.1622460406231221,0.1796466527706472,77,618,cosine,exploratory_n_lt_100,,,,,,,,,,
alignment_summary.csv,amazon:Baby_Products,test,all_available,17-32,17,32,excess_cosine,0.005697612284983289,-0.0022488791614896633,0.013637239995011699,77,618,cosine,exploratory_n_lt_100,,,,,,,,,,
alignment_summary.csv,amazon:Baby_Products,test,all_available,17-32,17,32,raw_cosine_z,0.3182505688542612,0.15409253547595947,0.48326617714191883,77,618,within_subset_z,exploratory_n_lt_100,,,,,,,,,,
alignment_summary.csv,amazon:Baby_Products,test,all_available,17-32,17,32,random_cosine_z,0.23914067082276444,0.11729166833197648,0.3588947441159183,77,618,within_subset_z,exploratory_n_lt_100,,,,,,,,,,
alignment_summary.csv,amazon:Baby_Products,test,all_available,17-32,17,32,excess_cosine_z,0.07910989803149679,-0.03122511540834461,0.18934961023582345,77,618,within_subset_z,exploratory_n_lt_100,,,,,,,,,,
alignment_summary.csv,amazon:Baby_Products,test,all_available,17-32,17,32,raw_cluster_match,0.06562447292966773,0.0326871275369652,0.10730735579355707,77,618,probability_difference,exploratory_n_lt_100,,,,,,,,,,
alignment_summary.csv,amazon:Baby_Products,test,all_available,17-32,17,32,random_cluster_match,0.0689498299319728,0.05796755355034575,0.0812769078189127,77,618,probability_difference,exploratory_n_lt_100,,,,,,,,,,
alignment_summary.csv,amazon:Baby_Products,test,all_available,17-32,17,32,excess_cluster_match,-0.0033253570023050586,-0.03849762554815315,0.03825537436048796,77,618,probability_difference,exploratory_n_lt_100,,,,,,,,,,
alignment_summary.csv,amazon:Baby_Products,test,all_available,33-64,33,64,raw_cosine,0.195305889987547,0.1689024837119867,0.22093659601486218,19,269,cosine,exploratory_n_lt_100,,,,,,,,,,
alignment_summary.csv,amazon:Baby_Products,test,all_available,33-64,33,64,random_cosine,0.1849490646619152,0.17348263604513228,0.19751417820353767,19,269,cosine,exploratory_n_lt_100,,,,,,,,,,
alignment_summary.csv,amazon:Baby_Products,test,all_available,33-64,33,64,excess_cosine,0.010356825325631784,-0.014963477396787644,0.03987970682539108,19,269,cosine,exploratory_n_lt_100,,,,,,,,,,
alignment_summary.csv,amazon:Baby_Products,test,all_available,33-64,33,64,raw_cosine_z,0.5763192717105682,0.20971468830482162,0.9321951086186462,19,269,within_subset_z,exploratory_n_lt_100,,,,,,,,,,
alignment_summary.csv,amazon:Baby_Products,test,all_available,33-64,33,64,random_cosine_z,0.43251738515535526,0.2733089390050402,0.6069807921603908,19,269,within_subset_z,exploratory_n_lt_100,,,,,,,,,,
alignment_summary.csv,amazon:Baby_Products,test,all_available,33-64,33,64,excess_cosine_z,0.14380188655521287,-0.20776407938048197,0.5537195903620403,19,269,within_subset_z,exploratory_n_lt_100,,,,,,,,,,
alignment_summary.csv,amazon:Baby_Products,test,all_available,33-64,33,64,raw_cluster_match,0.09953703703703703,0.027229532163742694,0.21668951023391808,19,269,probability_difference,exploratory_n_lt_100,,,,,,,,,,
alignment_summary.csv,amazon:Baby_Products,test,all_available,33-64,33,64,random_cluster_match,0.05855977538543329,0.03702596690590112,0.08398644753455607,19,269,probability_difference,exploratory_n_lt_100,,,,,,,,,,
alignment_summary.csv,amazon:Baby_Products,test,all_available,33-64,33,64,excess_cluster_match,0.04097726165160376,-0.02126335310340244,0.14060579894338116,19,269,probability_difference,exploratory_n_lt_100,,,,,,,,,,
alignment_summary.csv,amazon:Baby_Products,test,all_available,65-100,65,100,raw_cosine,0.19097110194464526,0.16493122776349387,0.22384347642461458,3,47,cosine,exploratory_n_lt_100,,,,,,,,,,
alignment_summary.csv,amazon:Baby_Products,test,all_available,65-100,65,100,random_cosine,0.19342647396303989,0.16614170372486115,0.21132608958416518,3,47,cosine,exploratory_n_lt_100,,,,,,,,,,
alignment_summary.csv,amazon:Baby_Products,test,all_available,65-100,65,100,excess_cosine,-0.002455372018394646,-0.037880400816599526,0.01799689792096615,3,47,cosine,exploratory_n_lt_100,,,,,,,,,,
alignment_summary.csv,amazon:Baby_Products,test,all_available,65-100,65,100,raw_cosine_z,0.5161318417996336,0.15457480910134183,0.9725564040706653,3,47,within_subset_z,exploratory_n_lt_100,,,,,,,,,,
alignment_summary.csv,amazon:Baby_Products,test,all_available,65-100,65,100,random_cosine_z,0.55022405802792,0.17138196007680084,0.7987556701775101,3,47,within_subset_z,exploratory_n_lt_100,,,,,,,,,,
alignment_summary.csv,amazon:Baby_Products,test,all_available,65-100,65,100,excess_cosine_z,-0.03409221622828638,-0.5259597347281074,0.2498823521500927,3,47,within_subset_z,exploratory_n_lt_100,,,,,,,,,,
alignment_summary.csv,amazon:Baby_Products,test,all_available,65-100,65,100,raw_cluster_match,0.0,0.0,0.0,3,47,probability_difference,exploratory_n_lt_100,,,,,,,,,,
alignment_summary.csv,amazon:Baby_Products,test,all_available,65-100,65,100,random_cluster_match,0.06712962962962962,0.03333333333333333,0.08749999999999998,3,47,probability_difference,exploratory_n_lt_100,,,,,,,,,,
alignment_summary.csv,amazon:Baby_Products,test,all_available,65-100,65,100,excess_cluster_match,-0.06712962962962962,-0.08749999999999998,-0.03333333333333333,3,47,probability_difference,exploratory_n_lt_100,,,,,,,,,,
alignment_summary.csv,amazon:Baby_Products,test,fixed_K8,1,1,1,raw_cosine,0.21355047935376997,0.1999441894245629,0.22828396068380732,483,483,cosine,estimated,,,,,,,,,,
alignment_summary.csv,amazon:Baby_Products,test,fixed_K8,1,1,1,random_cosine,0.16791088822033587,0.16435956290882567,0.17125290059802695,483,483,cosine,estimated,,,,,,,,,,
alignment_summary.csv,amazon:Baby_Products,test,fixed_K8,1,1,1,excess_cosine,0.04563959113343408,0.03247160052275189,0.05982472534864122,483,483,cosine,estimated,,,,,,,,,,
alignment_summary.csv,amazon:Baby_Products,test,fixed_K8,1,1,1,raw_cosine_z,0.8296407566056502,0.6407208801648631,1.0342113990728807,483,483,within_subset_z,estimated,,,,,,,,,,
alignment_summary.csv,amazon:Baby_Products,test,fixed_K8,1,1,1,random_cosine_z,0.19594663700379916,0.14663738793279638,0.2423496292038759,483,483,within_subset_z,estimated,,,,,,,,,,
alignment_summary.csv,amazon:Baby_Products,test,fixed_K8,1,1,1,excess_cosine_z,0.6336941196018508,0.45085991776675155,0.8306511017899473,483,483,within_subset_z,estimated,,,,,,,,,,
alignment_summary.csv,amazon:Baby_Products,test,fixed_K8,1,1,1,raw_cluster_match,0.14078674948240166,0.10967908902691512,0.16977225672877846,483,483,probability_difference,estimated,,,,,,,,,,
alignment_summary.csv,amazon:Baby_Products,test,fixed_K8,1,1,1,random_cluster_match,0.05931677018633541,0.05372670807453417,0.06480331262939959,483,483,probability_difference,estimated,,,,,,,,,,
alignment_summary.csv,amazon:Baby_Products,test,fixed_K8,1,1,1,excess_cluster_match,0.08146997929606624,0.049689440993788817,0.11211438923395445,483,483,probability_difference,estimated,,,,,,,,,,
alignment_summary.csv,amazon:Baby_Products,test,fixed_K8,2,2,2,raw_cosine,0.1852102100532926,0.1768630854781586,0.19441935262878038,483,483,cosine,estimated,,,,,,,,,,
alignment_summary.csv,amazon:Baby_Products,test,fixed_K8,2,2,2,random_cosine,0.16914094429208626,0.16583087193041143,0.1725827469382489,483,483,cosine,estimated,,,,,,,,,,
alignment_summary.csv,amazon:Baby_Products,test,fixed_K8,2,2,2,excess_cosine,0.01606926576120636,0.008285556813725127,0.024807852029985523,483,483,cosine,estimated,,,,,,,,,,
alignment_summary.csv,amazon:Baby_Products,test,fixed_K8,2,2,2,raw_cosine_z,0.43614332252173404,0.3202456199463139,0.5640099258749475,483,483,within_subset_z,estimated,,,,,,,,,,
alignment_summary.csv,amazon:Baby_Products,test,fixed_K8,2,2,2,random_cosine_z,0.21302565283393318,0.1670661396358993,0.26081420754133056,483,483,within_subset_z,estimated,,,,,,,,,,
alignment_summary.csv,amazon:Baby_Products,test,fixed_K8,2,2,2,excess_cosine_z,0.2231176696878009,0.11504284986107836,0.3444507183553244,483,483,within_subset_z,estimated,,,,,,,,,,
alignment_summary.csv,amazon:Baby_Products,test,fixed_K8,2,2,2,raw_cluster_match,0.09109730848861283,0.06625258799171843,0.11594202898550725,483,483,probability_difference,estimated,,,,,,,,,,
alignment_summary.csv,amazon:Baby_Products,test,fixed_K8,2,2,2,random_cluster_match,0.06200828157349896,0.05600414078674949,0.06873706004140788,483,483,probability_difference,estimated,,,,,,,,,,
alignment_summary.csv,amazon:Baby_Products,test,fixed_K8,2,2,2,excess_cluster_match,0.029089026915113867,0.004037267080745338,0.05424430641821945,483,483,probability_difference,estimated,,,,,,,,,,
alignment_summary.csv,amazon:Baby_Products,test,fixed_K8,3-4,3,4,raw_cosine,0.18081508986902564,0.175157349521784,0.1864218595907223,483,966,cosine,estimated,,,,,,,,,,
alignment_summary.csv,amazon:Baby_Products,test,fixed_K8,3-4,3,4,random_cosine,0.16953085946385782,0.16621616818830295,0.17290097291072287,483,966,cosine,estimated,,,,,,,,,,
alignment_summary.csv,amazon:Baby_Products,test,fixed_K8,3-4,3,4,excess_cosine,0.011284230405167826,0.007004063549224002,0.015751374937573687,483,966,cosine,estimated,,,,,,,,,,
alignment_summary.csv,amazon:Baby_Products,test,fixed_K8,3-4,3,4,raw_cosine_z,0.3751181961666238,0.2965619098537365,0.45296676830245297,483,966,within_subset_z,estimated,,,,,,,,,,
alignment_summary.csv,amazon:Baby_Products,test,fixed_K8,3-4,3,4,random_cosine_z,0.21843952586300544,0.1724158802200469,0.2652326942642232,483,966,within_subset_z,estimated,,,,,,,,,,
alignment_summary.csv,amazon:Baby_Products,test,fixed_K8,3-4,3,4,excess_cosine_z,0.15667867030361834,0.09724964168685259,0.2187038364213621,483,966,within_subset_z,estimated,,,,,,,,,,
alignment_summary.csv,amazon:Baby_Products,test,fixed_K8,3-4,3,4,raw_cluster_match,0.09109730848861283,0.07349896480331262,0.10973084886128365,483,966,probability_difference,estimated,,,,,,,,,,
alignment_summary.csv,amazon:Baby_Products,test,fixed_K8,3-4,3,4,random_cluster_match,0.0599896480331263,0.055175983436853,0.06459756728778468,483,966,probability_difference,estimated,,,,,,,,,,
alignment_summary.csv,amazon:Baby_Products,test,fixed_K8,3-4,3,4,excess_cluster_match,0.03110766045548654,0.013870341614906828,0.049174430641821934,483,966,probability_difference,estimated,,,,,,,,,,
alignment_summary.csv,amazon:Baby_Products,test,fixed_K8,5-8,5,8,raw_cosine,0.17688940462750802,0.17220469998035726,0.1816414000317271,483,1932,cosine,estimated,,,,,,,,,,
alignment_summary.csv,amazon:Baby_Products,test,fixed_K8,5-8,5,8,random_cosine,0.17014294741559566,0.16672917692625594,0.1733759472899353,483,1932,cosine,estimated,,,,,,,,,,
alignment_summary.csv,amazon:Baby_Products,test,fixed_K8,5-8,5,8,excess_cosine,0.006746457211912357,0.003294717758560387,0.010129747802476488,483,1932,cosine,estimated,,,,,,,,,,
alignment_summary.csv,amazon:Baby_Products,test,fixed_K8,5-8,5,8,raw_cosine_z,0.32061105464372147,0.2555651216446385,0.3865913026968788,483,1932,within_subset_z,estimated,,,,,,,,,,
alignment_summary.csv,amazon:Baby_Products,test,fixed_K8,5-8,5,8,random_cosine_z,0.2269382114573044,0.17953887612057406,0.27182759276338975,483,1932,within_subset_z,estimated,,,,,,,,,,
alignment_summary.csv,amazon:Baby_Products,test,fixed_K8,5-8,5,8,excess_cosine_z,0.093672843186417,0.045746318437502854,0.14064897287777522,483,1932,within_subset_z,estimated,,,,,,,,,,
alignment_summary.csv,amazon:Baby_Products,test,fixed_K8,5-8,5,8,raw_cluster_match,0.07142857142857142,0.060041407867494824,0.08333333333333333,483,1932,probability_difference,estimated,,,,,,,,,,
alignment_summary.csv,amazon:Baby_Products,test,fixed_K8,5-8,5,8,random_cluster_match,0.06350931677018634,0.059316123188405796,0.06772774327122154,483,1932,probability_difference,estimated,,,,,,,,,,
alignment_summary.csv,amazon:Baby_Products,test,fixed_K8,5-8,5,8,excess_cluster_match,0.00791925465838509,-0.0032628105590062156,0.019799430641821936,483,1932,probability_difference,estimated,,,,,,,,,,
alignment_summary.csv,amazon:Baby_Products,test,fixed_K16,1,1,1,raw_cosine,0.20939428048829237,0.1839407185580404,0.23758024559578014,84,84,cosine,exploratory_n_lt_100,,,,,,,,,,
alignment_summary.csv,amazon:Baby_Products,test,fixed_K16,1,1,1,random_cosine,0.16954381657498224,0.16078447969408619,0.17821667255124166,84,84,cosine,exploratory_n_lt_100,,,,,,,,,,
alignment_summary.csv,amazon:Baby_Products,test,fixed_K16,1,1,1,excess_cosine,0.03985046391331014,0.017095027828500385,0.06650736141018569,84,84,cosine,exploratory_n_lt_100,,,,,,,,,,
alignment_summary.csv,amazon:Baby_Products,test,fixed_K16,1,1,1,raw_cosine_z,0.7719329920192224,0.41851675586223225,1.1632879516133579,84,84,within_subset_z,exploratory_n_lt_100,,,,,,,,,,
alignment_summary.csv,amazon:Baby_Products,test,fixed_K16,1,1,1,random_cosine_z,0.21861943205678727,0.09699826641559986,0.33903983232376544,84,84,within_subset_z,exploratory_n_lt_100,,,,,,,,,,
alignment_summary.csv,amazon:Baby_Products,test,fixed_K16,1,1,1,excess_cosine_z,0.553313559962435,0.23736011520521216,0.9234378045292222,84,84,within_subset_z,exploratory_n_lt_100,,,,,,,,,,
alignment_summary.csv,amazon:Baby_Products,test,fixed_K16,1,1,1,raw_cluster_match,0.19047619047619047,0.10714285714285714,0.27380952380952384,84,84,probability_difference,exploratory_n_lt_100,,,,,,,,,,
alignment_summary.csv,amazon:Baby_Products,test,fixed_K16,1,1,1,random_cluster_match,0.06309523809523808,0.0488095238095238,0.07857142857142857,84,84,probability_difference,exploratory_n_lt_100,,,,,,,,,,
alignment_summary.csv,amazon:Baby_Products,test,fixed_K16,1,1,1,excess_cluster_match,0.12738095238095234,0.04522321428571427,0.21727678571428563,84,84,probability_difference,exploratory_n_lt_100,,,,,,,,,,
alignment_summary.csv,amazon:Baby_Products,test,fixed_K16,2,2,2,raw_cosine,0.18323184660680236,0.16327637002714687,0.20527932202288257,84,84,cosine,exploratory_n_lt_100,,,,,,,,,,
alignment_summary.csv,amazon:Baby_Products,test,fixed_K16,2,2,2,random_cosine,0.1711659724602387,0.16270433141672538,0.17966792735248982,84,84,cosine,exploratory_n_lt_100,,,,,,,,,,
alignment_summary.csv,amazon:Baby_Products,test,fixed_K16,2,2,2,excess_cosine,0.012065874146563666,-0.006459444695861921,0.033314873048636506,84,84,cosine,exploratory_n_lt_100,,,,,,,,,,
alignment_summary.csv,amazon:Baby_Products,test,fixed_K16,2,2,2,raw_cosine_z,0.40867424904097466,0.13159753015870715,0.7147978399028883,84,84,within_subset_z,exploratory_n_lt_100,,,,,,,,,,
alignment_summary.csv,amazon:Baby_Products,test,fixed_K16,2,2,2,random_cosine_z,0.24114265411106015,0.12365491948655,0.35919013627601115,84,84,within_subset_z,exploratory_n_lt_100,,,,,,,,,,
alignment_summary.csv,amazon:Baby_Products,test,fixed_K16,2,2,2,excess_cosine_z,0.16753159492991443,-0.08968774737034044,0.4625685423973395,84,84,within_subset_z,exploratory_n_lt_100,,,,,,,,,,
alignment_summary.csv,amazon:Baby_Products,test,fixed_K16,2,2,2,raw_cluster_match,0.09523809523809523,0.03571428571428571,0.16666666666666666,84,84,probability_difference,exploratory_n_lt_100,,,,,,,,,,
alignment_summary.csv,amazon:Baby_Products,test,fixed_K16,2,2,2,random_cluster_match,0.0625,0.04821428571428572,0.07797619047619048,84,84,probability_difference,exploratory_n_lt_100,,,,,,,,,,
alignment_summary.csv,amazon:Baby_Products,test,fixed_K16,2,2,2,excess_cluster_match,0.032738095238095226,-0.025595238095238088,0.10358630952380946,84,84,probability_difference,exploratory_n_lt_100,,,,,,,,,,
alignment_summary.csv,amazon:Baby_Products,test,fixed_K16,3-4,3,4,raw_cosine,0.19119621322135485,0.17624131218846223,0.2074238673980636,84,168,cosine,exploratory_n_lt_100,,,,,,,,,,
alignment_summary.csv,amazon:Baby_Products,test,fixed_K16,3-4,3,4,random_cosine,0.17379225506669,0.16637524272581294,0.18139573981364568,84,168,cosine,exploratory_n_lt_100,,,,,,,,,,
alignment_summary.csv,amazon:Baby_Products,test,fixed_K16,3-4,3,4,excess_cosine,0.01740395815466486,0.004406124197079667,0.031137329327507988,84,168,cosine,exploratory_n_lt_100,,,,,,,,,,
alignment_summary.csv,amazon:Baby_Products,test,fixed_K16,3-4,3,4,raw_cosine_z,0.519257454645066,0.31161245589683473,0.7445743072138762,84,168,within_subset_z,exploratory_n_lt_100,,,,,,,,,,
alignment_summary.csv,amazon:Baby_Products,test,fixed_K16,3-4,3,4,random_cosine_z,0.2776079204026685,0.17462458973069453,0.38318037302480573,84,168,within_subset_z,exploratory_n_lt_100,,,,,,,,,,
alignment_summary.csv,amazon:Baby_Products,test,fixed_K16,3-4,3,4,excess_cosine_z,0.2416495342423975,0.06117791427538412,0.43233390144228045,84,168,within_subset_z,exploratory_n_lt_100,,,,,,,,,,
alignment_summary.csv,amazon:Baby_Products,test,fixed_K16,3-4,3,4,raw_cluster_match,0.08333333333333333,0.047619047619047616,0.125,84,168,probability_difference,exploratory_n_lt_100,,,,,,,,,,
alignment_summary.csv,amazon:Baby_Products,test,fixed_K16,3-4,3,4,random_cluster_match,0.05773809523809524,0.04701636904761905,0.06904761904761905,84,168,probability_difference,exploratory_n_lt_100,,,,,,,,,,
alignment_summary.csv,amazon:Baby_Products,test,fixed_K16,3-4,3,4,excess_cluster_match,0.025595238095238095,-0.012507440476190478,0.06756696428571425,84,168,probability_difference,exploratory_n_lt_100,,,,,,,,,,
alignment_summary.csv,amazon:Baby_Products,test,fixed_K16,5-8,5,8,raw_cosine,0.18640365267527245,0.17390143813737224,0.1985134911745609,84,336,cosine,exploratory_n_lt_100,,,,,,,,,,
alignment_summary.csv,amazon:Baby_Products,test,fixed_K16,5-8,5,8,random_cosine,0.17276144700701393,0.16407630194693673,0.18039403056969777,84,336,cosine,exploratory_n_lt_100,,,,,,,,,,
alignment_summary.csv,amazon:Baby_Products,test,fixed_K16,5-8,5,8,excess_cosine,0.013642205668258526,0.00449694289875749,0.02302353019754047,84,336,cosine,exploratory_n_lt_100,,,,,,,,,,
alignment_summary.csv,amazon:Baby_Products,test,fixed_K16,5-8,5,8,raw_cosine_z,0.45271396991030843,0.2791238995806838,0.6208559987004288,84,336,within_subset_z,exploratory_n_lt_100,,,,,,,,,,
alignment_summary.csv,amazon:Baby_Products,test,fixed_K16,5-8,5,8,random_cosine_z,0.26329541256391203,0.14270438149246695,0.3692718948444306,84,336,within_subset_z,exploratory_n_lt_100,,,,,,,,,,
alignment_summary.csv,amazon:Baby_Products,test,fixed_K16,5-8,5,8,excess_cosine_z,0.18941855734639632,0.06243890885868024,0.31967586335296877,84,336,within_subset_z,exploratory_n_lt_100,,,,,,,,,,
alignment_summary.csv,amazon:Baby_Products,test,fixed_K16,5-8,5,8,raw_cluster_match,0.07738095238095238,0.050595238095238096,0.10416666666666667,84,336,probability_difference,exploratory_n_lt_100,,,,,,,,,,
alignment_summary.csv,amazon:Baby_Products,test,fixed_K16,5-8,5,8,random_cluster_match,0.06324404761904763,0.05357142857142857,0.07336309523809523,84,336,probability_difference,exploratory_n_lt_100,,,,,,,,,,
alignment_summary.csv,amazon:Baby_Products,test,fixed_K16,5-8,5,8,excess_cluster_match,0.014136904761904762,-0.01191220238095239,0.04033110119047617,84,336,probability_difference,exploratory_n_lt_100,,,,,,,,,,
alignment_summary.csv,amazon:Baby_Products,test,fixed_K16,9-16,9,16,raw_cosine,0.1859933964775077,0.17409825328123546,0.19841548306846693,84,672,cosine,exploratory_n_lt_100,,,,,,,,,,
alignment_summary.csv,amazon:Baby_Products,test,fixed_K16,9-16,9,16,random_cosine,0.1734038236318156,0.1653370882624239,0.1814074882422574,84,672,cosine,exploratory_n_lt_100,,,,,,,,,,
alignment_summary.csv,amazon:Baby_Products,test,fixed_K16,9-16,9,16,excess_cosine,0.01258957284569208,0.005638191145512142,0.020628664937699104,84,672,cosine,exploratory_n_lt_100,,,,,,,,,,
alignment_summary.csv,amazon:Baby_Products,test,fixed_K16,9-16,9,16,raw_cosine_z,0.44701766690676786,0.281856627815476,0.6194951810646289,84,672,within_subset_z,exploratory_n_lt_100,,,,,,,,,,
alignment_summary.csv,amazon:Baby_Products,test,fixed_K16,9-16,9,16,random_cosine_z,0.27221464868319234,0.1602100789441131,0.3833434969691906,84,672,within_subset_z,exploratory_n_lt_100,,,,,,,,,,
alignment_summary.csv,amazon:Baby_Products,test,fixed_K16,9-16,9,16,excess_cosine_z,0.1748030182235755,0.07828485061700927,0.2864237680841204,84,672,within_subset_z,exploratory_n_lt_100,,,,,,,,,,
alignment_summary.csv,amazon:Baby_Products,test,fixed_K16,9-16,9,16,raw_cluster_match,0.07291666666666667,0.052083333333333336,0.09672619047619048,84,672,probability_difference,exploratory_n_lt_100,,,,,,,,,,
alignment_summary.csv,amazon:Baby_Products,test,fixed_K16,9-16,9,16,random_cluster_match,0.0683779761904762,0.05892857142857144,0.07768043154761906,84,672,probability_difference,exploratory_n_lt_100,,,,,,,,,,
alignment_summary.csv,amazon:Baby_Products,test,fixed_K16,9-16,9,16,excess_cluster_match,0.004538690476190471,-0.015625,0.027981770833333298,84,672,probability_difference,exploratory_n_lt_100,,,,,,,,,,
alignment_summary.csv,amazon:Baby_Products,test,fixed_K32,1,1,1,raw_cosine,0.21202153109368824,0.17361758381483103,0.2510318811184593,21,21,cosine,exploratory_n_lt_100,,,,,,,,,,
alignment_summary.csv,amazon:Baby_Products,test,fixed_K32,1,1,1,random_cosine,0.17795284589131674,0.16461432748252436,0.19218496121466158,21,21,cosine,exploratory_n_lt_100,,,,,,,,,,
alignment_summary.csv,amazon:Baby_Products,test,fixed_K32,1,1,1,excess_cosine,0.03406868520237151,0.0032311887613364625,0.06445350913064818,21,21,cosine,exploratory_n_lt_100,,,,,,,,,,
alignment_summary.csv,amazon:Baby_Products,test,fixed_K32,1,1,1,raw_cosine_z,0.8084116987300747,0.2751826544785519,1.3500604909384222,21,21,within_subset_z,exploratory_n_lt_100,,,,,,,,,,
alignment_summary.csv,amazon:Baby_Products,test,fixed_K32,1,1,1,random_cosine_z,0.3353766662252825,0.15017472926794856,0.5329859691555217,21,21,within_subset_z,exploratory_n_lt_100,,,,,,,,,,
alignment_summary.csv,amazon:Baby_Products,test,fixed_K32,1,1,1,excess_cosine_z,0.4730350325047922,0.044864234462488634,0.8949205877936777,21,21,within_subset_z,exploratory_n_lt_100,,,,,,,,,,
alignment_summary.csv,amazon:Baby_Products,test,fixed_K32,1,1,1,raw_cluster_match,0.14285714285714285,0.0,0.2857142857142857,21,21,probability_difference,exploratory_n_lt_100,,,,,,,,,,
alignment_summary.csv,amazon:Baby_Products,test,fixed_K32,1,1,1,random_cluster_match,0.05238095238095238,0.02857142857142858,0.07857142857142858,21,21,probability_difference,exploratory_n_lt_100,,,,,,,,,,
alignment_summary.csv,amazon:Baby_Products,test,fixed_K32,1,1,1,excess_cluster_match,0.09047619047619046,-0.045238095238095244,0.240535714285714,21,21,probability_difference,exploratory_n_lt_100,,,,,,,,,,
alignment_summary.csv,amazon:Baby_Products,test,fixed_K32,2,2,2,raw_cosine,0.17527939130862555,0.14929795134812593,0.1965135063709957,21,21,cosine,exploratory_n_lt_100,,,,,,,,,,
alignment_summary.csv,amazon:Baby_Products,test,fixed_K32,2,2,2,random_cosine,0.18277754812013536,0.1710775416521799,0.19467967633335365,21,21,cosine,exploratory_n_lt_100,,,,,,,,,,
alignment_summary.csv,amazon:Baby_Products,test,fixed_K32,2,2,2,excess_cosine,-0.007498156811509814,-0.03152180598782642,0.013550166856674912,21,21,cosine,exploratory_n_lt_100,,,,,,,,,,
alignment_summary.csv,amazon:Baby_Products,test,fixed_K32,2,2,2,raw_cosine_z,0.2982564290364583,-0.06248925936424127,0.5930867181736389,21,21,within_subset_z,exploratory_n_lt_100,,,,,,,,,,
alignment_summary.csv,amazon:Baby_Products,test,fixed_K32,2,2,2,random_cosine_z,0.40236643005321826,0.23991481482357244,0.567624454328954,21,21,within_subset_z,exploratory_n_lt_100,,,,,,,,,,
alignment_summary.csv,amazon:Baby_Products,test,fixed_K32,2,2,2,excess_cosine_z,-0.10411000101676,-0.43767226212249827,0.18814062184725572,21,21,within_subset_z,exploratory_n_lt_100,,,,,,,,,,
alignment_summary.csv,amazon:Baby_Products,test,fixed_K32,2,2,2,raw_cluster_match,0.047619047619047616,0.0,0.14285714285714285,21,21,probability_difference,exploratory_n_lt_100,,,,,,,,,,
alignment_summary.csv,amazon:Baby_Products,test,fixed_K32,2,2,2,random_cluster_match,0.04285714285714286,0.01904761904761905,0.07142857142857144,21,21,probability_difference,exploratory_n_lt_100,,,,,,,,,,
alignment_summary.csv,amazon:Baby_Products,test,fixed_K32,2,2,2,excess_cluster_match,0.004761904761904761,-0.05952380952380952,0.10714285714285714,21,21,probability_difference,exploratory_n_lt_100,,,,,,,,,,
alignment_summary.csv,amazon:Baby_Products,test,fixed_K32,3-4,3,4,raw_cosine,0.21994356882004512,0.18925978475294652,0.2571560795951101,21,42,cosine,exploratory_n_lt_100,,,,,,,,,,
alignment_summary.csv,amazon:Baby_Products,test,fixed_K32,3-4,3,4,random_cosine,0.18104092209112077,0.1699680225125381,0.1915580471622802,21,42,cosine,exploratory_n_lt_100,,,,,,,,,,
alignment_summary.csv,amazon:Baby_Products,test,fixed_K32,3-4,3,4,excess_cosine,0.038902646728924344,0.01093631208475147,0.07137162477398905,21,42,cosine,exploratory_n_lt_100,,,,,,,,,,
alignment_summary.csv,amazon:Baby_Products,test,fixed_K32,3-4,3,4,raw_cosine_z,0.9184071784831516,0.4923706376735387,1.435093429787105,21,42,within_subset_z,exploratory_n_lt_100,,,,,,,,,,
alignment_summary.csv,amazon:Baby_Products,test,fixed_K32,3-4,3,4,random_cosine_z,0.378253819155443,0.2245094236507832,0.5242814269231343,21,42,within_subset_z,exploratory_n_lt_100,,,,,,,,,,
alignment_summary.csv,amazon:Baby_Products,test,fixed_K32,3-4,3,4,excess_cosine_z,0.5401533593277088,0.15184791287844754,0.9909768646585057,21,42,within_subset_z,exploratory_n_lt_100,,,,,,,,,,
alignment_summary.csv,amazon:Baby_Products,test,fixed_K32,3-4,3,4,raw_cluster_match,0.07142857142857142,0.0,0.14285714285714285,21,42,probability_difference,exploratory_n_lt_100,,,,,,,,,,
alignment_summary.csv,amazon:Baby_Products,test,fixed_K32,3-4,3,4,random_cluster_match,0.04285714285714287,0.027351190476190473,0.06071428571428571,21,42,probability_difference,exploratory_n_lt_100,,,,,,,,,,
alignment_summary.csv,amazon:Baby_Products,test,fixed_K32,3-4,3,4,excess_cluster_match,0.02857142857142856,-0.03333333333333333,0.10357142857142856,21,42,probability_difference,exploratory_n_lt_100,,,,,,,,,,
alignment_summary.csv,amazon:Baby_Products,test,fixed_K32,5-8,5,8,raw_cosine,0.1931561864025536,0.16989064147429805,0.22163617441741126,21,84,cosine,exploratory_n_lt_100,,,,,,,,,,
alignment_summary.csv,amazon:Baby_Products,test,fixed_K32,5-8,5,8,random_cosine,0.18445452568786486,0.1734358323294492,0.19669674763544684,21,84,cosine,exploratory_n_lt_100,,,,,,,,,,
alignment_summary.csv,amazon:Baby_Products,test,fixed_K32,5-8,5,8,excess_cosine,0.008701660714688756,-0.011595025906960169,0.0317145452590748,21,84,cosine,exploratory_n_lt_100,,,,,,,,,,
alignment_summary.csv,amazon:Baby_Products,test,fixed_K32,5-8,5,8,raw_cosine_z,0.5464711839677443,0.22343500760796572,0.941908576879124,21,84,within_subset_z,exploratory_n_lt_100,,,,,,,,,,
alignment_summary.csv,amazon:Baby_Products,test,fixed_K32,5-8,5,8,random_cosine_z,0.42565083723091324,0.2726590813120302,0.5956309765437806,21,84,within_subset_z,exploratory_n_lt_100,,,,,,,,,,
alignment_summary.csv,amazon:Baby_Products,test,fixed_K32,5-8,5,8,excess_cosine_z,0.120820346736831,-0.1609939868301995,0.4403483979022725,21,84,within_subset_z,exploratory_n_lt_100,,,,,,,,,,
alignment_summary.csv,amazon:Baby_Products,test,fixed_K32,5-8,5,8,raw_cluster_match,0.05952380952380952,0.011904761904761904,0.11904761904761904,21,84,probability_difference,exploratory_n_lt_100,,,,,,,,,,
alignment_summary.csv,amazon:Baby_Products,test,fixed_K32,5-8,5,8,random_cluster_match,0.0488095238095238,0.03333333333333333,0.06488095238095239,21,84,probability_difference,exploratory_n_lt_100,,,,,,,,,,
alignment_summary.csv,amazon:Baby_Products,test,fixed_K32,5-8,5,8,excess_cluster_match,0.010714285714285711,-0.03690476190476191,0.0720386904761904,21,84,probability_difference,exploratory_n_lt_100,,,,,,,,,,
alignment_summary.csv,amazon:Baby_Products,test,fixed_K32,9-16,9,16,raw_cosine,0.20327471569180489,0.18204899787614567,0.23138174585266305,21,168,cosine,exploratory_n_lt_100,,,,,,,,,,
alignment_summary.csv,amazon:Baby_Products,test,fixed_K32,9-16,9,16,random_cosine,0.1854700655454681,0.17417419389156358,0.19721200154162943,21,168,cosine,exploratory_n_lt_100,,,,,,,,,,
alignment_summary.csv,amazon:Baby_Products,test,fixed_K32,9-16,9,16,excess_cosine,0.01780465014633678,-2.385167005870994e-06,0.039786037949046914,21,168,cosine,exploratory_n_lt_100,,,,,,,,,,
alignment_summary.csv,amazon:Baby_Products,test,fixed_K32,9-16,9,16,raw_cosine_z,0.686964390641552,0.3922506951400597,1.077223358569942,21,168,within_subset_z,exploratory_n_lt_100,,,,,,,,,,
alignment_summary.csv,amazon:Baby_Products,test,fixed_K32,9-16,9,16,random_cosine_z,0.43975134996563525,0.2829110438829473,0.60278514603437,21,168,within_subset_z,exploratory_n_lt_100,,,,,,,,,,
alignment_summary.csv,amazon:Baby_Products,test,fixed_K32,9-16,9,16,excess_cosine_z,0.24721304067591682,-3.3117437478142025e-05,0.5524190218281226,21,168,within_subset_z,exploratory_n_lt_100,,,,,,,,,,
alignment_summary.csv,amazon:Baby_Products,test,fixed_K32,9-16,9,16,raw_cluster_match,0.08928571428571429,0.047619047619047616,0.13690476190476192,21,168,probability_difference,exploratory_n_lt_100,,,,,,,,,,
alignment_summary.csv,amazon:Baby_Products,test,fixed_K32,9-16,9,16,random_cluster_match,0.057738095238095234,0.04107142857142857,0.07589285714285714,21,168,probability_difference,exploratory_n_lt_100,,,,,,,,,,
alignment_summary.csv,amazon:Baby_Products,test,fixed_K32,9-16,9,16,excess_cluster_match,0.031547619047619054,-0.008630952380952376,0.07559523809523808,21,168,probability_difference,exploratory_n_lt_100,,,,,,,,,,
alignment_summary.csv,amazon:Baby_Products,test,fixed_K32,17-32,17,32,raw_cosine,0.19930559178326457,0.1788396276098432,0.22720941425788968,21,336,cosine,exploratory_n_lt_100,,,,,,,,,,
alignment_summary.csv,amazon:Baby_Products,test,fixed_K32,17-32,17,32,random_cosine,0.18538529993522734,0.17438916530504467,0.19692064329227876,21,336,cosine,exploratory_n_lt_100,,,,,,,,,,
alignment_summary.csv,amazon:Baby_Products,test,fixed_K32,17-32,17,32,excess_cosine,0.013920291848037215,0.0011120606751535975,0.03220716181815424,21,336,cosine,exploratory_n_lt_100,,,,,,,,,,
alignment_summary.csv,amazon:Baby_Products,test,fixed_K32,17-32,17,32,raw_cosine_z,0.6318541142707682,0.3476894049340434,1.0192915951387838,21,336,within_subset_z,exploratory_n_lt_100,,,,,,,,,,
alignment_summary.csv,amazon:Baby_Products,test,fixed_K32,17-32,17,32,random_cosine_z,0.4385744010180212,0.2858958673053831,0.598739710816267,21,336,within_subset_z,exploratory_n_lt_100,,,,,,,,,,
alignment_summary.csv,amazon:Baby_Products,test,fixed_K32,17-32,17,32,excess_cosine_z,0.1932797132527472,0.015440679747217403,0.4471882535835923,21,336,within_subset_z,exploratory_n_lt_100,,,,,,,,,,
alignment_summary.csv,amazon:Baby_Products,test,fixed_K32,17-32,17,32,raw_cluster_match,0.06845238095238096,0.03273809523809524,0.1130952380952381,21,336,probability_difference,exploratory_n_lt_100,,,,,,,,,,
alignment_summary.csv,amazon:Baby_Products,test,fixed_K32,17-32,17,32,random_cluster_match,0.05104166666666667,0.03705357142857143,0.0660751488095238,21,336,probability_difference,exploratory_n_lt_100,,,,,,,,,,
alignment_summary.csv,amazon:Baby_Products,test,fixed_K32,17-32,17,32,excess_cluster_match,0.017410714285714283,-0.01785714285714286,0.05759672619047616,21,336,probability_difference,exploratory_n_lt_100,,,,,,,,,,
alignment_summary.csv,amazon-sports-and-outdoors,test,all_available,1,1,1,raw_cosine,0.19084680133499204,0.18371158538148738,0.19874332856357796,2000,2000,cosine,estimated,,,,,,,,,,
alignment_summary.csv,amazon-sports-and-outdoors,test,all_available,1,1,1,random_cosine,0.1290427125375718,0.12769528686054982,0.13034062577723524,2000,2000,cosine,estimated,,,,,,,,,,
alignment_summary.csv,amazon-sports-and-outdoors,test,all_available,1,1,1,excess_cosine,0.06180408879742026,0.05454156778485048,0.06934217943877446,2000,2000,cosine,estimated,,,,,,,,,,
alignment_summary.csv,amazon-sports-and-outdoors,test,all_available,1,1,1,raw_cosine_z,1.3386542743815857,1.2120758515847143,1.4787383263122083,2000,2000,within_subset_z,estimated,,,,,,,,,,
alignment_summary.csv,amazon-sports-and-outdoors,test,all_available,1,1,1,random_cosine_z,0.2422524088525231,0.2183491355465941,0.2652773336584898,2000,2000,within_subset_z,estimated,,,,,,,,,,
alignment_summary.csv,amazon-sports-and-outdoors,test,all_available,1,1,1,excess_cosine_z,1.0964018655290624,0.9675650564835439,1.2301272678854986,2000,2000,within_subset_z,estimated,,,,,,,,,,
alignment_summary.csv,amazon-sports-and-outdoors,test,all_available,1,1,1,raw_cluster_match,0.187,0.17,0.204,2000,2000,probability_difference,estimated,,,,,,,,,,
alignment_summary.csv,amazon-sports-and-outdoors,test,all_available,1,1,1,random_cluster_match,0.0738,0.07022500000000001,0.077675,2000,2000,probability_difference,estimated,,,,,,,,,,
alignment_summary.csv,amazon-sports-and-outdoors,test,all_available,1,1,1,excess_cluster_match,0.11320000000000001,0.09569749999999999,0.13090687499999998,2000,2000,probability_difference,estimated,,,,,,,,,,
alignment_summary.csv,amazon-sports-and-outdoors,test,all_available,2,2,2,raw_cosine,0.16386012284178286,0.1587079221079708,0.16892461640986148,2000,2000,cosine,estimated,,,,,,,,,,
alignment_summary.csv,amazon-sports-and-outdoors,test,all_available,2,2,2,random_cosine,0.1296651337519288,0.12827881862525828,0.13101344656199218,2000,2000,cosine,estimated,,,,,,,,,,
alignment_summary.csv,amazon-sports-and-outdoors,test,all_available,2,2,2,excess_cosine,0.034194989089854064,0.02931072544249473,0.03914948631237492,2000,2000,cosine,estimated,,,,,,,,,,
alignment_summary.csv,amazon-sports-and-outdoors,test,all_available,2,2,2,raw_cosine_z,0.8599117636494704,0.7685119451900883,0.9497556607774077,2000,2000,within_subset_z,estimated,,,,,,,,,,
alignment_summary.csv,amazon-sports-and-outdoors,test,all_available,2,2,2,random_cosine_z,0.25329413430862896,0.22870096384583316,0.277213145316391,2000,2000,within_subset_z,estimated,,,,,,,,,,
alignment_summary.csv,amazon-sports-and-outdoors,test,all_available,2,2,2,excess_cosine_z,0.6066176293408415,0.5199710032211133,0.6945101960500716,2000,2000,within_subset_z,estimated,,,,,,,,,,
alignment_summary.csv,amazon-sports-and-outdoors,test,all_available,2,2,2,raw_cluster_match,0.154,0.1385,0.17,2000,2000,probability_difference,estimated,,,,,,,,,,
alignment_summary.csv,amazon-sports-and-outdoors,test,all_available,2,2,2,random_cluster_match,0.07117500000000002,0.0675,0.0748,2000,2000,probability_difference,estimated,,,,,,,,,,
alignment_summary.csv,amazon-sports-and-outdoors,test,all_available,2,2,2,excess_cluster_match,0.08282499999999998,0.066799375,0.09852687499999997,2000,2000,probability_difference,estimated,,,,,,,,,,
alignment_summary.csv,amazon-sports-and-outdoors,test,all_available,3-4,3,4,raw_cosine,0.15583198810579774,0.1520051084705969,0.15964709934924634,1928,3663,cosine,estimated,,,,,,,,,,
alignment_summary.csv,amazon-sports-and-outdoors,test,all_available,3-4,3,4,random_cosine,0.1302672959294139,0.1290312536755679,0.13153372849393308,1928,3663,cosine,estimated,,,,,,,,,,
alignment_summary.csv,amazon-sports-and-outdoors,test,all_available,3-4,3,4,excess_cosine,0.025564692176383807,0.02204876204551544,0.029202742276303137,1928,3663,cosine,estimated,,,,,,,,,,
alignment_summary.csv,amazon-sports-and-outdoors,test,all_available,3-4,3,4,raw_cosine_z,0.7174930002226051,0.649604320802992,0.7851729088808904,1928,3663,within_subset_z,estimated,,,,,,,,,,
alignment_summary.csv,amazon-sports-and-outdoors,test,all_available,3-4,3,4,random_cosine_z,0.2639764653257522,0.24204912913556026,0.28644292431452245,1928,3663,within_subset_z,estimated,,,,,,,,,,
alignment_summary.csv,amazon-sports-and-outdoors,test,all_available,3-4,3,4,excess_cosine_z,0.4535165348968529,0.3911440862520826,0.5180553865173986,1928,3663,within_subset_z,estimated,,,,,,,,,,
alignment_summary.csv,amazon-sports-and-outdoors,test,all_available,3-4,3,4,raw_cluster_match,0.13485477178423236,0.1229253112033195,0.1470435684647303,1928,3663,probability_difference,estimated,,,,,,,,,,
alignment_summary.csv,amazon-sports-and-outdoors,test,all_available,3-4,3,4,random_cluster_match,0.07427385892116183,0.0709410658713693,0.0779304979253112,1928,3663,probability_difference,estimated,,,,,,,,,,
alignment_summary.csv,amazon-sports-and-outdoors,test,all_available,3-4,3,4,excess_cluster_match,0.06058091286307053,0.0488715637966805,0.07254959802904565,1928,3663,probability_difference,estimated,,,,,,,,,,
alignment_summary.csv,amazon-sports-and-outdoors,test,all_available,5-8,5,8,raw_cosine,0.1487587249552725,0.14472673024918772,0.15285063938288815,1194,3132,cosine,estimated,,,,,,,,,,
alignment_summary.csv,amazon-sports-and-outdoors,test,all_available,5-8,5,8,random_cosine,0.13114822969555082,0.12955682459783296,0.132770372973612,1194,3132,cosine,estimated,,,,,,,,,,
alignment_summary.csv,amazon-sports-and-outdoors,test,all_available,5-8,5,8,excess_cosine,0.017610495259721685,0.013901458377767892,0.021461991636019934,1194,3132,cosine,estimated,,,,,,,,,,
alignment_summary.csv,amazon-sports-and-outdoors,test,all_available,5-8,5,8,raw_cosine_z,0.5920136174744277,0.5204862055576427,0.6646040026628323,1194,3132,within_subset_z,estimated,,,,,,,,,,
alignment_summary.csv,amazon-sports-and-outdoors,test,all_available,5-8,5,8,random_cosine_z,0.27960419228352495,0.2513727345935746,0.3083809439649761,1194,3132,within_subset_z,estimated,,,,,,,,,,
alignment_summary.csv,amazon-sports-and-outdoors,test,all_available,5-8,5,8,excess_cosine_z,0.31240942519090265,0.24661127112346534,0.3807348045342202,1194,3132,within_subset_z,estimated,,,,,,,,,,
alignment_summary.csv,amazon-sports-and-outdoors,test,all_available,5-8,5,8,raw_cluster_match,0.12723338916806254,0.11299378838637632,0.1420295924064768,1194,3132,probability_difference,estimated,,,,,,,,,,
alignment_summary.csv,amazon-sports-and-outdoors,test,all_available,5-8,5,8,random_cluster_match,0.07264796203238415,0.06844971384701284,0.0768147159408152,1194,3132,probability_difference,estimated,,,,,,,,,,
alignment_summary.csv,amazon-sports-and-outdoors,test,all_available,5-8,5,8,excess_cluster_match,0.05458542713567839,0.04067149986041318,0.06826903615298714,1194,3132,probability_difference,estimated,,,,,,,,,,
alignment_summary.csv,amazon-sports-and-outdoors,test,all_available,9-16,9,16,raw_cosine,0.14213903921041554,0.1377555227866972,0.1473410552586464,380,1780,cosine,estimated,,,,,,,,,,
alignment_summary.csv,amazon-sports-and-outdoors,test,all_available,9-16,9,16,random_cosine,0.13148307491582878,0.12882125151357765,0.13428124337310654,380,1780,cosine,estimated,,,,,,,,,,
alignment_summary.csv,amazon-sports-and-outdoors,test,all_available,9-16,9,16,excess_cosine,0.010655964294586793,0.006519018903091439,0.015086286401819906,380,1780,cosine,estimated,,,,,,,,,,
alignment_summary.csv,amazon-sports-and-outdoors,test,all_available,9-16,9,16,raw_cosine_z,0.4745806783097258,0.3968172863067241,0.5668642182950359,380,1780,within_subset_z,estimated,,,,,,,,,,
alignment_summary.csv,amazon-sports-and-outdoors,test,all_available,9-16,9,16,random_cosine_z,0.28554433202702306,0.23832369985326865,0.33518371958728393,380,1780,within_subset_z,estimated,,,,,,,,,,
alignment_summary.csv,amazon-sports-and-outdoors,test,all_available,9-16,9,16,excess_cosine_z,0.1890363462827027,0.11564711374026464,0.2676300690894013,380,1780,within_subset_z,estimated,,,,,,,,,,
alignment_summary.csv,amazon-sports-and-outdoors,test,all_available,9-16,9,16,raw_cluster_match,0.12049812030075187,0.09817128759398495,0.14388909774436087,380,1780,probability_difference,estimated,,,,,,,,,,
alignment_summary.csv,amazon-sports-and-outdoors,test,all_available,9-16,9,16,random_cluster_match,0.07355748746867168,0.06663771929824562,0.0808046640037594,380,1780,probability_difference,estimated,,,,,,,,,,
alignment_summary.csv,amazon-sports-and-outdoors,test,all_available,9-16,9,16,excess_cluster_match,0.04694063283208019,0.02580845473057644,0.06865535714285713,380,1780,probability_difference,estimated,,,,,,,,,,
alignment_summary.csv,amazon-sports-and-outdoors,test,all_available,17-32,17,32,raw_cosine,0.1502229653433321,0.1410928150855442,0.16004941202178963,98,803,cosine,exploratory_n_lt_100,,,,,,,,,,
alignment_summary.csv,amazon-sports-and-outdoors,test,all_available,17-32,17,32,random_cosine,0.13105766233392915,0.12593477556111884,0.1362716942859366,98,803,cosine,exploratory_n_lt_100,,,,,,,,,,
alignment_summary.csv,amazon-sports-and-outdoors,test,all_available,17-32,17,32,excess_cosine,0.01916530300940293,0.010794924751983414,0.028181900325710673,98,803,cosine,exploratory_n_lt_100,,,,,,,,,,
alignment_summary.csv,amazon-sports-and-outdoors,test,all_available,17-32,17,32,raw_cosine_z,0.6179891787081458,0.45602070752801305,0.7923099183131992,98,803,within_subset_z,exploratory_n_lt_100,,,,,,,,,,
alignment_summary.csv,amazon-sports-and-outdoors,test,all_available,17-32,17,32,random_cosine_z,0.2779975312005748,0.1871177411430944,0.3704942327998334,98,803,within_subset_z,exploratory_n_lt_100,,,,,,,,,,
alignment_summary.csv,amazon-sports-and-outdoors,test,all_available,17-32,17,32,excess_cosine_z,0.33999164750757116,0.19150149879427542,0.49994569441096615,98,803,within_subset_z,exploratory_n_lt_100,,,,,,,,,,
alignment_summary.csv,amazon-sports-and-outdoors,test,all_available,17-32,17,32,raw_cluster_match,0.10927354957967203,0.07064832913684954,0.15157584549803937,98,803,probability_difference,exploratory_n_lt_100,,,,,,,,,,
alignment_summary.csv,amazon-sports-and-outdoors,test,all_available,17-32,17,32,random_cluster_match,0.07605608039919265,0.06093623149809375,0.09191841553783517,98,803,probability_difference,exploratory_n_lt_100,,,,,,,,,,
alignment_summary.csv,amazon-sports-and-outdoors,test,all_available,17-32,17,32,excess_cluster_match,0.03321746918047938,-0.006849717282434121,0.07738525797119543,98,803,probability_difference,exploratory_n_lt_100,,,,,,,,,,
alignment_summary.csv,amazon-sports-and-outdoors,test,all_available,33-64,33,64,raw_cosine,0.1534490826345099,0.14032822126731323,0.1670646620714036,23,358,cosine,exploratory_n_lt_100,,,,,,,,,,
alignment_summary.csv,amazon-sports-and-outdoors,test,all_available,33-64,33,64,random_cosine,0.13790349136451055,0.1265004359411991,0.14921812244945837,23,358,cosine,exploratory_n_lt_100,,,,,,,,,,
alignment_summary.csv,amazon-sports-and-outdoors,test,all_available,33-64,33,64,excess_cosine,0.015545591269999368,0.005615939988165576,0.025885035750056323,23,358,cosine,exploratory_n_lt_100,,,,,,,,,,
alignment_summary.csv,amazon-sports-and-outdoors,test,all_available,33-64,33,64,raw_cosine_z,0.675220360095785,0.4424568462205818,0.9167601511571898,23,358,within_subset_z,exploratory_n_lt_100,,,,,,,,,,
alignment_summary.csv,amazon-sports-and-outdoors,test,all_available,33-64,33,64,random_cosine_z,0.3994422424853682,0.19715253185101594,0.6001633091767963,23,358,within_subset_z,exploratory_n_lt_100,,,,,,,,,,
alignment_summary.csv,amazon-sports-and-outdoors,test,all_available,33-64,33,64,excess_cosine_z,0.27577811761041693,0.09962653279957444,0.4591994160559947,23,358,within_subset_z,exploratory_n_lt_100,,,,,,,,,,
alignment_summary.csv,amazon-sports-and-outdoors,test,all_available,33-64,33,64,raw_cluster_match,0.11597460867271527,0.06605798539222453,0.16938428059395794,23,358,probability_difference,exploratory_n_lt_100,,,,,,,,,,
alignment_summary.csv,amazon-sports-and-outdoors,test,all_available,33-64,33,64,random_cluster_match,0.04736108624577935,0.03083366534542879,0.06494960990838132,23,358,probability_difference,exploratory_n_lt_100,,,,,,,,,,
alignment_summary.csv,amazon-sports-and-outdoors,test,all_available,33-64,33,64,excess_cluster_match,0.06861352242693591,0.01876339304632353,0.12168443493371572,23,358,probability_difference,exploratory_n_lt_100,,,,,,,,,,
alignment_summary.csv,amazon-sports-and-outdoors,test,all_available,65-100,65,100,raw_cosine,0.16918782739796573,0.13596830423921347,0.202407350556718,4,89,cosine,exploratory_n_lt_100,,,,,,,,,,
alignment_summary.csv,amazon-sports-and-outdoors,test,all_available,65-100,65,100,random_cosine,0.15144544025469156,0.12000883563111225,0.1828820448782709,4,89,cosine,exploratory_n_lt_100,,,,,,,,,,
alignment_summary.csv,amazon-sports-and-outdoors,test,all_available,65-100,65,100,excess_cosine,0.017742387143274148,-0.023993468584699765,0.05520680202171206,4,89,cosine,exploratory_n_lt_100,,,,,,,,,,
alignment_summary.csv,amazon-sports-and-outdoors,test,all_available,65-100,65,100,raw_cosine_z,0.9544250123365117,0.36511210647643627,1.5437379181965871,4,89,within_subset_z,exploratory_n_lt_100,,,,,,,,,,
alignment_summary.csv,amazon-sports-and-outdoors,test,all_available,65-100,65,100,random_cosine_z,0.6396758308286922,0.08199182276625794,1.1973598388911264,4,89,within_subset_z,exploratory_n_lt_100,,,,,,,,,,
alignment_summary.csv,amazon-sports-and-outdoors,test,all_available,65-100,65,100,excess_cosine_z,0.3147491815078195,-0.42564309625216634,0.979366283109496,4,89,within_subset_z,exploratory_n_lt_100,,,,,,,,,,
alignment_summary.csv,amazon-sports-and-outdoors,test,all_available,65-100,65,100,raw_cluster_match,0.013888888888888888,0.0,0.041666666666666664,4,89,probability_difference,exploratory_n_lt_100,,,,,,,,,,
alignment_summary.csv,amazon-sports-and-outdoors,test,all_available,65-100,65,100,random_cluster_match,0.040138888888888884,0.01875,0.06583333333333333,4,89,probability_difference,exploratory_n_lt_100,,,,,,,,,,
alignment_summary.csv,amazon-sports-and-outdoors,test,all_available,65-100,65,100,excess_cluster_match,-0.026249999999999996,-0.06583333333333333,0.02291666666666667,4,89,probability_difference,exploratory_n_lt_100,,,,,,,,,,
alignment_summary.csv,amazon-sports-and-outdoors,test,fixed_K8,1,1,1,raw_cosine,0.20675291101090937,0.19042614387930126,0.22372474262590444,477,477,cosine,estimated,,,,,,,,,,
alignment_summary.csv,amazon-sports-and-outdoors,test,fixed_K8,1,1,1,random_cosine,0.13009985106015107,0.12716814501316479,0.13270571118658037,477,477,cosine,estimated,,,,,,,,,,
alignment_summary.csv,amazon-sports-and-outdoors,test,fixed_K8,1,1,1,excess_cosine,0.07665305995075833,0.06075620763033113,0.09372561871165906,477,477,cosine,estimated,,,,,,,,,,
alignment_summary.csv,amazon-sports-and-outdoors,test,fixed_K8,1,1,1,raw_cosine_z,1.6208279729397557,1.3311918292886757,1.9219075326614163,477,477,within_subset_z,estimated,,,,,,,,,,
alignment_summary.csv,amazon-sports-and-outdoors,test,fixed_K8,1,1,1,random_cosine_z,0.26100600057810686,0.20899766194481031,0.3072338466562156,477,477,within_subset_z,estimated,,,,,,,,,,
alignment_summary.csv,amazon-sports-and-outdoors,test,fixed_K8,1,1,1,excess_cosine_z,1.3598219723616487,1.077812498889986,1.6626884273005884,477,477,within_subset_z,estimated,,,,,,,,,,
alignment_summary.csv,amazon-sports-and-outdoors,test,fixed_K8,1,1,1,raw_cluster_match,0.21174004192872117,0.1761006289308176,0.24947589098532494,477,477,probability_difference,estimated,,,,,,,,,,
alignment_summary.csv,amazon-sports-and-outdoors,test,fixed_K8,1,1,1,random_cluster_match,0.07232704402515723,0.06519654088050315,0.07945492662473794,477,477,probability_difference,estimated,,,,,,,,,,
alignment_summary.csv,amazon-sports-and-outdoors,test,fixed_K8,1,1,1,excess_cluster_match,0.13941299790356393,0.10230607966457023,0.17652515723270437,477,477,probability_difference,estimated,,,,,,,,,,
alignment_summary.csv,amazon-sports-and-outdoors,test,fixed_K8,2,2,2,raw_cosine,0.16643938778721937,0.15685640023289096,0.17666035505671607,477,477,cosine,estimated,,,,,,,,,,
alignment_summary.csv,amazon-sports-and-outdoors,test,fixed_K8,2,2,2,random_cosine,0.1312562666161755,0.12851565331415873,0.13393919478508348,477,477,cosine,estimated,,,,,,,,,,
alignment_summary.csv,amazon-sports-and-outdoors,test,fixed_K8,2,2,2,excess_cosine,0.03518312117104385,0.02595353406928167,0.044975039686722604,477,477,cosine,estimated,,,,,,,,,,
alignment_summary.csv,amazon-sports-and-outdoors,test,fixed_K8,2,2,2,raw_cosine_z,0.9056678123655925,0.7356660271059412,1.0869873302136641,477,477,within_subset_z,estimated,,,,,,,,,,
alignment_summary.csv,amazon-sports-and-outdoors,test,fixed_K8,2,2,2,random_cosine_z,0.28152076258856085,0.23290240099643283,0.32911579241115024,477,477,within_subset_z,estimated,,,,,,,,,,
alignment_summary.csv,amazon-sports-and-outdoors,test,fixed_K8,2,2,2,excess_cosine_z,0.6241470497770316,0.46041457328014623,0.7978552612658947,477,477,within_subset_z,estimated,,,,,,,,,,
alignment_summary.csv,amazon-sports-and-outdoors,test,fixed_K8,2,2,2,raw_cluster_match,0.14465408805031446,0.1111111111111111,0.1761006289308176,477,477,probability_difference,estimated,,,,,,,,,,
alignment_summary.csv,amazon-sports-and-outdoors,test,fixed_K8,2,2,2,random_cluster_match,0.06970649895178199,0.06289308176100629,0.07725366876310273,477,477,probability_difference,estimated,,,,,,,,,,
alignment_summary.csv,amazon-sports-and-outdoors,test,fixed_K8,2,2,2,excess_cluster_match,0.0749475890985325,0.04223794549266248,0.10734276729559747,477,477,probability_difference,estimated,,,,,,,,,,
alignment_summary.csv,amazon-sports-and-outdoors,test,fixed_K8,3-4,3,4,raw_cosine,0.1590178187163371,0.1524880686493208,0.16565310514019022,477,954,cosine,estimated,,,,,,,,,,
alignment_summary.csv,amazon-sports-and-outdoors,test,fixed_K8,3-4,3,4,random_cosine,0.13032687087572595,0.12776034167163322,0.132969634554425,477,954,cosine,estimated,,,,,,,,,,
alignment_summary.csv,amazon-sports-and-outdoors,test,fixed_K8,3-4,3,4,excess_cosine,0.02869094784061114,0.022797978011865866,0.034858210960552444,477,954,cosine,estimated,,,,,,,,,,
alignment_summary.csv,amazon-sports-and-outdoors,test,fixed_K8,3-4,3,4,raw_cosine_z,0.7740094976359727,0.6581720135112326,0.8917191921721677,477,954,within_subset_z,estimated,,,,,,,,,,
alignment_summary.csv,amazon-sports-and-outdoors,test,fixed_K8,3-4,3,4,random_cosine_z,0.2650333222998823,0.219503205085056,0.31191583580114196,477,954,within_subset_z,estimated,,,,,,,,,,
alignment_summary.csv,amazon-sports-and-outdoors,test,fixed_K8,3-4,3,4,excess_cosine_z,0.5089761753360905,0.40443514513142725,0.6183831566779865,477,954,within_subset_z,estimated,,,,,,,,,,
alignment_summary.csv,amazon-sports-and-outdoors,test,fixed_K8,3-4,3,4,raw_cluster_match,0.14779874213836477,0.12264150943396226,0.1708595387840671,477,954,probability_difference,estimated,,,,,,,,,,
alignment_summary.csv,amazon-sports-and-outdoors,test,fixed_K8,3-4,3,4,random_cluster_match,0.07421383647798742,0.06729559748427674,0.08123689727463312,477,954,probability_difference,estimated,,,,,,,,,,
alignment_summary.csv,amazon-sports-and-outdoors,test,fixed_K8,3-4,3,4,excess_cluster_match,0.07358490566037736,0.050516247379454926,0.09612290356394128,477,954,probability_difference,estimated,,,,,,,,,,
alignment_summary.csv,amazon-sports-and-outdoors,test,fixed_K8,5-8,5,8,raw_cosine,0.14868315482322728,0.14385318957953527,0.15379901332777057,477,1908,cosine,estimated,,,,,,,,,,
alignment_summary.csv,amazon-sports-and-outdoors,test,fixed_K8,5-8,5,8,random_cosine,0.13086340876503122,0.12831093293889984,0.13328211508431145,477,1908,cosine,estimated,,,,,,,,,,
alignment_summary.csv,amazon-sports-and-outdoors,test,fixed_K8,5-8,5,8,excess_cosine,0.01781974605819605,0.013748195774175239,0.02234553615759084,477,1908,cosine,estimated,,,,,,,,,,
alignment_summary.csv,amazon-sports-and-outdoors,test,fixed_K8,5-8,5,8,raw_cosine_z,0.5906730065963314,0.5049896318121458,0.6814281154783526,477,1908,within_subset_z,estimated,,,,,,,,,,
alignment_summary.csv,amazon-sports-and-outdoors,test,fixed_K8,5-8,5,8,random_cosine_z,0.27455148127945267,0.22927067038259935,0.31745922690317685,477,1908,within_subset_z,estimated,,,,,,,,,,
alignment_summary.csv,amazon-sports-and-outdoors,test,fixed_K8,5-8,5,8,excess_cosine_z,0.31612152531687865,0.24389239915618147,0.3964088461806162,477,1908,within_subset_z,estimated,,,,,,,,,,
alignment_summary.csv,amazon-sports-and-outdoors,test,fixed_K8,5-8,5,8,raw_cluster_match,0.14098532494758909,0.12159329140461216,0.1609145702306079,477,1908,probability_difference,estimated,,,,,,,,,,
alignment_summary.csv,amazon-sports-and-outdoors,test,fixed_K8,5-8,5,8,random_cluster_match,0.07636268343815512,0.07007075471698113,0.08270505765199161,477,1908,probability_difference,estimated,,,,,,,,,,
alignment_summary.csv,amazon-sports-and-outdoors,test,fixed_K8,5-8,5,8,excess_cluster_match,0.06462264150943395,0.04635678721174004,0.08323047693920335,477,1908,probability_difference,estimated,,,,,,,,,,
alignment_summary.csv,amazon-sports-and-outdoors,test,fixed_K16,1,1,1,raw_cosine,0.2440378393062897,0.20461823156250541,0.2881630420088441,114,114,cosine,estimated,,,,,,,,,,
alignment_summary.csv,amazon-sports-and-outdoors,test,fixed_K16,1,1,1,random_cosine,0.12915338860138467,0.12398694333326267,0.13461577483175094,114,114,cosine,estimated,,,,,,,,,,
alignment_summary.csv,amazon-sports-and-outdoors,test,fixed_K16,1,1,1,excess_cosine,0.11488445070490502,0.07483636679438253,0.1599522593570056,114,114,cosine,estimated,,,,,,,,,,
alignment_summary.csv,amazon-sports-and-outdoors,test,fixed_K16,1,1,1,raw_cosine_z,2.2822609903112316,1.5829588517363322,3.0650401801881966,114,114,within_subset_z,estimated,,,,,,,,,,
alignment_summary.csv,amazon-sports-and-outdoors,test,fixed_K16,1,1,1,random_cosine_z,0.2442157974437148,0.15256328156099233,0.3411182932129561,114,114,within_subset_z,estimated,,,,,,,,,,
alignment_summary.csv,amazon-sports-and-outdoors,test,fixed_K16,1,1,1,excess_cosine_z,2.0380451928675165,1.3275939142428237,2.8375461715718964,114,114,within_subset_z,estimated,,,,,,,,,,
alignment_summary.csv,amazon-sports-and-outdoors,test,fixed_K16,1,1,1,raw_cluster_match,0.2719298245614035,0.19298245614035087,0.35109649122806896,114,114,probability_difference,estimated,,,,,,,,,,
alignment_summary.csv,amazon-sports-and-outdoors,test,fixed_K16,1,1,1,random_cluster_match,0.06403508771929825,0.05,0.07808114035087714,114,114,probability_difference,estimated,,,,,,,,,,
alignment_summary.csv,amazon-sports-and-outdoors,test,fixed_K16,1,1,1,excess_cluster_match,0.20789473684210522,0.12717105263157896,0.2943092105263158,114,114,probability_difference,estimated,,,,,,,,,,
alignment_summary.csv,amazon-sports-and-outdoors,test,fixed_K16,2,2,2,raw_cosine,0.16311495388416866,0.1470292081656098,0.17999185950969132,114,114,cosine,estimated,,,,,,,,,,
alignment_summary.csv,amazon-sports-and-outdoors,test,fixed_K16,2,2,2,random_cosine,0.13006217052277766,0.12498409976006339,0.13525386564596964,114,114,cosine,estimated,,,,,,,,,,
alignment_summary.csv,amazon-sports-and-outdoors,test,fixed_K16,2,2,2,excess_cosine,0.03305278336139102,0.018619304103776813,0.049514611950961115,114,114,cosine,estimated,,,,,,,,,,
alignment_summary.csv,amazon-sports-and-outdoors,test,fixed_K16,2,2,2,raw_cosine_z,0.8466924985302886,0.5613320643353548,1.1460880752992049,114,114,within_subset_z,estimated,,,,,,,,,,
alignment_summary.csv,amazon-sports-and-outdoors,test,fixed_K16,2,2,2,random_cosine_z,0.26033754947278037,0.17025279349849748,0.3524379966937323,114,114,within_subset_z,estimated,,,,,,,,,,
alignment_summary.csv,amazon-sports-and-outdoors,test,fixed_K16,2,2,2,excess_cosine_z,0.5863549490575083,0.3303056505071543,0.8783870771386147,114,114,within_subset_z,estimated,,,,,,,,,,
alignment_summary.csv,amazon-sports-and-outdoors,test,fixed_K16,2,2,2,raw_cluster_match,0.13157894736842105,0.07017543859649122,0.19298245614035087,114,114,probability_difference,estimated,,,,,,,,,,
alignment_summary.csv,amazon-sports-and-outdoors,test,fixed_K16,2,2,2,random_cluster_match,0.060526315789473685,0.04736842105263158,0.07543859649122808,114,114,probability_difference,estimated,,,,,,,,,,
alignment_summary.csv,amazon-sports-and-outdoors,test,fixed_K16,2,2,2,excess_cluster_match,0.07105263157894735,0.011842105263157892,0.13333333333333333,114,114,probability_difference,estimated,,,,,,,,,,
alignment_summary.csv,amazon-sports-and-outdoors,test,fixed_K16,3-4,3,4,raw_cosine,0.16677295584885174,0.15326612751375426,0.1815466366939067,114,228,cosine,estimated,,,,,,,,,,
alignment_summary.csv,amazon-sports-and-outdoors,test,fixed_K16,3-4,3,4,random_cosine,0.1320746892311594,0.1271925705321656,0.137020500515702,114,228,cosine,estimated,,,,,,,,,,
alignment_summary.csv,amazon-sports-and-outdoors,test,fixed_K16,3-4,3,4,excess_cosine,0.034698266617692354,0.023073987150973262,0.04787936629992989,114,228,cosine,estimated,,,,,,,,,,
alignment_summary.csv,amazon-sports-and-outdoors,test,fixed_K16,3-4,3,4,raw_cosine_z,0.9115852953698872,0.6719747441566507,1.173669755385829,114,228,within_subset_z,estimated,,,,,,,,,,
alignment_summary.csv,amazon-sports-and-outdoors,test,fixed_K16,3-4,3,4,random_cosine_z,0.29603954442515923,0.2094309695967809,0.38377802296985947,114,228,within_subset_z,estimated,,,,,,,,,,
alignment_summary.csv,amazon-sports-and-outdoors,test,fixed_K16,3-4,3,4,excess_cosine_z,0.6155457509447277,0.40933153533648853,0.8493778899266554,114,228,within_subset_z,estimated,,,,,,,,,,
alignment_summary.csv,amazon-sports-and-outdoors,test,fixed_K16,3-4,3,4,raw_cluster_match,0.17105263157894737,0.11842105263157894,0.21929824561403508,114,228,probability_difference,estimated,,,,,,,,,,
alignment_summary.csv,amazon-sports-and-outdoors,test,fixed_K16,3-4,3,4,random_cluster_match,0.06907894736842106,0.05570175438596492,0.08289473684210527,114,228,probability_difference,estimated,,,,,,,,,,
alignment_summary.csv,amazon-sports-and-outdoors,test,fixed_K16,3-4,3,4,excess_cluster_match,0.10197368421052633,0.05131030701754387,0.15219298245614035,114,228,probability_difference,estimated,,,,,,,,,,
alignment_summary.csv,amazon-sports-and-outdoors,test,fixed_K16,5-8,5,8,raw_cosine,0.15772906408988333,0.147269936187781,0.16919762250076847,114,456,cosine,estimated,,,,,,,,,,
alignment_summary.csv,amazon-sports-and-outdoors,test,fixed_K16,5-8,5,8,random_cosine,0.1320651902147291,0.1271288867349524,0.1370681342656577,114,456,cosine,estimated,,,,,,,,,,
alignment_summary.csv,amazon-sports-and-outdoors,test,fixed_K16,5-8,5,8,excess_cosine,0.025663873875154217,0.01665582623814739,0.03528025961673018,114,456,cosine,estimated,,,,,,,,,,
alignment_summary.csv,amazon-sports-and-outdoors,test,fixed_K16,5-8,5,8,raw_cosine_z,0.7511470462327232,0.5656025690499984,0.9545987770371154,114,456,within_subset_z,estimated,,,,,,,,,,
alignment_summary.csv,amazon-sports-and-outdoors,test,fixed_K16,5-8,5,8,random_cosine_z,0.2958710322840126,0.20830122178515326,0.38462304363644956,114,456,within_subset_z,estimated,,,,,,,,,,
alignment_summary.csv,amazon-sports-and-outdoors,test,fixed_K16,5-8,5,8,excess_cosine_z,0.4552760139487106,0.2954736379867953,0.6258702816074396,114,456,within_subset_z,estimated,,,,,,,,,,
alignment_summary.csv,amazon-sports-and-outdoors,test,fixed_K16,5-8,5,8,raw_cluster_match,0.16666666666666666,0.1206140350877193,0.21710526315789475,114,456,probability_difference,estimated,,,,,,,,,,
alignment_summary.csv,amazon-sports-and-outdoors,test,fixed_K16,5-8,5,8,random_cluster_match,0.07423245614035086,0.061842105263157886,0.08826754385964913,114,456,probability_difference,estimated,,,,,,,,,,
alignment_summary.csv,amazon-sports-and-outdoors,test,fixed_K16,5-8,5,8,excess_cluster_match,0.09243421052631579,0.05119517543859649,0.13914747807017544,114,456,probability_difference,estimated,,,,,,,,,,
alignment_summary.csv,amazon-sports-and-outdoors,test,fixed_K16,9-16,9,16,raw_cosine,0.1461822408621134,0.13892816106646871,0.1534843674699547,114,912,cosine,estimated,,,,,,,,,,
alignment_summary.csv,amazon-sports-and-outdoors,test,fixed_K16,9-16,9,16,random_cosine,0.13110429507255422,0.1263120223983526,0.13617216919828615,114,912,cosine,estimated,,,,,,,,,,
alignment_summary.csv,amazon-sports-and-outdoors,test,fixed_K16,9-16,9,16,excess_cosine,0.015077945789559172,0.009544162502539909,0.020763633142147832,114,912,cosine,estimated,,,,,,,,,,
alignment_summary.csv,amazon-sports-and-outdoors,test,fixed_K16,9-16,9,16,raw_cosine_z,0.546306900957583,0.4176198387356814,0.6758463115523848,114,912,within_subset_z,estimated,,,,,,,,,,
alignment_summary.csv,amazon-sports-and-outdoors,test,fixed_K16,9-16,9,16,random_cosine_z,0.2788247939693996,0.19381008373977562,0.3687286620440774,114,912,within_subset_z,estimated,,,,,,,,,,
alignment_summary.csv,amazon-sports-and-outdoors,test,fixed_K16,9-16,9,16,excess_cosine_z,0.26748210698818337,0.16931303051804017,0.36834595501976225,114,912,within_subset_z,estimated,,,,,,,,,,
alignment_summary.csv,amazon-sports-and-outdoors,test,fixed_K16,9-16,9,16,raw_cluster_match,0.13048245614035087,0.09758771929824561,0.16447368421052633,114,912,probability_difference,estimated,,,,,,,,,,
alignment_summary.csv,amazon-sports-and-outdoors,test,fixed_K16,9-16,9,16,random_cluster_match,0.07023026315789474,0.05882538377192982,0.0825109649122807,114,912,probability_difference,estimated,,,,,,,,,,
alignment_summary.csv,amazon-sports-and-outdoors,test,fixed_K16,9-16,9,16,excess_cluster_match,0.06025219298245613,0.03081140350877193,0.08985745614035086,114,912,probability_difference,estimated,,,,,,,,,,
alignment_summary.csv,amazon-sports-and-outdoors,test,fixed_K32,1,1,1,raw_cosine,0.2419943522948485,0.16736165085950722,0.33742262251102,26,26,cosine,exploratory_n_lt_100,,,,,,,,,,
alignment_summary.csv,amazon-sports-and-outdoors,test,fixed_K32,1,1,1,random_cosine,0.13405306178789872,0.12289437246867098,0.14598721075946322,26,26,cosine,exploratory_n_lt_100,,,,,,,,,,
alignment_summary.csv,amazon-sports-and-outdoors,test,fixed_K32,1,1,1,excess_cosine,0.1079412905069498,0.03205730175026335,0.20202523527953484,26,26,cosine,exploratory_n_lt_100,,,,,,,,,,
alignment_summary.csv,amazon-sports-and-outdoors,test,fixed_K32,1,1,1,raw_cosine_z,2.2460096190003087,0.9220287194291908,3.938903010441898,26,26,within_subset_z,exploratory_n_lt_100,,,,,,,,,,
alignment_summary.csv,amazon-sports-and-outdoors,test,fixed_K32,1,1,1,random_cosine_z,0.3311357881224054,0.13318112161867082,0.5428470753612396,26,26,within_subset_z,exploratory_n_lt_100,,,,,,,,,,
alignment_summary.csv,amazon-sports-and-outdoors,test,fixed_K32,1,1,1,excess_cosine_z,1.9148738308779032,0.5686951482776962,3.58391894702079,26,26,within_subset_z,exploratory_n_lt_100,,,,,,,,,,
alignment_summary.csv,amazon-sports-and-outdoors,test,fixed_K32,1,1,1,raw_cluster_match,0.3076923076923077,0.11538461538461539,0.5,26,26,probability_difference,exploratory_n_lt_100,,,,,,,,,,
alignment_summary.csv,amazon-sports-and-outdoors,test,fixed_K32,1,1,1,random_cluster_match,0.06538461538461539,0.04038461538461539,0.09423076923076922,26,26,probability_difference,exploratory_n_lt_100,,,,,,,,,,
alignment_summary.csv,amazon-sports-and-outdoors,test,fixed_K32,1,1,1,excess_cluster_match,0.2423076923076923,0.055769230769230765,0.4384615384615384,26,26,probability_difference,exploratory_n_lt_100,,,,,,,,,,
alignment_summary.csv,amazon-sports-and-outdoors,test,fixed_K32,2,2,2,raw_cosine,0.2002413568015282,0.1671767019523451,0.23761537930426688,26,26,cosine,exploratory_n_lt_100,,,,,,,,,,
alignment_summary.csv,amazon-sports-and-outdoors,test,fixed_K32,2,2,2,random_cosine,0.1338399055485542,0.12475294616216649,0.1428488835119284,26,26,cosine,exploratory_n_lt_100,,,,,,,,,,
alignment_summary.csv,amazon-sports-and-outdoors,test,fixed_K32,2,2,2,excess_cosine,0.066401451252974,0.03546284830484253,0.09979950653102534,26,26,cosine,exploratory_n_lt_100,,,,,,,,,,
alignment_summary.csv,amazon-sports-and-outdoors,test,fixed_K32,2,2,2,raw_cosine_z,1.5053132825434603,0.9187477338053306,2.1683268273048912,26,26,within_subset_z,exploratory_n_lt_100,,,,,,,,,,
alignment_summary.csv,amazon-sports-and-outdoors,test,fixed_K32,2,2,2,random_cosine_z,0.32735440564409524,0.16615213865689624,0.48717328555558076,26,26,within_subset_z,exploratory_n_lt_100,,,,,,,,,,
alignment_summary.csv,amazon-sports-and-outdoors,test,fixed_K32,2,2,2,excess_cosine_z,1.177958876899365,0.6291093970473106,1.770438934843795,26,26,within_subset_z,exploratory_n_lt_100,,,,,,,,,,
alignment_summary.csv,amazon-sports-and-outdoors,test,fixed_K32,2,2,2,raw_cluster_match,0.11538461538461539,0.0,0.23076923076923078,26,26,probability_difference,exploratory_n_lt_100,,,,,,,,,,
alignment_summary.csv,amazon-sports-and-outdoors,test,fixed_K32,2,2,2,random_cluster_match,0.03653846153846154,0.01730769230769231,0.05961538461538462,26,26,probability_difference,exploratory_n_lt_100,,,,,,,,,,
alignment_summary.csv,amazon-sports-and-outdoors,test,fixed_K32,2,2,2,excess_cluster_match,0.07884615384615384,-0.036538461538461534,0.20961538461538462,26,26,probability_difference,exploratory_n_lt_100,,,,,,,,,,
alignment_summary.csv,amazon-sports-and-outdoors,test,fixed_K32,3-4,3,4,raw_cosine,0.18020806869921777,0.1521717226741692,0.21251382534929478,26,52,cosine,exploratory_n_lt_100,,,,,,,,,,
alignment_summary.csv,amazon-sports-and-outdoors,test,fixed_K32,3-4,3,4,random_cosine,0.1382758584446632,0.1279255654806128,0.1489146158994677,26,52,cosine,exploratory_n_lt_100,,,,,,,,,,
alignment_summary.csv,amazon-sports-and-outdoors,test,fixed_K32,3-4,3,4,excess_cosine,0.04193221025455456,0.01822199167934461,0.07256454527915382,26,52,cosine,exploratory_n_lt_100,,,,,,,,,,
alignment_summary.csv,amazon-sports-and-outdoors,test,fixed_K32,3-4,3,4,raw_cosine_z,1.1499236169818647,0.6525600495771691,1.7230263444498057,26,52,within_subset_z,exploratory_n_lt_100,,,,,,,,,,
alignment_summary.csv,amazon-sports-and-outdoors,test,fixed_K32,3-4,3,4,random_cosine_z,0.40604801840222005,0.22243426831921795,0.5947791160904647,26,52,within_subset_z,exploratory_n_lt_100,,,,,,,,,,
alignment_summary.csv,amazon-sports-and-outdoors,test,fixed_K32,3-4,3,4,excess_cosine_z,0.7438755985796448,0.32325734526034156,1.2872918986980237,26,52,within_subset_z,exploratory_n_lt_100,,,,,,,,,,
alignment_summary.csv,amazon-sports-and-outdoors,test,fixed_K32,3-4,3,4,raw_cluster_match,0.15384615384615385,0.07692307692307693,0.25,26,52,probability_difference,exploratory_n_lt_100,,,,,,,,,,
alignment_summary.csv,amazon-sports-and-outdoors,test,fixed_K32,3-4,3,4,random_cluster_match,0.05000000000000001,0.03076923076923077,0.07307692307692307,26,52,probability_difference,exploratory_n_lt_100,,,,,,,,,,
alignment_summary.csv,amazon-sports-and-outdoors,test,fixed_K32,3-4,3,4,excess_cluster_match,0.10384615384615384,0.02401442307692308,0.18752403846153834,26,52,probability_difference,exploratory_n_lt_100,,,,,,,,,,
alignment_summary.csv,amazon-sports-and-outdoors,test,fixed_K32,5-8,5,8,raw_cosine,0.17633118767004746,0.1513093934707845,0.2017075230582402,26,104,cosine,exploratory_n_lt_100,,,,,,,,,,
alignment_summary.csv,amazon-sports-and-outdoors,test,fixed_K32,5-8,5,8,random_cosine,0.13697854622911948,0.12699289575326617,0.14779659071758103,26,104,cosine,exploratory_n_lt_100,,,,,,,,,,
alignment_summary.csv,amazon-sports-and-outdoors,test,fixed_K32,5-8,5,8,excess_cosine,0.03935264144092798,0.017018757635154404,0.0631009452582265,26,104,cosine,exploratory_n_lt_100,,,,,,,,,,
alignment_summary.csv,amazon-sports-and-outdoors,test,fixed_K32,5-8,5,8,raw_cosine_z,1.0811479149931322,0.6372623667589625,1.5313230086038805,26,104,within_subset_z,exploratory_n_lt_100,,,,,,,,,,
alignment_summary.csv,amazon-sports-and-outdoors,test,fixed_K32,5-8,5,8,random_cosine_z,0.38303375573817555,0.20588874764441062,0.5749453976588748,26,104,within_subset_z,exploratory_n_lt_100,,,,,,,,,,
alignment_summary.csv,amazon-sports-and-outdoors,test,fixed_K32,5-8,5,8,excess_cosine_z,0.6981141592549568,0.3019120252922347,1.1194080431237516,26,104,within_subset_z,exploratory_n_lt_100,,,,,,,,,,
alignment_summary.csv,amazon-sports-and-outdoors,test,fixed_K32,5-8,5,8,raw_cluster_match,0.15384615384615385,0.057692307692307696,0.25961538461538464,26,104,probability_difference,exploratory_n_lt_100,,,,,,,,,,
alignment_summary.csv,amazon-sports-and-outdoors,test,fixed_K32,5-8,5,8,random_cluster_match,0.05913461538461538,0.04278846153846154,0.07692307692307691,26,104,probability_difference,exploratory_n_lt_100,,,,,,,,,,
alignment_summary.csv,amazon-sports-and-outdoors,test,fixed_K32,5-8,5,8,excess_cluster_match,0.09471153846153844,0.0023918269230769223,0.20096153846153847,26,104,probability_difference,exploratory_n_lt_100,,,,,,,,,,
alignment_summary.csv,amazon-sports-and-outdoors,test,fixed_K32,9-16,9,16,raw_cosine,0.15859557350631803,0.14359611978736492,0.173205724402886,26,208,cosine,exploratory_n_lt_100,,,,,,,,,,
alignment_summary.csv,amazon-sports-and-outdoors,test,fixed_K32,9-16,9,16,random_cosine,0.1341632455229186,0.1234178141054984,0.14543777873041108,26,208,cosine,exploratory_n_lt_100,,,,,,,,,,
alignment_summary.csv,amazon-sports-and-outdoors,test,fixed_K32,9-16,9,16,excess_cosine,0.024432327983399425,0.013127155594590406,0.037000894328006184,26,208,cosine,exploratory_n_lt_100,,,,,,,,,,
alignment_summary.csv,amazon-sports-and-outdoors,test,fixed_K32,9-16,9,16,raw_cosine_z,0.7665188858498649,0.5004292248036288,1.0257023316436145,26,208,within_subset_z,exploratory_n_lt_100,,,,,,,,,,
alignment_summary.csv,amazon-sports-and-outdoors,test,fixed_K32,9-16,9,16,random_cosine_z,0.3330904428220765,0.14246695364499978,0.5331001748995451,26,208,within_subset_z,exploratory_n_lt_100,,,,,,,,,,
alignment_summary.csv,amazon-sports-and-outdoors,test,fixed_K32,9-16,9,16,excess_cosine_z,0.43342844302778843,0.23287517319727802,0.6563942670596095,26,208,within_subset_z,exploratory_n_lt_100,,,,,,,,,,
alignment_summary.csv,amazon-sports-and-outdoors,test,fixed_K32,9-16,9,16,raw_cluster_match,0.1346153846153846,0.07692307692307693,0.20192307692307693,26,208,probability_difference,exploratory_n_lt_100,,,,,,,,,,
alignment_summary.csv,amazon-sports-and-outdoors,test,fixed_K32,9-16,9,16,random_cluster_match,0.057451923076923074,0.03918269230769231,0.07740384615384616,26,208,probability_difference,exploratory_n_lt_100,,,,,,,,,,
alignment_summary.csv,amazon-sports-and-outdoors,test,fixed_K32,9-16,9,16,excess_cluster_match,0.07716346153846156,0.01873798076923076,0.14447115384615383,26,208,probability_difference,exploratory_n_lt_100,,,,,,,,,,
alignment_summary.csv,amazon-sports-and-outdoors,test,fixed_K32,17-32,17,32,raw_cosine,0.16380744909670633,0.14302452073965327,0.18797156650487942,26,416,cosine,exploratory_n_lt_100,,,,,,,,,,
alignment_summary.csv,amazon-sports-and-outdoors,test,fixed_K32,17-32,17,32,random_cosine,0.13711514981248632,0.1262747329126936,0.14764000767430002,26,416,cosine,exploratory_n_lt_100,,,,,,,,,,
alignment_summary.csv,amazon-sports-and-outdoors,test,fixed_K32,17-32,17,32,excess_cosine,0.02669229928422003,0.007263612633799382,0.04997219298921452,26,416,cosine,exploratory_n_lt_100,,,,,,,,,,
alignment_summary.csv,amazon-sports-and-outdoors,test,fixed_K32,17-32,17,32,raw_cosine_z,0.8589773336871487,0.49028908238845875,1.287647732696253,26,416,within_subset_z,exploratory_n_lt_100,,,,,,,,,,
alignment_summary.csv,amazon-sports-and-outdoors,test,fixed_K32,17-32,17,32,random_cosine_z,0.38545709740626904,0.19314856987497067,0.5721676212349521,26,416,within_subset_z,exploratory_n_lt_100,,,,,,,,,,
alignment_summary.csv,amazon-sports-and-outdoors,test,fixed_K32,17-32,17,32,excess_cosine_z,0.4735202362808795,0.12885617435897742,0.886504544991206,26,416,within_subset_z,exploratory_n_lt_100,,,,,,,,,,
alignment_summary.csv,amazon-sports-and-outdoors,test,fixed_K32,17-32,17,32,raw_cluster_match,0.125,0.0625,0.1971153846153846,26,416,probability_difference,exploratory_n_lt_100,,,,,,,,,,
alignment_summary.csv,amazon-sports-and-outdoors,test,fixed_K32,17-32,17,32,random_cluster_match,0.05420673076923077,0.034735576923076925,0.07764423076923078,26,416,probability_difference,exploratory_n_lt_100,,,,,,,,,,
alignment_summary.csv,amazon-sports-and-outdoors,test,fixed_K32,17-32,17,32,excess_cluster_match,0.07079326923076924,0.003464543269230768,0.14772536057692304,26,416,probability_difference,exploratory_n_lt_100,,,,,,,,,,
alignment_summary.csv,amazon-toys-and-games,test,all_available,1,1,1,raw_cosine,0.22213353746570647,0.21435177000632974,0.23073849671338684,2000,2000,cosine,estimated,,,,,,,,,,
alignment_summary.csv,amazon-toys-and-games,test,all_available,1,1,1,random_cosine,0.1392001840416342,0.13783290679464116,0.14050383677636272,2000,2000,cosine,estimated,,,,,,,,,,
alignment_summary.csv,amazon-toys-and-games,test,all_available,1,1,1,excess_cosine,0.08293335342407226,0.07525939772990532,0.09154800949601921,2000,2000,cosine,estimated,,,,,,,,,,
alignment_summary.csv,amazon-toys-and-games,test,all_available,1,1,1,raw_cosine_z,1.6792459350224653,1.5471348499891158,1.8253323490425863,2000,2000,within_subset_z,estimated,,,,,,,,,,
alignment_summary.csv,amazon-toys-and-games,test,all_available,1,1,1,random_cosine_z,0.2712861927782515,0.2480739236395732,0.2934183084178872,2000,2000,within_subset_z,estimated,,,,,,,,,,
alignment_summary.csv,amazon-toys-and-games,test,all_available,1,1,1,excess_cosine_z,1.4079597422442138,1.2776789778103395,1.5542107792734288,2000,2000,within_subset_z,estimated,,,,,,,,,,
alignment_summary.csv,amazon-toys-and-games,test,all_available,1,1,1,raw_cluster_match,0.213,0.196,0.2305,2000,2000,probability_difference,estimated,,,,,,,,,,
alignment_summary.csv,amazon-toys-and-games,test,all_available,1,1,1,random_cluster_match,0.05985,0.05714937500000001,0.062575,2000,2000,probability_difference,estimated,,,,,,,,,,
alignment_summary.csv,amazon-toys-and-games,test,all_available,1,1,1,excess_cluster_match,0.15315,0.13527187499999999,0.17130374999999998,2000,2000,probability_difference,estimated,,,,,,,,,,
alignment_summary.csv,amazon-toys-and-games,test,all_available,2,2,2,raw_cosine,0.19754474725574256,0.1911844121438218,0.20420565618237016,2000,2000,cosine,estimated,,,,,,,,,,
alignment_summary.csv,amazon-toys-and-games,test,all_available,2,2,2,random_cosine,0.13950850430876016,0.13811478435690513,0.1409356567619834,2000,2000,cosine,estimated,,,,,,,,,,
alignment_summary.csv,amazon-toys-and-games,test,all_available,2,2,2,excess_cosine,0.05803624294698238,0.051844962540268894,0.06462541314549743,2000,2000,cosine,estimated,,,,,,,,,,
alignment_summary.csv,amazon-toys-and-games,test,all_available,2,2,2,raw_cosine_z,1.2618019839851613,1.1538225593624087,1.3748842509892665,2000,2000,within_subset_z,estimated,,,,,,,,,,
alignment_summary.csv,amazon-toys-and-games,test,all_available,2,2,2,random_cosine_z,0.2765205467011128,0.25285935969785306,0.3007493173611951,2000,2000,within_subset_z,estimated,,,,,,,,,,
alignment_summary.csv,amazon-toys-and-games,test,all_available,2,2,2,excess_cosine_z,0.9852814372840484,0.8801720548016593,1.097145795726977,2000,2000,within_subset_z,estimated,,,,,,,,,,
alignment_summary.csv,amazon-toys-and-games,test,all_available,2,2,2,raw_cluster_match,0.1865,0.169,0.204,2000,2000,probability_difference,estimated,,,,,,,,,,
alignment_summary.csv,amazon-toys-and-games,test,all_available,2,2,2,random_cluster_match,0.056475000000000004,0.05385,0.059250625,2000,2000,probability_difference,estimated,,,,,,,,,,
alignment_summary.csv,amazon-toys-and-games,test,all_available,2,2,2,excess_cluster_match,0.13002499999999997,0.11269562500000001,0.147225,2000,2000,probability_difference,estimated,,,,,,,,,,
alignment_summary.csv,amazon-toys-and-games,test,all_available,3-4,3,4,raw_cosine,0.17788501141062707,0.17354308749758804,0.18250513120950698,1964,3808,cosine,estimated,,,,,,,,,,
alignment_summary.csv,amazon-toys-and-games,test,all_available,3-4,3,4,random_cosine,0.13996648344319398,0.13857582533808405,0.14122596434931614,1964,3808,cosine,estimated,,,,,,,,,,
alignment_summary.csv,amazon-toys-and-games,test,all_available,3-4,3,4,excess_cosine,0.037918527967433106,0.03368270575870165,0.04235576454702007,1964,3808,cosine,estimated,,,,,,,,,,
alignment_summary.csv,amazon-toys-and-games,test,all_available,3-4,3,4,raw_cosine_z,0.9280386008558392,0.8543257480523736,1.006474385888019,1964,3808,within_subset_z,estimated,,,,,,,,,,
alignment_summary.csv,amazon-toys-and-games,test,all_available,3-4,3,4,random_cosine_z,0.28429565957727304,0.26068645355363124,0.30567786997551505,1964,3808,within_subset_z,estimated,,,,,,,,,,
alignment_summary.csv,amazon-toys-and-games,test,all_available,3-4,3,4,excess_cosine_z,0.6437429412785662,0.5718313773664915,0.7190739174532071,1964,3808,within_subset_z,estimated,,,,,,,,,,
alignment_summary.csv,amazon-toys-and-games,test,all_available,3-4,3,4,raw_cluster_match,0.1540224032586558,0.14052953156822812,0.1680244399185336,1964,3808,probability_difference,estimated,,,,,,,,,,
alignment_summary.csv,amazon-toys-and-games,test,all_available,3-4,3,4,random_cluster_match,0.05707739307535642,0.05482433808553972,0.05935590631364562,1964,3808,probability_difference,estimated,,,,,,,,,,
alignment_summary.csv,amazon-toys-and-games,test,all_available,3-4,3,4,excess_cluster_match,0.09694501018329937,0.08351578411405296,0.11139320264765784,1964,3808,probability_difference,estimated,,,,,,,,,,
alignment_summary.csv,amazon-toys-and-games,test,all_available,5-8,5,8,raw_cosine,0.1717933773614484,0.16713905134920615,0.176546979932617,1324,3676,cosine,estimated,,,,,,,,,,
alignment_summary.csv,amazon-toys-and-games,test,all_available,5-8,5,8,random_cosine,0.14059149776866767,0.1390209757305144,0.14224787020401877,1324,3676,cosine,estimated,,,,,,,,,,
alignment_summary.csv,amazon-toys-and-games,test,all_available,5-8,5,8,excess_cosine,0.031201879592780733,0.02658311593743317,0.03591597217268135,1324,3676,cosine,estimated,,,,,,,,,,
alignment_summary.csv,amazon-toys-and-games,test,all_available,5-8,5,8,raw_cosine_z,0.8246209148270214,0.7456044108276183,0.9053228372081235,1324,3676,within_subset_z,estimated,,,,,,,,,,
alignment_summary.csv,amazon-toys-and-games,test,all_available,5-8,5,8,random_cosine_z,0.29490652929687916,0.2682437728456814,0.3230267681495435,1324,3676,within_subset_z,estimated,,,,,,,,,,
alignment_summary.csv,amazon-toys-and-games,test,all_available,5-8,5,8,excess_cosine_z,0.5297143855301423,0.4513016237500004,0.6097455466936518,1324,3676,within_subset_z,estimated,,,,,,,,,,
alignment_summary.csv,amazon-toys-and-games,test,all_available,5-8,5,8,raw_cluster_match,0.14646273917421956,0.13091641490433029,0.1618202416918429,1324,3676,probability_difference,estimated,,,,,,,,,,
alignment_summary.csv,amazon-toys-and-games,test,all_available,5-8,5,8,random_cluster_match,0.05790533736153071,0.05528378335850956,0.060759771525679754,1324,3676,probability_difference,estimated,,,,,,,,,,
alignment_summary.csv,amazon-toys-and-games,test,all_available,5-8,5,8,excess_cluster_match,0.08855740181268883,0.07273594851460222,0.1038041289023162,1324,3676,probability_difference,estimated,,,,,,,,,,
alignment_summary.csv,amazon-toys-and-games,test,all_available,9-16,9,16,raw_cosine,0.1672587957713973,0.16077427536363212,0.17432412100281997,481,2194,cosine,estimated,,,,,,,,,,
alignment_summary.csv,amazon-toys-and-games,test,all_available,9-16,9,16,random_cosine,0.14121075218955365,0.13865791674632502,0.14393583087053008,481,2194,cosine,estimated,,,,,,,,,,
alignment_summary.csv,amazon-toys-and-games,test,all_available,9-16,9,16,excess_cosine,0.02604804358184363,0.02007250676148891,0.03243621201962889,481,2194,cosine,estimated,,,,,,,,,,
alignment_summary.csv,amazon-toys-and-games,test,all_available,9-16,9,16,raw_cosine_z,0.7476373121736098,0.6375495934820815,0.867585355765176,481,2194,within_subset_z,estimated,,,,,,,,,,
alignment_summary.csv,amazon-toys-and-games,test,all_available,9-16,9,16,random_cosine_z,0.30541961310232846,0.2620801195904603,0.351683280479235,481,2194,within_subset_z,estimated,,,,,,,,,,
alignment_summary.csv,amazon-toys-and-games,test,all_available,9-16,9,16,excess_cosine_z,0.44221769907128133,0.3407709959778141,0.550669650134749,481,2194,within_subset_z,estimated,,,,,,,,,,
alignment_summary.csv,amazon-toys-and-games,test,all_available,9-16,9,16,raw_cluster_match,0.12186664686664685,0.1021031952281952,0.1443327393327393,481,2194,probability_difference,estimated,,,,,,,,,,
alignment_summary.csv,amazon-toys-and-games,test,all_available,9-16,9,16,random_cluster_match,0.058767943767943774,0.054455780987030994,0.06336355311355311,481,2194,probability_difference,estimated,,,,,,,,,,
alignment_summary.csv,amazon-toys-and-games,test,all_available,9-16,9,16,excess_cluster_match,0.0630987030987031,0.04279965164340164,0.08568612327987327,481,2194,probability_difference,estimated,,,,,,,,,,
alignment_summary.csv,amazon-toys-and-games,test,all_available,17-32,17,32,raw_cosine,0.16603873490627932,0.15406699906586516,0.17843877604649383,137,1138,cosine,estimated,,,,,,,,,,
alignment_summary.csv,amazon-toys-and-games,test,all_available,17-32,17,32,random_cosine,0.14215945633706947,0.13741042991347735,0.14717554626064902,137,1138,cosine,estimated,,,,,,,,,,
alignment_summary.csv,amazon-toys-and-games,test,all_available,17-32,17,32,excess_cosine,0.02387927856920988,0.013067867790842264,0.03484308537413075,137,1138,cosine,estimated,,,,,,,,,,
alignment_summary.csv,amazon-toys-and-games,test,all_available,17-32,17,32,raw_cosine_z,0.7269243359071141,0.5236801475056738,0.9374398644221646,137,1138,within_subset_z,estimated,,,,,,,,,,
alignment_summary.csv,amazon-toys-and-games,test,all_available,17-32,17,32,random_cosine_z,0.32152576571588803,0.24090153260329214,0.40668393651556217,137,1138,within_subset_z,estimated,,,,,,,,,,
alignment_summary.csv,amazon-toys-and-games,test,all_available,17-32,17,32,excess_cosine_z,0.4053985701912261,0.22185322318264325,0.5915311449122566,137,1138,within_subset_z,estimated,,,,,,,,,,
alignment_summary.csv,amazon-toys-and-games,test,all_available,17-32,17,32,raw_cluster_match,0.14071969190582329,0.10303485190802708,0.18154509116187947,137,1138,probability_difference,estimated,,,,,,,,,,
alignment_summary.csv,amazon-toys-and-games,test,all_available,17-32,17,32,random_cluster_match,0.0591083085608633,0.05185205352484094,0.06648664171645466,137,1138,probability_difference,estimated,,,,,,,,,,
alignment_summary.csv,amazon-toys-and-games,test,all_available,17-32,17,32,excess_cluster_match,0.08161138334495999,0.043966960730874964,0.12234478537227164,137,1138,probability_difference,estimated,,,,,,,,,,
alignment_summary.csv,amazon-toys-and-games,test,all_available,33-64,33,64,raw_cosine,0.17859017819720546,0.16049639527103438,0.19931955503992996,33,397,cosine,exploratory_n_lt_100,,,,,,,,,,
alignment_summary.csv,amazon-toys-and-games,test,all_available,33-64,33,64,random_cosine,0.14822174925734738,0.13990734726558776,0.15668243215798658,33,397,cosine,exploratory_n_lt_100,,,,,,,,,,
alignment_summary.csv,amazon-toys-and-games,test,all_available,33-64,33,64,excess_cosine,0.03036842893985805,0.01373205204694782,0.04887769707075787,33,397,cosine,exploratory_n_lt_100,,,,,,,,,,
alignment_summary.csv,amazon-toys-and-games,test,all_available,33-64,33,64,raw_cosine_z,0.9400102191020375,0.6328320224760215,1.291932900042297,33,397,within_subset_z,exploratory_n_lt_100,,,,,,,,,,
alignment_summary.csv,amazon-toys-and-games,test,all_available,33-64,33,64,random_cosine_z,0.4244453273281875,0.2832917045466108,0.5680823614546324,33,397,within_subset_z,exploratory_n_lt_100,,,,,,,,,,
alignment_summary.csv,amazon-toys-and-games,test,all_available,33-64,33,64,excess_cosine_z,0.5155648917738499,0.2331290809095974,0.82979678172835,33,397,within_subset_z,exploratory_n_lt_100,,,,,,,,,,
alignment_summary.csv,amazon-toys-and-games,test,all_available,33-64,33,64,raw_cluster_match,0.11642685213337386,0.05360399036350123,0.19756858193135365,33,397,probability_difference,exploratory_n_lt_100,,,,,,,,,,
alignment_summary.csv,amazon-toys-and-games,test,all_available,33-64,33,64,random_cluster_match,0.04819798036102385,0.03720663987280835,0.06020942210215309,33,397,probability_difference,exploratory_n_lt_100,,,,,,,,,,
alignment_summary.csv,amazon-toys-and-games,test,all_available,33-64,33,64,excess_cluster_match,0.06822887177235004,0.004023749725516025,0.1508423084488981,33,397,probability_difference,exploratory_n_lt_100,,,,,,,,,,
alignment_summary.csv,amazon-toys-and-games,test,all_available,65-100,65,100,raw_cosine,0.1788640830005396,0.14918875588160577,0.210197536468917,7,160,cosine,exploratory_n_lt_100,,,,,,,,,,
alignment_summary.csv,amazon-toys-and-games,test,all_available,65-100,65,100,random_cosine,0.16044157820059343,0.14306666863950018,0.17672897753557812,7,160,cosine,exploratory_n_lt_100,,,,,,,,,,
alignment_summary.csv,amazon-toys-and-games,test,all_available,65-100,65,100,excess_cosine,0.018422504799946195,-0.004034234524276964,0.0405467409743762,7,160,cosine,exploratory_n_lt_100,,,,,,,,,,
alignment_summary.csv,amazon-toys-and-games,test,all_available,65-100,65,100,raw_cosine_z,0.9446603016126272,0.4408622011337998,1.4766084171479215,7,160,within_subset_z,exploratory_n_lt_100,,,,,,,,,,
alignment_summary.csv,amazon-toys-and-games,test,all_available,65-100,65,100,random_cosine_z,0.6319013929381805,0.33692751117479475,0.9084126109550483,7,160,within_subset_z,exploratory_n_lt_100,,,,,,,,,,
alignment_summary.csv,amazon-toys-and-games,test,all_available,65-100,65,100,excess_cosine_z,0.3127589086744467,-0.0684892093041183,0.6883621198724515,7,160,within_subset_z,exploratory_n_lt_100,,,,,,,,,,
alignment_summary.csv,amazon-toys-and-games,test,all_available,65-100,65,100,raw_cluster_match,0.06830962688105545,0.024376417233560092,0.12122242836528552,7,160,probability_difference,exploratory_n_lt_100,,,,,,,,,,
alignment_summary.csv,amazon-toys-and-games,test,all_available,65-100,65,100,random_cluster_match,0.056403937332508765,0.03565421304885591,0.08087054215625646,7,160,probability_difference,exploratory_n_lt_100,,,,,,,,,,
alignment_summary.csv,amazon-toys-and-games,test,all_available,65-100,65,100,excess_cluster_match,0.011905689548546693,-0.01241530612244898,0.04218552875695732,7,160,probability_difference,exploratory_n_lt_100,,,,,,,,,,
alignment_summary.csv,amazon-toys-and-games,test,fixed_K8,1,1,1,raw_cosine,0.2282550600758254,0.21255838852344908,0.24494542896929533,604,604,cosine,estimated,,,,,,,,,,
alignment_summary.csv,amazon-toys-and-games,test,fixed_K8,1,1,1,random_cosine,0.1407164436031059,0.13826296400673538,0.14322554464883705,604,604,cosine,estimated,,,,,,,,,,
alignment_summary.csv,amazon-toys-and-games,test,fixed_K8,1,1,1,excess_cosine,0.08753861647271952,0.07216538191751411,0.10355569158159564,604,604,cosine,estimated,,,,,,,,,,
alignment_summary.csv,amazon-toys-and-games,test,fixed_K8,1,1,1,raw_cosine_z,1.7831710392228641,1.5166886082042113,2.066523472411582,604,604,within_subset_z,estimated,,,,,,,,,,
alignment_summary.csv,amazon-toys-and-games,test,fixed_K8,1,1,1,random_cosine_z,0.2970277350312065,0.25537500597244683,0.33962474957067834,604,604,within_subset_z,estimated,,,,,,,,,,
alignment_summary.csv,amazon-toys-and-games,test,fixed_K8,1,1,1,excess_cosine_z,1.4861433041916574,1.2251518638585068,1.75806522716618,604,604,within_subset_z,estimated,,,,,,,,,,
alignment_summary.csv,amazon-toys-and-games,test,fixed_K8,1,1,1,raw_cluster_match,0.21688741721854304,0.1837748344370861,0.25,604,604,probability_difference,estimated,,,,,,,,,,
alignment_summary.csv,amazon-toys-and-games,test,fixed_K8,1,1,1,random_cluster_match,0.06539735099337748,0.060014486754966886,0.071028559602649,604,604,probability_difference,estimated,,,,,,,,,,
alignment_summary.csv,amazon-toys-and-games,test,fixed_K8,1,1,1,excess_cluster_match,0.15149006622516556,0.11870447019867547,0.1849337748344371,604,604,probability_difference,estimated,,,,,,,,,,
alignment_summary.csv,amazon-toys-and-games,test,fixed_K8,2,2,2,raw_cosine,0.19921080122967036,0.18788499269211997,0.21159854037193765,604,604,cosine,estimated,,,,,,,,,,
alignment_summary.csv,amazon-toys-and-games,test,fixed_K8,2,2,2,random_cosine,0.14061555522956595,0.13824041680408186,0.1431575419865425,604,604,cosine,estimated,,,,,,,,,,
alignment_summary.csv,amazon-toys-and-games,test,fixed_K8,2,2,2,excess_cosine,0.05859524600010439,0.04705897869730356,0.07075135500605112,604,604,cosine,estimated,,,,,,,,,,
alignment_summary.csv,amazon-toys-and-games,test,fixed_K8,2,2,2,raw_cosine_z,1.2900865863417261,1.097808307327771,1.5003932638077877,604,604,within_subset_z,estimated,,,,,,,,,,
alignment_summary.csv,amazon-toys-and-games,test,fixed_K8,2,2,2,random_cosine_z,0.29531495286890347,0.254992222058307,0.338470268207956,604,604,within_subset_z,estimated,,,,,,,,,,
alignment_summary.csv,amazon-toys-and-games,test,fixed_K8,2,2,2,excess_cosine_z,0.9947716334728225,0.79892039549072,1.2011459255527255,604,604,within_subset_z,estimated,,,,,,,,,,
alignment_summary.csv,amazon-toys-and-games,test,fixed_K8,2,2,2,raw_cluster_match,0.19536423841059603,0.16390728476821192,0.22682119205298013,604,604,probability_difference,estimated,,,,,,,,,,
alignment_summary.csv,amazon-toys-and-games,test,fixed_K8,2,2,2,random_cluster_match,0.05728476821192053,0.052400662251655634,0.06225165562913908,604,604,probability_difference,estimated,,,,,,,,,,
alignment_summary.csv,amazon-toys-and-games,test,fixed_K8,2,2,2,excess_cluster_match,0.13807947019867547,0.10637210264900662,0.17069743377483443,604,604,probability_difference,estimated,,,,,,,,,,
alignment_summary.csv,amazon-toys-and-games,test,fixed_K8,3-4,3,4,raw_cosine,0.17869126950683603,0.17081800763198832,0.18607496243775498,604,1208,cosine,estimated,,,,,,,,,,
alignment_summary.csv,amazon-toys-and-games,test,fixed_K8,3-4,3,4,random_cosine,0.14024070692587867,0.1379065576651664,0.1425526949364248,604,1208,cosine,estimated,,,,,,,,,,
alignment_summary.csv,amazon-toys-and-games,test,fixed_K8,3-4,3,4,excess_cosine,0.038450562580957366,0.03074573078792194,0.04571475084841757,604,1208,cosine,estimated,,,,,,,,,,
alignment_summary.csv,amazon-toys-and-games,test,fixed_K8,3-4,3,4,raw_cosine_z,0.9417264465108439,0.8080620605641137,1.0670794193089936,604,1208,within_subset_z,estimated,,,,,,,,,,
alignment_summary.csv,amazon-toys-and-games,test,fixed_K8,3-4,3,4,random_cosine_z,0.2889511523079694,0.24932429464712821,0.3282017783709859,604,1208,within_subset_z,estimated,,,,,,,,,,
alignment_summary.csv,amazon-toys-and-games,test,fixed_K8,3-4,3,4,excess_cosine_z,0.6527752942028746,0.5219703461636166,0.7760994360396137,604,1208,within_subset_z,estimated,,,,,,,,,,
alignment_summary.csv,amazon-toys-and-games,test,fixed_K8,3-4,3,4,raw_cluster_match,0.1423841059602649,0.12086092715231789,0.1631001655629138,604,1208,probability_difference,estimated,,,,,,,,,,
alignment_summary.csv,amazon-toys-and-games,test,fixed_K8,3-4,3,4,random_cluster_match,0.057781456953642396,0.05360099337748345,0.061920529801324516,604,1208,probability_difference,estimated,,,,,,,,,,
alignment_summary.csv,amazon-toys-and-games,test,fixed_K8,3-4,3,4,excess_cluster_match,0.08460264900662251,0.06299565397350992,0.10670736754966885,604,1208,probability_difference,estimated,,,,,,,,,,
alignment_summary.csv,amazon-toys-and-games,test,fixed_K8,5-8,5,8,raw_cosine,0.17298806514529302,0.16696895211180462,0.18000603442654492,604,2416,cosine,estimated,,,,,,,,,,
alignment_summary.csv,amazon-toys-and-games,test,fixed_K8,5-8,5,8,random_cosine,0.14039383143254414,0.13811445412667783,0.14290196503484037,604,2416,cosine,estimated,,,,,,,,,,
alignment_summary.csv,amazon-toys-and-games,test,fixed_K8,5-8,5,8,excess_cosine,0.032594233712748874,0.026845248417020236,0.039027433123372854,604,2416,cosine,estimated,,,,,,,,,,
alignment_summary.csv,amazon-toys-and-games,test,fixed_K8,5-8,5,8,raw_cosine_z,0.8449031322311947,0.7427166356616587,0.9640472137418453,604,2416,within_subset_z,estimated,,,,,,,,,,
alignment_summary.csv,amazon-toys-and-games,test,fixed_K8,5-8,5,8,random_cosine_z,0.2915507474290492,0.2528537533784828,0.334131337678979,604,2416,within_subset_z,estimated,,,,,,,,,,
alignment_summary.csv,amazon-toys-and-games,test,fixed_K8,5-8,5,8,excess_cosine_z,0.5533523848021455,0.4557518474917804,0.6625688268007236,604,2416,within_subset_z,estimated,,,,,,,,,,
alignment_summary.csv,amazon-toys-and-games,test,fixed_K8,5-8,5,8,raw_cluster_match,0.138658940397351,0.11961920529801325,0.15894039735099338,604,2416,probability_difference,estimated,,,,,,,,,,
alignment_summary.csv,amazon-toys-and-games,test,fixed_K8,5-8,5,8,random_cluster_match,0.05910596026490067,0.055877483443708624,0.06256260347682119,604,2416,probability_difference,estimated,,,,,,,,,,
alignment_summary.csv,amazon-toys-and-games,test,fixed_K8,5-8,5,8,excess_cluster_match,0.07955298013245032,0.060388555463576146,0.09999327400662243,604,2416,probability_difference,estimated,,,,,,,,,,
alignment_summary.csv,amazon-toys-and-games,test,fixed_K16,1,1,1,raw_cosine,0.22341732797371286,0.19495743145583339,0.25677268686545945,147,147,cosine,estimated,,,,,,,,,,
alignment_summary.csv,amazon-toys-and-games,test,fixed_K16,1,1,1,random_cosine,0.14167312598552834,0.13712447886133478,0.1462721840396118,147,147,cosine,estimated,,,,,,,,,,
alignment_summary.csv,amazon-toys-and-games,test,fixed_K16,1,1,1,excess_cosine,0.08174420198818454,0.05387615908735565,0.1144104138175089,147,147,cosine,estimated,,,,,,,,,,
alignment_summary.csv,amazon-toys-and-games,test,fixed_K16,1,1,1,raw_cosine_z,1.7010408495908615,1.2178771173742915,2.2673148584030423,147,147,within_subset_z,estimated,,,,,,,,,,
alignment_summary.csv,amazon-toys-and-games,test,fixed_K16,1,1,1,random_cosine_z,0.313269334158128,0.2360469408974628,0.39134755389781123,147,147,within_subset_z,estimated,,,,,,,,,,
alignment_summary.csv,amazon-toys-and-games,test,fixed_K16,1,1,1,excess_cosine_z,1.3877715154327337,0.9146556835084361,1.9423458728945717,147,147,within_subset_z,estimated,,,,,,,,,,
alignment_summary.csv,amazon-toys-and-games,test,fixed_K16,1,1,1,raw_cluster_match,0.24489795918367346,0.17687074829931973,0.3197278911564626,147,147,probability_difference,estimated,,,,,,,,,,
alignment_summary.csv,amazon-toys-and-games,test,fixed_K16,1,1,1,random_cluster_match,0.06530612244897958,0.05476190476190477,0.07653061224489796,147,147,probability_difference,estimated,,,,,,,,,,
alignment_summary.csv,amazon-toys-and-games,test,fixed_K16,1,1,1,excess_cluster_match,0.17959183673469387,0.10951530612244896,0.2537499999999999,147,147,probability_difference,estimated,,,,,,,,,,
alignment_summary.csv,amazon-toys-and-games,test,fixed_K16,2,2,2,raw_cosine,0.192516526929578,0.1728672976928706,0.21396944749796268,147,147,cosine,estimated,,,,,,,,,,
alignment_summary.csv,amazon-toys-and-games,test,fixed_K16,2,2,2,random_cosine,0.1421126157146733,0.1373801817154499,0.14705062886687362,147,147,cosine,estimated,,,,,,,,,,
alignment_summary.csv,amazon-toys-and-games,test,fixed_K16,2,2,2,excess_cosine,0.05040391121490472,0.031193019031566016,0.0710840839955981,147,147,cosine,estimated,,,,,,,,,,
alignment_summary.csv,amazon-toys-and-games,test,fixed_K16,2,2,2,raw_cosine_z,1.1764378753113784,0.8428528628984852,1.5406441598372036,147,147,within_subset_z,estimated,,,,,,,,,,
alignment_summary.csv,amazon-toys-and-games,test,fixed_K16,2,2,2,random_cosine_z,0.3207305523558512,0.24038800887201006,0.4045632136184368,147,147,within_subset_z,estimated,,,,,,,,,,
alignment_summary.csv,amazon-toys-and-games,test,fixed_K16,2,2,2,excess_cosine_z,0.8557073229555272,0.5295639597609078,1.2067946664153346,147,147,within_subset_z,estimated,,,,,,,,,,
alignment_summary.csv,amazon-toys-and-games,test,fixed_K16,2,2,2,raw_cluster_match,0.19727891156462585,0.1360544217687075,0.2585034013605442,147,147,probability_difference,estimated,,,,,,,,,,
alignment_summary.csv,amazon-toys-and-games,test,fixed_K16,2,2,2,random_cluster_match,0.059863945578231284,0.04965986394557824,0.07040816326530612,147,147,probability_difference,estimated,,,,,,,,,,
alignment_summary.csv,amazon-toys-and-games,test,fixed_K16,2,2,2,excess_cluster_match,0.13741496598639455,0.07515306122448981,0.20034013605442175,147,147,probability_difference,estimated,,,,,,,,,,
alignment_summary.csv,amazon-toys-and-games,test,fixed_K16,3-4,3,4,raw_cosine,0.18181082769138676,0.1675988404091359,0.19758310132710655,147,294,cosine,estimated,,,,,,,,,,
alignment_summary.csv,amazon-toys-and-games,test,fixed_K16,3-4,3,4,random_cosine,0.14140934454036408,0.13656679404595373,0.1458807133645022,147,294,cosine,estimated,,,,,,,,,,
alignment_summary.csv,amazon-toys-and-games,test,fixed_K16,3-4,3,4,excess_cosine,0.040401483151022675,0.027085605199721193,0.05557385106352442,147,294,cosine,estimated,,,,,,,,,,
alignment_summary.csv,amazon-toys-and-games,test,fixed_K16,3-4,3,4,raw_cosine_z,0.9946871933767846,0.7534102508133129,1.2624531211477397,147,294,within_subset_z,estimated,,,,,,,,,,
alignment_summary.csv,amazon-toys-and-games,test,fixed_K16,3-4,3,4,random_cosine_z,0.30879111592374414,0.22657912443401435,0.38470155529692157,147,294,within_subset_z,estimated,,,,,,,,,,
alignment_summary.csv,amazon-toys-and-games,test,fixed_K16,3-4,3,4,excess_cosine_z,0.6858960774530403,0.4598323851747056,0.9434774043057872,147,294,within_subset_z,estimated,,,,,,,,,,
alignment_summary.csv,amazon-toys-and-games,test,fixed_K16,3-4,3,4,raw_cluster_match,0.11904761904761904,0.07482993197278912,0.16666666666666666,147,294,probability_difference,estimated,,,,,,,,,,
alignment_summary.csv,amazon-toys-and-games,test,fixed_K16,3-4,3,4,random_cluster_match,0.05425170068027211,0.04693877551020409,0.06139455782312927,147,294,probability_difference,estimated,,,,,,,,,,
alignment_summary.csv,amazon-toys-and-games,test,fixed_K16,3-4,3,4,excess_cluster_match,0.06479591836734692,0.021934523809523807,0.111734693877551,147,294,probability_difference,estimated,,,,,,,,,,
alignment_summary.csv,amazon-toys-and-games,test,fixed_K16,5-8,5,8,raw_cosine,0.1727073314048502,0.161945880088499,0.18387964945238994,147,588,cosine,estimated,,,,,,,,,,
alignment_summary.csv,amazon-toys-and-games,test,fixed_K16,5-8,5,8,random_cosine,0.1412506127780696,0.1366611720013692,0.145813199920187,147,588,cosine,estimated,,,,,,,,,,
alignment_summary.csv,amazon-toys-and-games,test,fixed_K16,5-8,5,8,excess_cosine,0.03145671862678057,0.02230983775546204,0.04143149277265025,147,588,cosine,estimated,,,,,,,,,,
alignment_summary.csv,amazon-toys-and-games,test,fixed_K16,5-8,5,8,raw_cosine_z,0.8401371148387471,0.6574399297379995,1.0298095854314844,147,588,within_subset_z,estimated,,,,,,,,,,
alignment_summary.csv,amazon-toys-and-games,test,fixed_K16,5-8,5,8,random_cosine_z,0.3060963264102502,0.22818137921202664,0.383555379389021,147,588,within_subset_z,estimated,,,,,,,,,,
alignment_summary.csv,amazon-toys-and-games,test,fixed_K16,5-8,5,8,excess_cosine_z,0.5340407884284969,0.378754169689382,0.7033825532978104,147,588,within_subset_z,estimated,,,,,,,,,,
alignment_summary.csv,amazon-toys-and-games,test,fixed_K16,5-8,5,8,raw_cluster_match,0.11904761904761904,0.08333333333333333,0.15480442176870726,147,588,probability_difference,estimated,,,,,,,,,,
alignment_summary.csv,amazon-toys-and-games,test,fixed_K16,5-8,5,8,random_cluster_match,0.05875850340136054,0.05195578231292517,0.06598639455782312,147,588,probability_difference,estimated,,,,,,,,,,
alignment_summary.csv,amazon-toys-and-games,test,fixed_K16,5-8,5,8,excess_cluster_match,0.06028911564625851,0.024404761904761898,0.0984736394557823,147,588,probability_difference,estimated,,,,,,,,,,
alignment_summary.csv,amazon-toys-and-games,test,fixed_K16,9-16,9,16,raw_cosine,0.17318695746710663,0.16208227880740203,0.18561844894200005,147,1176,cosine,estimated,,,,,,,,,,
alignment_summary.csv,amazon-toys-and-games,test,fixed_K16,9-16,9,16,random_cosine,0.1418953168231259,0.1373362197987355,0.14657510409914085,147,1176,cosine,estimated,,,,,,,,,,
alignment_summary.csv,amazon-toys-and-games,test,fixed_K16,9-16,9,16,excess_cosine,0.03129164064398073,0.021421394875189164,0.04251357071738386,147,1176,cosine,estimated,,,,,,,,,,
alignment_summary.csv,amazon-toys-and-games,test,fixed_K16,9-16,9,16,raw_cosine_z,0.8482797276610592,0.6597555711196657,1.05932918858424,147,1176,within_subset_z,estimated,,,,,,,,,,
alignment_summary.csv,amazon-toys-and-games,test,fixed_K16,9-16,9,16,random_cosine_z,0.3170414685469695,0.23964166730531536,0.3964902284832009,147,1176,within_subset_z,estimated,,,,,,,,,,
alignment_summary.csv,amazon-toys-and-games,test,fixed_K16,9-16,9,16,excess_cosine_z,0.5312382591140897,0.36367107275597593,0.7217529931902489,147,1176,within_subset_z,estimated,,,,,,,,,,
alignment_summary.csv,amazon-toys-and-games,test,fixed_K16,9-16,9,16,raw_cluster_match,0.14370748299319727,0.11054421768707483,0.179421768707483,147,1176,probability_difference,estimated,,,,,,,,,,
alignment_summary.csv,amazon-toys-and-games,test,fixed_K16,9-16,9,16,random_cluster_match,0.05739795918367347,0.05089285714285715,0.06377551020408163,147,1176,probability_difference,estimated,,,,,,,,,,
alignment_summary.csv,amazon-toys-and-games,test,fixed_K16,9-16,9,16,excess_cluster_match,0.08630952380952381,0.053272746598639446,0.12262011054421768,147,1176,probability_difference,estimated,,,,,,,,,,
alignment_summary.csv,amazon-toys-and-games,test,fixed_K32,1,1,1,raw_cosine,0.24504046919090408,0.18961129131061688,0.3078161288771246,35,35,cosine,exploratory_n_lt_100,,,,,,,,,,
alignment_summary.csv,amazon-toys-and-games,test,fixed_K32,1,1,1,random_cosine,0.14528064940656935,0.13559809880065066,0.15400650332016602,35,35,cosine,exploratory_n_lt_100,,,,,,,,,,
alignment_summary.csv,amazon-toys-and-games,test,fixed_K32,1,1,1,excess_cosine,0.09975981978433472,0.04604859366480793,0.1653877479503197,35,35,cosine,exploratory_n_lt_100,,,,,,,,,,
alignment_summary.csv,amazon-toys-and-games,test,fixed_K32,1,1,1,raw_cosine_z,2.068136970484363,1.1271156831613156,3.133879497246421,35,35,within_subset_z,exploratory_n_lt_100,,,,,,,,,,
alignment_summary.csv,amazon-toys-and-games,test,fixed_K32,1,1,1,random_cosine_z,0.374514268027576,0.21013358290483009,0.5226531110842009,35,35,within_subset_z,exploratory_n_lt_100,,,,,,,,,,
alignment_summary.csv,amazon-toys-and-games,test,fixed_K32,1,1,1,excess_cosine_z,1.6936227024567874,0.7817670863432445,2.8077881981182893,35,35,within_subset_z,exploratory_n_lt_100,,,,,,,,,,
alignment_summary.csv,amazon-toys-and-games,test,fixed_K32,1,1,1,raw_cluster_match,0.2857142857142857,0.14285714285714285,0.42857142857142855,35,35,probability_difference,exploratory_n_lt_100,,,,,,,,,,
alignment_summary.csv,amazon-toys-and-games,test,fixed_K32,1,1,1,random_cluster_match,0.05142857142857143,0.03571428571428572,0.06857142857142857,35,35,probability_difference,exploratory_n_lt_100,,,,,,,,,,
alignment_summary.csv,amazon-toys-and-games,test,fixed_K32,1,1,1,excess_cluster_match,0.2342857142857142,0.08857142857142856,0.38571428571428573,35,35,probability_difference,exploratory_n_lt_100,,,,,,,,,,
alignment_summary.csv,amazon-toys-and-games,test,fixed_K32,2,2,2,raw_cosine,0.19700166189244817,0.1609867209329137,0.23820029105192847,35,35,cosine,exploratory_n_lt_100,,,,,,,,,,
alignment_summary.csv,amazon-toys-and-games,test,fixed_K32,2,2,2,random_cosine,0.1489362935934748,0.1397844611480832,0.15788936603814363,35,35,cosine,exploratory_n_lt_100,,,,,,,,,,
alignment_summary.csv,amazon-toys-and-games,test,fixed_K32,2,2,2,excess_cosine,0.04806536829897336,0.013668877320098026,0.08785433759646753,35,35,cosine,exploratory_n_lt_100,,,,,,,,,,
alignment_summary.csv,amazon-toys-and-games,test,fixed_K32,2,2,2,raw_cosine_z,1.252582022455201,0.6411562824270838,1.9520112496273896,35,35,within_subset_z,exploratory_n_lt_100,,,,,,,,,,
alignment_summary.csv,amazon-toys-and-games,test,fixed_K32,2,2,2,random_cosine_z,0.4365761482558267,0.28120546663166307,0.5885724808656063,35,35,within_subset_z,exploratory_n_lt_100,,,,,,,,,,
alignment_summary.csv,amazon-toys-and-games,test,fixed_K32,2,2,2,excess_cosine_z,0.8160058741993739,0.23205656341863137,1.4915033024753428,35,35,within_subset_z,exploratory_n_lt_100,,,,,,,,,,
alignment_summary.csv,amazon-toys-and-games,test,fixed_K32,2,2,2,raw_cluster_match,0.2,0.08571428571428572,0.34285714285714286,35,35,probability_difference,exploratory_n_lt_100,,,,,,,,,,
alignment_summary.csv,amazon-toys-and-games,test,fixed_K32,2,2,2,random_cluster_match,0.057142857142857155,0.037142857142857144,0.07857142857142857,35,35,probability_difference,exploratory_n_lt_100,,,,,,,,,,
alignment_summary.csv,amazon-toys-and-games,test,fixed_K32,2,2,2,excess_cluster_match,0.14285714285714285,0.025678571428571405,0.2828571428571428,35,35,probability_difference,exploratory_n_lt_100,,,,,,,,,,
alignment_summary.csv,amazon-toys-and-games,test,fixed_K32,3-4,3,4,raw_cosine,0.18862406302775656,0.1665151404509587,0.21525027512705752,35,70,cosine,exploratory_n_lt_100,,,,,,,,,,
alignment_summary.csv,amazon-toys-and-games,test,fixed_K32,3-4,3,4,random_cosine,0.1450577760381358,0.13708378863920057,0.15290970429778097,35,70,cosine,exploratory_n_lt_100,,,,,,,,,,
alignment_summary.csv,amazon-toys-and-games,test,fixed_K32,3-4,3,4,excess_cosine,0.043566286989620756,0.021625937572015183,0.07018961154190553,35,70,cosine,exploratory_n_lt_100,,,,,,,,,,
alignment_summary.csv,amazon-toys-and-games,test,fixed_K32,3-4,3,4,raw_cosine_z,1.110355506208567,0.7350122739947085,1.5623887736031312,35,70,within_subset_z,exploratory_n_lt_100,,,,,,,,,,
alignment_summary.csv,amazon-toys-and-games,test,fixed_K32,3-4,3,4,random_cosine_z,0.3707305463110765,0.2353561428975921,0.5040327514207665,35,70,within_subset_z,exploratory_n_lt_100,,,,,,,,,,
alignment_summary.csv,amazon-toys-and-games,test,fixed_K32,3-4,3,4,excess_cosine_z,0.7396249598974908,0.36714359461613155,1.1916092053993572,35,70,within_subset_z,exploratory_n_lt_100,,,,,,,,,,
alignment_summary.csv,amazon-toys-and-games,test,fixed_K32,3-4,3,4,raw_cluster_match,0.17142857142857143,0.07142857142857142,0.2857142857142857,35,70,probability_difference,exploratory_n_lt_100,,,,,,,,,,
alignment_summary.csv,amazon-toys-and-games,test,fixed_K32,3-4,3,4,random_cluster_match,0.045,0.032857142857142856,0.05857142857142858,35,70,probability_difference,exploratory_n_lt_100,,,,,,,,,,
alignment_summary.csv,amazon-toys-and-games,test,fixed_K32,3-4,3,4,excess_cluster_match,0.12642857142857142,0.022089285714285707,0.24857142857142855,35,70,probability_difference,exploratory_n_lt_100,,,,,,,,,,
alignment_summary.csv,amazon-toys-and-games,test,fixed_K32,5-8,5,8,raw_cosine,0.19570542366376945,0.17023217886287187,0.22306624336700354,35,140,cosine,exploratory_n_lt_100,,,,,,,,,,
alignment_summary.csv,amazon-toys-and-games,test,fixed_K32,5-8,5,8,random_cosine,0.14434726626745292,0.13602377725898154,0.1529931611966874,35,140,cosine,exploratory_n_lt_100,,,,,,,,,,
alignment_summary.csv,amazon-toys-and-games,test,fixed_K32,5-8,5,8,excess_cosine,0.05135815739631653,0.029011947960991945,0.07790790710864319,35,140,cosine,exploratory_n_lt_100,,,,,,,,,,
alignment_summary.csv,amazon-toys-and-games,test,fixed_K32,5-8,5,8,raw_cosine_z,1.2305757829027577,0.7981164441298332,1.6950804853711638,35,140,within_subset_z,exploratory_n_lt_100,,,,,,,,,,
alignment_summary.csv,amazon-toys-and-games,test,fixed_K32,5-8,5,8,random_cosine_z,0.3586682202107756,0.2173603271244423,0.505449599395934,35,140,within_subset_z,exploratory_n_lt_100,,,,,,,,,,
alignment_summary.csv,amazon-toys-and-games,test,fixed_K32,5-8,5,8,excess_cosine_z,0.8719075626919821,0.49253591090535,1.3226427279574156,35,140,within_subset_z,exploratory_n_lt_100,,,,,,,,,,
alignment_summary.csv,amazon-toys-and-games,test,fixed_K32,5-8,5,8,raw_cluster_match,0.17142857142857143,0.07857142857142857,0.2785714285714286,35,140,probability_difference,exploratory_n_lt_100,,,,,,,,,,
alignment_summary.csv,amazon-toys-and-games,test,fixed_K32,5-8,5,8,random_cluster_match,0.050357142857142864,0.04,0.060714285714285714,35,140,probability_difference,exploratory_n_lt_100,,,,,,,,,,
alignment_summary.csv,amazon-toys-and-games,test,fixed_K32,5-8,5,8,excess_cluster_match,0.1210714285714286,0.02641964285714285,0.2339374999999999,35,140,probability_difference,exploratory_n_lt_100,,,,,,,,,,
alignment_summary.csv,amazon-toys-and-games,test,fixed_K32,9-16,9,16,raw_cosine,0.18897516667576772,0.16543937664379232,0.21487742263125253,35,280,cosine,exploratory_n_lt_100,,,,,,,,,,
alignment_summary.csv,amazon-toys-and-games,test,fixed_K32,9-16,9,16,random_cosine,0.14592531099915504,0.1378398789911132,0.15427680509031882,35,280,cosine,exploratory_n_lt_100,,,,,,,,,,
alignment_summary.csv,amazon-toys-and-games,test,fixed_K32,9-16,9,16,excess_cosine,0.04304985567661268,0.021972632334966744,0.06819993277013828,35,280,cosine,exploratory_n_lt_100,,,,,,,,,,
alignment_summary.csv,amazon-toys-and-games,test,fixed_K32,9-16,9,16,raw_cosine_z,1.1163161936924924,0.7167490292310642,1.5560588558774566,35,280,within_subset_z,exploratory_n_lt_100,,,,,,,,,,
alignment_summary.csv,amazon-toys-and-games,test,fixed_K32,9-16,9,16,random_cosine_z,0.3854586894485992,0.2481922906359904,0.5272420248917309,35,280,within_subset_z,exploratory_n_lt_100,,,,,,,,,,
alignment_summary.csv,amazon-toys-and-games,test,fixed_K32,9-16,9,16,excess_cosine_z,0.7308575042438933,0.37302943244770553,1.1578304240648856,35,280,within_subset_z,exploratory_n_lt_100,,,,,,,,,,
alignment_summary.csv,amazon-toys-and-games,test,fixed_K32,9-16,9,16,raw_cluster_match,0.15714285714285714,0.08571428571428572,0.24642857142857144,35,280,probability_difference,exploratory_n_lt_100,,,,,,,,,,
alignment_summary.csv,amazon-toys-and-games,test,fixed_K32,9-16,9,16,random_cluster_match,0.05125,0.04107142857142858,0.0625,35,280,probability_difference,exploratory_n_lt_100,,,,,,,,,,
alignment_summary.csv,amazon-toys-and-games,test,fixed_K32,9-16,9,16,excess_cluster_match,0.10589285714285714,0.030888392857142854,0.19787499999999988,35,280,probability_difference,exploratory_n_lt_100,,,,,,,,,,
alignment_summary.csv,amazon-toys-and-games,test,fixed_K32,17-32,17,32,raw_cosine,0.1736841891975408,0.1549168911151355,0.19372108189476422,35,560,cosine,exploratory_n_lt_100,,,,,,,,,,
alignment_summary.csv,amazon-toys-and-games,test,fixed_K32,17-32,17,32,random_cosine,0.14536325371425066,0.1372313292627223,0.1531613140792719,35,560,cosine,exploratory_n_lt_100,,,,,,,,,,
alignment_summary.csv,amazon-toys-and-games,test,fixed_K32,17-32,17,32,excess_cosine,0.02832093548329015,0.014198379784730996,0.04486896182335577,35,560,cosine,exploratory_n_lt_100,,,,,,,,,,
alignment_summary.csv,amazon-toys-and-games,test,fixed_K32,17-32,17,32,raw_cosine_z,0.8567212319547293,0.538108766887641,1.196887607877122,35,560,within_subset_z,exploratory_n_lt_100,,,,,,,,,,
alignment_summary.csv,amazon-toys-and-games,test,fixed_K32,17-32,17,32,random_cosine_z,0.37591664155944743,0.23786094042099554,0.508304331291444,35,560,within_subset_z,exploratory_n_lt_100,,,,,,,,,,
alignment_summary.csv,amazon-toys-and-games,test,fixed_K32,17-32,17,32,excess_cosine_z,0.48080459039528173,0.24104592804507022,0.7617404737095878,35,560,within_subset_z,exploratory_n_lt_100,,,,,,,,,,
alignment_summary.csv,amazon-toys-and-games,test,fixed_K32,17-32,17,32,raw_cluster_match,0.15892857142857142,0.09107142857142857,0.24285714285714285,35,560,probability_difference,exploratory_n_lt_100,,,,,,,,,,
alignment_summary.csv,amazon-toys-and-games,test,fixed_K32,17-32,17,32,random_cluster_match,0.049107142857142856,0.04,0.05893080357142856,35,560,probability_difference,exploratory_n_lt_100,,,,,,,,,,
alignment_summary.csv,amazon-toys-and-games,test,fixed_K32,17-32,17,32,excess_cluster_match,0.10982142857142856,0.04464285714285714,0.19526785714285713,35,560,probability_difference,exploratory_n_lt_100,,,,,,,,,,
model_item_influence_summary.csv,amazon-all-beauty,test,,,,,,,0.0093875253638259,0.01993641054172097,1457,,,,1,0.014539779255303439,56.07412491420728,43.925875085792725,0.0,,,,,
model_item_influence_summary.csv,amazon-all-beauty,test,,,,,,,-0.0003283311957435896,8.059418929629546e-05,1457,,,,2,-0.00012666727470549805,53.328757721345234,46.60260809883322,0.06863417982155114,,,,,
model_item_influence_summary.csv,amazon-all-beauty,test,,,,,,,-0.0004657951505609261,-4.233243622521109e-05,1290,,,,3,-0.00026230691939361334,52.24806201550387,47.674418604651166,0.07751937984496124,,,,,
model_item_influence_summary.csv,amazon-all-beauty,test,,,,,,,-0.0003557547083440817,4.0146273439666795e-05,1007,,,,4,-0.00015741947746087447,53.922542204568025,45.97815292949355,0.09930486593843098,,,,,
model_item_influence_summary.csv,amazon-all-beauty,test,,,,,,,-0.0006044300147770766,-0.00010281978077596258,669,,,,5,-0.00035615049313714864,49.02840059790732,50.82212257100149,0.14947683109118087,,,,,
model_item_influence_summary.csv,amazon-all-beauty,test,,,,,,,-0.0004137689649933789,2.6426500244460355e-05,477,,,,6,-0.00019264396131663452,45.073375262054505,54.71698113207547,0.20964360587002098,,,,,
model_item_influence_summary.csv,amazon-all-beauty,test,,,,,,,-0.0006719847520192464,-0.0001821323496396425,366,,,,7,-0.0004249263982303807,42.62295081967213,57.377049180327866,0.0,,,,,
model_item_influence_summary.csv,amazon-all-beauty,test,,,,,,,-0.0002139352262020111,0.0002227926212880345,288,,,,8,7.938179704878065e-06,50.0,50.0,0.0,,,,,
model_item_influence_summary.csv,amazon-all-beauty,test,,,,,,,-0.00019780320814814434,0.00024364755814333992,249,,,,9,2.2729237874348957e-05,53.41365461847389,46.58634538152611,0.0,,,,,
model_item_influence_summary.csv,amazon-all-beauty,test,,,,,,,-0.0004098567244124739,2.8770481614761503e-05,219,,,,10,-0.00019356431482045073,45.20547945205479,54.337899543378995,0.45662100456621,,,,,
model_item_influence_summary.csv,amazon-all-beauty,test,,,,,,,-0.0002998597843130839,0.00011814463998853496,194,,,,11,-9.05204065067252e-05,50.51546391752577,49.48453608247423,0.0,,,,,
model_item_influence_summary.csv,amazon-all-beauty,test,,,,,,,-0.0001813087934329186,0.0002530184792883601,162,,,,12,5.0368132414641205e-05,52.46913580246913,47.53086419753087,0.0,,,,,
model_item_influence_summary.csv,amazon-all-beauty,test,,,,,,,-0.00022018372595727025,0.0001663423084712527,143,,,,13,-1.9506974653764203e-05,51.048951048951054,48.95104895104895,0.0,,,,,
model_item_influence_summary.csv,amazon-all-beauty,test,,,,,,,-0.0002569008243176364,0.00015996629877607944,129,,,,14,-4.5325404913850534e-05,48.06201550387597,51.162790697674424,0.7751937984496124,,,,,
model_item_influence_summary.csv,amazon-all-beauty,test,,,,,,,-0.00018239770053832,0.00019781589508056634,121,,,,15,7.881605920712809e-06,50.413223140495866,49.586776859504134,0.0,,,,,
model_item_influence_summary.csv,amazon-all-beauty,test,,,,,,,-0.00010670593806675501,0.00025693416595458975,105,,,,16,7.792881556919642e-05,52.38095238095239,47.61904761904761,0.0,,,,,
model_item_influence_summary.csv,amazon-all-beauty,test,,,,,,,-0.0001751746820366901,0.0001522198967311693,92,,,,17,-1.4947808307150137e-05,50.0,48.91304347826087,1.0869565217391304,,,,,
model_item_influence_summary.csv,amazon-all-beauty,test,,,,,,,-0.00014585314727411035,0.00017468202404859586,82,,,,18,1.8875773360089558e-05,52.4390243902439,47.5609756097561,0.0,,,,,
model_item_influence_summary.csv,amazon-all-beauty,test,,,,,,,-0.000212065585247882,0.00010543488836907696,77,,,,19,-5.5337881113027594e-05,42.857142857142854,57.14285714285714,0.0,,,,,
model_item_influence_summary.csv,amazon-all-beauty,test,,,,,,,-0.00024867379987562026,2.9000398275014497e-05,74,,,,20,-0.0001062573613347234,44.5945945945946,54.054054054054056,1.3513513513513513,,,,,
model_item_influence_summary.csv,amazon-all-beauty,test,,,,,,,-0.0001977913415254052,0.00011111124237971519,67,,,,21,-4.493656443126166e-05,50.74626865671642,49.25373134328358,0.0,,,,,
model_item_influence_summary.csv,amazon-all-beauty,test,,,,,,,-0.0003046936459011502,3.738176254999042e-05,63,,,,22,-0.00013490707155257937,46.03174603174603,53.96825396825397,0.0,,,,,
model_item_influence_summary.csv,amazon-all-beauty,test,,,,,,,-0.00022513948637863684,4.7364317137619404e-05,58,,,,23,-8.798467701879041e-05,44.827586206896555,55.172413793103445,0.0,,,,,
model_item_influence_summary.csv,amazon-all-beauty,test,,,,,,,-0.0001098770361680251,0.00015309453010559077,52,,,,24,2.4006916926457332e-05,50.0,50.0,0.0,,,,,
model_item_influence_summary.csv,amazon-all-beauty,test,,,,,,,-0.0003041446208953858,-2.4128953615824547e-05,48,,,,25,-0.00016709168752034506,39.58333333333333,58.333333333333336,2.083333333333333,,,,,
model_item_influence_summary.csv,amazon-all-beauty,test,,,,,,,-0.00022080908430383562,-2.3982372689754415e-05,47,,,,26,-0.00011584099302900598,34.04255319148936,65.95744680851064,0.0,,,,,
model_item_influence_summary.csv,amazon-all-beauty,test,,,,,,,-0.0002680589986401935,8.07296398074128e-06,43,,,,27,-0.00013595403626907702,41.86046511627907,58.139534883720934,0.0,,,,,
model_item_influence_summary.csv,amazon-all-beauty,test,,,,,,,-0.00015672477515968117,0.00015186876864046664,37,,,,28,3.3507475981841217e-06,56.75675675675676,40.54054054054054,2.7027027027027026,,,,,
model_item_influence_summary.csv,amazon-all-beauty,test,,,,,,,-0.0002665884354535271,4.622796002556294e-05,34,,,,29,-0.00010546515969669118,44.11764705882353,55.88235294117647,0.0,,,,,
model_item_influence_summary.csv,amazon-all-beauty,test,,,,,,,-0.00012592529428416286,0.00010849278548668168,29,,,,30,-9.766940412850215e-06,51.724137931034484,48.275862068965516,0.0,,,,,
model_item_influence_summary.csv,amazon-all-beauty,test,,,,,,,-0.0001416765410324623,0.00010354929956896537,29,,,,31,-2.117814688846983e-05,48.275862068965516,51.724137931034484,0.0,,,,,
model_item_influence_summary.csv,amazon-all-beauty,test,,,,,,,-0.00016171761921473913,4.3739591326032325e-05,28,,,,32,-5.681174142020089e-05,42.857142857142854,57.14285714285714,0.0,,,,,
model_item_influence_summary.csv,amazon-all-beauty,test,,,,,,,-0.00019884279796055385,7.637909480503395e-06,28,,,,33,-9.553773062569755e-05,46.42857142857143,53.57142857142857,0.0,,,,,
model_item_influence_summary.csv,amazon-all-beauty,test,,,,,,,-0.0001123990331377302,0.00011246885572160991,28,,,,34,-3.4059797014508927e-08,42.857142857142854,57.14285714285714,0.0,,,,,
model_item_influence_summary.csv,amazon-all-beauty,test,,,,,,,-0.0001856461815212084,3.49314316459323e-05,23,,,,35,-7.293535315472147e-05,30.434782608695656,69.56521739130434,0.0,,,,,
model_item_influence_summary.csv,amazon-all-beauty,test,,,,,,,-4.595626484264027e-05,0.00011687062003395773,22,,,,36,2.852353182705966e-05,40.909090909090914,59.09090909090909,0.0,,,,,
model_item_influence_summary.csv,amazon-all-beauty,test,,,,,,,-7.570919237638774e-05,0.0001273079922324732,19,,,,37,2.9212550113075658e-05,47.368421052631575,52.63157894736842,0.0,,,,,
model_item_influence_summary.csv,amazon-all-beauty,test,,,,,,,-0.00014814005957709418,-1.1656019422743055e-05,18,,,,38,-7.957882351345486e-05,27.77777777777778,72.22222222222221,0.0,,,,,
model_item_influence_summary.csv,amazon-all-beauty,test,,,,,,,-0.0001626133918762207,5.6388974189758285e-05,16,,,,39,-5.1856040954589844e-05,31.25,68.75,0.0,,,,,
model_item_influence_summary.csv,amazon-all-beauty,test,,,,,,,-0.0001429430643717448,4.8319498697916664e-05,15,,,,40,-4.755655924479167e-05,20.0,80.0,0.0,,,,,
model_item_influence_summary.csv,amazon-all-beauty,test,,,,,,,-9.766260782877604e-05,5.3151448567708334e-05,15,,,,41,-2.2633870442708334e-05,26.666666666666668,73.33333333333333,0.0,,,,,
model_item_influence_summary.csv,amazon-all-beauty,test,,,,,,,-4.4186909993489586e-05,0.00012985865275065103,12,,,,42,3.417332967122396e-05,41.66666666666667,58.333333333333336,0.0,,,,,
model_item_influence_summary.csv,amazon-all-beauty,test,,,,,,,-3.179311752319336e-05,9.490251541137689e-05,12,,,,43,3.067652384440104e-05,41.66666666666667,58.333333333333336,0.0,,,,,
model_item_influence_summary.csv,amazon-all-beauty,test,,,,,,,-7.724761962890625e-05,6.326834360758458e-05,12,,,,44,-1.2715657552083334e-05,41.66666666666667,58.333333333333336,0.0,,,,,
model_item_influence_summary.csv,amazon-all-beauty,test,,,,,,,-0.0001735846201578776,-1.3987223307291666e-05,12,,,,45,-8.138020833333333e-05,25.0,66.66666666666666,8.333333333333332,,,,,
model_item_influence_summary.csv,amazon-all-beauty,test,,,,,,,-7.661978403727214e-05,8.107026418050125e-05,12,,,,46,-9.218851725260416e-06,33.33333333333333,66.66666666666666,0.0,,,,,
model_item_influence_summary.csv,amazon-all-beauty,test,,,,,,,-6.797963922674006e-05,8.982745083895592e-05,11,,,,47,2.4275346235795454e-06,36.36363636363637,63.63636363636363,0.0,,,,,
model_item_influence_summary.csv,amazon-all-beauty,test,,,,,,,-6.6375732421875e-05,0.00011064529418945303,10,,,,48,7.62939453125e-06,20.0,70.0,10.0,,,,,
model_item_influence_summary.csv,amazon-all-beauty,test,,,,,,,-8.434719509548611e-05,9.7592671712239e-06,9,,,,49,-4.1961669921875e-05,22.22222222222222,77.77777777777779,0.0,,,,,
model_item_influence_summary.csv,amazon-all-beauty,test,,,,,,,-3.942913479275174e-05,2.712673611111111e-05,9,,,,50,-8.900960286458334e-06,33.33333333333333,66.66666666666666,0.0,,,,,
model_item_influence_summary.csv,amazon-all-beauty,test,,,,,,,-4.482269287109375e-05,5.2928924560546875e-05,8,,,,51,-9.5367431640625e-07,37.5,62.5,0.0,,,,,
model_item_influence_summary.csv,amazon-all-beauty,test,,,,,,,-5.0079822540283206e-05,3.910064697265625e-05,8,,,,52,-1.2874603271484375e-05,25.0,75.0,0.0,,,,,
model_item_influence_summary.csv,amazon-all-beauty,test,,,,,,,-2.7179718017578125e-05,4.0531158447265625e-05,8,,,,53,9.5367431640625e-07,25.0,75.0,0.0,,,,,
model_item_influence_summary.csv,amazon-all-beauty,test,,,,,,,-5.613054547991071e-05,-7.62939453125e-06,7,,,,54,-3.160749162946429e-05,28.57142857142857,71.42857142857143,0.0,,,,,
model_item_influence_summary.csv,amazon-all-beauty,test,,,,,,,-5.395071847098214e-05,-2.7247837611607144e-05,7,,,,55,-4.141671316964286e-05,0.0,100.0,0.0,,,,,
model_item_influence_summary.csv,amazon-all-beauty,test,,,,,,,-6.268365042550223e-05,-1.8528529575892856e-05,7,,,,56,-4.1961669921875e-05,14.285714285714285,85.71428571428571,0.0,,,,,
model_item_influence_summary.csv,amazon-all-beauty,test,,,,,,,-3.923688616071429e-05,-1.0340554373604986e-05,7,,,,57,-2.6157924107142856e-05,14.285714285714285,85.71428571428571,0.0,,,,,
model_item_influence_summary.csv,amazon-all-beauty,test,,,,,,,-5.940028599330357e-05,-2.7247837611607144e-05,7,,,,58,-4.305158342633929e-05,0.0,100.0,0.0,,,,,
model_item_influence_summary.csv,amazon-all-beauty,test,,,,,,,-4.76837158203125e-05,4.450480143229167e-06,6,,,,59,-1.9709269205729168e-05,50.0,50.0,0.0,,,,,
model_item_influence_summary.csv,amazon-all-beauty,test,,,,,,,-2.4159749348958332e-05,1.6530354817708332e-05,6,,,,60,-4.450480143229167e-06,33.33333333333333,66.66666666666666,0.0,,,,,
model_item_influence_summary.csv,amazon-all-beauty,test,,,,,,,-4.76837158203125e-05,-1.1444091796875e-05,6,,,,61,-2.9881795247395832e-05,16.666666666666664,83.33333333333334,0.0,,,,,
model_item_influence_summary.csv,amazon-all-beauty,test,,,,,,,-4.38690185546875e-05,-1.2079874674479166e-05,6,,,,62,-3.1789143880208336e-05,16.666666666666664,83.33333333333334,0.0,,,,,
model_item_influence_summary.csv,amazon-all-beauty,test,,,,,,,-6.103515625e-05,1.52587890625e-06,5,,,,63,-2.9754638671875e-05,40.0,60.0,0.0,,,,,
model_item_influence_summary.csv,amazon-all-beauty,test,,,,,,,-5.4931640625e-05,1.068115234375e-05,5,,,,64,-2.2125244140625e-05,20.0,80.0,0.0,,,,,
model_item_influence_summary.csv,amazon-all-beauty,test,,,,,,,-5.1116943359375e-05,5.378723144531041e-06,5,,,,65,-2.2125244140625e-05,40.0,60.0,0.0,,,,,
model_item_influence_summary.csv,amazon-all-beauty,test,,,,,,,-4.673004150390625e-05,1.9073486328125e-06,4,,,,66,-2.574920654296875e-05,25.0,75.0,0.0,,,,,
model_item_influence_summary.csv,amazon-all-beauty,test,,,,,,,-6.008148193359375e-05,-1.9073486328125e-06,4,,,,67,-2.956390380859375e-05,25.0,75.0,0.0,,,,,
model_item_influence_summary.csv,amazon-all-beauty,test,,,,,,,-3.814697265625e-05,-7.62939453125e-06,3,,,,68,-1.7801920572916668e-05,0.0,100.0,0.0,,,,,
model_item_influence_summary.csv,amazon-all-beauty,test,,,,,,,-4.9591064453125e-05,-7.62939453125e-06,3,,,,69,-3.0517578125e-05,0.0,100.0,0.0,,,,,
model_item_influence_summary.csv,amazon-all-beauty,test,,,,,,,-5.340576171875e-05,0.0,3,,,,70,-1.7801920572916668e-05,0.0,33.33333333333333,66.66666666666666,,,,,
model_item_influence_summary.csv,amazon-all-beauty,test,,,,,,,-7.2479248046875e-05,1.9073486328125e-05,3,,,,71,-1.7801920572916668e-05,33.33333333333333,33.33333333333333,33.33333333333333,,,,,
model_item_influence_summary.csv,amazon-all-beauty,test,,,,,,,-2.288818359375e-05,0.0,2,,,,72,-1.1444091796875e-05,0.0,50.0,50.0,,,,,
model_item_influence_summary.csv,amazon-all-beauty,test,,,,,,,-3.4332275390625e-05,-1.52587890625e-05,2,,,,73,-2.47955322265625e-05,0.0,100.0,0.0,,,,,
model_item_influence_summary.csv,amazon-all-beauty,test,,,,,,,-7.62939453125e-06,1.52587890625e-05,2,,,,74,3.814697265625e-06,50.0,50.0,0.0,,,,,
model_item_influence_summary.csv,amazon-all-beauty,test,,,,,,,0.0,7.62939453125e-06,2,,,,75,3.814697265625e-06,50.0,0.0,50.0,,,,,
model_item_influence_summary.csv,amazon-all-beauty,test,,,,,,,0.0,1.1444091796875e-05,2,,,,76,5.7220458984375e-06,50.0,0.0,50.0,,,,,
model_item_influence_summary.csv,amazon-all-beauty,test,,,,,,,0.0,2.6702880859375e-05,2,,,,77,1.33514404296875e-05,50.0,0.0,50.0,,,,,
model_item_influence_summary.csv,amazon-all-beauty,test,,,,,,,-7.62939453125e-06,2.288818359375e-05,2,,,,78,7.62939453125e-06,50.0,50.0,0.0,,,,,
model_item_influence_summary.csv,amazon-all-beauty,test,,,,,,,3.814697265625e-06,2.6702880859375e-05,2,,,,79,1.52587890625e-05,100.0,0.0,0.0,,,,,
model_item_influence_summary.csv,amazon-all-beauty,test,,,,,,,-2.288818359375e-05,-7.62939453125e-06,2,,,,80,-1.52587890625e-05,0.0,100.0,0.0,,,,,
model_item_influence_summary.csv,amazon-all-beauty,test,,,,,,,-3.814697265625e-05,1.52587890625e-05,2,,,,81,-1.1444091796875e-05,50.0,50.0,0.0,,,,,
model_item_influence_summary.csv,amazon-all-beauty,test,,,,,,,-7.62939453125e-06,0.0,2,,,,82,-3.814697265625e-06,0.0,50.0,50.0,,,,,
model_item_influence_summary.csv,amazon-all-beauty,test,,,,,,,1.1444091796875e-05,2.288818359375e-05,2,,,,83,1.71661376953125e-05,100.0,0.0,0.0,,,,,
model_item_influence_summary.csv,amazon-all-beauty,test,,,,,,,-3.4332275390625e-05,1.52587890625e-05,2,,,,84,-9.5367431640625e-06,50.0,50.0,0.0,,,,,
model_item_influence_summary.csv,amazon-all-beauty,test,,,,,,,-1.52587890625e-05,7.62939453125e-06,2,,,,85,-3.814697265625e-06,50.0,50.0,0.0,,,,,
model_item_influence_summary.csv,amazon-all-beauty,test,,,,,,,-7.62939453125e-06,2.288818359375e-05,2,,,,86,7.62939453125e-06,50.0,50.0,0.0,,,,,
model_item_influence_summary.csv,amazon-all-beauty,test,,,,,,,-3.4332275390625e-05,2.6702880859375e-05,2,,,,87,-3.814697265625e-06,50.0,50.0,0.0,,,,,
model_item_influence_summary.csv,amazon-all-beauty,test,,,,,,,-2.288818359375e-05,-1.52587890625e-05,2,,,,88,-1.9073486328125e-05,0.0,100.0,0.0,,,,,
model_item_influence_summary.csv,amazon-all-beauty,test,,,,,,,-2.288818359375e-05,7.62939453125e-06,2,,,,89,-7.62939453125e-06,50.0,50.0,0.0,,,,,
model_item_influence_summary.csv,amazon-all-beauty,test,,,,,,,0.0,0.0,2,,,,90,0.0,0.0,0.0,100.0,,,,,
model_item_influence_summary.csv,amazon-all-beauty,test,,,,,,,-7.62939453125e-06,1.9073486328125e-05,2,,,,91,5.7220458984375e-06,50.0,50.0,0.0,,,,,
model_item_influence_summary.csv,amazon-all-beauty,test,,,,,,,0.0,1.52587890625e-05,2,,,,92,7.62939453125e-06,50.0,0.0,50.0,,,,,
model_item_influence_summary.csv,amazon-all-beauty,test,,,,,,,-7.62939453125e-06,1.52587890625e-05,2,,,,93,3.814697265625e-06,50.0,50.0,0.0,,,,,
model_item_influence_summary.csv,amazon-all-beauty,test,,,,,,,-7.62939453125e-06,1.52587890625e-05,2,,,,94,3.814697265625e-06,50.0,50.0,0.0,,,,,
model_item_influence_summary.csv,amazon-all-beauty,test,,,,,,,-7.62939453125e-06,1.52587890625e-05,2,,,,95,3.814697265625e-06,50.0,50.0,0.0,,,,,
model_item_influence_summary.csv,amazon-all-beauty,test,,,,,,,nan,nan,1,,,,96,-7.62939453125e-06,0.0,100.0,0.0,,,,,
model_item_influence_summary.csv,amazon-all-beauty,test,,,,,,,nan,nan,1,,,,97,-1.9073486328125e-05,0.0,100.0,0.0,,,,,
model_item_influence_summary.csv,amazon-all-beauty,test,,,,,,,nan,nan,1,,,,98,-3.4332275390625e-05,0.0,100.0,0.0,,,,,
model_item_influence_summary.csv,amazon-all-beauty,test,,,,,,,nan,nan,1,,,,99,0.0,0.0,0.0,100.0,,,,,
model_item_influence_summary.csv,amazon-all-beauty,test,,,,,,,nan,nan,1,,,,100,-2.288818359375e-05,0.0,100.0,0.0,,,,,
model_item_influence_summary.csv,amazon:Baby_Products,test,,,,,,,0.05332590340748429,0.07817263347767293,2000,,,,1,0.06569665273278952,69.8,30.2,0.0,,,,,
model_item_influence_summary.csv,amazon:Baby_Products,test,,,,,,,-0.002729646330233663,0.008133826719038185,2000,,,,2,0.002718761149793863,63.5,36.5,0.0,,,,,
model_item_influence_summary.csv,amazon:Baby_Products,test,,,,,,,-0.005200956423319051,0.005452765211447982,1988,,,,3,0.0001933981047969469,62.776659959758554,37.223340040241446,0.0,,,,,
model_item_influence_summary.csv,amazon:Baby_Products,test,,,,,,,-0.003270272205134096,0.006604487005382817,1891,,,,4,0.0016673936699194481,63.56425171866738,36.43574828133263,0.0,,,,,
model_item_influence_summary.csv,amazon:Baby_Products,test,,,,,,,-0.006871290223626313,0.0024924662159352745,1317,,,,5,-0.0020710513584072518,62.490508731966585,37.50949126803341,0.0,,,,,
model_item_influence_summary.csv,amazon:Baby_Products,test,,,,,,,-0.004137064970715286,0.004688556594330638,924,,,,6,0.00023705842078248143,59.523809523809526,40.476190476190474,0.0,,,,,
model_item_influence_summary.csv,amazon:Baby_Products,test,,,,,,,-0.008533909764574504,0.0011446191677183615,713,,,,7,-0.0036036922148367464,60.72931276297335,39.27068723702665,0.0,,,,,
model_item_influence_summary.csv,amazon:Baby_Products,test,,,,,,,-0.011298891640715786,-0.0001361317904959808,539,,,,8,-0.005429697376788215,61.4100185528757,38.5899814471243,0.0,,,,,
model_item_influence_summary.csv,amazon:Baby_Products,test,,,,,,,-0.009061753707787683,0.0003898677403270371,434,,,,9,-0.004242095340918835,59.67741935483871,40.32258064516129,0.0,,,,,
model_item_influence_summary.csv,amazon:Baby_Products,test,,,,,,,-0.004862503438485973,0.0025462134772385138,329,,,,10,-0.0012093466058328158,57.75075987841946,42.24924012158054,0.0,,,,,
model_item_influence_summary.csv,amazon:Baby_Products,test,,,,,,,-0.012994951199667126,-0.0004180459473647364,255,,,,11,-0.006288382352567187,56.07843137254902,43.92156862745098,0.0,,,,,
model_item_influence_summary.csv,amazon:Baby_Products,test,,,,,,,0.0005637390557583885,0.00968395572303984,201,,,,12,0.00453338794299026,59.70149253731343,40.298507462686565,0.0,,,,,
model_item_influence_summary.csv,amazon:Baby_Products,test,,,,,,,-0.007390180176307011,0.0021569681671485606,173,,,,13,-0.002681333119469571,56.06936416184971,43.93063583815029,0.0,,,,,
model_item_influence_summary.csv,amazon:Baby_Products,test,,,,,,,-0.007165821903460734,0.00012999133181732913,148,,,,14,-0.003209900564035854,54.054054054054056,45.94594594594595,0.0,,,,,
model_item_influence_summary.csv,amazon:Baby_Products,test,,,,,,,-1.960869614533552e-05,0.005310873106474012,127,,,,15,0.0028033578020381176,62.20472440944882,37.79527559055118,0.0,,,,,
model_item_influence_summary.csv,amazon:Baby_Products,test,,,,,,,-0.0028201715183367422,0.004214413067616453,109,,,,16,0.000410352825024806,49.54128440366973,50.45871559633027,0.0,,,,,
model_item_influence_summary.csv,amazon:Baby_Products,test,,,,,,,-0.005061925601214171,0.0015171091742813582,100,,,,17,-0.001199253350496292,59.0,41.0,0.0,,,,,
model_item_influence_summary.csv,amazon:Baby_Products,test,,,,,,,-0.018496554284945302,0.0007846059299063404,87,,,,18,-0.006809729269181175,62.06896551724138,37.93103448275862,0.0,,,,,
model_item_influence_summary.csv,amazon:Baby_Products,test,,,,,,,-0.005395611834067565,0.0011158978805328014,78,,,,19,-0.0018669053530081725,58.97435897435898,41.02564102564102,0.0,,,,,
model_item_influence_summary.csv,amazon:Baby_Products,test,,,,,,,-0.0020306667601558527,0.003196581694441782,71,,,,20,0.0007825048876480317,59.154929577464785,40.845070422535215,0.0,,,,,
model_item_influence_summary.csv,amazon:Baby_Products,test,,,,,,,-0.00480724989421784,0.00056627702618402,63,,,,21,-0.0017842636221931094,50.79365079365079,49.2063492063492,0.0,,,,,
model_item_influence_summary.csv,amazon:Baby_Products,test,,,,,,,-0.0014082282139309522,0.001896281874385372,58,,,,22,0.00011635083576728557,53.44827586206896,46.55172413793103,0.0,,,,,
model_item_influence_summary.csv,amazon:Baby_Products,test,,,,,,,-0.0007964361172456008,0.0008864302188158035,52,,,,23,4.9748672888829155e-05,63.46153846153846,36.53846153846153,0.0,,,,,
model_item_influence_summary.csv,amazon:Baby_Products,test,,,,,,,-0.0018774332136523967,0.0011430509008315134,49,,,,24,-0.00034795154114158786,42.857142857142854,57.14285714285714,0.0,,,,,
model_item_influence_summary.csv,amazon:Baby_Products,test,,,,,,,-0.0019541647793217135,0.00034808758646249767,44,,,,25,-0.0006926235827532681,52.27272727272727,47.72727272727273,0.0,,,,,
model_item_influence_summary.csv,amazon:Baby_Products,test,,,,,,,-0.0025334300179230542,0.0006191243074442209,38,,,,26,-0.0007022736888182791,50.0,47.368421052631575,2.631578947368421,,,,,
model_item_influence_summary.csv,amazon:Baby_Products,test,,,,,,,-0.002970930030851653,0.0005439385771751383,33,,,,27,-0.000979250127618963,57.57575757575758,39.39393939393939,3.0303030303030303,,,,,
model_item_influence_summary.csv,amazon:Baby_Products,test,,,,,,,-0.004970836779102683,0.0006337013328447928,32,,,,28,-0.0013246247544884682,71.875,25.0,3.125,,,,,
model_item_influence_summary.csv,amazon:Baby_Products,test,,,,,,,0.00012566883649144854,0.0023281962743827273,28,,,,29,0.0011054192270551408,75.0,25.0,0.0,,,,,
model_item_influence_summary.csv,amazon:Baby_Products,test,,,,,,,-0.0019227962081248943,0.0001163762922470382,26,,,,30,-0.0007332139290296114,53.84615384615385,42.30769230769231,3.8461538461538463,,,,,
model_item_influence_summary.csv,amazon:Baby_Products,test,,,,,,,-0.000517560770878425,0.0029031523718283728,26,,,,31,0.0008424176619603083,61.53846153846154,38.46153846153847,0.0,,,,,
model_item_influence_summary.csv,amazon:Baby_Products,test,,,,,,,-0.0013548076152801515,0.001547088722387949,24,,,,32,4.572421312332153e-05,50.0,50.0,0.0,,,,,
model_item_influence_summary.csv,amazon:Baby_Products,test,,,,,,,-0.00046508971013520896,0.0010230898857116696,19,,,,33,0.00025364599729839126,52.63157894736842,47.368421052631575,0.0,,,,,
model_item_influence_summary.csv,amazon:Baby_Products,test,,,,,,,0.00015612207353115083,0.002993883399499786,18,,,,34,0.0013901061481899684,61.111111111111114,33.33333333333333,5.555555555555555,,,,,
model_item_influence_summary.csv,amazon:Baby_Products,test,,,,,,,6.596106621954176e-05,0.0009511211680041415,18,,,,35,0.000419845183690389,72.22222222222221,22.22222222222222,5.555555555555555,,,,,
model_item_influence_summary.csv,amazon:Baby_Products,test,,,,,,,-0.0006937333382666111,0.00014723967760801315,16,,,,36,-0.00016553513705730438,37.5,50.0,12.5,,,,,
model_item_influence_summary.csv,amazon:Baby_Products,test,,,,,,,-8.106827735900878e-06,0.00030706624190012617,15,,,,37,0.00010839104652404785,53.333333333333336,33.33333333333333,13.333333333333334,,,,,
model_item_influence_summary.csv,amazon:Baby_Products,test,,,,,,,2.7749935785929365e-06,0.0005869120359420775,15,,,,38,0.0002611080805460612,53.333333333333336,26.666666666666668,20.0,,,,,
model_item_influence_summary.csv,amazon:Baby_Products,test,,,,,,,3.562470277150472e-06,0.0003875267505645752,15,,,,39,0.0001749873161315918,53.333333333333336,40.0,6.666666666666667,,,,,
model_item_influence_summary.csv,amazon:Baby_Products,test,,,,,,,-0.0026268337170283,6.563901901245105e-05,15,,,,40,-0.0008766253789265951,33.33333333333333,46.666666666666664,20.0,,,,,
model_item_influence_summary.csv,amazon:Baby_Products,test,,,,,,,-0.00031565337308815547,0.00032705994588988165,14,,,,41,-1.9903693880353657e-06,35.714285714285715,35.714285714285715,28.57142857142857,,,,,
model_item_influence_summary.csv,amazon:Baby_Products,test,,,,,,,-0.003198036977222988,0.00016204608338219758,14,,,,42,-0.001066080161503383,28.57142857142857,42.857142857142854,28.57142857142857,,,,,
model_item_influence_summary.csv,amazon:Baby_Products,test,,,,,,,-0.0009751041730244954,0.001020490378141403,12,,,,43,2.3523966471354168e-05,41.66666666666667,33.33333333333333,25.0,,,,,
model_item_influence_summary.csv,amazon:Baby_Products,test,,,,,,,4.1212638219197595e-05,0.0016663931310176843,12,,,,44,0.0006503413120905558,66.66666666666666,16.666666666666664,16.666666666666664,,,,,
model_item_influence_summary.csv,amazon:Baby_Products,test,,,,,,,-0.00010174783793362704,8.710243485190643e-05,11,,,,45,-1.706860282204368e-06,36.36363636363637,27.27272727272727,36.36363636363637,,,,,
model_item_influence_summary.csv,amazon:Baby_Products,test,,,,,,,1.5801733190363105e-05,0.0028250325809825545,11,,,,46,0.001065693118355491,54.54545454545454,27.27272727272727,18.181818181818183,,,,,
model_item_influence_summary.csv,amazon:Baby_Products,test,,,,,,,4.931417378512296e-05,0.0010163681073622269,11,,,,47,0.0004550272768194025,72.72727272727273,9.090909090909092,18.181818181818183,,,,,
model_item_influence_summary.csv,amazon:Baby_Products,test,,,,,,,4.676255312832919e-06,0.00025154406374151047,11,,,,48,0.00010215694254094905,45.45454545454545,18.181818181818183,36.36363636363637,,,,,
model_item_influence_summary.csv,amazon:Baby_Products,test,,,,,,,-5.1992860707369715e-05,0.00014860426837747738,11,,,,49,3.1931833787397906e-05,27.27272727272727,36.36363636363637,36.36363636363637,,,,,
model_item_influence_summary.csv,amazon:Baby_Products,test,,,,,,,2.3818016052246094e-06,0.000487478375434875,10,,,,50,0.00018529891967773439,60.0,20.0,20.0,,,,,
model_item_influence_summary.csv,amazon:Baby_Products,test,,,,,,,-1.1789947748184205e-05,0.00012375563383102415,10,,,,51,4.0465593338012694e-05,60.0,10.0,30.0,,,,,
model_item_influence_summary.csv,amazon:Baby_Products,test,,,,,,,-0.001168828010559082,1.1329054832458474e-05,10,,,,52,-0.00041086673736572265,40.0,30.0,30.0,,,,,
model_item_influence_summary.csv,amazon:Baby_Products,test,,,,,,,-0.00010393129454718697,0.00035072763760884604,9,,,,53,8.020798365275066e-05,33.33333333333333,33.33333333333333,33.33333333333333,,,,,
model_item_influence_summary.csv,amazon:Baby_Products,test,,,,,,,-3.4655843462262836e-05,5.994524274553571e-06,7,,,,54,-9.247234889439174e-06,28.57142857142857,28.57142857142857,42.857142857142854,,,,,
model_item_influence_summary.csv,amazon:Baby_Products,test,,,,,,,-4.6900340488978797e-05,2.792903355189732e-06,7,,,,55,-1.5429088047572543e-05,28.57142857142857,28.57142857142857,42.857142857142854,,,,,
model_item_influence_summary.csv,amazon:Baby_Products,test,,,,,,,-0.00015501805714198522,4.158701215471522e-06,7,,,,56,-5.104712077549526e-05,28.57142857142857,28.57142857142857,42.857142857142854,,,,,
model_item_influence_summary.csv,amazon:Baby_Products,test,,,,,,,-4.495893205915179e-06,1.2542520250592912e-05,7,,,,57,2.682209014892578e-06,14.285714285714285,14.285714285714285,71.42857142857143,,,,,
model_item_influence_summary.csv,amazon:Baby_Products,test,,,,,,,-5.177089146205357e-06,1.9848346710205078e-05,7,,,,58,4.981245313371931e-06,28.57142857142857,14.285714285714285,57.14285714285714,,,,,
model_item_influence_summary.csv,amazon:Baby_Products,test,,,,,,,-7.288796561104911e-06,2.282857894897461e-05,7,,,,59,4.589557647705078e-06,14.285714285714285,28.57142857142857,57.14285714285714,,,,,
model_item_influence_summary.csv,amazon:Baby_Products,test,,,,,,,-0.00017477784837995256,1.362391880580357e-07,7,,,,60,-6.009851183210101e-05,14.285714285714285,28.57142857142857,57.14285714285714,,,,,
model_item_influence_summary.csv,amazon:Baby_Products,test,,,,,,,-8.174351283482143e-06,0.0010270306042262486,7,,,,61,0.00033961875098092217,14.285714285714285,14.285714285714285,71.42857142857143,,,,,
model_item_influence_summary.csv,amazon:Baby_Products,test,,,,,,,-2.620901380266462e-05,2.724783761160714e-07,7,,,,62,-9.145055498395647e-06,14.285714285714285,28.57142857142857,57.14285714285714,,,,,
model_item_influence_summary.csv,amazon:Baby_Products,test,,,,,,,-1.430511474609375e-05,0.0014269096510750906,7,,,,63,0.0004708681787763323,14.285714285714285,14.285714285714285,71.42857142857143,,,,,
model_item_influence_summary.csv,amazon:Baby_Products,test,,,,,,,-1.4577593122209822e-05,2.9001917157854352e-05,7,,,,64,4.8535210745675224e-06,28.57142857142857,14.285714285714285,57.14285714285714,,,,,
model_item_influence_summary.csv,amazon:Baby_Products,test,,,,,,,-6.288290023803711e-05,2.724783761160714e-07,7,,,,65,-2.3186206817626953e-05,14.285714285714285,28.57142857142857,57.14285714285714,,,,,
model_item_influence_summary.csv,amazon:Baby_Products,test,,,,,,,0.0,0.00026802505765642436,7,,,,66,9.215729577200753e-05,28.57142857142857,0.0,71.42857142857143,,,,,
model_item_influence_summary.csv,amazon:Baby_Products,test,,,,,,,0.0,3.337860107421875e-06,6,,,,67,1.1126200358072917e-06,16.666666666666664,0.0,83.33333333333334,,,,,
model_item_influence_summary.csv,amazon:Baby_Products,test,,,,,,,0.0,0.0,5,,,,68,0.0,0.0,0.0,100.0,,,,,
model_item_influence_summary.csv,amazon:Baby_Products,test,,,,,,,0.0,0.0,5,,,,69,0.0,0.0,0.0,100.0,,,,,
model_item_influence_summary.csv,amazon:Baby_Products,test,,,,,,,0.0,0.0,4,,,,70,0.0,0.0,0.0,100.0,,,,,
model_item_influence_summary.csv,amazon:Baby_Products,test,,,,,,,0.0,0.0,4,,,,71,0.0,0.0,0.0,100.0,,,,,
model_item_influence_summary.csv,amazon:Baby_Products,test,,,,,,,0.0,0.0,4,,,,72,0.0,0.0,0.0,100.0,,,,,
model_item_influence_summary.csv,amazon:Baby_Products,test,,,,,,,0.0,0.0,3,,,,73,0.0,0.0,0.0,100.0,,,,,
model_item_influence_summary.csv,amazon:Baby_Products,test,,,,,,,0.0,0.0,3,,,,74,0.0,0.0,0.0,100.0,,,,,
model_item_influence_summary.csv,amazon:Baby_Products,test,,,,,,,0.0,0.0,3,,,,75,0.0,0.0,0.0,100.0,,,,,
model_item_influence_summary.csv,amazon:Baby_Products,test,,,,,,,0.0,0.0,3,,,,76,0.0,0.0,0.0,100.0,,,,,
model_item_influence_summary.csv,amazon:Baby_Products,test,,,,,,,0.0,0.0,3,,,,77,0.0,0.0,0.0,100.0,,,,,
model_item_influence_summary.csv,amazon:Baby_Products,test,,,,,,,0.0,0.0,3,,,,78,0.0,0.0,0.0,100.0,,,,,
model_item_influence_summary.csv,amazon:Baby_Products,test,,,,,,,0.0,0.0,3,,,,79,0.0,0.0,0.0,100.0,,,,,
model_item_influence_summary.csv,amazon:Baby_Products,test,,,,,,,0.0,0.0,3,,,,80,0.0,0.0,0.0,100.0,,,,,
model_item_influence_summary.csv,amazon:Baby_Products,test,,,,,,,0.0,0.0,3,,,,81,0.0,0.0,0.0,100.0,,,,,
model_item_influence_summary.csv,amazon:Baby_Products,test,,,,,,,0.0,0.0,3,,,,82,0.0,0.0,0.0,100.0,,,,,
model_item_influence_summary.csv,amazon:Baby_Products,test,,,,,,,0.0,0.0,3,,,,83,0.0,0.0,0.0,100.0,,,,,
model_item_influence_summary.csv,amazon:Baby_Products,test,,,,,,,0.0,0.0,3,,,,84,0.0,0.0,0.0,100.0,,,,,
model_item_influence_summary.csv,amazon:Baby_Products,test,,,,,,,0.0,0.0,3,,,,85,0.0,0.0,0.0,100.0,,,,,
model_item_influence_summary.csv,amazon:Baby_Products,test,,,,,,,0.0,0.0,3,,,,86,0.0,0.0,0.0,100.0,,,,,
model_item_influence_summary.csv,amazon:Baby_Products,test,,,,,,,0.0,0.0,3,,,,87,0.0,0.0,0.0,100.0,,,,,
model_item_influence_summary.csv,amazon:Baby_Products,test,,,,,,,0.0,0.0,3,,,,88,0.0,0.0,0.0,100.0,,,,,
model_item_influence_summary.csv,amazon:Baby_Products,test,,,,,,,0.0,0.0,3,,,,89,0.0,0.0,0.0,100.0,,,,,
model_item_influence_summary.csv,amazon:Baby_Products,test,,,,,,,0.0,0.0,3,,,,90,0.0,0.0,0.0,100.0,,,,,
model_item_influence_summary.csv,amazon:Baby_Products,test,,,,,,,0.0,0.0,3,,,,91,0.0,0.0,0.0,100.0,,,,,
model_item_influence_summary.csv,amazon:Baby_Products,test,,,,,,,0.0,0.0,3,,,,92,0.0,0.0,0.0,100.0,,,,,
model_item_influence_summary.csv,amazon:Baby_Products,test,,,,,,,0.0,0.0,3,,,,93,0.0,0.0,0.0,100.0,,,,,
model_item_influence_summary.csv,amazon:Baby_Products,test,,,,,,,0.0,0.0,3,,,,94,0.0,0.0,0.0,100.0,,,,,
model_item_influence_summary.csv,amazon:Baby_Products,test,,,,,,,0.0,0.0,3,,,,95,0.0,0.0,0.0,100.0,,,,,
model_item_influence_summary.csv,amazon:Baby_Products,test,,,,,,,0.0,0.0,3,,,,96,0.0,0.0,0.0,100.0,,,,,
model_item_influence_summary.csv,amazon:Baby_Products,test,,,,,,,0.0,0.0,3,,,,97,0.0,0.0,0.0,100.0,,,,,
model_item_influence_summary.csv,amazon:Baby_Products,test,,,,,,,0.0,0.0,3,,,,98,0.0,0.0,0.0,100.0,,,,,
model_item_influence_summary.csv,amazon:Baby_Products,test,,,,,,,0.0,0.0,3,,,,99,0.0,0.0,0.0,100.0,,,,,
model_item_influence_summary.csv,amazon:Baby_Products,test,,,,,,,0.0,0.0,3,,,,100,0.0,0.0,0.0,100.0,,,,,
model_item_influence_summary.csv,amazon-sports-and-outdoors,test,,,,,,,0.08384096369349864,0.11474787567695602,2000,,,,1,0.09873953031841666,65.64999999999999,34.35,0.0,,,,,
model_item_influence_summary.csv,amazon-sports-and-outdoors,test,,,,,,,0.004002992465056013,0.017164532346324993,2000,,,,2,0.010922599486541004,57.65,42.35,0.0,,,,,
model_item_influence_summary.csv,amazon-sports-and-outdoors,test,,,,,,,-0.00686758523512601,0.0044734931444195955,1946,,,,3,-0.001274815263783699,56.01233299075026,43.98766700924974,0.0,,,,,
model_item_influence_summary.csv,amazon-sports-and-outdoors,test,,,,,,,0.0015893021532485028,0.011144080545276033,1694,,,,4,0.006390684780168843,56.08028335301063,43.91971664698938,0.0,,,,,
model_item_influence_summary.csv,amazon-sports-and-outdoors,test,,,,,,,-0.005505627640746279,0.004395345046363558,1168,,,,5,-0.0004945314801872185,55.0513698630137,44.9486301369863,0.0,,,,,
model_item_influence_summary.csv,amazon-sports-and-outdoors,test,,,,,,,-0.0056703538570001665,0.004474920603064494,831,,,,6,-0.0002533915384294898,53.910950661853185,46.08904933814681,0.0,,,,,
model_item_influence_summary.csv,amazon-sports-and-outdoors,test,,,,,,,-0.008132022229582071,0.0022387414896488152,625,,,,7,-0.0031290510833263396,51.68000000000001,48.32,0.0,,,,,
model_item_influence_summary.csv,amazon-sports-and-outdoors,test,,,,,,,-0.005164172193606485,0.004271395380823352,473,,,,8,-0.00035397899012232936,54.756871035940804,45.243128964059196,0.0,,,,,
model_item_influence_summary.csv,amazon-sports-and-outdoors,test,,,,,,,-0.005019702941785491,0.004456716905937107,381,,,,9,-9.628091975459903e-05,53.805774278215225,46.194225721784775,0.0,,,,,
model_item_influence_summary.csv,amazon-sports-and-outdoors,test,,,,,,,-0.00156635078762112,0.0069512925579630095,290,,,,10,0.0031649966435185794,57.931034482758626,42.06896551724138,0.0,,,,,
model_item_influence_summary.csv,amazon-sports-and-outdoors,test,,,,,,,-0.0006316016453343469,0.007363704769863735,222,,,,11,0.003381964658294712,61.711711711711715,38.288288288288285,0.0,,,,,
model_item_influence_summary.csv,amazon-sports-and-outdoors,test,,,,,,,0.0010171000995943622,0.010228902359883631,186,,,,12,0.005673085249239399,63.44086021505376,36.55913978494624,0.0,,,,,
model_item_influence_summary.csv,amazon-sports-and-outdoors,test,,,,,,,-0.009278442108860382,0.0029545454738231784,156,,,,13,-0.002476501445739697,54.48717948717948,45.51282051282051,0.0,,,,,
model_item_influence_summary.csv,amazon-sports-and-outdoors,test,,,,,,,-0.002148160493144622,0.0050295285250131876,130,,,,14,0.0016016593346228967,56.92307692307692,43.07692307692308,0.0,,,,,
model_item_influence_summary.csv,amazon-sports-and-outdoors,test,,,,,,,-0.0032560327439568933,0.003564778515802958,112,,,,15,0.0002449715643056801,46.42857142857143,53.57142857142857,0.0,,,,,
model_item_influence_summary.csv,amazon-sports-and-outdoors,test,,,,,,,0.0004020726826694823,0.008877151628437725,97,,,,16,0.0043226223938243906,57.73195876288659,42.2680412371134,0.0,,,,,
model_item_influence_summary.csv,amazon-sports-and-outdoors,test,,,,,,,-0.00022638673972652618,0.0047800563141165,83,,,,17,0.0022211624197213046,57.831325301204814,42.168674698795186,0.0,,,,,
model_item_influence_summary.csv,amazon-sports-and-outdoors,test,,,,,,,-0.008422048476295194,8.22449076002908e-05,69,,,,18,-0.00370005550591842,39.130434782608695,60.86956521739131,0.0,,,,,
model_item_influence_summary.csv,amazon-sports-and-outdoors,test,,,,,,,-0.003589342149798987,0.003025607697543549,61,,,,19,-0.0002661481743953267,57.377049180327866,42.62295081967213,0.0,,,,,
model_item_influence_summary.csv,amazon-sports-and-outdoors,test,,,,,,,-0.007988040521740913,0.0002889979021767007,52,,,,20,-0.0032678391211307966,44.230769230769226,55.769230769230774,0.0,,,,,
model_item_influence_summary.csv,amazon-sports-and-outdoors,test,,,,,,,-0.0025362952166925307,0.005411895121569216,46,,,,21,0.0011712850435920384,50.0,50.0,0.0,,,,,
model_item_influence_summary.csv,amazon-sports-and-outdoors,test,,,,,,,-0.0016354489498413526,0.003024294389746127,39,,,,22,0.0007899705416116959,53.84615384615385,46.15384615384615,0.0,,,,,
model_item_influence_summary.csv,amazon-sports-and-outdoors,test,,,,,,,-0.0038929567345090815,0.0019217527295286576,37,,,,23,-0.0006748143885586713,48.64864864864865,51.35135135135135,0.0,,,,,
model_item_influence_summary.csv,amazon-sports-and-outdoors,test,,,,,,,-0.001103908692797025,0.0027841457363330943,33,,,,24,0.0007272380771058979,45.45454545454545,54.54545454545454,0.0,,,,,
model_item_influence_summary.csv,amazon-sports-and-outdoors,test,,,,,,,-0.0012236450364192328,0.0024445183699329668,30,,,,25,0.0004805030922094981,46.666666666666664,53.333333333333336,0.0,,,,,
model_item_influence_summary.csv,amazon-sports-and-outdoors,test,,,,,,,-0.005776991953070347,-0.0007858004420995718,26,,,,26,-0.003068737112558805,26.923076923076923,73.07692307692307,0.0,,,,,
model_item_influence_summary.csv,amazon-sports-and-outdoors,test,,,,,,,-0.002000598415084507,0.0009024625887041506,23,,,,27,-0.000555307968803074,39.130434782608695,60.86956521739131,0.0,,,,,
model_item_influence_summary.csv,amazon-sports-and-outdoors,test,,,,,,,-0.003058042057922908,0.003935511552152174,21,,,,28,0.0005026644184475853,66.66666666666666,33.33333333333333,0.0,,,,,
model_item_influence_summary.csv,amazon-sports-and-outdoors,test,,,,,,,-0.00499290667082134,0.004348274673286231,19,,,,29,-0.00030854814930966024,63.1578947368421,36.84210526315789,0.0,,,,,
model_item_influence_summary.csv,amazon-sports-and-outdoors,test,,,,,,,-0.006093914103176858,0.0018512948105732572,18,,,,30,-0.0017700443665186565,44.44444444444444,55.55555555555556,0.0,,,,,
model_item_influence_summary.csv,amazon-sports-and-outdoors,test,,,,,,,-0.0031202367093000147,3.434804578621983e-05,18,,,,31,-0.0014120510054959191,38.88888888888889,61.111111111111114,0.0,,,,,
model_item_influence_summary.csv,amazon-sports-and-outdoors,test,,,,,,,-0.002299167315165202,0.0009602904319763173,15,,,,32,-0.0005340814590454101,53.333333333333336,46.666666666666664,0.0,,,,,
model_item_influence_summary.csv,amazon-sports-and-outdoors,test,,,,,,,-0.001800883002579212,0.0023221390055758605,14,,,,33,0.0001777953335217067,50.0,50.0,0.0,,,,,
model_item_influence_summary.csv,amazon-sports-and-outdoors,test,,,,,,,-0.0009270779111168601,0.0023957285014065827,11,,,,34,0.0006268078630620784,45.45454545454545,54.54545454545454,0.0,,,,,
model_item_influence_summary.csv,amazon-sports-and-outdoors,test,,,,,,,-0.0017054046419533815,-9.830932725559584e-05,11,,,,35,-0.0008664104071530429,36.36363636363637,63.63636363636363,0.0,,,,,
model_item_influence_summary.csv,amazon-sports-and-outdoors,test,,,,,,,-0.007808110321109945,0.0013474414971741744,11,,,,36,-0.0026236095211722636,36.36363636363637,63.63636363636363,0.0,,,,,
model_item_influence_summary.csv,amazon-sports-and-outdoors,test,,,,,,,-0.005396226928992705,0.0033373321999203057,11,,,,37,-0.00034994157877835363,63.63636363636363,36.36363636363637,0.0,,,,,
model_item_influence_summary.csv,amazon-sports-and-outdoors,test,,,,,,,-2.3752180012789616e-05,0.0029205868189985094,11,,,,38,0.0013270215554670854,72.72727272727273,27.27272727272727,0.0,,,,,
model_item_influence_summary.csv,amazon-sports-and-outdoors,test,,,,,,,-0.002353988520123742,0.0017410287125544112,11,,,,39,-0.00020564415238120338,45.45454545454545,54.54545454545454,0.0,,,,,
model_item_influence_summary.csv,amazon-sports-and-outdoors,test,,,,,,,-0.0015968617051839828,0.00169984109699726,10,,,,40,3.0121207237243654e-05,40.0,60.0,0.0,,,,,
model_item_influence_summary.csv,amazon-sports-and-outdoors,test,,,,,,,-0.001095270961523056,0.0022320756316184997,10,,,,41,0.0003846108913421631,60.0,40.0,0.0,,,,,
model_item_influence_summary.csv,amazon-sports-and-outdoors,test,,,,,,,-0.0014445781707763672,0.0007090301977263554,9,,,,42,-0.00012812349531385634,66.66666666666666,33.33333333333333,0.0,,,,,
model_item_influence_summary.csv,amazon-sports-and-outdoors,test,,,,,,,-0.0021345158418019615,-1.4681286282009809e-05,9,,,,43,-0.0009340312745836046,33.33333333333333,66.66666666666666,0.0,,,,,
model_item_influence_summary.csv,amazon-sports-and-outdoors,test,,,,,,,-0.0023511449495951333,0.0007253984610239664,6,,,,44,-0.00044915080070495605,66.66666666666666,33.33333333333333,0.0,,,,,
model_item_influence_summary.csv,amazon-sports-and-outdoors,test,,,,,,,-0.003738582134246826,0.002613469958305359,4,,,,45,-0.0004013329744338989,50.0,50.0,0.0,,,,,
model_item_influence_summary.csv,amazon-sports-and-outdoors,test,,,,,,,-0.0037239212542772293,0.0019010454416275024,4,,,,46,-0.0006003379821777344,50.0,50.0,0.0,,,,,
model_item_influence_summary.csv,amazon-sports-and-outdoors,test,,,,,,,-0.0037565231323242188,0.0001478046178817749,4,,,,47,-0.0012821108102798462,25.0,75.0,0.0,,,,,
model_item_influence_summary.csv,amazon-sports-and-outdoors,test,,,,,,,-0.003727555274963379,0.00037041306495666504,4,,,,48,-0.0011671483516693115,50.0,50.0,0.0,,,,,
model_item_influence_summary.csv,amazon-sports-and-outdoors,test,,,,,,,-5.3882598876953125e-05,0.00015142560005187988,2,,,,49,4.877150058746338e-05,50.0,50.0,0.0,,,,,
model_item_influence_summary.csv,amazon-sports-and-outdoors,test,,,,,,,-6.9141387939453125e-06,0.00013321638107299805,2,,,,50,6.315112113952637e-05,50.0,50.0,0.0,,,,,
model_item_influence_summary.csv,amazon-sports-and-outdoors,test,,,,,,,-5.316734313964844e-05,1.5050172805786133e-05,2,,,,51,-1.9058585166931152e-05,50.0,50.0,0.0,,,,,
model_item_influence_summary.csv,amazon-sports-and-outdoors,test,,,,,,,nan,nan,1,,,,52,0.00029093027114868164,100.0,0.0,0.0,,,,,
model_item_influence_summary.csv,amazon-sports-and-outdoors,test,,,,,,,nan,nan,1,,,,53,3.159046173095703e-05,100.0,0.0,0.0,,,,,
model_item_influence_summary.csv,amazon-sports-and-outdoors,test,,,,,,,nan,nan,1,,,,54,0.0005927383899688721,100.0,0.0,0.0,,,,,
model_item_influence_summary.csv,amazon-sports-and-outdoors,test,,,,,,,nan,nan,1,,,,55,-0.0002346336841583252,0.0,100.0,0.0,,,,,
model_item_influence_summary.csv,amazon-sports-and-outdoors,test,,,,,,,nan,nan,1,,,,56,-7.420778274536133e-05,0.0,100.0,0.0,,,,,
model_item_influence_summary.csv,amazon-sports-and-outdoors,test,,,,,,,nan,nan,1,,,,57,-0.00018453598022460938,0.0,100.0,0.0,,,,,
model_item_influence_summary.csv,amazon-sports-and-outdoors,test,,,,,,,nan,nan,1,,,,58,-0.0002511739730834961,0.0,100.0,0.0,,,,,
model_item_influence_summary.csv,amazon-sports-and-outdoors,test,,,,,,,nan,nan,1,,,,59,0.000321805477142334,100.0,0.0,0.0,,,,,
model_item_influence_summary.csv,amazon-sports-and-outdoors,test,,,,,,,nan,nan,1,,,,60,-0.00013256072998046875,0.0,100.0,0.0,,,,,
model_item_influence_summary.csv,amazon-sports-and-outdoors,test,,,,,,,nan,nan,1,,,,61,-0.0001653134822845459,0.0,100.0,0.0,,,,,
model_item_influence_summary.csv,amazon-toys-and-games,test,,,,,,,0.12749508395651354,0.17572684633112512,2000,,,,1,0.1508656893055886,65.64999999999999,34.35,0.0,,,,,
model_item_influence_summary.csv,amazon-toys-and-games,test,,,,,,,0.01580861269813031,0.03430062167840077,2000,,,,2,0.02481962464377284,59.199999999999996,40.8,0.0,,,,,
model_item_influence_summary.csv,amazon-toys-and-games,test,,,,,,,-0.0046172841332698085,0.011740501370590479,1974,,,,3,0.0036880952846768417,55.521783181357655,44.47821681864235,0.0,,,,,
model_item_influence_summary.csv,amazon-toys-and-games,test,,,,,,,-0.009843739666052762,0.0054542700648871284,1851,,,,4,-0.001774537255801361,54.67314964883847,45.32685035116153,0.0,,,,,
model_item_influence_summary.csv,amazon-toys-and-games,test,,,,,,,-0.008839555482374377,0.006689943365918392,1304,,,,5,-0.0006764527335991523,54.44785276073619,45.5521472392638,0.0,,,,,
model_item_influence_summary.csv,amazon-toys-and-games,test,,,,,,,-0.005469776633888101,0.0077778919934271195,936,,,,6,0.00111380375475965,56.837606837606835,43.162393162393165,0.0,,,,,
model_item_influence_summary.csv,amazon-toys-and-games,test,,,,,,,-0.007546589753867404,0.005364804731656768,740,,,,7,-0.0010426474131039671,54.32432432432432,45.67567567567568,0.0,,,,,
model_item_influence_summary.csv,amazon-toys-and-games,test,,,,,,,-0.010668171482716895,0.003266442428058416,576,,,,8,-0.003847996898305913,54.34027777777778,45.65972222222222,0.0,,,,,
model_item_influence_summary.csv,amazon-toys-and-games,test,,,,,,,-0.009900874390933836,0.002906577740517125,451,,,,9,-0.003567076823003012,51.44124168514412,48.55875831485588,0.0,,,,,
model_item_influence_summary.csv,amazon-toys-and-games,test,,,,,,,-0.0026783452305213485,0.007648196833691099,378,,,,10,0.002589937969648018,54.4973544973545,45.5026455026455,0.0,,,,,
model_item_influence_summary.csv,amazon-toys-and-games,test,,,,,,,-0.0009707362611945241,0.008929727220525723,312,,,,11,0.0038275386039645243,54.807692307692314,45.19230769230769,0.0,,,,,
model_item_influence_summary.csv,amazon-toys-and-games,test,,,,,,,-0.006894565591308879,0.005135698076132888,273,,,,12,-0.0006210770417045761,52.74725274725275,47.25274725274725,0.0,,,,,
model_item_influence_summary.csv,amazon-toys-and-games,test,,,,,,,-0.004434976480267149,0.00654949911889877,235,,,,13,0.0012946186864629704,54.8936170212766,45.1063829787234,0.0,,,,,
model_item_influence_summary.csv,amazon-toys-and-games,test,,,,,,,-0.003177074510415997,0.004439730501987716,198,,,,14,0.0007598428337862997,55.55555555555556,44.44444444444444,0.0,,,,,
model_item_influence_summary.csv,amazon-toys-and-games,test,,,,,,,-0.0002859219856392801,0.008783185763514778,178,,,,15,0.0039045776795135455,57.30337078651685,42.69662921348314,0.0,,,,,
model_item_influence_summary.csv,amazon-toys-and-games,test,,,,,,,-0.001098612861635236,0.007713259559414988,154,,,,16,0.0032634178249092843,54.54545454545454,45.45454545454545,0.0,,,,,
model_item_influence_summary.csv,amazon-toys-and-games,test,,,,,,,-0.004926284182478081,0.0033352845023865946,132,,,,17,-0.0006709775576988856,48.484848484848484,51.515151515151516,0.0,,,,,
model_item_influence_summary.csv,amazon-toys-and-games,test,,,,,,,-0.004465977159949641,0.003660594783723354,120,,,,18,-0.00029368940740823744,51.66666666666667,48.333333333333336,0.0,,,,,
model_item_influence_summary.csv,amazon-toys-and-games,test,,,,,,,-0.0029730370059330886,0.005511504093132842,107,,,,19,0.0014125733314273514,54.20560747663551,45.794392523364486,0.0,,,,,
model_item_influence_summary.csv,amazon-toys-and-games,test,,,,,,,-0.0034095550117520046,0.004992703186842246,98,,,,20,0.0009162880252210461,53.06122448979592,46.93877551020408,0.0,,,,,
model_item_influence_summary.csv,amazon-toys-and-games,test,,,,,,,-0.003160579303760877,0.005246996936084848,89,,,,21,0.0012525893496663383,51.68539325842697,48.31460674157304,0.0,,,,,
model_item_influence_summary.csv,amazon-toys-and-games,test,,,,,,,0.0002009426554044088,0.005916734412312505,78,,,,22,0.0028652610878149667,60.256410256410255,39.743589743589745,0.0,,,,,
model_item_influence_summary.csv,amazon-toys-and-games,test,,,,,,,-0.005011923942301009,0.0057292332251866656,72,,,,23,0.0001631131809618738,48.61111111111111,51.388888888888886,0.0,,,,,
model_item_influence_summary.csv,amazon-toys-and-games,test,,,,,,,-0.0060845042120606175,0.002453390508890148,63,,,,24,-0.001525734979954977,50.79365079365079,49.2063492063492,0.0,,,,,
model_item_influence_summary.csv,amazon-toys-and-games,test,,,,,,,-0.0007873590372629085,0.002287709409907712,59,,,,25,0.0007919660311634257,62.71186440677966,37.28813559322034,0.0,,,,,
model_item_influence_summary.csv,amazon-toys-and-games,test,,,,,,,-0.0007522792116088687,0.0024232735330203792,53,,,,26,0.0008588521829191244,64.15094339622641,35.84905660377358,0.0,,,,,
model_item_influence_summary.csv,amazon-toys-and-games,test,,,,,,,-0.0036826754979630734,0.0008097968480371412,47,,,,27,-0.0013094549166395308,55.319148936170215,44.680851063829785,0.0,,,,,
model_item_influence_summary.csv,amazon-toys-and-games,test,,,,,,,-0.004337457226725613,0.0024745700971745862,41,,,,28,-0.0003812681974434271,53.65853658536586,46.34146341463415,0.0,,,,,
model_item_influence_summary.csv,amazon-toys-and-games,test,,,,,,,-0.0017202248796820642,0.0010607833042740817,40,,,,29,-0.0003084354102611542,45.0,55.00000000000001,0.0,,,,,
model_item_influence_summary.csv,amazon-toys-and-games,test,,,,,,,-0.011058178754817499,0.001927430305237827,38,,,,30,-0.0031550626613591846,42.10526315789473,57.89473684210527,0.0,,,,,
model_item_influence_summary.csv,amazon-toys-and-games,test,,,,,,,-0.0011424193158745767,0.0007096809231572678,36,,,,31,-0.00020613355769051446,52.77777777777778,47.22222222222222,0.0,,,,,
model_item_influence_summary.csv,amazon-toys-and-games,test,,,,,,,-0.0024436719475253938,0.0002114841293904089,31,,,,32,-0.0009969559408003284,51.61290322580645,48.38709677419355,0.0,,,,,
model_item_influence_summary.csv,amazon-toys-and-games,test,,,,,,,-0.0028220166053090777,0.0004772919629301342,28,,,,33,-0.0008276488099779401,46.42857142857143,53.57142857142857,0.0,,,,,
model_item_influence_summary.csv,amazon-toys-and-games,test,,,,,,,-0.006781452122543539,0.0008200302187885557,28,,,,34,-0.002477185002395085,71.42857142857143,28.57142857142857,0.0,,,,,
model_item_influence_summary.csv,amazon-toys-and-games,test,,,,,,,-0.0007386442135881494,0.0005883483699074497,27,,,,35,-5.6599025373105646e-05,55.55555555555556,44.44444444444444,0.0,,,,,
model_item_influence_summary.csv,amazon-toys-and-games,test,,,,,,,-0.0001083016968690432,0.0023205213821851293,26,,,,36,0.000878742107978234,61.53846153846154,38.46153846153847,0.0,,,,,
model_item_influence_summary.csv,amazon-toys-and-games,test,,,,,,,-0.0039911017145799555,0.0006683085599671236,23,,,,37,-0.0012413457683894944,56.52173913043478,43.47826086956522,0.0,,,,,
model_item_influence_summary.csv,amazon-toys-and-games,test,,,,,,,-0.0010119015262240456,9.32610460690085e-05,21,,,,38,-0.00041403089250837056,42.857142857142854,57.14285714285714,0.0,,,,,
model_item_influence_summary.csv,amazon-toys-and-games,test,,,,,,,-0.00113614627293178,0.00032436418391409326,21,,,,39,-0.0003698312100910005,57.14285714285714,42.857142857142854,0.0,,,,,
model_item_influence_summary.csv,amazon-toys-and-games,test,,,,,,,-0.001956311542363394,0.00039366891696339547,21,,,,40,-0.0005194076469966344,47.61904761904761,52.38095238095239,0.0,,,,,
model_item_influence_summary.csv,amazon-toys-and-games,test,,,,,,,-5.618713796138763e-05,0.0005762949585914607,20,,,,41,0.00023318827152252197,45.0,55.00000000000001,0.0,,,,,
model_item_influence_summary.csv,amazon-toys-and-games,test,,,,,,,-0.00030086375772953033,0.0009852442890405655,20,,,,42,0.0002510771155357361,45.0,55.00000000000001,0.0,,,,,
model_item_influence_summary.csv,amazon-toys-and-games,test,,,,,,,-0.005591420456767082,0.0005653919279575348,20,,,,43,-0.0019068822264671325,50.0,50.0,0.0,,,,,
model_item_influence_summary.csv,amazon-toys-and-games,test,,,,,,,-0.000446696248319414,0.00012960607806841506,18,,,,44,-0.000149458646774292,50.0,50.0,0.0,,,,,
model_item_influence_summary.csv,amazon-toys-and-games,test,,,,,,,-0.00015327018849989947,0.0001870339407640345,17,,,,45,1.1163599350873161e-05,52.94117647058824,47.05882352941176,0.0,,,,,
model_item_influence_summary.csv,amazon-toys-and-games,test,,,,,,,-0.00019765257835388183,0.0006182219584782917,15,,,,46,0.00016979376475016275,53.333333333333336,46.666666666666664,0.0,,,,,
model_item_influence_summary.csv,amazon-toys-and-games,test,,,,,,,-0.00015976918595177786,2.4724751710891646e-05,14,,,,47,-5.9898410524640765e-05,42.857142857142854,57.14285714285714,0.0,,,,,
model_item_influence_summary.csv,amazon-toys-and-games,test,,,,,,,-6.919984634105976e-05,0.0004442793818620533,13,,,,48,0.00013721447724562424,53.84615384615385,46.15384615384615,0.0,,,,,
model_item_influence_summary.csv,amazon-toys-and-games,test,,,,,,,-7.955208420753478e-05,0.00023854598402976986,12,,,,49,7.346769173940022e-05,58.333333333333336,41.66666666666667,0.0,,,,,
model_item_influence_summary.csv,amazon-toys-and-games,test,,,,,,,-0.00026113552351792656,0.00017263007660706835,12,,,,50,-4.4152140617370605e-05,58.333333333333336,41.66666666666667,0.0,,,,,
model_item_influence_summary.csv,amazon-toys-and-games,test,,,,,,,-0.00011297062039375305,4.165470600128172e-05,10,,,,51,-3.681778907775879e-05,40.0,60.0,0.0,,,,,
model_item_influence_summary.csv,amazon-toys-and-games,test,,,,,,,-8.395448327064514e-05,1.7359554767608626e-05,10,,,,52,-2.7567148208618164e-05,50.0,50.0,0.0,,,,,
model_item_influence_summary.csv,amazon-toys-and-games,test,,,,,,,-0.00011370301246643066,-4.216432571411152e-06,10,,,,53,-5.728006362915039e-05,20.0,80.0,0.0,,,,,
model_item_influence_summary.csv,amazon-toys-and-games,test,,,,,,,-7.956460118293762e-05,0.0002792951464653014,10,,,,54,8.280873298645019e-05,50.0,50.0,0.0,,,,,
model_item_influence_summary.csv,amazon-toys-and-games,test,,,,,,,-1.9586086273193357e-05,0.0002756658527586195,9,,,,55,0.00010803010728624131,77.77777777777779,22.22222222222222,0.0,,,,,
model_item_influence_summary.csv,amazon-toys-and-games,test,,,,,,,-0.0001187723543908861,0.00024926596217685266,9,,,,56,5.469719568888346e-05,44.44444444444444,55.55555555555556,0.0,,,,,
model_item_influence_summary.csv,amazon-toys-and-games,test,,,,,,,-0.0003196121917830573,0.00019212000899844698,9,,,,57,-3.276268641153971e-05,55.55555555555556,44.44444444444444,0.0,,,,,
model_item_influence_summary.csv,amazon-toys-and-games,test,,,,,,,-6.88668754365709e-05,0.00010915497938791904,9,,,,58,1.5636285146077473e-05,33.33333333333333,66.66666666666666,0.0,,,,,
model_item_influence_summary.csv,amazon-toys-and-games,test,,,,,,,-5.1302214463551835e-05,0.00036030345492892794,9,,,,59,0.00012868642807006836,44.44444444444444,55.55555555555556,0.0,,,,,
model_item_influence_summary.csv,amazon-toys-and-games,test,,,,,,,-8.37511486477322e-05,0.00010888046688503689,9,,,,60,1.0649363199869791e-05,44.44444444444444,55.55555555555556,0.0,,,,,
model_item_influence_summary.csv,amazon-toys-and-games,test,,,,,,,-0.00014303127924601236,7.85370667775471e-05,6,,,,61,-3.530581792195638e-05,33.33333333333333,66.66666666666666,0.0,,,,,
model_item_influence_summary.csv,amazon-toys-and-games,test,,,,,,,-6.427367528279622e-05,0.0002684593200683594,6,,,,62,8.617838223775227e-05,66.66666666666666,33.33333333333333,0.0,,,,,
model_item_influence_summary.csv,amazon-toys-and-games,test,,,,,,,-8.903940518697102e-05,0.00010296901067097942,6,,,,63,-2.8312206268310547e-06,33.33333333333333,66.66666666666666,0.0,,,,,
model_item_influence_summary.csv,amazon-toys-and-games,test,,,,,,,-8.169809977213542e-05,0.00010282496611277236,6,,,,64,5.8710575103759766e-06,33.33333333333333,66.66666666666666,0.0,,,,,
model_item_influence_summary.csv,amazon-toys-and-games,test,,,,,,,-3.77496083577474e-05,0.00011938810348510742,6,,,,65,3.359715143839518e-05,33.33333333333333,50.0,16.666666666666664,,,,,
model_item_influence_summary.csv,amazon-toys-and-games,test,,,,,,,-3.288189570109049e-05,0.00035701195398966473,6,,,,66,0.00011185805002848308,50.0,50.0,0.0,,,,,
model_item_influence_summary.csv,amazon-toys-and-games,test,,,,,,,-9.433428446451823e-05,0.0003681580225626628,6,,,,67,9.77317492167155e-05,50.0,50.0,0.0,,,,,
model_item_influence_summary.csv,amazon-toys-and-games,test,,,,,,,-7.160504659016927e-05,0.00015616416931152344,6,,,,68,2.6981035868326824e-05,66.66666666666666,33.33333333333333,0.0,,,,,
model_item_influence_summary.csv,amazon-toys-and-games,test,,,,,,,-9.334087371826172e-06,8.059501647949214e-05,5,,,,69,2.423524856567383e-05,60.0,40.0,0.0,,,,,
model_item_influence_summary.csv,amazon-toys-and-games,test,,,,,,,-4.720687866210938e-06,3.8456916809082034e-05,5,,,,70,1.6868114471435547e-05,80.0,20.0,0.0,,,,,
model_item_influence_summary.csv,amazon-toys-and-games,test,,,,,,,-0.00011627376079559326,9.873509407043457e-05,4,,,,71,-7.972121238708496e-06,25.0,50.0,25.0,,,,,
model_item_influence_summary.csv,amazon-toys-and-games,test,,,,,,,0.0,0.00017854571342468262,4,,,,72,7.772445678710938e-05,50.0,0.0,50.0,,,,,
model_item_influence_summary.csv,amazon-toys-and-games,test,,,,,,,-9.460747241973877e-05,0.0001742541790008545,4,,,,73,3.813207149505615e-05,50.0,50.0,0.0,,,,,
model_item_influence_summary.csv,amazon-toys-and-games,test,,,,,,,-0.00011338293552398682,0.00016546249389648438,4,,,,74,1.9684433937072754e-05,75.0,25.0,0.0,,,,,
model_item_influence_summary.csv,amazon-toys-and-games,test,,,,,,,0.0,0.00021982192993164062,3,,,,75,0.00012874603271484375,66.66666666666666,0.0,33.33333333333333,,,,,
model_item_influence_summary.csv,amazon-toys-and-games,test,,,,,,,-2.0623207092285156e-05,2.9087066650390625e-05,3,,,,76,2.8411547342936197e-06,66.66666666666666,33.33333333333333,0.0,,,,,
model_item_influence_summary.csv,amazon-toys-and-games,test,,,,,,,-4.220008850097656e-05,2.9087066650390625e-05,3,,,,77,-4.3710072835286456e-06,33.33333333333333,33.33333333333333,33.33333333333333,,,,,
model_item_influence_summary.csv,amazon-toys-and-games,test,,,,,,,0.0,0.0001977682113647461,3,,,,78,7.406870524088542e-05,66.66666666666666,0.0,33.33333333333333,,,,,
model_item_influence_summary.csv,amazon-toys-and-games,test,,,,,,,-0.00015503168106079102,0.00016689300537109375,3,,,,79,1.2099742889404297e-05,66.66666666666666,33.33333333333333,0.0,,,,,
model_item_influence_summary.csv,amazon-toys-and-games,test,,,,,,,0.0,0.00010216236114501953,3,,,,80,3.6557515462239586e-05,66.66666666666666,0.0,33.33333333333333,,,,,
model_item_influence_summary.csv,amazon-toys-and-games,test,,,,,,,-0.00015503168106079102,7.510185241699219e-06,2,,,,81,-7.37607479095459e-05,50.0,50.0,0.0,,,,,
model_item_influence_summary.csv,amazon-toys-and-games,test,,,,,,,0.0,1.811981201171875e-05,2,,,,82,9.059906005859375e-06,50.0,0.0,50.0,,,,,
model_item_influence_summary.csv,amazon-toys-and-games,test,,,,,,,0.0,1.811981201171875e-05,2,,,,83,9.059906005859375e-06,50.0,0.0,50.0,,,,,
model_item_influence_summary.csv,amazon-toys-and-games,test,,,,,,,0.0,7.3909759521484375e-06,2,,,,84,3.6954879760742188e-06,50.0,0.0,50.0,,,,,
model_item_influence_summary.csv,amazon-toys-and-games,test,,,,,,,0.0,7.3909759521484375e-06,2,,,,85,3.6954879760742188e-06,50.0,0.0,50.0,,,,,
model_item_influence_summary.csv,amazon-toys-and-games,test,,,,,,,-7.152557373046875e-07,0.0,2,,,,86,-3.5762786865234375e-07,0.0,50.0,50.0,,,,,
model_item_influence_summary.csv,amazon-toys-and-games,test,,,,,,,-7.152557373046875e-07,0.0,2,,,,87,-3.5762786865234375e-07,0.0,50.0,50.0,,,,,
model_item_influence_summary.csv,amazon-toys-and-games,test,,,,,,,0.0,1.0728836059570312e-05,2,,,,88,5.364418029785156e-06,50.0,0.0,50.0,,,,,
model_item_influence_summary.csv,amazon-toys-and-games,test,,,,,,,0.0,1.0728836059570312e-05,2,,,,89,5.364418029785156e-06,50.0,0.0,50.0,,,,,
model_item_influence_summary.csv,amazon-toys-and-games,test,,,,,,,0.0,0.0,2,,,,90,0.0,0.0,0.0,100.0,,,,,
model_item_influence_summary.csv,amazon-toys-and-games,test,,,,,,,0.0,0.0,2,,,,91,0.0,0.0,0.0,100.0,,,,,
model_item_influence_summary.csv,amazon-toys-and-games,test,,,,,,,0.0,0.0,2,,,,92,0.0,0.0,0.0,100.0,,,,,
model_item_influence_summary.csv,amazon-toys-and-games,test,,,,,,,0.0,0.0,2,,,,93,0.0,0.0,0.0,100.0,,,,,
model_item_influence_summary.csv,amazon-toys-and-games,test,,,,,,,0.0,1.7881393432617188e-05,2,,,,94,8.940696716308594e-06,50.0,0.0,50.0,,,,,
model_item_influence_summary.csv,amazon-toys-and-games,test,,,,,,,0.0,1.7881393432617188e-05,2,,,,95,8.940696716308594e-06,50.0,0.0,50.0,,,,,
model_item_influence_summary.csv,amazon-toys-and-games,test,,,,,,,0.0,0.0,2,,,,96,0.0,0.0,0.0,100.0,,,,,
model_item_influence_summary.csv,amazon-toys-and-games,test,,,,,,,0.0,0.0,2,,,,97,0.0,0.0,0.0,100.0,,,,,
model_item_influence_summary.csv,amazon-toys-and-games,test,,,,,,,0.0,0.0,2,,,,98,0.0,0.0,0.0,100.0,,,,,
model_item_influence_summary.csv,amazon-toys-and-games,test,,,,,,,0.0,0.0,2,,,,99,0.0,0.0,0.0,100.0,,,,,
model_item_influence_summary.csv,amazon-toys-and-games,test,,,,,,,0.0,0.0,2,,,,100,0.0,0.0,0.0,100.0,,,,,
information_coverage.csv,amazon-all-beauty,test,,,,,,,,,1355,,,,,,,,,1,26.372588101646258,13.3990281181605,0.0,43.59895305340257
information_coverage.csv,amazon-all-beauty,test,,,,,,,,,1355,,,,,,,,,2,50.147362949949304,49.30830033716988,12.845905405642522,94.99228554053312
information_coverage.csv,amazon-all-beauty,test,,,,,,,,,1355,,,,,,,,,3,66.76319693587565,79.45341455381623,33.7913644079707,100.0
information_coverage.csv,amazon-all-beauty,test,,,,,,,,,1355,,,,,,,,,4,78.76589449370697,100.0,63.84959771274873,100.0
information_coverage.csv,amazon-all-beauty,test,,,,,,,,,1355,,,,,,,,,5,84.97398846360477,100.0,87.55611799527665,100.0
information_coverage.csv,amazon-all-beauty,test,,,,,,,,,1355,,,,,,,,,6,88.01156961482069,100.0,99.99999999999999,100.0
information_coverage.csv,amazon-all-beauty,test,,,,,,,,,1355,,,,,,,,,7,90.3648359116304,100.0,99.99999999999999,100.0
information_coverage.csv,amazon-all-beauty,test,,,,,,,,,1355,,,,,,,,,8,92.07649947273526,100.0,100.0,100.0
information_coverage.csv,amazon-all-beauty,test,,,,,,,,,1355,,,,,,,,,9,93.10408303739445,100.0,100.0,100.0
information_coverage.csv,amazon-all-beauty,test,,,,,,,,,1355,,,,,,,,,10,94.23809038770776,100.0,100.0,100.0
information_coverage.csv,amazon-all-beauty,test,,,,,,,,,1355,,,,,,,,,11,95.09118140691764,100.0,100.0,100.0
information_coverage.csv,amazon-all-beauty,test,,,,,,,,,1355,,,,,,,,,12,95.89423318773989,100.0,100.0,100.0
information_coverage.csv,amazon-all-beauty,test,,,,,,,,,1355,,,,,,,,,13,96.39827011004331,100.0,100.0,100.0
information_coverage.csv,amazon-all-beauty,test,,,,,,,,,1355,,,,,,,,,14,96.82746966561355,100.0,100.0,100.0
information_coverage.csv,amazon-all-beauty,test,,,,,,,,,1355,,,,,,,,,15,97.1982520382776,100.0,100.0,100.0
information_coverage.csv,amazon-all-beauty,test,,,,,,,,,1355,,,,,,,,,16,97.57798021214823,100.0,100.0,100.0
information_coverage.csv,amazon-all-beauty,test,,,,,,,,,1355,,,,,,,,,17,97.8297213658147,100.0,100.0,100.0
information_coverage.csv,amazon-all-beauty,test,,,,,,,,,1355,,,,,,,,,18,98.04589554617702,100.0,100.0,100.0
information_coverage.csv,amazon-all-beauty,test,,,,,,,,,1355,,,,,,,,,19,98.26164046772283,100.0,100.0,100.0
information_coverage.csv,amazon-all-beauty,test,,,,,,,,,1355,,,,,,,,,20,98.46345633426071,100.0,100.0,100.0
information_coverage.csv,amazon-all-beauty,test,,,,,,,,,1355,,,,,,,,,21,98.62729867737042,100.0,100.0,100.0
information_coverage.csv,amazon-all-beauty,test,,,,,,,,,1355,,,,,,,,,22,98.74258331867134,100.0,100.0,100.0
information_coverage.csv,amazon-all-beauty,test,,,,,,,,,1355,,,,,,,,,23,98.84311460016237,100.0,100.0,100.0
information_coverage.csv,amazon-all-beauty,test,,,,,,,,,1355,,,,,,,,,24,98.99126418626545,100.0,100.0,100.0
information_coverage.csv,amazon-all-beauty,test,,,,,,,,,1355,,,,,,,,,25,99.06418711998904,100.0,100.0,100.0
information_coverage.csv,amazon-all-beauty,test,,,,,,,,,1355,,,,,,,,,26,99.12898282832651,100.0,100.0,100.0
information_coverage.csv,amazon-all-beauty,test,,,,,,,,,1355,,,,,,,,,27,99.20360225566814,100.0,100.0,100.0
information_coverage.csv,amazon-all-beauty,test,,,,,,,,,1355,,,,,,,,,28,99.25541451614701,100.0,100.0,100.0
information_coverage.csv,amazon-all-beauty,test,,,,,,,,,1355,,,,,,,,,29,99.31487919815038,100.0,100.0,100.0
information_coverage.csv,amazon-all-beauty,test,,,,,,,,,1355,,,,,,,,,30,99.38255818601839,100.0,100.0,100.0
information_coverage.csv,amazon-all-beauty,test,,,,,,,,,1355,,,,,,,,,31,99.43465379891619,100.0,100.0,100.0
information_coverage.csv,amazon-all-beauty,test,,,,,,,,,1355,,,,,,,,,32,99.49762455367278,100.0,100.0,100.0
information_coverage.csv,amazon-all-beauty,test,,,,,,,,,1355,,,,,,,,,33,99.5235067370704,100.0,100.0,100.0
information_coverage.csv,amazon-all-beauty,test,,,,,,,,,1355,,,,,,,,,34,99.57081514262286,100.0,100.0,100.0
information_coverage.csv,amazon-all-beauty,test,,,,,,,,,1355,,,,,,,,,35,99.6036376710492,100.0,100.0,100.0
information_coverage.csv,amazon-all-beauty,test,,,,,,,,,1355,,,,,,,,,36,99.64375223814399,100.0,100.0,100.0
information_coverage.csv,amazon-all-beauty,test,,,,,,,,,1355,,,,,,,,,37,99.67001842875425,100.0,100.0,100.0
information_coverage.csv,amazon-all-beauty,test,,,,,,,,,1355,,,,,,,,,38,99.6810926812392,100.0,100.0,100.0
information_coverage.csv,amazon-all-beauty,test,,,,,,,,,1355,,,,,,,,,39,99.71185060987507,100.0,100.0,100.0
information_coverage.csv,amazon-all-beauty,test,,,,,,,,,1355,,,,,,,,,40,99.73114881627974,100.0,100.0,100.0
information_coverage.csv,amazon-all-beauty,test,,,,,,,,,1355,,,,,,,,,41,99.7379623839822,100.0,100.0,100.0
information_coverage.csv,amazon-all-beauty,test,,,,,,,,,1355,,,,,,,,,42,99.75296337224184,100.0,100.0,100.0
information_coverage.csv,amazon-all-beauty,test,,,,,,,,,1355,,,,,,,,,43,99.76853966750195,100.0,100.0,100.0
information_coverage.csv,amazon-all-beauty,test,,,,,,,,,1355,,,,,,,,,44,99.77671872787145,100.0,100.0,100.0
information_coverage.csv,amazon-all-beauty,test,,,,,,,,,1355,,,,,,,,,45,99.79933225884524,100.0,100.0,100.0
information_coverage.csv,amazon-all-beauty,test,,,,,,,,,1355,,,,,,,,,46,99.8118303089306,100.0,100.0,100.0
information_coverage.csv,amazon-all-beauty,test,,,,,,,,,1355,,,,,,,,,47,99.81685728270318,100.0,100.0,100.0
information_coverage.csv,amazon-all-beauty,test,,,,,,,,,1355,,,,,,,,,48,99.83089408648438,100.0,100.0,100.0
information_coverage.csv,amazon-all-beauty,test,,,,,,,,,1355,,,,,,,,,49,99.83523895339457,100.0,100.0,100.0
information_coverage.csv,amazon-all-beauty,test,,,,,,,,,1355,,,,,,,,,50,99.84419000122878,100.0,100.0,100.0
information_coverage.csv,amazon-all-beauty,test,,,,,,,,,1355,,,,,,,,,51,99.85754424371575,100.0,100.0,100.0
information_coverage.csv,amazon-all-beauty,test,,,,,,,,,1355,,,,,,,,,52,99.8637409199341,100.0,100.0,100.0
information_coverage.csv,amazon-all-beauty,test,,,,,,,,,1355,,,,,,,,,53,99.87276036934179,100.0,100.0,100.0
information_coverage.csv,amazon-all-beauty,test,,,,,,,,,1355,,,,,,,,,54,99.88203759985547,100.0,100.0,100.0
information_coverage.csv,amazon-all-beauty,test,,,,,,,,,1355,,,,,,,,,55,99.88833087660477,100.0,100.0,100.0
information_coverage.csv,amazon-all-beauty,test,,,,,,,,,1355,,,,,,,,,56,99.89772884509289,100.0,100.0,100.0
information_coverage.csv,amazon-all-beauty,test,,,,,,,,,1355,,,,,,,,,57,99.90919871881366,100.0,100.0,100.0
information_coverage.csv,amazon-all-beauty,test,,,,,,,,,1355,,,,,,,,,58,99.91895792858965,100.0,100.0,100.0
information_coverage.csv,amazon-all-beauty,test,,,,,,,,,1355,,,,,,,,,59,99.92932647453712,100.0,100.0,100.0
information_coverage.csv,amazon-all-beauty,test,,,,,,,,,1355,,,,,,,,,60,99.93113082754306,100.0,100.0,100.0
information_coverage.csv,amazon-all-beauty,test,,,,,,,,,1355,,,,,,,,,61,99.93240381987994,100.0,100.0,100.0
information_coverage.csv,amazon-all-beauty,test,,,,,,,,,1355,,,,,,,,,62,99.93358275372117,100.0,100.0,100.0
information_coverage.csv,amazon-all-beauty,test,,,,,,,,,1355,,,,,,,,,63,99.93431466836846,100.0,100.0,100.0
information_coverage.csv,amazon-all-beauty,test,,,,,,,,,1355,,,,,,,,,64,99.94025067366289,100.0,100.0,100.0
information_coverage.csv,amazon-all-beauty,test,,,,,,,,,1355,,,,,,,,,65,99.94383873947336,100.0,100.0,100.0
information_coverage.csv,amazon-all-beauty,test,,,,,,,,,1355,,,,,,,,,66,99.94548244484622,100.0,100.0,100.0
information_coverage.csv,amazon-all-beauty,test,,,,,,,,,1355,,,,,,,,,67,99.94929896262197,100.0,100.0,100.0
information_coverage.csv,amazon-all-beauty,test,,,,,,,,,1355,,,,,,,,,68,99.95354841800771,100.0,100.0,100.0
information_coverage.csv,amazon-all-beauty,test,,,,,,,,,1355,,,,,,,,,69,99.95354841800771,100.0,100.0,100.0
information_coverage.csv,amazon-all-beauty,test,,,,,,,,,1355,,,,,,,,,70,99.95678202022036,100.0,100.0,100.0
information_coverage.csv,amazon-all-beauty,test,,,,,,,,,1355,,,,,,,,,71,99.95833069185981,100.0,100.0,100.0
information_coverage.csv,amazon-all-beauty,test,,,,,,,,,1355,,,,,,,,,72,99.95833069185981,100.0,100.0,100.0
information_coverage.csv,amazon-all-beauty,test,,,,,,,,,1355,,,,,,,,,73,99.95865267988034,100.0,100.0,100.0
information_coverage.csv,amazon-all-beauty,test,,,,,,,,,1355,,,,,,,,,74,99.95938128706358,100.0,100.0,100.0
information_coverage.csv,amazon-all-beauty,test,,,,,,,,,1355,,,,,,,,,75,99.96133534000359,100.0,100.0,100.0
information_coverage.csv,amazon-all-beauty,test,,,,,,,,,1355,,,,,,,,,76,99.96216713520148,100.0,100.0,100.0
information_coverage.csv,amazon-all-beauty,test,,,,,,,,,1355,,,,,,,,,77,99.96228903132595,100.0,100.0,100.0
information_coverage.csv,amazon-all-beauty,test,,,,,,,,,1355,,,,,,,,,78,99.96473581962785,100.0,100.0,100.0
information_coverage.csv,amazon-all-beauty,test,,,,,,,,,1355,,,,,,,,,79,99.9684090297434,100.0,100.0,100.0
information_coverage.csv,amazon-all-beauty,test,,,,,,,,,1355,,,,,,,,,80,99.97372533925277,100.0,100.0,100.0
information_coverage.csv,amazon-all-beauty,test,,,,,,,,,1355,,,,,,,,,81,99.97372533925277,100.0,100.0,100.0
information_coverage.csv,amazon-all-beauty,test,,,,,,,,,1355,,,,,,,,,82,99.97372533925277,100.0,100.0,100.0
information_coverage.csv,amazon-all-beauty,test,,,,,,,,,1355,,,,,,,,,83,99.97372533925277,100.0,100.0,100.0
information_coverage.csv,amazon-all-beauty,test,,,,,,,,,1355,,,,,,,,,84,99.97372533925277,100.0,100.0,100.0
information_coverage.csv,amazon-all-beauty,test,,,,,,,,,1355,,,,,,,,,85,99.97372533925277,100.0,100.0,100.0
information_coverage.csv,amazon-all-beauty,test,,,,,,,,,1355,,,,,,,,,86,99.97372533925277,100.0,100.0,100.0
information_coverage.csv,amazon-all-beauty,test,,,,,,,,,1355,,,,,,,,,87,99.97646973200835,100.0,100.0,100.0
information_coverage.csv,amazon-all-beauty,test,,,,,,,,,1355,,,,,,,,,88,99.9777660422107,100.0,100.0,100.0
information_coverage.csv,amazon-all-beauty,test,,,,,,,,,1355,,,,,,,,,89,99.9839107025696,100.0,100.0,100.0
information_coverage.csv,amazon-all-beauty,test,,,,,,,,,1355,,,,,,,,,90,99.99095342467807,100.0,100.0,100.0
information_coverage.csv,amazon-all-beauty,test,,,,,,,,,1355,,,,,,,,,91,99.99095342467807,100.0,100.0,100.0
information_coverage.csv,amazon-all-beauty,test,,,,,,,,,1355,,,,,,,,,92,99.9958818977746,100.0,100.0,100.0
information_coverage.csv,amazon-all-beauty,test,,,,,,,,,1355,,,,,,,,,93,99.99603361486813,100.0,100.0,100.0
information_coverage.csv,amazon-all-beauty,test,,,,,,,,,1355,,,,,,,,,94,99.99603361486813,100.0,100.0,100.0
information_coverage.csv,amazon-all-beauty,test,,,,,,,,,1355,,,,,,,,,95,99.99603361486813,100.0,100.0,100.0
information_coverage.csv,amazon-all-beauty,test,,,,,,,,,1355,,,,,,,,,96,99.99603361486813,100.0,100.0,100.0
information_coverage.csv,amazon-all-beauty,test,,,,,,,,,1355,,,,,,,,,97,99.99603361486813,100.0,100.0,100.0
information_coverage.csv,amazon-all-beauty,test,,,,,,,,,1355,,,,,,,,,98,99.99738898582727,100.0,100.0,100.0
information_coverage.csv,amazon-all-beauty,test,,,,,,,,,1355,,,,,,,,,99,99.99846757500801,100.0,100.0,100.0
information_coverage.csv,amazon-all-beauty,test,,,,,,,,,1355,,,,,,,,,100,100.0,100.0,100.0,100.0
information_coverage.csv,amazon:Baby_Products,test,,,,,,,,,1917,,,,,,,,,1,22.140566548524838,6.876834239160678,0.0,34.5832035024619
information_coverage.csv,amazon:Baby_Products,test,,,,,,,,,1917,,,,,,,,,2,40.369066660371104,33.74365085925804,6.195450477762917,69.85144227170628
information_coverage.csv,amazon:Baby_Products,test,,,,,,,,,1917,,,,,,,,,3,57.54065526292829,59.96117024208355,26.405282071980164,99.24448924836892
information_coverage.csv,amazon:Baby_Products,test,,,,,,,,,1917,,,,,,,,,4,73.57404035657932,95.16525732635829,48.641622926885155,100.0
information_coverage.csv,amazon:Baby_Products,test,,,,,,,,,1917,,,,,,,,,5,82.56046421185236,100.0,69.84059575062227,100.0
information_coverage.csv,amazon:Baby_Products,test,,,,,,,,,1917,,,,,,,,,6,88.47001956193581,100.0,94.24922179101996,100.0
information_coverage.csv,amazon:Baby_Products,test,,,,,,,,,1917,,,,,,,,,7,91.87374725303142,100.0,99.99999999999999,100.0
information_coverage.csv,amazon:Baby_Products,test,,,,,,,,,1917,,,,,,,,,8,93.61960037501075,100.0,99.99999999999999,100.0
information_coverage.csv,amazon:Baby_Products,test,,,,,,,,,1917,,,,,,,,,9,95.05735639738525,100.0,100.0,100.0
information_coverage.csv,amazon:Baby_Products,test,,,,,,,,,1917,,,,,,,,,10,96.02269452379083,100.0,100.0,100.0
information_coverage.csv,amazon:Baby_Products,test,,,,,,,,,1917,,,,,,,,,11,96.86341668843923,100.0,100.0,100.0
information_coverage.csv,amazon:Baby_Products,test,,,,,,,,,1917,,,,,,,,,12,97.41565757210711,100.0,100.0,100.0
information_coverage.csv,amazon:Baby_Products,test,,,,,,,,,1917,,,,,,,,,13,97.97163228219604,100.0,100.0,100.0
information_coverage.csv,amazon:Baby_Products,test,,,,,,,,,1917,,,,,,,,,14,98.37410345722358,100.0,100.0,100.0
information_coverage.csv,amazon:Baby_Products,test,,,,,,,,,1917,,,,,,,,,15,98.61936520457796,100.0,100.0,100.0
information_coverage.csv,amazon:Baby_Products,test,,,,,,,,,1917,,,,,,,,,16,98.80244266696401,100.0,100.0,100.0
information_coverage.csv,amazon:Baby_Products,test,,,,,,,,,1917,,,,,,,,,17,98.9812206595274,100.0,100.0,100.0
information_coverage.csv,amazon:Baby_Products,test,,,,,,,,,1917,,,,,,,,,18,99.07048483112696,100.0,100.0,100.0
information_coverage.csv,amazon:Baby_Products,test,,,,,,,,,1917,,,,,,,,,19,99.15267390091913,100.0,100.0,100.0
information_coverage.csv,amazon:Baby_Products,test,,,,,,,,,1917,,,,,,,,,20,99.2189051581872,100.0,100.0,100.0
information_coverage.csv,amazon:Baby_Products,test,,,,,,,,,1917,,,,,,,,,21,99.27781927727386,100.0,100.0,100.0
information_coverage.csv,amazon:Baby_Products,test,,,,,,,,,1917,,,,,,,,,22,99.33135097156008,100.0,100.0,100.0
information_coverage.csv,amazon:Baby_Products,test,,,,,,,,,1917,,,,,,,,,23,99.40933835718415,100.0,100.0,100.0
information_coverage.csv,amazon:Baby_Products,test,,,,,,,,,1917,,,,,,,,,24,99.43789117344531,100.0,100.0,100.0
information_coverage.csv,amazon:Baby_Products,test,,,,,,,,,1917,,,,,,,,,25,99.47826198604606,100.0,100.0,100.0
information_coverage.csv,amazon:Baby_Products,test,,,,,,,,,1917,,,,,,,,,26,99.49696777613268,100.0,100.0,100.0
information_coverage.csv,amazon:Baby_Products,test,,,,,,,,,1917,,,,,,,,,27,99.5318506925006,100.0,100.0,100.0
information_coverage.csv,amazon:Baby_Products,test,,,,,,,,,1917,,,,,,,,,28,99.57844780478159,100.0,100.0,100.0
information_coverage.csv,amazon:Baby_Products,test,,,,,,,,,1917,,,,,,,,,29,99.6052921882603,100.0,100.0,100.0
information_coverage.csv,amazon:Baby_Products,test,,,,,,,,,1917,,,,,,,,,30,99.64952497901507,100.0,100.0,100.0
information_coverage.csv,amazon:Baby_Products,test,,,,,,,,,1917,,,,,,,,,31,99.68025320172686,100.0,100.0,100.0
information_coverage.csv,amazon:Baby_Products,test,,,,,,,,,1917,,,,,,,,,32,99.69534884920658,100.0,100.0,100.0
information_coverage.csv,amazon:Baby_Products,test,,,,,,,,,1917,,,,,,,,,33,99.72963815812498,100.0,100.0,100.0
information_coverage.csv,amazon:Baby_Products,test,,,,,,,,,1917,,,,,,,,,34,99.74192899580483,100.0,100.0,100.0
information_coverage.csv,amazon:Baby_Products,test,,,,,,,,,1917,,,,,,,,,35,99.76237000453031,100.0,100.0,100.0
information_coverage.csv,amazon:Baby_Products,test,,,,,,,,,1917,,,,,,,,,36,99.77463941258887,100.0,100.0,100.0
information_coverage.csv,amazon:Baby_Products,test,,,,,,,,,1917,,,,,,,,,37,99.78946824861988,100.0,100.0,100.0
information_coverage.csv,amazon:Baby_Products,test,,,,,,,,,1917,,,,,,,,,38,99.81236926168297,100.0,100.0,100.0
information_coverage.csv,amazon:Baby_Products,test,,,,,,,,,1917,,,,,,,,,39,99.82476633452816,100.0,100.0,100.0
information_coverage.csv,amazon:Baby_Products,test,,,,,,,,,1917,,,,,,,,,40,99.84212751140363,100.0,100.0,100.0
information_coverage.csv,amazon:Baby_Products,test,,,,,,,,,1917,,,,,,,,,41,99.84874379077722,100.0,100.0,100.0
information_coverage.csv,amazon:Baby_Products,test,,,,,,,,,1917,,,,,,,,,42,99.85601603890376,100.0,100.0,100.0
information_coverage.csv,amazon:Baby_Products,test,,,,,,,,,1917,,,,,,,,,43,99.86864946671743,100.0,100.0,100.0
information_coverage.csv,amazon:Baby_Products,test,,,,,,,,,1917,,,,,,,,,44,99.87053288877388,100.0,100.0,100.0
information_coverage.csv,amazon:Baby_Products,test,,,,,,,,,1917,,,,,,,,,45,99.87604497500062,100.0,100.0,100.0
information_coverage.csv,amazon:Baby_Products,test,,,,,,,,,1917,,,,,,,,,46,99.90419897845761,100.0,100.0,100.0
information_coverage.csv,amazon:Baby_Products,test,,,,,,,,,1917,,,,,,,,,47,99.91474994916156,100.0,100.0,100.0
information_coverage.csv,amazon:Baby_Products,test,,,,,,,,,1917,,,,,,,,,48,99.91870888663576,100.0,100.0,100.0
information_coverage.csv,amazon:Baby_Products,test,,,,,,,,,1917,,,,,,,,,49,99.92314678496763,100.0,100.0,100.0
information_coverage.csv,amazon:Baby_Products,test,,,,,,,,,1917,,,,,,,,,50,99.93555896063934,100.0,100.0,100.0
information_coverage.csv,amazon:Baby_Products,test,,,,,,,,,1917,,,,,,,,,51,99.94052279665412,100.0,100.0,100.0
information_coverage.csv,amazon:Baby_Products,test,,,,,,,,,1917,,,,,,,,,52,99.94717356871786,100.0,100.0,100.0
information_coverage.csv,amazon:Baby_Products,test,,,,,,,,,1917,,,,,,,,,53,99.95159293192928,100.0,100.0,100.0
information_coverage.csv,amazon:Baby_Products,test,,,,,,,,,1917,,,,,,,,,54,99.95363622884162,100.0,100.0,100.0
information_coverage.csv,amazon:Baby_Products,test,,,,,,,,,1917,,,,,,,,,55,99.95418039812155,100.0,100.0,100.0
information_coverage.csv,amazon:Baby_Products,test,,,,,,,,,1917,,,,,,,,,56,99.96063898968191,100.0,100.0,100.0
information_coverage.csv,amazon:Baby_Products,test,,,,,,,,,1917,,,,,,,,,57,99.96120692672723,100.0,100.0,100.0
information_coverage.csv,amazon:Baby_Products,test,,,,,,,,,1917,,,,,,,,,58,99.96466658866039,100.0,100.0,100.0
information_coverage.csv,amazon:Baby_Products,test,,,,,,,,,1917,,,,,,,,,59,99.96775803214618,100.0,100.0,100.0
information_coverage.csv,amazon:Baby_Products,test,,,,,,,,,1917,,,,,,,,,60,99.9687877274807,100.0,100.0,100.0
information_coverage.csv,amazon:Baby_Products,test,,,,,,,,,1917,,,,,,,,,61,99.96931836766083,100.0,100.0,100.0
information_coverage.csv,amazon:Baby_Products,test,,,,,,,,,1917,,,,,,,,,62,99.97026888788551,100.0,100.0,100.0
information_coverage.csv,amazon:Baby_Products,test,,,,,,,,,1917,,,,,,,,,63,99.97261326889428,100.0,100.0,100.0
information_coverage.csv,amazon:Baby_Products,test,,,,,,,,,1917,,,,,,,,,64,99.97261326889428,100.0,100.0,100.0
information_coverage.csv,amazon:Baby_Products,test,,,,,,,,,1917,,,,,,,,,65,99.97464772350214,100.0,100.0,100.0
information_coverage.csv,amazon:Baby_Products,test,,,,,,,,,1917,,,,,,,,,66,99.97805178398701,100.0,100.0,100.0
information_coverage.csv,amazon:Baby_Products,test,,,,,,,,,1917,,,,,,,,,67,99.97997754205895,100.0,100.0,100.0
information_coverage.csv,amazon:Baby_Products,test,,,,,,,,,1917,,,,,,,,,68,99.98112203613297,100.0,100.0,100.0
information_coverage.csv,amazon:Baby_Products,test,,,,,,,,,1917,,,,,,,,,69,99.98117928030828,100.0,100.0,100.0
information_coverage.csv,amazon:Baby_Products,test,,,,,,,,,1917,,,,,,,,,70,99.98464438236398,100.0,100.0,100.0
information_coverage.csv,amazon:Baby_Products,test,,,,,,,,,1917,,,,,,,,,71,99.98526838235821,100.0,100.0,100.0
information_coverage.csv,amazon:Baby_Products,test,,,,,,,,,1917,,,,,,,,,72,99.98526838235821,100.0,100.0,100.0
information_coverage.csv,amazon:Baby_Products,test,,,,,,,,,1917,,,,,,,,,73,99.98567279311067,100.0,100.0,100.0
information_coverage.csv,amazon:Baby_Products,test,,,,,,,,,1917,,,,,,,,,74,99.987432252634,100.0,100.0,100.0
information_coverage.csv,amazon:Baby_Products,test,,,,,,,,,1917,,,,,,,,,75,99.98766338435104,100.0,100.0,100.0
information_coverage.csv,amazon:Baby_Products,test,,,,,,,,,1917,,,,,,,,,76,99.98802874352478,100.0,100.0,100.0
information_coverage.csv,amazon:Baby_Products,test,,,,,,,,,1917,,,,,,,,,77,99.98985325505909,100.0,100.0,100.0
information_coverage.csv,amazon:Baby_Products,test,,,,,,,,,1917,,,,,,,,,78,99.98985325505909,100.0,100.0,100.0
information_coverage.csv,amazon:Baby_Products,test,,,,,,,,,1917,,,,,,,,,79,99.98985325505909,100.0,100.0,100.0
information_coverage.csv,amazon:Baby_Products,test,,,,,,,,,1917,,,,,,,,,80,99.99027874977268,100.0,100.0,100.0
information_coverage.csv,amazon:Baby_Products,test,,,,,,,,,1917,,,,,,,,,81,99.99027874977268,100.0,100.0,100.0
information_coverage.csv,amazon:Baby_Products,test,,,,,,,,,1917,,,,,,,,,82,99.99091641035194,100.0,100.0,100.0
information_coverage.csv,amazon:Baby_Products,test,,,,,,,,,1917,,,,,,,,,83,99.9932714750218,100.0,100.0,100.0
information_coverage.csv,amazon:Baby_Products,test,,,,,,,,,1917,,,,,,,,,84,99.9932714750218,100.0,100.0,100.0
information_coverage.csv,amazon:Baby_Products,test,,,,,,,,,1917,,,,,,,,,85,99.9932714750218,100.0,100.0,100.0
information_coverage.csv,amazon:Baby_Products,test,,,,,,,,,1917,,,,,,,,,86,99.99336217700557,100.0,100.0,100.0
information_coverage.csv,amazon:Baby_Products,test,,,,,,,,,1917,,,,,,,,,87,99.99336217700557,100.0,100.0,100.0
information_coverage.csv,amazon:Baby_Products,test,,,,,,,,,1917,,,,,,,,,88,99.99454636777534,100.0,100.0,100.0
information_coverage.csv,amazon:Baby_Products,test,,,,,,,,,1917,,,,,,,,,89,99.99542026373007,100.0,100.0,100.0
information_coverage.csv,amazon:Baby_Products,test,,,,,,,,,1917,,,,,,,,,90,99.99542026373007,100.0,100.0,100.0
information_coverage.csv,amazon:Baby_Products,test,,,,,,,,,1917,,,,,,,,,91,99.99661571585239,100.0,100.0,100.0
information_coverage.csv,amazon:Baby_Products,test,,,,,,,,,1917,,,,,,,,,92,99.99661571585239,100.0,100.0,100.0
information_coverage.csv,amazon:Baby_Products,test,,,,,,,,,1917,,,,,,,,,93,99.99935420120246,100.0,100.0,100.0
information_coverage.csv,amazon:Baby_Products,test,,,,,,,,,1917,,,,,,,,,94,99.99963453276544,100.0,100.0,100.0
information_coverage.csv,amazon:Baby_Products,test,,,,,,,,,1917,,,,,,,,,95,99.99963453276544,100.0,100.0,100.0
information_coverage.csv,amazon:Baby_Products,test,,,,,,,,,1917,,,,,,,,,96,100.0,100.0,100.0,100.0
information_coverage.csv,amazon:Baby_Products,test,,,,,,,,,1917,,,,,,,,,97,100.0,100.0,100.0,100.0
information_coverage.csv,amazon:Baby_Products,test,,,,,,,,,1917,,,,,,,,,98,100.0,100.0,100.0,100.0
information_coverage.csv,amazon:Baby_Products,test,,,,,,,,,1917,,,,,,,,,99,100.0,100.0,100.0,100.0
information_coverage.csv,amazon:Baby_Products,test,,,,,,,,,1917,,,,,,,,,100,100.0,100.0,100.0,100.0
information_coverage.csv,amazon-sports-and-outdoors,test,,,,,,,,,1923,,,,,,,,,1,24.95155545050971,14.00747554771791,0.0,40.755719789773835
information_coverage.csv,amazon-sports-and-outdoors,test,,,,,,,,,1923,,,,,,,,,2,45.56283939149813,41.49804835220008,14.636683088615811,76.07324624917752
information_coverage.csv,amazon-sports-and-outdoors,test,,,,,,,,,1923,,,,,,,,,3,62.38084364888575,67.5715857713964,34.04543013773074,100.0
information_coverage.csv,amazon-sports-and-outdoors,test,,,,,,,,,1923,,,,,,,,,4,76.83724645555866,98.6026296306901,56.211403239912315,100.0
information_coverage.csv,amazon-sports-and-outdoors,test,,,,,,,,,1923,,,,,,,,,5,84.00757083958042,100.0,72.99500092606704,100.0
information_coverage.csv,amazon-sports-and-outdoors,test,,,,,,,,,1923,,,,,,,,,6,88.62097930117208,100.0,92.40157944707629,100.0
information_coverage.csv,amazon-sports-and-outdoors,test,,,,,,,,,1923,,,,,,,,,7,91.42880342681723,100.0,99.99999999999999,100.0
information_coverage.csv,amazon-sports-and-outdoors,test,,,,,,,,,1923,,,,,,,,,8,93.44638803337784,100.0,100.0,100.0
information_coverage.csv,amazon-sports-and-outdoors,test,,,,,,,,,1923,,,,,,,,,9,94.85590756846102,100.0,100.0,100.0
information_coverage.csv,amazon-sports-and-outdoors,test,,,,,,,,,1923,,,,,,,,,10,95.96932609508838,100.0,100.0,100.0
information_coverage.csv,amazon-sports-and-outdoors,test,,,,,,,,,1923,,,,,,,,,11,96.70993187707539,100.0,100.0,100.0
information_coverage.csv,amazon-sports-and-outdoors,test,,,,,,,,,1923,,,,,,,,,12,97.2700759605905,100.0,100.0,100.0
information_coverage.csv,amazon-sports-and-outdoors,test,,,,,,,,,1923,,,,,,,,,13,97.60717803148113,100.0,100.0,100.0
information_coverage.csv,amazon-sports-and-outdoors,test,,,,,,,,,1923,,,,,,,,,14,97.9852487618519,100.0,100.0,100.0
information_coverage.csv,amazon-sports-and-outdoors,test,,,,,,,,,1923,,,,,,,,,15,98.22943799105077,100.0,100.0,100.0
information_coverage.csv,amazon-sports-and-outdoors,test,,,,,,,,,1923,,,,,,,,,16,98.49786023525797,100.0,100.0,100.0
information_coverage.csv,amazon-sports-and-outdoors,test,,,,,,,,,1923,,,,,,,,,17,98.7105246829693,100.0,100.0,100.0
information_coverage.csv,amazon-sports-and-outdoors,test,,,,,,,,,1923,,,,,,,,,18,98.84399451028177,100.0,100.0,100.0
information_coverage.csv,amazon-sports-and-outdoors,test,,,,,,,,,1923,,,,,,,,,19,98.99919643986789,100.0,100.0,100.0
information_coverage.csv,amazon-sports-and-outdoors,test,,,,,,,,,1923,,,,,,,,,20,99.1049809961717,100.0,100.0,100.0
information_coverage.csv,amazon-sports-and-outdoors,test,,,,,,,,,1923,,,,,,,,,21,99.17475393828248,100.0,100.0,100.0
information_coverage.csv,amazon-sports-and-outdoors,test,,,,,,,,,1923,,,,,,,,,22,99.23640380664045,100.0,100.0,100.0
information_coverage.csv,amazon-sports-and-outdoors,test,,,,,,,,,1923,,,,,,,,,23,99.29245660163542,100.0,100.0,100.0
information_coverage.csv,amazon-sports-and-outdoors,test,,,,,,,,,1923,,,,,,,,,24,99.32500751742785,100.0,100.0,100.0
information_coverage.csv,amazon-sports-and-outdoors,test,,,,,,,,,1923,,,,,,,,,25,99.41633800973783,100.0,100.0,100.0
information_coverage.csv,amazon-sports-and-outdoors,test,,,,,,,,,1923,,,,,,,,,26,99.47854086109884,100.0,100.0,100.0
information_coverage.csv,amazon-sports-and-outdoors,test,,,,,,,,,1923,,,,,,,,,27,99.51897778264014,100.0,100.0,100.0
information_coverage.csv,amazon-sports-and-outdoors,test,,,,,,,,,1923,,,,,,,,,28,99.5704946875955,100.0,100.0,100.0
information_coverage.csv,amazon-sports-and-outdoors,test,,,,,,,,,1923,,,,,,,,,29,99.60441634117674,100.0,100.0,100.0
information_coverage.csv,amazon-sports-and-outdoors,test,,,,,,,,,1923,,,,,,,,,30,99.64401105034226,100.0,100.0,100.0
information_coverage.csv,amazon-sports-and-outdoors,test,,,,,,,,,1923,,,,,,,,,31,99.65762793321746,100.0,100.0,100.0
information_coverage.csv,amazon-sports-and-outdoors,test,,,,,,,,,1923,,,,,,,,,32,99.68597517594418,100.0,100.0,100.0
information_coverage.csv,amazon-sports-and-outdoors,test,,,,,,,,,1923,,,,,,,,,33,99.70720945617015,100.0,100.0,100.0
information_coverage.csv,amazon-sports-and-outdoors,test,,,,,,,,,1923,,,,,,,,,34,99.71421869020504,100.0,100.0,100.0
information_coverage.csv,amazon-sports-and-outdoors,test,,,,,,,,,1923,,,,,,,,,35,99.73133575540707,100.0,100.0,100.0
information_coverage.csv,amazon-sports-and-outdoors,test,,,,,,,,,1923,,,,,,,,,36,99.74235748921853,100.0,100.0,100.0
information_coverage.csv,amazon-sports-and-outdoors,test,,,,,,,,,1923,,,,,,,,,37,99.75615534451279,100.0,100.0,100.0
information_coverage.csv,amazon-sports-and-outdoors,test,,,,,,,,,1923,,,,,,,,,38,99.78421159807863,100.0,100.0,100.0
information_coverage.csv,amazon-sports-and-outdoors,test,,,,,,,,,1923,,,,,,,,,39,99.79983976700474,100.0,100.0,100.0
information_coverage.csv,amazon-sports-and-outdoors,test,,,,,,,,,1923,,,,,,,,,40,99.81043009331026,100.0,100.0,100.0
information_coverage.csv,amazon-sports-and-outdoors,test,,,,,,,,,1923,,,,,,,,,41,99.82382815517971,100.0,100.0,100.0
information_coverage.csv,amazon-sports-and-outdoors,test,,,,,,,,,1923,,,,,,,,,42,99.83754168026316,100.0,100.0,100.0
information_coverage.csv,amazon-sports-and-outdoors,test,,,,,,,,,1923,,,,,,,,,43,99.84851895638077,100.0,100.0,100.0
information_coverage.csv,amazon-sports-and-outdoors,test,,,,,,,,,1923,,,,,,,,,44,99.85615843135166,100.0,100.0,100.0
information_coverage.csv,amazon-sports-and-outdoors,test,,,,,,,,,1923,,,,,,,,,45,99.86966620832287,100.0,100.0,100.0
information_coverage.csv,amazon-sports-and-outdoors,test,,,,,,,,,1923,,,,,,,,,46,99.88573162463983,100.0,100.0,100.0
information_coverage.csv,amazon-sports-and-outdoors,test,,,,,,,,,1923,,,,,,,,,47,99.89923965517383,100.0,100.0,100.0
information_coverage.csv,amazon-sports-and-outdoors,test,,,,,,,,,1923,,,,,,,,,48,99.90625455840856,100.0,100.0,100.0
information_coverage.csv,amazon-sports-and-outdoors,test,,,,,,,,,1923,,,,,,,,,49,99.9119607660141,100.0,100.0,100.0
information_coverage.csv,amazon-sports-and-outdoors,test,,,,,,,,,1923,,,,,,,,,50,99.91874691501542,100.0,100.0,100.0
information_coverage.csv,amazon-sports-and-outdoors,test,,,,,,,,,1923,,,,,,,,,51,99.92923529504947,100.0,100.0,100.0
information_coverage.csv,amazon-sports-and-outdoors,test,,,,,,,,,1923,,,,,,,,,52,99.93464960112267,100.0,100.0,100.0
information_coverage.csv,amazon-sports-and-outdoors,test,,,,,,,,,1923,,,,,,,,,53,99.93675132011468,100.0,100.0,100.0
information_coverage.csv,amazon-sports-and-outdoors,test,,,,,,,,,1923,,,,,,,,,54,99.94036968082091,100.0,100.0,100.0
information_coverage.csv,amazon-sports-and-outdoors,test,,,,,,,,,1923,,,,,,,,,55,99.94275155298848,100.0,100.0,100.0
information_coverage.csv,amazon-sports-and-outdoors,test,,,,,,,,,1923,,,,,,,,,56,99.94358480720219,100.0,100.0,100.0
information_coverage.csv,amazon-sports-and-outdoors,test,,,,,,,,,1923,,,,,,,,,57,99.94408266285086,100.0,100.0,100.0
information_coverage.csv,amazon-sports-and-outdoors,test,,,,,,,,,1923,,,,,,,,,58,99.94883309774107,100.0,100.0,100.0
information_coverage.csv,amazon-sports-and-outdoors,test,,,,,,,,,1923,,,,,,,,,59,99.9511008069034,100.0,100.0,100.0
information_coverage.csv,amazon-sports-and-outdoors,test,,,,,,,,,1923,,,,,,,,,60,99.95270547271568,100.0,100.0,100.0
information_coverage.csv,amazon-sports-and-outdoors,test,,,,,,,,,1923,,,,,,,,,61,99.95569577474497,100.0,100.0,100.0
information_coverage.csv,amazon-sports-and-outdoors,test,,,,,,,,,1923,,,,,,,,,62,99.95848216221101,100.0,100.0,100.0
information_coverage.csv,amazon-sports-and-outdoors,test,,,,,,,,,1923,,,,,,,,,63,99.96516224318717,100.0,100.0,100.0
information_coverage.csv,amazon-sports-and-outdoors,test,,,,,,,,,1923,,,,,,,,,64,99.96758577164366,100.0,100.0,100.0
information_coverage.csv,amazon-sports-and-outdoors,test,,,,,,,,,1923,,,,,,,,,65,99.96797121220169,100.0,100.0,100.0
information_coverage.csv,amazon-sports-and-outdoors,test,,,,,,,,,1923,,,,,,,,,66,99.96916419223184,100.0,100.0,100.0
information_coverage.csv,amazon-sports-and-outdoors,test,,,,,,,,,1923,,,,,,,,,67,99.97165434107124,100.0,100.0,100.0
information_coverage.csv,amazon-sports-and-outdoors,test,,,,,,,,,1923,,,,,,,,,68,99.97380229332067,100.0,100.0,100.0
information_coverage.csv,amazon-sports-and-outdoors,test,,,,,,,,,1923,,,,,,,,,69,99.97722158486764,100.0,100.0,100.0
information_coverage.csv,amazon-sports-and-outdoors,test,,,,,,,,,1923,,,,,,,,,70,99.97878733497753,100.0,100.0,100.0
information_coverage.csv,amazon-sports-and-outdoors,test,,,,,,,,,1923,,,,,,,,,71,99.98005512981516,100.0,100.0,100.0
information_coverage.csv,amazon-sports-and-outdoors,test,,,,,,,,,1923,,,,,,,,,72,99.98093491355803,100.0,100.0,100.0
information_coverage.csv,amazon-sports-and-outdoors,test,,,,,,,,,1923,,,,,,,,,73,99.98436410805458,100.0,100.0,100.0
information_coverage.csv,amazon-sports-and-outdoors,test,,,,,,,,,1923,,,,,,,,,74,99.98601433364875,100.0,100.0,100.0
information_coverage.csv,amazon-sports-and-outdoors,test,,,,,,,,,1923,,,,,,,,,75,99.98716699203504,100.0,100.0,100.0
information_coverage.csv,amazon-sports-and-outdoors,test,,,,,,,,,1923,,,,,,,,,76,99.98823204114848,100.0,100.0,100.0
information_coverage.csv,amazon-sports-and-outdoors,test,,,,,,,,,1923,,,,,,,,,77,99.98888104063245,100.0,100.0,100.0
information_coverage.csv,amazon-sports-and-outdoors,test,,,,,,,,,1923,,,,,,,,,78,99.98888104063245,100.0,100.0,100.0
information_coverage.csv,amazon-sports-and-outdoors,test,,,,,,,,,1923,,,,,,,,,79,99.98888104063245,100.0,100.0,100.0
information_coverage.csv,amazon-sports-and-outdoors,test,,,,,,,,,1923,,,,,,,,,80,99.989321479494,100.0,100.0,100.0
information_coverage.csv,amazon-sports-and-outdoors,test,,,,,,,,,1923,,,,,,,,,81,99.98986637574878,100.0,100.0,100.0
information_coverage.csv,amazon-sports-and-outdoors,test,,,,,,,,,1923,,,,,,,,,82,99.99129737207697,100.0,100.0,100.0
information_coverage.csv,amazon-sports-and-outdoors,test,,,,,,,,,1923,,,,,,,,,83,99.99203718939822,100.0,100.0,100.0
information_coverage.csv,amazon-sports-and-outdoors,test,,,,,,,,,1923,,,,,,,,,84,99.99203718939822,100.0,100.0,100.0
information_coverage.csv,amazon-sports-and-outdoors,test,,,,,,,,,1923,,,,,,,,,85,99.99203718939822,100.0,100.0,100.0
information_coverage.csv,amazon-sports-and-outdoors,test,,,,,,,,,1923,,,,,,,,,86,99.99228290143836,100.0,100.0,100.0
information_coverage.csv,amazon-sports-and-outdoors,test,,,,,,,,,1923,,,,,,,,,87,99.99253547061127,100.0,100.0,100.0
information_coverage.csv,amazon-sports-and-outdoors,test,,,,,,,,,1923,,,,,,,,,88,99.99298674183113,100.0,100.0,100.0
information_coverage.csv,amazon-sports-and-outdoors,test,,,,,,,,,1923,,,,,,,,,89,99.99348895896303,100.0,100.0,100.0
information_coverage.csv,amazon-sports-and-outdoors,test,,,,,,,,,1923,,,,,,,,,90,99.99438204949,100.0,100.0,100.0
information_coverage.csv,amazon-sports-and-outdoors,test,,,,,,,,,1923,,,,,,,,,91,99.99536953503224,100.0,100.0,100.0
information_coverage.csv,amazon-sports-and-outdoors,test,,,,,,,,,1923,,,,,,,,,92,99.99540865380365,100.0,100.0,100.0
information_coverage.csv,amazon-sports-and-outdoors,test,,,,,,,,,1923,,,,,,,,,93,99.99686026951807,100.0,100.0,100.0
information_coverage.csv,amazon-sports-and-outdoors,test,,,,,,,,,1923,,,,,,,,,94,99.99720510387598,100.0,100.0,100.0
information_coverage.csv,amazon-sports-and-outdoors,test,,,,,,,,,1923,,,,,,,,,95,99.99765577647649,100.0,100.0,100.0
information_coverage.csv,amazon-sports-and-outdoors,test,,,,,,,,,1923,,,,,,,,,96,99.99765577647649,100.0,100.0,100.0
information_coverage.csv,amazon-sports-and-outdoors,test,,,,,,,,,1923,,,,,,,,,97,99.99973494422251,100.0,100.0,100.0
information_coverage.csv,amazon-sports-and-outdoors,test,,,,,,,,,1923,,,,,,,,,98,99.9998928058112,100.0,100.0,100.0
information_coverage.csv,amazon-sports-and-outdoors,test,,,,,,,,,1923,,,,,,,,,99,100.0,100.0,100.0,100.0
information_coverage.csv,amazon-sports-and-outdoors,test,,,,,,,,,1923,,,,,,,,,100,100.0,100.0,100.0,100.0
information_coverage.csv,amazon-toys-and-games,test,,,,,,,,,1955,,,,,,,,,1,24.453794304834467,13.90914363487763,0.0,38.247374059516574
information_coverage.csv,amazon-toys-and-games,test,,,,,,,,,1955,,,,,,,,,2,44.23231166871968,39.98481614987775,14.561361321672024,71.8828854378536
information_coverage.csv,amazon-toys-and-games,test,,,,,,,,,1955,,,,,,,,,3,60.25964881843459,63.68773336803841,31.456667612697466,96.71646607883906
information_coverage.csv,amazon-toys-and-games,test,,,,,,,,,1955,,,,,,,,,4,73.71994441806227,90.65161948233562,49.002353379488156,100.0
information_coverage.csv,amazon-toys-and-games,test,,,,,,,,,1955,,,,,,,,,5,81.18584806604144,100.0,65.60099948144241,100.0
information_coverage.csv,amazon-toys-and-games,test,,,,,,,,,1955,,,,,,,,,6,85.79675442899457,100.0,81.00167461585721,100.0
information_coverage.csv,amazon-toys-and-games,test,,,,,,,,,1955,,,,,,,,,7,89.25692045492939,100.0,96.56407762140245,100.0
information_coverage.csv,amazon-toys-and-games,test,,,,,,,,,1955,,,,,,,,,8,91.62555435694935,100.0,99.99999999999999,100.0
information_coverage.csv,amazon-toys-and-games,test,,,,,,,,,1955,,,,,,,,,9,93.4212160774337,100.0,99.99999999999999,100.0
information_coverage.csv,amazon-toys-and-games,test,,,,,,,,,1955,,,,,,,,,10,94.70118987481104,100.0,100.0,100.0
information_coverage.csv,amazon-toys-and-games,test,,,,,,,,,1955,,,,,,,,,11,95.71954695609176,100.0,100.0,100.0
information_coverage.csv,amazon-toys-and-games,test,,,,,,,,,1955,,,,,,,,,12,96.39209961461906,100.0,100.0,100.0
information_coverage.csv,amazon-toys-and-games,test,,,,,,,,,1955,,,,,,,,,13,97.01803961744568,100.0,100.0,100.0
information_coverage.csv,amazon-toys-and-games,test,,,,,,,,,1955,,,,,,,,,14,97.40689249535063,100.0,100.0,100.0
information_coverage.csv,amazon-toys-and-games,test,,,,,,,,,1955,,,,,,,,,15,97.72274568346197,100.0,100.0,100.0
information_coverage.csv,amazon-toys-and-games,test,,,,,,,,,1955,,,,,,,,,16,97.99728669019748,100.0,100.0,100.0
information_coverage.csv,amazon-toys-and-games,test,,,,,,,,,1955,,,,,,,,,17,98.27324623972362,100.0,100.0,100.0
information_coverage.csv,amazon-toys-and-games,test,,,,,,,,,1955,,,,,,,,,18,98.49443583059647,100.0,100.0,100.0
information_coverage.csv,amazon-toys-and-games,test,,,,,,,,,1955,,,,,,,,,19,98.69018878416054,100.0,100.0,100.0
information_coverage.csv,amazon-toys-and-games,test,,,,,,,,,1955,,,,,,,,,20,98.82179337245688,100.0,100.0,100.0
information_coverage.csv,amazon-toys-and-games,test,,,,,,,,,1955,,,,,,,,,21,98.92149921642792,100.0,100.0,100.0
information_coverage.csv,amazon-toys-and-games,test,,,,,,,,,1955,,,,,,,,,22,99.04504400441813,100.0,100.0,100.0
information_coverage.csv,amazon-toys-and-games,test,,,,,,,,,1955,,,,,,,,,23,99.11812098360464,100.0,100.0,100.0
information_coverage.csv,amazon-toys-and-games,test,,,,,,,,,1955,,,,,,,,,24,99.19674033047995,100.0,100.0,100.0
information_coverage.csv,amazon-toys-and-games,test,,,,,,,,,1955,,,,,,,,,25,99.26640680192007,100.0,100.0,100.0
information_coverage.csv,amazon-toys-and-games,test,,,,,,,,,1955,,,,,,,,,26,99.32343578054368,100.0,100.0,100.0
information_coverage.csv,amazon-toys-and-games,test,,,,,,,,,1955,,,,,,,,,27,99.38339129801064,100.0,100.0,100.0
information_coverage.csv,amazon-toys-and-games,test,,,,,,,,,1955,,,,,,,,,28,99.44000877127873,100.0,100.0,100.0
information_coverage.csv,amazon-toys-and-games,test,,,,,,,,,1955,,,,,,,,,29,99.48203049474313,100.0,100.0,100.0
information_coverage.csv,amazon-toys-and-games,test,,,,,,,,,1955,,,,,,,,,30,99.55338610568872,100.0,100.0,100.0
information_coverage.csv,amazon-toys-and-games,test,,,,,,,,,1955,,,,,,,,,31,99.59322697119138,100.0,100.0,100.0
information_coverage.csv,amazon-toys-and-games,test,,,,,,,,,1955,,,,,,,,,32,99.62795312141742,100.0,100.0,100.0
information_coverage.csv,amazon-toys-and-games,test,,,,,,,,,1955,,,,,,,,,33,99.67470803482533,100.0,100.0,100.0
information_coverage.csv,amazon-toys-and-games,test,,,,,,,,,1955,,,,,,,,,34,99.7073990639507,100.0,100.0,100.0
information_coverage.csv,amazon-toys-and-games,test,,,,,,,,,1955,,,,,,,,,35,99.72744040205363,100.0,100.0,100.0
information_coverage.csv,amazon-toys-and-games,test,,,,,,,,,1955,,,,,,,,,36,99.74298773447568,100.0,100.0,100.0
information_coverage.csv,amazon-toys-and-games,test,,,,,,,,,1955,,,,,,,,,37,99.76264368577671,100.0,100.0,100.0
information_coverage.csv,amazon-toys-and-games,test,,,,,,,,,1955,,,,,,,,,38,99.78616849567246,100.0,100.0,100.0
information_coverage.csv,amazon-toys-and-games,test,,,,,,,,,1955,,,,,,,,,39,99.79195034273909,100.0,100.0,100.0
information_coverage.csv,amazon-toys-and-games,test,,,,,,,,,1955,,,,,,,,,40,99.79747040076947,100.0,100.0,100.0
information_coverage.csv,amazon-toys-and-games,test,,,,,,,,,1955,,,,,,,,,41,99.8069146685143,100.0,100.0,100.0
information_coverage.csv,amazon-toys-and-games,test,,,,,,,,,1955,,,,,,,,,42,99.81675491910723,100.0,100.0,100.0
information_coverage.csv,amazon-toys-and-games,test,,,,,,,,,1955,,,,,,,,,43,99.82443718162429,100.0,100.0,100.0
information_coverage.csv,amazon-toys-and-games,test,,,,,,,,,1955,,,,,,,,,44,99.83020784782478,100.0,100.0,100.0
information_coverage.csv,amazon-toys-and-games,test,,,,,,,,,1955,,,,,,,,,45,99.83588268955609,100.0,100.0,100.0
information_coverage.csv,amazon-toys-and-games,test,,,,,,,,,1955,,,,,,,,,46,99.84114168163285,100.0,100.0,100.0
information_coverage.csv,amazon-toys-and-games,test,,,,,,,,,1955,,,,,,,,,47,99.84542724649316,100.0,100.0,100.0
information_coverage.csv,amazon-toys-and-games,test,,,,,,,,,1955,,,,,,,,,48,99.8509119494411,100.0,100.0,100.0
information_coverage.csv,amazon-toys-and-games,test,,,,,,,,,1955,,,,,,,,,49,99.85862015628666,100.0,100.0,100.0
information_coverage.csv,amazon-toys-and-games,test,,,,,,,,,1955,,,,,,,,,50,99.86420917294672,100.0,100.0,100.0
information_coverage.csv,amazon-toys-and-games,test,,,,,,,,,1955,,,,,,,,,51,99.86922097646226,100.0,100.0,100.0
information_coverage.csv,amazon-toys-and-games,test,,,,,,,,,1955,,,,,,,,,52,99.87784437083394,100.0,100.0,100.0
information_coverage.csv,amazon-toys-and-games,test,,,,,,,,,1955,,,,,,,,,53,99.8798677206734,100.0,100.0,100.0
information_coverage.csv,amazon-toys-and-games,test,,,,,,,,,1955,,,,,,,,,54,99.88457042102584,100.0,100.0,100.0
information_coverage.csv,amazon-toys-and-games,test,,,,,,,,,1955,,,,,,,,,55,99.88880774437749,100.0,100.0,100.0
information_coverage.csv,amazon-toys-and-games,test,,,,,,,,,1955,,,,,,,,,56,99.89193141694291,100.0,100.0,100.0
information_coverage.csv,amazon-toys-and-games,test,,,,,,,,,1955,,,,,,,,,57,99.89538832881288,100.0,100.0,100.0
information_coverage.csv,amazon-toys-and-games,test,,,,,,,,,1955,,,,,,,,,58,99.89656213291705,100.0,100.0,100.0
information_coverage.csv,amazon-toys-and-games,test,,,,,,,,,1955,,,,,,,,,59,99.9003114738819,100.0,100.0,100.0
information_coverage.csv,amazon-toys-and-games,test,,,,,,,,,1955,,,,,,,,,60,99.9050209424578,100.0,100.0,100.0
information_coverage.csv,amazon-toys-and-games,test,,,,,,,,,1955,,,,,,,,,61,99.91139269261748,100.0,100.0,100.0
information_coverage.csv,amazon-toys-and-games,test,,,,,,,,,1955,,,,,,,,,62,99.91762141077312,100.0,100.0,100.0
information_coverage.csv,amazon-toys-and-games,test,,,,,,,,,1955,,,,,,,,,63,99.92146151279924,100.0,100.0,100.0
information_coverage.csv,amazon-toys-and-games,test,,,,,,,,,1955,,,,,,,,,64,99.92293271287744,100.0,100.0,100.0
information_coverage.csv,amazon-toys-and-games,test,,,,,,,,,1955,,,,,,,,,65,99.92468221453034,100.0,100.0,100.0
information_coverage.csv,amazon-toys-and-games,test,,,,,,,,,1955,,,,,,,,,66,99.9261647879545,100.0,100.0,100.0
information_coverage.csv,amazon-toys-and-games,test,,,,,,,,,1955,,,,,,,,,67,99.93041188442707,100.0,100.0,100.0
information_coverage.csv,amazon-toys-and-games,test,,,,,,,,,1955,,,,,,,,,68,99.93467608349326,100.0,100.0,100.0
information_coverage.csv,amazon-toys-and-games,test,,,,,,,,,1955,,,,,,,,,69,99.9382007944929,100.0,100.0,100.0
information_coverage.csv,amazon-toys-and-games,test,,,,,,,,,1955,,,,,,,,,70,99.94215663899702,100.0,100.0,100.0
information_coverage.csv,amazon-toys-and-games,test,,,,,,,,,1955,,,,,,,,,71,99.94676405629289,100.0,100.0,100.0
information_coverage.csv,amazon-toys-and-games,test,,,,,,,,,1955,,,,,,,,,72,99.95056101345054,100.0,100.0,100.0
information_coverage.csv,amazon-toys-and-games,test,,,,,,,,,1955,,,,,,,,,73,99.95249050898504,100.0,100.0,100.0
information_coverage.csv,amazon-toys-and-games,test,,,,,,,,,1955,,,,,,,,,74,99.95686274551724,100.0,100.0,100.0
information_coverage.csv,amazon-toys-and-games,test,,,,,,,,,1955,,,,,,,,,75,99.96095164643823,100.0,100.0,100.0
information_coverage.csv,amazon-toys-and-games,test,,,,,,,,,1955,,,,,,,,,76,99.96276030641478,100.0,100.0,100.0
information_coverage.csv,amazon-toys-and-games,test,,,,,,,,,1955,,,,,,,,,77,99.96521456814696,100.0,100.0,100.0
information_coverage.csv,amazon-toys-and-games,test,,,,,,,,,1955,,,,,,,,,78,99.9693046430858,100.0,100.0,100.0
information_coverage.csv,amazon-toys-and-games,test,,,,,,,,,1955,,,,,,,,,79,99.96963627033148,100.0,100.0,100.0
information_coverage.csv,amazon-toys-and-games,test,,,,,,,,,1955,,,,,,,,,80,99.97289344157811,100.0,100.0,100.0
information_coverage.csv,amazon-toys-and-games,test,,,,,,,,,1955,,,,,,,,,81,99.97289525539674,100.0,100.0,100.0
information_coverage.csv,amazon-toys-and-games,test,,,,,,,,,1955,,,,,,,,,82,99.97358161010949,100.0,100.0,100.0
information_coverage.csv,amazon-toys-and-games,test,,,,,,,,,1955,,,,,,,,,83,99.97639736116064,100.0,100.0,100.0
information_coverage.csv,amazon-toys-and-games,test,,,,,,,,,1955,,,,,,,,,84,99.9767289779345,100.0,100.0,100.0
information_coverage.csv,amazon-toys-and-games,test,,,,,,,,,1955,,,,,,,,,85,99.9818084244529,100.0,100.0,100.0
information_coverage.csv,amazon-toys-and-games,test,,,,,,,,,1955,,,,,,,,,86,99.98196014119301,100.0,100.0,100.0
information_coverage.csv,amazon-toys-and-games,test,,,,,,,,,1955,,,,,,,,,87,99.98291507556722,100.0,100.0,100.0
information_coverage.csv,amazon-toys-and-games,test,,,,,,,,,1955,,,,,,,,,88,99.98436931484703,100.0,100.0,100.0
information_coverage.csv,amazon-toys-and-games,test,,,,,,,,,1955,,,,,,,,,89,99.98594840540808,100.0,100.0,100.0
information_coverage.csv,amazon-toys-and-games,test,,,,,,,,,1955,,,,,,,,,90,99.98912913699638,100.0,100.0,100.0
information_coverage.csv,amazon-toys-and-games,test,,,,,,,,,1955,,,,,,,,,91,99.99023221730609,100.0,100.0,100.0
information_coverage.csv,amazon-toys-and-games,test,,,,,,,,,1955,,,,,,,,,92,99.99036422401659,100.0,100.0,100.0
information_coverage.csv,amazon-toys-and-games,test,,,,,,,,,1955,,,,,,,,,93,99.992059473638,100.0,100.0,100.0
information_coverage.csv,amazon-toys-and-games,test,,,,,,,,,1955,,,,,,,,,94,99.9931318892897,100.0,100.0,100.0
information_coverage.csv,amazon-toys-and-games,test,,,,,,,,,1955,,,,,,,,,95,99.99469384934525,100.0,100.0,100.0
information_coverage.csv,amazon-toys-and-games,test,,,,,,,,,1955,,,,,,,,,96,99.99507752050347,100.0,100.0,100.0
information_coverage.csv,amazon-toys-and-games,test,,,,,,,,,1955,,,,,,,,,97,99.99751723009028,100.0,100.0,100.0
information_coverage.csv,amazon-toys-and-games,test,,,,,,,,,1955,,,,,,,,,98,99.99838443774242,100.0,100.0,100.0
information_coverage.csv,amazon-toys-and-games,test,,,,,,,,,1955,,,,,,,,,99,100.0,100.0,100.0,100.0
information_coverage.csv,amazon-toys-and-games,test,,,,,,,,,1955,,,,,,,,,100,100.0,100.0,100.0,100.0
