dataset,split,user,history_length,positive_signal_total,items_for_50pct,items_for_80pct,items_for_90pct
amazon-sports-and-outdoors,valid,11,6,0.1522616845208129,1,2,2
amazon-sports-and-outdoors,valid,585,3,1.819420254953744,1,3,3
amazon-sports-and-outdoors,valid,802,4,3.236192186382932,2,3,4
amazon-sports-and-outdoors,valid,1962,5,12.587728690642933,2,5,5
amazon-sports-and-outdoors,valid,2571,3,2.3524373952776974,3,3,3
amazon-sports-and-outdoors,valid,2579,3,3.6122068618130196,2,2,2
amazon-sports-and-outdoors,valid,2644,6,6.436803407102157,3,6,6
amazon-sports-and-outdoors,valid,3026,3,1.3028657877251748,3,3,3
amazon-sports-and-outdoors,valid,3281,4,1.1759577881803787,4,4,4
amazon-sports-and-outdoors,valid,3407,5,18.31926726473177,3,3,3
amazon-sports-and-outdoors,valid,3601,2,0.33985836079337095,2,2,2
amazon-sports-and-outdoors,valid,3994,2,1.141771115261049,1,1,1
amazon-sports-and-outdoors,valid,4039,3,3.42872565555484,1,2,2
amazon-sports-and-outdoors,valid,4045,5,3.7569994513499685,3,3,4
amazon-sports-and-outdoors,valid,4462,3,4.692297077800848,2,3,3
amazon-sports-and-outdoors,valid,4675,7,0.5701109578932579,6,6,6
amazon-sports-and-outdoors,valid,5530,3,0.8254988902095907,3,3,3
amazon-sports-and-outdoors,valid,6010,3,1.0522967500118625,2,2,2
amazon-sports-and-outdoors,valid,6106,37,11.126606116463162,17,33,34
amazon-sports-and-outdoors,valid,6321,8,2.4497714266605852,3,7,8
amazon-sports-and-outdoors,valid,6462,7,0.8552822203685695,4,4,4
amazon-sports-and-outdoors,valid,6672,9,2.888152979119445,2,5,5
amazon-sports-and-outdoors,valid,6770,10,8.455015521733666,6,6,9
amazon-sports-and-outdoors,valid,7127,4,4.402291985176008,3,4,4
amazon-sports-and-outdoors,valid,7619,3,5.162226866193232,2,3,3
amazon-sports-and-outdoors,valid,8858,5,0.9013772820821156,5,5,5
amazon-sports-and-outdoors,valid,9138,3,6.10175336707357,2,3,3
amazon-sports-and-outdoors,valid,9437,12,10.495980157135167,1,4,5
amazon-sports-and-outdoors,valid,9441,8,7.763812175325341,4,7,8
amazon-sports-and-outdoors,valid,10354,4,1.2127365053702543,3,4,4
amazon-sports-and-outdoors,valid,10799,9,9.818530598639175,2,5,8
amazon-sports-and-outdoors,valid,10813,4,13.559193205568766,2,2,3
amazon-sports-and-outdoors,valid,10887,4,7.553637314440704,1,2,2
amazon-sports-and-outdoors,valid,11054,5,7.400176556663943,2,4,5
amazon-sports-and-outdoors,valid,11897,2,0.7835864423832214,2,2,2
amazon-sports-and-outdoors,valid,12451,2,0.05106727697098658,2,2,2
amazon-sports-and-outdoors,valid,12858,4,1.0821751125419865,1,3,3
amazon-sports-and-outdoors,valid,14410,4,0.9741203987447267,2,4,4
amazon-sports-and-outdoors,valid,14969,30,17.300024597391193,12,27,29
amazon-sports-and-outdoors,valid,15532,7,34.813659495709864,3,4,4
amazon-sports-and-outdoors,valid,16921,11,4.393699948571494,5,8,8
amazon-sports-and-outdoors,valid,17166,3,1.2468630395846172,1,1,1
amazon-sports-and-outdoors,valid,17801,2,1.2776725607443877,1,1,1
amazon-sports-and-outdoors,valid,18024,3,3.1748656428635913,2,3,3
amazon-sports-and-outdoors,valid,18655,3,0.31453547212121635,1,1,1
amazon-sports-and-outdoors,valid,18698,4,0.5978670189164644,4,4,4
amazon-sports-and-outdoors,valid,19471,3,1.9028984608853237,3,3,3
amazon-sports-and-outdoors,valid,20008,9,5.678753841442388,2,7,8
amazon-sports-and-outdoors,valid,20463,9,5.222910123828898,5,7,8
amazon-sports-and-outdoors,valid,20820,2,2.7857733103898665,1,2,2
amazon-sports-and-outdoors,valid,20844,2,1.0172282189836612,1,1,1
amazon-sports-and-outdoors,valid,20873,5,1.906532028222103,4,4,4
amazon-sports-and-outdoors,valid,21005,2,2.642441562691692,2,2,2
amazon-sports-and-outdoors,valid,21549,16,2.9277740762001008,11,15,15
amazon-sports-and-outdoors,valid,21578,2,0.8980857784122668,1,2,2
amazon-sports-and-outdoors,valid,21650,6,4.082720986940913,4,5,5
amazon-sports-and-outdoors,valid,21800,4,0.8192050773456442,3,3,4
amazon-sports-and-outdoors,valid,22041,5,2.558481586255491,2,2,2
amazon-sports-and-outdoors,valid,23875,3,2.4657183607960143,3,3,3
amazon-sports-and-outdoors,valid,24453,3,1.0355364233701387,1,1,1
amazon-sports-and-outdoors,valid,24503,12,4.469597109006888,4,7,8
amazon-sports-and-outdoors,valid,24670,3,0.8619142638830861,2,2,3
amazon-sports-and-outdoors,valid,24878,8,0.9198992101739357,8,8,8
amazon-sports-and-outdoors,valid,25165,10,2.2004286898366776,4,8,8
amazon-sports-and-outdoors,valid,25449,3,2.17726035287806,2,3,3
amazon-sports-and-outdoors,valid,25450,3,3.5243875665937026,1,1,2
amazon-sports-and-outdoors,valid,25902,8,11.552819163707202,2,4,7
amazon-sports-and-outdoors,valid,26234,11,1.5112319935795653,8,11,11
amazon-sports-and-outdoors,valid,26407,2,0.06076176838456737,2,2,2
amazon-sports-and-outdoors,valid,26518,1,0.4304421860194561,1,1,1
amazon-sports-and-outdoors,valid,28025,3,0.14902305004214336,3,3,3
amazon-sports-and-outdoors,valid,28071,11,4.420522868370385,8,11,11
amazon-sports-and-outdoors,valid,28835,13,2.0567405377034653,9,9,9
amazon-sports-and-outdoors,valid,29585,4,0.807598307287106,2,2,2
amazon-sports-and-outdoors,valid,30460,38,21.306574693659385,28,35,37
amazon-sports-and-outdoors,valid,30612,13,7.668436947475648,4,8,8
amazon-sports-and-outdoors,valid,31816,6,1.1590785058585011,1,5,5
amazon-sports-and-outdoors,valid,31863,5,1.772070673420001,1,1,1
amazon-sports-and-outdoors,valid,32170,3,1.0542122008082906,2,2,2
amazon-sports-and-outdoors,valid,32272,3,3.6699349960077154,1,2,2
amazon-sports-and-outdoors,valid,32435,2,2.7622960190952948,2,2,2
amazon-sports-and-outdoors,valid,32498,3,1.9727078661293924,3,3,3
amazon-sports-and-outdoors,valid,33449,3,3.5663380802377214,2,3,3
amazon-sports-and-outdoors,valid,33476,11,0.1987154636965106,1,9,9
amazon-sports-and-outdoors,valid,33517,10,11.45168383747852,4,6,9
amazon-sports-and-outdoors,valid,33597,8,10.56508124739041,3,4,5
amazon-sports-and-outdoors,valid,33904,3,0.22535624913178876,2,2,2
amazon-sports-and-outdoors,valid,34419,17,11.06789395444764,4,15,15
amazon-sports-and-outdoors,valid,34441,5,2.3180059380032074,3,4,5
amazon-sports-and-outdoors,valid,34832,5,15.96777834274383,3,5,5
amazon-sports-and-outdoors,valid,35088,3,2.0210847621342394,1,1,1
amazon-sports-and-outdoors,valid,35484,3,6.502241191100581,2,3,3
amazon-sports-and-outdoors,valid,35566,3,1.1092837903192017,1,3,3
amazon-sports-and-outdoors,valid,36134,8,1.5058528177230217,8,8,8
amazon-sports-and-outdoors,valid,37569,8,0.813506835920333,3,3,3
amazon-sports-and-outdoors,valid,37734,4,4.331872072946795,4,4,4
amazon-sports-and-outdoors,valid,38272,13,3.0981991035235596,11,13,13
amazon-sports-and-outdoors,valid,38300,5,4.886944521582063,5,5,5
amazon-sports-and-outdoors,valid,38404,3,0.8898406958748682,1,1,1
amazon-sports-and-outdoors,valid,38637,4,0.4005130690658001,4,4,4
amazon-sports-and-outdoors,valid,39047,2,1.0611407083123452,2,2,2
amazon-sports-and-outdoors,valid,40263,4,2.767082266972762,3,4,4
amazon-sports-and-outdoors,valid,40354,2,2.8500866327783965,1,1,1
amazon-sports-and-outdoors,valid,40951,4,9.005823673581384,1,4,4
amazon-sports-and-outdoors,valid,41123,3,2.15541348135297,1,1,1
amazon-sports-and-outdoors,valid,41146,4,3.5955033695518135,1,1,2
amazon-sports-and-outdoors,valid,41804,3,0.34992333306414103,1,1,1
amazon-sports-and-outdoors,valid,41998,3,1.8500695824642408,3,3,3
amazon-sports-and-outdoors,valid,42070,3,1.0949012555507696,1,3,3
amazon-sports-and-outdoors,valid,43211,4,6.60423630255082,1,4,4
amazon-sports-and-outdoors,valid,43627,3,0.05542700264861433,3,3,3
amazon-sports-and-outdoors,valid,43921,4,8.12174347260444,4,4,4
amazon-sports-and-outdoors,valid,43926,5,6.14289590730339,5,5,5
amazon-sports-and-outdoors,valid,44095,16,13.924960377845535,4,6,8
amazon-sports-and-outdoors,valid,44132,3,0.4529282460659043,2,2,2
amazon-sports-and-outdoors,valid,44415,19,8.231845149311187,7,13,14
amazon-sports-and-outdoors,valid,44452,2,0.03558281608539854,2,2,2
amazon-sports-and-outdoors,valid,44736,4,4.830948249917425,2,2,2
amazon-sports-and-outdoors,valid,44800,14,3.330113577561681,7,11,14
amazon-sports-and-outdoors,valid,45556,12,3.3751634814521,7,7,9
amazon-sports-and-outdoors,valid,45865,6,2.8228028258053994,1,5,5
amazon-sports-and-outdoors,valid,45957,4,0.09434295689191541,1,4,4
amazon-sports-and-outdoors,valid,47020,3,2.4137891838358265,1,2,2
amazon-sports-and-outdoors,valid,47174,5,4.726145255723651,2,4,5
amazon-sports-and-outdoors,valid,47758,3,2.026825298912494,1,2,2
amazon-sports-and-outdoors,valid,48035,4,1.307557135404475,2,3,3
amazon-sports-and-outdoors,valid,48075,3,0.1335422899999379,2,2,2
amazon-sports-and-outdoors,valid,48410,2,0.918385036538559,1,1,1
amazon-sports-and-outdoors,valid,48767,2,0.9516940808843113,2,2,2
amazon-sports-and-outdoors,valid,49428,11,1.8220034436347674,4,10,10
amazon-sports-and-outdoors,valid,49429,7,3.075237485102453,2,7,7
amazon-sports-and-outdoors,valid,49936,10,2.9354040256981278,3,8,8
amazon-sports-and-outdoors,valid,51050,3,3.823417958844771,1,2,2
amazon-sports-and-outdoors,valid,51240,3,2.303838052150963,1,3,3
amazon-sports-and-outdoors,valid,51818,4,4.771072304831067,2,2,2
amazon-sports-and-outdoors,valid,51856,3,1.1598300414111158,1,3,3
amazon-sports-and-outdoors,valid,52316,4,4.184144053742591,3,4,4
amazon-sports-and-outdoors,valid,52943,7,2.884988097162471,5,5,6
amazon-sports-and-outdoors,valid,53273,4,0.9055950539814268,4,4,4
amazon-sports-and-outdoors,valid,53864,7,4.604554046389808,5,6,6
amazon-sports-and-outdoors,valid,54058,4,1.3227612574038345,3,3,3
amazon-sports-and-outdoors,valid,54060,7,7.443947224387289,2,4,4
amazon-sports-and-outdoors,valid,54106,2,0.713749016467828,2,2,2
amazon-sports-and-outdoors,valid,54315,4,0.07839919490795669,4,4,4
amazon-sports-and-outdoors,valid,54340,3,0.28283854158750044,1,1,1
amazon-sports-and-outdoors,valid,54371,16,6.461993858450407,4,9,10
amazon-sports-and-outdoors,valid,54500,3,2.2346670423903854,2,3,3
amazon-sports-and-outdoors,valid,55679,4,3.2018028922884074,1,1,1
amazon-sports-and-outdoors,valid,56147,4,1.4760552128824243,3,3,3
amazon-sports-and-outdoors,valid,56284,6,1.9638559774502324,2,5,5
amazon-sports-and-outdoors,valid,56637,5,1.742876768656183,4,4,4
amazon-sports-and-outdoors,valid,57025,3,0.6066647166746654,1,1,1
amazon-sports-and-outdoors,valid,57130,7,54.516403790033706,4,6,7
amazon-sports-and-outdoors,valid,57412,10,2.735272460715878,7,10,10
amazon-sports-and-outdoors,valid,57597,7,1.967463374537378,6,7,7
amazon-sports-and-outdoors,valid,57779,31,9.422878323010403,10,20,24
amazon-sports-and-outdoors,valid,57876,68,117.39933646521612,27,31,48
amazon-sports-and-outdoors,valid,58349,8,4.892841418993231,2,3,4
amazon-sports-and-outdoors,valid,58752,2,4.15167880168806,2,2,2
amazon-sports-and-outdoors,valid,59199,5,2.7099584276332456,3,3,3
amazon-sports-and-outdoors,valid,59509,4,12.556042994812342,1,1,1
amazon-sports-and-outdoors,valid,59916,12,5.681243980346936,10,11,11
amazon-sports-and-outdoors,valid,59965,4,2.497364669079176,2,4,4
amazon-sports-and-outdoors,valid,59997,6,2.6956195099475364,3,4,6
amazon-sports-and-outdoors,valid,60223,3,1.0844258861834697,2,3,3
amazon-sports-and-outdoors,valid,60432,3,11.353117689595198,1,1,2
amazon-sports-and-outdoors,valid,60559,3,1.3422639089920319,1,1,3
amazon-sports-and-outdoors,valid,60630,5,3.478970420084054,3,3,4
amazon-sports-and-outdoors,valid,60682,3,1.5875470849712316,2,2,2
amazon-sports-and-outdoors,valid,61279,5,3.0774446416612133,5,5,5
amazon-sports-and-outdoors,valid,61974,4,1.1402568094526941,2,3,3
amazon-sports-and-outdoors,valid,61992,4,8.552227028765994,3,4,4
amazon-sports-and-outdoors,valid,61996,5,3.7420210807969445,4,5,5
amazon-sports-and-outdoors,valid,62356,3,1.7520465333473083,3,3,3
amazon-sports-and-outdoors,valid,62776,9,1.5457346920891695,3,9,9
amazon-sports-and-outdoors,valid,62891,16,4.8152067125897275,8,12,12
amazon-sports-and-outdoors,valid,63688,4,2.940453826493624,4,4,4
amazon-sports-and-outdoors,valid,64366,4,2.7308536537171073,1,1,2
amazon-sports-and-outdoors,valid,64719,6,6.43569183235761,3,5,5
amazon-sports-and-outdoors,valid,65455,5,1.6778381470511614,2,2,2
amazon-sports-and-outdoors,valid,66014,4,2.93234501429649,2,3,3
amazon-sports-and-outdoors,valid,66702,1,1.795711727034251,1,1,1
amazon-sports-and-outdoors,valid,67390,2,1.1290688955612744,1,1,1
amazon-sports-and-outdoors,valid,67671,5,3.106193982613702,1,5,5
amazon-sports-and-outdoors,valid,67963,3,13.095515727725253,2,2,2
amazon-sports-and-outdoors,valid,68491,7,15.524133397957108,3,6,7
amazon-sports-and-outdoors,valid,68591,5,1.6782782830677294,3,3,3
amazon-sports-and-outdoors,valid,68929,5,0.13726348802109695,5,5,5
amazon-sports-and-outdoors,valid,68983,51,42.680644179373004,18,39,47
amazon-sports-and-outdoors,valid,69068,3,4.678889583090741,3,3,3
amazon-sports-and-outdoors,valid,69184,5,1.5966478553678685,1,1,1
amazon-sports-and-outdoors,valid,69597,4,1.942077439354742,1,2,3
amazon-sports-and-outdoors,valid,69745,10,8.148394567531998,5,8,9
amazon-sports-and-outdoors,valid,70575,3,4.999366627089671,2,3,3
amazon-sports-and-outdoors,valid,70633,4,2.0827894525434907,3,4,4
amazon-sports-and-outdoors,valid,71866,7,2.7704814916196385,4,6,6
amazon-sports-and-outdoors,valid,74067,2,1.5830272978173086,2,2,2
amazon-sports-and-outdoors,valid,74103,4,2.4600106029162907,3,4,4
amazon-sports-and-outdoors,valid,74240,5,0.9201714865085093,4,4,5
amazon-sports-and-outdoors,valid,74744,4,0.3286901406756657,3,3,3
amazon-sports-and-outdoors,valid,75145,4,1.792538386006688,2,3,3
amazon-sports-and-outdoors,valid,75286,4,1.4757205509022588,4,4,4
amazon-sports-and-outdoors,valid,75609,3,18.445235250057397,2,3,3
amazon-sports-and-outdoors,valid,75886,3,0.7748397633945088,2,2,3
amazon-sports-and-outdoors,valid,76599,10,0.9716289381103997,5,5,6
amazon-sports-and-outdoors,valid,76753,5,0.6696073391953814,2,2,2
amazon-sports-and-outdoors,valid,76888,6,6.410064284971284,3,5,6
amazon-sports-and-outdoors,valid,77912,2,1.0588258307765572,2,2,2
amazon-sports-and-outdoors,valid,78133,19,7.37348197682664,6,14,16
amazon-sports-and-outdoors,valid,78236,5,0.6986470641804226,2,2,5
amazon-sports-and-outdoors,valid,78456,3,5.20612679908901,2,2,2
amazon-sports-and-outdoors,valid,78787,5,0.8992134782601225,2,4,4
amazon-sports-and-outdoors,valid,78795,5,0.12272393175486196,4,4,4
amazon-sports-and-outdoors,valid,78920,4,0.9165472373666755,2,2,2
amazon-sports-and-outdoors,valid,78962,10,7.23934133975553,2,2,4
amazon-sports-and-outdoors,valid,79171,4,6.258304329074764,2,2,3
amazon-sports-and-outdoors,valid,79228,4,2.5797083021680467,1,3,3
amazon-sports-and-outdoors,valid,79863,12,7.9391286602167135,8,11,11
amazon-sports-and-outdoors,valid,80003,10,10.403818450898333,8,8,8
amazon-sports-and-outdoors,valid,80161,5,2.600083427583681,3,5,5
amazon-sports-and-outdoors,valid,80794,6,3.8975803489445924,3,6,6
amazon-sports-and-outdoors,valid,80923,6,18.125319280349856,3,5,6
amazon-sports-and-outdoors,valid,81370,16,4.526695042442726,11,16,16
amazon-sports-and-outdoors,valid,81577,6,0.9318168510766084,2,2,2
amazon-sports-and-outdoors,valid,81992,4,3.606641322057569,2,3,3
amazon-sports-and-outdoors,valid,82208,3,1.8739299771353966,1,2,2
amazon-sports-and-outdoors,valid,82932,5,1.0219145440897994,1,1,1
amazon-sports-and-outdoors,valid,83235,3,16.053249320663937,2,3,3
amazon-sports-and-outdoors,valid,83310,4,1.5593252463737353,4,4,4
amazon-sports-and-outdoors,valid,84096,6,9.960257700298564,1,1,1
amazon-sports-and-outdoors,valid,84332,6,0.7632512332069274,3,4,4
amazon-sports-and-outdoors,valid,84863,3,0.30469730868060574,2,2,2
amazon-sports-and-outdoors,valid,84876,7,1.717118502194666,4,4,4
amazon-sports-and-outdoors,valid,85243,26,30.856520284653012,13,23,23
amazon-sports-and-outdoors,valid,85542,9,6.535412379030334,7,8,9
amazon-sports-and-outdoors,valid,85594,5,6.662326722878072,3,5,5
amazon-sports-and-outdoors,valid,86405,14,11.135850889319274,8,14,14
amazon-sports-and-outdoors,valid,86456,3,1.5822638666966786,2,2,2
amazon-sports-and-outdoors,valid,87379,5,2.2585493777758807,3,4,5
amazon-sports-and-outdoors,valid,87505,1,0.2308465824627869,1,1,1
amazon-sports-and-outdoors,valid,87786,2,0.8386026514163722,2,2,2
amazon-sports-and-outdoors,valid,87846,20,13.508252550310653,11,14,14
amazon-sports-and-outdoors,valid,87987,3,3.197499868818319,3,3,3
amazon-sports-and-outdoors,valid,88578,4,1.8059309451702874,1,3,3
amazon-sports-and-outdoors,valid,89172,2,1.2654850226207441,1,1,1
amazon-sports-and-outdoors,valid,89216,3,0.4347194357588441,1,1,1
amazon-sports-and-outdoors,valid,89733,5,1.0284683412013704,1,2,2
amazon-sports-and-outdoors,valid,90042,2,0.580959583750284,1,1,1
amazon-sports-and-outdoors,valid,90264,5,0.7844090869979723,2,2,2
amazon-sports-and-outdoors,valid,90628,7,26.03676285643252,2,4,4
amazon-sports-and-outdoors,valid,91874,5,2.0239147177650922,2,3,3
amazon-sports-and-outdoors,valid,92022,4,6.235945948125014,1,1,1
amazon-sports-and-outdoors,valid,92997,15,11.669880276394846,11,12,14
amazon-sports-and-outdoors,valid,93346,4,4.846588278398059,3,3,4
amazon-sports-and-outdoors,valid,93356,4,5.550152970396029,1,2,2
amazon-sports-and-outdoors,valid,93710,7,6.3686267346546845,1,3,6
amazon-sports-and-outdoors,valid,93823,3,0.09862417182064187,3,3,3
amazon-sports-and-outdoors,valid,94310,3,1.6000103359268756,1,1,1
amazon-sports-and-outdoors,valid,95178,10,8.457334893150703,8,9,10
amazon-sports-and-outdoors,valid,95186,3,0.3868032947551251,3,3,3
amazon-sports-and-outdoors,valid,95702,26,11.487580564386548,15,21,22
amazon-sports-and-outdoors,valid,96277,3,2.2049100146540184,3,3,3
amazon-sports-and-outdoors,valid,96797,5,2.495289421152408,2,4,4
amazon-sports-and-outdoors,valid,96970,3,3.993929823814742,1,3,3
amazon-sports-and-outdoors,valid,97001,11,3.131808312702233,5,11,11
amazon-sports-and-outdoors,valid,97076,6,0.7402867069803061,4,4,4
amazon-sports-and-outdoors,valid,97419,2,0.3980666794169533,1,1,1
amazon-sports-and-outdoors,valid,97542,5,0.5465310342813088,4,4,4
amazon-sports-and-outdoors,valid,97859,4,3.5792635400972506,2,4,4
amazon-sports-and-outdoors,valid,98156,4,0.9398829714018649,4,4,4
amazon-sports-and-outdoors,valid,98553,3,1.4916500382045992,2,3,3
amazon-sports-and-outdoors,valid,98856,4,0.9799299298174706,1,1,2
amazon-sports-and-outdoors,valid,99496,4,1.7706091707163365,3,3,4
amazon-sports-and-outdoors,valid,99858,1,0.15439416334703215,1,1,1
amazon-sports-and-outdoors,valid,100019,8,2.5855418226362876,6,8,8
amazon-sports-and-outdoors,valid,100028,4,1.2324108496568063,2,3,3
amazon-sports-and-outdoors,valid,100130,6,5.366739568875538,5,5,5
amazon-sports-and-outdoors,valid,100344,3,2.4391344758277436,1,2,2
amazon-sports-and-outdoors,valid,100541,3,2.737206415729219,3,3,3
amazon-sports-and-outdoors,valid,102083,14,9.842937264228189,8,10,10
amazon-sports-and-outdoors,valid,103089,3,2.611823163658035,1,1,1
amazon-sports-and-outdoors,valid,104024,4,1.893798219180599,2,2,2
amazon-sports-and-outdoors,valid,104225,3,0.32669221394099773,2,2,2
amazon-sports-and-outdoors,valid,104593,5,2.684708630617897,4,4,4
amazon-sports-and-outdoors,valid,104647,4,2.4692415636962064,1,3,3
amazon-sports-and-outdoors,valid,104679,6,1.124093904671297,3,3,3
amazon-sports-and-outdoors,valid,104794,5,0.9949774268379611,2,3,3
amazon-sports-and-outdoors,valid,105689,4,2.5884545846378257,2,4,4
amazon-sports-and-outdoors,valid,106002,3,1.7439579436158006,1,3,3
amazon-sports-and-outdoors,valid,106013,2,3.091215347714723,2,2,2
amazon-sports-and-outdoors,valid,106086,7,0.26552771449262164,4,4,4
amazon-sports-and-outdoors,valid,106678,1,0.9155612930376694,1,1,1
amazon-sports-and-outdoors,valid,106690,5,8.399089830439252,2,3,5
amazon-sports-and-outdoors,valid,106902,6,3.377433420175386,4,4,4
amazon-sports-and-outdoors,valid,107770,11,3.0655485449539466,7,9,9
amazon-sports-and-outdoors,valid,108550,3,5.149151654349687,3,3,3
amazon-sports-and-outdoors,valid,108775,33,15.262242422952738,23,31,33
amazon-sports-and-outdoors,valid,108853,7,3.405772231858366,2,2,5
amazon-sports-and-outdoors,valid,108877,3,0.6824836307071136,2,2,2
amazon-sports-and-outdoors,valid,108961,4,9.6850550559931,2,2,2
amazon-sports-and-outdoors,valid,109192,9,6.04782969987614,6,8,8
amazon-sports-and-outdoors,valid,110374,3,0.9899272295235308,3,3,3
amazon-sports-and-outdoors,valid,110390,3,2.048627363798059,1,3,3
amazon-sports-and-outdoors,valid,111310,2,0.2730759810902764,2,2,2
amazon-sports-and-outdoors,valid,111884,7,15.53397473354919,5,6,7
amazon-sports-and-outdoors,valid,112014,3,3.189484899435529,2,2,2
amazon-sports-and-outdoors,valid,112339,7,5.07597725726003,5,6,6
amazon-sports-and-outdoors,valid,112771,18,20.79487679033255,9,16,17
amazon-sports-and-outdoors,valid,113184,16,10.323727441872638,9,11,14
amazon-sports-and-outdoors,valid,113474,3,6.692826166231575,2,2,3
amazon-sports-and-outdoors,valid,113926,2,0.43700853956393226,1,1,1
amazon-sports-and-outdoors,valid,114039,6,2.0382782196247,4,5,5
amazon-sports-and-outdoors,valid,114264,6,1.9399072912298077,1,1,5
amazon-sports-and-outdoors,valid,114291,6,3.8582146100573325,3,6,6
amazon-sports-and-outdoors,valid,114441,8,5.500013019038328,4,8,8
amazon-sports-and-outdoors,valid,114634,3,4.652108694298837,1,2,2
amazon-sports-and-outdoors,valid,114917,3,2.72020738468932,3,3,3
amazon-sports-and-outdoors,valid,115530,3,0.9892565838334209,1,1,2
amazon-sports-and-outdoors,valid,116279,3,4.7702345924968315,1,2,2
amazon-sports-and-outdoors,valid,116697,3,0.34138575172654256,2,2,2
amazon-sports-and-outdoors,valid,116736,4,4.498513979208926,1,3,3
amazon-sports-and-outdoors,valid,116931,2,18.446659149548832,1,2,2
amazon-sports-and-outdoors,valid,117008,3,2.791416766115818,2,2,2
amazon-sports-and-outdoors,valid,118079,8,5.734965819407038,2,8,8
amazon-sports-and-outdoors,valid,118247,4,1.24250714692335,2,2,2
amazon-sports-and-outdoors,valid,118585,3,1.171658928159096,1,1,2
amazon-sports-and-outdoors,valid,118647,2,0.1087088378651262,2,2,2
amazon-sports-and-outdoors,valid,118656,43,6.397055952654582,22,31,40
amazon-sports-and-outdoors,valid,118810,3,5.641181822038866,1,3,3
amazon-sports-and-outdoors,valid,118927,3,1.490710817023298,3,3,3
amazon-sports-and-outdoors,valid,119580,4,4.542848430769711,2,4,4
amazon-sports-and-outdoors,valid,119635,4,6.599594651911228,3,4,4
amazon-sports-and-outdoors,valid,120271,7,1.8810348033920345,1,5,6
amazon-sports-and-outdoors,valid,120688,5,5.689155061769058,3,3,3
amazon-sports-and-outdoors,valid,120804,9,17.56771994872217,4,4,4
amazon-sports-and-outdoors,valid,120997,4,2.3811649276888245,3,3,3
amazon-sports-and-outdoors,valid,121426,9,2.6902575165781264,7,7,8
amazon-sports-and-outdoors,valid,121511,10,1.3390481404385475,5,6,8
amazon-sports-and-outdoors,valid,121784,3,0.09176822728148071,3,3,3
amazon-sports-and-outdoors,valid,121974,3,13.299674074653678,1,1,1
amazon-sports-and-outdoors,valid,122371,5,1.6542701190072275,2,2,2
amazon-sports-and-outdoors,valid,122411,22,15.109632991326942,14,15,16
amazon-sports-and-outdoors,valid,123112,5,3.3711838852590517,2,3,3
amazon-sports-and-outdoors,valid,123118,25,26.726694698792983,12,19,23
amazon-sports-and-outdoors,valid,124098,3,5.799223430885362,2,2,3
amazon-sports-and-outdoors,valid,124204,6,1.3161631823446507,6,6,6
amazon-sports-and-outdoors,valid,124269,7,2.2917351047332066,2,6,6
amazon-sports-and-outdoors,valid,124609,2,3.834001842226966,2,2,2
amazon-sports-and-outdoors,valid,124677,3,3.3757628859070956,1,1,1
amazon-sports-and-outdoors,valid,124766,4,0.3006797788428864,2,2,2
amazon-sports-and-outdoors,valid,124887,6,5.94111958178355,3,4,5
amazon-sports-and-outdoors,valid,125011,3,3.4362398215241843,2,2,2
amazon-sports-and-outdoors,valid,125166,9,4.694673151425426,2,3,3
amazon-sports-and-outdoors,valid,125727,2,1.2962329511727906,2,2,2
amazon-sports-and-outdoors,valid,125915,4,0.6709621122193521,3,3,3
amazon-sports-and-outdoors,valid,126998,5,10.422310772243094,4,5,5
amazon-sports-and-outdoors,valid,127924,3,0.12633040363116188,3,3,3
amazon-sports-and-outdoors,valid,128639,3,0.20048631725506333,1,1,1
amazon-sports-and-outdoors,valid,129073,4,0.5165269752491559,4,4,4
amazon-sports-and-outdoors,valid,129161,2,2.9425748062707617,1,2,2
amazon-sports-and-outdoors,valid,129255,4,5.848544570644672,4,4,4
amazon-sports-and-outdoors,valid,129670,12,5.463722020137082,6,11,12
amazon-sports-and-outdoors,valid,129857,2,0.29069133472634845,2,2,2
amazon-sports-and-outdoors,valid,130048,4,4.086271946166475,2,3,3
amazon-sports-and-outdoors,valid,131023,5,4.150657236741497,3,3,3
amazon-sports-and-outdoors,valid,132515,6,1.986995236353702,2,6,6
amazon-sports-and-outdoors,valid,132540,5,1.78710343315345,1,1,1
amazon-sports-and-outdoors,valid,132651,5,0.9413288116076425,1,3,3
amazon-sports-and-outdoors,valid,132709,3,1.7530835625322916,2,2,2
amazon-sports-and-outdoors,valid,132910,12,14.225925914666746,11,11,12
amazon-sports-and-outdoors,valid,133811,5,14.316217769784545,3,4,5
amazon-sports-and-outdoors,valid,134092,3,2.1845814141266215,2,3,3
amazon-sports-and-outdoors,valid,134334,5,4.826812821783376,3,5,5
amazon-sports-and-outdoors,valid,134642,26,10.1187426173131,9,22,24
amazon-sports-and-outdoors,valid,135018,9,6.379260579422544,4,4,6
amazon-sports-and-outdoors,valid,135834,4,1.4027978111626158,4,4,4
amazon-sports-and-outdoors,valid,135925,10,17.741666064178176,6,8,10
amazon-sports-and-outdoors,valid,136389,14,1.3128593865878528,3,9,9
amazon-sports-and-outdoors,valid,136438,9,2.000348275796894,7,9,9
amazon-sports-and-outdoors,valid,136569,15,4.2345546953591295,7,12,15
amazon-sports-and-outdoors,valid,137136,42,28.238770220317818,26,36,40
amazon-sports-and-outdoors,valid,137794,14,2.5713192832576626,4,11,11
amazon-sports-and-outdoors,valid,137973,7,3.0721845536578005,4,6,6
amazon-sports-and-outdoors,valid,138363,3,1.7708165501187376,1,3,3
amazon-sports-and-outdoors,valid,138973,2,2.857583484087629,2,2,2
amazon-sports-and-outdoors,valid,139458,9,6.275191673948296,8,8,8
amazon-sports-and-outdoors,valid,139718,3,1.450450399248306,1,2,2
amazon-sports-and-outdoors,valid,139819,7,2.989127054315032,5,6,6
amazon-sports-and-outdoors,valid,141048,3,1.4926973768818623,3,3,3
amazon-sports-and-outdoors,valid,141186,4,4.120404295991868,4,4,4
amazon-sports-and-outdoors,valid,141782,4,0.11033007161264075,3,3,3
amazon-sports-and-outdoors,valid,141791,6,1.547911316690024,5,5,6
amazon-sports-and-outdoors,valid,142228,4,0.40667351939499674,3,3,3
amazon-sports-and-outdoors,valid,142271,3,2.0119246460705043,3,3,3
amazon-sports-and-outdoors,valid,142320,2,0.449668860429697,1,2,2
amazon-sports-and-outdoors,valid,142353,11,12.167458404833408,1,3,6
amazon-sports-and-outdoors,valid,142652,4,7.279051917942257,2,3,3
amazon-sports-and-outdoors,valid,143872,3,0.23823359802734467,1,1,1
amazon-sports-and-outdoors,valid,144098,4,13.614775511466469,3,4,4
amazon-sports-and-outdoors,valid,144316,2,1.8660958203864393,2,2,2
amazon-sports-and-outdoors,valid,144347,6,2.4373055322453827,4,4,4
amazon-sports-and-outdoors,valid,144501,4,0.936917009776703,2,2,2
amazon-sports-and-outdoors,valid,144633,3,0.6160578536985237,2,2,2
amazon-sports-and-outdoors,valid,145511,5,0.38604026015342907,3,3,3
amazon-sports-and-outdoors,valid,146038,3,2.7628847175390767,3,3,3
amazon-sports-and-outdoors,valid,146460,2,1.3288168945615182,2,2,2
amazon-sports-and-outdoors,valid,146744,8,3.099392096822522,5,7,8
amazon-sports-and-outdoors,valid,146777,2,0.2927340681005408,1,1,1
amazon-sports-and-outdoors,valid,146960,26,12.223552087982792,7,20,24
amazon-sports-and-outdoors,valid,147048,4,1.3741646502577438,4,4,4
amazon-sports-and-outdoors,valid,147135,4,0.9858338323964693,2,4,4
amazon-sports-and-outdoors,valid,147547,5,0.5367664911894153,5,5,5
amazon-sports-and-outdoors,valid,147833,3,3.3389238978392757,3,3,3
amazon-sports-and-outdoors,valid,148160,4,2.599731979635316,3,4,4
amazon-sports-and-outdoors,valid,148302,4,1.2496233400560914,3,4,4
amazon-sports-and-outdoors,valid,148699,3,0.26116481666352315,3,3,3
amazon-sports-and-outdoors,valid,148892,8,1.0976997540128708,2,6,6
amazon-sports-and-outdoors,valid,149475,9,11.901812395525521,5,6,6
amazon-sports-and-outdoors,valid,149503,8,0.31553945806171235,3,3,5
amazon-sports-and-outdoors,valid,150085,5,0.2668786545002322,1,1,1
amazon-sports-and-outdoors,valid,150335,8,10.297296282780387,6,7,7
amazon-sports-and-outdoors,valid,150641,3,6.344035952107385,1,2,2
amazon-sports-and-outdoors,valid,150879,2,0.21324550350833338,1,1,1
amazon-sports-and-outdoors,valid,150926,15,7.409289222628595,3,10,10
amazon-sports-and-outdoors,valid,151028,14,11.02690922875349,5,13,13
amazon-sports-and-outdoors,valid,151481,14,7.395333474405959,5,14,14
amazon-sports-and-outdoors,valid,152049,4,8.029544625760803,2,3,4
amazon-sports-and-outdoors,valid,153757,5,1.468055179046142,1,4,5
amazon-sports-and-outdoors,valid,153770,12,1.270019282715753,7,9,9
amazon-sports-and-outdoors,valid,154206,1,4.0893558060879664,1,1,1
amazon-sports-and-outdoors,valid,154445,5,2.0047551872276492,2,3,4
amazon-sports-and-outdoors,valid,154628,1,0.9582606987747433,1,1,1
amazon-sports-and-outdoors,valid,154884,3,0.2928244744174575,2,2,2
amazon-sports-and-outdoors,valid,156734,6,0.35270279861741777,3,3,6
amazon-sports-and-outdoors,valid,156748,10,5.715583841747708,7,9,9
amazon-sports-and-outdoors,valid,157384,14,8.033999648155534,6,10,13
amazon-sports-and-outdoors,valid,157504,4,0.5786986327894988,1,1,1
amazon-sports-and-outdoors,valid,157551,2,1.1210549835623076,1,1,2
amazon-sports-and-outdoors,valid,158823,5,0.9639919834445416,2,3,3
amazon-sports-and-outdoors,valid,158901,5,0.6622043307004917,3,3,3
amazon-sports-and-outdoors,valid,159019,4,1.3684082527221355,2,2,4
amazon-sports-and-outdoors,valid,159314,2,0.15235579168111213,2,2,2
amazon-sports-and-outdoors,valid,159745,31,14.532133035274457,9,20,27
amazon-sports-and-outdoors,valid,159790,4,3.5605880270050543,3,3,3
amazon-sports-and-outdoors,valid,159932,3,3.3495233115463803,2,2,3
amazon-sports-and-outdoors,valid,160747,3,2.3100024676694986,2,2,2
amazon-sports-and-outdoors,valid,161009,5,8.572665068519132,2,4,5
amazon-sports-and-outdoors,valid,161935,2,2.7012923741610813,1,2,2
amazon-sports-and-outdoors,valid,162081,5,3.162079361149842,5,5,5
amazon-sports-and-outdoors,valid,162754,5,2.6982689172905125,1,4,4
amazon-sports-and-outdoors,valid,162843,5,4.017057054977219,2,2,3
amazon-sports-and-outdoors,valid,163165,2,1.1894391675851588,1,1,1
amazon-sports-and-outdoors,valid,163975,7,0.8635345724197554,1,2,2
amazon-sports-and-outdoors,valid,164386,4,5.183831728995698,1,1,1
amazon-sports-and-outdoors,valid,164953,13,10.881168562445719,3,6,9
amazon-sports-and-outdoors,valid,165196,5,5.248593448211918,2,5,5
amazon-sports-and-outdoors,valid,165886,4,3.549741119396741,4,4,4
amazon-sports-and-outdoors,valid,166383,3,0.0488331571247249,2,2,2
amazon-sports-and-outdoors,valid,166490,6,9.384410963854258,2,6,6
amazon-sports-and-outdoors,valid,166522,4,1.261984685645737,4,4,4
amazon-sports-and-outdoors,valid,166986,3,0.6912681111675196,2,3,3
amazon-sports-and-outdoors,valid,167250,3,0.7872239749093393,2,3,3
amazon-sports-and-outdoors,valid,168277,15,12.758588699236821,8,11,13
amazon-sports-and-outdoors,valid,168353,3,1.2062507773423266,3,3,3
amazon-sports-and-outdoors,valid,168393,2,3.2300543376329647,2,2,2
amazon-sports-and-outdoors,valid,168646,4,3.944761343844962,1,2,2
amazon-sports-and-outdoors,valid,170197,11,4.992092090729347,2,7,9
amazon-sports-and-outdoors,valid,171278,4,1.2663910683845807,4,4,4
amazon-sports-and-outdoors,valid,171283,7,1.6512727002133138,3,3,7
amazon-sports-and-outdoors,valid,171447,4,0.5727869320048011,3,3,3
amazon-sports-and-outdoors,valid,171910,3,1.2007119365284213,3,3,3
amazon-sports-and-outdoors,valid,172095,3,3.1939618625445965,1,1,1
amazon-sports-and-outdoors,valid,172534,11,2.484856347138052,2,2,9
amazon-sports-and-outdoors,valid,172539,2,0.3974644993294204,1,1,1
amazon-sports-and-outdoors,valid,173209,1,2.426252302618492,1,1,1
amazon-sports-and-outdoors,valid,173421,2,0.38278087451722165,2,2,2
amazon-sports-and-outdoors,valid,173480,2,1.01916230616998,1,2,2
amazon-sports-and-outdoors,valid,173511,13,14.75368415654409,4,10,11
amazon-sports-and-outdoors,valid,174468,6,3.041359303913655,5,6,6
amazon-sports-and-outdoors,valid,174667,3,4.555778781029424,2,3,3
amazon-sports-and-outdoors,valid,175036,4,0.8710688286817476,4,4,4
amazon-sports-and-outdoors,valid,175434,3,5.876279748337363,2,3,3
amazon-sports-and-outdoors,valid,175990,4,1.294685073428037,1,2,2
amazon-sports-and-outdoors,valid,176033,3,2.0160385300091477,1,3,3
amazon-sports-and-outdoors,valid,176170,4,0.7276608832617858,4,4,4
amazon-sports-and-outdoors,valid,176667,3,0.16319238979714484,2,2,2
amazon-sports-and-outdoors,valid,176703,5,4.252845717258474,1,2,3
amazon-sports-and-outdoors,valid,177047,3,1.1456090220217365,1,3,3
amazon-sports-and-outdoors,valid,177179,8,9.916922674710538,6,8,8
amazon-sports-and-outdoors,valid,177832,3,0.5985552436126417,3,3,3
amazon-sports-and-outdoors,valid,178345,3,1.525506410852036,3,3,3
amazon-sports-and-outdoors,valid,178407,6,1.0799531526096962,1,4,4
amazon-sports-and-outdoors,valid,178563,4,2.700382098861951,3,3,3
amazon-sports-and-outdoors,valid,178579,5,1.9940744210526176,4,5,5
amazon-sports-and-outdoors,valid,178723,6,2.1590088506991223,6,6,6
amazon-sports-and-outdoors,valid,179081,5,2.2865819446689546,3,5,5
amazon-sports-and-outdoors,valid,179115,5,2.0196892798330603,4,5,5
amazon-sports-and-outdoors,valid,179443,3,5.989716413623704,2,3,3
amazon-sports-and-outdoors,valid,179674,3,3.5157112036292584,2,2,2
amazon-sports-and-outdoors,valid,179686,4,3.571542919936351,3,3,4
amazon-sports-and-outdoors,valid,179822,1,0.04439981109837987,1,1,1
amazon-sports-and-outdoors,valid,179957,15,11.411658951950233,4,6,7
amazon-sports-and-outdoors,valid,180343,7,3.778211496061972,2,7,7
amazon-sports-and-outdoors,valid,180628,3,1.7250971240085209,3,3,3
amazon-sports-and-outdoors,valid,180859,3,2.4682844991628823,3,3,3
amazon-sports-and-outdoors,valid,181598,10,4.05921666627235,4,10,10
amazon-sports-and-outdoors,valid,181707,10,3.6008870392896073,3,7,7
amazon-sports-and-outdoors,valid,181778,3,1.8651852807413531,1,3,3
amazon-sports-and-outdoors,valid,181919,16,20.525492003997442,7,14,14
amazon-sports-and-outdoors,valid,182809,4,1.7131486868019863,2,4,4
amazon-sports-and-outdoors,valid,182831,4,3.834715840653844,2,2,3
amazon-sports-and-outdoors,valid,182852,3,1.2829520781755583,2,2,2
amazon-sports-and-outdoors,valid,182905,6,6.901466498842231,4,5,5
amazon-sports-and-outdoors,valid,183039,3,5.055579398092188,2,3,3
amazon-sports-and-outdoors,valid,183215,8,3.5985087187244043,1,7,7
amazon-sports-and-outdoors,valid,183741,10,3.805236111825212,4,8,10
amazon-sports-and-outdoors,valid,183874,4,1.865592770032368,3,3,4
amazon-sports-and-outdoors,valid,184359,3,2.1856598134537024,2,2,2
amazon-sports-and-outdoors,valid,184971,2,1.9484295405019636,2,2,2
amazon-sports-and-outdoors,valid,185720,3,2.818039311680139,1,1,1
amazon-sports-and-outdoors,valid,186256,8,7.518493444815073,7,8,8
amazon-sports-and-outdoors,valid,186348,8,4.483095142206889,5,5,6
amazon-sports-and-outdoors,valid,186367,9,19.53059877134643,5,6,7
amazon-sports-and-outdoors,valid,186981,5,0.9174454188383236,2,3,3
amazon-sports-and-outdoors,valid,187291,11,2.0633120459940817,1,1,7
amazon-sports-and-outdoors,valid,188902,2,2.7670801522051143,1,1,1
amazon-sports-and-outdoors,valid,189759,2,2.145351416887715,2,2,2
amazon-sports-and-outdoors,valid,189938,14,9.791804032941208,7,9,11
amazon-sports-and-outdoors,valid,189984,3,6.669382380786914,1,1,1
amazon-sports-and-outdoors,valid,190274,1,8.701848558052289,1,1,1
amazon-sports-and-outdoors,valid,190400,6,1.0472157563935705,5,5,5
amazon-sports-and-outdoors,valid,192112,3,0.5442301670811831,3,3,3
amazon-sports-and-outdoors,valid,192137,3,1.8578014373282659,3,3,3
amazon-sports-and-outdoors,valid,193390,18,9.869018693620792,9,15,17
amazon-sports-and-outdoors,valid,193595,6,5.259277518711397,3,5,6
amazon-sports-and-outdoors,valid,194036,4,0.44464285077023147,2,4,4
amazon-sports-and-outdoors,valid,194513,3,1.1326671727129414,1,1,1
amazon-sports-and-outdoors,valid,194763,2,0.4916616694266588,1,1,1
amazon-sports-and-outdoors,valid,195320,4,3.6498965151669154,2,4,4
amazon-sports-and-outdoors,valid,195368,3,0.1938036514899926,2,2,2
amazon-sports-and-outdoors,valid,195598,8,0.5992899931970568,5,5,5
amazon-sports-and-outdoors,valid,195605,5,0.30111251317268944,1,1,1
amazon-sports-and-outdoors,valid,195625,5,11.174557415479015,3,4,5
amazon-sports-and-outdoors,valid,195628,10,4.212962521162546,9,10,10
amazon-sports-and-outdoors,valid,195880,3,0.7505721437782941,2,3,3
amazon-sports-and-outdoors,valid,196802,3,3.205410818067465,1,3,3
amazon-sports-and-outdoors,valid,197630,7,0.4064249020234758,4,4,4
amazon-sports-and-outdoors,valid,197763,4,3.1242905780624843,2,3,4
amazon-sports-and-outdoors,valid,197945,6,1.605558825368171,4,4,6
amazon-sports-and-outdoors,valid,198218,9,17.81079411772092,5,6,7
amazon-sports-and-outdoors,valid,198469,3,7.697850721988282,2,3,3
amazon-sports-and-outdoors,valid,199320,3,1.746274275054346,3,3,3
amazon-sports-and-outdoors,valid,199502,19,12.046481799847022,15,18,18
amazon-sports-and-outdoors,valid,199650,2,0.1722519222246615,1,1,2
amazon-sports-and-outdoors,valid,199714,3,2.0043815342189895,2,3,3
amazon-sports-and-outdoors,valid,199838,5,12.510065963568106,3,5,5
amazon-sports-and-outdoors,valid,199886,3,4.908960442345949,1,3,3
amazon-sports-and-outdoors,valid,200314,2,1.21887382542831,1,1,1
amazon-sports-and-outdoors,valid,200841,8,1.6962358325437101,2,8,8
amazon-sports-and-outdoors,valid,200887,5,2.162979326956692,3,4,4
amazon-sports-and-outdoors,valid,200925,4,0.10374230604573742,1,1,1
amazon-sports-and-outdoors,valid,200944,2,1.4601168699905616,2,2,2
amazon-sports-and-outdoors,valid,201316,2,1.9729975892970553,1,1,1
amazon-sports-and-outdoors,valid,201536,4,1.0942717156568014,3,3,3
amazon-sports-and-outdoors,valid,201604,6,3.3161556484849077,5,6,6
amazon-sports-and-outdoors,valid,201727,4,0.7333510621354422,2,2,4
amazon-sports-and-outdoors,valid,202111,1,6.017779248128728,1,1,1
amazon-sports-and-outdoors,valid,202148,4,0.8664340510370094,4,4,4
amazon-sports-and-outdoors,valid,203068,5,3.7096158352744033,5,5,5
amazon-sports-and-outdoors,valid,203219,3,1.8958357978086515,3,3,3
amazon-sports-and-outdoors,valid,203320,4,3.9899699213954083,2,3,4
amazon-sports-and-outdoors,valid,203508,9,6.7188539333951285,4,8,9
amazon-sports-and-outdoors,valid,203990,4,2.084732130973376,1,4,4
amazon-sports-and-outdoors,valid,204260,4,1.8430321644263565,3,3,3
amazon-sports-and-outdoors,valid,204262,3,1.147390052899591,2,3,3
amazon-sports-and-outdoors,valid,204277,6,1.7397736114799105,6,6,6
amazon-sports-and-outdoors,valid,204849,4,3.1775089702495816,2,4,4
amazon-sports-and-outdoors,valid,205410,7,5.856447060823228,3,5,7
amazon-sports-and-outdoors,valid,205580,5,3.1970898682407234,2,2,2
amazon-sports-and-outdoors,valid,205963,9,3.106543183621442,4,5,9
amazon-sports-and-outdoors,valid,205968,8,2.377788833313089,3,5,5
amazon-sports-and-outdoors,valid,205982,2,0.3590300512447853,2,2,2
amazon-sports-and-outdoors,valid,206082,1,0.35723791783678305,1,1,1
amazon-sports-and-outdoors,valid,206187,3,8.638665909403619,3,3,3
amazon-sports-and-outdoors,valid,206270,7,8.255323828422028,2,5,5
amazon-sports-and-outdoors,valid,206854,14,4.845281087646148,3,13,14
amazon-sports-and-outdoors,valid,207317,7,2.4603003260839538,1,7,7
amazon-sports-and-outdoors,valid,207785,4,2.164687001831785,3,3,3
amazon-sports-and-outdoors,valid,208169,3,1.9996642806360112,1,1,1
amazon-sports-and-outdoors,valid,209524,58,21.704933343184628,25,41,49
amazon-sports-and-outdoors,valid,209549,14,7.343693756267477,8,12,12
amazon-sports-and-outdoors,valid,209996,4,0.4157586933802353,1,1,1
amazon-sports-and-outdoors,valid,210675,4,0.7073279210261169,3,3,3
amazon-sports-and-outdoors,valid,211109,4,2.174842116073516,3,3,3
amazon-sports-and-outdoors,valid,211212,27,10.644820940640718,10,20,25
amazon-sports-and-outdoors,valid,211552,6,8.30962035559025,5,6,6
amazon-sports-and-outdoors,valid,211563,2,8.064245451564354,1,1,1
amazon-sports-and-outdoors,valid,212546,7,0.3676531484991164,5,5,5
amazon-sports-and-outdoors,valid,212731,3,2.264354414967374,3,3,3
amazon-sports-and-outdoors,valid,212964,1,1.6578156591406932,1,1,1
amazon-sports-and-outdoors,valid,213030,4,1.394809540721371,4,4,4
amazon-sports-and-outdoors,valid,213060,3,4.6698448540367545,2,3,3
amazon-sports-and-outdoors,valid,213111,4,1.9059385715511146,2,2,4
amazon-sports-and-outdoors,valid,213164,27,14.687233002323733,10,14,23
amazon-sports-and-outdoors,valid,213277,3,0.7229478592141021,1,1,1
amazon-sports-and-outdoors,valid,213560,2,1.8410602757683447,1,1,1
amazon-sports-and-outdoors,valid,214289,7,2.8656645399593934,5,7,7
amazon-sports-and-outdoors,valid,214361,2,1.2950426013333873,2,2,2
amazon-sports-and-outdoors,valid,214383,4,1.2627145448299681,1,3,3
amazon-sports-and-outdoors,valid,214959,7,1.2297869516985749,7,7,7
amazon-sports-and-outdoors,valid,215223,6,6.899069938406071,6,6,6
amazon-sports-and-outdoors,valid,215737,4,8.273962729599333,2,3,3
amazon-sports-and-outdoors,valid,217592,2,0.400966554553141,1,1,1
amazon-sports-and-outdoors,valid,217634,4,2.9831386932031236,3,3,3
amazon-sports-and-outdoors,valid,217732,6,4.3334654181959635,3,4,5
amazon-sports-and-outdoors,valid,217846,2,0.08957098369606664,1,1,1
amazon-sports-and-outdoors,valid,217878,3,0.30019007795958763,3,3,3
amazon-sports-and-outdoors,valid,218235,6,4.109686917901944,3,5,6
amazon-sports-and-outdoors,valid,218280,4,1.224246656981912,4,4,4
amazon-sports-and-outdoors,valid,218398,3,5.201065234898477,2,3,3
amazon-sports-and-outdoors,valid,219246,10,7.796565828817753,5,7,7
amazon-sports-and-outdoors,valid,219317,4,1.51380672319,3,3,3
amazon-sports-and-outdoors,valid,219465,3,0.6383875531120591,1,1,1
amazon-sports-and-outdoors,valid,219673,37,30.027922731148397,25,33,37
amazon-sports-and-outdoors,valid,220845,33,28.13515453598495,20,28,31
amazon-sports-and-outdoors,valid,222564,8,2.9043885129522247,3,6,7
amazon-sports-and-outdoors,valid,222671,3,5.260831608586115,2,3,3
amazon-sports-and-outdoors,valid,222830,4,2.7336163333021846,2,4,4
amazon-sports-and-outdoors,valid,222933,4,0.0558380606100338,3,3,3
amazon-sports-and-outdoors,valid,223108,7,5.121493269157185,5,7,7
amazon-sports-and-outdoors,valid,223121,5,0.8571660818232681,5,5,5
amazon-sports-and-outdoors,valid,224224,5,0.062273827252296965,2,2,2
amazon-sports-and-outdoors,valid,224302,3,0.049736691601980104,3,3,3
amazon-sports-and-outdoors,valid,224314,7,6.140585259302895,4,4,4
amazon-sports-and-outdoors,valid,224705,1,0.6624068197027086,1,1,1
amazon-sports-and-outdoors,valid,224833,5,5.064545484224296,3,4,4
amazon-sports-and-outdoors,valid,225102,3,9.414075338333085,1,1,2
amazon-sports-and-outdoors,valid,225504,4,2.2955518638174226,3,3,3
amazon-sports-and-outdoors,valid,225765,4,4.430218945859702,1,1,2
amazon-sports-and-outdoors,valid,225792,17,2.4948683180446647,4,16,17
amazon-sports-and-outdoors,valid,226101,6,3.2856148349893064,5,6,6
amazon-sports-and-outdoors,valid,226785,3,44.11075328948803,2,3,3
amazon-sports-and-outdoors,valid,226891,5,1.8054765344721007,3,3,4
amazon-sports-and-outdoors,valid,227418,7,2.294980083514818,5,5,7
amazon-sports-and-outdoors,valid,227501,3,9.393162665416135,2,2,3
amazon-sports-and-outdoors,valid,228938,5,3.248085110938728,3,5,5
amazon-sports-and-outdoors,valid,228962,3,3.66253106230198,2,2,2
amazon-sports-and-outdoors,valid,229066,7,4.2991116786325065,1,5,5
amazon-sports-and-outdoors,valid,229146,4,1.203107175234802,4,4,4
amazon-sports-and-outdoors,valid,229382,6,0.25160580255233944,3,3,3
amazon-sports-and-outdoors,valid,229852,7,5.615540396489855,5,6,7
amazon-sports-and-outdoors,valid,229941,3,0.7045319338505966,1,1,1
amazon-sports-and-outdoors,valid,230573,26,0.5096321057679891,16,16,16
amazon-sports-and-outdoors,valid,231169,7,7.809867320799546,4,6,6
amazon-sports-and-outdoors,valid,231333,4,6.06468505888901,2,3,3
amazon-sports-and-outdoors,valid,231719,5,3.260213171222295,4,5,5
amazon-sports-and-outdoors,valid,232154,5,0.5224972286630848,1,1,3
amazon-sports-and-outdoors,valid,232434,17,9.610253213025963,10,14,15
amazon-sports-and-outdoors,valid,232688,4,0.6814217530022761,4,4,4
amazon-sports-and-outdoors,valid,233136,4,1.7260445399144548,3,3,3
amazon-sports-and-outdoors,valid,233858,3,5.986778604842844,2,2,2
amazon-sports-and-outdoors,valid,234146,47,33.84670300454292,16,37,45
amazon-sports-and-outdoors,valid,234452,6,1.7130705725720188,1,5,5
amazon-sports-and-outdoors,valid,234773,6,4.2127616182360645,3,6,6
amazon-sports-and-outdoors,valid,235070,3,1.2541970537850178,2,2,3
amazon-sports-and-outdoors,valid,235728,5,0.8852004991380338,2,2,2
amazon-sports-and-outdoors,valid,235743,12,6.337480106314657,10,11,12
amazon-sports-and-outdoors,valid,235843,14,14.780160915313731,7,8,11
amazon-sports-and-outdoors,valid,237007,47,24.968131112421972,24,45,46
amazon-sports-and-outdoors,valid,237153,4,2.5602956603778324,1,2,2
amazon-sports-and-outdoors,valid,238324,7,11.239701246774484,5,7,7
amazon-sports-and-outdoors,valid,238817,4,0.9843196587610925,1,3,3
amazon-sports-and-outdoors,valid,238819,7,4.143710555452975,4,6,7
amazon-sports-and-outdoors,valid,238910,6,8.887865767238363,1,4,5
amazon-sports-and-outdoors,valid,239360,5,2.0992851688833616,1,3,3
amazon-sports-and-outdoors,valid,239526,3,1.694601910190312,1,2,2
amazon-sports-and-outdoors,valid,239769,6,2.6464668907351108,2,5,6
amazon-sports-and-outdoors,valid,240068,3,0.1185321979322066,1,1,1
amazon-sports-and-outdoors,valid,240453,14,3.9854837061778836,4,13,14
amazon-sports-and-outdoors,valid,240651,5,0.2768069599118036,2,2,2
amazon-sports-and-outdoors,valid,241019,3,4.7539442729646915,1,2,2
amazon-sports-and-outdoors,valid,241040,18,39.890223204473045,6,8,10
amazon-sports-and-outdoors,valid,241337,5,4.353135532947221,3,4,4
amazon-sports-and-outdoors,valid,242513,5,2.74510798069693,2,3,3
amazon-sports-and-outdoors,valid,242544,5,1.2923382100315852,2,2,2
amazon-sports-and-outdoors,valid,243035,3,1.5437431096574434,2,3,3
amazon-sports-and-outdoors,valid,243233,4,3.0601578700483207,3,3,3
amazon-sports-and-outdoors,valid,243314,5,0.487609113749783,5,5,5
amazon-sports-and-outdoors,valid,244113,6,3.3214404528351964,4,5,6
amazon-sports-and-outdoors,valid,244360,4,6.9101595156018965,2,2,3
amazon-sports-and-outdoors,valid,246040,5,1.3121915165302795,2,3,3
amazon-sports-and-outdoors,valid,246260,3,0.8643615787427786,2,2,2
amazon-sports-and-outdoors,valid,246785,5,0.9672378874369982,3,3,3
amazon-sports-and-outdoors,valid,247282,11,6.277858792470317,7,9,9
amazon-sports-and-outdoors,valid,247397,8,3.7833404684712595,5,7,7
amazon-sports-and-outdoors,valid,247966,3,2.9281879097940573,3,3,3
amazon-sports-and-outdoors,valid,249695,5,4.846017291133321,3,5,5
amazon-sports-and-outdoors,valid,249779,2,1.6345134309554137,1,1,1
amazon-sports-and-outdoors,valid,250189,14,6.043769213820588,1,4,8
amazon-sports-and-outdoors,valid,250517,3,4.21120607445859,1,2,2
amazon-sports-and-outdoors,valid,251173,13,16.95119235226002,8,11,12
amazon-sports-and-outdoors,valid,251201,3,0.3012156080954892,1,1,1
amazon-sports-and-outdoors,valid,251933,24,29.817877399782155,14,18,21
amazon-sports-and-outdoors,valid,251942,16,8.169710896723604,8,14,14
amazon-sports-and-outdoors,valid,252052,3,0.5102873533061683,1,1,2
amazon-sports-and-outdoors,valid,252320,3,6.359434104038373,3,3,3
amazon-sports-and-outdoors,valid,252635,7,2.8790573634689487,2,6,6
amazon-sports-and-outdoors,valid,253068,5,1.8505586224826498,2,3,3
amazon-sports-and-outdoors,valid,253131,5,3.5152326052761076,2,3,3
amazon-sports-and-outdoors,valid,253175,2,1.0055209974618822,1,1,1
amazon-sports-and-outdoors,valid,253521,2,0.6478244393916184,1,2,2
amazon-sports-and-outdoors,valid,254862,9,8.734315792701487,3,6,7
amazon-sports-and-outdoors,valid,255070,4,4.41072237422849,2,2,2
amazon-sports-and-outdoors,valid,255290,4,14.612836137361032,1,3,3
amazon-sports-and-outdoors,valid,255572,3,1.7299457575315795,1,2,2
amazon-sports-and-outdoors,valid,255580,1,4.733958132623159,1,1,1
amazon-sports-and-outdoors,valid,255900,19,2.8244717739979537,18,19,19
amazon-sports-and-outdoors,valid,256493,11,8.371349233654465,7,9,9
amazon-sports-and-outdoors,valid,257833,15,8.947652627737583,5,7,8
amazon-sports-and-outdoors,valid,257872,7,1.565723211544305,7,7,7
amazon-sports-and-outdoors,valid,258150,5,3.359985397529396,3,5,5
amazon-sports-and-outdoors,valid,258425,2,0.08664705307789233,1,1,1
amazon-sports-and-outdoors,valid,258764,4,5.148573133225207,2,3,3
amazon-sports-and-outdoors,valid,258982,3,0.7828076791971497,2,2,2
amazon-sports-and-outdoors,valid,259472,4,4.586260909722816,1,2,3
amazon-sports-and-outdoors,valid,259628,1,2.3635391323874946,1,1,1
amazon-sports-and-outdoors,valid,259642,3,1.17695305070433,1,3,3
amazon-sports-and-outdoors,valid,259673,10,1.6374612848825967,2,7,7
amazon-sports-and-outdoors,valid,259759,3,2.3564374782823276,2,2,2
amazon-sports-and-outdoors,valid,259803,4,5.06331019557239,1,2,3
amazon-sports-and-outdoors,valid,260051,3,1.216783377609078,1,1,1
amazon-sports-and-outdoors,valid,260060,3,1.616292857253316,3,3,3
amazon-sports-and-outdoors,valid,260114,6,2.701870102247694,5,6,6
amazon-sports-and-outdoors,valid,260200,3,0.17744129768487132,2,2,2
amazon-sports-and-outdoors,valid,260290,3,8.822041112933483,1,3,3
amazon-sports-and-outdoors,valid,261576,7,19.399833699959146,1,5,6
amazon-sports-and-outdoors,valid,261751,4,0.5813653547925856,4,4,4
amazon-sports-and-outdoors,valid,262041,6,1.1639596539341353,1,2,4
amazon-sports-and-outdoors,valid,262170,7,0.9254632960266291,3,6,6
amazon-sports-and-outdoors,valid,262438,4,3.2705066705719377,3,4,4
amazon-sports-and-outdoors,valid,262839,5,1.0552524021447445,3,3,3
amazon-sports-and-outdoors,valid,262847,3,0.9415484830969926,3,3,3
amazon-sports-and-outdoors,valid,263754,3,0.3272606899191538,1,1,1
amazon-sports-and-outdoors,valid,263970,4,0.9120760237821484,1,1,4
amazon-sports-and-outdoors,valid,264438,5,0.5250217325418991,2,2,2
amazon-sports-and-outdoors,valid,264697,4,3.7729453281015743,1,1,1
amazon-sports-and-outdoors,valid,264950,47,14.99601670296357,27,34,37
amazon-sports-and-outdoors,valid,265754,6,1.8441829945453534,5,6,6
amazon-sports-and-outdoors,valid,266075,3,0.5905541523925358,1,1,1
amazon-sports-and-outdoors,valid,266165,15,7.4807800003251455,2,7,7
amazon-sports-and-outdoors,valid,266617,6,2.4160017594866825,5,6,6
amazon-sports-and-outdoors,valid,266711,3,4.385590607682449,2,2,3
amazon-sports-and-outdoors,valid,267396,5,1.0963435270861421,2,3,3
amazon-sports-and-outdoors,valid,268723,4,0.6624419777148429,3,3,3
amazon-sports-and-outdoors,valid,268973,2,8.399315185366653,1,2,2
amazon-sports-and-outdoors,valid,269293,3,1.6196844158674717,2,3,3
amazon-sports-and-outdoors,valid,269605,11,6.7684295061369895,5,11,11
amazon-sports-and-outdoors,valid,269807,6,2.53583718298146,6,6,6
amazon-sports-and-outdoors,valid,270186,24,18.477961543743376,7,16,21
amazon-sports-and-outdoors,valid,270210,3,1.1141062535926267,2,2,2
amazon-sports-and-outdoors,valid,270862,7,4.819960776347064,3,4,5
amazon-sports-and-outdoors,valid,270937,7,6.389528701560422,4,4,4
amazon-sports-and-outdoors,valid,271118,3,0.48569101949379606,2,2,2
amazon-sports-and-outdoors,valid,271180,4,3.512323213685507,1,2,2
amazon-sports-and-outdoors,valid,271323,3,6.3817612921653275,2,2,3
amazon-sports-and-outdoors,valid,272004,4,0.7897767638054345,3,3,3
amazon-sports-and-outdoors,valid,272080,4,0.3714080506296522,4,4,4
amazon-sports-and-outdoors,valid,272336,6,12.460158636651594,1,2,5
amazon-sports-and-outdoors,valid,272757,2,0.6740486156004031,2,2,2
amazon-sports-and-outdoors,valid,273050,4,4.697559809263819,1,2,3
amazon-sports-and-outdoors,valid,273202,3,13.368202062876536,1,1,1
amazon-sports-and-outdoors,valid,273800,4,0.33998921204153987,2,2,2
amazon-sports-and-outdoors,valid,273875,3,45.542720355154074,2,3,3
amazon-sports-and-outdoors,valid,274386,5,3.1598230362432846,3,4,5
amazon-sports-and-outdoors,valid,274429,11,13.801866361752419,3,3,6
amazon-sports-and-outdoors,valid,274979,4,0.5013465122128493,4,4,4
amazon-sports-and-outdoors,valid,275214,5,4.565062743173497,5,5,5
amazon-sports-and-outdoors,valid,276009,2,1.7483841523013366,1,1,2
amazon-sports-and-outdoors,valid,276121,5,0.31880386627108176,2,2,2
amazon-sports-and-outdoors,valid,276264,8,17.17230399837797,4,7,8
amazon-sports-and-outdoors,valid,276562,3,0.21478214654996142,3,3,3
amazon-sports-and-outdoors,valid,276769,5,0.6212211910820776,3,3,3
amazon-sports-and-outdoors,valid,276804,3,1.5175917607595082,1,3,3
amazon-sports-and-outdoors,valid,276827,4,0.20044402190211982,3,3,3
amazon-sports-and-outdoors,valid,277051,2,6.447014562686537,1,1,1
amazon-sports-and-outdoors,valid,277162,8,22.788253602407558,2,6,7
amazon-sports-and-outdoors,valid,277283,9,8.333409509026291,4,9,9
amazon-sports-and-outdoors,valid,277520,7,1.397311046502022,2,6,6
amazon-sports-and-outdoors,valid,277613,11,8.348052953253195,5,8,9
amazon-sports-and-outdoors,valid,277689,7,3.0232145975008997,4,6,6
amazon-sports-and-outdoors,valid,277777,5,15.63169015005995,4,5,5
amazon-sports-and-outdoors,valid,278242,12,8.27245595765072,6,9,10
amazon-sports-and-outdoors,valid,278460,17,1.5520382857534845,9,9,9
amazon-sports-and-outdoors,valid,278472,7,3.720850670572995,3,5,5
amazon-sports-and-outdoors,valid,278745,3,1.0144264161971113,1,3,3
amazon-sports-and-outdoors,valid,279149,5,6.106996140416871,2,3,3
amazon-sports-and-outdoors,valid,279211,5,2.1935514654480675,1,2,2
amazon-sports-and-outdoors,valid,279490,13,1.7335018715032813,4,4,11
amazon-sports-and-outdoors,valid,279734,3,1.4283763884606118,1,3,3
amazon-sports-and-outdoors,valid,279926,62,16.842549733056845,21,48,57
amazon-sports-and-outdoors,valid,280137,2,6.605511375269088,1,2,2
amazon-sports-and-outdoors,valid,280413,16,13.515123826915255,10,15,15
amazon-sports-and-outdoors,valid,280459,5,3.2366405171241333,4,4,4
amazon-sports-and-outdoors,valid,280671,2,3.6513451310052294,1,1,2
amazon-sports-and-outdoors,valid,280918,2,8.438713570979466,2,2,2
amazon-sports-and-outdoors,valid,281317,3,0.16319926279199826,1,1,1
amazon-sports-and-outdoors,valid,281500,5,2.6917283374767362,2,3,4
amazon-sports-and-outdoors,valid,281636,3,0.5974593974524716,3,3,3
amazon-sports-and-outdoors,valid,282355,3,5.1437600542332165,1,2,3
amazon-sports-and-outdoors,valid,282633,9,5.461987514147465,2,6,7
amazon-sports-and-outdoors,valid,282719,7,4.208470754679947,1,2,3
amazon-sports-and-outdoors,valid,282844,4,2.2276872517708863,1,2,2
amazon-sports-and-outdoors,valid,283104,3,2.536350278481856,1,1,1
amazon-sports-and-outdoors,valid,283263,7,6.341797470552852,4,6,7
amazon-sports-and-outdoors,valid,283315,5,2.1910377997534445,1,2,2
amazon-sports-and-outdoors,valid,283538,1,0.48896732327118075,1,1,1
amazon-sports-and-outdoors,valid,284292,5,1.7229682138527063,3,3,3
amazon-sports-and-outdoors,valid,284609,3,0.761793233087179,1,1,2
amazon-sports-and-outdoors,valid,284785,4,13.439735135926028,1,1,1
amazon-sports-and-outdoors,valid,284819,5,0.7520699279644053,2,2,2
amazon-sports-and-outdoors,valid,284820,4,1.6976659441651116,2,2,2
amazon-sports-and-outdoors,valid,285152,5,3.612455082665607,1,2,2
amazon-sports-and-outdoors,valid,285717,8,3.890791812624184,3,8,8
amazon-sports-and-outdoors,valid,285836,3,0.9501411144799066,2,2,2
amazon-sports-and-outdoors,valid,285840,3,1.9731884470772125,1,2,3
amazon-sports-and-outdoors,valid,286414,11,2.805623510823579,9,10,11
amazon-sports-and-outdoors,valid,286579,3,1.368301721301909,3,3,3
amazon-sports-and-outdoors,valid,287007,3,2.090342213022396,2,2,3
amazon-sports-and-outdoors,valid,287249,3,0.012868361133055561,3,3,3
amazon-sports-and-outdoors,valid,287422,3,1.5363608523200918,1,1,2
amazon-sports-and-outdoors,valid,287554,6,2.7888956987344304,1,2,2
amazon-sports-and-outdoors,valid,287666,3,2.4024310311488093,2,2,2
amazon-sports-and-outdoors,valid,287794,4,0.6888694359637122,2,2,2
amazon-sports-and-outdoors,valid,288151,6,3.7248346284743152,4,5,5
amazon-sports-and-outdoors,valid,288910,6,3.7395319992762204,5,6,6
amazon-sports-and-outdoors,valid,289204,6,2.9637429695540867,3,6,6
amazon-sports-and-outdoors,valid,289957,3,1.191026300704363,2,2,2
amazon-sports-and-outdoors,valid,290529,11,7.376186103782487,2,6,7
amazon-sports-and-outdoors,valid,291489,3,0.9592583404122976,1,1,1
amazon-sports-and-outdoors,valid,292132,3,1.591055352324916,1,3,3
amazon-sports-and-outdoors,valid,293594,5,2.8356321959099597,3,4,4
amazon-sports-and-outdoors,valid,293720,10,4.097851885110489,1,5,5
amazon-sports-and-outdoors,valid,293923,3,0.9462969295027666,3,3,3
amazon-sports-and-outdoors,valid,294206,3,2.6493280391887595,2,3,3
amazon-sports-and-outdoors,valid,294597,12,8.581315525579898,4,9,10
amazon-sports-and-outdoors,valid,294797,4,0.18935999597136766,3,3,3
amazon-sports-and-outdoors,valid,295174,15,6.429653377687061,13,13,14
amazon-sports-and-outdoors,valid,295425,5,1.0275311026147382,5,5,5
amazon-sports-and-outdoors,valid,295718,3,4.778072714435126,1,3,3
amazon-sports-and-outdoors,valid,296534,7,2.96765846185283,2,3,3
amazon-sports-and-outdoors,valid,297009,13,14.484406165975159,10,10,11
amazon-sports-and-outdoors,valid,297044,3,0.31319788158437867,2,2,2
amazon-sports-and-outdoors,valid,297448,3,45.467959617983084,2,3,3
amazon-sports-and-outdoors,valid,297774,4,0.7998704176124194,4,4,4
amazon-sports-and-outdoors,valid,297887,7,19.454438322338966,2,4,5
amazon-sports-and-outdoors,valid,298606,2,5.170006038983362,2,2,2
amazon-sports-and-outdoors,valid,298611,6,2.91429983413613,2,3,3
amazon-sports-and-outdoors,valid,298709,8,4.898386471937099,1,1,5
amazon-sports-and-outdoors,valid,299348,7,4.607799025171419,4,6,6
amazon-sports-and-outdoors,valid,299365,2,1.8387582190114173,1,2,2
amazon-sports-and-outdoors,valid,299691,5,2.417178627682335,3,3,4
amazon-sports-and-outdoors,valid,300265,3,1.4029467701087637,2,2,2
amazon-sports-and-outdoors,valid,300947,4,7.230115401548776,1,3,4
amazon-sports-and-outdoors,valid,301159,2,0.12625308243906197,1,1,1
amazon-sports-and-outdoors,valid,301600,5,6.725578101475277,3,4,5
amazon-sports-and-outdoors,valid,301847,10,7.624552082299354,3,7,7
amazon-sports-and-outdoors,valid,302059,2,3.3521271852984524,2,2,2
amazon-sports-and-outdoors,valid,302275,3,0.4413266307535062,3,3,3
amazon-sports-and-outdoors,valid,302444,2,0.38916059981683465,1,1,1
amazon-sports-and-outdoors,valid,302445,2,2.898398235332137,1,2,2
amazon-sports-and-outdoors,valid,302795,1,1.4426137312127678,1,1,1
amazon-sports-and-outdoors,valid,302796,4,0.18865961136121912,1,1,1
amazon-sports-and-outdoors,valid,303195,6,2.320839726650421,1,6,6
amazon-sports-and-outdoors,valid,303712,6,1.7466127700508722,5,5,5
amazon-sports-and-outdoors,valid,303800,5,0.2596067615994675,3,3,3
amazon-sports-and-outdoors,valid,303821,2,2.109322913520675,2,2,2
amazon-sports-and-outdoors,valid,304094,5,3.5201349010282135,1,3,3
amazon-sports-and-outdoors,valid,304407,3,1.522399288486425,2,2,2
amazon-sports-and-outdoors,valid,304938,3,3.409803507685792,3,3,3
amazon-sports-and-outdoors,valid,305032,4,0.5115564782404287,2,2,2
amazon-sports-and-outdoors,valid,305090,2,0.9955498680054555,1,1,1
amazon-sports-and-outdoors,valid,305228,11,8.481326799934918,4,7,9
amazon-sports-and-outdoors,valid,305429,5,4.358500301949168,1,1,3
amazon-sports-and-outdoors,valid,306098,3,4.756106358537972,2,3,3
amazon-sports-and-outdoors,valid,306975,3,0.7949122126906414,3,3,3
amazon-sports-and-outdoors,valid,307349,3,3.92191537677956,1,3,3
amazon-sports-and-outdoors,valid,307667,3,0.9573312583938103,2,2,2
amazon-sports-and-outdoors,valid,307684,3,4.571897672209165,1,2,2
amazon-sports-and-outdoors,valid,307818,6,7.78828823172778,5,5,5
amazon-sports-and-outdoors,valid,307832,1,1.4103440951656014,1,1,1
amazon-sports-and-outdoors,valid,307956,10,3.3268977429217075,7,8,10
amazon-sports-and-outdoors,valid,308325,3,0.20957638164048603,2,2,2
amazon-sports-and-outdoors,valid,308717,3,2.5594911234610604,1,3,3
amazon-sports-and-outdoors,valid,309444,5,1.3330252821793949,1,4,4
amazon-sports-and-outdoors,valid,310237,36,46.60113473145029,18,22,31
amazon-sports-and-outdoors,valid,310397,4,1.1020419006844313,1,1,1
amazon-sports-and-outdoors,valid,310503,1,0.6702880300318153,1,1,1
amazon-sports-and-outdoors,valid,310644,12,7.46965619032803,7,10,11
amazon-sports-and-outdoors,valid,310685,4,7.162475087045819,4,4,4
amazon-sports-and-outdoors,valid,311206,2,1.0431612181220256,2,2,2
amazon-sports-and-outdoors,valid,311652,5,2.0676347632378835,3,3,3
amazon-sports-and-outdoors,valid,312280,3,2.1502227841629806,2,2,2
amazon-sports-and-outdoors,valid,312447,1,14.755728608166994,1,1,1
amazon-sports-and-outdoors,valid,312653,4,0.8152396236612365,4,4,4
amazon-sports-and-outdoors,valid,312664,7,12.130252108059869,5,7,7
amazon-sports-and-outdoors,valid,312928,4,1.0155587420991952,3,3,3
amazon-sports-and-outdoors,valid,312930,4,6.070160853192434,3,4,4
amazon-sports-and-outdoors,valid,313192,3,1.557753445319973,1,1,1
amazon-sports-and-outdoors,valid,313367,4,7.861765437109916,2,2,2
amazon-sports-and-outdoors,valid,313515,3,1.262192197221116,3,3,3
amazon-sports-and-outdoors,valid,313866,15,14.724881814227443,4,13,13
amazon-sports-and-outdoors,valid,314055,11,5.5126630304118125,4,8,10
amazon-sports-and-outdoors,valid,314295,7,4.159459560553927,5,7,7
amazon-sports-and-outdoors,valid,314631,11,3.434836805363262,6,8,10
amazon-sports-and-outdoors,valid,314904,5,4.239298912229609,3,3,3
amazon-sports-and-outdoors,valid,315011,4,0.6841494067481971,2,2,4
amazon-sports-and-outdoors,valid,315311,4,1.2855326233970228,2,2,2
amazon-sports-and-outdoors,valid,315941,3,1.899491438032748,3,3,3
amazon-sports-and-outdoors,valid,316092,3,1.7852670217978353,2,2,2
amazon-sports-and-outdoors,valid,316100,10,12.45933942853427,5,6,6
amazon-sports-and-outdoors,valid,316392,3,0.7753831265068546,3,3,3
amazon-sports-and-outdoors,valid,317478,5,10.987868238873052,1,3,3
amazon-sports-and-outdoors,valid,317529,4,2.4775426875762556,1,1,1
amazon-sports-and-outdoors,valid,317867,17,19.835737009081473,14,16,17
amazon-sports-and-outdoors,valid,318000,5,5.296124304984917,2,5,5
amazon-sports-and-outdoors,valid,318300,2,1.686040009024771,1,2,2
amazon-sports-and-outdoors,valid,319846,3,1.302160909233776,1,2,2
amazon-sports-and-outdoors,valid,319905,3,4.222650668273185,1,3,3
amazon-sports-and-outdoors,valid,320370,10,9.110213362873111,5,6,8
amazon-sports-and-outdoors,valid,320558,5,0.7008860744268681,5,5,5
amazon-sports-and-outdoors,valid,320581,4,0.07008049202184075,4,4,4
amazon-sports-and-outdoors,valid,320589,3,0.9607838809237782,2,2,2
amazon-sports-and-outdoors,valid,321225,3,2.1273349182635695,1,2,2
amazon-sports-and-outdoors,valid,321357,4,1.3764483349707364,1,3,4
amazon-sports-and-outdoors,valid,322707,4,1.6698966658441101,4,4,4
amazon-sports-and-outdoors,valid,322860,7,5.390555685599081,2,7,7
amazon-sports-and-outdoors,valid,322992,5,0.3448562176085335,4,4,4
amazon-sports-and-outdoors,valid,323256,3,0.013641440881075662,2,2,2
amazon-sports-and-outdoors,valid,323290,8,16.063570444165972,4,6,7
amazon-sports-and-outdoors,valid,323524,6,18.681395186233708,3,4,6
amazon-sports-and-outdoors,valid,323753,3,12.90564263625349,2,2,2
amazon-sports-and-outdoors,valid,323792,4,1.448537063219525,4,4,4
amazon-sports-and-outdoors,valid,324200,2,2.39337295262405,2,2,2
amazon-sports-and-outdoors,valid,324455,2,0.4105430154974138,2,2,2
amazon-sports-and-outdoors,valid,324760,5,5.398708114878937,2,4,5
amazon-sports-and-outdoors,valid,324853,5,2.9168207693445396,3,4,4
amazon-sports-and-outdoors,valid,325030,8,6.195316767741545,5,7,7
amazon-sports-and-outdoors,valid,325130,2,0.24540318904317737,1,1,1
amazon-sports-and-outdoors,valid,325395,13,8.689893776542814,5,9,9
amazon-sports-and-outdoors,valid,326397,2,2.5369196796708575,1,1,1
amazon-sports-and-outdoors,valid,326415,10,57.30227259540014,6,9,10
amazon-sports-and-outdoors,valid,326423,6,4.035288599036486,2,3,3
amazon-sports-and-outdoors,valid,326543,4,0.10667839657788292,4,4,4
amazon-sports-and-outdoors,valid,327109,3,4.580575621249343,2,2,2
amazon-sports-and-outdoors,valid,327709,3,2.08230887159567,1,2,3
amazon-sports-and-outdoors,valid,327740,4,8.388673938912028,1,3,3
amazon-sports-and-outdoors,valid,328305,4,0.7526570403324521,3,3,3
amazon-sports-and-outdoors,valid,328380,14,14.547803067021084,6,11,13
amazon-sports-and-outdoors,valid,328429,3,0.28348195964415335,3,3,3
amazon-sports-and-outdoors,valid,329073,4,0.1996861420465637,4,4,4
amazon-sports-and-outdoors,valid,329356,2,0.03394598592648562,2,2,2
amazon-sports-and-outdoors,valid,329891,12,4.370245721461574,2,6,10
amazon-sports-and-outdoors,valid,330074,3,4.034347527433493,2,3,3
amazon-sports-and-outdoors,valid,330156,25,12.389058958796793,14,22,23
amazon-sports-and-outdoors,valid,330462,3,1.128729739699859,2,3,3
amazon-sports-and-outdoors,valid,330655,5,1.0910473558597502,3,5,5
amazon-sports-and-outdoors,valid,331619,6,1.153551824958567,5,5,5
amazon-sports-and-outdoors,valid,332430,3,1.8153339951674916,1,2,2
amazon-sports-and-outdoors,valid,332780,1,0.008660766553046373,1,1,1
amazon-sports-and-outdoors,valid,333097,8,4.336001156777902,5,8,8
amazon-sports-and-outdoors,valid,334687,23,46.73178719146036,8,14,19
amazon-sports-and-outdoors,valid,334744,5,0.43378695539941814,3,3,4
amazon-sports-and-outdoors,valid,335089,4,1.7923618029081494,3,3,3
amazon-sports-and-outdoors,valid,335118,3,1.2433464453333225,1,1,1
amazon-sports-and-outdoors,valid,335472,2,2.217200912046417,1,2,2
amazon-sports-and-outdoors,valid,335510,7,5.0336352472553285,7,7,7
amazon-sports-and-outdoors,valid,335735,8,3.990502842842496,2,3,7
amazon-sports-and-outdoors,valid,335990,3,1.5170774757023109,1,2,3
amazon-sports-and-outdoors,valid,336362,3,8.607047225272849,2,2,3
amazon-sports-and-outdoors,valid,336996,4,0.8139280712010546,1,2,2
amazon-sports-and-outdoors,valid,337016,3,0.40537584509749935,1,1,1
amazon-sports-and-outdoors,valid,337090,8,7.309056770012278,7,7,8
amazon-sports-and-outdoors,valid,337766,22,25.15313111836976,18,20,22
amazon-sports-and-outdoors,valid,338053,2,0.3335062596461491,2,2,2
amazon-sports-and-outdoors,valid,338708,5,0.884324456640192,4,4,4
amazon-sports-and-outdoors,valid,339129,6,1.0397202268141172,1,6,6
amazon-sports-and-outdoors,valid,339158,7,7.876476157382594,6,6,6
amazon-sports-and-outdoors,valid,339322,21,17.75620495957952,10,17,19
amazon-sports-and-outdoors,valid,339578,5,1.3430749223847231,4,4,4
amazon-sports-and-outdoors,valid,339967,7,5.59164008557936,4,5,7
amazon-sports-and-outdoors,valid,340507,5,1.4581811967285072,4,5,5
amazon-sports-and-outdoors,valid,340523,2,1.429131426597142,1,1,1
amazon-sports-and-outdoors,valid,340777,4,4.71464184493387,1,1,1
amazon-sports-and-outdoors,valid,340786,7,3.917156753054485,3,7,7
amazon-sports-and-outdoors,valid,341348,3,1.267716499007447,1,2,2
amazon-sports-and-outdoors,valid,341883,3,3.217885898504635,2,2,2
amazon-sports-and-outdoors,valid,341970,3,5.349895576738772,1,3,3
amazon-sports-and-outdoors,valid,342110,14,13.861852142583452,7,10,11
amazon-sports-and-outdoors,valid,342599,8,3.740558190277012,3,6,7
amazon-sports-and-outdoors,valid,343409,3,2.6026236600468713,2,2,3
amazon-sports-and-outdoors,valid,343447,7,1.3155911376960905,3,3,3
amazon-sports-and-outdoors,valid,343580,10,1.7379247758643686,8,8,8
amazon-sports-and-outdoors,valid,343699,3,0.7662137583346627,1,2,2
amazon-sports-and-outdoors,valid,343958,3,1.7718882086239431,1,1,1
amazon-sports-and-outdoors,valid,344274,8,6.843884151442212,4,4,5
amazon-sports-and-outdoors,valid,344702,1,1.5178189661086017,1,1,1
amazon-sports-and-outdoors,valid,345582,10,6.107550738232343,5,9,10
amazon-sports-and-outdoors,valid,345807,8,8.77025071760014,5,7,7
amazon-sports-and-outdoors,valid,346141,5,5.200303257680605,3,5,5
amazon-sports-and-outdoors,valid,346143,9,2.8319227612838387,2,2,8
amazon-sports-and-outdoors,valid,346260,2,1.96451842841571,1,2,2
amazon-sports-and-outdoors,valid,346369,2,3.1275081970376597,1,2,2
amazon-sports-and-outdoors,valid,346390,21,15.102993810471617,8,12,12
amazon-sports-and-outdoors,valid,346536,3,2.273158985720428,3,3,3
amazon-sports-and-outdoors,valid,346707,3,2.7761029405447615,1,2,2
amazon-sports-and-outdoors,valid,347045,3,0.838698080306451,2,2,2
amazon-sports-and-outdoors,valid,347431,4,30.573088815086432,1,2,2
amazon-sports-and-outdoors,valid,348192,4,0.8181199371966879,3,3,3
amazon-sports-and-outdoors,valid,349438,4,4.094203910919114,1,4,4
amazon-sports-and-outdoors,valid,349799,10,5.5135586345103915,5,10,10
amazon-sports-and-outdoors,valid,349838,3,0.5018187662630588,2,2,2
amazon-sports-and-outdoors,valid,350156,3,0.1419717538415746,3,3,3
amazon-sports-and-outdoors,valid,350195,4,1.349170211435791,2,2,2
amazon-sports-and-outdoors,valid,350370,16,7.311829626916657,15,16,16
amazon-sports-and-outdoors,valid,350810,20,20.544223426259308,11,14,16
amazon-sports-and-outdoors,valid,351327,3,0.34610340182845456,1,1,1
amazon-sports-and-outdoors,valid,351535,5,2.671611081541079,3,5,5
amazon-sports-and-outdoors,valid,351822,2,0.5249470548093583,2,2,2
amazon-sports-and-outdoors,valid,352682,6,3.923027083697084,4,4,4
amazon-sports-and-outdoors,valid,353071,7,1.0136335105023986,6,6,6
amazon-sports-and-outdoors,valid,354047,5,1.2740508889756237,3,3,3
amazon-sports-and-outdoors,valid,354328,11,27.378855865764066,6,6,6
amazon-sports-and-outdoors,valid,354375,11,5.647583488052819,7,9,9
amazon-sports-and-outdoors,valid,354711,6,3.6447145413934705,4,5,6
amazon-sports-and-outdoors,valid,354766,75,69.29696836162209,34,55,66
amazon-sports-and-outdoors,valid,355234,6,2.5200891691778433,5,5,5
amazon-sports-and-outdoors,valid,355678,15,7.0945172930498295,6,9,13
amazon-sports-and-outdoors,valid,355741,3,1.7552891330153164,1,3,3
amazon-sports-and-outdoors,valid,355829,3,1.5766421534255997,3,3,3
amazon-sports-and-outdoors,valid,356111,7,1.0503371534407995,5,7,7
amazon-sports-and-outdoors,valid,356358,5,2.8522936571641786,3,4,4
amazon-sports-and-outdoors,valid,357258,4,3.639837094161219,3,4,4
amazon-sports-and-outdoors,valid,357546,2,0.8603533010135156,1,1,1
amazon-sports-and-outdoors,valid,357923,3,4.478956806267326,1,1,2
amazon-sports-and-outdoors,valid,357926,3,2.125877314662755,1,1,2
amazon-sports-and-outdoors,valid,358145,2,1.3432390812233352,1,1,1
amazon-sports-and-outdoors,valid,358535,3,1.8842199078146349,1,2,2
amazon-sports-and-outdoors,valid,358679,4,0.9933748294803368,3,4,4
amazon-sports-and-outdoors,valid,358694,3,3.6912735302596156,2,3,3
amazon-sports-and-outdoors,valid,358809,4,5.438448431985702,3,4,4
amazon-sports-and-outdoors,valid,359128,2,2.7780055705623283,2,2,2
amazon-sports-and-outdoors,valid,359149,18,8.743360521755474,5,12,18
amazon-sports-and-outdoors,valid,359560,3,0.7532426987977413,1,1,1
amazon-sports-and-outdoors,valid,359729,3,6.357865871655016,2,2,3
amazon-sports-and-outdoors,valid,360250,9,0.9643440922577959,1,5,5
amazon-sports-and-outdoors,valid,360551,4,5.905378818989504,2,2,3
amazon-sports-and-outdoors,valid,361205,3,2.4991969830724745,1,2,2
amazon-sports-and-outdoors,valid,361250,4,0.22758369424266411,3,3,3
amazon-sports-and-outdoors,valid,361446,4,1.3978744999070163,3,3,3
amazon-sports-and-outdoors,valid,361448,3,6.777767659202022,2,2,2
amazon-sports-and-outdoors,valid,361567,9,5.508597257437143,6,9,9
amazon-sports-and-outdoors,valid,361749,2,1.415549067037209,2,2,2
amazon-sports-and-outdoors,valid,361951,2,0.13878744245684183,1,2,2
amazon-sports-and-outdoors,valid,362112,7,2.0600855714293833,5,5,5
amazon-sports-and-outdoors,valid,362345,2,3.0700869684977605,2,2,2
amazon-sports-and-outdoors,valid,362657,5,3.5072579486515907,2,3,3
amazon-sports-and-outdoors,valid,363011,6,2.9905599415689696,3,5,5
amazon-sports-and-outdoors,valid,363166,4,4.57564940218823,3,3,4
amazon-sports-and-outdoors,valid,363368,14,3.875475607939525,12,12,12
amazon-sports-and-outdoors,valid,363805,1,3.120757330015968,1,1,1
amazon-sports-and-outdoors,valid,364620,3,0.6687825798129832,3,3,3
amazon-sports-and-outdoors,valid,364738,6,3.3214853916476987,3,5,6
amazon-sports-and-outdoors,valid,364894,9,5.852373886161794,2,8,8
amazon-sports-and-outdoors,valid,365556,3,1.0042494934140187,2,2,2
amazon-sports-and-outdoors,valid,366053,2,4.243868792942174,1,2,2
amazon-sports-and-outdoors,valid,366100,8,1.6028678496236306,4,8,8
amazon-sports-and-outdoors,valid,366892,3,1.1472265549258687,2,2,2
amazon-sports-and-outdoors,valid,367648,13,33.333585166913984,7,11,12
amazon-sports-and-outdoors,valid,367970,5,1.1444517154268203,1,5,5
amazon-sports-and-outdoors,valid,368089,32,20.933463065516957,11,22,28
amazon-sports-and-outdoors,valid,368434,4,2.4662980714772957,2,2,3
amazon-sports-and-outdoors,valid,368627,5,5.708475578993642,2,2,2
amazon-sports-and-outdoors,valid,369025,3,10.945739820400716,1,3,3
amazon-sports-and-outdoors,valid,369121,17,5.244256588459475,3,8,8
amazon-sports-and-outdoors,valid,369309,6,3.818223428638422,4,5,5
amazon-sports-and-outdoors,valid,369540,3,2.052949288003994,2,3,3
amazon-sports-and-outdoors,valid,369908,18,7.015494902550846,8,11,17
amazon-sports-and-outdoors,valid,370237,4,0.09202345330189907,1,1,1
amazon-sports-and-outdoors,valid,370350,6,6.151230867465793,3,5,5
amazon-sports-and-outdoors,valid,370685,2,1.335908767866317,2,2,2
amazon-sports-and-outdoors,valid,370897,4,2.661874030428599,2,3,3
amazon-sports-and-outdoors,valid,371215,8,8.77997032187953,2,7,8
amazon-sports-and-outdoors,valid,371262,4,2.446817624949394,1,2,4
amazon-sports-and-outdoors,valid,372462,3,3.708532942066072,1,1,2
amazon-sports-and-outdoors,valid,372572,4,2.3365946134488915,4,4,4
amazon-sports-and-outdoors,valid,374479,5,0.3563729778690887,5,5,5
amazon-sports-and-outdoors,valid,374600,3,1.7149075126195457,2,2,2
amazon-sports-and-outdoors,valid,374654,4,0.4356511230804023,2,2,2
amazon-sports-and-outdoors,valid,374776,2,1.2826486090181888,2,2,2
amazon-sports-and-outdoors,valid,374896,3,3.571752017587465,3,3,3
amazon-sports-and-outdoors,valid,375286,4,2.4547466818965185,2,3,3
amazon-sports-and-outdoors,valid,375365,4,5.074705753212167,2,2,4
amazon-sports-and-outdoors,valid,375413,6,3.6804874222211588,5,6,6
amazon-sports-and-outdoors,valid,375462,4,14.483179204220864,1,1,1
amazon-sports-and-outdoors,valid,375512,14,3.428216393070805,9,11,13
amazon-sports-and-outdoors,valid,375591,8,5.702962115391504,5,6,8
amazon-sports-and-outdoors,valid,376126,18,9.930993281251013,13,14,16
amazon-sports-and-outdoors,valid,376296,6,2.0973954918176334,4,4,6
amazon-sports-and-outdoors,valid,376675,4,1.0364714150161456,2,3,3
amazon-sports-and-outdoors,valid,376955,3,3.7391402385695818,2,3,3
amazon-sports-and-outdoors,valid,377017,9,1.4373717509073343,8,8,8
amazon-sports-and-outdoors,valid,377044,4,0.8014001876591941,4,4,4
amazon-sports-and-outdoors,valid,377047,3,0.024465746910159236,1,1,1
amazon-sports-and-outdoors,valid,377392,16,6.642553645376993,15,16,16
amazon-sports-and-outdoors,valid,377798,7,5.485143559019133,4,4,6
amazon-sports-and-outdoors,valid,377933,4,4.813803167736893,2,4,4
amazon-sports-and-outdoors,valid,378787,27,13.08373329977902,12,24,26
amazon-sports-and-outdoors,valid,378815,6,1.0591626075243696,6,6,6
amazon-sports-and-outdoors,valid,379007,4,0.54627197524453,1,2,2
amazon-sports-and-outdoors,valid,379159,7,2.1418052158893595,3,5,5
amazon-sports-and-outdoors,valid,379277,3,1.2913931732392543,1,1,1
amazon-sports-and-outdoors,valid,380007,6,3.898082209741862,3,5,5
amazon-sports-and-outdoors,valid,380139,3,0.755361828153188,1,1,1
amazon-sports-and-outdoors,valid,380180,6,11.451758911729996,3,4,4
amazon-sports-and-outdoors,valid,380363,2,1.5287064508211443,2,2,2
amazon-sports-and-outdoors,valid,381201,3,1.003426848799268,2,3,3
amazon-sports-and-outdoors,valid,381204,3,6.828480051727217,2,2,3
amazon-sports-and-outdoors,valid,381357,2,2.287130462527441,2,2,2
amazon-sports-and-outdoors,valid,381488,2,1.8055812154706359,1,1,1
amazon-sports-and-outdoors,valid,381643,3,2.0216710814644183,1,1,1
amazon-sports-and-outdoors,valid,381949,3,0.10763823674374429,1,1,1
amazon-sports-and-outdoors,valid,382254,7,1.1180961592779548,1,1,1
amazon-sports-and-outdoors,valid,382374,5,4.964142396293447,2,3,4
amazon-sports-and-outdoors,valid,382376,5,5.106766688127153,3,5,5
amazon-sports-and-outdoors,valid,382778,3,0.5570094436271014,2,2,3
amazon-sports-and-outdoors,valid,382849,5,0.9273858841638665,4,4,4
amazon-sports-and-outdoors,valid,382852,10,5.642174176757302,3,4,6
amazon-sports-and-outdoors,valid,382874,3,3.8141917562920615,1,2,2
amazon-sports-and-outdoors,valid,382962,4,3.6348377834432997,2,3,3
amazon-sports-and-outdoors,valid,383952,5,2.090515491796486,5,5,5
amazon-sports-and-outdoors,valid,384115,6,5.9706724022689865,2,5,6
amazon-sports-and-outdoors,valid,384966,6,2.3813068814671414,1,2,2
amazon-sports-and-outdoors,valid,384967,3,1.422736633578043,2,3,3
amazon-sports-and-outdoors,valid,385022,4,7.337151854723921,3,4,4
amazon-sports-and-outdoors,valid,385302,31,6.446347353493854,13,22,24
amazon-sports-and-outdoors,valid,385539,3,0.7002104061635961,1,3,3
amazon-sports-and-outdoors,valid,385702,5,7.147149630252703,2,4,5
amazon-sports-and-outdoors,valid,386364,7,6.368906412676023,4,7,7
amazon-sports-and-outdoors,valid,386722,3,0.5829096638669347,3,3,3
amazon-sports-and-outdoors,valid,386813,6,3.092648631487595,2,3,3
amazon-sports-and-outdoors,valid,387735,4,0.5087353781990982,3,3,3
amazon-sports-and-outdoors,valid,388384,4,1.388642085224343,2,4,4
amazon-sports-and-outdoors,valid,389041,10,3.47685882458835,3,10,10
amazon-sports-and-outdoors,valid,389317,6,0.4397840399278706,5,5,5
amazon-sports-and-outdoors,valid,389494,4,1.2567049038686104,4,4,4
amazon-sports-and-outdoors,valid,389855,8,8.911994605227733,5,6,6
amazon-sports-and-outdoors,valid,390162,4,2.9343606522102035,2,3,3
amazon-sports-and-outdoors,valid,390537,3,0.1871757053377925,1,1,1
amazon-sports-and-outdoors,valid,390858,5,1.6123013654922524,3,5,5
amazon-sports-and-outdoors,valid,390975,5,1.1939274975703302,4,5,5
amazon-sports-and-outdoors,valid,391037,6,4.347823500963475,3,3,6
amazon-sports-and-outdoors,valid,391130,18,18.29782940248694,7,13,14
amazon-sports-and-outdoors,valid,391715,3,0.5635041594175296,1,3,3
amazon-sports-and-outdoors,valid,392163,15,16.260732346679674,4,9,10
amazon-sports-and-outdoors,valid,392418,3,44.36245187747089,2,3,3
amazon-sports-and-outdoors,valid,392481,4,0.8328962152664284,3,3,4
amazon-sports-and-outdoors,valid,393378,3,0.009976152029588792,2,2,2
amazon-sports-and-outdoors,valid,393402,3,7.915301573136001,3,3,3
amazon-sports-and-outdoors,valid,394031,4,4.884663876847564,3,4,4
amazon-sports-and-outdoors,valid,395321,14,8.086704680496279,1,12,13
amazon-sports-and-outdoors,valid,396297,3,1.288815800169261,2,3,3
amazon-sports-and-outdoors,valid,396695,3,2.753027521189641,3,3,3
amazon-sports-and-outdoors,valid,397387,3,1.3198801508305156,2,3,3
amazon-sports-and-outdoors,valid,397543,9,3.275773102878291,3,4,7
amazon-sports-and-outdoors,valid,397619,3,18.208005109278634,2,3,3
amazon-sports-and-outdoors,valid,397842,5,1.3935734590315976,4,4,4
amazon-sports-and-outdoors,valid,398000,4,5.060121654652363,2,4,4
amazon-sports-and-outdoors,valid,398232,3,1.1762345583962026,3,3,3
amazon-sports-and-outdoors,valid,398489,6,0.8586395461814367,3,3,3
amazon-sports-and-outdoors,valid,398605,3,2.020429051990637,1,2,2
amazon-sports-and-outdoors,valid,399299,3,0.7431668883427794,2,3,3
amazon-sports-and-outdoors,valid,399327,6,2.993434042974458,6,6,6
amazon-sports-and-outdoors,valid,399531,3,1.4681200759783146,2,3,3
amazon-sports-and-outdoors,valid,399856,8,15.478606151356828,6,8,8
amazon-sports-and-outdoors,valid,400140,8,3.002923798445197,2,6,6
amazon-sports-and-outdoors,valid,400168,3,0.5284477883032994,2,2,2
amazon-sports-and-outdoors,valid,400581,10,1.4523121878156868,9,9,9
amazon-sports-and-outdoors,valid,400996,3,1.2502646433450972,3,3,3
amazon-sports-and-outdoors,valid,401118,4,15.117776300671318,4,4,4
amazon-sports-and-outdoors,valid,401349,3,4.531579098323875,1,2,3
amazon-sports-and-outdoors,valid,401787,3,0.9898074808055095,3,3,3
amazon-sports-and-outdoors,valid,402148,6,2.8275122811826785,4,6,6
amazon-sports-and-outdoors,valid,402541,5,0.0409662214772365,1,1,1
amazon-sports-and-outdoors,valid,404207,4,1.5363940277375565,3,4,4
amazon-sports-and-outdoors,valid,405079,50,15.155802995118984,24,32,43
amazon-sports-and-outdoors,valid,405351,1,0.5000217424548725,1,1,1
amazon-sports-and-outdoors,valid,405353,3,6.297234690172662,1,3,3
amazon-sports-and-outdoors,valid,405416,4,7.630540839930196,2,3,3
amazon-sports-and-outdoors,valid,405556,12,4.152827252693454,4,12,12
amazon-sports-and-outdoors,valid,405813,4,0.7670719574804818,2,2,2
amazon-sports-and-outdoors,valid,405925,7,9.105428172379469,2,3,5
amazon-sports-and-outdoors,valid,407310,7,2.8868636317195584,1,5,5
amazon-sports-and-outdoors,valid,407819,4,1.420584593151087,4,4,4
amazon-sports-and-outdoors,valid,407874,5,2.0623163869511965,5,5,5
amazon-sports-and-outdoors,valid,408655,6,2.3686151034326244,3,4,5
amazon-sports-and-outdoors,valid,408871,6,5.009200693167966,3,4,6
amazon-sports-and-outdoors,valid,409034,9,7.4652035470469045,5,7,7
amazon-sports-and-outdoors,valid,409146,3,3.943018378784757,1,2,2
amazon-sports-and-outdoors,valid,409192,4,7.779873042567761,2,3,4
amazon-sports-and-outdoors,valid,410490,7,3.9251263871058386,3,7,7
amazon-sports-and-outdoors,valid,410745,4,2.4875321890766173,1,2,4
amazon-sports-and-outdoors,valid,410835,3,1.3306604432579423,2,2,2
amazon-sports-and-outdoors,valid,411317,15,3.748540909453183,5,6,13
amazon-sports-and-outdoors,valid,413279,4,4.694311790503715,3,4,4
amazon-sports-and-outdoors,valid,413948,3,1.3611351702645695,3,3,3
amazon-sports-and-outdoors,valid,413960,3,1.873665102487588,2,2,2
amazon-sports-and-outdoors,valid,414904,13,5.21010441268739,3,10,11
amazon-sports-and-outdoors,valid,415321,6,0.0635580199060436,6,6,6
amazon-sports-and-outdoors,valid,416142,5,1.7824523982324245,2,4,4
amazon-sports-and-outdoors,valid,416725,6,3.892652808153698,3,3,6
amazon-sports-and-outdoors,valid,416900,3,0.4505224335212877,1,1,1
amazon-sports-and-outdoors,valid,417220,100,30.987754966630945,21,56,66
amazon-sports-and-outdoors,valid,417464,3,1.1933040376333477,2,2,2
amazon-sports-and-outdoors,valid,417893,9,2.3496357246641253,1,1,1
amazon-sports-and-outdoors,valid,417907,2,5.737696116612518,1,2,2
amazon-sports-and-outdoors,valid,418067,5,0.9842979823927089,1,1,1
amazon-sports-and-outdoors,valid,418292,5,2.6817289230030283,3,4,5
amazon-sports-and-outdoors,valid,418458,4,1.22402645680065,2,2,2
amazon-sports-and-outdoors,valid,418581,7,1.4428327418372282,1,1,5
amazon-sports-and-outdoors,valid,418604,15,5.6214072906350285,8,12,15
amazon-sports-and-outdoors,valid,418631,5,1.0913403833518616,4,4,4
amazon-sports-and-outdoors,valid,418907,3,4.072168032035558,1,2,3
amazon-sports-and-outdoors,valid,419238,6,6.155913623901528,2,4,4
amazon-sports-and-outdoors,valid,419564,3,2.712647619042584,1,3,3
amazon-sports-and-outdoors,valid,420716,7,12.710279211450729,1,4,4
amazon-sports-and-outdoors,valid,420872,5,1.5218162734806948,4,4,4
amazon-sports-and-outdoors,valid,420935,6,1.7412288359671224,4,5,5
amazon-sports-and-outdoors,valid,420941,3,0.24327705451989956,1,3,3
amazon-sports-and-outdoors,valid,421180,4,1.7179044027215473,1,3,4
amazon-sports-and-outdoors,valid,421206,2,0.21691118887875416,2,2,2
amazon-sports-and-outdoors,valid,421904,5,3.3090805611483085,3,4,4
amazon-sports-and-outdoors,valid,422353,4,1.0335539608738906,1,2,2
amazon-sports-and-outdoors,valid,423600,5,5.491472133376281,5,5,5
amazon-sports-and-outdoors,valid,423970,4,0.8019336377981938,1,1,1
amazon-sports-and-outdoors,valid,424042,5,1.136052056591711,2,3,3
amazon-sports-and-outdoors,valid,424710,2,0.38807149447853995,1,1,1
amazon-sports-and-outdoors,valid,424732,3,0.015980373898850403,1,1,1
amazon-sports-and-outdoors,valid,425296,3,2.3347748558884973,2,2,2
amazon-sports-and-outdoors,valid,425976,5,3.6896150237323195,1,2,2
amazon-sports-and-outdoors,valid,426033,3,0.5347359177291942,1,1,1
amazon-sports-and-outdoors,valid,427285,2,0.9774498360592467,2,2,2
amazon-sports-and-outdoors,valid,427353,3,0.29337563573550235,3,3,3
amazon-sports-and-outdoors,valid,427717,52,44.2414705142573,30,44,48
amazon-sports-and-outdoors,valid,428560,5,0.059305222167576055,3,3,3
amazon-sports-and-outdoors,valid,428691,3,0.7419725733140379,2,3,3
amazon-sports-and-outdoors,valid,428782,2,1.331239889593268,2,2,2
amazon-sports-and-outdoors,valid,428955,6,10.352947582972579,3,5,6
amazon-sports-and-outdoors,valid,429334,6,6.437416689719837,4,5,5
amazon-sports-and-outdoors,valid,429497,3,8.676974396640269,2,3,3
amazon-sports-and-outdoors,valid,430219,5,2.736244064276777,5,5,5
amazon-sports-and-outdoors,valid,430345,4,8.587586208172706,1,3,3
amazon-sports-and-outdoors,valid,430439,1,0.6494506957122953,1,1,1
amazon-sports-and-outdoors,valid,430466,3,3.4654861328737594,3,3,3
amazon-sports-and-outdoors,valid,430948,1,0.8959707464191367,1,1,1
amazon-sports-and-outdoors,valid,431271,6,1.5214364083420713,3,4,6
amazon-sports-and-outdoors,valid,431301,3,4.469870707071241,2,2,3
amazon-sports-and-outdoors,valid,431318,23,7.835056846936951,14,21,22
amazon-sports-and-outdoors,valid,431370,11,1.2807699023096304,9,9,9
amazon-sports-and-outdoors,valid,431498,4,5.005002879388325,3,4,4
amazon-sports-and-outdoors,valid,431533,3,4.931486947323649,1,2,3
amazon-sports-and-outdoors,valid,431630,14,9.790244920493327,6,10,14
amazon-sports-and-outdoors,valid,431695,6,1.565780310270779,3,4,4
amazon-sports-and-outdoors,valid,431901,4,2.893294772307594,1,3,4
amazon-sports-and-outdoors,valid,432314,9,6.975774279217795,3,5,9
amazon-sports-and-outdoors,valid,432423,6,0.3907486581468847,6,6,6
amazon-sports-and-outdoors,valid,432441,5,0.823295170148257,2,2,2
amazon-sports-and-outdoors,valid,432557,2,0.328579115374189,2,2,2
amazon-sports-and-outdoors,valid,432826,17,20.34167838269972,1,1,9
amazon-sports-and-outdoors,valid,433316,3,2.3922040148070742,1,1,1
amazon-sports-and-outdoors,valid,433330,4,3.057686235360686,4,4,4
amazon-sports-and-outdoors,valid,433686,6,4.0871884335955695,4,5,5
amazon-sports-and-outdoors,valid,434302,3,3.5757899020637884,2,3,3
amazon-sports-and-outdoors,valid,434307,18,8.778395613020255,9,14,16
amazon-sports-and-outdoors,valid,434795,10,4.185621086771164,3,8,8
amazon-sports-and-outdoors,valid,434828,3,1.9739600068359864,2,2,2
amazon-sports-and-outdoors,valid,434926,4,13.244312365456171,2,4,4
amazon-sports-and-outdoors,valid,435798,6,3.7233480789913296,1,4,6
amazon-sports-and-outdoors,valid,436199,5,0.5858596325617648,5,5,5
amazon-sports-and-outdoors,valid,436987,1,0.8204019036609668,1,1,1
amazon-sports-and-outdoors,valid,437126,18,29.19843327438859,7,8,12
amazon-sports-and-outdoors,valid,437347,7,3.546812166205404,3,6,7
amazon-sports-and-outdoors,valid,437638,1,1.1646555446630336,1,1,1
amazon-sports-and-outdoors,valid,437792,3,0.4796426518498996,1,2,2
amazon-sports-and-outdoors,valid,438564,7,2.6575049204695365,3,6,6
amazon-sports-and-outdoors,valid,438667,2,2.865213697931612,1,1,1
amazon-sports-and-outdoors,valid,439631,3,1.0199552118646924,3,3,3
amazon-sports-and-outdoors,valid,440066,11,3.8727601141075754,3,9,9
amazon-sports-and-outdoors,valid,440186,6,3.051409076291961,5,6,6
amazon-sports-and-outdoors,valid,440500,3,2.666138062870192,2,2,2
amazon-sports-and-outdoors,valid,440535,11,1.732006730776729,7,7,7
amazon-sports-and-outdoors,valid,441066,6,3.3724507632526874,3,6,6
amazon-sports-and-outdoors,valid,441087,5,1.3521940648252944,1,1,3
amazon-sports-and-outdoors,valid,441146,6,3.7661719916736307,5,6,6
amazon-sports-and-outdoors,valid,441543,5,1.2438233254377602,5,5,5
amazon-sports-and-outdoors,valid,442310,2,6.057617373239175,1,2,2
amazon-sports-and-outdoors,valid,442915,4,3.0662544808291683,2,3,4
amazon-sports-and-outdoors,valid,444079,2,4.04077853584855,2,2,2
amazon-sports-and-outdoors,valid,444497,9,5.324542288281689,3,8,9
amazon-sports-and-outdoors,valid,444520,2,1.1559166638800198,2,2,2
amazon-sports-and-outdoors,valid,444668,3,1.327874765574702,2,2,2
amazon-sports-and-outdoors,valid,444686,5,3.276503358581456,4,5,5
amazon-sports-and-outdoors,valid,444772,3,1.4921747649270545,3,3,3
amazon-sports-and-outdoors,valid,445456,5,5.023109784329387,1,1,3
amazon-sports-and-outdoors,valid,445547,5,2.8763890553901263,4,5,5
amazon-sports-and-outdoors,valid,445571,6,5.161788051906443,3,5,5
amazon-sports-and-outdoors,valid,445803,3,0.2145230875131826,3,3,3
amazon-sports-and-outdoors,valid,445805,17,2.4409428004255442,8,10,10
amazon-sports-and-outdoors,valid,446338,9,4.385789924533195,2,3,6
amazon-sports-and-outdoors,valid,446351,4,1.0749494801835036,4,4,4
amazon-sports-and-outdoors,valid,446376,8,6.703663557385475,4,5,7
amazon-sports-and-outdoors,valid,446794,3,0.41443881402244276,3,3,3
amazon-sports-and-outdoors,valid,446903,5,3.0820851027440033,1,4,5
amazon-sports-and-outdoors,valid,446906,3,4.232132229019291,2,3,3
amazon-sports-and-outdoors,valid,447147,4,4.969073637927723,1,4,4
amazon-sports-and-outdoors,valid,447920,3,0.688214122339044,3,3,3
amazon-sports-and-outdoors,valid,448304,4,7.495450936531461,2,3,3
amazon-sports-and-outdoors,valid,448529,11,3.8176503266060373,4,6,8
amazon-sports-and-outdoors,valid,448765,3,1.1298976201330109,3,3,3
amazon-sports-and-outdoors,valid,448809,5,0.4905671449962681,2,2,2
amazon-sports-and-outdoors,valid,448978,2,1.0235332665507333,2,2,2
amazon-sports-and-outdoors,valid,449177,6,23.02256774294682,2,2,3
amazon-sports-and-outdoors,valid,449415,3,3.0190301331920315,3,3,3
amazon-sports-and-outdoors,valid,449563,5,4.504903551395396,3,4,4
amazon-sports-and-outdoors,valid,449574,5,4.24721012582471,3,4,4
amazon-sports-and-outdoors,valid,449699,6,29.98640336575845,2,2,2
amazon-sports-and-outdoors,valid,450096,5,5.5126647486605265,4,5,5
amazon-sports-and-outdoors,valid,450186,4,1.7415221278051896,2,2,3
amazon-sports-and-outdoors,valid,450707,7,0.7650785246270642,1,2,4
amazon-sports-and-outdoors,valid,450926,7,4.106802507004177,3,6,6
amazon-sports-and-outdoors,valid,450969,4,1.0716846754552005,1,2,4
amazon-sports-and-outdoors,valid,451139,8,7.327167375796722,3,6,8
amazon-sports-and-outdoors,valid,451189,10,1.114792099175201,6,6,7
amazon-sports-and-outdoors,valid,451191,4,4.039988537959353,2,2,2
amazon-sports-and-outdoors,valid,451913,18,7.663897598720989,7,13,17
amazon-sports-and-outdoors,valid,452914,5,6.491836005584574,1,1,5
amazon-sports-and-outdoors,valid,453367,10,14.718512134074155,1,3,7
amazon-sports-and-outdoors,valid,453653,22,6.96690084634323,8,17,19
amazon-sports-and-outdoors,valid,453685,3,17.930469876258336,1,1,3
amazon-sports-and-outdoors,valid,454590,5,3.131567097017477,2,3,4
amazon-sports-and-outdoors,valid,455360,3,4.853408139714239,2,2,3
amazon-sports-and-outdoors,valid,455486,1,3.628397390746808,1,1,1
amazon-sports-and-outdoors,valid,455784,3,0.6680947516357396,2,2,2
amazon-sports-and-outdoors,valid,455828,10,4.417840814301856,6,8,8
amazon-sports-and-outdoors,valid,456613,8,3.7750068300386355,6,6,6
amazon-sports-and-outdoors,valid,456951,11,1.7842473072729634,3,3,10
amazon-sports-and-outdoors,valid,457262,7,7.498878578368595,4,6,6
amazon-sports-and-outdoors,valid,457398,2,4.70302740884261,1,1,1
amazon-sports-and-outdoors,valid,457884,3,5.345325828199184,1,3,3
amazon-sports-and-outdoors,valid,457898,3,0.18802134805070625,2,2,2
amazon-sports-and-outdoors,valid,457925,2,0.6192987351178183,1,1,2
amazon-sports-and-outdoors,valid,458611,4,1.5045250079865524,2,2,4
amazon-sports-and-outdoors,valid,459105,5,1.4825924883717518,4,5,5
amazon-sports-and-outdoors,valid,459121,5,11.623548096358858,2,4,4
amazon-sports-and-outdoors,valid,459191,6,0.5523354106079124,1,5,5
amazon-sports-and-outdoors,valid,459356,8,3.9301016423417723,7,7,7
amazon-sports-and-outdoors,valid,459597,1,3.9309308956054205,1,1,1
amazon-sports-and-outdoors,valid,460356,8,5.609800256230535,3,7,8
amazon-sports-and-outdoors,valid,460378,3,2.0857654593149766,1,3,3
amazon-sports-and-outdoors,valid,460689,3,2.395358983790702,3,3,3
amazon-sports-and-outdoors,valid,461629,13,3.852707490758135,2,9,13
amazon-sports-and-outdoors,valid,462059,5,4.552882078044707,3,5,5
amazon-sports-and-outdoors,valid,462694,4,14.932408986017817,2,2,2
amazon-sports-and-outdoors,valid,463252,3,0.043173245863018836,3,3,3
amazon-sports-and-outdoors,valid,463307,6,9.006855812366183,5,6,6
amazon-sports-and-outdoors,valid,463652,9,0.036601341053468864,4,6,6
amazon-sports-and-outdoors,valid,463831,2,3.0894489880374203,2,2,2
amazon-sports-and-outdoors,valid,463953,4,8.715855985909302,2,3,4
amazon-sports-and-outdoors,valid,463984,2,1.2298634798528068,1,2,2
amazon-sports-and-outdoors,valid,464183,3,6.329388542691145,2,3,3
amazon-sports-and-outdoors,valid,464193,3,2.673337921497975,3,3,3
amazon-sports-and-outdoors,valid,464223,11,6.124692780434382,10,11,11
amazon-sports-and-outdoors,valid,464228,3,0.055040793207049105,3,3,3
amazon-sports-and-outdoors,valid,464960,10,32.78757344026303,2,2,2
amazon-sports-and-outdoors,valid,465830,4,7.003491481385486,4,4,4
amazon-sports-and-outdoors,valid,466412,5,2.5904551548320525,3,4,4
amazon-sports-and-outdoors,valid,466428,21,14.5945804056468,13,19,20
amazon-sports-and-outdoors,valid,466496,7,4.873512707044014,1,3,3
amazon-sports-and-outdoors,valid,467676,4,0.6975976107355123,3,3,3
amazon-sports-and-outdoors,valid,468234,5,4.160355428998461,2,5,5
amazon-sports-and-outdoors,valid,468235,14,14.222060383753668,7,10,12
amazon-sports-and-outdoors,valid,469264,5,1.736088893200665,2,3,3
amazon-sports-and-outdoors,valid,469815,6,3.1059626799022926,2,2,2
amazon-sports-and-outdoors,valid,470976,7,1.8955659005876808,2,4,4
amazon-sports-and-outdoors,valid,471148,3,1.1535507675747434,2,2,2
amazon-sports-and-outdoors,valid,471301,2,1.2680808007779176,2,2,2
amazon-sports-and-outdoors,valid,471936,6,1.341942993001573,1,1,5
amazon-sports-and-outdoors,valid,472129,3,0.8100222275297015,3,3,3
amazon-sports-and-outdoors,valid,472155,16,1.2821216353551086,8,13,16
amazon-sports-and-outdoors,valid,472239,7,7.637550369469734,3,5,6
amazon-sports-and-outdoors,valid,472902,17,26.58673726113534,7,13,15
amazon-sports-and-outdoors,valid,475199,1,0.11529607474011816,1,1,1
amazon-sports-and-outdoors,valid,475755,3,1.4541476739604562,1,1,1
amazon-sports-and-outdoors,valid,475948,2,1.007793315298771,1,1,1
amazon-sports-and-outdoors,valid,476410,4,2.5112749497973983,2,3,3
amazon-sports-and-outdoors,valid,476509,2,0.45756963235954007,1,1,1
amazon-sports-and-outdoors,valid,476802,4,0.7576911125435725,1,1,1
amazon-sports-and-outdoors,valid,476992,28,5.388098061247108,13,21,25
amazon-sports-and-outdoors,valid,477080,9,3.6905000539926616,7,7,9
amazon-sports-and-outdoors,valid,477128,7,0.6539317561836797,5,7,7
amazon-sports-and-outdoors,valid,478014,3,2.7094130819262308,1,1,1
amazon-sports-and-outdoors,valid,478268,5,1.4040516040314344,2,2,2
amazon-sports-and-outdoors,valid,478788,8,2.0191100978436904,6,8,8
amazon-sports-and-outdoors,valid,479649,5,0.6096300174349376,3,5,5
amazon-sports-and-outdoors,valid,480093,2,3.5672306443578066,1,2,2
amazon-sports-and-outdoors,valid,480743,3,0.918554217950333,3,3,3
amazon-sports-and-outdoors,valid,480940,9,2.9587217181218275,7,7,7
amazon-sports-and-outdoors,valid,481048,9,26.554045332423627,4,5,6
amazon-sports-and-outdoors,valid,481384,5,2.0874275345126776,2,2,5
amazon-sports-and-outdoors,valid,481739,5,9.118985947765504,2,2,2
amazon-sports-and-outdoors,valid,482017,4,6.405049510014946,2,3,3
amazon-sports-and-outdoors,valid,482247,3,0.3724727039670266,1,1,1
amazon-sports-and-outdoors,valid,482268,14,4.944024743838856,5,11,14
amazon-sports-and-outdoors,valid,482393,8,3.25847787219481,3,6,6
amazon-sports-and-outdoors,valid,482721,8,12.713243190481219,5,5,5
amazon-sports-and-outdoors,valid,483145,3,0.2935931924572054,3,3,3
amazon-sports-and-outdoors,valid,483267,4,2.0804452326065976,3,3,3
amazon-sports-and-outdoors,valid,483756,6,2.945972709187859,3,4,5
amazon-sports-and-outdoors,valid,484195,14,1.9662395849345538,11,13,14
amazon-sports-and-outdoors,valid,484294,4,2.5147151480674395,2,2,3
amazon-sports-and-outdoors,valid,485346,3,4.654065250891407,1,3,3
amazon-sports-and-outdoors,valid,486143,3,0.08980307944534405,1,1,1
amazon-sports-and-outdoors,valid,486300,3,2.188965261372725,1,2,2
amazon-sports-and-outdoors,valid,486388,4,0.5014640139902453,4,4,4
amazon-sports-and-outdoors,valid,486657,4,1.4824304443007872,1,2,4
amazon-sports-and-outdoors,valid,486902,3,2.7152423067726885,2,3,3
amazon-sports-and-outdoors,valid,487011,10,8.083875650076271,5,8,9
amazon-sports-and-outdoors,valid,487060,3,1.5592114454397215,3,3,3
amazon-sports-and-outdoors,valid,487238,3,0.5100278977504556,1,1,2
amazon-sports-and-outdoors,valid,488012,15,12.16400763272513,7,9,12
amazon-sports-and-outdoors,valid,488463,3,1.215633737046883,1,1,1
amazon-sports-and-outdoors,valid,489081,5,5.204192447556736,2,3,3
amazon-sports-and-outdoors,valid,489397,3,0.5818585582597999,3,3,3
amazon-sports-and-outdoors,valid,489415,9,1.9086914703358238,3,3,3
amazon-sports-and-outdoors,valid,489472,5,5.1525930421765285,5,5,5
amazon-sports-and-outdoors,valid,489838,100,88.58533543453122,50,74,85
amazon-sports-and-outdoors,valid,490050,2,0.43815262886105355,2,2,2
amazon-sports-and-outdoors,valid,492103,10,4.481849544062705,9,10,10
amazon-sports-and-outdoors,valid,492132,5,2.7230401159527102,1,3,5
amazon-sports-and-outdoors,valid,492356,3,0.9346395371936743,3,3,3
amazon-sports-and-outdoors,valid,493387,4,1.0122219030979098,4,4,4
amazon-sports-and-outdoors,valid,493508,14,3.4893385971662374,6,9,13
amazon-sports-and-outdoors,valid,494027,2,3.0241203789187803,2,2,2
amazon-sports-and-outdoors,valid,494623,11,7.655541094363179,5,9,10
amazon-sports-and-outdoors,valid,494907,6,0.25935669032518915,4,4,4
amazon-sports-and-outdoors,valid,495153,4,1.143053854012038,3,4,4
amazon-sports-and-outdoors,valid,495804,5,1.879339949295802,5,5,5
amazon-sports-and-outdoors,valid,496035,3,5.610637704218815,1,2,3
amazon-sports-and-outdoors,valid,496211,10,4.134266796178562,3,8,10
amazon-sports-and-outdoors,valid,497132,13,4.220925810910959,10,13,13
amazon-sports-and-outdoors,valid,498018,6,0.9923200891163086,2,2,6
amazon-sports-and-outdoors,valid,498269,4,1.299968027356634,3,3,3
amazon-sports-and-outdoors,valid,498555,3,0.5645565206679546,3,3,3
amazon-sports-and-outdoors,valid,498724,6,0.022947608085443993,2,2,2
amazon-sports-and-outdoors,valid,499354,4,0.42161541020610666,1,1,1
amazon-sports-and-outdoors,valid,499425,3,0.378310784403007,3,3,3
amazon-sports-and-outdoors,valid,499668,4,3.3322219348194246,2,4,4
amazon-sports-and-outdoors,valid,500335,5,5.54437912602733,1,3,5
amazon-sports-and-outdoors,valid,501128,11,3.157615879684524,2,8,8
amazon-sports-and-outdoors,valid,501166,6,12.636048091402373,3,4,5
amazon-sports-and-outdoors,valid,501170,12,6.371919692227291,5,6,7
amazon-sports-and-outdoors,valid,501494,8,1.9104390614502573,1,8,8
amazon-sports-and-outdoors,valid,501625,1,0.8190151447763323,1,1,1
amazon-sports-and-outdoors,valid,502198,6,1.8900470178934456,2,4,4
amazon-sports-and-outdoors,valid,502365,4,2.227078991726368,1,1,1
amazon-sports-and-outdoors,valid,503139,4,5.466021433434451,3,4,4
amazon-sports-and-outdoors,valid,503580,4,1.6510339958151392,2,2,2
amazon-sports-and-outdoors,valid,503600,9,3.135081312155169,4,6,8
amazon-sports-and-outdoors,valid,503834,5,5.766036382198257,5,5,5
amazon-sports-and-outdoors,valid,504401,5,2.697667662413825,2,5,5
amazon-sports-and-outdoors,valid,505136,5,0.6964818064556719,2,3,3
amazon-sports-and-outdoors,valid,505246,4,1.189111510772825,3,3,3
amazon-sports-and-outdoors,valid,505446,3,5.437775275009011,2,3,3
amazon-sports-and-outdoors,valid,506138,6,0.18242117897503296,1,1,6
amazon-sports-and-outdoors,valid,506155,6,3.697905970293066,3,3,5
amazon-sports-and-outdoors,valid,506415,5,1.9510172230642375,5,5,5
amazon-sports-and-outdoors,valid,507596,4,0.7112099735614392,4,4,4
amazon-sports-and-outdoors,valid,507601,8,1.991553089325274,6,6,7
amazon-sports-and-outdoors,valid,508372,5,0.09777099524798488,4,4,4
amazon-sports-and-outdoors,valid,508952,4,1.2015583722792027,3,3,3
amazon-sports-and-outdoors,valid,509403,4,2.9226363803742688,1,2,2
amazon-sports-and-outdoors,valid,509446,3,2.0091511283012347,3,3,3
amazon-sports-and-outdoors,valid,509556,3,1.183532357200645,2,2,2
amazon-sports-and-outdoors,valid,509667,2,2.5898969883461764,1,2,2
amazon-sports-and-outdoors,valid,510105,2,1.6182151810445975,2,2,2
amazon-sports-and-outdoors,valid,510763,3,7.938274822779167,2,2,2
amazon-sports-and-outdoors,valid,511071,4,1.9260391736915503,2,3,3
amazon-sports-and-outdoors,valid,511105,3,0.5106505646495705,3,3,3
amazon-sports-and-outdoors,valid,511117,8,3.544079225540366,7,7,7
amazon-sports-and-outdoors,valid,511194,5,0.9289181654972222,1,5,5
amazon-sports-and-outdoors,valid,511231,2,0.1470291545833029,1,1,1
amazon-sports-and-outdoors,valid,511329,4,0.8719358173306,3,3,3
amazon-sports-and-outdoors,valid,511356,1,2.3707412379559027,1,1,1
amazon-sports-and-outdoors,valid,512590,10,4.634244194599332,8,10,10
amazon-sports-and-outdoors,valid,512837,13,0.5706087213282115,1,2,2
amazon-sports-and-outdoors,valid,513579,7,2.2454124411516334,5,5,5
amazon-sports-and-outdoors,valid,514340,5,9.183651577226755,2,5,5
amazon-sports-and-outdoors,valid,514470,4,0.8926965574093992,3,3,3
amazon-sports-and-outdoors,valid,515073,3,2.621966778850685,2,2,2
amazon-sports-and-outdoors,valid,515310,3,2.679395673423305,3,3,3
amazon-sports-and-outdoors,valid,516017,4,0.6625966200990425,1,1,1
amazon-sports-and-outdoors,valid,516363,5,2.384333378316203,1,1,1
amazon-sports-and-outdoors,valid,517365,25,12.42242034364181,12,16,18
amazon-sports-and-outdoors,valid,518422,5,3.619991321522268,4,5,5
amazon-sports-and-outdoors,valid,518593,3,0.08237257897104133,1,1,1
amazon-sports-and-outdoors,valid,519303,4,2.4169338433271745,1,4,4
amazon-sports-and-outdoors,valid,519616,4,1.817333243631939,2,2,2
amazon-sports-and-outdoors,valid,519944,2,2.5436491346701224,1,1,1
amazon-sports-and-outdoors,valid,519954,2,0.7642133203134139,2,2,2
amazon-sports-and-outdoors,valid,520151,3,20.206784095308347,1,2,2
amazon-sports-and-outdoors,valid,520521,7,3.540036186317902,7,7,7
amazon-sports-and-outdoors,valid,520629,7,5.928059305486514,5,7,7
amazon-sports-and-outdoors,valid,521406,3,1.179844731115885,2,2,3
amazon-sports-and-outdoors,valid,521488,3,0.4497212009289645,3,3,3
amazon-sports-and-outdoors,valid,521962,4,1.384866960628181,4,4,4
amazon-sports-and-outdoors,valid,522621,25,6.526592740557794,5,14,16
amazon-sports-and-outdoors,valid,522685,7,8.749780824159316,7,7,7
amazon-sports-and-outdoors,valid,522957,9,6.034814891083517,8,9,9
amazon-sports-and-outdoors,valid,523000,4,19.75266113769477,2,3,3
amazon-sports-and-outdoors,valid,523052,3,1.8929314287912131,2,2,2
amazon-sports-and-outdoors,valid,523263,3,3.7964051064765685,2,2,2
amazon-sports-and-outdoors,valid,523651,4,1.9492001089634028,4,4,4
amazon-sports-and-outdoors,valid,523857,6,1.2083818683522773,4,4,4
amazon-sports-and-outdoors,valid,524325,2,0.5697720663777983,2,2,2
amazon-sports-and-outdoors,valid,524497,2,1.9896866747036648,2,2,2
amazon-sports-and-outdoors,valid,524783,6,2.7817894185750354,6,6,6
amazon-sports-and-outdoors,valid,525197,3,4.35599602053598,1,2,2
amazon-sports-and-outdoors,valid,525445,11,2.908346895382312,2,4,4
amazon-sports-and-outdoors,valid,525485,5,0.15071631806264021,4,5,5
amazon-sports-and-outdoors,valid,525853,3,2.7070756028112135,1,1,1
amazon-sports-and-outdoors,valid,525978,3,0.0979340967027732,3,3,3
amazon-sports-and-outdoors,valid,527685,6,3.613496077039928,6,6,6
amazon-sports-and-outdoors,valid,528063,15,8.328433592925467,6,8,8
amazon-sports-and-outdoors,valid,528699,2,15.261663505309322,2,2,2
amazon-sports-and-outdoors,valid,529391,5,6.412137418130405,1,4,5
amazon-sports-and-outdoors,valid,529539,4,0.5961670100740922,4,4,4
amazon-sports-and-outdoors,valid,530490,3,1.3225360346494106,2,3,3
amazon-sports-and-outdoors,valid,530858,3,2.056743181163024,2,3,3
amazon-sports-and-outdoors,valid,531277,6,2.590522827396762,2,3,3
amazon-sports-and-outdoors,valid,531428,4,0.01003681942646728,2,2,2
amazon-sports-and-outdoors,valid,532396,29,11.247289826130412,14,19,23
amazon-sports-and-outdoors,valid,533369,3,3.183807541340734,1,3,3
amazon-sports-and-outdoors,valid,533456,4,1.9671723296399355,4,4,4
amazon-sports-and-outdoors,valid,533779,5,1.865096063981238,5,5,5
amazon-sports-and-outdoors,valid,533908,3,1.5002213236515747,3,3,3
amazon-sports-and-outdoors,valid,534262,3,0.9282078679137276,3,3,3
amazon-sports-and-outdoors,valid,534414,2,1.571952127476079,1,1,2
amazon-sports-and-outdoors,valid,534433,3,5.500734286978993,3,3,3
amazon-sports-and-outdoors,valid,535043,38,55.37477317464822,18,30,33
amazon-sports-and-outdoors,valid,535102,4,1.274595705990727,4,4,4
amazon-sports-and-outdoors,valid,535592,3,4.665784632327157,2,3,3
amazon-sports-and-outdoors,valid,535630,3,6.1003560343507,2,2,2
amazon-sports-and-outdoors,valid,536449,3,3.3316879559885137,1,1,1
amazon-sports-and-outdoors,valid,536600,10,10.37056161487887,7,9,9
amazon-sports-and-outdoors,valid,537159,13,6.617435756993635,10,11,12
amazon-sports-and-outdoors,valid,537283,3,1.882667536188631,1,3,3
amazon-sports-and-outdoors,valid,537762,6,8.950796890709999,4,5,6
amazon-sports-and-outdoors,valid,538162,3,0.8073379265205477,2,2,3
amazon-sports-and-outdoors,valid,538441,3,1.3277703489221229,2,2,2
amazon-sports-and-outdoors,valid,538519,14,3.023333421008075,8,13,13
amazon-sports-and-outdoors,valid,538536,5,2.975114471711877,1,3,3
amazon-sports-and-outdoors,valid,539540,4,2.1939658277339356,1,2,3
amazon-sports-and-outdoors,valid,539875,7,1.3544166856224746,6,6,6
amazon-sports-and-outdoors,valid,540259,3,1.5152376278492694,1,1,2
amazon-sports-and-outdoors,valid,540347,3,2.2670872234594346,2,2,3
amazon-sports-and-outdoors,valid,541014,3,3.328847558692402,3,3,3
amazon-sports-and-outdoors,valid,541043,2,1.1933401208563275,1,2,2
amazon-sports-and-outdoors,valid,541238,10,6.168121384490797,2,2,7
amazon-sports-and-outdoors,valid,542011,13,7.360687632561236,11,13,13
amazon-sports-and-outdoors,valid,542384,3,0.12519702034525432,2,2,2
amazon-sports-and-outdoors,valid,542949,4,3.0677633675454272,4,4,4
amazon-sports-and-outdoors,valid,544153,18,1.9619557265462684,11,16,18
amazon-sports-and-outdoors,valid,544245,7,5.414619891002232,5,5,6
amazon-sports-and-outdoors,valid,544376,4,0.06830329416034664,2,2,2
amazon-sports-and-outdoors,valid,544673,9,1.5190460600358744,8,8,8
amazon-sports-and-outdoors,valid,544819,4,3.02676304543988,1,2,4
amazon-sports-and-outdoors,valid,545079,2,2.07374564870035,1,1,1
amazon-sports-and-outdoors,valid,545149,4,1.3933844516731315,2,2,3
amazon-sports-and-outdoors,valid,545480,7,2.830495160949018,1,7,7
amazon-sports-and-outdoors,valid,545853,3,1.4987530140395458,1,2,2
amazon-sports-and-outdoors,valid,546092,4,1.7418590367259803,4,4,4
amazon-sports-and-outdoors,valid,546369,12,9.99713369680021,3,9,10
amazon-sports-and-outdoors,valid,546529,3,1.3957297289938477,1,1,1
amazon-sports-and-outdoors,valid,546969,2,0.2783422812236521,2,2,2
amazon-sports-and-outdoors,valid,547675,6,19.037047953545958,2,5,6
amazon-sports-and-outdoors,valid,547754,12,6.800534190307675,3,10,10
amazon-sports-and-outdoors,valid,548341,14,31.546617607581865,2,2,2
amazon-sports-and-outdoors,valid,548690,3,3.2269326762397794,2,3,3
amazon-sports-and-outdoors,valid,548815,19,7.1475524934894885,9,14,16
amazon-sports-and-outdoors,valid,548871,2,1.161614244440441,2,2,2
amazon-sports-and-outdoors,valid,549634,8,1.2338917157017402,3,4,4
amazon-sports-and-outdoors,valid,550481,7,4.6636057607856785,4,7,7
amazon-sports-and-outdoors,valid,550597,4,5.443770641288749,2,2,3
amazon-sports-and-outdoors,valid,550808,4,2.6781145207480517,1,2,2
amazon-sports-and-outdoors,valid,551289,3,0.7984134748764943,1,2,2
amazon-sports-and-outdoors,valid,551715,3,0.7725268684533897,2,2,3
amazon-sports-and-outdoors,valid,552787,3,3.0869361153806656,3,3,3
amazon-sports-and-outdoors,valid,552903,3,0.3681350511767163,2,2,2
amazon-sports-and-outdoors,valid,553735,1,1.113155269016288,1,1,1
amazon-sports-and-outdoors,valid,553738,6,6.5138931643175795,3,5,5
amazon-sports-and-outdoors,valid,553915,3,4.519093642307936,3,3,3
amazon-sports-and-outdoors,valid,554157,2,0.03389866800038016,1,1,1
amazon-sports-and-outdoors,valid,554262,4,3.616783615520438,4,4,4
amazon-sports-and-outdoors,valid,554788,7,5.48884109807724,5,7,7
amazon-sports-and-outdoors,valid,555161,9,4.2910203132684615,2,9,9
amazon-sports-and-outdoors,valid,555289,5,1.047680873102971,2,5,5
amazon-sports-and-outdoors,valid,556137,4,3.059561241225862,3,4,4
amazon-sports-and-outdoors,valid,556149,4,0.9692841894815951,4,4,4
amazon-sports-and-outdoors,valid,557850,3,2.3419550207425663,1,3,3
amazon-sports-and-outdoors,valid,558398,6,2.036750035653661,5,5,5
amazon-sports-and-outdoors,valid,558874,3,8.00190765259073,1,2,3
amazon-sports-and-outdoors,valid,558892,2,0.5689325036218701,2,2,2
amazon-sports-and-outdoors,valid,558911,7,12.411904925862194,1,5,7
amazon-sports-and-outdoors,valid,559183,4,7.478805468207575,1,2,3
amazon-sports-and-outdoors,valid,559328,4,0.8662697600254194,3,3,3
amazon-sports-and-outdoors,valid,559488,3,0.2844042626842772,1,1,1
amazon-sports-and-outdoors,valid,560337,10,2.611824353214837,8,8,8
amazon-sports-and-outdoors,valid,561105,4,1.3429612536236875,3,3,3
amazon-sports-and-outdoors,valid,561649,2,1.6010936256541406,1,1,1
amazon-sports-and-outdoors,valid,561905,4,2.9315987656629936,2,4,4
amazon-sports-and-outdoors,valid,562620,13,8.990428958147824,6,12,13
amazon-sports-and-outdoors,valid,562712,2,0.9915705361583634,1,1,1
amazon-sports-and-outdoors,valid,563013,2,2.4548746253391722,2,2,2
amazon-sports-and-outdoors,valid,563122,3,2.561615671908603,2,3,3
amazon-sports-and-outdoors,valid,563365,4,0.7244808014123476,3,4,4
amazon-sports-and-outdoors,valid,563533,9,10.03433616055739,7,9,9
amazon-sports-and-outdoors,valid,563826,3,0.8456728483527877,3,3,3
amazon-sports-and-outdoors,valid,563881,4,1.6190217005560386,4,4,4
amazon-sports-and-outdoors,valid,564031,2,2.384085157463616,1,1,1
amazon-sports-and-outdoors,valid,564347,4,5.34496975419659,4,4,4
amazon-sports-and-outdoors,valid,565188,3,0.33701413048089945,3,3,3
amazon-sports-and-outdoors,valid,565198,5,5.091364174487892,4,5,5
amazon-sports-and-outdoors,valid,565318,2,1.3352284735488165,1,1,1
amazon-sports-and-outdoors,valid,565455,5,1.3815549701467502,3,3,3
amazon-sports-and-outdoors,valid,565670,2,1.7547665210605086,1,2,2
amazon-sports-and-outdoors,valid,565684,3,0.7081621968629273,3,3,3
amazon-sports-and-outdoors,valid,568603,6,1.711758491419925,3,3,5
amazon-sports-and-outdoors,valid,568674,2,1.2626114499071683,2,2,2
amazon-sports-and-outdoors,valid,569132,25,11.039847377218901,11,20,22
amazon-sports-and-outdoors,valid,569285,15,7.2915657911484555,4,9,10
amazon-sports-and-outdoors,valid,569767,3,5.081266291145614,1,3,3
amazon-sports-and-outdoors,valid,569807,6,4.644749567232627,2,6,6
amazon-sports-and-outdoors,valid,569813,7,5.918539678922759,5,5,5
amazon-sports-and-outdoors,valid,570318,4,1.2484603500231235,1,1,2
amazon-sports-and-outdoors,valid,570667,4,6.518855598774651,2,3,4
amazon-sports-and-outdoors,valid,571127,8,3.547936429555834,3,7,7
amazon-sports-and-outdoors,valid,571623,9,5.399447226171624,5,9,9
amazon-sports-and-outdoors,valid,572025,12,4.873119756780573,6,10,10
amazon-sports-and-outdoors,valid,572211,3,0.7474418911415422,3,3,3
amazon-sports-and-outdoors,valid,572587,4,1.7898996846749267,2,4,4
amazon-sports-and-outdoors,valid,574477,1,0.3302125090356751,1,1,1
amazon-sports-and-outdoors,valid,574512,5,3.8114285480150727,4,5,5
amazon-sports-and-outdoors,valid,575327,4,2.472982323318102,2,4,4
amazon-sports-and-outdoors,valid,575777,3,3.839468516594912,3,3,3
amazon-sports-and-outdoors,valid,575829,4,0.4181889579257725,3,3,3
amazon-sports-and-outdoors,valid,576018,16,41.63810787509072,7,11,13
amazon-sports-and-outdoors,valid,576132,4,1.3281504784067024,1,2,2
amazon-sports-and-outdoors,valid,576309,11,10.880193786733349,8,9,10
amazon-sports-and-outdoors,valid,576495,3,0.8096674752568881,2,2,2
amazon-sports-and-outdoors,valid,576742,3,10.661381950431698,2,2,2
amazon-sports-and-outdoors,valid,577234,9,4.79770119469833,5,6,6
amazon-sports-and-outdoors,valid,577723,4,1.5332349613916123,4,4,4
amazon-sports-and-outdoors,valid,577787,3,2.499158388562914,1,1,3
amazon-sports-and-outdoors,valid,578502,5,1.1265667289157335,1,1,1
amazon-sports-and-outdoors,valid,579104,4,10.117308011810447,2,2,2
amazon-sports-and-outdoors,valid,579257,3,2.259834892159406,2,3,3
amazon-sports-and-outdoors,valid,579282,3,1.6431607158647092,2,2,2
amazon-sports-and-outdoors,valid,579484,3,2.877155658662227,1,1,1
amazon-sports-and-outdoors,valid,579640,3,4.4931759752350136,1,2,3
amazon-sports-and-outdoors,valid,579953,3,0.013403000828856815,3,3,3
amazon-sports-and-outdoors,valid,580584,3,0.3353268102444103,2,2,2
amazon-sports-and-outdoors,valid,580946,12,1.0222955987852245,9,12,12
amazon-sports-and-outdoors,valid,580968,6,38.44405177321285,2,3,5
amazon-sports-and-outdoors,valid,581736,3,3.242157417223698,1,2,2
amazon-sports-and-outdoors,valid,582033,4,4.235967756666375,4,4,4
amazon-sports-and-outdoors,valid,582065,1,0.5352320950884125,1,1,1
amazon-sports-and-outdoors,valid,582636,3,11.775832911150813,3,3,3
amazon-sports-and-outdoors,valid,582649,3,0.2692349021781182,3,3,3
amazon-sports-and-outdoors,valid,582716,3,3.173577352847528,2,2,2
amazon-sports-and-outdoors,valid,582820,8,3.8353912445711598,4,7,7
amazon-sports-and-outdoors,valid,582945,4,2.478588836696717,2,4,4
amazon-sports-and-outdoors,valid,583097,3,1.190793676263174,1,1,1
amazon-sports-and-outdoors,valid,583275,2,0.2785119913273379,2,2,2
amazon-sports-and-outdoors,valid,584036,5,4.288233049509486,3,5,5
amazon-sports-and-outdoors,valid,584852,10,4.719904444223863,9,10,10
amazon-sports-and-outdoors,valid,584882,3,0.5205719970662884,2,2,2
amazon-sports-and-outdoors,valid,584887,4,1.8369411049105828,1,3,3
amazon-sports-and-outdoors,valid,584918,3,0.8121888069842316,2,2,2
amazon-sports-and-outdoors,valid,585082,2,1.3652160109587261,2,2,2
amazon-sports-and-outdoors,valid,585806,3,3.441859948719528,3,3,3
amazon-sports-and-outdoors,valid,585974,19,5.8771890984256485,8,15,18
amazon-sports-and-outdoors,valid,586465,5,2.7427543764786027,3,5,5
amazon-sports-and-outdoors,valid,586585,6,22.718305679882597,3,3,4
amazon-sports-and-outdoors,valid,586947,3,0.08715882684850851,1,3,3
amazon-sports-and-outdoors,valid,587439,2,2.0415226697143996,1,2,2
amazon-sports-and-outdoors,valid,587601,3,1.439150667017542,3,3,3
amazon-sports-and-outdoors,valid,587875,3,2.5042560359764274,1,3,3
amazon-sports-and-outdoors,valid,588756,4,0.8552540675242666,1,2,2
amazon-sports-and-outdoors,valid,588843,3,0.16648984125100136,3,3,3
amazon-sports-and-outdoors,valid,588928,5,59.50049135304552,3,5,5
amazon-sports-and-outdoors,valid,589289,2,1.712109542849356,2,2,2
amazon-sports-and-outdoors,valid,589688,4,2.3083082744381556,3,4,4
amazon-sports-and-outdoors,valid,590999,3,0.06585650799256593,2,2,2
amazon-sports-and-outdoors,valid,591160,4,2.317912491707798,3,3,3
amazon-sports-and-outdoors,valid,591284,6,0.8348505249183733,6,6,6
amazon-sports-and-outdoors,valid,592553,5,0.7847601384274032,4,5,5
amazon-sports-and-outdoors,valid,592806,9,1.748398030464021,5,6,6
amazon-sports-and-outdoors,valid,592983,3,0.9918771774672036,2,2,2
amazon-sports-and-outdoors,valid,593627,3,1.9005242376824367,2,2,2
amazon-sports-and-outdoors,valid,593715,3,2.728882690269941,3,3,3
amazon-sports-and-outdoors,valid,593831,30,41.22779365101814,18,25,27
amazon-sports-and-outdoors,valid,594200,5,2.044817213362741,3,3,3
amazon-sports-and-outdoors,valid,594238,4,0.8419980430468885,4,4,4
amazon-sports-and-outdoors,valid,594359,8,4.0033593084075365,6,8,8
amazon-sports-and-outdoors,valid,594583,3,1.268408556719985,1,1,1
amazon-sports-and-outdoors,valid,594868,5,4.30786602365394,3,4,5
amazon-sports-and-outdoors,valid,595078,5,1.0953182612961967,3,5,5
amazon-sports-and-outdoors,valid,595099,10,11.028406880766624,1,1,2
amazon-sports-and-outdoors,valid,595400,3,3.306281401821317,1,2,2
amazon-sports-and-outdoors,valid,595519,8,4.1189373081096186,5,6,8
amazon-sports-and-outdoors,valid,595524,10,4.471278084940436,6,9,9
amazon-sports-and-outdoors,valid,595731,5,4.48166291581784,1,5,5
amazon-sports-and-outdoors,valid,595871,6,15.407806770507927,1,1,3
amazon-sports-and-outdoors,valid,596163,3,0.9150853381440773,1,3,3
amazon-sports-and-outdoors,valid,596457,11,2.385138047405954,2,6,9
amazon-sports-and-outdoors,valid,596833,4,0.022404905837987932,3,3,3
amazon-sports-and-outdoors,valid,596949,4,1.3286900085026878,1,4,4
amazon-sports-and-outdoors,valid,596986,4,1.9889121410528872,3,3,3
amazon-sports-and-outdoors,valid,597035,2,2.552467187066927,1,2,2
amazon-sports-and-outdoors,valid,597395,3,1.0408764760252096,3,3,3
amazon-sports-and-outdoors,valid,598643,7,3.0593303350333865,1,1,6
amazon-sports-and-outdoors,valid,598678,5,5.142481016325609,1,5,5
amazon-sports-and-outdoors,valid,598895,3,1.9070757878533826,1,3,3
amazon-sports-and-outdoors,valid,598970,3,2.872030783615256,1,3,3
amazon-sports-and-outdoors,valid,599062,3,1.6021363382771754,3,3,3
amazon-sports-and-outdoors,valid,599847,4,0.7220488186180971,4,4,4
amazon-sports-and-outdoors,valid,599961,17,9.441122687848532,7,16,17
amazon-sports-and-outdoors,valid,600183,16,12.896660689364028,8,11,16
amazon-sports-and-outdoors,valid,600725,6,3.645472156903071,2,3,3
amazon-sports-and-outdoors,valid,601009,5,5.100365947324046,2,2,2
amazon-sports-and-outdoors,valid,601324,9,8.019864409028841,7,7,7
amazon-sports-and-outdoors,valid,601330,2,0.7023257025026822,1,2,2
amazon-sports-and-outdoors,valid,601387,14,5.959315174792815,6,9,10
amazon-sports-and-outdoors,valid,601542,3,1.0840727199863915,3,3,3
amazon-sports-and-outdoors,valid,601635,4,2.361468774860911,2,2,2
amazon-sports-and-outdoors,valid,601708,10,0.7352086211675288,10,10,10
amazon-sports-and-outdoors,valid,601888,3,1.2808357244526485,2,2,3
amazon-sports-and-outdoors,valid,601931,13,5.363723249345778,5,5,13
amazon-sports-and-outdoors,valid,602076,1,0.7241634540922934,1,1,1
amazon-sports-and-outdoors,valid,602792,4,1.4595642547697594,1,3,3
amazon-sports-and-outdoors,valid,602994,3,0.8448869478259065,1,1,1
amazon-sports-and-outdoors,valid,603106,2,0.46454281433014144,1,1,1
amazon-sports-and-outdoors,valid,603181,5,2.52808312305714,1,4,4
amazon-sports-and-outdoors,valid,603414,3,3.7717377957750373,2,2,2
amazon-sports-and-outdoors,valid,603689,6,1.452216494579652,4,6,6
amazon-sports-and-outdoors,valid,604304,3,1.324598726143273,1,1,1
amazon-sports-and-outdoors,valid,604534,5,12.664767957780779,4,4,4
amazon-sports-and-outdoors,valid,604614,3,6.82494230979945,1,2,3
amazon-sports-and-outdoors,valid,604634,3,3.900396558585739,1,1,1
amazon-sports-and-outdoors,valid,604758,4,61.63285849309852,3,4,4
amazon-sports-and-outdoors,valid,604816,2,1.092674537391273,1,1,1
amazon-sports-and-outdoors,valid,604997,3,0.23824747619002928,2,2,2
amazon-sports-and-outdoors,valid,605050,14,5.469426605865334,8,14,14
amazon-sports-and-outdoors,valid,606300,3,1.9784359786477197,2,2,2
amazon-sports-and-outdoors,valid,606564,5,13.74779122432226,3,4,4
amazon-sports-and-outdoors,valid,607034,3,7.974548242674346,1,1,2
amazon-sports-and-outdoors,valid,607090,3,0.0020307056331990703,1,1,1
amazon-sports-and-outdoors,valid,607634,4,5.496787205338519,2,3,4
amazon-sports-and-outdoors,valid,607648,3,0.6121218745881987,2,2,2
amazon-sports-and-outdoors,valid,607700,5,0.8579818534431656,1,4,4
amazon-sports-and-outdoors,valid,608967,4,0.23278569222226786,1,1,1
amazon-sports-and-outdoors,valid,609199,4,5.272875210336773,3,4,4
amazon-sports-and-outdoors,valid,609231,7,2.2326504792658266,4,4,4
amazon-sports-and-outdoors,valid,609367,10,3.0315389838250675,7,10,10
amazon-sports-and-outdoors,valid,609533,3,1.7656768716982363,1,1,2
amazon-sports-and-outdoors,valid,610142,9,1.9239748961219523,2,8,9
amazon-sports-and-outdoors,valid,610216,3,0.5833979108474759,1,2,2
amazon-sports-and-outdoors,valid,610366,5,0.8805926847807969,2,2,2
amazon-sports-and-outdoors,valid,610591,3,3.91898087232315,2,3,3
amazon-sports-and-outdoors,valid,610843,1,0.5765808251638317,1,1,1
amazon-sports-and-outdoors,valid,611568,4,3.0161276145962845,2,3,3
amazon-sports-and-outdoors,valid,611937,9,4.402477291691091,5,9,9
amazon-sports-and-outdoors,valid,612472,4,4.085096664046558,1,2,2
amazon-sports-and-outdoors,valid,612545,5,4.372830099699399,4,5,5
amazon-sports-and-outdoors,valid,612748,3,5.509021532696357,3,3,3
amazon-sports-and-outdoors,valid,613210,3,0.8764865990478523,1,2,2
amazon-sports-and-outdoors,valid,614352,4,28.474117292679743,1,2,2
amazon-sports-and-outdoors,valid,614512,5,0.6970234513193045,1,2,2
amazon-sports-and-outdoors,valid,614847,2,0.5413432448968344,2,2,2
amazon-sports-and-outdoors,valid,614899,28,14.987606272030757,13,24,28
amazon-sports-and-outdoors,valid,615228,3,3.763413277277892,1,3,3
amazon-sports-and-outdoors,valid,615307,4,2.7154013108651607,4,4,4
amazon-sports-and-outdoors,valid,615377,13,11.780591667048865,3,12,13
amazon-sports-and-outdoors,valid,615553,2,8.332489056407859,2,2,2
amazon-sports-and-outdoors,valid,615569,4,1.8521893726845773,2,2,4
amazon-sports-and-outdoors,valid,615577,4,7.195817571154992,2,3,4
amazon-sports-and-outdoors,valid,615776,12,1.9681219924864948,5,9,9
amazon-sports-and-outdoors,valid,615899,6,4.685076600188506,6,6,6
amazon-sports-and-outdoors,valid,616127,2,0.564086777904326,2,2,2
amazon-sports-and-outdoors,valid,616414,3,5.655079810670139,3,3,3
amazon-sports-and-outdoors,valid,617125,2,0.247248059469381,2,2,2
amazon-sports-and-outdoors,valid,617640,4,2.163903216072551,2,4,4
amazon-sports-and-outdoors,valid,618448,3,0.1734207278686592,1,1,1
amazon-sports-and-outdoors,valid,618468,7,2.5760738096204214,2,7,7
amazon-sports-and-outdoors,valid,618618,5,9.682752338371284,4,5,5
amazon-sports-and-outdoors,valid,618672,3,1.0044496033026327,3,3,3
amazon-sports-and-outdoors,valid,619020,6,1.616664395494329,2,2,2
amazon-sports-and-outdoors,valid,619041,8,4.492717599347489,3,5,5
amazon-sports-and-outdoors,valid,619643,5,2.862002819778311,4,4,4
amazon-sports-and-outdoors,valid,619968,3,1.8109173029363683,3,3,3
amazon-sports-and-outdoors,valid,620017,3,1.907034549884263,2,3,3
amazon-sports-and-outdoors,valid,620071,4,21.076149478650297,1,2,4
amazon-sports-and-outdoors,valid,620334,9,7.658755673359861,6,8,8
amazon-sports-and-outdoors,valid,620417,3,1.4577010122996208,3,3,3
amazon-sports-and-outdoors,valid,621345,3,1.2433464453333225,3,3,3
amazon-sports-and-outdoors,valid,621483,5,1.1479782226514612,2,3,4
amazon-sports-and-outdoors,valid,621707,3,0.9727439493523722,1,1,1
amazon-sports-and-outdoors,valid,621825,3,4.707925078540487,3,3,3
amazon-sports-and-outdoors,valid,622207,3,1.9046551719352358,2,2,2
amazon-sports-and-outdoors,valid,622567,3,1.1874938456957143,2,2,3
amazon-sports-and-outdoors,valid,622886,9,2.99022620479965,1,3,3
amazon-sports-and-outdoors,valid,623522,6,4.397484325276113,4,6,6
amazon-sports-and-outdoors,valid,623696,8,2.3169678514344003,4,5,7
amazon-sports-and-outdoors,valid,624111,4,2.882024778996868,3,4,4
amazon-sports-and-outdoors,valid,624220,3,2.6239476552711967,3,3,3
amazon-sports-and-outdoors,valid,624239,3,8.824967819184195,2,2,2
amazon-sports-and-outdoors,valid,624616,3,5.266932713248213,1,1,1
amazon-sports-and-outdoors,valid,624818,4,1.2287783397038505,4,4,4
amazon-sports-and-outdoors,valid,625215,17,12.000052076153313,11,15,16
amazon-sports-and-outdoors,valid,625282,3,5.093435985917234,2,3,3
amazon-sports-and-outdoors,valid,625329,8,4.98850676652952,6,8,8
amazon-sports-and-outdoors,valid,625462,3,2.9398632776281506,2,2,2
amazon-sports-and-outdoors,valid,625726,5,6.254767908876777,3,5,5
amazon-sports-and-outdoors,valid,625762,3,0.5944889419460595,2,2,2
amazon-sports-and-outdoors,valid,625764,4,1.0391632498850425,4,4,4
amazon-sports-and-outdoors,valid,625845,4,5.697346085558475,1,2,4
amazon-sports-and-outdoors,valid,625911,4,1.5718325109310358,1,1,1
amazon-sports-and-outdoors,valid,627008,12,6.222234455565626,4,5,12
amazon-sports-and-outdoors,valid,627874,3,2.5733325420577717,1,3,3
amazon-sports-and-outdoors,valid,628356,8,8.566416062294712,2,2,3
amazon-sports-and-outdoors,valid,628433,3,2.906481141625593,2,3,3
amazon-sports-and-outdoors,valid,628839,36,9.260104128515486,15,24,30
amazon-sports-and-outdoors,valid,628984,4,3.8774605817223544,2,2,2
amazon-sports-and-outdoors,valid,628997,4,2.7669728277470202,2,3,3
amazon-sports-and-outdoors,valid,629002,2,0.607825856285942,2,2,2
amazon-sports-and-outdoors,valid,629018,3,7.884515710939283,2,3,3
amazon-sports-and-outdoors,valid,629040,8,2.0472018782308856,2,2,2
amazon-sports-and-outdoors,valid,630165,2,0.3898243725120915,2,2,2
amazon-sports-and-outdoors,valid,630449,4,2.2941094601090715,4,4,4
amazon-sports-and-outdoors,valid,631404,10,0.5159139569774314,3,3,3
amazon-sports-and-outdoors,valid,631419,13,4.93142244691041,8,12,12
amazon-sports-and-outdoors,valid,631437,3,2.9812461083318804,1,3,3
amazon-sports-and-outdoors,valid,631566,3,2.2293552747525953,3,3,3
amazon-sports-and-outdoors,test,11,7,1.2099569076439995,3,4,7
amazon-sports-and-outdoors,test,585,4,3.1010556259229807,4,4,4
amazon-sports-and-outdoors,test,802,5,18.65930921379151,1,2,4
amazon-sports-and-outdoors,test,1962,6,16.398142811052253,3,5,6
amazon-sports-and-outdoors,test,2571,4,5.55101420952034,3,4,4
amazon-sports-and-outdoors,test,2579,4,0.1771932090052622,3,3,3
amazon-sports-and-outdoors,test,2644,7,12.239843729244713,3,4,5
amazon-sports-and-outdoors,test,3026,4,1.3873824767444949,4,4,4
amazon-sports-and-outdoors,test,3281,5,2.0770790512042083,4,4,4
amazon-sports-and-outdoors,test,3407,6,3.29973249510993,2,4,4
amazon-sports-and-outdoors,test,3601,3,0.3627915620242186,1,1,2
amazon-sports-and-outdoors,test,3994,3,2.5733868651517087,2,2,3
amazon-sports-and-outdoors,test,4039,4,2.5143662114056555,1,1,3
amazon-sports-and-outdoors,test,4045,6,3.8853552736952115,4,5,5
amazon-sports-and-outdoors,test,4462,4,1.9414570193962524,4,4,4
amazon-sports-and-outdoors,test,4675,8,6.005867158491129,5,5,7
amazon-sports-and-outdoors,test,5530,4,1.8063766324519288,4,4,4
amazon-sports-and-outdoors,test,6010,4,1.2222686883669143,3,3,3
amazon-sports-and-outdoors,test,6106,38,12.085217866667335,19,33,35
amazon-sports-and-outdoors,test,6321,9,2.3726590678659334,4,7,7
amazon-sports-and-outdoors,test,6462,8,1.291421458256535,6,6,6
amazon-sports-and-outdoors,test,6672,10,0.1403965162903857,9,9,9
amazon-sports-and-outdoors,test,6770,11,6.489442617299884,4,4,6
amazon-sports-and-outdoors,test,7127,5,19.2048196083371,1,3,4
amazon-sports-and-outdoors,test,7619,4,1.9766114628601201,2,3,4
amazon-sports-and-outdoors,test,8858,6,0.20948333186401036,5,6,6
amazon-sports-and-outdoors,test,9138,4,3.358228818652462,1,3,3
amazon-sports-and-outdoors,test,9437,13,12.668923476207478,4,6,9
amazon-sports-and-outdoors,test,9441,9,2.707221125259935,7,8,8
amazon-sports-and-outdoors,test,10246,4,2.0295939262815788,4,4,4
amazon-sports-and-outdoors,test,10354,5,3.2729241143386134,4,5,5
amazon-sports-and-outdoors,test,10799,10,4.473192081834107,9,10,10
amazon-sports-and-outdoors,test,10813,5,3.416738888184701,3,4,5
amazon-sports-and-outdoors,test,10887,5,5.05506650085126,3,3,3
amazon-sports-and-outdoors,test,11054,6,5.0801268279027205,5,5,5
amazon-sports-and-outdoors,test,11897,3,2.200651401304521,1,2,2
amazon-sports-and-outdoors,test,12451,3,2.8615959913521865,3,3,3
amazon-sports-and-outdoors,test,12858,5,3.181186815533973,4,4,4
amazon-sports-and-outdoors,test,14410,5,1.4599688362552594,3,5,5
amazon-sports-and-outdoors,test,14969,31,31.149345816454293,4,17,25
amazon-sports-and-outdoors,test,15532,8,19.39809073489894,3,5,5
amazon-sports-and-outdoors,test,16304,2,1.4687611149213642,2,2,2
amazon-sports-and-outdoors,test,16921,12,3.2499457099493076,7,9,9
amazon-sports-and-outdoors,test,17036,5,1.2990557694628344,1,2,2
amazon-sports-and-outdoors,test,17166,4,2.2073668459681226,4,4,4
amazon-sports-and-outdoors,test,17801,3,0.7468851785584236,3,3,3
amazon-sports-and-outdoors,test,18024,4,7.321428821613138,2,3,4
amazon-sports-and-outdoors,test,18698,5,2.275902896742637,5,5,5
amazon-sports-and-outdoors,test,19471,4,0.662395320653627,4,4,4
amazon-sports-and-outdoors,test,20008,10,20.336489139412485,1,2,7
amazon-sports-and-outdoors,test,20463,10,6.008642262336133,6,10,10
amazon-sports-and-outdoors,test,20820,3,1.522435371709405,2,3,3
amazon-sports-and-outdoors,test,20844,3,1.0595318988247575,2,3,3
amazon-sports-and-outdoors,test,20873,6,7.89596982120829,1,5,6
amazon-sports-and-outdoors,test,21005,3,0.8215864378893403,3,3,3
amazon-sports-and-outdoors,test,21436,2,0.5886067157354441,2,2,2
amazon-sports-and-outdoors,test,21549,17,2.970304168352423,12,13,15
amazon-sports-and-outdoors,test,21650,7,5.557558093658566,5,5,5
amazon-sports-and-outdoors,test,21800,5,0.7729911921249224,3,5,5
amazon-sports-and-outdoors,test,22041,6,4.670027384919301,4,5,5
amazon-sports-and-outdoors,test,23875,4,1.610120379183126,1,3,3
amazon-sports-and-outdoors,test,24453,4,0.5779511945992006,2,4,4
amazon-sports-and-outdoors,test,24503,13,19.2548990244709,1,3,5
amazon-sports-and-outdoors,test,24670,4,1.1816441340376742,3,3,3
amazon-sports-and-outdoors,test,24878,9,3.5280578780183514,7,8,8
amazon-sports-and-outdoors,test,25165,11,4.067613086869501,3,5,5
amazon-sports-and-outdoors,test,25449,4,4.870998512657479,1,3,3
amazon-sports-and-outdoors,test,25450,4,7.1414275976913615,2,3,3
amazon-sports-and-outdoors,test,25902,9,1.7166210031056686,7,7,8
amazon-sports-and-outdoors,test,26234,12,2.5242429693558273,5,9,9
amazon-sports-and-outdoors,test,26407,3,1.529855166172494,1,1,1
amazon-sports-and-outdoors,test,28025,4,1.1458987451893992,3,4,4
amazon-sports-and-outdoors,test,28071,12,5.432961799498086,10,12,12
amazon-sports-and-outdoors,test,28835,14,1.531734401572964,1,9,9
amazon-sports-and-outdoors,test,29585,5,4.768145995099291,1,4,5
amazon-sports-and-outdoors,test,30460,39,18.36221555218632,23,38,39
amazon-sports-and-outdoors,test,30612,14,9.068065647145996,2,9,9
amazon-sports-and-outdoors,test,31816,7,8.2077434067823,2,6,6
amazon-sports-and-outdoors,test,31863,6,4.7512225670027775,4,6,6
amazon-sports-and-outdoors,test,32170,4,5.962584209056413,1,1,1
amazon-sports-and-outdoors,test,32272,4,1.0774186035845574,3,3,3
amazon-sports-and-outdoors,test,32435,3,4.067571716727403,3,3,3
amazon-sports-and-outdoors,test,32498,4,6.9644146726280205,3,4,4
amazon-sports-and-outdoors,test,32671,2,3.9877047408993294,1,1,1
amazon-sports-and-outdoors,test,33449,4,1.2389897596341877,1,1,4
amazon-sports-and-outdoors,test,33476,12,14.843460272701932,2,6,8
amazon-sports-and-outdoors,test,33517,11,10.093633452346289,6,9,9
amazon-sports-and-outdoors,test,33597,9,25.35365695534523,1,5,5
amazon-sports-and-outdoors,test,33904,4,0.12600790156496777,3,3,3
amazon-sports-and-outdoors,test,34419,18,8.916968803079842,3,16,17
amazon-sports-and-outdoors,test,34441,6,4.929012669176456,3,4,4
amazon-sports-and-outdoors,test,34832,6,19.0484509128725,3,4,6
amazon-sports-and-outdoors,test,35088,4,8.636480164867285,2,2,2
amazon-sports-and-outdoors,test,35484,4,7.03750447901179,2,4,4
amazon-sports-and-outdoors,test,35566,4,0.026568354643362296,3,3,3
amazon-sports-and-outdoors,test,36134,9,2.6790180552253067,8,9,9
amazon-sports-and-outdoors,test,37569,9,4.76758743209448,5,8,8
amazon-sports-and-outdoors,test,37734,5,6.710697406752955,3,5,5
amazon-sports-and-outdoors,test,38272,14,8.456834882775127,6,8,14
amazon-sports-and-outdoors,test,38300,6,2.427925612519319,5,6,6
amazon-sports-and-outdoors,test,38404,4,1.0358174231212571,1,3,3
amazon-sports-and-outdoors,test,38637,5,5.040726459695238,1,3,5
amazon-sports-and-outdoors,test,39047,3,1.235036730209707,1,3,3
amazon-sports-and-outdoors,test,39621,3,7.211644492226445,2,2,2
amazon-sports-and-outdoors,test,40263,5,3.2907687880914263,3,3,5
amazon-sports-and-outdoors,test,40354,3,0.040626801269864954,1,1,1
amazon-sports-and-outdoors,test,40951,5,4.8587824251706,3,4,5
amazon-sports-and-outdoors,test,41123,4,10.835874601151517,4,4,4
amazon-sports-and-outdoors,test,41146,5,5.564221462168856,4,4,4
amazon-sports-and-outdoors,test,41804,4,0.9272572798563227,2,4,4
amazon-sports-and-outdoors,test,41998,4,3.6494140837974034,2,4,4
amazon-sports-and-outdoors,test,42070,4,2.1692081107154877,2,3,4
amazon-sports-and-outdoors,test,43022,3,5.39489016623792,1,1,3
amazon-sports-and-outdoors,test,43211,5,10.180152033289616,2,5,5
amazon-sports-and-outdoors,test,43627,4,0.5323079001242824,1,1,4
amazon-sports-and-outdoors,test,43921,5,4.371656668001174,2,3,4
amazon-sports-and-outdoors,test,43926,6,6.707680822877238,5,6,6
amazon-sports-and-outdoors,test,44095,17,6.6572095138638225,9,14,15
amazon-sports-and-outdoors,test,44415,20,6.843652584384847,8,13,14
amazon-sports-and-outdoors,test,44452,3,3.2348276325585923,1,2,2
amazon-sports-and-outdoors,test,44736,5,1.8156543824660385,3,3,3
amazon-sports-and-outdoors,test,44800,15,3.621706728516571,10,12,13
amazon-sports-and-outdoors,test,45556,13,9.243515098053184,5,10,12
amazon-sports-and-outdoors,test,45865,7,2.397766118065099,6,6,6
amazon-sports-and-outdoors,test,47020,4,4.504922716477199,2,4,4
amazon-sports-and-outdoors,test,47174,6,5.340437807128697,3,3,3
amazon-sports-and-outdoors,test,48035,5,1.0849252356941586,1,5,5
amazon-sports-and-outdoors,test,48075,4,1.506530865099897,2,3,3
amazon-sports-and-outdoors,test,48410,3,1.2452000391760707,2,2,2
amazon-sports-and-outdoors,test,48767,3,1.9999316665704008,3,3,3
amazon-sports-and-outdoors,test,49428,12,3.5014870120884085,2,6,11
amazon-sports-and-outdoors,test,49429,8,2.153628881804711,3,3,3
amazon-sports-and-outdoors,test,49936,11,2.4525440192190087,5,9,9
amazon-sports-and-outdoors,test,51050,4,2.160141440947162,3,4,4
amazon-sports-and-outdoors,test,51240,4,2.5819266934299323,2,3,4
amazon-sports-and-outdoors,test,51818,5,2.3954562631024725,5,5,5
amazon-sports-and-outdoors,test,51856,4,5.043833185541915,3,3,4
amazon-sports-and-outdoors,test,52316,5,3.1774328386142825,5,5,5
amazon-sports-and-outdoors,test,52943,8,3.388922820629505,6,6,8
amazon-sports-and-outdoors,test,53273,5,3.249783798051321,2,5,5
amazon-sports-and-outdoors,test,53864,8,2.716228185015206,6,6,7
amazon-sports-and-outdoors,test,54058,5,3.3033302435696856,2,4,4
amazon-sports-and-outdoors,test,54060,8,6.545122334682335,2,5,5
amazon-sports-and-outdoors,test,54106,3,1.2683854264488437,2,3,3
amazon-sports-and-outdoors,test,54315,5,15.622248175120736,1,1,1
amazon-sports-and-outdoors,test,54340,4,2.531758721400907,1,1,1
amazon-sports-and-outdoors,test,54371,17,11.447912678071695,9,14,15
amazon-sports-and-outdoors,test,54500,4,3.1852736040121368,3,3,3
amazon-sports-and-outdoors,test,55679,5,1.400382746509543,3,5,5
amazon-sports-and-outdoors,test,56147,5,2.6424664112115464,4,4,5
amazon-sports-and-outdoors,test,56284,7,0.4366746706216347,6,6,6
amazon-sports-and-outdoors,test,56637,6,2.776221631878959,2,2,2
amazon-sports-and-outdoors,test,57025,4,1.2995548546275677,4,4,4
amazon-sports-and-outdoors,test,57130,8,70.18100005511613,5,7,8
amazon-sports-and-outdoors,test,57412,11,1.9790234875347004,11,11,11
amazon-sports-and-outdoors,test,57597,8,2.300863763628191,4,5,5
amazon-sports-and-outdoors,test,57779,32,6.224605506617043,13,19,30
amazon-sports-and-outdoors,test,57876,69,127.1187108957984,27,30,49
amazon-sports-and-outdoors,test,58004,2,1.818413889899645,1,1,1
amazon-sports-and-outdoors,test,58349,9,19.729584396609866,1,2,3
amazon-sports-and-outdoors,test,59199,6,2.254465761449187,2,2,2
amazon-sports-and-outdoors,test,59509,5,1.4822802957978376,1,2,2
amazon-sports-and-outdoors,test,59916,13,6.955667993639308,6,12,12
amazon-sports-and-outdoors,test,59965,5,1.3056757852363579,2,3,3
amazon-sports-and-outdoors,test,59997,7,3.7847835330445,1,5,7
amazon-sports-and-outdoors,test,60223,4,2.1034215222282566,2,2,2
amazon-sports-and-outdoors,test,60432,4,4.947904417260576,2,4,4
amazon-sports-and-outdoors,test,60559,4,0.7593882135804297,1,3,3
amazon-sports-and-outdoors,test,60630,6,4.721028311055358,4,5,5
amazon-sports-and-outdoors,test,60682,4,2.815236054990832,3,3,3
amazon-sports-and-outdoors,test,61279,6,0.9512251311585505,2,3,3
amazon-sports-and-outdoors,test,61805,4,1.057346286461403,2,2,2
amazon-sports-and-outdoors,test,61974,5,2.192287363086969,4,4,4
amazon-sports-and-outdoors,test,61992,5,9.414167595071692,4,5,5
amazon-sports-and-outdoors,test,61996,6,3.2541904451361203,2,5,5
amazon-sports-and-outdoors,test,62776,10,1.1510417279343492,10,10,10
amazon-sports-and-outdoors,test,62891,17,8.813075555493288,1,6,9
amazon-sports-and-outdoors,test,63688,5,11.066197249929717,5,5,5
amazon-sports-and-outdoors,test,64366,5,0.43450095382629533,5,5,5
amazon-sports-and-outdoors,test,64719,7,15.403916258902015,3,7,7
amazon-sports-and-outdoors,test,66014,5,2.8134704883513972,1,3,3
amazon-sports-and-outdoors,test,66702,2,1.677908727421386,2,2,2
amazon-sports-and-outdoors,test,67390,3,1.5326934487009576,1,2,2
amazon-sports-and-outdoors,test,67651,3,1.0946573964064545,1,1,1
amazon-sports-and-outdoors,test,67671,6,1.6441874355574124,1,6,6
amazon-sports-and-outdoors,test,67963,4,1.4962953896875735,1,4,4
amazon-sports-and-outdoors,test,68491,8,11.794526796286943,4,7,8
amazon-sports-and-outdoors,test,68591,6,5.253036442865652,2,4,4
amazon-sports-and-outdoors,test,68838,4,1.2509125552830003,2,2,2
amazon-sports-and-outdoors,test,68929,6,1.9091717869376883,2,5,6
amazon-sports-and-outdoors,test,68983,52,47.920609639930404,27,42,50
amazon-sports-and-outdoors,test,69068,4,0.25129479953522693,4,4,4
amazon-sports-and-outdoors,test,69184,6,1.4538720933014337,2,2,2
amazon-sports-and-outdoors,test,69597,5,4.693231672927921,2,2,2
amazon-sports-and-outdoors,test,69745,11,2.461542752076669,5,8,10
amazon-sports-and-outdoors,test,70575,4,3.3690294657184934,2,3,3
amazon-sports-and-outdoors,test,70633,5,2.956330576777763,4,5,5
amazon-sports-and-outdoors,test,71686,5,0.2883317827240137,3,3,3
amazon-sports-and-outdoors,test,71866,8,8.497594782233785,4,6,8
amazon-sports-and-outdoors,test,74067,3,3.783319585140744,1,3,3
amazon-sports-and-outdoors,test,74103,5,11.179554347083332,2,4,4
amazon-sports-and-outdoors,test,74240,6,0.5845429253554428,3,3,3
amazon-sports-and-outdoors,test,74744,5,3.0528838623799093,1,1,1
amazon-sports-and-outdoors,test,75145,5,1.2639278927675341,4,5,5
amazon-sports-and-outdoors,test,75286,5,0.21285176020702512,3,3,3
amazon-sports-and-outdoors,test,75609,4,16.384782766441226,3,4,4
amazon-sports-and-outdoors,test,75886,4,0.388309670184803,2,2,2
amazon-sports-and-outdoors,test,76599,11,4.6001915450796425,9,11,11
amazon-sports-and-outdoors,test,76753,6,1.983693026672639,1,3,4
amazon-sports-and-outdoors,test,76888,7,1.5668998153940015,4,4,4
amazon-sports-and-outdoors,test,77912,3,1.8316942342049658,1,2,2
amazon-sports-and-outdoors,test,78133,20,22.238984604888046,9,15,17
amazon-sports-and-outdoors,test,78236,6,2.066285805824942,3,3,3
amazon-sports-and-outdoors,test,78456,4,2.4078546171259436,2,3,3
amazon-sports-and-outdoors,test,78787,6,3.5930569799029666,3,3,3
amazon-sports-and-outdoors,test,78795,6,2.526620629056141,5,6,6
amazon-sports-and-outdoors,test,78920,5,2.9122134836792144,4,4,5
amazon-sports-and-outdoors,test,78962,11,2.4238517769929935,4,5,5
amazon-sports-and-outdoors,test,79171,5,1.1408254176038282,5,5,5
amazon-sports-and-outdoors,test,79228,5,4.666367250813955,2,4,5
amazon-sports-and-outdoors,test,79863,13,10.01162990032968,8,13,13
amazon-sports-and-outdoors,test,80003,11,5.054748690925783,4,6,6
amazon-sports-and-outdoors,test,80161,6,2.486279850110556,6,6,6
amazon-sports-and-outdoors,test,80794,7,3.445064482569887,3,7,7
amazon-sports-and-outdoors,test,80923,7,23.2634174407267,6,6,7
amazon-sports-and-outdoors,test,81235,2,1.052864300779173,1,1,1
amazon-sports-and-outdoors,test,81370,17,18.221053225661702,9,12,15
amazon-sports-and-outdoors,test,81577,7,4.590918685465717,6,6,6
amazon-sports-and-outdoors,test,81992,5,5.704879416609623,3,4,4
amazon-sports-and-outdoors,test,82208,4,2.051553541356859,2,3,3
amazon-sports-and-outdoors,test,82932,6,3.469238259371758,6,6,6
amazon-sports-and-outdoors,test,83235,4,4.544221575837617,2,3,4
amazon-sports-and-outdoors,test,83310,5,1.6866427178042154,5,5,5
amazon-sports-and-outdoors,test,84096,7,4.197369149743128,2,2,2
amazon-sports-and-outdoors,test,84332,7,0.011833711061675481,2,2,2
amazon-sports-and-outdoors,test,84863,4,6.424489115092661,3,3,4
amazon-sports-and-outdoors,test,84876,8,13.424773022649294,3,6,6
amazon-sports-and-outdoors,test,85243,27,39.72859865054033,10,14,24
amazon-sports-and-outdoors,test,85542,10,8.517513778702517,7,8,8
amazon-sports-and-outdoors,test,85594,6,5.187810003458967,2,4,4
amazon-sports-and-outdoors,test,86405,15,4.935030769208401,8,9,14
amazon-sports-and-outdoors,test,86456,4,1.317876408484818,1,4,4
amazon-sports-and-outdoors,test,87379,6,3.8890321937687578,3,5,5
amazon-sports-and-outdoors,test,87505,2,0.2622322456334343,2,2,2
amazon-sports-and-outdoors,test,87786,3,2.521733004504587,2,3,3
amazon-sports-and-outdoors,test,87846,21,6.173516288931715,12,17,19
amazon-sports-and-outdoors,test,87987,4,4.065554360564976,2,3,3
amazon-sports-and-outdoors,test,88578,5,2.4111266913680343,4,4,5
amazon-sports-and-outdoors,test,89079,3,3.5136079350311658,2,3,3
amazon-sports-and-outdoors,test,89172,3,0.8467199226840948,1,1,1
amazon-sports-and-outdoors,test,89216,4,3.1107687537264512,4,4,4
amazon-sports-and-outdoors,test,89733,6,5.0299908417343575,1,1,1
amazon-sports-and-outdoors,test,90042,3,1.646130113987298,2,2,2
amazon-sports-and-outdoors,test,90264,6,0.9404417987526308,4,4,4
amazon-sports-and-outdoors,test,90628,8,40.777390173177,2,4,5
amazon-sports-and-outdoors,test,91874,6,19.476066051066613,1,1,2
amazon-sports-and-outdoors,test,92022,5,17.098558349677624,2,2,2
amazon-sports-and-outdoors,test,92997,16,11.01519632379366,11,11,13
amazon-sports-and-outdoors,test,93346,5,1.4034277475755181,1,1,1
amazon-sports-and-outdoors,test,93356,5,1.8920723044345489,2,4,4
amazon-sports-and-outdoors,test,93710,8,1.418418278042513,5,5,5
amazon-sports-and-outdoors,test,93823,4,6.530875145043321,1,1,1
amazon-sports-and-outdoors,test,94234,2,0.2135584891201152,2,2,2
amazon-sports-and-outdoors,test,94310,4,1.5431419869537342,4,4,4
amazon-sports-and-outdoors,test,95178,11,16.65002115428512,7,8,11
amazon-sports-and-outdoors,test,95186,4,1.3570120342174692,1,4,4
amazon-sports-and-outdoors,test,95702,27,27.277392618377093,1,13,22
amazon-sports-and-outdoors,test,96277,4,2.0210045331366246,2,3,4
amazon-sports-and-outdoors,test,96797,6,2.8640129064269506,2,3,3
amazon-sports-and-outdoors,test,96970,4,2.13036538030197,3,4,4
amazon-sports-and-outdoors,test,97001,12,5.631899181624573,8,10,12
amazon-sports-and-outdoors,test,97076,7,0.6325267389238715,1,4,4
amazon-sports-and-outdoors,test,97542,6,0.5001716266118659,1,3,3
amazon-sports-and-outdoors,test,97859,5,4.873844989910575,2,3,3
amazon-sports-and-outdoors,test,98156,5,2.444476048472061,5,5,5
amazon-sports-and-outdoors,test,98474,6,1.0020907121651876,3,3,3
amazon-sports-and-outdoors,test,98553,4,1.444812560873917,3,4,4
amazon-sports-and-outdoors,test,98856,5,1.0660897932986448,2,2,3
amazon-sports-and-outdoors,test,99496,5,3.019206584117593,3,3,3
amazon-sports-and-outdoors,test,99858,2,2.2935753491051822,1,1,2
amazon-sports-and-outdoors,test,100019,9,1.5729229379991099,7,8,8
amazon-sports-and-outdoors,test,100028,5,7.061583223442517,1,3,4
amazon-sports-and-outdoors,test,100130,7,13.368869800761132,7,7,7
amazon-sports-and-outdoors,test,100344,4,6.582438070681615,2,3,4
amazon-sports-and-outdoors,test,100541,4,2.5193406736037214,3,4,4
amazon-sports-and-outdoors,test,102083,15,25.121817357299115,8,11,14
amazon-sports-and-outdoors,test,103089,4,4.1190003546201,2,2,3
amazon-sports-and-outdoors,test,103884,4,3.91821744120252,2,2,2
amazon-sports-and-outdoors,test,104024,5,3.431124462931626,3,4,4
amazon-sports-and-outdoors,test,104593,6,0.8379690141600876,1,1,1
amazon-sports-and-outdoors,test,104647,5,7.076217679906919,2,4,5
amazon-sports-and-outdoors,test,104679,7,2.8397324660318755,2,4,4
amazon-sports-and-outdoors,test,104794,6,2.7093348355232854,4,5,5
amazon-sports-and-outdoors,test,105689,5,3.6405862506002307,3,4,4
amazon-sports-and-outdoors,test,106002,4,0.5413961140880138,4,4,4
amazon-sports-and-outdoors,test,106013,3,2.266570955807568,3,3,3
amazon-sports-and-outdoors,test,106086,8,2.6145294053815284,1,2,7
amazon-sports-and-outdoors,test,106678,2,2.028006264470463,1,2,2
amazon-sports-and-outdoors,test,106690,6,5.231005454382281,6,6,6
amazon-sports-and-outdoors,test,106902,7,3.199054619557926,7,7,7
amazon-sports-and-outdoors,test,107770,12,3.944765705553235,5,7,7
amazon-sports-and-outdoors,test,108550,4,0.9622330254540042,2,2,2
amazon-sports-and-outdoors,test,108775,34,12.182963352530578,7,22,28
amazon-sports-and-outdoors,test,108853,8,7.3538704147046134,5,8,8
amazon-sports-and-outdoors,test,108961,5,20.601130501914987,1,3,3
amazon-sports-and-outdoors,test,109192,10,8.340696733992498,6,9,9
amazon-sports-and-outdoors,test,110374,4,4.964769160554877,1,2,4
amazon-sports-and-outdoors,test,110390,4,2.265085728054362,1,4,4
amazon-sports-and-outdoors,test,111310,3,1.8624319854377098,2,3,3
amazon-sports-and-outdoors,test,111884,8,35.90915698356415,3,7,7
amazon-sports-and-outdoors,test,112014,4,3.002050663752869,2,4,4
amazon-sports-and-outdoors,test,112339,8,5.974831092847156,7,8,8
amazon-sports-and-outdoors,test,112771,19,35.69847867580651,3,11,17
amazon-sports-and-outdoors,test,112826,5,1.7229397966624473,1,1,1
amazon-sports-and-outdoors,test,113184,17,9.674662559082973,8,12,14
amazon-sports-and-outdoors,test,113474,4,0.17321612409879505,4,4,4
amazon-sports-and-outdoors,test,113926,3,0.5175759000021545,3,3,3
amazon-sports-and-outdoors,test,114039,7,1.51215297488991,5,7,7
amazon-sports-and-outdoors,test,114264,7,1.3268789743588387,6,6,6
amazon-sports-and-outdoors,test,114291,7,9.837384941770534,2,7,7
amazon-sports-and-outdoors,test,114441,9,13.066519223303999,5,8,8
amazon-sports-and-outdoors,test,114634,4,2.7871146678565757,2,3,3
amazon-sports-and-outdoors,test,114917,4,2.190929946603439,4,4,4
amazon-sports-and-outdoors,test,115530,4,1.8931688114596086,1,1,1
amazon-sports-and-outdoors,test,116279,4,10.782017549134974,3,4,4
amazon-sports-and-outdoors,test,116697,4,3.1179555272294177,1,3,3
amazon-sports-and-outdoors,test,116736,5,1.393057587898665,5,5,5
amazon-sports-and-outdoors,test,116931,3,34.38421323307925,2,3,3
amazon-sports-and-outdoors,test,117008,4,0.801354323635846,4,4,4
amazon-sports-and-outdoors,test,118079,9,4.353643077182542,6,9,9
amazon-sports-and-outdoors,test,118116,4,0.5074636098052788,3,3,3
amazon-sports-and-outdoors,test,118247,5,3.4891918851607153,5,5,5
amazon-sports-and-outdoors,test,118585,4,0.46739695761595906,3,3,3
amazon-sports-and-outdoors,test,118647,3,1.675449781339634,1,2,2
amazon-sports-and-outdoors,test,118656,44,18.873018776625422,26,41,43
amazon-sports-and-outdoors,test,118810,4,0.644362564753194,1,4,4
amazon-sports-and-outdoors,test,118927,4,2.3709302453143692,4,4,4
amazon-sports-and-outdoors,test,119580,5,4.258530741385989,3,5,5
amazon-sports-and-outdoors,test,119635,5,4.32916781381797,3,5,5
amazon-sports-and-outdoors,test,120271,8,3.500760721574582,6,7,7
amazon-sports-and-outdoors,test,120688,6,5.152665340795467,4,4,6
amazon-sports-and-outdoors,test,120804,10,6.838565642982546,4,5,5
amazon-sports-and-outdoors,test,120997,5,4.358522374836486,3,4,4
amazon-sports-and-outdoors,test,121426,10,2.128290793240092,8,9,9
amazon-sports-and-outdoors,test,121511,11,8.690081858690434,5,7,7
amazon-sports-and-outdoors,test,121784,4,1.406580866137455,4,4,4
amazon-sports-and-outdoors,test,121974,4,25.440903545051093,2,2,2
amazon-sports-and-outdoors,test,122371,6,2.740192071128095,3,5,5
amazon-sports-and-outdoors,test,122411,23,3.7985669277038925,15,17,18
amazon-sports-and-outdoors,test,123112,6,3.2104541423870407,1,1,2
amazon-sports-and-outdoors,test,123118,26,31.4663016401477,13,22,24
amazon-sports-and-outdoors,test,124098,4,0.4326893909905347,2,4,4
amazon-sports-and-outdoors,test,124204,7,2.9610453190741604,6,7,7
amazon-sports-and-outdoors,test,124269,8,4.113957955511369,3,8,8
amazon-sports-and-outdoors,test,124609,3,4.460820426752181,1,2,2
amazon-sports-and-outdoors,test,124677,4,9.893119643111811,1,2,2
amazon-sports-and-outdoors,test,124766,5,1.0387387102798722,1,1,3
amazon-sports-and-outdoors,test,124887,7,3.4182451314414006,2,4,4
amazon-sports-and-outdoors,test,125011,4,2.530825844522547,2,3,3
amazon-sports-and-outdoors,test,125166,10,5.257781320601022,2,3,4
amazon-sports-and-outdoors,test,125727,3,0.9957071538492144,1,3,3
amazon-sports-and-outdoors,test,125915,5,3.8319255369163754,4,4,4
amazon-sports-and-outdoors,test,126316,2,0.41967696131151544,2,2,2
amazon-sports-and-outdoors,test,126998,6,2.588918643963402,5,6,6
amazon-sports-and-outdoors,test,127924,4,1.9517600352003073,1,2,2
amazon-sports-and-outdoors,test,129073,5,1.0619059898546668,5,5,5
amazon-sports-and-outdoors,test,129161,3,1.2625650571919085,2,2,2
amazon-sports-and-outdoors,test,129255,5,3.740651636572422,4,4,5
amazon-sports-and-outdoors,test,129670,13,4.65800334476938,3,13,13
amazon-sports-and-outdoors,test,129857,3,0.12739756825511708,2,2,2
amazon-sports-and-outdoors,test,130048,5,5.073078175161711,1,3,4
amazon-sports-and-outdoors,test,131023,6,2.492014439104803,5,5,5
amazon-sports-and-outdoors,test,132515,7,3.008923129914274,2,3,3
amazon-sports-and-outdoors,test,132540,6,3.3357350925732936,2,2,2
amazon-sports-and-outdoors,test,132651,6,5.782757321292551,2,4,4
amazon-sports-and-outdoors,test,132709,4,0.39019934725053107,3,3,3
amazon-sports-and-outdoors,test,132910,13,1.309762177195588,7,10,10
amazon-sports-and-outdoors,test,133811,6,21.20397370127823,4,5,6
amazon-sports-and-outdoors,test,134092,4,3.0965413900341305,3,4,4
amazon-sports-and-outdoors,test,134334,6,4.548826614562317,4,4,4
amazon-sports-and-outdoors,test,134642,27,7.0825432142855735,8,16,16
amazon-sports-and-outdoors,test,135018,10,1.0363989842242298,5,7,9
amazon-sports-and-outdoors,test,135170,4,3.5932810131005892,1,2,2
amazon-sports-and-outdoors,test,135834,5,10.826722151120503,4,5,5
amazon-sports-and-outdoors,test,135925,11,15.347109634709575,7,9,11
amazon-sports-and-outdoors,test,136389,15,2.1684179806533126,5,9,13
amazon-sports-and-outdoors,test,136438,10,3.586314043259952,7,10,10
amazon-sports-and-outdoors,test,136474,4,0.20298491523019968,4,4,4
amazon-sports-and-outdoors,test,136569,16,3.3243148185866405,3,4,16
amazon-sports-and-outdoors,test,137136,43,36.14776859630843,28,41,42
amazon-sports-and-outdoors,test,137794,15,2.517451128710971,5,11,11
amazon-sports-and-outdoors,test,137973,8,3.7229696677554633,3,3,5
amazon-sports-and-outdoors,test,138363,4,1.7902940888411245,2,4,4
amazon-sports-and-outdoors,test,138973,3,0.046257237957488706,1,1,1
amazon-sports-and-outdoors,test,139458,10,3.044922555226166,4,9,10
amazon-sports-and-outdoors,test,139718,4,1.479685211548799,3,3,3
amazon-sports-and-outdoors,test,139819,8,4.884889363947943,2,8,8
amazon-sports-and-outdoors,test,141048,4,2.8807349029050693,1,3,3
amazon-sports-and-outdoors,test,141186,5,11.098025956922447,5,5,5
amazon-sports-and-outdoors,test,141782,5,5.170731139940388,1,3,3
amazon-sports-and-outdoors,test,141791,7,2.4307899331244385,4,6,7
amazon-sports-and-outdoors,test,142228,5,0.018701418995873964,2,2,2
amazon-sports-and-outdoors,test,142271,4,2.866709499523054,2,4,4
amazon-sports-and-outdoors,test,142320,3,1.1857066026878962,2,2,2
amazon-sports-and-outdoors,test,142353,12,8.49111592720071,3,7,10
amazon-sports-and-outdoors,test,142652,5,7.750898082341916,4,5,5
amazon-sports-and-outdoors,test,143872,4,0.11845289414543764,4,4,4
amazon-sports-and-outdoors,test,144098,5,28.79733851204684,1,5,5
amazon-sports-and-outdoors,test,144316,3,1.4825706798303904,1,3,3
amazon-sports-and-outdoors,test,144347,7,2.715219440847504,2,4,4
amazon-sports-and-outdoors,test,144501,5,5.706730102646857,4,5,5
amazon-sports-and-outdoors,test,144633,4,4.570740101268292,1,3,3
amazon-sports-and-outdoors,test,145084,4,0.15357812738117882,1,1,1
amazon-sports-and-outdoors,test,145511,6,4.789297372414415,2,2,2
amazon-sports-and-outdoors,test,146038,4,2.9736300369965383,4,4,4
amazon-sports-and-outdoors,test,146460,3,1.216614724889216,1,1,3
amazon-sports-and-outdoors,test,146744,9,4.31965691067076,6,8,9
amazon-sports-and-outdoors,test,146777,3,0.9576098790313253,1,3,3
amazon-sports-and-outdoors,test,146960,27,28.388701430891444,1,9,20
amazon-sports-and-outdoors,test,147048,5,6.056252819414835,3,5,5
amazon-sports-and-outdoors,test,147135,5,6.486627729388516,2,5,5
amazon-sports-and-outdoors,test,147547,6,2.7883229932209805,3,6,6
amazon-sports-and-outdoors,test,147833,4,3.1848509148286586,4,4,4
amazon-sports-and-outdoors,test,148160,5,1.0221451859363193,2,5,5
amazon-sports-and-outdoors,test,148302,5,3.659026231445723,1,4,4
amazon-sports-and-outdoors,test,148699,4,2.208929527086407,2,2,3
amazon-sports-and-outdoors,test,148892,9,6.769958879664831,1,3,3
amazon-sports-and-outdoors,test,149475,10,8.419108220987404,5,7,7
amazon-sports-and-outdoors,test,149503,9,5.428635777929836,4,7,7
amazon-sports-and-outdoors,test,150085,6,3.4896634783460354,4,5,5
amazon-sports-and-outdoors,test,150335,9,4.0193599047720125,6,7,7
amazon-sports-and-outdoors,test,150507,3,0.24302235719139292,1,1,1
amazon-sports-and-outdoors,test,150641,4,1.6490582741407667,1,4,4
amazon-sports-and-outdoors,test,150879,3,1.382897847602706,2,2,3
amazon-sports-and-outdoors,test,150926,16,7.504261851587456,6,8,13
amazon-sports-and-outdoors,test,151028,15,9.351434202375067,9,14,14
amazon-sports-and-outdoors,test,151481,15,6.3181209284940225,8,10,15
amazon-sports-and-outdoors,test,152049,5,5.387510552360127,2,3,3
amazon-sports-and-outdoors,test,153757,6,5.384860351979285,4,5,5
amazon-sports-and-outdoors,test,153770,13,0.7077907907948923,12,12,12
amazon-sports-and-outdoors,test,154206,2,4.428744688463665,2,2,2
amazon-sports-and-outdoors,test,154445,6,4.03373503785368,4,5,6
amazon-sports-and-outdoors,test,154628,2,0.24546028776965104,1,1,1
amazon-sports-and-outdoors,test,154884,4,0.5217267923746237,4,4,4
amazon-sports-and-outdoors,test,156734,7,2.4114818401597815,4,4,7
amazon-sports-and-outdoors,test,156748,11,8.058230127164943,4,5,7
amazon-sports-and-outdoors,test,157384,15,5.2589678374240645,5,11,15
amazon-sports-and-outdoors,test,157504,5,2.017235091978514,4,4,4
amazon-sports-and-outdoors,test,157551,3,3.4334096015473756,2,2,2
amazon-sports-and-outdoors,test,158823,6,5.303135156254234,1,1,3
amazon-sports-and-outdoors,test,158861,4,2.576859313628369,1,2,3
amazon-sports-and-outdoors,test,158901,6,1.982735697793359,5,5,5
amazon-sports-and-outdoors,test,159019,5,2.7508938528066205,3,5,5
amazon-sports-and-outdoors,test,159314,3,3.5836931852802123,1,1,1
amazon-sports-and-outdoors,test,159745,32,8.955988777456788,17,27,27
amazon-sports-and-outdoors,test,159790,5,1.9443858404146108,4,4,4
amazon-sports-and-outdoors,test,159932,4,2.0661948708161137,3,4,4
amazon-sports-and-outdoors,test,160450,5,1.30828673024275,1,5,5
amazon-sports-and-outdoors,test,160747,4,2.839757711070663,3,4,4
amazon-sports-and-outdoors,test,161009,6,6.022119940897531,2,5,5
amazon-sports-and-outdoors,test,161935,3,0.9063074663325685,2,2,2
amazon-sports-and-outdoors,test,162081,6,1.326473732008449,6,6,6
amazon-sports-and-outdoors,test,162754,6,2.2126671145568313,3,5,5
amazon-sports-and-outdoors,test,162843,6,5.657082363459035,3,4,4
amazon-sports-and-outdoors,test,163165,3,4.818502842313804,1,1,1
amazon-sports-and-outdoors,test,163975,8,2.11663921654203,2,3,4
amazon-sports-and-outdoors,test,164386,5,0.9493213115841816,2,2,2
amazon-sports-and-outdoors,test,164953,14,0.4527714889140575,6,6,6
amazon-sports-and-outdoors,test,165196,6,6.419244491327667,2,5,6
amazon-sports-and-outdoors,test,165886,5,2.5146854091474014,5,5,5
amazon-sports-and-outdoors,test,166490,7,16.785799811071946,3,4,7
amazon-sports-and-outdoors,test,166522,5,0.7574340361014629,5,5,5
amazon-sports-and-outdoors,test,166986,4,1.3733272022694627,2,2,2
amazon-sports-and-outdoors,test,167250,4,0.18289158260355126,2,2,2
amazon-sports-and-outdoors,test,168259,2,1.7075582985266808,1,1,1
amazon-sports-and-outdoors,test,168277,16,30.755867257620864,6,9,14
amazon-sports-and-outdoors,test,168353,4,3.780447334156947,4,4,4
amazon-sports-and-outdoors,test,168393,3,2.6237483384204507,1,1,2
amazon-sports-and-outdoors,test,168646,5,3.4204644479141324,3,3,5
amazon-sports-and-outdoors,test,170197,12,2.0096944914135806,7,9,9
amazon-sports-and-outdoors,test,171278,5,1.0204593196025875,5,5,5
amazon-sports-and-outdoors,test,171283,8,1.3920411776982418,8,8,8
amazon-sports-and-outdoors,test,171447,5,2.324729445218464,1,5,5
amazon-sports-and-outdoors,test,171910,4,2.660638873949671,2,4,4
amazon-sports-and-outdoors,test,172095,4,0.9729913771670916,1,2,2
amazon-sports-and-outdoors,test,172534,12,4.093061672043684,1,5,5
amazon-sports-and-outdoors,test,173209,2,0.074835943595446,2,2,2
amazon-sports-and-outdoors,test,173421,3,2.914399360388525,1,3,3
amazon-sports-and-outdoors,test,173480,3,1.7564802758925873,2,3,3
amazon-sports-and-outdoors,test,173511,14,21.032308098383748,5,10,11
amazon-sports-and-outdoors,test,174193,3,1.2676734106166359,1,2,2
amazon-sports-and-outdoors,test,174468,7,2.792253949758144,5,6,6
amazon-sports-and-outdoors,test,174667,4,7.850004817705046,2,3,3
amazon-sports-and-outdoors,test,175036,5,3.0431331974507003,3,3,3
amazon-sports-and-outdoors,test,175434,4,4.246475904932206,4,4,4
amazon-sports-and-outdoors,test,175947,5,0.8523347629603204,2,4,4
amazon-sports-and-outdoors,test,175990,5,0.5835812347678904,5,5,5
amazon-sports-and-outdoors,test,176033,4,3.2543768090350276,2,4,4
amazon-sports-and-outdoors,test,176170,5,4.5282615565773705,1,1,1
amazon-sports-and-outdoors,test,176667,4,4.8192916506462,3,3,3
amazon-sports-and-outdoors,test,176703,6,3.8662671165658598,5,6,6
amazon-sports-and-outdoors,test,177047,4,2.510074026119759,2,4,4
amazon-sports-and-outdoors,test,177179,9,5.558754787800909,5,9,9
amazon-sports-and-outdoors,test,177832,4,0.2931607224733582,4,4,4
amazon-sports-and-outdoors,test,178144,2,1.3883906922202853,2,2,2
amazon-sports-and-outdoors,test,178345,4,6.446593327405816,4,4,4
amazon-sports-and-outdoors,test,178407,7,2.1597952799179154,2,4,4
amazon-sports-and-outdoors,test,178563,5,1.751297509081275,2,2,2
amazon-sports-and-outdoors,test,178579,6,0.28496758391629323,2,2,2
amazon-sports-and-outdoors,test,178723,7,4.04504600478757,4,6,6
amazon-sports-and-outdoors,test,179081,6,2.9422630102157816,5,6,6
amazon-sports-and-outdoors,test,179115,6,7.541041229642223,2,6,6
amazon-sports-and-outdoors,test,179443,4,2.946610840325394,2,4,4
amazon-sports-and-outdoors,test,179674,4,1.6908442324272395,1,3,3
amazon-sports-and-outdoors,test,179686,5,2.685030868338135,2,2,2
amazon-sports-and-outdoors,test,179822,2,2.4434022751992077,1,1,1
amazon-sports-and-outdoors,test,179957,16,8.69000281924962,3,5,5
amazon-sports-and-outdoors,test,180343,8,1.6829339440429836,8,8,8
amazon-sports-and-outdoors,test,180628,4,3.218625868921679,2,4,4
amazon-sports-and-outdoors,test,180859,4,0.9157393300389659,3,4,4
amazon-sports-and-outdoors,test,181598,11,13.070056040020923,8,8,8
amazon-sports-and-outdoors,test,181707,11,3.608678371993709,3,7,7
amazon-sports-and-outdoors,test,181778,4,2.333450350476477,4,4,4
amazon-sports-and-outdoors,test,181919,17,14.16464285605715,6,15,15
amazon-sports-and-outdoors,test,182809,5,3.4467180986969987,3,4,4
amazon-sports-and-outdoors,test,182831,5,3.7519649826199144,3,4,4
amazon-sports-and-outdoors,test,182852,4,4.6256714552496,3,4,4
amazon-sports-and-outdoors,test,182905,7,3.7068242098071558,5,6,7
amazon-sports-and-outdoors,test,183039,4,8.775457011201528,4,4,4
amazon-sports-and-outdoors,test,183215,9,6.310429386388272,6,8,8
amazon-sports-and-outdoors,test,183741,11,0.5846131092067335,11,11,11
amazon-sports-and-outdoors,test,183874,5,4.166324096336655,4,4,5
amazon-sports-and-outdoors,test,184359,4,10.767424727158627,1,2,3
amazon-sports-and-outdoors,test,184971,3,1.5695231846603215,3,3,3
amazon-sports-and-outdoors,test,185720,4,2.4770206043133594,2,2,2
amazon-sports-and-outdoors,test,186256,9,22.95847270423137,1,8,9
amazon-sports-and-outdoors,test,186348,9,6.212902646803535,6,8,9
amazon-sports-and-outdoors,test,186367,10,11.339058714276783,6,10,10
amazon-sports-and-outdoors,test,186981,6,1.7076872993531587,4,6,6
amazon-sports-and-outdoors,test,187291,12,4.366694365717079,4,11,12
amazon-sports-and-outdoors,test,188260,3,1.708994622278046,2,2,3
amazon-sports-and-outdoors,test,188902,3,1.0955814176952918,3,3,3
amazon-sports-and-outdoors,test,189759,3,3.4196459006616973,3,3,3
amazon-sports-and-outdoors,test,189938,15,7.769272637563322,4,11,13
amazon-sports-and-outdoors,test,189984,4,3.0470517297279365,2,3,4
amazon-sports-and-outdoors,test,190274,2,20.2599110237947,1,2,2
amazon-sports-and-outdoors,test,190400,7,3.611610497336516,2,5,7
amazon-sports-and-outdoors,test,192057,4,2.29404707446348,1,1,1
amazon-sports-and-outdoors,test,192112,4,0.4937770979387227,4,4,4
amazon-sports-and-outdoors,test,192137,4,10.746526461096273,2,2,3
amazon-sports-and-outdoors,test,193390,19,3.116200534428219,18,18,18
amazon-sports-and-outdoors,test,193595,7,4.02992568045623,1,6,6
amazon-sports-and-outdoors,test,194036,5,3.208078729627353,1,3,5
amazon-sports-and-outdoors,test,194513,4,2.6015787004832114,2,2,2
amazon-sports-and-outdoors,test,194763,3,2.219270344362155,3,3,3
amazon-sports-and-outdoors,test,195368,4,10.488571597375202,2,3,4
amazon-sports-and-outdoors,test,195598,9,1.482889348880224,4,6,8
amazon-sports-and-outdoors,test,195605,6,1.0957554895072499,2,2,2
amazon-sports-and-outdoors,test,195625,6,19.862825596566037,2,2,3
amazon-sports-and-outdoors,test,195628,11,1.998315058877114,8,8,8
amazon-sports-and-outdoors,test,195880,4,0.45890563682064245,3,3,3
amazon-sports-and-outdoors,test,196802,4,2.3410455384813034,2,3,3
amazon-sports-and-outdoors,test,197630,8,17.70263511944406,4,6,6
amazon-sports-and-outdoors,test,197763,5,3.5521621318338217,4,4,5
amazon-sports-and-outdoors,test,197945,7,2.239571452910138,1,3,5
amazon-sports-and-outdoors,test,198218,10,3.1038550495959276,2,6,10
amazon-sports-and-outdoors,test,198469,4,0.48306606415174086,3,3,3
amazon-sports-and-outdoors,test,199320,4,1.7364291064459039,4,4,4
amazon-sports-and-outdoors,test,199502,20,13.223519176911285,12,18,19
amazon-sports-and-outdoors,test,199650,3,0.9047357974517842,3,3,3
amazon-sports-and-outdoors,test,199714,4,0.6140964067057695,3,3,3
amazon-sports-and-outdoors,test,199838,6,9.742391561654134,3,6,6
amazon-sports-and-outdoors,test,199886,4,2.5772054746576156,1,4,4
amazon-sports-and-outdoors,test,200314,3,4.119350348665708,1,1,1
amazon-sports-and-outdoors,test,200841,9,7.413009098919975,6,9,9
amazon-sports-and-outdoors,test,200887,6,4.663235544274444,4,4,6
amazon-sports-and-outdoors,test,200925,5,2.547570178233939,3,4,4
amazon-sports-and-outdoors,test,200944,3,1.2877128166682814,3,3,3
amazon-sports-and-outdoors,test,201316,3,3.768032722857188,3,3,3
amazon-sports-and-outdoors,test,201536,5,1.4148625605897454,3,4,4
amazon-sports-and-outdoors,test,201604,7,4.711051762506836,4,6,7
amazon-sports-and-outdoors,test,201727,5,1.3350316679846514,5,5,5
amazon-sports-and-outdoors,test,202111,2,3.7844319529231574,2,2,2
amazon-sports-and-outdoors,test,202148,5,0.9600221680518615,1,5,5
amazon-sports-and-outdoors,test,203068,6,0.9887937140646456,3,6,6
amazon-sports-and-outdoors,test,203219,4,2.001231852154479,2,4,4
amazon-sports-and-outdoors,test,203320,5,0.012581149251973622,5,5,5
amazon-sports-and-outdoors,test,203508,10,9.063140221122747,6,9,9
amazon-sports-and-outdoors,test,203681,3,3.0186708870379677,2,2,2
amazon-sports-and-outdoors,test,203990,5,1.348271963877654,2,5,5
amazon-sports-and-outdoors,test,204260,5,0.7737271312661391,2,4,4
amazon-sports-and-outdoors,test,204262,4,0.5240367795102278,3,3,3
amazon-sports-and-outdoors,test,204277,7,17.774153256947045,1,1,1
amazon-sports-and-outdoors,test,204849,5,6.304452656498423,5,5,5
amazon-sports-and-outdoors,test,205410,8,1.1817728705181962,6,8,8
amazon-sports-and-outdoors,test,205580,6,3.130902134765419,2,6,6
amazon-sports-and-outdoors,test,205963,10,2.7400242114461006,5,9,9
amazon-sports-and-outdoors,test,205968,9,1.843021326242165,4,5,5
amazon-sports-and-outdoors,test,205982,3,0.9262580521430328,2,3,3
amazon-sports-and-outdoors,test,206082,2,1.3155595483543605,2,2,2
amazon-sports-and-outdoors,test,206187,4,1.3006481895011568,4,4,4
amazon-sports-and-outdoors,test,206270,8,7.50867471080222,6,8,8
amazon-sports-and-outdoors,test,206854,15,6.749975911474769,8,13,15
amazon-sports-and-outdoors,test,207317,8,1.9051542570999689,8,8,8
amazon-sports-and-outdoors,test,207785,5,0.7685945901864472,1,2,2
amazon-sports-and-outdoors,test,208169,4,2.620281441208865,1,2,2
amazon-sports-and-outdoors,test,209524,59,53.32010669531472,22,42,54
amazon-sports-and-outdoors,test,209549,15,12.705684746564263,9,13,13
amazon-sports-and-outdoors,test,209996,5,2.8101878402710705,4,4,4
amazon-sports-and-outdoors,test,210675,5,2.9100943543237676,1,2,2
amazon-sports-and-outdoors,test,211109,5,1.5600894705322328,2,2,3
amazon-sports-and-outdoors,test,211212,28,20.654204693383143,17,21,26
amazon-sports-and-outdoors,test,211552,7,4.719482283732296,5,6,7
amazon-sports-and-outdoors,test,211563,3,15.721840910523783,1,2,2
amazon-sports-and-outdoors,test,212546,8,2.7116364296747895,6,7,7
amazon-sports-and-outdoors,test,212731,4,3.5809968565300654,4,4,4
amazon-sports-and-outdoors,test,212964,2,0.9290414828856479,2,2,2
amazon-sports-and-outdoors,test,213030,5,1.0051014804298741,2,3,3
amazon-sports-and-outdoors,test,213060,4,0.3646398689478489,4,4,4
amazon-sports-and-outdoors,test,213111,5,2.546481072895644,3,3,4
amazon-sports-and-outdoors,test,213164,28,25.106111242329504,18,26,26
amazon-sports-and-outdoors,test,213277,4,0.9555970167501494,4,4,4
amazon-sports-and-outdoors,test,213560,3,1.725934571996802,2,2,3
amazon-sports-and-outdoors,test,214289,8,12.143232684051203,4,6,6
amazon-sports-and-outdoors,test,214361,3,1.9240565790223247,2,2,2
amazon-sports-and-outdoors,test,214383,5,6.275240974469071,1,1,4
amazon-sports-and-outdoors,test,214959,8,1.0116357159407088,8,8,8
amazon-sports-and-outdoors,test,215223,7,6.691074411668336,4,5,6
amazon-sports-and-outdoors,test,215737,5,15.32636349974484,3,3,4
amazon-sports-and-outdoors,test,217592,3,0.6041921567761848,2,2,2
amazon-sports-and-outdoors,test,217634,5,1.5436630128328068,2,2,2
amazon-sports-and-outdoors,test,217732,7,5.37672959906781,3,4,4
amazon-sports-and-outdoors,test,217846,3,3.293573498683491,1,3,3
amazon-sports-and-outdoors,test,217878,4,0.9840912638551977,1,1,1
amazon-sports-and-outdoors,test,218235,7,9.754982491706475,1,1,5
amazon-sports-and-outdoors,test,218280,5,4.845705098559407,4,5,5
amazon-sports-and-outdoors,test,218398,4,10.506666210229316,3,4,4
amazon-sports-and-outdoors,test,219246,11,3.1940512114776896,5,7,8
amazon-sports-and-outdoors,test,219317,5,2.2794584820224264,1,4,5
amazon-sports-and-outdoors,test,219465,4,7.8959772228950555,2,2,2
amazon-sports-and-outdoors,test,219673,38,15.80839755728476,16,23,35
amazon-sports-and-outdoors,test,220845,34,91.4327256063865,19,26,31
amazon-sports-and-outdoors,test,220958,4,0.9756647078190758,4,4,4
amazon-sports-and-outdoors,test,222564,9,2.6387084691025176,8,8,9
amazon-sports-and-outdoors,test,222618,4,0.21774308560196134,2,2,2
amazon-sports-and-outdoors,test,222671,4,5.566298824863271,1,4,4
amazon-sports-and-outdoors,test,222830,5,4.204703163943529,3,3,5
amazon-sports-and-outdoors,test,222933,5,2.3279750848649647,5,5,5
amazon-sports-and-outdoors,test,223108,8,8.977993066998616,2,4,6
amazon-sports-and-outdoors,test,223121,6,2.076187808813902,6,6,6
amazon-sports-and-outdoors,test,224224,6,1.9023729411250012,4,4,6
amazon-sports-and-outdoors,test,224302,4,3.64375271863294,1,1,1
amazon-sports-and-outdoors,test,224314,8,2.934041850987392,3,4,7
amazon-sports-and-outdoors,test,224705,2,0.6667267613139738,2,2,2
amazon-sports-and-outdoors,test,224833,6,3.759385437947893,4,5,5
amazon-sports-and-outdoors,test,225102,4,2.0097953393957555,1,3,3
amazon-sports-and-outdoors,test,225504,5,3.3366785432898887,5,5,5
amazon-sports-and-outdoors,test,225765,5,0.5665260302123637,2,3,3
amazon-sports-and-outdoors,test,225792,18,9.598017563938347,6,9,9
amazon-sports-and-outdoors,test,226101,7,3.482785460919557,1,7,7
amazon-sports-and-outdoors,test,226785,4,59.35826027582121,3,4,4
amazon-sports-and-outdoors,test,226891,6,0.8156969421649378,3,3,4
amazon-sports-and-outdoors,test,227418,8,19.21272870716455,6,6,6
amazon-sports-and-outdoors,test,227501,4,3.5325483227711705,2,2,2
amazon-sports-and-outdoors,test,228811,4,1.341907306297527,2,4,4
amazon-sports-and-outdoors,test,228938,6,4.004947366737587,4,6,6
amazon-sports-and-outdoors,test,228962,4,3.0991600010732445,3,4,4
amazon-sports-and-outdoors,test,229066,8,0.8215354191198523,1,1,1
amazon-sports-and-outdoors,test,229146,5,2.0112551899371955,4,5,5
amazon-sports-and-outdoors,test,229382,7,4.312032115918874,2,4,4
amazon-sports-and-outdoors,test,229852,8,6.872015187203858,5,6,8
amazon-sports-and-outdoors,test,229941,4,1.1801143639908998,1,1,4
amazon-sports-and-outdoors,test,230573,27,6.542172233814528,25,25,25
amazon-sports-and-outdoors,test,231169,8,4.3012760111464114,4,6,6
amazon-sports-and-outdoors,test,231333,5,2.224203700764079,4,5,5
amazon-sports-and-outdoors,test,231719,6,3.028198840499334,5,5,5
amazon-sports-and-outdoors,test,232154,6,2.0513634766145685,1,5,5
amazon-sports-and-outdoors,test,232434,18,8.764100973282158,9,14,15
amazon-sports-and-outdoors,test,232688,5,0.425417630262748,5,5,5
amazon-sports-and-outdoors,test,233136,5,2.365183628579129,2,2,5
amazon-sports-and-outdoors,test,233858,4,8.05179436052268,2,3,3
amazon-sports-and-outdoors,test,234146,48,39.487925271513035,15,38,43
amazon-sports-and-outdoors,test,234452,7,3.5902243808125545,2,6,6
amazon-sports-and-outdoors,test,234539,2,0.7604508843231349,2,2,2
amazon-sports-and-outdoors,test,234773,7,1.4743423832611913,3,7,7
amazon-sports-and-outdoors,test,235070,4,0.8073372656556579,1,3,3
amazon-sports-and-outdoors,test,235337,4,2.0576847814579287,4,4,4
amazon-sports-and-outdoors,test,235728,6,4.694348534591585,2,3,3
amazon-sports-and-outdoors,test,235743,13,2.869788733390317,8,12,12
amazon-sports-and-outdoors,test,235843,15,11.910941583112416,4,10,12
amazon-sports-and-outdoors,test,236413,5,2.837161965956735,2,3,5
amazon-sports-and-outdoors,test,237007,48,13.743261788540947,20,46,47
amazon-sports-and-outdoors,test,237153,5,0.9872393598439725,2,2,2
amazon-sports-and-outdoors,test,238324,8,11.212937936988649,6,8,8
amazon-sports-and-outdoors,test,238817,5,2.0288565332376045,1,2,2
amazon-sports-and-outdoors,test,238819,8,5.918322650892967,4,8,8
amazon-sports-and-outdoors,test,238910,7,2.9751723634762186,6,7,7
amazon-sports-and-outdoors,test,239360,6,2.243580391504291,3,4,4
amazon-sports-and-outdoors,test,239526,4,3.376674086417072,2,3,3
amazon-sports-and-outdoors,test,239769,7,5.149678892358723,3,3,3
amazon-sports-and-outdoors,test,240068,4,6.162843981827273,1,1,1
amazon-sports-and-outdoors,test,240453,15,9.25539136881376,7,14,15
amazon-sports-and-outdoors,test,240651,6,2.54898099260056,2,6,6
amazon-sports-and-outdoors,test,241019,4,1.5833574659162237,1,2,3
amazon-sports-and-outdoors,test,241040,19,43.6161419157125,5,9,9
amazon-sports-and-outdoors,test,241207,3,3.256178326724464,1,1,3
amazon-sports-and-outdoors,test,241337,6,3.2553644055262585,4,6,6
amazon-sports-and-outdoors,test,242513,6,1.1669931559510287,3,3,3
amazon-sports-and-outdoors,test,242544,6,1.6146962076796993,4,5,5
amazon-sports-and-outdoors,test,243035,4,4.4652940855368,2,3,4
amazon-sports-and-outdoors,test,243233,5,2.2590208387882225,1,4,4
amazon-sports-and-outdoors,test,243314,6,3.5700428888096143,1,1,2
amazon-sports-and-outdoors,test,244113,7,0.043019660862642806,7,7,7
amazon-sports-and-outdoors,test,244360,5,3.1974734342227293,4,4,4
amazon-sports-and-outdoors,test,245810,5,1.9809010046864577,1,3,3
amazon-sports-and-outdoors,test,246040,6,0.04788309775923183,2,2,2
amazon-sports-and-outdoors,test,246260,4,1.7262792791232913,3,3,3
amazon-sports-and-outdoors,test,246785,6,5.049353786484864,5,5,6
amazon-sports-and-outdoors,test,247282,12,5.05513093517801,3,9,9
amazon-sports-and-outdoors,test,247397,9,3.403687731823142,4,8,8
amazon-sports-and-outdoors,test,247966,4,18.51498108009907,1,1,4
amazon-sports-and-outdoors,test,248477,2,0.09012240936006735,1,1,1
amazon-sports-and-outdoors,test,249695,6,7.454812371866558,2,4,6
amazon-sports-and-outdoors,test,249779,3,0.4111105662647242,2,2,2
amazon-sports-and-outdoors,test,250189,15,3.5495378373566564,7,7,9
amazon-sports-and-outdoors,test,250517,4,2.599494068275009,2,3,3
amazon-sports-and-outdoors,test,251173,14,17.649399941288763,7,12,13
amazon-sports-and-outdoors,test,251201,4,1.6863910604542018,2,2,2
amazon-sports-and-outdoors,test,251933,25,7.62204568611852,12,18,23
amazon-sports-and-outdoors,test,251942,17,8.267897443814258,4,12,14
amazon-sports-and-outdoors,test,252052,4,2.222666793376495,1,2,3
amazon-sports-and-outdoors,test,252320,4,1.992908655387113,4,4,4
amazon-sports-and-outdoors,test,252635,8,1.9545023601467806,7,8,8
amazon-sports-and-outdoors,test,253068,6,3.0010528899423368,4,5,5
amazon-sports-and-outdoors,test,253131,6,4.553337413953739,3,4,6
amazon-sports-and-outdoors,test,253521,3,0.7202113498786586,2,2,2
amazon-sports-and-outdoors,test,254220,2,0.723821654771319,1,1,1
amazon-sports-and-outdoors,test,254862,10,2.7823310634386678,8,8,8
amazon-sports-and-outdoors,test,255070,5,2.398542898656501,4,4,4
amazon-sports-and-outdoors,test,255290,5,0.1660830128248762,5,5,5
amazon-sports-and-outdoors,test,255572,4,1.4921032593459844,2,3,3
amazon-sports-and-outdoors,test,255580,2,3.399892384761354,2,2,2
amazon-sports-and-outdoors,test,255900,20,5.13267563178353,15,20,20
amazon-sports-and-outdoors,test,256493,12,5.33783743596054,3,11,12
amazon-sports-and-outdoors,test,257833,16,3.7796305051532264,8,13,14
amazon-sports-and-outdoors,test,257872,8,4.747157587065976,4,4,5
amazon-sports-and-outdoors,test,258150,6,4.168439789194674,3,5,6
amazon-sports-and-outdoors,test,258151,4,0.28640694764615127,2,2,2
amazon-sports-and-outdoors,test,258460,3,0.9454748135799275,1,1,2
amazon-sports-and-outdoors,test,258764,5,6.935028257921821,4,4,5
amazon-sports-and-outdoors,test,258982,4,1.0773472301764655,1,2,2
amazon-sports-and-outdoors,test,259472,5,3.736173483906552,2,5,5
amazon-sports-and-outdoors,test,259628,2,1.512003883770784,1,2,2
amazon-sports-and-outdoors,test,259642,4,1.9039205545237985,3,4,4
amazon-sports-and-outdoors,test,259673,11,3.5477133215690575,3,6,9
amazon-sports-and-outdoors,test,259759,4,6.453560429419431,4,4,4
amazon-sports-and-outdoors,test,259803,5,3.48300751152251,3,4,5
amazon-sports-and-outdoors,test,260051,4,3.329996934908641,1,3,3
amazon-sports-and-outdoors,test,260060,4,4.0090868922339515,2,4,4
amazon-sports-and-outdoors,test,260114,7,8.263455638717325,7,7,7
amazon-sports-and-outdoors,test,260200,4,0.8533560635609277,3,4,4
amazon-sports-and-outdoors,test,260290,4,2.3604100693075445,1,3,4
amazon-sports-and-outdoors,test,261576,8,33.892196018341906,2,2,6
amazon-sports-and-outdoors,test,261751,5,0.12587652162488702,1,1,1
amazon-sports-and-outdoors,test,262041,7,7.576610167564937,5,7,7
amazon-sports-and-outdoors,test,262170,8,1.1498277191318933,4,5,7
amazon-sports-and-outdoors,test,262438,5,4.088805041288855,1,4,5
amazon-sports-and-outdoors,test,262839,6,1.9224834562387827,6,6,6
amazon-sports-and-outdoors,test,262847,4,4.421443849680729,3,3,3
amazon-sports-and-outdoors,test,263153,2,16.359689792664216,1,1,1
amazon-sports-and-outdoors,test,263970,5,0.8101764733949672,5,5,5
amazon-sports-and-outdoors,test,264438,6,1.0875664483125014,2,3,3
amazon-sports-and-outdoors,test,264697,5,6.851206270074597,1,2,5
amazon-sports-and-outdoors,test,264950,48,28.18344102567288,15,32,37
amazon-sports-and-outdoors,test,265719,5,3.1568336800010255,2,2,3
amazon-sports-and-outdoors,test,265754,7,2.1118146385009577,4,7,7
amazon-sports-and-outdoors,test,266075,4,1.908944713761573,2,2,2
amazon-sports-and-outdoors,test,266165,16,6.658188783457442,8,13,16
amazon-sports-and-outdoors,test,266232,5,3.4183369916610746,3,4,4
amazon-sports-and-outdoors,test,266617,7,2.6590776467341444,1,4,4
amazon-sports-and-outdoors,test,267396,6,3.211024600959867,4,4,6
amazon-sports-and-outdoors,test,268723,5,3.856714446757618,2,3,3
amazon-sports-and-outdoors,test,268973,3,1.2085080274597293,3,3,3
amazon-sports-and-outdoors,test,269293,4,2.852251229638257,1,4,4
amazon-sports-and-outdoors,test,269605,12,20.47481146515993,2,4,8
amazon-sports-and-outdoors,test,269807,7,1.0692850750405474,7,7,7
amazon-sports-and-outdoors,test,270186,25,11.453665242590944,14,19,19
amazon-sports-and-outdoors,test,270210,4,3.032096225100098,3,4,4
amazon-sports-and-outdoors,test,270862,8,2.7079831685642963,5,7,7
amazon-sports-and-outdoors,test,270937,8,9.385282248124895,5,5,5
amazon-sports-and-outdoors,test,271118,4,1.7629123416914678,2,2,3
amazon-sports-and-outdoors,test,271180,5,1.2291596587452318,2,5,5
amazon-sports-and-outdoors,test,271323,4,2.147253386040392,2,4,4
amazon-sports-and-outdoors,test,272080,5,1.9953599354361435,5,5,5
amazon-sports-and-outdoors,test,272336,7,10.74258189074238,3,6,7
amazon-sports-and-outdoors,test,272642,4,0.3457076759324771,2,2,2
amazon-sports-and-outdoors,test,272757,3,1.357084465009385,1,1,1
amazon-sports-and-outdoors,test,273050,5,2.8377311027997805,3,5,5
amazon-sports-and-outdoors,test,273202,4,1.356390160356222,2,4,4
amazon-sports-and-outdoors,test,273800,5,1.8647257152970265,2,2,2
amazon-sports-and-outdoors,test,273875,4,59.54539236407628,3,4,4
amazon-sports-and-outdoors,test,274386,6,1.3484953362103864,2,4,4
amazon-sports-and-outdoors,test,274429,12,10.420729851253853,4,6,7
amazon-sports-and-outdoors,test,274979,5,1.516388061449332,3,4,4
amazon-sports-and-outdoors,test,275214,6,2.506592325534643,4,6,6
amazon-sports-and-outdoors,test,276009,3,2.3516536095184635,1,1,3
amazon-sports-and-outdoors,test,276121,6,3.557919586753254,6,6,6
amazon-sports-and-outdoors,test,276264,9,0.9711134634964008,3,5,8
amazon-sports-and-outdoors,test,276384,5,1.1799718815206712,1,3,3
amazon-sports-and-outdoors,test,276562,4,1.554941465214121,4,4,4
amazon-sports-and-outdoors,test,276769,6,2.727675950981272,4,4,5
amazon-sports-and-outdoors,test,276827,5,1.894663026975315,4,4,4
amazon-sports-and-outdoors,test,277162,9,11.761233480525567,3,9,9
amazon-sports-and-outdoors,test,277283,10,7.783374701272548,6,10,10
amazon-sports-and-outdoors,test,277520,8,4.596561282067313,4,6,6
amazon-sports-and-outdoors,test,277613,12,10.70265375583395,3,9,9
amazon-sports-and-outdoors,test,277689,8,11.285303699799217,2,7,7
amazon-sports-and-outdoors,test,277777,6,0.5588487627882313,4,4,4
amazon-sports-and-outdoors,test,277909,4,0.3206352550535347,2,2,2
amazon-sports-and-outdoors,test,278242,13,5.3729744325913185,6,10,11
amazon-sports-and-outdoors,test,278460,18,4.748247881961071,15,16,16
amazon-sports-and-outdoors,test,278472,8,2.1033217316299058,4,4,7
amazon-sports-and-outdoors,test,278745,4,1.3123123226321243,4,4,4
amazon-sports-and-outdoors,test,279149,6,2.0572454384792285,3,6,6
amazon-sports-and-outdoors,test,279211,6,2.875350175783452,2,5,5
amazon-sports-and-outdoors,test,279490,14,3.4594220366454866,4,11,11
amazon-sports-and-outdoors,test,279926,63,16.550908338965,31,46,51
amazon-sports-and-outdoors,test,280137,3,5.83875227122741,1,2,2
amazon-sports-and-outdoors,test,280413,17,17.61170751230233,9,15,16
amazon-sports-and-outdoors,test,280459,6,1.8616538170300387,4,5,5
amazon-sports-and-outdoors,test,280671,3,1.4331973317447904,3,3,3
amazon-sports-and-outdoors,test,280918,3,2.1484872207895407,2,3,3
amazon-sports-and-outdoors,test,281317,4,0.9244381624096614,1,1,4
amazon-sports-and-outdoors,test,281500,6,2.9303593796487712,4,4,5
amazon-sports-and-outdoors,test,281636,4,1.0013297923311388,4,4,4
amazon-sports-and-outdoors,test,282355,4,6.0713107581005845,2,3,4
amazon-sports-and-outdoors,test,282633,10,8.17654397533758,5,9,9
amazon-sports-and-outdoors,test,282719,8,4.6239442187737705,3,3,4
amazon-sports-and-outdoors,test,282844,5,1.7731938133001175,1,1,1
amazon-sports-and-outdoors,test,283104,4,0.9737052434209909,1,2,2
amazon-sports-and-outdoors,test,283263,8,2.3268876977753834,4,4,4
amazon-sports-and-outdoors,test,283315,6,5.357723653530743,3,5,6
amazon-sports-and-outdoors,test,283538,2,2.308343961142202,2,2,2
amazon-sports-and-outdoors,test,284292,6,0.7611572167172911,6,6,6
amazon-sports-and-outdoors,test,284609,4,3.603684083848951,3,4,4
amazon-sports-and-outdoors,test,284785,5,0.9636159513222784,2,2,2
amazon-sports-and-outdoors,test,284819,6,4.858845868200014,1,3,4
amazon-sports-and-outdoors,test,284820,5,0.5665178354877308,3,3,3
amazon-sports-and-outdoors,test,285152,6,4.185669197735137,3,3,5
amazon-sports-and-outdoors,test,285717,9,2.4035008392323234,3,4,4
amazon-sports-and-outdoors,test,285836,4,13.565328278686195,3,4,4
amazon-sports-and-outdoors,test,285840,4,3.5556021979308845,3,3,3
amazon-sports-and-outdoors,test,286414,12,4.721182953439557,8,10,10
amazon-sports-and-outdoors,test,286579,4,3.1928683954980297,2,3,3
amazon-sports-and-outdoors,test,287007,4,5.610469844536822,1,3,4
amazon-sports-and-outdoors,test,287249,4,0.777266987961553,4,4,4
amazon-sports-and-outdoors,test,287422,4,2.5445391875036263,4,4,4
amazon-sports-and-outdoors,test,287554,7,4.734269664332183,2,3,4
amazon-sports-and-outdoors,test,287666,4,6.693509764873523,1,3,3
amazon-sports-and-outdoors,test,287794,5,0.621069059984459,2,2,2
amazon-sports-and-outdoors,test,288151,7,5.027016024519673,4,6,6
amazon-sports-and-outdoors,test,288910,7,18.583532330766047,1,1,6
amazon-sports-and-outdoors,test,289204,7,4.370049973281232,1,5,5
amazon-sports-and-outdoors,test,289957,4,0.9851469294300714,3,4,4
amazon-sports-and-outdoors,test,290529,12,1.4227760211254716,9,9,9
amazon-sports-and-outdoors,test,291233,2,0.8831346354927005,2,2,2
amazon-sports-and-outdoors,test,291489,4,2.4618746384242973,1,3,3
amazon-sports-and-outdoors,test,292132,4,1.244645573533577,2,3,3
amazon-sports-and-outdoors,test,293594,6,9.003102364138403,4,5,6
amazon-sports-and-outdoors,test,293720,11,9.335112822193112,6,9,9
amazon-sports-and-outdoors,test,293923,4,3.442521077955225,1,1,4
amazon-sports-and-outdoors,test,294597,13,2.666585336227569,11,12,12
amazon-sports-and-outdoors,test,294797,5,1.4078169478272282,4,4,4
amazon-sports-and-outdoors,test,295174,16,4.425712772522507,7,9,16
amazon-sports-and-outdoors,test,295425,6,1.6719567138784137,3,6,6
amazon-sports-and-outdoors,test,295718,4,2.47732076914628,2,2,4
amazon-sports-and-outdoors,test,296534,8,1.5322808046638028,1,2,4
amazon-sports-and-outdoors,test,297009,14,9.51860830313291,4,9,11
amazon-sports-and-outdoors,test,297044,4,2.203448313690887,1,1,1
amazon-sports-and-outdoors,test,297448,4,60.58752739119751,3,4,4
amazon-sports-and-outdoors,test,297774,5,4.815828718623952,1,5,5
amazon-sports-and-outdoors,test,297887,8,2.0325383437113356,2,2,2
amazon-sports-and-outdoors,test,298606,3,11.220106999312568,2,3,3
amazon-sports-and-outdoors,test,298611,7,6.565627121789337,5,6,6
amazon-sports-and-outdoors,test,298709,9,0.9295886790143544,1,9,9
amazon-sports-and-outdoors,test,299348,8,3.259221741714704,4,5,6
amazon-sports-and-outdoors,test,299365,3,3.972675615922773,2,3,3
amazon-sports-and-outdoors,test,299691,6,4.028434637091994,5,5,5
amazon-sports-and-outdoors,test,300265,4,5.602217095966703,1,2,3
amazon-sports-and-outdoors,test,300947,5,16.50768632127312,2,2,4
amazon-sports-and-outdoors,test,301159,3,0.2437716458033824,1,1,1
amazon-sports-and-outdoors,test,301600,6,5.483409317375473,3,5,5
amazon-sports-and-outdoors,test,301847,11,2.4271875586104548,6,8,8
amazon-sports-and-outdoors,test,302059,3,19.879164555754066,1,1,2
amazon-sports-and-outdoors,test,302275,4,0.16833986642334503,1,1,1
amazon-sports-and-outdoors,test,302445,3,1.471614993861226,3,3,3
amazon-sports-and-outdoors,test,302795,2,0.5139303049243819,1,1,1
amazon-sports-and-outdoors,test,302796,5,1.7033533474062308,5,5,5
amazon-sports-and-outdoors,test,303195,7,4.079889577407303,2,7,7
amazon-sports-and-outdoors,test,303712,7,0.9585402446231042,6,6,7
amazon-sports-and-outdoors,test,303800,6,1.9545002453791334,2,4,4
amazon-sports-and-outdoors,test,303821,3,2.4983672011169142,3,3,3
amazon-sports-and-outdoors,test,303884,4,3.8370406311629783,1,1,1
amazon-sports-and-outdoors,test,304094,6,3.4112053342899133,2,4,4
amazon-sports-and-outdoors,test,304407,4,1.0995446244390745,2,2,2
amazon-sports-and-outdoors,test,304938,4,1.8448252230452047,1,3,3
amazon-sports-and-outdoors,test,305032,5,3.418079915218965,3,3,3
amazon-sports-and-outdoors,test,305090,3,1.6479633531914422,2,2,2
amazon-sports-and-outdoors,test,305228,12,6.192109722604607,2,6,10
amazon-sports-and-outdoors,test,305429,6,4.227124062711848,5,6,6
amazon-sports-and-outdoors,test,306098,4,0.9166279289697129,2,2,2
amazon-sports-and-outdoors,test,306975,4,3.341025316015677,1,3,3
amazon-sports-and-outdoors,test,307349,4,1.9219923014527263,2,2,2
amazon-sports-and-outdoors,test,307667,4,0.6637719022189595,1,1,2
amazon-sports-and-outdoors,test,307684,4,1.4360944312484412,1,4,4
amazon-sports-and-outdoors,test,307818,7,2.6311781780298635,7,7,7
amazon-sports-and-outdoors,test,307832,2,2.1472166419525225,2,2,2
amazon-sports-and-outdoors,test,307956,11,6.799776574798077,7,8,9
amazon-sports-and-outdoors,test,308325,4,0.7583189341888273,3,3,3
amazon-sports-and-outdoors,test,308717,4,4.367563006528155,2,3,4
amazon-sports-and-outdoors,test,309444,6,2.8875603154863243,4,5,5
amazon-sports-and-outdoors,test,310237,37,40.81957965556515,19,23,26
amazon-sports-and-outdoors,test,310397,5,10.555017332503464,4,4,4
amazon-sports-and-outdoors,test,310503,2,1.1139916596207455,1,1,1
amazon-sports-and-outdoors,test,310644,13,9.287990908613885,4,12,12
amazon-sports-and-outdoors,test,310685,5,10.915146137713934,3,5,5
amazon-sports-and-outdoors,test,311206,3,0.07172432734858492,1,1,1
amazon-sports-and-outdoors,test,311652,6,1.0894967024824598,2,2,6
amazon-sports-and-outdoors,test,311768,4,1.1233508281892712,1,1,1
amazon-sports-and-outdoors,test,312280,4,4.045183596857614,1,3,3
amazon-sports-and-outdoors,test,312447,2,28.940440609195825,2,2,2
amazon-sports-and-outdoors,test,312653,5,1.3152802668519556,4,4,4
amazon-sports-and-outdoors,test,312664,8,15.05868665263078,5,8,8
amazon-sports-and-outdoors,test,312928,5,2.9447407248604023,1,4,4
amazon-sports-and-outdoors,test,312930,5,4.0409831396184135,3,5,5
amazon-sports-and-outdoors,test,313192,4,4.872305703409388,2,2,2
amazon-sports-and-outdoors,test,313367,5,23.942270544075523,1,2,3
amazon-sports-and-outdoors,test,313515,4,0.3511542600077744,3,4,4
amazon-sports-and-outdoors,test,313866,16,19.5306858733389,4,9,10
amazon-sports-and-outdoors,test,314055,12,9.924327269281163,2,6,11
amazon-sports-and-outdoors,test,314295,8,5.0610455437682225,3,6,8
amazon-sports-and-outdoors,test,314631,12,9.721417428302438,6,9,10
amazon-sports-and-outdoors,test,314904,6,11.316025722447584,2,4,4
amazon-sports-and-outdoors,test,315011,5,1.0756858158436542,5,5,5
amazon-sports-and-outdoors,test,315311,5,3.782450415637755,3,3,3
amazon-sports-and-outdoors,test,315941,4,1.8337853428890871,2,2,2
amazon-sports-and-outdoors,test,316092,4,1.4576120598854616,3,4,4
amazon-sports-and-outdoors,test,316100,11,5.24395285495615,4,7,9
amazon-sports-and-outdoors,test,316392,4,1.4013950593476496,3,4,4
amazon-sports-and-outdoors,test,317478,6,6.068917568075361,2,2,5
amazon-sports-and-outdoors,test,317529,5,2.1663666560355535,2,3,3
amazon-sports-and-outdoors,test,317867,18,5.330490733154257,7,9,18
amazon-sports-and-outdoors,test,318000,6,7.854793709042072,3,6,6
amazon-sports-and-outdoors,test,318022,3,15.189025201818223,1,1,1
amazon-sports-and-outdoors,test,318300,3,1.8241264060065745,3,3,3
amazon-sports-and-outdoors,test,319846,4,0.14195999044653715,1,1,1
amazon-sports-and-outdoors,test,319905,4,2.2010261116970047,4,4,4
amazon-sports-and-outdoors,test,320370,11,4.955337693367415,4,9,9
amazon-sports-and-outdoors,test,320558,6,8.348108598076909,4,6,6
amazon-sports-and-outdoors,test,320581,5,0.6391644658764397,3,5,5
amazon-sports-and-outdoors,test,320589,4,2.1378413482806873,3,3,3
amazon-sports-and-outdoors,test,321225,4,2.2449651677942564,1,3,3
amazon-sports-and-outdoors,test,321357,5,3.2365917452952697,2,2,3
amazon-sports-and-outdoors,test,322444,4,0.16158926374760882,3,3,3
amazon-sports-and-outdoors,test,322707,5,0.528292881573144,3,3,3
amazon-sports-and-outdoors,test,322860,8,1.438958487507605,7,8,8
amazon-sports-and-outdoors,test,322992,6,8.633434238590466,4,4,5
amazon-sports-and-outdoors,test,323256,4,0.7766151108343115,3,3,3
amazon-sports-and-outdoors,test,323290,9,9.638089238700829,6,6,7
amazon-sports-and-outdoors,test,323524,7,14.724591562367868,3,6,7
amazon-sports-and-outdoors,test,323753,4,0.7677634865011077,3,3,3
amazon-sports-and-outdoors,test,323792,5,1.3574640658020525,4,5,5
amazon-sports-and-outdoors,test,324200,3,0.1131762845197819,1,1,1
amazon-sports-and-outdoors,test,324760,6,1.8094978973261804,3,3,3
amazon-sports-and-outdoors,test,324853,6,4.19900479034524,2,4,5
amazon-sports-and-outdoors,test,325030,9,6.053248527626069,4,7,8
amazon-sports-and-outdoors,test,325395,14,10.875673999579426,5,8,8
amazon-sports-and-outdoors,test,326397,3,6.661043851954104,2,2,3
amazon-sports-and-outdoors,test,326415,11,66.19009752118832,6,10,10
amazon-sports-and-outdoors,test,326423,7,2.276843968345629,3,3,3
amazon-sports-and-outdoors,test,326543,5,0.8764591070684391,2,5,5
amazon-sports-and-outdoors,test,327109,4,6.765790936978206,2,3,3
amazon-sports-and-outdoors,test,327709,4,1.569644519454078,1,4,4
amazon-sports-and-outdoors,test,327740,5,2.808631371282751,2,4,4
amazon-sports-and-outdoors,test,328305,5,0.7725679742495317,1,2,4
amazon-sports-and-outdoors,test,328380,15,15.375022452884627,6,10,12
amazon-sports-and-outdoors,test,328429,4,2.390012058140778,1,1,1
amazon-sports-and-outdoors,test,329073,5,1.3171584448686022,1,1,5
amazon-sports-and-outdoors,test,329356,3,2.7173178190454124,1,3,3
amazon-sports-and-outdoors,test,329891,13,3.8476135441880035,3,6,6
amazon-sports-and-outdoors,test,330074,4,8.621720804938722,2,4,4
amazon-sports-and-outdoors,test,330156,26,10.1448755941671,13,25,26
amazon-sports-and-outdoors,test,330258,4,0.15431459521430724,4,4,4
amazon-sports-and-outdoors,test,330462,4,2.4094273433905515,1,1,4
amazon-sports-and-outdoors,test,330503,4,0.8265809903800542,2,3,3
amazon-sports-and-outdoors,test,330655,6,6.491719957709934,5,6,6
amazon-sports-and-outdoors,test,330665,5,9.730614949318932,4,4,4
amazon-sports-and-outdoors,test,331619,7,0.8222832538290842,2,3,3
amazon-sports-and-outdoors,test,332430,4,12.623440243208853,2,2,3
amazon-sports-and-outdoors,test,333097,9,4.0872135464613795,4,6,7
amazon-sports-and-outdoors,test,334687,24,21.957868805895128,10,16,19
amazon-sports-and-outdoors,test,334744,6,4.559589327983676,4,4,5
amazon-sports-and-outdoors,test,335089,5,1.4288907396042978,1,4,4
amazon-sports-and-outdoors,test,335118,4,0.8145153157420792,1,4,4
amazon-sports-and-outdoors,test,335472,3,2.090125184992604,1,2,2
amazon-sports-and-outdoors,test,335510,8,1.2375477524447707,4,6,6
amazon-sports-and-outdoors,test,335735,9,1.844375504487735,5,7,7
amazon-sports-and-outdoors,test,335990,4,4.045486801669028,4,4,4
amazon-sports-and-outdoors,test,336362,4,2.7377047078560843,4,4,4
amazon-sports-and-outdoors,test,336996,5,16.185722199099295,1,1,1
amazon-sports-and-outdoors,test,337016,4,1.0185389784059753,4,4,4
amazon-sports-and-outdoors,test,337090,9,3.3869201356676317,6,8,8
amazon-sports-and-outdoors,test,337766,23,12.709443613884138,13,19,21
amazon-sports-and-outdoors,test,338053,3,0.9556416912166958,2,2,2
amazon-sports-and-outdoors,test,338708,6,0.9500218283673082,4,4,4
amazon-sports-and-outdoors,test,339029,6,0.509553000240687,1,3,3
amazon-sports-and-outdoors,test,339129,7,3.198946105543031,2,7,7
amazon-sports-and-outdoors,test,339158,8,0.6302016840687813,4,4,6
amazon-sports-and-outdoors,test,339322,22,16.63397310782156,19,22,22
amazon-sports-and-outdoors,test,339578,6,1.7340143061387874,2,6,6
amazon-sports-and-outdoors,test,339967,8,6.727750232194879,6,7,8
amazon-sports-and-outdoors,test,340507,6,3.28612872352757,5,6,6
amazon-sports-and-outdoors,test,340523,3,3.385905840234855,1,2,2
amazon-sports-and-outdoors,test,340786,8,2.55189686066708,2,5,7
amazon-sports-and-outdoors,test,341103,4,1.2805830097188111,1,3,3
amazon-sports-and-outdoors,test,341348,4,0.6042197809285761,3,3,3
amazon-sports-and-outdoors,test,341970,4,2.666040122693532,3,4,4
amazon-sports-and-outdoors,test,342110,15,3.255335591817065,4,11,11
amazon-sports-and-outdoors,test,342599,9,2.3863854959718305,9,9,9
amazon-sports-and-outdoors,test,343409,4,5.9698338968968825,2,3,3
amazon-sports-and-outdoors,test,343447,8,3.216020078661426,2,8,8
amazon-sports-and-outdoors,test,343580,11,4.054660531549492,5,9,9
amazon-sports-and-outdoors,test,343699,4,0.9220800643100842,2,3,3
amazon-sports-and-outdoors,test,343958,4,2.515321028998355,1,2,2
amazon-sports-and-outdoors,test,344274,9,5.066689858618531,5,6,6
amazon-sports-and-outdoors,test,344702,2,1.3008998468511703,2,2,2
amazon-sports-and-outdoors,test,345582,11,3.9502050201147445,10,11,11
amazon-sports-and-outdoors,test,345807,9,10.28885056166246,6,8,8
amazon-sports-and-outdoors,test,346141,6,1.444843489350757,1,3,3
amazon-sports-and-outdoors,test,346143,10,5.226618501071195,1,3,5
amazon-sports-and-outdoors,test,346260,3,2.3407353285020585,3,3,3
amazon-sports-and-outdoors,test,346369,3,0.5702740593480461,1,1,1
amazon-sports-and-outdoors,test,346390,22,7.319316697425521,10,20,21
amazon-sports-and-outdoors,test,346536,4,1.2468017113228491,4,4,4
amazon-sports-and-outdoors,test,346707,4,2.6135200003489363,2,3,3
amazon-sports-and-outdoors,test,347045,4,2.031476201660542,1,3,3
amazon-sports-and-outdoors,test,347431,5,46.57618985749506,2,3,3
amazon-sports-and-outdoors,test,348192,5,0.0990023187105522,5,5,5
amazon-sports-and-outdoors,test,349438,5,2.815365848855177,2,5,5
amazon-sports-and-outdoors,test,349799,11,12.153515213043676,8,10,10
amazon-sports-and-outdoors,test,349838,4,2.2504787635693737,1,1,3
amazon-sports-and-outdoors,test,350131,4,0.41614344891904315,1,1,1
amazon-sports-and-outdoors,test,350156,4,1.1696120313360983,1,3,4
amazon-sports-and-outdoors,test,350195,5,0.9934217508875085,2,5,5
amazon-sports-and-outdoors,test,350370,17,23.56324391082395,1,11,16
amazon-sports-and-outdoors,test,350810,21,34.131405052946505,5,12,15
amazon-sports-and-outdoors,test,351327,4,0.5716645190760633,4,4,4
amazon-sports-and-outdoors,test,351535,6,3.7331816163777116,3,4,4
amazon-sports-and-outdoors,test,351822,3,0.3715763068305805,2,2,2
amazon-sports-and-outdoors,test,351992,2,0.12111908745661254,2,2,2
amazon-sports-and-outdoors,test,352682,7,5.83703659988715,6,7,7
amazon-sports-and-outdoors,test,353071,8,0.417624050618021,8,8,8
amazon-sports-and-outdoors,test,354047,6,0.9984595239420114,4,4,4
amazon-sports-and-outdoors,test,354189,2,0.5790149227257293,2,2,2
amazon-sports-and-outdoors,test,354328,12,2.003837245895798,3,10,10
amazon-sports-and-outdoors,test,354375,12,11.58379185240825,5,9,11
amazon-sports-and-outdoors,test,354711,7,4.170083360175462,3,6,6
amazon-sports-and-outdoors,test,354766,76,75.73574326086333,47,67,69
amazon-sports-and-outdoors,test,355234,7,0.5884454647023472,5,6,6
amazon-sports-and-outdoors,test,355678,16,7.1644367983845285,6,14,15
amazon-sports-and-outdoors,test,355741,4,3.3162670703053188,1,4,4
amazon-sports-and-outdoors,test,355829,4,1.3628971682335993,1,1,3
amazon-sports-and-outdoors,test,356111,8,7.282302315815964,5,7,8
amazon-sports-and-outdoors,test,356358,6,3.6695744281238722,4,5,5
amazon-sports-and-outdoors,test,357258,5,6.378965040643851,4,5,5
amazon-sports-and-outdoors,test,357546,3,1.4764839820228888,2,3,3
amazon-sports-and-outdoors,test,357923,4,0.889295746686787,1,2,2
amazon-sports-and-outdoors,test,357926,4,1.991395274789604,3,3,3
amazon-sports-and-outdoors,test,358145,3,0.0815891897307412,2,2,2
amazon-sports-and-outdoors,test,358535,4,2.437666496648159,4,4,4
amazon-sports-and-outdoors,test,358679,5,0.10441903169283318,2,2,4
amazon-sports-and-outdoors,test,358694,4,6.699952404510642,1,3,3
amazon-sports-and-outdoors,test,358809,5,4.471116040869471,2,3,3
amazon-sports-and-outdoors,test,359128,3,0.7259598170355901,2,2,2
amazon-sports-and-outdoors,test,359149,19,5.624890841641837,12,13,13
amazon-sports-and-outdoors,test,359560,4,0.47330059584900186,2,3,3
amazon-sports-and-outdoors,test,359729,4,6.353074601204387,2,3,3
amazon-sports-and-outdoors,test,360250,10,7.848889938636051,3,4,6
amazon-sports-and-outdoors,test,360551,5,2.3234460456025854,1,4,5
amazon-sports-and-outdoors,test,361205,4,0.06891578374015958,2,2,2
amazon-sports-and-outdoors,test,361250,5,2.1533517150699533,1,1,5
amazon-sports-and-outdoors,test,361446,5,0.0668885146043871,4,4,4
amazon-sports-and-outdoors,test,361567,10,13.998394891355794,1,7,10
amazon-sports-and-outdoors,test,361749,3,1.091272975133108,3,3,3
amazon-sports-and-outdoors,test,361951,3,0.11310068157639508,2,2,2
amazon-sports-and-outdoors,test,362112,8,1.0257950105493863,1,1,1
amazon-sports-and-outdoors,test,362345,3,1.6264413628461496,3,3,3
amazon-sports-and-outdoors,test,362657,6,8.959599082349449,4,5,6
amazon-sports-and-outdoors,test,363011,7,1.4167154935676036,3,7,7
amazon-sports-and-outdoors,test,363166,5,0.15670481134752598,5,5,5
amazon-sports-and-outdoors,test,363368,15,5.357327795461789,5,11,14
amazon-sports-and-outdoors,test,363805,2,4.515082324600181,1,2,2
amazon-sports-and-outdoors,test,364620,4,1.5975457064070717,2,2,2
amazon-sports-and-outdoors,test,364738,7,3.0733799260703663,2,5,5
amazon-sports-and-outdoors,test,364894,10,5.326652165528679,3,8,8
amazon-sports-and-outdoors,test,365556,4,2.9104984071173563,2,3,4
amazon-sports-and-outdoors,test,366053,3,8.18038624380654,2,3,3
amazon-sports-and-outdoors,test,366100,9,2.4874853998424236,8,9,9
amazon-sports-and-outdoors,test,366892,4,3.8678590079122714,2,4,4
amazon-sports-and-outdoors,test,367648,14,14.609251738372048,8,12,13
amazon-sports-and-outdoors,test,367970,6,2.429926248800035,5,6,6
amazon-sports-and-outdoors,test,368089,33,16.442370532933342,10,23,29
amazon-sports-and-outdoors,test,368434,5,0.5299279934833434,3,3,3
amazon-sports-and-outdoors,test,368627,6,0.4788666642963646,6,6,6
amazon-sports-and-outdoors,test,369025,4,3.9369521677888377,4,4,4
amazon-sports-and-outdoors,test,369121,18,5.566607845285714,13,16,16
amazon-sports-and-outdoors,test,369309,7,5.175261500932546,2,6,7
amazon-sports-and-outdoors,test,369540,4,1.9887941105835791,4,4,4
amazon-sports-and-outdoors,test,369570,9,0.42983683378045257,1,1,1
amazon-sports-and-outdoors,test,369908,19,11.429137770900084,19,19,19
amazon-sports-and-outdoors,test,370237,5,3.4627020412662537,2,5,5
amazon-sports-and-outdoors,test,370350,7,8.770179344192048,4,6,7
amazon-sports-and-outdoors,test,370685,3,2.3751645388359237,1,2,3
amazon-sports-and-outdoors,test,370897,5,2.569779996756475,1,4,4
amazon-sports-and-outdoors,test,371215,9,23.580318544807234,1,3,8
amazon-sports-and-outdoors,test,371262,5,2.281322517530432,5,5,5
amazon-sports-and-outdoors,test,372572,5,3.8948867958269817,3,5,5
amazon-sports-and-outdoors,test,374479,6,1.6820912091355849,2,5,6
amazon-sports-and-outdoors,test,374600,4,2.9330984002707963,2,2,3
amazon-sports-and-outdoors,test,374654,5,1.5142155342107944,1,3,3
amazon-sports-and-outdoors,test,374776,3,0.09997458313634033,3,3,3
amazon-sports-and-outdoors,test,374896,4,0.10901706524970184,2,2,2
amazon-sports-and-outdoors,test,375286,5,1.2725220441396947,3,4,4
amazon-sports-and-outdoors,test,375365,5,3.440520507760999,3,5,5
amazon-sports-and-outdoors,test,375413,7,0.7614179940027832,4,4,5
amazon-sports-and-outdoors,test,375462,5,29.582325194958443,1,2,2
amazon-sports-and-outdoors,test,375512,15,4.608472314321087,14,14,14
amazon-sports-and-outdoors,test,375591,9,2.1610822482041985,4,9,9
amazon-sports-and-outdoors,test,376126,19,15.406878387510817,12,17,17
amazon-sports-and-outdoors,test,376296,7,4.076988777060269,5,7,7
amazon-sports-and-outdoors,test,376675,5,1.3833243698025455,4,4,4
amazon-sports-and-outdoors,test,376955,4,8.227646013801767,3,3,4
amazon-sports-and-outdoors,test,377017,10,9.592017703777358,2,3,3
amazon-sports-and-outdoors,test,377044,5,3.174585039631407,4,5,5
amazon-sports-and-outdoors,test,377047,4,0.46660603451591587,1,1,1
amazon-sports-and-outdoors,test,377392,17,10.875075123816341,11,16,17
amazon-sports-and-outdoors,test,377798,8,4.539202835691938,6,6,6
amazon-sports-and-outdoors,test,377933,5,2.9368829091483923,4,4,4
amazon-sports-and-outdoors,test,378787,28,17.26914898974245,12,27,28
amazon-sports-and-outdoors,test,378815,7,3.657488795366227,5,5,5
amazon-sports-and-outdoors,test,379007,5,1.619735038118026,3,4,4
amazon-sports-and-outdoors,test,379159,8,0.7815706722965305,7,7,7
amazon-sports-and-outdoors,test,379277,4,0.4079600911623464,2,2,2
amazon-sports-and-outdoors,test,380007,7,2.6083100059041673,7,7,7
amazon-sports-and-outdoors,test,380139,4,0.13407785490658475,1,1,1
amazon-sports-and-outdoors,test,380180,7,14.007973995759626,3,5,5
amazon-sports-and-outdoors,test,380363,3,1.0048153259326158,3,3,3
amazon-sports-and-outdoors,test,381201,4,0.7883296018698775,4,4,4
amazon-sports-and-outdoors,test,381204,4,2.1503907760179537,2,4,4
amazon-sports-and-outdoors,test,381357,3,0.9895809363213064,3,3,3
amazon-sports-and-outdoors,test,381488,3,2.8287692462029677,3,3,3
amazon-sports-and-outdoors,test,381643,4,0.9070886086322437,2,2,2
amazon-sports-and-outdoors,test,381949,4,4.7296506152718205,1,2,2
amazon-sports-and-outdoors,test,382254,8,1.1407783640236786,2,4,4
amazon-sports-and-outdoors,test,382374,6,3.084264899496328,4,4,4
amazon-sports-and-outdoors,test,382376,6,9.992944077745204,2,4,6
amazon-sports-and-outdoors,test,382778,4,0.31057186885849997,3,4,4
amazon-sports-and-outdoors,test,382849,6,2.7479931846325654,4,5,6
amazon-sports-and-outdoors,test,382852,11,3.320016817689714,7,7,8
amazon-sports-and-outdoors,test,382874,4,0.5877136229234469,3,3,3
amazon-sports-and-outdoors,test,382962,5,15.066459084599032,3,4,4
amazon-sports-and-outdoors,test,383952,6,1.7512729249073766,3,6,6
amazon-sports-and-outdoors,test,384115,7,22.167842102988395,1,3,6
amazon-sports-and-outdoors,test,384966,7,4.717963880561624,2,7,7
amazon-sports-and-outdoors,test,384967,4,0.8083464063422939,3,3,3
amazon-sports-and-outdoors,test,385022,5,2.0655555501217777,2,2,4
amazon-sports-and-outdoors,test,385302,32,14.38152390949693,17,26,28
amazon-sports-and-outdoors,test,385539,4,0.6512511560179084,4,4,4
amazon-sports-and-outdoors,test,385702,6,2.855175821121321,5,6,6
amazon-sports-and-outdoors,test,386364,8,6.185532795221894,6,8,8
amazon-sports-and-outdoors,test,386554,4,0.7895175725956778,2,3,3
amazon-sports-and-outdoors,test,386722,4,0.15566487435702797,3,3,3
amazon-sports-and-outdoors,test,386813,7,4.290140569927237,2,7,7
amazon-sports-and-outdoors,test,387735,5,1.620864456214595,3,4,4
amazon-sports-and-outdoors,test,388384,5,15.065251023580583,1,1,1
amazon-sports-and-outdoors,test,389041,11,4.011507772498055,2,11,11
amazon-sports-and-outdoors,test,389317,7,0.9828752724580725,3,5,5
amazon-sports-and-outdoors,test,389855,9,2.2693650925613973,7,8,8
amazon-sports-and-outdoors,test,390162,5,3.8157231124145716,1,1,2
amazon-sports-and-outdoors,test,390537,4,0.5424075678017637,2,2,3
amazon-sports-and-outdoors,test,390858,6,2.6991807786653785,4,6,6
amazon-sports-and-outdoors,test,390975,6,1.316300906587673,3,4,6
amazon-sports-and-outdoors,test,391037,7,5.333148996086755,3,4,5
amazon-sports-and-outdoors,test,391130,19,2.5839547556035725,16,19,19
amazon-sports-and-outdoors,test,391715,4,2.092827725872715,4,4,4
amazon-sports-and-outdoors,test,392163,16,9.14229544546457,5,10,14
amazon-sports-and-outdoors,test,392418,4,58.68452438148663,2,4,4
amazon-sports-and-outdoors,test,392481,5,0.9832688835864027,3,3,3
amazon-sports-and-outdoors,test,393378,4,1.2743745805986193,1,3,3
amazon-sports-and-outdoors,test,393402,4,0.25091215876406636,4,4,4
amazon-sports-and-outdoors,test,393405,4,1.1819564587845663,4,4,4
amazon-sports-and-outdoors,test,394031,5,14.909546497330172,4,4,4
amazon-sports-and-outdoors,test,395321,15,2.764751660852598,9,14,14
amazon-sports-and-outdoors,test,396297,4,4.174131025452154,1,3,4
amazon-sports-and-outdoors,test,396695,4,0.7866771752995667,4,4,4
amazon-sports-and-outdoors,test,397387,4,2.026998048994672,3,3,4
amazon-sports-and-outdoors,test,397543,10,9.80085801410365,3,5,5
amazon-sports-and-outdoors,test,397619,4,18.916419492183486,2,3,4
amazon-sports-and-outdoors,test,397842,6,3.9052490251251575,1,1,5
amazon-sports-and-outdoors,test,398000,5,2.6870072508773974,3,5,5
amazon-sports-and-outdoors,test,398074,2,0.3355364365874364,1,1,1
amazon-sports-and-outdoors,test,398232,4,8.002613588465952,1,4,4
amazon-sports-and-outdoors,test,398489,7,7.100355902177721,5,7,7
amazon-sports-and-outdoors,test,398605,4,2.0906320683630364,2,4,4
amazon-sports-and-outdoors,test,399299,4,3.0815905114605204,1,4,4
amazon-sports-and-outdoors,test,399327,7,5.20832047400402,6,7,7
amazon-sports-and-outdoors,test,399531,4,1.2547878669964472,1,2,3
amazon-sports-and-outdoors,test,399856,9,29.06742896991122,1,8,9
amazon-sports-and-outdoors,test,400140,9,5.689944795312301,5,6,9
amazon-sports-and-outdoors,test,400168,4,4.781663589900028,2,3,3
amazon-sports-and-outdoors,test,400181,2,0.8499404494647853,1,1,1
amazon-sports-and-outdoors,test,400581,11,5.995999916995369,10,11,11
amazon-sports-and-outdoors,test,401349,4,5.017827359092701,2,3,3
amazon-sports-and-outdoors,test,401787,4,2.27566234192277,3,3,3
amazon-sports-and-outdoors,test,402148,7,4.2117325194297575,3,5,5
amazon-sports-and-outdoors,test,402194,5,2.270833930865338,2,5,5
amazon-sports-and-outdoors,test,402541,6,3.7199429065604455,3,3,3
amazon-sports-and-outdoors,test,404207,5,1.8828601122175017,2,2,2
amazon-sports-and-outdoors,test,405079,51,18.931232382168123,21,43,47
amazon-sports-and-outdoors,test,405351,2,0.7172890053362196,1,1,1
amazon-sports-and-outdoors,test,405353,4,4.273624234602806,4,4,4
amazon-sports-and-outdoors,test,405416,5,9.641972216446998,3,4,4
amazon-sports-and-outdoors,test,405556,13,6.302674665599062,6,12,13
amazon-sports-and-outdoors,test,405813,5,6.117940327336953,3,5,5
amazon-sports-and-outdoors,test,405925,8,13.867020766886121,4,5,5
amazon-sports-and-outdoors,test,406030,5,1.949740564270234,1,2,4
amazon-sports-and-outdoors,test,407310,8,2.8896970238478383,2,4,4
amazon-sports-and-outdoors,test,407819,5,3.568299791576431,3,3,3
amazon-sports-and-outdoors,test,407874,6,0.9585197578115221,3,6,6
amazon-sports-and-outdoors,test,408655,7,3.413501443262833,2,5,5
amazon-sports-and-outdoors,test,408871,7,3.874312750079535,5,6,6
amazon-sports-and-outdoors,test,409034,10,4.660493748019884,5,6,8
amazon-sports-and-outdoors,test,409146,4,2.7521602021083442,1,2,2
amazon-sports-and-outdoors,test,409192,5,9.072588870797345,3,4,5
amazon-sports-and-outdoors,test,410490,8,4.332941087992442,4,6,7
amazon-sports-and-outdoors,test,410745,5,0.5309029013686908,2,2,2
amazon-sports-and-outdoors,test,410835,4,1.838683144759943,2,3,3
amazon-sports-and-outdoors,test,411317,16,2.796042423825078,7,14,14
amazon-sports-and-outdoors,test,413279,5,7.821831618763435,3,5,5
amazon-sports-and-outdoors,test,413948,4,2.388042680769347,4,4,4
amazon-sports-and-outdoors,test,413960,4,8.259155523052751,2,3,3
amazon-sports-and-outdoors,test,414904,14,3.372866843787269,10,12,13
amazon-sports-and-outdoors,test,415321,7,1.0301199747338137,4,7,7
amazon-sports-and-outdoors,test,416142,6,6.942131630275702,4,4,5
amazon-sports-and-outdoors,test,416515,5,0.18433266458212255,1,1,1
amazon-sports-and-outdoors,test,416725,7,4.7025341392889075,4,7,7
amazon-sports-and-outdoors,test,416900,4,0.5101500255820799,2,2,2
amazon-sports-and-outdoors,test,417077,2,0.5229389507553885,1,1,1
amazon-sports-and-outdoors,test,417220,100,31.359488955824222,17,51,74
amazon-sports-and-outdoors,test,417464,4,0.194450770390028,4,4,4
amazon-sports-and-outdoors,test,417893,10,3.89226421959853,6,10,10
amazon-sports-and-outdoors,test,417907,3,21.657858218839593,1,2,3
amazon-sports-and-outdoors,test,418067,6,1.7110923396110653,4,5,5
amazon-sports-and-outdoors,test,418292,6,7.887934893705831,5,6,6
amazon-sports-and-outdoors,test,418458,5,16.923765930643818,1,1,1
amazon-sports-and-outdoors,test,418581,8,2.761088222422802,2,8,8
amazon-sports-and-outdoors,test,418604,16,12.488872158727059,6,9,12
amazon-sports-and-outdoors,test,418631,6,6.609772632078144,2,2,5
amazon-sports-and-outdoors,test,418907,4,1.6015698448936886,4,4,4
amazon-sports-and-outdoors,test,419238,7,20.91569148342095,1,3,4
amazon-sports-and-outdoors,test,419564,4,2.62163912203835,2,4,4
amazon-sports-and-outdoors,test,419890,2,0.12846750851160932,2,2,2
amazon-sports-and-outdoors,test,420716,8,3.940180624948205,7,8,8
amazon-sports-and-outdoors,test,420872,6,3.6154510475567627,1,5,5
amazon-sports-and-outdoors,test,420935,7,0.8252504050110476,2,2,6
amazon-sports-and-outdoors,test,420941,4,1.3598189917501593,2,4,4
amazon-sports-and-outdoors,test,421180,5,1.478232498348168,1,4,4
amazon-sports-and-outdoors,test,421206,3,0.3907905569808944,3,3,3
amazon-sports-and-outdoors,test,421904,6,3.0570192905139586,4,5,5
amazon-sports-and-outdoors,test,422353,5,2.82298509234199,3,5,5
amazon-sports-and-outdoors,test,423600,6,6.779663812743669,3,3,3
amazon-sports-and-outdoors,test,423970,5,0.15976593751681079,3,3,3
amazon-sports-and-outdoors,test,424042,6,2.5568596916430857,6,6,6
amazon-sports-and-outdoors,test,424133,2,4.827944354647592,1,2,2
amazon-sports-and-outdoors,test,424710,3,7.61884828960897,2,3,3
amazon-sports-and-outdoors,test,424732,4,0.01987418982921004,1,1,1
amazon-sports-and-outdoors,test,425296,4,3.471287204875914,2,3,3
amazon-sports-and-outdoors,test,425976,6,4.286677109213078,2,3,3
amazon-sports-and-outdoors,test,426033,4,0.668173262384641,1,1,1
amazon-sports-and-outdoors,test,427285,3,1.7557485662866652,3,3,3
amazon-sports-and-outdoors,test,427353,4,2.3662476210516132,1,1,1
amazon-sports-and-outdoors,test,427717,53,38.39438817326768,7,34,44
amazon-sports-and-outdoors,test,428560,6,2.8475171900870793,4,5,6
amazon-sports-and-outdoors,test,428691,4,2.603593281013101,4,4,4
amazon-sports-and-outdoors,test,428782,3,0.27473395892566105,1,3,3
amazon-sports-and-outdoors,test,428955,7,7.036867405258079,5,6,7
amazon-sports-and-outdoors,test,429334,7,5.306147378421677,3,4,6
amazon-sports-and-outdoors,test,429497,4,3.4790412648002342,2,3,4
amazon-sports-and-outdoors,test,430219,6,1.7001098225273774,3,3,3
amazon-sports-and-outdoors,test,430345,5,3.0511728831803673,2,3,4
amazon-sports-and-outdoors,test,430439,2,3.19805711009335,2,2,2
amazon-sports-and-outdoors,test,430466,4,4.270941123150454,1,2,4
amazon-sports-and-outdoors,test,430948,2,2.1631930506620347,2,2,2
amazon-sports-and-outdoors,test,431271,7,2.334007459578529,4,6,6
amazon-sports-and-outdoors,test,431301,4,0.6739321712068305,1,1,1
amazon-sports-and-outdoors,test,431318,24,6.0217596373596445,9,17,20
amazon-sports-and-outdoors,test,431370,12,2.076103614626949,6,6,6
amazon-sports-and-outdoors,test,431498,5,7.682042305133744,3,5,5
amazon-sports-and-outdoors,test,431533,4,1.9792358895102637,2,2,3
amazon-sports-and-outdoors,test,431630,15,13.736226881789642,4,10,14
amazon-sports-and-outdoors,test,431695,7,1.6791720367446163,4,4,4
amazon-sports-and-outdoors,test,431901,5,2.7383848700006066,1,2,2
amazon-sports-and-outdoors,test,432314,10,12.190066196192546,6,10,10
amazon-sports-and-outdoors,test,432423,7,2.3052532282258564,7,7,7
amazon-sports-and-outdoors,test,432441,6,1.179544434109986,3,3,3
amazon-sports-and-outdoors,test,432557,3,0.9326381739615797,3,3,3
amazon-sports-and-outdoors,test,432826,18,11.755221856969543,10,10,12
amazon-sports-and-outdoors,test,433316,4,1.0532227538953691,1,2,4
amazon-sports-and-outdoors,test,433330,5,2.976924316298924,4,5,5
amazon-sports-and-outdoors,test,433686,7,6.019569795460995,3,5,6
amazon-sports-and-outdoors,test,434302,4,8.91848020108268,1,3,4
amazon-sports-and-outdoors,test,434307,19,5.150040781972346,10,11,15
amazon-sports-and-outdoors,test,434795,11,4.843881441896164,4,10,10
amazon-sports-and-outdoors,test,434926,5,3.9343934311087345,2,3,4
amazon-sports-and-outdoors,test,435798,7,9.13919731086146,2,5,7
amazon-sports-and-outdoors,test,436199,6,4.449870556394046,6,6,6
amazon-sports-and-outdoors,test,436987,2,1.5476122092409266,2,2,2
amazon-sports-and-outdoors,test,437126,19,8.62366718421199,7,10,15
amazon-sports-and-outdoors,test,437347,8,5.969037819050699,5,8,8
amazon-sports-and-outdoors,test,437638,2,15.09481494659617,2,2,2
amazon-sports-and-outdoors,test,437792,4,3.777120540301986,2,4,4
amazon-sports-and-outdoors,test,438564,8,2.3897578895041836,3,8,8
amazon-sports-and-outdoors,test,438667,3,5.802597542666428,2,2,2
amazon-sports-and-outdoors,test,439631,4,4.239748564700589,4,4,4
amazon-sports-and-outdoors,test,440066,12,2.0538616780707715,8,8,8
amazon-sports-and-outdoors,test,440186,7,2.325753917970542,5,6,6
amazon-sports-and-outdoors,test,440500,4,3.003551884436407,2,4,4
amazon-sports-and-outdoors,test,440535,12,1.7443670189825509,7,10,11
amazon-sports-and-outdoors,test,441066,7,1.2104891682261978,6,7,7
amazon-sports-and-outdoors,test,441087,6,2.671545523744016,5,5,6
amazon-sports-and-outdoors,test,441146,7,19.634615204148435,1,4,6
amazon-sports-and-outdoors,test,441543,6,6.421708195636626,3,5,6
amazon-sports-and-outdoors,test,442310,3,2.969020636563566,2,3,3
amazon-sports-and-outdoors,test,442915,5,18.366549768479203,1,1,3
amazon-sports-and-outdoors,test,444079,3,10.075670087259278,3,3,3
amazon-sports-and-outdoors,test,444497,10,4.844358784606025,8,10,10
amazon-sports-and-outdoors,test,444520,3,0.002643591731945838,3,3,3
amazon-sports-and-outdoors,test,444668,4,2.588834317603471,2,3,3
amazon-sports-and-outdoors,test,444686,6,3.979477633886931,2,6,6
amazon-sports-and-outdoors,test,444772,4,2.4518214295485645,2,2,4
amazon-sports-and-outdoors,test,445456,6,2.2568409098629196,2,4,4
amazon-sports-and-outdoors,test,445547,6,2.1873246642839406,3,5,5
amazon-sports-and-outdoors,test,445571,7,4.0611913305629,4,5,6
amazon-sports-and-outdoors,test,445803,4,1.5262323048469284,4,4,4
amazon-sports-and-outdoors,test,445805,18,5.686900190765259,11,14,14
amazon-sports-and-outdoors,test,446338,10,6.632832058502933,3,7,8
amazon-sports-and-outdoors,test,446351,5,6.064199455368027,3,4,5
amazon-sports-and-outdoors,test,446376,9,3.905346700955862,5,6,9
amazon-sports-and-outdoors,test,446794,4,2.5249122933161576,3,4,4
amazon-sports-and-outdoors,test,446903,6,4.507945644655856,1,2,2
amazon-sports-and-outdoors,test,446906,4,4.5519768253187385,3,4,4
amazon-sports-and-outdoors,test,447147,5,3.6034247604662166,4,5,5
amazon-sports-and-outdoors,test,447920,4,1.0778687847474497,3,3,3
amazon-sports-and-outdoors,test,448165,3,0.880413722568655,3,3,3
amazon-sports-and-outdoors,test,448304,5,2.0861239124311726,4,4,5
amazon-sports-and-outdoors,test,448529,12,3.6394364778650576,9,10,10
amazon-sports-and-outdoors,test,448765,4,2.8046293056834513,3,4,4
amazon-sports-and-outdoors,test,448809,6,1.1104467803521696,3,3,3
amazon-sports-and-outdoors,test,448978,3,0.6997047123499655,3,3,3
amazon-sports-and-outdoors,test,449392,4,0.04891193221958212,1,1,1
amazon-sports-and-outdoors,test,449415,4,1.1015264260704325,1,4,4
amazon-sports-and-outdoors,test,449563,6,2.591736307507306,2,2,2
amazon-sports-and-outdoors,test,449574,6,11.141293574291723,4,4,4
amazon-sports-and-outdoors,test,449699,7,44.57282182567098,2,3,3
amazon-sports-and-outdoors,test,450096,6,6.715384921415894,4,6,6
amazon-sports-and-outdoors,test,450186,5,18.11472759876196,1,1,2
amazon-sports-and-outdoors,test,450707,8,3.7959870433473175,3,5,6
amazon-sports-and-outdoors,test,450926,8,0.27790571387748864,4,4,4
amazon-sports-and-outdoors,test,450969,5,1.5299669845118382,1,2,2
amazon-sports-and-outdoors,test,451139,9,4.586323295368407,4,5,7
amazon-sports-and-outdoors,test,451189,11,4.2910559999725075,10,11,11
amazon-sports-and-outdoors,test,451191,5,0.7838616265233102,2,2,2
amazon-sports-and-outdoors,test,451913,19,9.216723899769002,14,17,18
amazon-sports-and-outdoors,test,452584,3,12.367651298077426,1,1,1
amazon-sports-and-outdoors,test,452914,6,0.5235609567896136,2,2,2
amazon-sports-and-outdoors,test,453367,11,8.654635577291256,3,9,10
amazon-sports-and-outdoors,test,453653,23,8.780050815223102,6,10,18
amazon-sports-and-outdoors,test,453685,4,1.6690021191293556,2,2,2
amazon-sports-and-outdoors,test,454493,3,1.4439651999122898,1,1,1
amazon-sports-and-outdoors,test,455360,4,0.9050399274740436,2,4,4
amazon-sports-and-outdoors,test,455486,2,5.639272979891335,1,2,2
amazon-sports-and-outdoors,test,455784,4,0.6531100367797746,3,3,3
amazon-sports-and-outdoors,test,455828,11,5.136807755593131,11,11,11
amazon-sports-and-outdoors,test,456613,9,2.9029422101410245,1,5,7
amazon-sports-and-outdoors,test,456951,12,4.03918981665361,6,10,12
amazon-sports-and-outdoors,test,457262,8,4.547321957381352,3,7,7
amazon-sports-and-outdoors,test,457398,3,0.12146855281030812,1,1,1
amazon-sports-and-outdoors,test,457884,4,10.33725098445738,2,2,3
amazon-sports-and-outdoors,test,457898,4,1.0654395022471388,1,1,1
amazon-sports-and-outdoors,test,458611,5,3.3189340566543613,2,3,4
amazon-sports-and-outdoors,test,458707,4,3.4655635862388365,1,1,2
amazon-sports-and-outdoors,test,459105,6,1.542836799547651,6,6,6
amazon-sports-and-outdoors,test,459121,6,7.0750183423050155,2,4,5
amazon-sports-and-outdoors,test,459191,7,1.0270242192443062,4,4,4
amazon-sports-and-outdoors,test,459356,9,3.83262037026145,2,6,9
amazon-sports-and-outdoors,test,459597,2,0.5032327527811506,2,2,2
amazon-sports-and-outdoors,test,460356,9,5.4341574362566085,4,8,8
amazon-sports-and-outdoors,test,460378,4,4.64772002273904,3,4,4
amazon-sports-and-outdoors,test,460689,4,4.051519440728548,2,4,4
amazon-sports-and-outdoors,test,460758,4,1.9530751563308941,1,1,2
amazon-sports-and-outdoors,test,461629,14,6.207436897646435,7,12,14
amazon-sports-and-outdoors,test,462059,6,4.089708443593133,3,4,6
amazon-sports-and-outdoors,test,462694,5,30.168491468829053,3,3,3
amazon-sports-and-outdoors,test,463252,4,0.19459774674150654,4,4,4
amazon-sports-and-outdoors,test,463307,7,8.028019878287191,3,5,7
amazon-sports-and-outdoors,test,463652,10,4.80304058648851,5,7,10
amazon-sports-and-outdoors,test,463831,3,15.567103758298977,3,3,3
amazon-sports-and-outdoors,test,463953,5,14.840505149260961,3,4,4
amazon-sports-and-outdoors,test,463984,3,0.3749062728370124,2,2,2
amazon-sports-and-outdoors,test,464183,4,5.568726842468182,2,3,4
amazon-sports-and-outdoors,test,464193,4,3.8821901273922816,1,3,4
amazon-sports-and-outdoors,test,464223,12,4.08723667673252,4,7,10
amazon-sports-and-outdoors,test,464228,4,0.8642222684240208,3,3,4
amazon-sports-and-outdoors,test,464960,11,49.0687081399918,2,3,3
amazon-sports-and-outdoors,test,465440,4,1.5031903252552292,3,3,4
amazon-sports-and-outdoors,test,465830,5,3.451075973952936,3,5,5
amazon-sports-and-outdoors,test,466428,22,3.6430991232569854,16,21,21
amazon-sports-and-outdoors,test,466496,8,4.798022375034746,4,7,8
amazon-sports-and-outdoors,test,467102,4,0.12765742032976368,4,4,4
amazon-sports-and-outdoors,test,467676,5,0.308788855385976,3,3,3
amazon-sports-and-outdoors,test,468234,6,2.2064845913403173,2,4,4
amazon-sports-and-outdoors,test,468235,15,13.158313753008091,5,10,12
amazon-sports-and-outdoors,test,469264,6,1.628004704829323,3,3,3
amazon-sports-and-outdoors,test,469815,7,1.3376716910461925,2,2,2
amazon-sports-and-outdoors,test,470585,3,1.1091894188129465,1,1,1
amazon-sports-and-outdoors,test,470976,8,3.1547818266913548,6,7,8
amazon-sports-and-outdoors,test,471148,4,0.5221644171046108,2,2,2
amazon-sports-and-outdoors,test,471301,3,5.475105682208843,2,2,2
amazon-sports-and-outdoors,test,471429,4,1.0649915680248716,3,3,4
amazon-sports-and-outdoors,test,471936,7,3.3487504300578266,1,7,7
amazon-sports-and-outdoors,test,472129,4,1.2501887760557548,2,4,4
amazon-sports-and-outdoors,test,472155,17,2.059900529260256,9,17,17
amazon-sports-and-outdoors,test,472239,8,9.720484419251099,5,7,7
amazon-sports-and-outdoors,test,472902,18,10.80899735825869,12,14,17
amazon-sports-and-outdoors,test,475199,2,0.5477618290519642,1,1,1
amazon-sports-and-outdoors,test,475755,4,2.123126001953781,2,2,4
amazon-sports-and-outdoors,test,475948,3,0.6066797843941514,1,1,3
amazon-sports-and-outdoors,test,476410,5,3.9233436379792703,4,4,4
amazon-sports-and-outdoors,test,476509,3,0.8338185183065522,1,2,2
amazon-sports-and-outdoors,test,476802,5,0.8958975225893533,2,5,5
amazon-sports-and-outdoors,test,476992,29,2.072611075857641,3,12,12
amazon-sports-and-outdoors,test,477080,10,2.878948717281075,9,10,10
amazon-sports-and-outdoors,test,477128,8,0.39150191194821254,5,6,6
amazon-sports-and-outdoors,test,478014,4,0.025343375483736552,3,3,3
amazon-sports-and-outdoors,test,478268,6,0.5065327155215883,3,5,5
amazon-sports-and-outdoors,test,478788,9,2.018727589245508,1,4,9
amazon-sports-and-outdoors,test,479649,6,0.47327918382657425,2,4,6
amazon-sports-and-outdoors,test,480093,3,3.216657020242159,2,3,3
amazon-sports-and-outdoors,test,480743,4,0.9557071168407804,2,3,4
amazon-sports-and-outdoors,test,480940,10,3.219236243733844,3,8,8
amazon-sports-and-outdoors,test,481048,10,8.593419133862547,5,6,10
amazon-sports-and-outdoors,test,481384,6,0.8138892123455378,4,4,5
amazon-sports-and-outdoors,test,481739,6,1.1126847332147918,4,6,6
amazon-sports-and-outdoors,test,482017,5,10.989231735313568,4,4,4
amazon-sports-and-outdoors,test,482247,4,0.28132727575763866,1,1,1
amazon-sports-and-outdoors,test,482268,15,19.247516634960572,8,11,14
amazon-sports-and-outdoors,test,482393,9,2.261048107923995,5,6,6
amazon-sports-and-outdoors,test,482721,9,0.143558622614823,8,8,8
amazon-sports-and-outdoors,test,483145,4,2.2468810151096186,1,4,4
amazon-sports-and-outdoors,test,483267,5,1.1533588524107625,3,5,5
amazon-sports-and-outdoors,test,483756,7,0.7054391691712344,3,4,4
amazon-sports-and-outdoors,test,484195,15,15.523865615503784,6,7,7
amazon-sports-and-outdoors,test,484294,5,9.037332654140457,1,4,4
amazon-sports-and-outdoors,test,485346,4,4.100741450754397,2,3,3
amazon-sports-and-outdoors,test,486143,4,1.6414617644061607,1,1,1
amazon-sports-and-outdoors,test,486300,4,1.1590211427860715,2,2,2
amazon-sports-and-outdoors,test,486388,5,5.86740102854368,1,4,4
amazon-sports-and-outdoors,test,486657,5,3.935139283223297,2,3,3
amazon-sports-and-outdoors,test,486902,4,2.632982207005882,1,3,3
amazon-sports-and-outdoors,test,487011,11,9.793155898159663,5,7,10
amazon-sports-and-outdoors,test,487238,4,1.5728437663853188,3,3,3
amazon-sports-and-outdoors,test,488012,16,10.726356335969436,4,8,9
amazon-sports-and-outdoors,test,488463,4,5.12969671720653,2,2,2
amazon-sports-and-outdoors,test,489081,6,6.103730939169634,2,3,4
amazon-sports-and-outdoors,test,489397,4,2.5004066301666583,2,2,2
amazon-sports-and-outdoors,test,489415,10,4.728149526761261,4,6,7
amazon-sports-and-outdoors,test,489472,6,7.212407394655163,4,4,4
amazon-sports-and-outdoors,test,489838,100,102.11975585536206,45,71,82
amazon-sports-and-outdoors,test,490050,3,6.351403009552273,2,3,3
amazon-sports-and-outdoors,test,492103,11,11.661721634985025,1,10,10
amazon-sports-and-outdoors,test,492132,6,1.5134778768208643,1,2,2
amazon-sports-and-outdoors,test,493387,5,0.2900132873494732,5,5,5
amazon-sports-and-outdoors,test,493508,15,4.487489100685806,7,9,11
amazon-sports-and-outdoors,test,494027,3,3.4378923802674732,3,3,3
amazon-sports-and-outdoors,test,494623,12,3.8799372389831506,9,10,11
amazon-sports-and-outdoors,test,494907,7,1.6546774761252643,1,5,5
amazon-sports-and-outdoors,test,495153,5,5.45345680580472,4,4,4
amazon-sports-and-outdoors,test,495192,3,0.5165045058429047,3,3,3
amazon-sports-and-outdoors,test,495804,6,0.2553325518385724,1,4,4
amazon-sports-and-outdoors,test,496035,4,8.878575725137303,2,2,4
amazon-sports-and-outdoors,test,496211,11,1.8014687193482608,4,11,11
amazon-sports-and-outdoors,test,497132,14,2.9055897670623088,10,13,13
amazon-sports-and-outdoors,test,498018,7,3.5870729804993307,2,3,3
amazon-sports-and-outdoors,test,498269,5,0.5761298509630719,1,1,1
amazon-sports-and-outdoors,test,498555,4,1.9932520407838228,1,3,3
amazon-sports-and-outdoors,test,498724,7,1.8128652682853716,1,7,7
amazon-sports-and-outdoors,test,499354,5,0.8407499336161218,1,2,2
amazon-sports-and-outdoors,test,499425,4,2.934711439293678,1,1,1
amazon-sports-and-outdoors,test,499668,5,2.9155696199352805,3,5,5
amazon-sports-and-outdoors,test,500335,6,6.95918538092847,3,5,6
amazon-sports-and-outdoors,test,501128,12,7.340352357298452,11,12,12
amazon-sports-and-outdoors,test,501166,7,9.8995744426629,3,6,6
amazon-sports-and-outdoors,test,501170,13,10.510044419372699,6,10,10
amazon-sports-and-outdoors,test,501494,9,3.5419754282503613,8,9,9
amazon-sports-and-outdoors,test,501625,2,1.015141472007812,1,2,2
amazon-sports-and-outdoors,test,501913,5,1.8645221689109857,1,5,5
amazon-sports-and-outdoors,test,502198,7,6.124849537586228,3,4,6
amazon-sports-and-outdoors,test,502365,5,3.8209431520056656,3,4,4
amazon-sports-and-outdoors,test,503139,5,6.182188290187888,4,5,5
amazon-sports-and-outdoors,test,503580,5,2.884710401735801,2,3,3
amazon-sports-and-outdoors,test,503600,10,7.4957183224658515,6,8,9
amazon-sports-and-outdoors,test,503834,6,8.948593699340575,6,6,6
amazon-sports-and-outdoors,test,504401,6,6.406875347532324,5,6,6
amazon-sports-and-outdoors,test,505136,6,1.2730919740206081,4,4,4
amazon-sports-and-outdoors,test,505246,5,1.4729515270142401,4,4,4
amazon-sports-and-outdoors,test,505446,4,1.9038692714083547,3,4,4
amazon-sports-and-outdoors,test,506138,7,0.6624089344703559,1,6,6
amazon-sports-and-outdoors,test,506155,7,3.2432711067358917,1,5,7
amazon-sports-and-outdoors,test,506415,6,2.925888232150733,6,6,6
amazon-sports-and-outdoors,test,507596,5,0.9045752072835769,4,4,4
amazon-sports-and-outdoors,test,507601,9,1.4088149859837165,5,5,5
amazon-sports-and-outdoors,test,508372,6,5.273859105984621,2,2,2
amazon-sports-and-outdoors,test,508952,5,0.9691261105999689,2,2,5
amazon-sports-and-outdoors,test,509403,5,18.631995007033584,1,1,2
amazon-sports-and-outdoors,test,509446,4,4.478353040104057,2,3,4
amazon-sports-and-outdoors,test,509556,4,2.0711296811207953,4,4,4
amazon-sports-and-outdoors,test,509667,3,1.7124987922694141,1,2,2
amazon-sports-and-outdoors,test,510105,3,5.936490487576863,1,2,3
amazon-sports-and-outdoors,test,510763,4,0.2789566212251563,3,3,3
amazon-sports-and-outdoors,test,511071,5,4.135390200404634,2,4,4
amazon-sports-and-outdoors,test,511105,4,2.997423948659786,3,4,4
amazon-sports-and-outdoors,test,511117,9,2.2904991552164113,5,8,8
amazon-sports-and-outdoors,test,511194,6,1.8318648695194972,6,6,6
amazon-sports-and-outdoors,test,511329,5,2.0079039440813142,4,5,5
amazon-sports-and-outdoors,test,512590,11,8.448831941133328,9,9,10
amazon-sports-and-outdoors,test,512837,14,3.5007874205161276,1,4,5
amazon-sports-and-outdoors,test,513579,8,1.759080382714788,6,6,6
amazon-sports-and-outdoors,test,514340,6,6.74749290991103,3,5,6
amazon-sports-and-outdoors,test,514470,5,12.70483064478076,4,5,5
amazon-sports-and-outdoors,test,515072,4,2.1135014300455346,1,1,2
amazon-sports-and-outdoors,test,515105,4,13.238809475692264,2,3,3
amazon-sports-and-outdoors,test,515310,4,3.6748552672848223,2,2,4
amazon-sports-and-outdoors,test,516017,5,0.6809086575018805,2,5,5
amazon-sports-and-outdoors,test,516363,6,1.0855049463754403,2,3,3
amazon-sports-and-outdoors,test,517365,26,15.900703067721603,11,23,25
amazon-sports-and-outdoors,test,518422,6,3.357369958641754,3,5,6
amazon-sports-and-outdoors,test,518593,4,3.417185632850166,2,2,4
amazon-sports-and-outdoors,test,519303,5,2.30840978328522,2,4,4
amazon-sports-and-outdoors,test,519616,5,2.178909210777966,3,4,4
amazon-sports-and-outdoors,test,519944,3,1.0088430330896374,2,2,2
amazon-sports-and-outdoors,test,519954,3,2.637108911723386,3,3,3
amazon-sports-and-outdoors,test,520032,4,0.8797951530318564,4,4,4
amazon-sports-and-outdoors,test,520135,7,3.008877133717948,1,1,1
amazon-sports-and-outdoors,test,520151,4,0.17480219983417578,2,2,2
amazon-sports-and-outdoors,test,520521,8,1.6462108716768244,1,2,2
amazon-sports-and-outdoors,test,520629,8,3.239541978336056,1,6,6
amazon-sports-and-outdoors,test,521063,4,3.275580262503465,2,2,4
amazon-sports-and-outdoors,test,521406,4,1.7206066792557024,2,3,3
amazon-sports-and-outdoors,test,521488,4,0.22141326485363222,1,1,1
amazon-sports-and-outdoors,test,521962,5,7.84478424942204,2,4,5
amazon-sports-and-outdoors,test,522621,26,10.719945021328092,11,16,17
amazon-sports-and-outdoors,test,522685,8,3.313490116038622,7,7,7
amazon-sports-and-outdoors,test,522957,10,2.597775423042746,10,10,10
amazon-sports-and-outdoors,test,523000,5,28.42990529938303,3,3,4
amazon-sports-and-outdoors,test,523052,4,1.0579986922805562,2,3,3
amazon-sports-and-outdoors,test,523245,7,0.6551045270170157,1,1,1
amazon-sports-and-outdoors,test,523263,4,7.598055894101952,2,4,4
amazon-sports-and-outdoors,test,523651,5,8.18436570782661,5,5,5
amazon-sports-and-outdoors,test,523857,7,1.9460031089727872,6,6,6
amazon-sports-and-outdoors,test,524325,3,1.6585448574600345,1,1,1
amazon-sports-and-outdoors,test,524497,3,1.2090094917380654,3,3,3
amazon-sports-and-outdoors,test,524783,7,5.968046786062042,4,4,6
amazon-sports-and-outdoors,test,525197,4,1.2128277047250386,3,3,3
amazon-sports-and-outdoors,test,525445,12,5.34406212235702,2,11,11
amazon-sports-and-outdoors,test,525485,6,7.051883577282796,2,5,5
amazon-sports-and-outdoors,test,525853,4,1.6157641653415225,2,2,2
amazon-sports-and-outdoors,test,525978,4,1.5366493859309533,3,4,4
amazon-sports-and-outdoors,test,526278,3,1.8248763554834537,1,2,2
amazon-sports-and-outdoors,test,527685,7,12.092316745139968,5,7,7
amazon-sports-and-outdoors,test,528063,16,4.613212566002229,5,10,10
amazon-sports-and-outdoors,test,528699,3,1.9526852460459463,2,3,3
amazon-sports-and-outdoors,test,529391,6,2.043596199392454,3,3,3
amazon-sports-and-outdoors,test,529539,5,0.26615117442960423,5,5,5
amazon-sports-and-outdoors,test,530490,4,1.6998391322685387,1,2,4
amazon-sports-and-outdoors,test,530858,4,1.5008053960411285,3,3,3
amazon-sports-and-outdoors,test,531277,7,3.504240836083963,5,7,7
amazon-sports-and-outdoors,test,531428,5,0.4957225520011452,2,2,2
amazon-sports-and-outdoors,test,532396,30,22.359650999895187,9,16,22
amazon-sports-and-outdoors,test,533369,4,1.0286560268300573,1,3,4
amazon-sports-and-outdoors,test,533456,5,1.4166379080295481,5,5,5
amazon-sports-and-outdoors,test,533779,6,2.935172326467784,4,4,6
amazon-sports-and-outdoors,test,533908,4,0.030431902961771784,3,3,3
amazon-sports-and-outdoors,test,534262,4,2.399721485100867,3,3,4
amazon-sports-and-outdoors,test,534414,3,4.215718724271704,1,2,2
amazon-sports-and-outdoors,test,534433,4,3.4914860115389654,2,4,4
amazon-sports-and-outdoors,test,535043,39,10.39836380427138,27,36,38
amazon-sports-and-outdoors,test,535059,4,1.4216922027062944,1,1,3
amazon-sports-and-outdoors,test,535102,5,1.402954303968507,4,4,4
amazon-sports-and-outdoors,test,535592,4,3.8637492213359437,2,3,3
amazon-sports-and-outdoors,test,535630,4,0.1499571164773046,1,3,3
amazon-sports-and-outdoors,test,536600,11,13.05712099762049,5,8,9
amazon-sports-and-outdoors,test,537159,14,6.00313805084245,5,12,12
amazon-sports-and-outdoors,test,537283,4,1.6219310921466386,4,4,4
amazon-sports-and-outdoors,test,537762,7,5.15750472221007,4,4,6
amazon-sports-and-outdoors,test,538162,4,1.2543592300289603,4,4,4
amazon-sports-and-outdoors,test,538441,4,1.2154629695593735,2,3,3
amazon-sports-and-outdoors,test,538519,15,9.893034523714014,3,6,14
amazon-sports-and-outdoors,test,538536,6,6.887575118859855,4,4,5
amazon-sports-and-outdoors,test,539540,5,2.289095610363577,3,3,5
amazon-sports-and-outdoors,test,539875,8,2.404652065870254,3,3,4
amazon-sports-and-outdoors,test,540259,4,0.04578868475066164,2,2,2
amazon-sports-and-outdoors,test,540347,4,0.4423348462292966,4,4,4
amazon-sports-and-outdoors,test,541014,4,4.238845558915246,2,4,4
amazon-sports-and-outdoors,test,541043,3,3.142591248589219,3,3,3
amazon-sports-and-outdoors,test,541238,11,4.0055229800565515,3,8,8
amazon-sports-and-outdoors,test,542011,14,2.416417972194242,12,14,14
amazon-sports-and-outdoors,test,542384,4,0.4119373082417914,3,3,4
amazon-sports-and-outdoors,test,542949,5,1.9860483491396796,3,3,5
amazon-sports-and-outdoors,test,543577,2,0.3349887117668183,2,2,2
amazon-sports-and-outdoors,test,543772,3,0.327785284468631,2,2,2
amazon-sports-and-outdoors,test,544153,19,6.615945110148334,10,17,19
amazon-sports-and-outdoors,test,544245,8,5.320832324963655,4,6,6
amazon-sports-and-outdoors,test,544376,5,1.0643385013408289,1,1,1
amazon-sports-and-outdoors,test,544673,10,6.361730609530227,5,7,8
amazon-sports-and-outdoors,test,544819,5,4.593633782778733,3,5,5
amazon-sports-and-outdoors,test,545079,3,0.5715817787918676,1,1,1
amazon-sports-and-outdoors,test,545149,5,0.0004877182886295628,1,1,1
amazon-sports-and-outdoors,test,545480,8,2.7616678009311055,7,7,8
amazon-sports-and-outdoors,test,545853,4,2.6045668671686686,2,3,4
amazon-sports-and-outdoors,test,546092,5,4.795135981542308,4,5,5
amazon-sports-and-outdoors,test,546369,13,10.557787281602327,4,10,11
amazon-sports-and-outdoors,test,546529,4,1.0307356364650972,2,2,3
amazon-sports-and-outdoors,test,547675,7,34.312154508096455,2,6,7
amazon-sports-and-outdoors,test,547754,13,8.003287934999445,4,8,11
amazon-sports-and-outdoors,test,548341,15,46.77297453832969,2,3,3
amazon-sports-and-outdoors,test,548690,4,2.014344601123761,4,4,4
amazon-sports-and-outdoors,test,548815,20,10.129459995403025,13,16,20
amazon-sports-and-outdoors,test,548871,3,5.951897759443329,1,2,2
amazon-sports-and-outdoors,test,548991,5,2.561337051271088,5,5,5
amazon-sports-and-outdoors,test,549634,9,0.3280755363282055,2,5,5
amazon-sports-and-outdoors,test,550481,8,16.520318885813516,1,2,8
amazon-sports-and-outdoors,test,550597,5,2.3064374981082745,1,3,3
amazon-sports-and-outdoors,test,550808,5,4.116331517849366,2,5,5
amazon-sports-and-outdoors,test,551289,4,1.363753913476661,2,3,3
amazon-sports-and-outdoors,test,551715,4,2.205587797684937,4,4,4
amazon-sports-and-outdoors,test,552787,4,1.865759175811605,3,4,4
amazon-sports-and-outdoors,test,552903,4,1.701160862048023,1,3,3
amazon-sports-and-outdoors,test,553678,4,0.6583600796368626,4,4,4
amazon-sports-and-outdoors,test,553735,2,0.3849089916351688,1,1,1
amazon-sports-and-outdoors,test,553738,7,7.899980874570091,3,4,6
amazon-sports-and-outdoors,test,553915,4,3.173216124098795,2,4,4
amazon-sports-and-outdoors,test,554157,3,0.4139549287501737,3,3,3
amazon-sports-and-outdoors,test,554262,5,7.9706129244289095,4,5,5
amazon-sports-and-outdoors,test,554788,8,3.7181961084838795,5,7,8
amazon-sports-and-outdoors,test,555161,10,3.755861177663877,4,9,10
amazon-sports-and-outdoors,test,555289,6,2.324043467462912,3,4,6
amazon-sports-and-outdoors,test,556137,5,5.453198275459853,3,5,5
amazon-sports-and-outdoors,test,556149,5,7.415085007711633,3,5,5
amazon-sports-and-outdoors,test,557850,4,2.9655541358709137,3,4,4
amazon-sports-and-outdoors,test,558398,7,4.985184598728788,5,6,7
amazon-sports-and-outdoors,test,558874,4,11.386400034999404,3,3,4
amazon-sports-and-outdoors,test,558892,3,1.5076301477574936,3,3,3
amazon-sports-and-outdoors,test,558911,8,8.068189889745266,6,8,8
amazon-sports-and-outdoors,test,559183,5,1.6295194071566117,3,3,5
amazon-sports-and-outdoors,test,559328,5,0.570512895919199,4,4,4
amazon-sports-and-outdoors,test,559488,4,0.7137652737441156,2,2,2
amazon-sports-and-outdoors,test,560337,11,5.524261341399762,3,5,9
amazon-sports-and-outdoors,test,561105,5,2.406620385857861,4,5,5
amazon-sports-and-outdoors,test,561649,3,0.11409951277075137,1,1,1
amazon-sports-and-outdoors,test,561905,5,1.7375611680020322,3,3,5
amazon-sports-and-outdoors,test,562620,14,9.815129391397628,7,14,14
amazon-sports-and-outdoors,test,562712,3,0.07211912803371681,2,2,2
amazon-sports-and-outdoors,test,563013,3,6.209967878001169,1,3,3
amazon-sports-and-outdoors,test,563122,4,1.6860611567012427,2,3,4
amazon-sports-and-outdoors,test,563365,5,0.24361568168940329,5,5,5
amazon-sports-and-outdoors,test,563533,10,3.2931804162470724,3,4,7
amazon-sports-and-outdoors,test,563881,5,6.138037228634007,2,5,5
amazon-sports-and-outdoors,test,564031,3,0.023272224919285267,1,1,1
amazon-sports-and-outdoors,test,564347,5,2.0945706909329207,4,5,5
amazon-sports-and-outdoors,test,565188,4,1.9199380690294523,4,4,4
amazon-sports-and-outdoors,test,565198,6,2.812806451310185,5,5,5
amazon-sports-and-outdoors,test,565318,3,0.6905288677018543,2,2,2
amazon-sports-and-outdoors,test,565455,6,5.84543758045204,3,4,4
amazon-sports-and-outdoors,test,565670,3,3.5666912464347993,1,2,2
amazon-sports-and-outdoors,test,565684,4,1.7130549761606206,4,4,4
amazon-sports-and-outdoors,test,568603,7,1.01450188696752,7,7,7
amazon-sports-and-outdoors,test,568674,3,1.3801616026132186,2,3,3
amazon-sports-and-outdoors,test,569132,26,25.557085178743463,8,18,20
amazon-sports-and-outdoors,test,569285,16,15.753928808726272,3,5,10
amazon-sports-and-outdoors,test,569767,4,1.949158870994283,2,4,4
amazon-sports-and-outdoors,test,569807,7,1.7096147778905801,3,7,7
amazon-sports-and-outdoors,test,569813,8,13.878712920688415,4,5,6
amazon-sports-and-outdoors,test,570318,5,0.9565789298033279,2,2,2
amazon-sports-and-outdoors,test,570667,5,17.164046623753624,5,5,5
amazon-sports-and-outdoors,test,571126,3,2.661468391559275,1,1,1
amazon-sports-and-outdoors,test,571127,9,2.754641221077413,4,5,8
amazon-sports-and-outdoors,test,571623,10,1.9001899722212052,5,10,10
amazon-sports-and-outdoors,test,572025,13,8.789113387629111,7,11,12
amazon-sports-and-outdoors,test,572211,4,0.7096430629078609,4,4,4
amazon-sports-and-outdoors,test,572587,5,11.838939031645252,3,4,5
amazon-sports-and-outdoors,test,572657,4,0.2451332918222067,3,3,3
amazon-sports-and-outdoors,test,574477,2,0.5247630700240542,1,1,1
amazon-sports-and-outdoors,test,574512,6,9.161022373845189,4,5,5
amazon-sports-and-outdoors,test,575327,5,2.7307312615395274,2,4,5
amazon-sports-and-outdoors,test,575692,4,19.59970779198035,2,3,3
amazon-sports-and-outdoors,test,575777,4,2.2154451262073507,4,4,4
amazon-sports-and-outdoors,test,575829,5,0.5557091258700451,1,1,1
amazon-sports-and-outdoors,test,576018,17,47.86877509882243,5,11,14
amazon-sports-and-outdoors,test,576132,5,0.683066381366888,2,4,4
amazon-sports-and-outdoors,test,576309,12,8.035346226454871,6,10,12
amazon-sports-and-outdoors,test,576495,4,0.9087976052371164,4,4,4
amazon-sports-and-outdoors,test,576742,4,4.275758431677739,4,4,4
amazon-sports-and-outdoors,test,577209,2,2.7715934628831183,2,2,2
amazon-sports-and-outdoors,test,577234,10,3.722803129803249,3,4,7
amazon-sports-and-outdoors,test,577648,5,14.63004638081969,1,1,1
amazon-sports-and-outdoors,test,577723,5,0.860785506651407,3,5,5
amazon-sports-and-outdoors,test,577787,4,1.9439747824531912,2,2,3
amazon-sports-and-outdoors,test,578266,4,0.6533135831658151,2,2,2
amazon-sports-and-outdoors,test,578502,6,3.4572748866187153,5,6,6
amazon-sports-and-outdoors,test,579104,5,9.711940625783537,3,3,4
amazon-sports-and-outdoors,test,579257,4,6.950981932879126,1,1,3
amazon-sports-and-outdoors,test,579282,4,3.6089950584488735,3,4,4
amazon-sports-and-outdoors,test,579484,4,0.6384951419161089,3,4,4
amazon-sports-and-outdoors,test,579640,4,2.385753973483193,3,4,4
amazon-sports-and-outdoors,test,579953,4,4.383359924333613,4,4,4
amazon-sports-and-outdoors,test,580584,4,0.5392307241902852,3,3,3
amazon-sports-and-outdoors,test,580946,13,4.54106198079976,8,12,12
amazon-sports-and-outdoors,test,580968,7,52.53234927026638,2,3,6
amazon-sports-and-outdoors,test,581736,4,1.434873285105176,1,1,1
amazon-sports-and-outdoors,test,582033,5,1.962361629761548,4,4,4
amazon-sports-and-outdoors,test,582065,2,2.084916644450592,2,2,2
amazon-sports-and-outdoors,test,582553,2,0.7260148670809057,2,2,2
amazon-sports-and-outdoors,test,582636,4,1.3989299011359342,3,3,3
amazon-sports-and-outdoors,test,582649,4,4.6809169843994916,1,1,4
amazon-sports-and-outdoors,test,582716,4,4.8212837617698385,2,3,4
amazon-sports-and-outdoors,test,582820,9,4.861291464810993,7,8,9
amazon-sports-and-outdoors,test,582945,5,0.9662789724819825,5,5,5
amazon-sports-and-outdoors,test,583097,4,11.870963354645346,3,3,3
amazon-sports-and-outdoors,test,583275,3,0.7529204610775033,3,3,3
amazon-sports-and-outdoors,test,584036,6,3.681163883522299,2,3,4
amazon-sports-and-outdoors,test,584852,11,8.367831449846367,6,10,10
amazon-sports-and-outdoors,test,584882,4,2.821255608925535,1,2,3
amazon-sports-and-outdoors,test,584887,5,2.6503333468590355,2,4,4
amazon-sports-and-outdoors,test,584918,4,1.0103344729728068,3,4,4
amazon-sports-and-outdoors,test,585082,3,2.430644807194651,1,2,3
amazon-sports-and-outdoors,test,585806,4,1.2604440774147707,3,3,3
amazon-sports-and-outdoors,test,585974,20,4.270465432602817,11,15,20
amazon-sports-and-outdoors,test,586465,6,4.094584040403694,5,5,5
amazon-sports-and-outdoors,test,586585,7,5.818642813497452,2,3,4
amazon-sports-and-outdoors,test,586947,4,1.551145457287443,4,4,4
amazon-sports-and-outdoors,test,587439,3,8.338509006861495,1,2,3
amazon-sports-and-outdoors,test,587601,4,7.545982119903889,4,4,4
amazon-sports-and-outdoors,test,587875,4,0.19497814057204202,2,2,2
amazon-sports-and-outdoors,test,588843,4,0.4809142880707411,3,4,4
amazon-sports-and-outdoors,test,588928,6,63.75518868155207,4,5,6
amazon-sports-and-outdoors,test,589289,3,2.6016619694593186,2,3,3
amazon-sports-and-outdoors,test,589688,5,18.3144552431236,1,1,4
amazon-sports-and-outdoors,test,590518,4,1.8373939295330344,1,1,1
amazon-sports-and-outdoors,test,590999,4,2.8850347542236863,4,4,4
amazon-sports-and-outdoors,test,591160,5,5.5818567739245974,3,4,4
amazon-sports-and-outdoors,test,591284,7,1.202423576592853,1,2,3
amazon-sports-and-outdoors,test,592553,6,2.9086656305186347,3,4,6
amazon-sports-and-outdoors,test,592806,10,0.15670454700157008,9,9,9
amazon-sports-and-outdoors,test,592983,4,0.10716267836908591,1,1,1
amazon-sports-and-outdoors,test,593627,4,3.765770450166624,3,3,3
amazon-sports-and-outdoors,test,593714,3,3.21646695549987,2,2,2
amazon-sports-and-outdoors,test,593715,4,7.403422328483423,1,3,4
amazon-sports-and-outdoors,test,593831,31,42.63013216108238,21,28,29
amazon-sports-and-outdoors,test,594200,6,4.540231670152288,3,5,6
amazon-sports-and-outdoors,test,594238,5,16.902374395027756,1,1,1
amazon-sports-and-outdoors,test,594359,9,18.774782400322078,1,3,7
amazon-sports-and-outdoors,test,594583,4,4.326595066802206,2,2,2
amazon-sports-and-outdoors,test,594868,6,1.3669185310876792,6,6,6
amazon-sports-and-outdoors,test,595078,6,8.804572074784,1,4,4
amazon-sports-and-outdoors,test,595099,11,2.9880189160679116,3,3,3
amazon-sports-and-outdoors,test,595400,4,2.4167210448326775,2,4,4
amazon-sports-and-outdoors,test,595519,9,4.352463829873288,4,7,7
amazon-sports-and-outdoors,test,595524,11,8.829159685179828,6,8,9
amazon-sports-and-outdoors,test,595731,6,1.8979204300168533,2,6,6
amazon-sports-and-outdoors,test,595871,7,2.059594416643327,3,4,7
amazon-sports-and-outdoors,test,596163,4,1.4900593364149903,4,4,4
amazon-sports-and-outdoors,test,596457,12,3.2611395716247347,3,7,9
amazon-sports-and-outdoors,test,596833,5,17.610255063447656,2,2,5
amazon-sports-and-outdoors,test,596949,5,2.210050155679942,5,5,5
amazon-sports-and-outdoors,test,596986,5,3.2182964938606315,4,4,4
amazon-sports-and-outdoors,test,597035,3,1.2299205785792806,1,2,2
amazon-sports-and-outdoors,test,597395,4,1.7342362245687624,4,4,4
amazon-sports-and-outdoors,test,598643,8,0.9039611316280288,8,8,8
amazon-sports-and-outdoors,test,598678,6,11.985504060816488,2,5,6
amazon-sports-and-outdoors,test,598895,4,1.6965230444247918,2,2,2
amazon-sports-and-outdoors,test,598970,4,1.043577563002563,2,4,4
amazon-sports-and-outdoors,test,599062,4,3.0971213650613687,3,4,4
amazon-sports-and-outdoors,test,599847,5,1.6284266009749344,2,2,2
amazon-sports-and-outdoors,test,599961,18,12.936575474801684,3,10,16
amazon-sports-and-outdoors,test,600183,17,11.766711521769617,11,16,17
amazon-sports-and-outdoors,test,600725,7,7.141335340952754,3,4,4
amazon-sports-and-outdoors,test,601009,6,6.980072676633656,3,3,3
amazon-sports-and-outdoors,test,601324,10,2.156394469195303,6,7,10
amazon-sports-and-outdoors,test,601330,3,4.239814915535519,1,2,2
amazon-sports-and-outdoors,test,601387,15,8.026924296472977,5,9,10
amazon-sports-and-outdoors,test,601542,4,0.36358750769742376,4,4,4
amazon-sports-and-outdoors,test,601635,5,3.1988305863603035,2,3,3
amazon-sports-and-outdoors,test,601708,11,17.045377362443286,1,1,1
amazon-sports-and-outdoors,test,601888,4,2.967210527630563,4,4,4
amazon-sports-and-outdoors,test,601931,14,5.088420946614938,3,8,10
amazon-sports-and-outdoors,test,602076,2,0.8417652864327214,2,2,2
amazon-sports-and-outdoors,test,602792,5,1.5201637147374059,3,4,4
amazon-sports-and-outdoors,test,602994,4,2.017121951909391,1,2,2
amazon-sports-and-outdoors,test,603106,3,0.3062999060382299,2,3,3
amazon-sports-and-outdoors,test,603181,6,3.6767519495183816,5,5,6
amazon-sports-and-outdoors,test,603414,4,10.803597166898651,3,4,4
amazon-sports-and-outdoors,test,603689,7,1.2828625970694874,4,7,7
amazon-sports-and-outdoors,test,604304,4,5.138953055198211,1,2,2
amazon-sports-and-outdoors,test,604534,6,24.351850282909652,2,5,5
amazon-sports-and-outdoors,test,604614,4,12.4705278711176,2,3,4
amazon-sports-and-outdoors,test,604634,4,3.791196830280512,2,3,3
amazon-sports-and-outdoors,test,604758,5,76.05889627897379,3,5,5
amazon-sports-and-outdoors,test,604816,3,2.4833433630594763,3,3,3
amazon-sports-and-outdoors,test,604997,4,1.1273150923168773,4,4,4
amazon-sports-and-outdoors,test,605050,15,2.1726446081421464,3,9,14
amazon-sports-and-outdoors,test,606300,4,2.2298992987298307,1,2,2
amazon-sports-and-outdoors,test,606564,6,15.311654497720875,4,5,5
amazon-sports-and-outdoors,test,607034,4,3.2234279775565,4,4,4
amazon-sports-and-outdoors,test,607090,4,2.725753362844035,1,2,2
amazon-sports-and-outdoors,test,607634,5,21.37019734615164,1,2,3
amazon-sports-and-outdoors,test,607648,4,0.8070677649536211,4,4,4
amazon-sports-and-outdoors,test,607700,6,0.8166462084925633,6,6,6
amazon-sports-and-outdoors,test,608967,5,2.537009821641819,1,2,2
amazon-sports-and-outdoors,test,609199,5,20.82002336025212,1,2,4
amazon-sports-and-outdoors,test,609231,8,2.3283330092892487,6,6,8
amazon-sports-and-outdoors,test,609367,11,4.769607828235399,6,8,8
amazon-sports-and-outdoors,test,609533,4,2.759679258477872,2,2,2
amazon-sports-and-outdoors,test,610142,10,1.4585674061700724,3,6,6
amazon-sports-and-outdoors,test,610216,4,3.94634953434799,2,3,3
amazon-sports-and-outdoors,test,610366,6,2.733978751607719,3,3,3
amazon-sports-and-outdoors,test,610591,4,0.7300118440205541,4,4,4
amazon-sports-and-outdoors,test,610843,2,1.7775019915163452,1,2,2
amazon-sports-and-outdoors,test,611568,5,5.845423834462332,1,3,4
amazon-sports-and-outdoors,test,611937,10,3.1672214186839454,1,6,7
amazon-sports-and-outdoors,test,612472,5,1.853350644468832,2,3,3
amazon-sports-and-outdoors,test,612545,6,2.8552014626790427,2,6,6
amazon-sports-and-outdoors,test,612748,4,4.824418640460818,2,3,4
amazon-sports-and-outdoors,test,613210,4,0.11500265072907276,3,3,3
amazon-sports-and-outdoors,test,614352,5,1.5003468879806254,5,5,5
amazon-sports-and-outdoors,test,614512,6,0.7064295412950017,1,5,5
amazon-sports-and-outdoors,test,614847,3,2.380589843061771,1,1,2
amazon-sports-and-outdoors,test,614899,29,13.83800033915586,12,21,25
amazon-sports-and-outdoors,test,615228,4,2.6553922675900097,2,4,4
amazon-sports-and-outdoors,test,615307,5,2.675014007031338,5,5,5
amazon-sports-and-outdoors,test,615377,14,20.631762514765377,3,10,14
amazon-sports-and-outdoors,test,615553,3,1.2197544939803802,3,3,3
amazon-sports-and-outdoors,test,615569,5,2.6348934282670156,3,4,4
amazon-sports-and-outdoors,test,615577,5,1.7503720338896804,2,2,2
amazon-sports-and-outdoors,test,615776,13,6.488163315046321,3,10,11
amazon-sports-and-outdoors,test,615899,7,3.329202310965216,3,4,4
amazon-sports-and-outdoors,test,616127,3,0.6652395509660984,3,3,3
amazon-sports-and-outdoors,test,616414,4,2.0064365596801306,4,4,4
amazon-sports-and-outdoors,test,617125,3,0.8483008436733356,1,1,1
amazon-sports-and-outdoors,test,617640,5,4.5463674041346085,3,4,5
amazon-sports-and-outdoors,test,618448,4,4.389553946599209,3,4,4
amazon-sports-and-outdoors,test,618468,8,6.34775107017156,3,8,8
amazon-sports-and-outdoors,test,618618,6,2.8391038513487525,2,2,2
amazon-sports-and-outdoors,test,618672,4,2.0290982776142723,4,4,4
amazon-sports-and-outdoors,test,619020,7,0.465704086114396,7,7,7
amazon-sports-and-outdoors,test,619041,9,8.34921528242127,5,6,7
amazon-sports-and-outdoors,test,619643,6,11.748233210760521,4,5,5
amazon-sports-and-outdoors,test,619968,4,2.203377733320662,3,3,3
amazon-sports-and-outdoors,test,620017,4,2.738575727780764,4,4,4
amazon-sports-and-outdoors,test,620071,5,36.697428561496714,2,2,4
amazon-sports-and-outdoors,test,620334,10,10.512419303440476,5,9,10
amazon-sports-and-outdoors,test,620417,4,1.2829491703700433,2,4,4
amazon-sports-and-outdoors,test,621345,4,4.927858270387054,2,3,4
amazon-sports-and-outdoors,test,621413,4,5.0756017538296785,4,4,4
amazon-sports-and-outdoors,test,621483,6,2.276901331418059,1,3,3
amazon-sports-and-outdoors,test,621707,4,3.2710969550914553,3,4,4
amazon-sports-and-outdoors,test,621825,4,1.5186750504867734,1,3,4
amazon-sports-and-outdoors,test,622207,4,3.1571902826955305,1,2,3
amazon-sports-and-outdoors,test,622886,10,14.017375195335141,2,3,6
amazon-sports-and-outdoors,test,623522,7,3.151787976567846,3,7,7
amazon-sports-and-outdoors,test,623696,9,6.925514579142073,5,7,7
amazon-sports-and-outdoors,test,624111,5,0.7337370072310515,2,2,2
amazon-sports-and-outdoors,test,624124,6,4.45206912170924,5,6,6
amazon-sports-and-outdoors,test,624220,4,2.8884329214867397,3,4,4
amazon-sports-and-outdoors,test,624239,4,6.960488474318064,1,3,3
amazon-sports-and-outdoors,test,624616,4,0.4064793572903905,2,2,2
amazon-sports-and-outdoors,test,624818,5,1.2055388936830966,5,5,5
amazon-sports-and-outdoors,test,625215,18,7.965525586507677,7,9,11
amazon-sports-and-outdoors,test,625282,4,4.194398429890761,3,4,4
amazon-sports-and-outdoors,test,625329,9,3.3080404919848325,1,7,9
amazon-sports-and-outdoors,test,625462,4,3.2764835326347637,3,3,3
amazon-sports-and-outdoors,test,625726,6,8.726187154557662,3,5,6
amazon-sports-and-outdoors,test,625762,4,0.6039726174598125,1,1,1
amazon-sports-and-outdoors,test,625764,5,1.0057443697946151,3,5,5
amazon-sports-and-outdoors,test,625845,5,4.514596324560264,2,3,5
amazon-sports-and-outdoors,test,625911,5,0.25678222506071036,1,1,1
amazon-sports-and-outdoors,test,626781,3,1.9454189044102557,1,1,1
amazon-sports-and-outdoors,test,627008,13,2.86907090194708,4,4,4
amazon-sports-and-outdoors,test,627874,4,0.4043151569494635,4,4,4
amazon-sports-and-outdoors,test,628122,5,6.576406621178895,1,1,1
amazon-sports-and-outdoors,test,628356,9,3.955027351215192,6,6,9
amazon-sports-and-outdoors,test,628433,4,3.1193085820046758,3,4,4
amazon-sports-and-outdoors,test,628839,37,32.23026806133831,16,26,28
amazon-sports-and-outdoors,test,628984,5,6.66434130340796,2,5,5
amazon-sports-and-outdoors,test,628997,5,1.5197638914791123,4,5,5
amazon-sports-and-outdoors,test,629002,3,2.02563177692162,3,3,3
amazon-sports-and-outdoors,test,629018,4,12.304282285529847,3,3,4
amazon-sports-and-outdoors,test,629040,9,6.645581331782857,1,3,3
amazon-sports-and-outdoors,test,630165,3,5.072611340203596,3,3,3
amazon-sports-and-outdoors,test,630449,5,0.8360876639919702,1,2,5
amazon-sports-and-outdoors,test,631404,11,1.0075842176476568,10,10,10
amazon-sports-and-outdoors,test,631419,14,7.252953834754435,8,13,13
amazon-sports-and-outdoors,test,631437,4,2.5904636139026413,4,4,4
amazon-sports-and-outdoors,test,631566,4,1.9806371874224722,2,3,3
