dataset,split,user,history_length,positive_signal_total,items_for_50pct,items_for_80pct,items_for_90pct
amazon-sports-and-outdoors,valid,11,6,0.49061274467366034,6,6,6
amazon-sports-and-outdoors,valid,585,3,1.819420254953744,3,3,3
amazon-sports-and-outdoors,valid,802,4,3.362934176667425,2,4,4
amazon-sports-and-outdoors,valid,1962,5,12.612809438419486,4,5,5
amazon-sports-and-outdoors,valid,2571,3,2.4818882707452428,1,1,2
amazon-sports-and-outdoors,valid,2579,3,3.696715356107707,2,2,2
amazon-sports-and-outdoors,valid,2644,6,6.112474974698788,4,4,4
amazon-sports-and-outdoors,valid,3026,3,0.9835141966334748,1,1,1
amazon-sports-and-outdoors,valid,3281,4,0.9322865938402372,1,2,2
amazon-sports-and-outdoors,valid,3407,5,18.23121283378468,3,4,4
amazon-sports-and-outdoors,valid,3994,2,1.2506595762032071,2,2,2
amazon-sports-and-outdoors,valid,4039,3,3.2877867013629545,3,3,3
amazon-sports-and-outdoors,valid,4045,5,3.871192542589107,4,4,5
amazon-sports-and-outdoors,valid,4462,3,4.6922970778008475,2,2,3
amazon-sports-and-outdoors,valid,4675,7,0.5133468933997176,2,4,4
amazon-sports-and-outdoors,valid,5530,3,0.8346161822284708,3,3,3
amazon-sports-and-outdoors,valid,6010,3,0.853252704292172,2,3,3
amazon-sports-and-outdoors,valid,6106,37,12.49411810422183,21,36,37
amazon-sports-and-outdoors,valid,6321,8,2.4847906571680114,6,6,7
amazon-sports-and-outdoors,valid,6462,7,0.7146181859708165,4,7,7
amazon-sports-and-outdoors,valid,6672,9,3.6756440756172184,8,8,8
amazon-sports-and-outdoors,valid,6770,10,7.693082449635818,5,6,10
amazon-sports-and-outdoors,valid,7127,4,4.402291985176008,2,4,4
amazon-sports-and-outdoors,valid,7619,3,4.9950714018252835,2,3,3
amazon-sports-and-outdoors,valid,8858,5,1.2227979089706196,1,4,4
amazon-sports-and-outdoors,valid,9138,3,6.336801067640447,2,3,3
amazon-sports-and-outdoors,valid,9437,12,10.504396139333052,12,12,12
amazon-sports-and-outdoors,valid,9441,8,7.492310110056474,5,7,8
amazon-sports-and-outdoors,valid,10354,4,1.099865804775489,2,2,2
amazon-sports-and-outdoors,valid,10799,9,10.71214020698024,8,8,8
amazon-sports-and-outdoors,valid,10813,4,14.18767188269701,3,4,4
amazon-sports-and-outdoors,valid,10887,4,7.9686578217390975,4,4,4
amazon-sports-and-outdoors,valid,11054,5,7.898774003108444,2,4,5
amazon-sports-and-outdoors,valid,11897,2,0.8337875898297122,1,1,1
amazon-sports-and-outdoors,valid,12451,2,0.26875326384647424,1,1,1
amazon-sports-and-outdoors,valid,12858,4,0.7115701449263487,4,4,4
amazon-sports-and-outdoors,valid,14410,4,0.8276090318025368,3,3,3
amazon-sports-and-outdoors,valid,14969,30,16.789958898169047,18,25,27
amazon-sports-and-outdoors,valid,15532,7,35.03068461769561,5,7,7
amazon-sports-and-outdoors,valid,16921,11,3.9262842223926664,5,8,9
amazon-sports-and-outdoors,valid,17166,3,0.4421590561686253,3,3,3
amazon-sports-and-outdoors,valid,17801,2,1.1231836293721664,2,2,2
amazon-sports-and-outdoors,valid,18024,3,3.1748656428635913,2,3,3
amazon-sports-and-outdoors,valid,18655,3,0.22324068844674677,3,3,3
amazon-sports-and-outdoors,valid,18698,4,0.9936705004320073,1,1,3
amazon-sports-and-outdoors,valid,19471,3,1.9028984608853237,1,1,3
amazon-sports-and-outdoors,valid,20008,9,4.895096422170008,4,9,9
amazon-sports-and-outdoors,valid,20463,9,4.830815548247564,5,6,8
amazon-sports-and-outdoors,valid,20820,2,2.7857733103898665,1,2,2
amazon-sports-and-outdoors,valid,20844,2,1.104429473358091,2,2,2
amazon-sports-and-outdoors,valid,20873,5,2.0873311804117534,2,5,5
amazon-sports-and-outdoors,valid,21005,2,2.5608585850909145,1,1,1
amazon-sports-and-outdoors,valid,21549,16,3.697988314058328,7,11,14
amazon-sports-and-outdoors,valid,21578,2,0.8925802451888044,2,2,2
amazon-sports-and-outdoors,valid,21650,6,4.5523704364470685,3,3,5
amazon-sports-and-outdoors,valid,21800,4,1.17709672273136,2,3,3
amazon-sports-and-outdoors,valid,22041,5,2.455531525039576,4,4,4
amazon-sports-and-outdoors,valid,23875,3,2.17979543059511,1,2,2
amazon-sports-and-outdoors,valid,24453,3,1.0646443496118014,3,3,3
amazon-sports-and-outdoors,valid,24503,12,4.115170246065111,9,10,12
amazon-sports-and-outdoors,valid,24670,3,1.0331035153650425,2,2,2
amazon-sports-and-outdoors,valid,24878,8,0.9304596989390342,1,8,8
amazon-sports-and-outdoors,valid,25165,10,1.4036049915389468,9,9,9
amazon-sports-and-outdoors,valid,25449,3,1.5576032968170237,2,2,3
amazon-sports-and-outdoors,valid,25450,3,3.615338700525507,3,3,3
amazon-sports-and-outdoors,valid,25902,8,11.999994052215992,7,8,8
amazon-sports-and-outdoors,valid,26234,11,1.5855071272295764,1,4,9
amazon-sports-and-outdoors,valid,26518,1,0.4304421860194561,1,1,1
amazon-sports-and-outdoors,valid,28071,11,5.033560701695765,4,10,11
amazon-sports-and-outdoors,valid,28835,13,2.3389145135578415,9,13,13
amazon-sports-and-outdoors,valid,29585,4,0.39986608233874266,3,3,3
amazon-sports-and-outdoors,valid,30460,38,21.00379534706179,11,31,35
amazon-sports-and-outdoors,valid,30612,13,8.159529347886282,10,12,12
amazon-sports-and-outdoors,valid,31816,6,1.1977607782767896,2,6,6
amazon-sports-and-outdoors,valid,31863,5,1.5106276987243854,5,5,5
amazon-sports-and-outdoors,valid,32170,3,1.0542122008082906,2,2,2
amazon-sports-and-outdoors,valid,32272,3,3.8943203024434956,3,3,3
amazon-sports-and-outdoors,valid,32435,2,2.8247285860941074,1,1,1
amazon-sports-and-outdoors,valid,32498,3,1.402554216364257,1,2,2
amazon-sports-and-outdoors,valid,33449,3,3.5867210038590547,2,2,2
amazon-sports-and-outdoors,valid,33476,11,0.3197808889240763,11,11,11
amazon-sports-and-outdoors,valid,33517,10,10.902273679218563,7,8,8
amazon-sports-and-outdoors,valid,33597,8,10.099312660862775,5,6,7
amazon-sports-and-outdoors,valid,33904,3,0.22535624913178876,2,2,2
amazon-sports-and-outdoors,valid,34419,17,10.394240668224281,14,17,17
amazon-sports-and-outdoors,valid,34441,5,2.3180059380032074,3,4,5
amazon-sports-and-outdoors,valid,34832,5,15.96777834274383,3,5,5
amazon-sports-and-outdoors,valid,35088,3,1.8860153455470856,3,3,3
amazon-sports-and-outdoors,valid,35484,3,6.359163942471446,2,2,2
amazon-sports-and-outdoors,valid,35566,3,1.1092837903192017,3,3,3
amazon-sports-and-outdoors,valid,36134,8,1.65476087727435,1,7,7
amazon-sports-and-outdoors,valid,37569,8,0.7289274969094653,8,8,8
amazon-sports-and-outdoors,valid,37734,4,4.240422118196214,1,3,3
amazon-sports-and-outdoors,valid,38272,13,3.22488584550327,1,7,11
amazon-sports-and-outdoors,valid,38300,5,4.717566700762889,1,5,5
amazon-sports-and-outdoors,valid,38404,3,1.0487915226366713,3,3,3
amazon-sports-and-outdoors,valid,38637,4,0.5642500115320923,1,1,1
amazon-sports-and-outdoors,valid,39047,2,1.0140834273193349,1,1,1
amazon-sports-and-outdoors,valid,40263,4,2.863400152501182,2,2,3
amazon-sports-and-outdoors,valid,40354,2,2.832886698812016,2,2,2
amazon-sports-and-outdoors,valid,40951,4,9.764636934707738,4,4,4
amazon-sports-and-outdoors,valid,41123,3,2.1088095536743228,3,3,3
amazon-sports-and-outdoors,valid,41146,4,3.3356224811960806,4,4,4
amazon-sports-and-outdoors,valid,41804,3,0.03090442135793725,3,3,3
amazon-sports-and-outdoors,valid,41998,3,1.8500695824642408,1,3,3
amazon-sports-and-outdoors,valid,42070,3,0.8853042549257235,3,3,3
amazon-sports-and-outdoors,valid,43211,4,6.78238115699731,4,4,4
amazon-sports-and-outdoors,valid,43627,3,0.018696660768667828,1,1,1
amazon-sports-and-outdoors,valid,43921,4,8.676615811351095,1,4,4
amazon-sports-and-outdoors,valid,43926,5,6.6669268712025875,2,4,5
amazon-sports-and-outdoors,valid,44095,16,13.265645744961928,13,15,15
amazon-sports-and-outdoors,valid,44132,3,0.4529282460659043,2,2,2
amazon-sports-and-outdoors,valid,44415,19,8.113902575033608,11,17,19
amazon-sports-and-outdoors,valid,44452,2,0.059889162384152095,2,2,2
amazon-sports-and-outdoors,valid,44736,4,5.334449710362745,3,4,4
amazon-sports-and-outdoors,valid,44800,14,2.653903471166399,11,11,14
amazon-sports-and-outdoors,valid,45556,12,3.4550724882871613,7,10,12
amazon-sports-and-outdoors,valid,45865,6,2.371237150969165,2,6,6
amazon-sports-and-outdoors,valid,45957,4,0.09687354072771537,1,1,1
amazon-sports-and-outdoors,valid,47020,3,2.2464008306807317,3,3,3
amazon-sports-and-outdoors,valid,47174,5,4.726145255723652,4,5,5
amazon-sports-and-outdoors,valid,47758,3,1.7254755352443873,3,3,3
amazon-sports-and-outdoors,valid,48035,4,1.307557135404475,2,3,3
amazon-sports-and-outdoors,valid,48075,3,0.1335422899999379,2,2,2
amazon-sports-and-outdoors,valid,48410,2,0.7519281063590667,2,2,2
amazon-sports-and-outdoors,valid,48767,2,1.188604098710481,1,1,1
amazon-sports-and-outdoors,valid,49428,11,1.3510745597020715,2,8,8
amazon-sports-and-outdoors,valid,49429,7,3.275399714215587,5,6,6
amazon-sports-and-outdoors,valid,49936,10,2.6790243995282483,8,10,10
amazon-sports-and-outdoors,valid,51050,3,3.8234179588447708,3,3,3
amazon-sports-and-outdoors,valid,51240,3,1.9111753971104077,1,3,3
amazon-sports-and-outdoors,valid,51818,4,5.183586680294582,3,3,3
amazon-sports-and-outdoors,valid,51856,3,0.9278351401159131,3,3,3
amazon-sports-and-outdoors,valid,52316,4,3.8206082256795444,2,4,4
amazon-sports-and-outdoors,valid,52943,7,2.3765832835812213,3,4,4
amazon-sports-and-outdoors,valid,53273,4,0.8967419757454655,1,4,4
amazon-sports-and-outdoors,valid,53864,7,4.3327074061674296,3,3,3
amazon-sports-and-outdoors,valid,54058,4,1.4487757676176998,2,3,4
amazon-sports-and-outdoors,valid,54060,7,7.738303054927258,6,7,7
amazon-sports-and-outdoors,valid,54106,2,0.5871397278531949,2,2,2
amazon-sports-and-outdoors,valid,54340,3,0.8988386356946608,3,3,3
amazon-sports-and-outdoors,valid,54371,16,6.785420606798212,14,15,15
amazon-sports-and-outdoors,valid,54500,3,2.2346670423903854,2,3,3
amazon-sports-and-outdoors,valid,55679,4,3.4001622819823254,4,4,4
amazon-sports-and-outdoors,valid,56147,4,1.4760552128824243,2,3,3
amazon-sports-and-outdoors,valid,56284,6,1.9638559774502327,5,5,5
amazon-sports-and-outdoors,valid,56637,5,1.8023062334230304,2,3,3
amazon-sports-and-outdoors,valid,57025,3,0.6054064299245967,3,3,3
amazon-sports-and-outdoors,valid,57130,7,54.63018251898698,4,6,7
amazon-sports-and-outdoors,valid,57412,10,2.5530704245382836,4,6,10
amazon-sports-and-outdoors,valid,57597,7,2.0996958303258477,3,6,6
amazon-sports-and-outdoors,valid,57779,31,8.819767076847882,22,29,30
amazon-sports-and-outdoors,valid,57876,68,115.65537587814075,42,60,65
amazon-sports-and-outdoors,valid,58349,8,4.699637304131212,7,8,8
amazon-sports-and-outdoors,valid,58752,2,3.9671267299625437,1,1,2
amazon-sports-and-outdoors,valid,59199,5,2.508492708611585,3,5,5
amazon-sports-and-outdoors,valid,59509,4,12.08890773969272,4,4,4
amazon-sports-and-outdoors,valid,59916,12,5.228585367156046,3,9,9
amazon-sports-and-outdoors,valid,59965,4,2.5563818863278023,3,4,4
amazon-sports-and-outdoors,valid,59997,6,2.336207214450525,3,5,5
amazon-sports-and-outdoors,valid,60223,3,1.0728335229795278,2,2,2
amazon-sports-and-outdoors,valid,60364,6,0.35423785558331033,2,2,2
amazon-sports-and-outdoors,valid,60432,3,11.165995646486452,3,3,3
amazon-sports-and-outdoors,valid,60559,3,1.5967362790901158,3,3,3
amazon-sports-and-outdoors,valid,60630,5,3.5284188424211287,3,3,3
amazon-sports-and-outdoors,valid,60682,3,1.540048346231874,2,2,2
amazon-sports-and-outdoors,valid,61279,5,3.334273127264206,1,3,3
amazon-sports-and-outdoors,valid,61974,4,1.1402568094526941,3,3,3
amazon-sports-and-outdoors,valid,61992,4,8.881710736001262,2,2,2
amazon-sports-and-outdoors,valid,61996,5,3.3418869516589225,2,5,5
amazon-sports-and-outdoors,valid,62356,3,1.3509439727998585,2,2,2
amazon-sports-and-outdoors,valid,62776,9,1.6134950196561046,9,9,9
amazon-sports-and-outdoors,valid,62891,16,4.308313297011318,8,11,13
amazon-sports-and-outdoors,valid,63688,4,3.3244973494691865,1,2,3
amazon-sports-and-outdoors,valid,64366,4,2.442758989315533,4,4,4
amazon-sports-and-outdoors,valid,64719,6,6.2267197455723045,4,6,6
amazon-sports-and-outdoors,valid,65455,5,1.7271233357604696,4,5,5
amazon-sports-and-outdoors,valid,66014,4,2.6745482294570477,3,4,4
amazon-sports-and-outdoors,valid,66702,1,1.795711727034251,1,1,1
amazon-sports-and-outdoors,valid,67390,2,1.389912796234339,2,2,2
amazon-sports-and-outdoors,valid,67671,5,3.3409604190835047,5,5,5
amazon-sports-and-outdoors,valid,67963,3,13.095515727725253,2,3,3
amazon-sports-and-outdoors,valid,68491,7,15.524133397957108,5,6,7
amazon-sports-and-outdoors,valid,68591,5,2.0106256500432274,3,5,5
amazon-sports-and-outdoors,valid,68929,5,0.5262212023167808,4,4,4
amazon-sports-and-outdoors,valid,68983,51,41.00717236664837,34,44,47
amazon-sports-and-outdoors,valid,69068,3,5.143479054482098,1,3,3
amazon-sports-and-outdoors,valid,69184,5,1.4890693608101568,5,5,5
amazon-sports-and-outdoors,valid,69597,4,1.5398319790669723,4,4,4
amazon-sports-and-outdoors,valid,69745,10,7.582134601524246,6,10,10
amazon-sports-and-outdoors,valid,70575,3,4.999366627089671,2,3,3
amazon-sports-and-outdoors,valid,70633,4,2.1509283235192695,2,3,3
amazon-sports-and-outdoors,valid,71866,7,2.715768883916835,4,4,5
amazon-sports-and-outdoors,valid,74067,2,1.5830272978173086,1,2,2
amazon-sports-and-outdoors,valid,74103,4,2.8432736444570685,2,3,4
amazon-sports-and-outdoors,valid,74240,5,1.0932288708607885,4,4,4
amazon-sports-and-outdoors,valid,74744,4,0.9131739847099656,2,2,2
amazon-sports-and-outdoors,valid,75145,4,2.0162591267093433,3,4,4
amazon-sports-and-outdoors,valid,75286,4,1.0560454400124346,3,4,4
amazon-sports-and-outdoors,valid,75609,3,18.857041839223996,2,3,3
amazon-sports-and-outdoors,valid,75886,3,0.8816788823135769,2,2,2
amazon-sports-and-outdoors,valid,76599,10,1.2883112959124317,6,6,6
amazon-sports-and-outdoors,valid,76753,5,1.053212973095001,4,4,4
amazon-sports-and-outdoors,valid,76888,6,6.249537031101491,5,6,6
amazon-sports-and-outdoors,valid,77912,2,1.253981611830962,1,1,1
amazon-sports-and-outdoors,valid,78133,19,7.8935309654191865,13,17,17
amazon-sports-and-outdoors,valid,78236,5,0.4041545667812562,4,4,4
amazon-sports-and-outdoors,valid,78456,3,4.593162189593413,2,3,3
amazon-sports-and-outdoors,valid,78787,5,0.7052776537921815,4,5,5
amazon-sports-and-outdoors,valid,78795,5,0.12970081456884575,2,2,2
amazon-sports-and-outdoors,valid,78920,4,1.0096511386768139,3,3,3
amazon-sports-and-outdoors,valid,78962,10,6.952037201935065,9,9,10
amazon-sports-and-outdoors,valid,79171,4,6.19496413023638,3,4,4
amazon-sports-and-outdoors,valid,79228,4,2.461651001745609,4,4,4
amazon-sports-and-outdoors,valid,79863,12,7.651402626250637,5,6,7
amazon-sports-and-outdoors,valid,80003,10,10.910482810705957,3,7,7
amazon-sports-and-outdoors,valid,80161,5,2.9692453306260784,3,4,4
amazon-sports-and-outdoors,valid,80794,6,2.8370977298894515,5,5,6
amazon-sports-and-outdoors,valid,80923,6,18.102151207737194,4,6,6
amazon-sports-and-outdoors,valid,81370,16,3.611074403737957,6,11,12
amazon-sports-and-outdoors,valid,81577,6,1.3472650701316429,5,6,6
amazon-sports-and-outdoors,valid,81992,4,3.1709206759907653,3,4,4
amazon-sports-and-outdoors,valid,82208,3,1.7069955059865767,3,3,3
amazon-sports-and-outdoors,valid,82932,5,1.2052268332821605,5,5,5
amazon-sports-and-outdoors,valid,83235,3,16.500971801820363,2,3,3
amazon-sports-and-outdoors,valid,83310,4,1.3958386395276774,1,2,2
amazon-sports-and-outdoors,valid,84096,6,10.309266396355303,6,6,6
amazon-sports-and-outdoors,valid,84332,6,0.7529644746791601,4,6,6
amazon-sports-and-outdoors,valid,84863,3,0.30469730868060574,2,2,2
amazon-sports-and-outdoors,valid,84876,7,1.8647935200347139,4,4,7
amazon-sports-and-outdoors,valid,85243,26,30.922912886244138,15,24,26
amazon-sports-and-outdoors,valid,85542,9,6.495639283025037,3,4,5
amazon-sports-and-outdoors,valid,85594,5,6.662326722878071,3,3,5
amazon-sports-and-outdoors,valid,86405,14,11.10244972040789,7,11,12
amazon-sports-and-outdoors,valid,86456,3,1.585284812280667,2,2,2
amazon-sports-and-outdoors,valid,87379,5,2.2585493777758807,2,3,4
amazon-sports-and-outdoors,valid,87505,1,0.2308465824627869,1,1,1
amazon-sports-and-outdoors,valid,87786,2,0.7738039237663271,1,1,2
amazon-sports-and-outdoors,valid,87846,20,13.681220189210904,10,16,18
amazon-sports-and-outdoors,valid,87987,3,3.197499868818319,1,3,3
amazon-sports-and-outdoors,valid,88578,4,1.8394753895897655,3,4,4
amazon-sports-and-outdoors,valid,89079,2,0.008293590020305733,1,1,1
amazon-sports-and-outdoors,valid,89172,2,1.1145605321178353,2,2,2
amazon-sports-and-outdoors,valid,89216,3,0.21622864762062866,3,3,3
amazon-sports-and-outdoors,valid,89733,5,0.6339039813540936,5,5,5
amazon-sports-and-outdoors,valid,90042,2,0.4865430065096513,2,2,2
amazon-sports-and-outdoors,valid,90264,5,0.7595119274877895,4,4,4
amazon-sports-and-outdoors,valid,90628,7,26.339019194556375,6,7,7
amazon-sports-and-outdoors,valid,91874,5,2.6829519195679845,4,5,5
amazon-sports-and-outdoors,valid,92022,4,6.689775085208614,4,4,4
amazon-sports-and-outdoors,valid,92997,15,11.831135406854202,5,9,12
amazon-sports-and-outdoors,valid,93346,4,4.49367611778357,2,2,2
amazon-sports-and-outdoors,valid,93356,4,5.71124671764931,4,4,4
amazon-sports-and-outdoors,valid,93710,7,5.928461772204367,7,7,7
amazon-sports-and-outdoors,valid,94310,3,1.6000103359268756,3,3,3
amazon-sports-and-outdoors,valid,95178,10,8.31156395923098,7,9,9
amazon-sports-and-outdoors,valid,95186,3,0.3868032947551251,1,3,3
amazon-sports-and-outdoors,valid,95702,26,11.727026320794655,16,21,22
amazon-sports-and-outdoors,valid,96277,3,2.2049100146540184,1,3,3
amazon-sports-and-outdoors,valid,96797,5,2.0829935276214426,2,4,4
amazon-sports-and-outdoors,valid,96970,3,3.9939298238147423,3,3,3
amazon-sports-and-outdoors,valid,97001,11,3.2427934335935866,7,11,11
amazon-sports-and-outdoors,valid,97076,6,0.9689460910040031,3,5,5
amazon-sports-and-outdoors,valid,97419,2,0.43134188748035085,2,2,2
amazon-sports-and-outdoors,valid,97542,5,1.12703660385234,4,4,4
amazon-sports-and-outdoors,valid,97859,4,4.22855034131689,3,4,4
amazon-sports-and-outdoors,valid,98156,4,1.0390425098696867,1,1,1
amazon-sports-and-outdoors,valid,98553,3,0.9942976612123725,2,2,2
amazon-sports-and-outdoors,valid,98856,4,1.4659237576037465,4,4,4
amazon-sports-and-outdoors,valid,99496,4,1.2867579990755824,2,3,3
amazon-sports-and-outdoors,valid,99858,1,0.15439416334703215,1,1,1
amazon-sports-and-outdoors,valid,100019,8,2.31605889786505,3,3,3
amazon-sports-and-outdoors,valid,100028,4,1.3584030226373982,3,3,4
amazon-sports-and-outdoors,valid,100130,6,5.321944164054157,3,3,6
amazon-sports-and-outdoors,valid,100344,3,2.439134475827743,3,3,3
amazon-sports-and-outdoors,valid,100541,3,1.9388135598372847,2,2,2
amazon-sports-and-outdoors,valid,102083,14,8.85366772744293,7,11,12
amazon-sports-and-outdoors,valid,103089,3,2.6995225779863525,3,3,3
amazon-sports-and-outdoors,valid,104024,4,1.623162415609206,4,4,4
amazon-sports-and-outdoors,valid,104225,3,0.32669221394099773,2,2,2
amazon-sports-and-outdoors,valid,104593,5,2.804711120756801,2,3,3
amazon-sports-and-outdoors,valid,104647,4,2.5256614497551695,2,4,4
amazon-sports-and-outdoors,valid,104679,6,0.8332781951726992,4,4,4
amazon-sports-and-outdoors,valid,104794,5,0.6859529070323029,3,4,4
amazon-sports-and-outdoors,valid,105689,4,2.527080855365357,3,3,3
amazon-sports-and-outdoors,valid,106002,3,1.4754797317364372,3,3,3
amazon-sports-and-outdoors,valid,106013,2,3.6094918966729814,1,2,2
amazon-sports-and-outdoors,valid,106086,7,0.4118905190075977,4,7,7
amazon-sports-and-outdoors,valid,106678,1,0.9155612930376694,1,1,1
amazon-sports-and-outdoors,valid,106690,5,8.498686663204616,4,4,5
amazon-sports-and-outdoors,valid,106902,6,3.6288248381574926,3,4,6
amazon-sports-and-outdoors,valid,107770,11,3.5401121857802225,6,10,11
amazon-sports-and-outdoors,valid,108550,3,5.149151654349687,2,3,3
amazon-sports-and-outdoors,valid,108775,33,13.88946506027154,13,21,30
amazon-sports-and-outdoors,valid,108853,7,3.802473696586091,6,7,7
amazon-sports-and-outdoors,valid,108877,3,0.9497963412669284,2,2,2
amazon-sports-and-outdoors,valid,108961,4,9.42998129884535,3,4,4
amazon-sports-and-outdoors,valid,109192,9,5.928368590254912,4,6,9
amazon-sports-and-outdoors,valid,110374,3,0.822483363717698,1,1,3
amazon-sports-and-outdoors,valid,110390,3,2.353902929257189,2,3,3
amazon-sports-and-outdoors,valid,111310,2,0.5090799531526097,1,1,1
amazon-sports-and-outdoors,valid,111884,7,16.384121372859575,3,6,7
amazon-sports-and-outdoors,valid,112014,3,3.213863412180242,2,2,3
amazon-sports-and-outdoors,valid,112339,7,5.140128337318128,6,6,6
amazon-sports-and-outdoors,valid,112771,18,20.471994065961983,11,17,18
amazon-sports-and-outdoors,valid,113184,16,11.690333251694492,9,12,14
amazon-sports-and-outdoors,valid,113474,3,6.62406343879988,2,3,3
amazon-sports-and-outdoors,valid,113926,2,0.037553779532564974,2,2,2
amazon-sports-and-outdoors,valid,114039,6,2.037783892687173,3,6,6
amazon-sports-and-outdoors,valid,114264,6,1.6320453649381834,6,6,6
amazon-sports-and-outdoors,valid,114291,6,3.9778187308407005,4,6,6
amazon-sports-and-outdoors,valid,114441,8,5.478984562592695,3,7,7
amazon-sports-and-outdoors,valid,114634,3,4.364564001658506,3,3,3
amazon-sports-and-outdoors,valid,114917,3,2.72020738468932,1,3,3
amazon-sports-and-outdoors,valid,115530,3,1.1318857660673105,3,3,3
amazon-sports-and-outdoors,valid,116279,3,4.770234592496831,3,3,3
amazon-sports-and-outdoors,valid,116697,3,0.6228597394897039,2,3,3
amazon-sports-and-outdoors,valid,116736,4,4.548997646395781,4,4,4
amazon-sports-and-outdoors,valid,116931,2,18.446659149548832,1,2,2
amazon-sports-and-outdoors,valid,117008,3,2.725136511555949,2,2,3
amazon-sports-and-outdoors,valid,118079,8,5.894730699540025,7,8,8
amazon-sports-and-outdoors,valid,118247,4,1.0971974966966669,3,3,3
amazon-sports-and-outdoors,valid,118585,3,1.3328692519789267,3,3,3
amazon-sports-and-outdoors,valid,118647,2,0.2442347799181136,1,1,1
amazon-sports-and-outdoors,valid,118656,43,7.5153823572601235,32,36,37
amazon-sports-and-outdoors,valid,118810,3,5.641181822038867,3,3,3
amazon-sports-and-outdoors,valid,118927,3,1.410680871913414,1,1,1
amazon-sports-and-outdoors,valid,119580,4,4.723711554680689,3,4,4
amazon-sports-and-outdoors,valid,119635,4,6.7714708063595825,2,3,4
amazon-sports-and-outdoors,valid,120271,7,1.9327867363887936,3,7,7
amazon-sports-and-outdoors,valid,120688,5,5.663997785838273,3,4,4
amazon-sports-and-outdoors,valid,120804,9,17.14497419520865,6,7,9
amazon-sports-and-outdoors,valid,120997,4,2.3811649276888245,3,3,3
amazon-sports-and-outdoors,valid,121426,9,2.288656796076789,3,6,8
amazon-sports-and-outdoors,valid,121511,10,1.2146019947810178,6,7,10
amazon-sports-and-outdoors,valid,121784,3,0.5246836340643071,1,3,3
amazon-sports-and-outdoors,valid,121974,3,13.373149297441145,3,3,3
amazon-sports-and-outdoors,valid,122371,5,1.7298492712576774,2,4,4
amazon-sports-and-outdoors,valid,122411,22,16.159556311173784,9,13,16
amazon-sports-and-outdoors,valid,123112,5,3.549926690257781,4,5,5
amazon-sports-and-outdoors,valid,123118,25,27.42042968642093,16,23,24
amazon-sports-and-outdoors,valid,124098,3,6.0800762056521656,2,2,2
amazon-sports-and-outdoors,valid,124204,6,1.9990792830356114,1,2,2
amazon-sports-and-outdoors,valid,124269,7,3.085489349964042,6,7,7
amazon-sports-and-outdoors,valid,124609,2,3.834001842226966,1,2,2
amazon-sports-and-outdoors,valid,124677,3,3.0657527522048764,3,3,3
amazon-sports-and-outdoors,valid,124766,4,0.1359261618302151,3,3,3
amazon-sports-and-outdoors,valid,124887,6,6.1012460871842045,4,5,6
amazon-sports-and-outdoors,valid,125011,3,3.580709380303028,2,3,3
amazon-sports-and-outdoors,valid,125166,9,4.847997771034899,8,9,9
amazon-sports-and-outdoors,valid,125727,2,1.2962329511727906,1,1,2
amazon-sports-and-outdoors,valid,125915,4,0.968341796148823,4,4,4
amazon-sports-and-outdoors,valid,126998,5,9.785115022873194,3,4,4
amazon-sports-and-outdoors,valid,128639,3,0.2343083249282334,3,3,3
amazon-sports-and-outdoors,valid,129073,4,0.5304270786480767,1,1,1
amazon-sports-and-outdoors,valid,129161,2,2.3669021416384135,2,2,2
amazon-sports-and-outdoors,valid,129255,4,6.256526338175402,1,1,2
amazon-sports-and-outdoors,valid,129670,12,5.6333417175059015,7,10,11
amazon-sports-and-outdoors,valid,129857,2,0.11688545479994761,1,1,1
amazon-sports-and-outdoors,valid,130048,4,3.202866884760892,3,4,4
amazon-sports-and-outdoors,valid,131023,5,4.230201181811465,4,5,5
amazon-sports-and-outdoors,valid,132515,6,2.6342124730846255,5,5,5
amazon-sports-and-outdoors,valid,132540,5,1.7511106164904557,5,5,5
amazon-sports-and-outdoors,valid,132651,5,1.2442827587091088,5,5,5
amazon-sports-and-outdoors,valid,132709,3,1.9384749326677808,2,2,2
amazon-sports-and-outdoors,valid,132910,12,13.290241682255367,2,4,5
amazon-sports-and-outdoors,valid,133811,5,14.316217769784544,3,3,4
amazon-sports-and-outdoors,valid,134092,3,2.1845814141266215,2,3,3
amazon-sports-and-outdoors,valid,134334,5,4.73403347122059,3,4,4
amazon-sports-and-outdoors,valid,134642,26,9.625331109831382,18,22,24
amazon-sports-and-outdoors,valid,135018,9,6.900266632548416,6,6,6
amazon-sports-and-outdoors,valid,135834,4,1.3093905067815972,2,2,2
amazon-sports-and-outdoors,valid,135925,10,18.683834438541744,5,8,9
amazon-sports-and-outdoors,valid,136389,14,1.9150827607710075,9,12,12
amazon-sports-and-outdoors,valid,136438,9,1.473051185439613,3,6,7
amazon-sports-and-outdoors,valid,136569,15,3.911962487194091,13,14,14
amazon-sports-and-outdoors,valid,137136,42,26.96886004639536,17,32,37
amazon-sports-and-outdoors,valid,137794,14,3.20080287153725,8,11,12
amazon-sports-and-outdoors,valid,137973,7,3.099693979904156,4,6,6
amazon-sports-and-outdoors,valid,138363,3,1.7185880013634964,1,3,3
amazon-sports-and-outdoors,valid,138973,2,2.8575834840876295,1,1,2
amazon-sports-and-outdoors,valid,139458,9,6.823224061086121,3,8,9
amazon-sports-and-outdoors,valid,139718,3,1.4206609891323412,3,3,3
amazon-sports-and-outdoors,valid,139819,7,2.990273390552778,3,4,7
amazon-sports-and-outdoors,valid,141048,3,1.4926973768818623,1,2,2
amazon-sports-and-outdoors,valid,141186,4,4.419379307765176,1,1,3
amazon-sports-and-outdoors,valid,141782,4,1.3391189851547274,1,1,3
amazon-sports-and-outdoors,valid,141791,6,1.5597172714263303,1,2,2
amazon-sports-and-outdoors,valid,142228,4,0.25091361266682377,2,2,2
amazon-sports-and-outdoors,valid,142271,3,1.9487560077574964,1,1,3
amazon-sports-and-outdoors,valid,142320,2,0.449668860429697,1,1,2
amazon-sports-and-outdoors,valid,142353,11,11.486063879464588,11,11,11
amazon-sports-and-outdoors,valid,142652,4,7.279051917942257,3,3,4
amazon-sports-and-outdoors,valid,143872,3,0.0737057324610092,3,3,3
amazon-sports-and-outdoors,valid,144098,4,14.506755426989432,2,2,3
amazon-sports-and-outdoors,valid,144316,2,1.8893942155553585,1,1,1
amazon-sports-and-outdoors,valid,144347,6,2.689779975608799,5,6,6
amazon-sports-and-outdoors,valid,144501,4,0.8101637847890842,3,3,3
amazon-sports-and-outdoors,valid,144633,3,0.6160578536985237,2,2,2
amazon-sports-and-outdoors,valid,145511,5,0.404874909511075,3,3,3
amazon-sports-and-outdoors,valid,146038,3,2.7628847175390767,2,3,3
amazon-sports-and-outdoors,valid,146460,2,1.3288168945615182,1,1,1
amazon-sports-and-outdoors,valid,146744,8,3.542750358420073,4,7,7
amazon-sports-and-outdoors,valid,146777,2,0.2640205460250761,2,2,2
amazon-sports-and-outdoors,valid,146960,26,12.0791217845784,20,23,24
amazon-sports-and-outdoors,valid,147048,4,1.5946347287407365,1,3,3
amazon-sports-and-outdoors,valid,147135,4,0.5159440924164035,4,4,4
amazon-sports-and-outdoors,valid,147547,5,1.4541542826093536,1,4,4
amazon-sports-and-outdoors,valid,147833,3,3.3389238978392757,1,2,3
amazon-sports-and-outdoors,valid,148160,4,2.562757117746165,2,3,4
amazon-sports-and-outdoors,valid,148302,4,2.2354695967124876,2,2,2
amazon-sports-and-outdoors,valid,148699,3,0.26116481666352315,1,3,3
amazon-sports-and-outdoors,valid,148892,8,1.0823230141043105,5,7,7
amazon-sports-and-outdoors,valid,149475,9,13.017821014789758,6,8,8
amazon-sports-and-outdoors,valid,149503,8,0.945942177229953,4,4,4
amazon-sports-and-outdoors,valid,150085,5,0.1313430638198546,5,5,5
amazon-sports-and-outdoors,valid,150335,8,10.7247274361892,3,4,4
amazon-sports-and-outdoors,valid,150641,3,6.417124701107332,3,3,3
amazon-sports-and-outdoors,valid,150879,2,0.20116066378855602,1,2,2
amazon-sports-and-outdoors,valid,150926,15,7.425305151058513,13,15,15
amazon-sports-and-outdoors,valid,151028,14,11.204390310504724,9,12,12
amazon-sports-and-outdoors,valid,151481,14,7.766924320264113,10,12,12
amazon-sports-and-outdoors,valid,152049,4,7.4170180375141275,3,4,4
amazon-sports-and-outdoors,valid,153757,5,1.174379114131763,5,5,5
amazon-sports-and-outdoors,valid,153770,12,1.7780388781527714,4,6,6
amazon-sports-and-outdoors,valid,154206,1,4.0893558060879664,1,1,1
amazon-sports-and-outdoors,valid,154445,5,2.446767267044796,4,4,5
amazon-sports-and-outdoors,valid,154628,1,0.9582606987747433,1,1,1
amazon-sports-and-outdoors,valid,154884,3,0.2928244744174575,2,2,2
amazon-sports-and-outdoors,valid,156734,6,0.04052714284449205,1,1,1
amazon-sports-and-outdoors,valid,156748,10,5.635260472626777,7,7,8
amazon-sports-and-outdoors,valid,157384,14,8.451267889116917,9,13,13
amazon-sports-and-outdoors,valid,157504,4,1.2545453295819118,4,4,4
amazon-sports-and-outdoors,valid,157551,2,0.5992569499525697,2,2,2
amazon-sports-and-outdoors,valid,158823,5,0.9526354168332598,4,4,4
amazon-sports-and-outdoors,valid,158901,5,0.6886804286052459,3,3,3
amazon-sports-and-outdoors,valid,159019,4,1.520212090047335,3,3,3
amazon-sports-and-outdoors,valid,159745,31,14.576873191791053,23,28,28
amazon-sports-and-outdoors,valid,159790,4,4.016529023930314,3,4,4
amazon-sports-and-outdoors,valid,159932,3,3.8964113450411277,2,3,3
amazon-sports-and-outdoors,valid,160747,3,2.292687543212303,2,3,3
amazon-sports-and-outdoors,valid,161009,5,9.190360148895504,4,5,5
amazon-sports-and-outdoors,valid,161935,2,2.9102107987173405,2,2,2
amazon-sports-and-outdoors,valid,162081,5,3.234409172910408,4,4,4
amazon-sports-and-outdoors,valid,162754,5,1.8912976386107934,5,5,5
amazon-sports-and-outdoors,valid,162843,5,4.262724325630336,4,5,5
amazon-sports-and-outdoors,valid,163165,2,1.0709378981297921,2,2,2
amazon-sports-and-outdoors,valid,163975,7,0.9806207979732067,6,7,7
amazon-sports-and-outdoors,valid,164386,4,4.8096587518403435,4,4,4
amazon-sports-and-outdoors,valid,164953,13,10.531894066530326,12,12,13
amazon-sports-and-outdoors,valid,165196,5,5.248593448211918,4,5,5
amazon-sports-and-outdoors,valid,165886,4,3.7692537368274754,1,2,3
amazon-sports-and-outdoors,valid,166383,3,0.0488331571247249,2,2,2
amazon-sports-and-outdoors,valid,166490,6,8.930105475358133,5,5,5
amazon-sports-and-outdoors,valid,166522,4,1.261984685645737,1,4,4
amazon-sports-and-outdoors,valid,166986,3,0.9402069273708165,2,3,3
amazon-sports-and-outdoors,valid,167250,3,1.03926198309957,1,2,2
amazon-sports-and-outdoors,valid,168277,15,12.806333279715162,8,14,15
amazon-sports-and-outdoors,valid,168353,3,1.0005623960211705,1,1,1
amazon-sports-and-outdoors,valid,168393,2,3.2300543376329642,1,2,2
amazon-sports-and-outdoors,valid,168646,4,3.53129400121044,3,4,4
amazon-sports-and-outdoors,valid,170197,11,4.726344308228442,11,11,11
amazon-sports-and-outdoors,valid,171278,4,1.4302166989190763,1,1,1
amazon-sports-and-outdoors,valid,171283,7,1.5764207636875363,5,5,5
amazon-sports-and-outdoors,valid,171447,4,0.7182580976105374,2,4,4
amazon-sports-and-outdoors,valid,171910,3,1.2007119365284213,1,3,3
amazon-sports-and-outdoors,valid,172095,3,3.165491803094513,3,3,3
amazon-sports-and-outdoors,valid,172534,11,2.5803410142134857,10,10,10
amazon-sports-and-outdoors,valid,172539,2,0.1432829097828226,2,2,2
amazon-sports-and-outdoors,valid,173209,1,2.426252302618492,1,1,1
amazon-sports-and-outdoors,valid,173421,2,0.22122795833854858,1,1,1
amazon-sports-and-outdoors,valid,173480,2,0.4815415810240842,2,2,2
amazon-sports-and-outdoors,valid,173511,13,14.971021471103748,10,12,13
amazon-sports-and-outdoors,valid,174468,6,2.9549936471058147,2,4,5
amazon-sports-and-outdoors,valid,174667,3,4.463087193323996,2,3,3
amazon-sports-and-outdoors,valid,175036,4,0.7882085314220768,1,1,1
amazon-sports-and-outdoors,valid,175434,3,5.876279748337363,2,2,3
amazon-sports-and-outdoors,valid,175947,4,0.19784312204205134,3,3,3
amazon-sports-and-outdoors,valid,175990,4,1.6091430921841756,4,4,4
amazon-sports-and-outdoors,valid,176033,3,1.6625897471041893,1,3,3
amazon-sports-and-outdoors,valid,176170,4,0.6111184173396143,3,3,3
amazon-sports-and-outdoors,valid,176667,3,0.16319238979714484,2,2,2
amazon-sports-and-outdoors,valid,176703,5,4.393181566151981,5,5,5
amazon-sports-and-outdoors,valid,177047,3,1.1456090220217365,3,3,3
amazon-sports-and-outdoors,valid,177179,8,9.808431657913069,3,5,5
amazon-sports-and-outdoors,valid,177832,3,0.41493208357614614,1,2,3
amazon-sports-and-outdoors,valid,178345,3,1.5751615517266218,1,1,1
amazon-sports-and-outdoors,valid,178407,6,0.6069361999713714,6,6,6
amazon-sports-and-outdoors,valid,178563,4,2.7565876003506813,2,4,4
amazon-sports-and-outdoors,valid,178579,5,1.9913794140322498,2,2,5
amazon-sports-and-outdoors,valid,178723,6,1.9953083879747435,1,4,6
amazon-sports-and-outdoors,valid,179081,5,1.971138444189233,5,5,5
amazon-sports-and-outdoors,valid,179115,5,1.251186814212243,2,5,5
amazon-sports-and-outdoors,valid,179443,3,5.989716413623704,2,3,3
amazon-sports-and-outdoors,valid,179674,3,3.5702144493349914,2,3,3
amazon-sports-and-outdoors,valid,179686,4,3.571542919936351,2,3,4
amazon-sports-and-outdoors,valid,179822,1,0.04439981109837987,1,1,1
amazon-sports-and-outdoors,valid,179957,15,10.916525759257759,12,14,14
amazon-sports-and-outdoors,valid,180343,7,2.970381225198567,6,7,7
amazon-sports-and-outdoors,valid,180628,3,1.7250971240085209,1,3,3
amazon-sports-and-outdoors,valid,180859,3,2.4682844991628823,1,2,3
amazon-sports-and-outdoors,valid,181598,10,4.2025602434520515,7,9,10
amazon-sports-and-outdoors,valid,181707,10,4.275516422955115,8,10,10
amazon-sports-and-outdoors,valid,181778,3,1.865185280741353,3,3,3
amazon-sports-and-outdoors,valid,181919,16,20.883805016836856,10,13,14
amazon-sports-and-outdoors,valid,182809,4,1.3635538035880468,3,3,3
amazon-sports-and-outdoors,valid,182831,4,3.8892512043932186,3,4,4
amazon-sports-and-outdoors,valid,182852,3,1.2829520781755583,2,2,2
amazon-sports-and-outdoors,valid,182905,6,7.2140164684887065,3,5,6
amazon-sports-and-outdoors,valid,183039,3,5.055579398092188,2,3,3
amazon-sports-and-outdoors,valid,183215,8,4.126803318546261,8,8,8
amazon-sports-and-outdoors,valid,183741,10,3.144128023803825,7,8,8
amazon-sports-and-outdoors,valid,183874,4,1.5388587894303387,2,4,4
amazon-sports-and-outdoors,valid,184359,3,2.3664572473946395,2,3,3
amazon-sports-and-outdoors,valid,184971,2,1.9484295405019636,1,2,2
amazon-sports-and-outdoors,valid,185720,3,3.0693505006646316,3,3,3
amazon-sports-and-outdoors,valid,186256,8,6.879568872893609,2,2,5
amazon-sports-and-outdoors,valid,186348,8,4.307291335545821,4,4,5
amazon-sports-and-outdoors,valid,186367,9,19.211075619729353,5,7,7
amazon-sports-and-outdoors,valid,186981,5,0.3138000616719114,3,5,5
amazon-sports-and-outdoors,valid,187291,11,2.724274875912704,11,11,11
amazon-sports-and-outdoors,valid,188260,2,0.1992645102469084,1,1,1
amazon-sports-and-outdoors,valid,188902,2,2.570457515441438,2,2,2
amazon-sports-and-outdoors,valid,189759,2,2.2749776858969977,2,2,2
amazon-sports-and-outdoors,valid,189938,14,8.862071681899824,8,14,14
amazon-sports-and-outdoors,valid,189984,3,6.715858629368863,3,3,3
amazon-sports-and-outdoors,valid,190274,1,8.701848558052289,1,1,1
amazon-sports-and-outdoors,valid,190400,6,0.9232971130910329,2,3,3
amazon-sports-and-outdoors,valid,192112,3,0.8222533827360679,1,2,2
amazon-sports-and-outdoors,valid,192137,3,2.030667303035498,1,2,2
amazon-sports-and-outdoors,valid,193390,18,10.783919253941695,10,13,16
amazon-sports-and-outdoors,valid,193595,6,4.835969765695641,4,5,5
amazon-sports-and-outdoors,valid,194036,4,0.7961365309853774,3,3,3
amazon-sports-and-outdoors,valid,194513,3,1.5732591860550107,3,3,3
amazon-sports-and-outdoors,valid,194763,2,0.5784300572983078,2,2,2
amazon-sports-and-outdoors,valid,195320,4,3.458553131488454,3,3,3
amazon-sports-and-outdoors,valid,195368,3,0.1938036514899926,2,2,2
amazon-sports-and-outdoors,valid,195598,8,1.2852467332457203,4,4,4
amazon-sports-and-outdoors,valid,195605,5,0.28037800943001334,5,5,5
amazon-sports-and-outdoors,valid,195625,5,11.174557415479017,3,4,5
amazon-sports-and-outdoors,valid,195628,10,3.956475967053506,2,4,4
amazon-sports-and-outdoors,valid,195880,3,0.606289081071336,2,2,2
amazon-sports-and-outdoors,valid,196802,3,3.270172933802618,3,3,3
amazon-sports-and-outdoors,valid,197630,7,0.4064249020234758,4,4,4
amazon-sports-and-outdoors,valid,197763,4,3.7349424247899408,3,4,4
amazon-sports-and-outdoors,valid,197945,6,1.8479484705141251,3,3,6
amazon-sports-and-outdoors,valid,198218,9,17.79967281901039,5,8,9
amazon-sports-and-outdoors,valid,198469,3,7.697850721988283,2,2,2
amazon-sports-and-outdoors,valid,199320,3,1.3142413872452812,1,2,2
amazon-sports-and-outdoors,valid,199502,19,11.590255441462372,5,10,12
amazon-sports-and-outdoors,valid,199650,2,0.24529599675806119,2,2,2
amazon-sports-and-outdoors,valid,199714,3,2.004381534218989,2,2,2
amazon-sports-and-outdoors,valid,199838,5,11.77358213750933,3,4,5
amazon-sports-and-outdoors,valid,199886,3,4.908960442345949,3,3,3
amazon-sports-and-outdoors,valid,200314,2,0.8783893612383974,2,2,2
amazon-sports-and-outdoors,valid,200841,8,2.0475127490750205,1,7,7
amazon-sports-and-outdoors,valid,200887,5,2.352793733626246,3,4,4
amazon-sports-and-outdoors,valid,200925,4,0.5988897734198291,1,4,4
amazon-sports-and-outdoors,valid,200944,2,1.3006673545829592,1,1,2
amazon-sports-and-outdoors,valid,201316,2,2.1090555275862846,2,2,2
amazon-sports-and-outdoors,valid,201536,4,1.1810471086962815,2,3,4
amazon-sports-and-outdoors,valid,201604,6,3.1443977888518173,2,6,6
amazon-sports-and-outdoors,valid,201727,4,0.20003507870834747,3,3,3
amazon-sports-and-outdoors,valid,202111,1,6.017779248128728,1,1,1
amazon-sports-and-outdoors,valid,202148,4,0.8924969762126971,1,1,1
amazon-sports-and-outdoors,valid,203068,5,3.6760550014056594,1,1,2
amazon-sports-and-outdoors,valid,203219,3,1.794621432139155,1,1,3
amazon-sports-and-outdoors,valid,203320,4,4.1628909032344446,3,3,4
amazon-sports-and-outdoors,valid,203508,9,6.626461056619863,4,7,8
amazon-sports-and-outdoors,valid,203681,2,0.3579379059279977,2,2,2
amazon-sports-and-outdoors,valid,203990,4,1.6830941376922572,4,4,4
amazon-sports-and-outdoors,valid,204260,4,1.9988794374929535,4,4,4
amazon-sports-and-outdoors,valid,204262,3,1.4688737262985763,1,2,2
amazon-sports-and-outdoors,valid,204277,6,1.7083438025346283,2,2,2
amazon-sports-and-outdoors,valid,204849,4,3.49617194012617,3,4,4
amazon-sports-and-outdoors,valid,205410,7,5.778369310597643,5,6,7
amazon-sports-and-outdoors,valid,205580,5,2.8822028159981645,4,5,5
amazon-sports-and-outdoors,valid,205963,9,3.0459051291442343,5,8,8
amazon-sports-and-outdoors,valid,205968,8,2.085123627334059,4,6,6
amazon-sports-and-outdoors,valid,205982,2,0.4444012385665418,1,1,1
amazon-sports-and-outdoors,valid,206082,1,0.35723791783678305,1,1,1
amazon-sports-and-outdoors,valid,206187,3,8.224066769558924,1,1,2
amazon-sports-and-outdoors,valid,206270,7,9.212203716096145,6,7,7
amazon-sports-and-outdoors,valid,206854,14,4.859422671075781,12,14,14
amazon-sports-and-outdoors,valid,207317,7,2.836427612891254,7,7,7
amazon-sports-and-outdoors,valid,207785,4,1.906014438840457,3,4,4
amazon-sports-and-outdoors,valid,208169,3,1.9585017822865212,3,3,3
amazon-sports-and-outdoors,valid,208282,3,0.00860869039973472,1,1,1
amazon-sports-and-outdoors,valid,209524,58,21.930478864020834,35,52,57
amazon-sports-and-outdoors,valid,209549,14,7.411583877698758,4,11,13
amazon-sports-and-outdoors,valid,209996,4,0.8152010291516755,2,4,4
amazon-sports-and-outdoors,valid,210675,4,0.7771913850181664,2,2,2
amazon-sports-and-outdoors,valid,211109,4,2.2500895141493156,2,4,4
amazon-sports-and-outdoors,valid,211212,27,10.604947789691115,19,24,24
amazon-sports-and-outdoors,valid,211552,6,8.107280444492439,2,5,5
amazon-sports-and-outdoors,valid,211563,2,8.67037209204579,2,2,2
amazon-sports-and-outdoors,valid,212731,3,2.47526627237705,1,2,2
amazon-sports-and-outdoors,valid,212964,1,1.6578156591406932,1,1,1
amazon-sports-and-outdoors,valid,213030,4,1.4333628123131819,1,4,4
amazon-sports-and-outdoors,valid,213060,3,4.569684039174485,2,3,3
amazon-sports-and-outdoors,valid,213111,4,3.2214974590405854,3,3,4
amazon-sports-and-outdoors,valid,213164,27,14.236961036595657,18,25,25
amazon-sports-and-outdoors,valid,213277,3,0.47062885127275306,3,3,3
amazon-sports-and-outdoors,valid,213560,2,1.5178876960571346,2,2,2
amazon-sports-and-outdoors,valid,214289,7,2.5555301636579033,3,5,5
amazon-sports-and-outdoors,valid,214361,2,1.165963131933877,1,1,1
amazon-sports-and-outdoors,valid,214383,4,1.3104013657169467,4,4,4
amazon-sports-and-outdoors,valid,214959,7,0.9202764318530005,2,2,3
amazon-sports-and-outdoors,valid,215223,6,7.063897307940437,1,1,3
amazon-sports-and-outdoors,valid,215737,4,7.899825439148023,3,4,4
amazon-sports-and-outdoors,valid,217592,2,0.2842516028947468,2,2,2
amazon-sports-and-outdoors,valid,217634,4,3.01789635338719,2,3,4
amazon-sports-and-outdoors,valid,217732,6,4.219139096595052,4,5,6
amazon-sports-and-outdoors,valid,217878,3,0.14137790065165243,3,3,3
amazon-sports-and-outdoors,valid,218235,6,4.25557231362057,3,4,4
amazon-sports-and-outdoors,valid,218280,4,1.3696982609869117,2,4,4
amazon-sports-and-outdoors,valid,218398,3,5.366503375763944,2,3,3
amazon-sports-and-outdoors,valid,219246,10,8.435298353402258,5,9,10
amazon-sports-and-outdoors,valid,219317,4,1.5859004740119507,2,4,4
amazon-sports-and-outdoors,valid,219465,3,0.7455342385508132,3,3,3
amazon-sports-and-outdoors,valid,219673,37,28.791726976095063,13,25,28
amazon-sports-and-outdoors,valid,220845,33,27.46431309769447,13,28,30
amazon-sports-and-outdoors,valid,222564,8,1.9037803189941953,6,6,6
amazon-sports-and-outdoors,valid,222671,3,5.260831608586115,2,3,3
amazon-sports-and-outdoors,valid,222830,4,2.917406824328763,3,3,3
amazon-sports-and-outdoors,valid,223108,7,5.432851831580432,3,7,7
amazon-sports-and-outdoors,valid,223121,5,0.5753222740678071,1,5,5
amazon-sports-and-outdoors,valid,224224,5,0.10263469649052986,4,4,4
amazon-sports-and-outdoors,valid,224302,3,0.04969029888672022,3,3,3
amazon-sports-and-outdoors,valid,224314,7,6.1901194619026585,4,5,7
amazon-sports-and-outdoors,valid,224705,1,0.6624068197027086,1,1,1
amazon-sports-and-outdoors,valid,224833,5,5.192968979134248,3,3,3
amazon-sports-and-outdoors,valid,225102,3,9.402675418985035,3,3,3
amazon-sports-and-outdoors,valid,225504,4,2.232272332375916,2,3,3
amazon-sports-and-outdoors,valid,225765,4,4.109473062023624,4,4,4
amazon-sports-and-outdoors,valid,225792,17,2.6289527816001472,2,14,14
amazon-sports-and-outdoors,valid,226101,6,2.7309580703696863,2,4,4
amazon-sports-and-outdoors,valid,226785,3,44.11075328948803,2,3,3
amazon-sports-and-outdoors,valid,226891,5,1.8518367351794112,3,4,4
amazon-sports-and-outdoors,valid,227418,7,1.7258329309767597,3,4,6
amazon-sports-and-outdoors,valid,227501,3,8.921350337298831,2,2,3
amazon-sports-and-outdoors,valid,228938,5,3.312044408005823,3,3,3
amazon-sports-and-outdoors,valid,228962,3,4.288623091967412,2,2,3
amazon-sports-and-outdoors,valid,229066,7,4.024428738476334,7,7,7
amazon-sports-and-outdoors,valid,229146,4,0.8722631437104892,1,3,4
amazon-sports-and-outdoors,valid,229382,6,0.8129957230146065,4,4,4
amazon-sports-and-outdoors,valid,229852,7,5.501939308018947,3,5,5
amazon-sports-and-outdoors,valid,229941,3,0.838021751178289,3,3,3
amazon-sports-and-outdoors,valid,230573,26,0.6344903006842727,11,25,25
amazon-sports-and-outdoors,valid,231169,7,7.565786390227765,4,6,6
amazon-sports-and-outdoors,valid,231333,4,5.388519957392719,3,4,4
amazon-sports-and-outdoors,valid,231719,5,3.5025701696426954,2,5,5
amazon-sports-and-outdoors,valid,232154,5,0.8594074711833168,2,5,5
amazon-sports-and-outdoors,valid,232434,17,9.525109759745213,8,14,15
amazon-sports-and-outdoors,valid,232688,4,0.650227476303698,1,1,1
amazon-sports-and-outdoors,valid,233136,4,1.4287134956408691,2,4,4
amazon-sports-and-outdoors,valid,233858,3,5.963194319522623,2,3,3
amazon-sports-and-outdoors,valid,234146,47,34.4271650892042,32,40,44
amazon-sports-and-outdoors,valid,234452,6,1.3672321775643508,6,6,6
amazon-sports-and-outdoors,valid,234773,6,4.092982632602871,4,5,6
amazon-sports-and-outdoors,valid,235070,3,1.2162951306285368,2,2,2
amazon-sports-and-outdoors,valid,235728,5,0.7201175070643151,4,4,4
amazon-sports-and-outdoors,valid,235743,12,6.292394978325613,2,8,8
amazon-sports-and-outdoors,valid,235843,14,14.16140303202168,8,12,13
amazon-sports-and-outdoors,valid,236413,4,0.08370607214556262,2,2,2
amazon-sports-and-outdoors,valid,237007,47,25.81392476687661,18,45,46
amazon-sports-and-outdoors,valid,237153,4,2.5672509989964105,4,4,4
amazon-sports-and-outdoors,valid,238324,7,10.864537897495364,3,5,7
amazon-sports-and-outdoors,valid,238817,4,0.21058486146223243,4,4,4
amazon-sports-and-outdoors,valid,238819,7,3.8501812025441184,4,7,7
amazon-sports-and-outdoors,valid,238910,6,8.984127347078179,6,6,6
amazon-sports-and-outdoors,valid,239360,5,1.5942768043164524,3,5,5
amazon-sports-and-outdoors,valid,239526,3,2.044066206502038,3,3,3
amazon-sports-and-outdoors,valid,239769,6,2.829136885341131,5,5,5
amazon-sports-and-outdoors,valid,240453,14,3.82593373930704,11,12,13
amazon-sports-and-outdoors,valid,240651,5,0.013644216513612584,4,4,4
amazon-sports-and-outdoors,valid,241019,3,4.924095041358907,3,3,3
amazon-sports-and-outdoors,valid,241040,18,38.002630242261176,13,16,16
amazon-sports-and-outdoors,valid,241207,2,0.17609696632615823,1,1,1
amazon-sports-and-outdoors,valid,241337,5,4.623152899154793,3,3,3
amazon-sports-and-outdoors,valid,242513,5,2.6870343463378767,4,4,4
amazon-sports-and-outdoors,valid,242544,5,1.4554063572294589,4,5,5
amazon-sports-and-outdoors,valid,243035,3,2.025408272415909,2,2,3
amazon-sports-and-outdoors,valid,243233,4,3.1370399835153857,2,4,4
amazon-sports-and-outdoors,valid,243314,5,0.8926069441303499,1,1,1
amazon-sports-and-outdoors,valid,244113,6,3.298425172185043,3,4,4
amazon-sports-and-outdoors,valid,244360,4,6.949878024167301,3,4,4
amazon-sports-and-outdoors,valid,246040,5,1.7284181022524523,4,4,5
amazon-sports-and-outdoors,valid,246260,3,0.8643615787427786,2,2,2
amazon-sports-and-outdoors,valid,246785,5,0.6519590744878001,3,5,5
amazon-sports-and-outdoors,valid,247282,11,5.98649482945919,5,10,10
amazon-sports-and-outdoors,valid,247397,8,4.6437824575529785,4,6,6
amazon-sports-and-outdoors,valid,247966,3,3.550254479243093,1,2,2
amazon-sports-and-outdoors,valid,249695,5,4.846017291133321,3,3,5
amazon-sports-and-outdoors,valid,249779,2,1.023516348409556,2,2,2
amazon-sports-and-outdoors,valid,250189,14,4.9804957623360675,14,14,14
amazon-sports-and-outdoors,valid,250517,3,4.303703235713456,3,3,3
amazon-sports-and-outdoors,valid,251173,13,16.875030317176815,6,9,12
amazon-sports-and-outdoors,valid,251201,3,0.2726091461321627,3,3,3
amazon-sports-and-outdoors,valid,251933,24,29.499497676597308,11,18,20
amazon-sports-and-outdoors,valid,251942,16,8.181653914838042,9,13,14
amazon-sports-and-outdoors,valid,252052,3,0.3824922087333824,3,3,3
amazon-sports-and-outdoors,valid,252320,3,6.359434104038374,1,2,3
amazon-sports-and-outdoors,valid,252635,7,3.3474991484755896,6,7,7
amazon-sports-and-outdoors,valid,253068,5,1.7273929686354843,4,5,5
amazon-sports-and-outdoors,valid,253131,5,3.6878756273425184,5,5,5
amazon-sports-and-outdoors,valid,253175,2,0.886145139411431,2,2,2
amazon-sports-and-outdoors,valid,253521,2,0.6478244393916184,2,2,2
amazon-sports-and-outdoors,valid,254862,9,8.8277339352667,7,7,8
amazon-sports-and-outdoors,valid,255070,4,4.41072237422849,3,3,3
amazon-sports-and-outdoors,valid,255290,4,14.667616814147477,4,4,4
amazon-sports-and-outdoors,valid,255572,3,1.695647200186417,3,3,3
amazon-sports-and-outdoors,valid,255580,1,4.733958132623159,1,1,1
amazon-sports-and-outdoors,valid,255900,19,3.3496589871082443,2,17,17
amazon-sports-and-outdoors,valid,256493,11,8.485229207108844,5,11,11
amazon-sports-and-outdoors,valid,257833,15,8.27849824533763,11,12,12
amazon-sports-and-outdoors,valid,257872,7,1.5055025593314588,1,6,6
amazon-sports-and-outdoors,valid,258150,5,3.480186411481179,3,5,5
amazon-sports-and-outdoors,valid,258151,3,0.06807912878974626,3,3,3
amazon-sports-and-outdoors,valid,258425,2,0.1251810274149226,2,2,2
amazon-sports-and-outdoors,valid,258460,2,0.03042965602114664,2,2,2
amazon-sports-and-outdoors,valid,258764,4,4.901696744169817,2,4,4
amazon-sports-and-outdoors,valid,258982,3,0.7828076791971497,2,2,2
amazon-sports-and-outdoors,valid,259472,4,4.5862609097228155,4,4,4
amazon-sports-and-outdoors,valid,259628,1,2.3635391323874946,1,1,1
amazon-sports-and-outdoors,valid,259642,3,1.339440694183054,3,3,3
amazon-sports-and-outdoors,valid,259673,10,1.132153416347656,9,9,10
amazon-sports-and-outdoors,valid,259759,3,2.6760404623780856,2,2,3
amazon-sports-and-outdoors,valid,259803,4,5.125545957007038,4,4,4
amazon-sports-and-outdoors,valid,260051,3,1.2170789163877704,3,3,3
amazon-sports-and-outdoors,valid,260060,3,1.616292857253316,1,3,3
amazon-sports-and-outdoors,valid,260114,6,3.1985115207915364,2,6,6
amazon-sports-and-outdoors,valid,260200,3,0.17744129768487132,2,2,2
amazon-sports-and-outdoors,valid,260290,3,8.822041112933483,3,3,3
amazon-sports-and-outdoors,valid,261576,7,18.353812258594317,7,7,7
amazon-sports-and-outdoors,valid,261751,4,0.6590399774354292,1,1,1
amazon-sports-and-outdoors,valid,262041,6,1.81874855187981,3,6,6
amazon-sports-and-outdoors,valid,262170,7,1.0079147822655057,2,5,5
amazon-sports-and-outdoors,valid,262438,4,3.2633465960105177,2,4,4
amazon-sports-and-outdoors,valid,262839,5,1.3427051023924232,3,4,4
amazon-sports-and-outdoors,valid,262847,3,1.139140212134986,1,1,1
amazon-sports-and-outdoors,valid,263970,4,0.9726968957722226,4,4,4
amazon-sports-and-outdoors,valid,264438,5,0.5208050180264115,4,4,4
amazon-sports-and-outdoors,valid,264697,4,3.339160223123847,4,4,4
amazon-sports-and-outdoors,valid,264950,47,14.635979361453838,22,42,44
amazon-sports-and-outdoors,valid,265754,6,2.525671759247449,2,2,3
amazon-sports-and-outdoors,valid,266075,3,0.42091330734724475,3,3,3
amazon-sports-and-outdoors,valid,266165,15,7.409224325696423,14,14,14
amazon-sports-and-outdoors,valid,266617,6,2.056070420705267,1,5,5
amazon-sports-and-outdoors,valid,266711,3,4.385590607682449,2,2,3
amazon-sports-and-outdoors,valid,267396,5,0.6470167303233758,4,4,4
amazon-sports-and-outdoors,valid,268723,4,0.6624419777148429,3,3,3
amazon-sports-and-outdoors,valid,268973,2,8.025853959697551,2,2,2
amazon-sports-and-outdoors,valid,269293,3,1.889190008304428,2,3,3
amazon-sports-and-outdoors,valid,269605,11,6.188859060384942,7,10,10
amazon-sports-and-outdoors,valid,269807,6,2.548187426040958,1,3,4
amazon-sports-and-outdoors,valid,270186,24,17.741459874332577,15,20,22
amazon-sports-and-outdoors,valid,270210,3,1.181898302674269,2,2,2
amazon-sports-and-outdoors,valid,270862,7,4.3667272107020985,4,6,6
amazon-sports-and-outdoors,valid,270937,7,6.3844395132174965,4,4,4
amazon-sports-and-outdoors,valid,271118,3,0.48569101949379606,2,2,2
amazon-sports-and-outdoors,valid,271180,4,3.8455783446735543,4,4,4
amazon-sports-and-outdoors,valid,271323,3,6.3817612921653275,2,2,3
amazon-sports-and-outdoors,valid,272004,4,0.6723774204672235,2,2,2
amazon-sports-and-outdoors,valid,272080,4,0.7104148209261018,3,3,3
amazon-sports-and-outdoors,valid,272336,6,12.52307535326863,6,6,6
amazon-sports-and-outdoors,valid,272642,3,0.07264147564256884,3,3,3
amazon-sports-and-outdoors,valid,272757,2,0.8823286446731713,1,1,1
amazon-sports-and-outdoors,valid,273050,4,4.729422220365926,4,4,4
amazon-sports-and-outdoors,valid,273202,3,12.97198131126961,3,3,3
amazon-sports-and-outdoors,valid,273800,4,0.47485415703180733,3,3,4
amazon-sports-and-outdoors,valid,273875,3,45.542720355154074,2,3,3
amazon-sports-and-outdoors,valid,274386,5,2.9414665358506644,3,5,5
amazon-sports-and-outdoors,valid,274429,11,14.987364131135156,9,10,11
amazon-sports-and-outdoors,valid,274979,4,1.0489987698660943,1,1,1
amazon-sports-and-outdoors,valid,275214,5,4.687417119282015,1,3,4
amazon-sports-and-outdoors,valid,276009,2,2.0396098623775303,2,2,2
amazon-sports-and-outdoors,valid,276121,5,1.0170310169005623,4,4,4
amazon-sports-and-outdoors,valid,276264,8,17.300256164448562,5,8,8
amazon-sports-and-outdoors,valid,276384,4,0.02433410262412261,2,2,2
amazon-sports-and-outdoors,valid,276562,3,0.3535487056762875,1,1,1
amazon-sports-and-outdoors,valid,276769,5,0.665678497425865,3,3,3
amazon-sports-and-outdoors,valid,276804,3,1.5704657101660713,3,3,3
amazon-sports-and-outdoors,valid,276827,4,0.47632735704402007,4,4,4
amazon-sports-and-outdoors,valid,277051,2,6.245807902701655,2,2,2
amazon-sports-and-outdoors,valid,277162,8,23.109086323890146,7,8,8
amazon-sports-and-outdoors,valid,277283,9,7.792209407464575,6,8,8
amazon-sports-and-outdoors,valid,277520,7,1.2278840573350518,6,6,6
amazon-sports-and-outdoors,valid,277613,11,7.793077916102673,6,10,11
amazon-sports-and-outdoors,valid,277689,7,2.8889405978950395,4,4,7
amazon-sports-and-outdoors,valid,277777,5,15.55751077573246,5,5,5
amazon-sports-and-outdoors,valid,278242,12,8.270392076600057,7,9,11
amazon-sports-and-outdoors,valid,278460,17,1.418776731158709,9,14,14
amazon-sports-and-outdoors,valid,278472,7,4.092949060666472,4,6,7
amazon-sports-and-outdoors,valid,278745,3,1.0144264161971113,3,3,3
amazon-sports-and-outdoors,valid,279149,5,5.939235191636939,4,4,5
amazon-sports-and-outdoors,valid,279211,5,1.9834077973862265,5,5,5
amazon-sports-and-outdoors,valid,279490,13,2.1343962596104626,11,12,13
amazon-sports-and-outdoors,valid,279734,3,1.4283763884606118,3,3,3
amazon-sports-and-outdoors,valid,279926,62,16.791458004084937,42,54,61
amazon-sports-and-outdoors,valid,280137,2,6.853902995343679,2,2,2
amazon-sports-and-outdoors,valid,280413,16,13.759007291057983,6,12,13
amazon-sports-and-outdoors,valid,280459,5,2.9074536703973375,2,4,4
amazon-sports-and-outdoors,valid,280671,2,3.4653293757219124,2,2,2
amazon-sports-and-outdoors,valid,280918,2,8.438713570979468,1,1,1
amazon-sports-and-outdoors,valid,281317,3,0.27656164686473145,3,3,3
amazon-sports-and-outdoors,valid,281500,5,3.29041548972137,4,4,5
amazon-sports-and-outdoors,valid,281636,3,0.08897144706809273,1,1,1
amazon-sports-and-outdoors,valid,281870,3,0.028439263146221777,3,3,3
amazon-sports-and-outdoors,valid,282355,3,5.146644332958006,3,3,3
amazon-sports-and-outdoors,valid,282633,9,4.65400907737578,8,9,9
amazon-sports-and-outdoors,valid,282719,7,4.389437502205636,7,7,7
amazon-sports-and-outdoors,valid,282844,4,1.9801013581698692,4,4,4
amazon-sports-and-outdoors,valid,283104,3,2.412081508960733,3,3,3
amazon-sports-and-outdoors,valid,283263,7,6.3417974705528515,4,6,6
amazon-sports-and-outdoors,valid,283315,5,1.7659258855886912,5,5,5
amazon-sports-and-outdoors,valid,283538,1,0.48896732327118075,1,1,1
amazon-sports-and-outdoors,valid,284292,5,1.7139592375892547,3,5,5
amazon-sports-and-outdoors,valid,284609,3,0.6629904955733288,3,3,3
amazon-sports-and-outdoors,valid,284785,4,13.174779069563035,4,4,4
amazon-sports-and-outdoors,valid,284819,5,0.4153313781425282,4,4,5
amazon-sports-and-outdoors,valid,284820,4,1.7556695268458518,3,3,3
amazon-sports-and-outdoors,valid,285152,5,3.70500973916588,5,5,5
amazon-sports-and-outdoors,valid,285717,8,4.064043623427025,7,8,8
amazon-sports-and-outdoors,valid,285836,3,0.9501411144799066,2,2,2
amazon-sports-and-outdoors,valid,285840,3,1.6689690758848683,3,3,3
amazon-sports-and-outdoors,valid,286414,11,2.848550386255702,3,4,6
amazon-sports-and-outdoors,valid,286579,3,1.4309149687615774,1,1,1
amazon-sports-and-outdoors,valid,287007,3,2.0903422130223954,2,2,3
amazon-sports-and-outdoors,valid,287249,3,0.2818740092809222,1,1,1
amazon-sports-and-outdoors,valid,287422,3,1.3549523827020995,3,3,3
amazon-sports-and-outdoors,valid,287554,6,2.6908632653360636,5,6,6
amazon-sports-and-outdoors,valid,287666,3,2.4024310311488093,2,2,2
amazon-sports-and-outdoors,valid,287794,4,1.0023703901865264,3,3,3
amazon-sports-and-outdoors,valid,288151,6,3.9876095763552057,3,4,5
amazon-sports-and-outdoors,valid,288910,6,3.241038440792387,2,3,4
amazon-sports-and-outdoors,valid,289204,6,3.4204393350483215,4,6,6
amazon-sports-and-outdoors,valid,289957,3,1.191026300704363,2,2,2
amazon-sports-and-outdoors,valid,290529,11,7.130727666434527,10,10,10
amazon-sports-and-outdoors,valid,291489,3,1.0309140699853274,3,3,3
amazon-sports-and-outdoors,valid,292132,3,1.591055352324916,3,3,3
amazon-sports-and-outdoors,valid,293594,5,2.914721465935785,3,5,5
amazon-sports-and-outdoors,valid,293720,10,4.718161479163657,10,10,10
amazon-sports-and-outdoors,valid,293923,3,0.555540208804227,1,1,1
amazon-sports-and-outdoors,valid,294206,3,2.4309696883744483,3,3,3
amazon-sports-and-outdoors,valid,294597,12,8.914893951672006,10,11,11
amazon-sports-and-outdoors,valid,294797,4,0.17263852818516057,2,2,2
amazon-sports-and-outdoors,valid,295174,15,6.31137971009972,3,10,10
amazon-sports-and-outdoors,valid,295425,5,0.771250738351298,1,4,4
amazon-sports-and-outdoors,valid,295718,3,4.778072714435126,3,3,3
amazon-sports-and-outdoors,valid,296534,7,1.9169591544524516,6,7,7
amazon-sports-and-outdoors,valid,297009,13,13.670202910634016,4,9,11
amazon-sports-and-outdoors,valid,297044,3,0.31319788158437867,2,2,2
amazon-sports-and-outdoors,valid,297448,3,45.467959617983084,2,3,3
amazon-sports-and-outdoors,valid,297774,4,0.11012890434020378,1,1,2
amazon-sports-and-outdoors,valid,297887,7,19.523718903498263,6,7,7
amazon-sports-and-outdoors,valid,298606,2,5.368986377327682,1,1,2
amazon-sports-and-outdoors,valid,298611,6,2.7114982428263446,5,6,6
amazon-sports-and-outdoors,valid,298709,8,4.914360105014073,8,8,8
amazon-sports-and-outdoors,valid,299348,7,4.898562261997771,4,7,7
amazon-sports-and-outdoors,valid,299365,2,1.8387582190114178,2,2,2
amazon-sports-and-outdoors,valid,299691,5,2.1340705853927977,3,3,5
amazon-sports-and-outdoors,valid,300265,3,1.6471666144803692,2,2,3
amazon-sports-and-outdoors,valid,300947,4,7.804625604840069,4,4,4
amazon-sports-and-outdoors,valid,301600,5,6.763752829658242,3,4,5
amazon-sports-and-outdoors,valid,301847,10,7.167198817104717,8,10,10
amazon-sports-and-outdoors,valid,302059,2,3.3521271852984524,2,2,2
amazon-sports-and-outdoors,valid,302275,3,1.228377591234711,1,1,2
amazon-sports-and-outdoors,valid,302444,2,0.6356655828041898,2,2,2
amazon-sports-and-outdoors,valid,302445,2,2.898398235332137,2,2,2
amazon-sports-and-outdoors,valid,302795,1,1.4426137312127678,1,1,1
amazon-sports-and-outdoors,valid,302796,4,0.03387276209670226,4,4,4
amazon-sports-and-outdoors,valid,303195,6,2.3986787724778322,4,6,6
amazon-sports-and-outdoors,valid,303656,3,0.01164245676258413,1,1,1
amazon-sports-and-outdoors,valid,303712,6,2.049276861811698,2,2,2
amazon-sports-and-outdoors,valid,303800,5,0.8018355654485562,5,5,5
amazon-sports-and-outdoors,valid,303821,2,2.109322913520675,1,1,2
amazon-sports-and-outdoors,valid,304094,5,2.624482691485932,5,5,5
amazon-sports-and-outdoors,valid,304407,3,2.115384101943432,2,3,3
amazon-sports-and-outdoors,valid,304938,3,3.4098035076857927,1,3,3
amazon-sports-and-outdoors,valid,305032,4,0.33338360312261306,3,3,3
amazon-sports-and-outdoors,valid,305090,2,0.7505960670873026,2,2,2
amazon-sports-and-outdoors,valid,305228,11,8.751166790006085,7,11,11
amazon-sports-and-outdoors,valid,305429,5,4.358500301949168,5,5,5
amazon-sports-and-outdoors,valid,306098,3,4.4913451151444725,2,2,2
amazon-sports-and-outdoors,valid,306975,3,0.7572115889795756,1,1,1
amazon-sports-and-outdoors,valid,307349,3,3.906255522352234,3,3,3
amazon-sports-and-outdoors,valid,307667,3,0.9573312583938103,2,2,2
amazon-sports-and-outdoors,valid,307684,3,4.814873636685298,3,3,3
amazon-sports-and-outdoors,valid,307818,6,7.8099813860795155,2,3,3
amazon-sports-and-outdoors,valid,307832,1,1.4103440951656014,1,1,1
amazon-sports-and-outdoors,valid,307956,10,2.7907826001676215,3,5,10
amazon-sports-and-outdoors,valid,308325,3,0.20957638164048603,2,2,2
amazon-sports-and-outdoors,valid,308717,3,2.134496578900725,3,3,3
amazon-sports-and-outdoors,valid,309444,5,1.146647372936499,5,5,5
amazon-sports-and-outdoors,valid,310237,36,46.621926862611346,22,30,33
amazon-sports-and-outdoors,valid,310397,4,1.3413689657583432,4,4,4
amazon-sports-and-outdoors,valid,310503,1,0.6702880300318153,1,1,1
amazon-sports-and-outdoors,valid,310644,12,7.344422425894907,6,10,11
amazon-sports-and-outdoors,valid,310685,4,7.299371398534175,1,2,4
amazon-sports-and-outdoors,valid,311206,2,0.5552355500900561,2,2,2
amazon-sports-and-outdoors,valid,311652,5,2.3262705821413423,3,5,5
amazon-sports-and-outdoors,valid,312280,3,2.1502227841629806,2,2,2
amazon-sports-and-outdoors,valid,312447,1,14.755728608166994,1,1,1
amazon-sports-and-outdoors,valid,312653,4,0.5774921578467859,1,1,1
amazon-sports-and-outdoors,valid,312664,7,11.742911530149382,3,4,5
amazon-sports-and-outdoors,valid,312928,4,0.8258757153697216,2,2,2
amazon-sports-and-outdoors,valid,312930,4,6.240653420907623,3,3,4
amazon-sports-and-outdoors,valid,313192,3,1.1281262378825467,3,3,3
amazon-sports-and-outdoors,valid,313367,4,7.538986336354059,4,4,4
amazon-sports-and-outdoors,valid,313515,3,1.262192197221116,1,2,3
amazon-sports-and-outdoors,valid,313866,15,14.814008432371647,12,14,14
amazon-sports-and-outdoors,valid,314055,11,5.540674978320327,8,10,11
amazon-sports-and-outdoors,valid,314295,7,4.47108127937627,3,7,7
amazon-sports-and-outdoors,valid,314631,11,3.72924286163485,6,11,11
amazon-sports-and-outdoors,valid,314904,5,4.247047420888856,3,5,5
amazon-sports-and-outdoors,valid,315011,4,1.0571892649636003,3,3,3
amazon-sports-and-outdoors,valid,315311,4,1.0041310664257772,3,3,3
amazon-sports-and-outdoors,valid,315941,3,1.899491438032748,1,1,1
amazon-sports-and-outdoors,valid,316092,3,1.6756506842661154,2,3,3
amazon-sports-and-outdoors,valid,316100,10,12.916121574291193,6,9,9
amazon-sports-and-outdoors,valid,316392,3,0.49583476685942335,1,1,1
amazon-sports-and-outdoors,valid,317478,5,11.130793752923502,5,5,5
amazon-sports-and-outdoors,valid,317529,4,2.38000365590457,4,4,4
amazon-sports-and-outdoors,valid,317867,17,18.906527402167875,4,7,7
amazon-sports-and-outdoors,valid,318000,5,5.13477070565699,5,5,5
amazon-sports-and-outdoors,valid,318300,2,1.686040009024771,2,2,2
amazon-sports-and-outdoors,valid,319846,3,1.3767151922132141,3,3,3
amazon-sports-and-outdoors,valid,319905,3,3.9391980510301363,3,3,3
amazon-sports-and-outdoors,valid,320370,10,9.507776991935993,6,9,9
amazon-sports-and-outdoors,valid,320558,5,0.8245533247253478,1,2,2
amazon-sports-and-outdoors,valid,320589,3,1.022450769861336,2,2,2
amazon-sports-and-outdoors,valid,321225,3,2.3135002933579245,3,3,3
amazon-sports-and-outdoors,valid,321357,4,1.5599181743528119,4,4,4
amazon-sports-and-outdoors,valid,322707,4,1.6027765841823574,1,2,4
amazon-sports-and-outdoors,valid,322860,7,5.682923370204748,2,7,7
amazon-sports-and-outdoors,valid,322992,5,0.6529154781562345,4,4,5
amazon-sports-and-outdoors,valid,323256,3,0.013641440881075662,2,2,2
amazon-sports-and-outdoors,valid,323290,8,15.278992704448136,5,5,6
amazon-sports-and-outdoors,valid,323524,6,18.66675279939063,4,4,4
amazon-sports-and-outdoors,valid,323753,3,12.90564263625349,2,2,2
amazon-sports-and-outdoors,valid,323792,4,1.2011317179063854,1,2,3
amazon-sports-and-outdoors,valid,324200,2,2.39337295262405,2,2,2
amazon-sports-and-outdoors,valid,324455,2,0.6259311751512687,1,1,1
amazon-sports-and-outdoors,valid,324760,5,5.3987081148789375,4,4,5
amazon-sports-and-outdoors,valid,324853,5,2.8906195912339183,3,5,5
amazon-sports-and-outdoors,valid,325030,8,6.225048021747212,4,6,7
amazon-sports-and-outdoors,valid,325130,2,0.20189871769741985,2,2,2
amazon-sports-and-outdoors,valid,325395,13,8.09135346847668,8,12,12
amazon-sports-and-outdoors,valid,326397,2,2.5369196796708575,2,2,2
amazon-sports-and-outdoors,valid,326415,10,57.4312498950877,5,8,10
amazon-sports-and-outdoors,valid,326423,6,4.347068000221522,6,6,6
amazon-sports-and-outdoors,valid,326543,4,0.19718278584422122,1,1,1
amazon-sports-and-outdoors,valid,327109,3,4.662747825985815,2,3,3
amazon-sports-and-outdoors,valid,327709,3,2.08230887159567,3,3,3
amazon-sports-and-outdoors,valid,327740,4,8.059374216462066,4,4,4
amazon-sports-and-outdoors,valid,328305,4,0.7678741152836506,2,2,2
amazon-sports-and-outdoors,valid,328380,14,14.98128338111166,8,10,12
amazon-sports-and-outdoors,valid,329073,4,0.16539227684211788,1,2,2
amazon-sports-and-outdoors,valid,329891,12,3.049390530572733,11,12,12
amazon-sports-and-outdoors,valid,330074,3,3.479109994748767,2,3,3
amazon-sports-and-outdoors,valid,330156,25,12.065318035280406,12,21,24
amazon-sports-and-outdoors,valid,330462,3,0.9877377841438159,2,3,3
amazon-sports-and-outdoors,valid,330655,5,1.0917613542866274,3,5,5
amazon-sports-and-outdoors,valid,331619,6,1.0271163438099362,3,3,3
amazon-sports-and-outdoors,valid,332430,3,2.2152315346749862,3,3,3
amazon-sports-and-outdoors,valid,332780,1,0.008660766553046373,1,1,1
amazon-sports-and-outdoors,valid,333097,8,4.610776353672684,2,7,7
amazon-sports-and-outdoors,valid,334687,23,47.25900748931745,17,18,19
amazon-sports-and-outdoors,valid,334744,5,0.39014000158343226,3,3,3
amazon-sports-and-outdoors,valid,335089,4,1.850704805796261,2,3,3
amazon-sports-and-outdoors,valid,335118,3,2.0699106497451774,3,3,3
amazon-sports-and-outdoors,valid,335472,2,2.217200912046417,2,2,2
amazon-sports-and-outdoors,valid,335510,7,4.988978888406751,1,5,6
amazon-sports-and-outdoors,valid,335735,8,3.8823488671387976,7,7,7
amazon-sports-and-outdoors,valid,335990,3,1.5170774757023109,1,3,3
amazon-sports-and-outdoors,valid,336362,3,9.190668640626035,2,3,3
amazon-sports-and-outdoors,valid,336996,4,0.538785697773533,4,4,4
amazon-sports-and-outdoors,valid,337016,3,0.2871761943778109,3,3,3
amazon-sports-and-outdoors,valid,337090,8,7.0235137049499965,2,6,6
amazon-sports-and-outdoors,valid,337766,22,25.05213047640561,5,17,19
amazon-sports-and-outdoors,valid,338053,2,0.19579232611620406,1,1,1
amazon-sports-and-outdoors,valid,338708,5,0.743887627591532,2,5,5
amazon-sports-and-outdoors,valid,339029,5,0.2788155926576853,2,2,2
amazon-sports-and-outdoors,valid,339129,6,1.0397202268141172,6,6,6
amazon-sports-and-outdoors,valid,339158,7,7.466525937691279,2,2,7
amazon-sports-and-outdoors,valid,339322,21,17.094451206560855,12,19,20
amazon-sports-and-outdoors,valid,339578,5,1.4454595476009744,3,5,5
amazon-sports-and-outdoors,valid,339967,7,5.52070721002273,3,6,7
amazon-sports-and-outdoors,valid,340507,5,1.3751642744899675,1,2,2
amazon-sports-and-outdoors,valid,340523,2,1.5571322323236156,2,2,2
amazon-sports-and-outdoors,valid,340777,4,4.814509896649984,4,4,4
amazon-sports-and-outdoors,valid,340786,7,3.911935259560633,5,7,7
amazon-sports-and-outdoors,valid,341348,3,1.545193708090427,3,3,3
amazon-sports-and-outdoors,valid,341883,3,3.1140377219035607,2,3,3
amazon-sports-and-outdoors,valid,341970,3,5.201518720385819,3,3,3
amazon-sports-and-outdoors,valid,342110,14,14.066106711439822,8,11,12
amazon-sports-and-outdoors,valid,342599,8,3.4932369069778475,7,8,8
amazon-sports-and-outdoors,valid,343409,3,2.6026236600468713,3,3,3
amazon-sports-and-outdoors,valid,343447,7,1.1009780403849247,6,6,6
amazon-sports-and-outdoors,valid,343580,10,1.7168376346165262,3,3,3
amazon-sports-and-outdoors,valid,343699,3,0.32624850925402493,2,3,3
amazon-sports-and-outdoors,valid,343958,3,1.4287742952107254,3,3,3
amazon-sports-and-outdoors,valid,344274,8,6.862900670817514,5,5,5
amazon-sports-and-outdoors,valid,344702,1,1.5178189661086017,1,1,1
amazon-sports-and-outdoors,valid,345582,10,6.0126973292995896,8,10,10
amazon-sports-and-outdoors,valid,345807,8,8.746049052299924,3,4,8
amazon-sports-and-outdoors,valid,346141,5,5.910174715494361,3,4,5
amazon-sports-and-outdoors,valid,346143,9,2.8560919120314816,8,8,8
amazon-sports-and-outdoors,valid,346260,2,1.9968682934604907,2,2,2
amazon-sports-and-outdoors,valid,346369,2,3.616814147478345,2,2,2
amazon-sports-and-outdoors,valid,346390,21,15.403018011343876,14,19,20
amazon-sports-and-outdoors,valid,346536,3,2.3915693201669663,1,1,1
amazon-sports-and-outdoors,valid,346707,3,2.591662290639655,3,3,3
amazon-sports-and-outdoors,valid,347045,3,0.838698080306451,2,2,2
amazon-sports-and-outdoors,valid,347431,4,30.46698391705987,4,4,4
amazon-sports-and-outdoors,valid,348192,4,0.8181199371966879,3,3,3
amazon-sports-and-outdoors,valid,349438,4,4.2137461747488025,4,4,4
amazon-sports-and-outdoors,valid,349799,10,4.724205749445237,8,10,10
amazon-sports-and-outdoors,valid,349838,3,0.5018187662630588,2,2,2
amazon-sports-and-outdoors,valid,350156,3,0.07786019350388318,1,1,1
amazon-sports-and-outdoors,valid,350195,4,1.0554703553853813,3,4,4
amazon-sports-and-outdoors,valid,350370,16,7.254238886532539,2,11,12
amazon-sports-and-outdoors,valid,350810,20,19.068398062185537,11,16,17
amazon-sports-and-outdoors,valid,351327,3,0.47187233464929157,3,3,3
amazon-sports-and-outdoors,valid,351535,5,2.9289385201358265,3,4,4
amazon-sports-and-outdoors,valid,351822,2,0.07624993011353787,1,1,1
amazon-sports-and-outdoors,valid,352682,6,4.3005781378228445,3,6,6
amazon-sports-and-outdoors,valid,353071,7,2.0125754658139217,3,3,7
amazon-sports-and-outdoors,valid,354047,5,1.2740508889756237,3,3,3
amazon-sports-and-outdoors,valid,354328,11,27.511440562538766,6,11,11
amazon-sports-and-outdoors,valid,354375,11,6.031642871785735,5,6,9
amazon-sports-and-outdoors,valid,354711,6,3.238408595050149,3,6,6
amazon-sports-and-outdoors,valid,354766,75,68.67816990122581,41,63,70
amazon-sports-and-outdoors,valid,355234,6,2.663730267730906,3,3,5
amazon-sports-and-outdoors,valid,355678,15,6.702762666367779,10,14,14
amazon-sports-and-outdoors,valid,355741,3,1.7552891330153164,1,3,3
amazon-sports-and-outdoors,valid,355829,3,1.6404166726695228,1,1,1
amazon-sports-and-outdoors,valid,356111,7,1.6256781960714752,3,7,7
amazon-sports-and-outdoors,valid,356358,5,2.701237918894167,2,3,5
amazon-sports-and-outdoors,valid,357258,4,4.505762807925039,2,3,3
amazon-sports-and-outdoors,valid,357546,2,1.401271477613268,2,2,2
amazon-sports-and-outdoors,valid,357923,3,5.329765896543188,3,3,3
amazon-sports-and-outdoors,valid,357926,3,2.125877314662755,3,3,3
amazon-sports-and-outdoors,valid,358145,2,1.1877952000854368,2,2,2
amazon-sports-and-outdoors,valid,358535,3,2.0287621617313496,3,3,3
amazon-sports-and-outdoors,valid,358679,4,1.1689042450391847,4,4,4
amazon-sports-and-outdoors,valid,358694,3,3.6912735302596156,2,2,3
amazon-sports-and-outdoors,valid,358809,4,5.076826468643349,3,4,4
amazon-sports-and-outdoors,valid,359128,2,2.943750749255569,1,1,1
amazon-sports-and-outdoors,valid,359149,18,8.949425199544848,14,17,17
amazon-sports-and-outdoors,valid,359560,3,0.5174022247091301,3,3,3
amazon-sports-and-outdoors,valid,359729,3,6.357865871655016,2,2,3
amazon-sports-and-outdoors,valid,360250,9,0.853903656208568,9,9,9
amazon-sports-and-outdoors,valid,360551,4,5.905378818989504,3,4,4
amazon-sports-and-outdoors,valid,361205,3,2.941483718337798,3,3,3
amazon-sports-and-outdoors,valid,361446,4,1.3978744999070163,2,2,2
amazon-sports-and-outdoors,valid,361448,3,6.899199732270416,2,2,3
amazon-sports-and-outdoors,valid,361567,9,6.76125264560737,4,6,7
amazon-sports-and-outdoors,valid,361749,2,1.1021989221822341,1,1,1
amazon-sports-and-outdoors,valid,361951,2,0.563303520837004,1,2,2
amazon-sports-and-outdoors,valid,362112,7,2.2101814695335342,3,5,5
amazon-sports-and-outdoors,valid,362345,2,3.0700869684977605,1,2,2
amazon-sports-and-outdoors,valid,362657,5,2.9449561668144577,5,5,5
amazon-sports-and-outdoors,valid,363011,6,2.7883812815042552,4,5,5
amazon-sports-and-outdoors,valid,363166,4,4.58654997202559,2,3,3
amazon-sports-and-outdoors,valid,363368,14,3.886063720857015,3,3,3
amazon-sports-and-outdoors,valid,363805,1,3.120757330015968,1,1,1
amazon-sports-and-outdoors,valid,364620,3,0.47561811684434896,3,3,3
amazon-sports-and-outdoors,valid,364738,6,2.7138402158226125,5,6,6
amazon-sports-and-outdoors,valid,364894,9,5.547012540439974,8,9,9
amazon-sports-and-outdoors,valid,365556,3,1.1943460893914928,2,3,3
amazon-sports-and-outdoors,valid,366053,2,3.7097798619400373,2,2,2
amazon-sports-and-outdoors,valid,366100,8,1.39038557897646,5,7,7
amazon-sports-and-outdoors,valid,366892,3,1.1472265549258687,2,2,2
amazon-sports-and-outdoors,valid,367648,13,33.48074827881044,7,9,10
amazon-sports-and-outdoors,valid,367970,5,0.7340856795468793,5,5,5
amazon-sports-and-outdoors,valid,368089,32,21.008344873135748,22,25,25
amazon-sports-and-outdoors,valid,368434,4,2.6309764820655146,3,4,4
amazon-sports-and-outdoors,valid,368627,5,5.509486781578734,4,4,4
amazon-sports-and-outdoors,valid,369025,3,11.326344731181972,3,3,3
amazon-sports-and-outdoors,valid,369121,17,5.303408754318587,15,17,17
amazon-sports-and-outdoors,valid,369309,6,4.250246799993074,3,6,6
amazon-sports-and-outdoors,valid,369540,3,2.139055753602077,2,2,2
amazon-sports-and-outdoors,valid,369570,8,0.07589636739752603,7,7,7
amazon-sports-and-outdoors,valid,369908,18,6.611076254159649,11,16,17
amazon-sports-and-outdoors,valid,370237,4,0.14351328728338666,1,1,1
amazon-sports-and-outdoors,valid,370350,6,7.007446493404634,4,5,6
amazon-sports-and-outdoors,valid,370685,2,1.1057558291918033,1,2,2
amazon-sports-and-outdoors,valid,370897,4,2.4081669418728358,3,3,3
amazon-sports-and-outdoors,valid,371215,8,8.942148151897944,7,8,8
amazon-sports-and-outdoors,valid,371262,4,2.3791032935787855,4,4,4
amazon-sports-and-outdoors,valid,372462,3,3.1575979041595232,3,3,3
amazon-sports-and-outdoors,valid,372572,4,2.3973902181158135,3,4,4
amazon-sports-and-outdoors,valid,374479,5,0.14810748782389488,1,2,2
amazon-sports-and-outdoors,valid,374600,3,1.1330544395383306,2,3,3
amazon-sports-and-outdoors,valid,374654,4,0.5126268150158548,3,3,3
amazon-sports-and-outdoors,valid,374776,2,1.0261164552317568,1,2,2
amazon-sports-and-outdoors,valid,374896,3,3.134621218018931,1,2,2
amazon-sports-and-outdoors,valid,375286,4,2.0839960596591816,3,3,3
amazon-sports-and-outdoors,valid,375365,4,4.834877356032897,3,3,4
amazon-sports-and-outdoors,valid,375413,6,3.6051628351262384,2,5,6
amazon-sports-and-outdoors,valid,375462,4,13.882939151658315,4,4,4
amazon-sports-and-outdoors,valid,375512,14,3.366682470149063,6,7,13
amazon-sports-and-outdoors,valid,375591,8,5.995615029283584,4,5,5
amazon-sports-and-outdoors,valid,376126,18,10.188158147082884,6,16,17
amazon-sports-and-outdoors,valid,376296,6,2.248625830591515,3,3,3
amazon-sports-and-outdoors,valid,376675,4,1.0713723507083084,3,3,3
amazon-sports-and-outdoors,valid,376955,3,3.7391402385695818,2,3,3
amazon-sports-and-outdoors,valid,377017,9,1.4373717509073343,2,8,8
amazon-sports-and-outdoors,valid,377044,4,1.3360790066619144,1,2,2
amazon-sports-and-outdoors,valid,377047,3,0.02889935728246018,3,3,3
amazon-sports-and-outdoors,valid,377392,16,5.795591053105385,2,9,12
amazon-sports-and-outdoors,valid,377798,7,5.661910377997534,4,7,7
amazon-sports-and-outdoors,valid,377933,4,4.919510753791746,3,3,3
amazon-sports-and-outdoors,valid,378787,27,11.810608546859878,17,25,25
amazon-sports-and-outdoors,valid,378815,6,1.453118442981172,1,5,5
amazon-sports-and-outdoors,valid,379007,4,0.9329990061913789,3,3,3
amazon-sports-and-outdoors,valid,379159,7,2.0820117467412422,5,7,7
amazon-sports-and-outdoors,valid,379277,3,1.0149738766717733,3,3,3
amazon-sports-and-outdoors,valid,380007,6,3.5097595866052202,4,5,5
amazon-sports-and-outdoors,valid,380139,3,0.6592267378532702,3,3,3
amazon-sports-and-outdoors,valid,380180,6,11.610444996016966,4,5,5
amazon-sports-and-outdoors,valid,380363,2,1.5287064508211445,1,2,2
amazon-sports-and-outdoors,valid,381201,3,0.8928769735242986,2,2,2
amazon-sports-and-outdoors,valid,381204,3,6.828480051727217,3,3,3
amazon-sports-and-outdoors,valid,381357,2,2.2241505672269435,1,1,1
amazon-sports-and-outdoors,valid,381488,2,1.8055812154706359,2,2,2
amazon-sports-and-outdoors,valid,381643,3,1.8682325287479533,3,3,3
amazon-sports-and-outdoors,valid,381949,3,0.0877890276073664,3,3,3
amazon-sports-and-outdoors,valid,382254,7,0.9245280400346663,7,7,7
amazon-sports-and-outdoors,valid,382374,5,5.242878552991385,4,5,5
amazon-sports-and-outdoors,valid,382376,5,5.242663243210307,3,4,4
amazon-sports-and-outdoors,valid,382778,3,0.5843026348815328,2,2,2
amazon-sports-and-outdoors,valid,382849,5,1.0210683726849736,2,2,3
amazon-sports-and-outdoors,valid,382852,10,4.48492732402721,8,10,10
amazon-sports-and-outdoors,valid,382874,3,3.785498853201157,3,3,3
amazon-sports-and-outdoors,valid,382962,4,3.10121026830718,3,4,4
amazon-sports-and-outdoors,valid,383952,5,2.300495661884604,1,5,5
amazon-sports-and-outdoors,valid,384115,6,5.886521832398584,4,5,6
amazon-sports-and-outdoors,valid,384966,6,2.2648778199600494,6,6,6
amazon-sports-and-outdoors,valid,384967,3,1.7602880472143023,2,3,3
amazon-sports-and-outdoors,valid,385022,4,7.404010762581248,2,2,2
amazon-sports-and-outdoors,valid,385302,31,6.6528919513661595,18,23,29
amazon-sports-and-outdoors,valid,385539,3,0.7002104061635961,3,3,3
amazon-sports-and-outdoors,valid,385702,5,7.2944253535263694,4,4,4
amazon-sports-and-outdoors,valid,386364,7,6.560711080047524,3,7,7
amazon-sports-and-outdoors,valid,386554,3,0.010235078893389704,3,3,3
amazon-sports-and-outdoors,valid,386722,3,0.4712100158567922,1,2,2
amazon-sports-and-outdoors,valid,386813,6,2.3676787900568383,5,6,6
amazon-sports-and-outdoors,valid,387735,4,0.4557985144550316,2,2,2
amazon-sports-and-outdoors,valid,388384,4,0.4475929516380395,1,1,3
amazon-sports-and-outdoors,valid,389041,10,2.70788754141475,8,10,10
amazon-sports-and-outdoors,valid,389317,6,0.48332670926425514,5,5,5
amazon-sports-and-outdoors,valid,389494,4,1.2567049038686107,1,1,4
amazon-sports-and-outdoors,valid,389855,8,9.038241343363854,4,5,5
amazon-sports-and-outdoors,valid,390162,4,2.68762621693313,4,4,4
amazon-sports-and-outdoors,valid,390537,3,0.016969027773904383,2,2,2
amazon-sports-and-outdoors,valid,390858,5,1.4511954583250009,3,5,5
amazon-sports-and-outdoors,valid,390975,5,1.3040349898881063,2,2,2
amazon-sports-and-outdoors,valid,391037,6,3.7253360927526518,5,6,6
amazon-sports-and-outdoors,valid,391130,18,17.96535336511741,12,14,17
amazon-sports-and-outdoors,valid,391715,3,0.44997788085214036,1,1,3
amazon-sports-and-outdoors,valid,392163,15,17.118414563981833,12,14,15
amazon-sports-and-outdoors,valid,392418,3,44.36245187747089,2,3,3
amazon-sports-and-outdoors,valid,392481,4,0.8937745602175462,2,2,2
amazon-sports-and-outdoors,valid,393378,3,0.009976152029588792,2,2,2
amazon-sports-and-outdoors,valid,393402,3,8.442075919365495,1,1,1
amazon-sports-and-outdoors,valid,394031,4,4.200901076059865,2,2,2
amazon-sports-and-outdoors,valid,395321,14,7.4998705365681,14,14,14
amazon-sports-and-outdoors,valid,396297,3,1.8219204390046162,1,2,2
amazon-sports-and-outdoors,valid,396695,3,2.852917777966051,2,3,3
amazon-sports-and-outdoors,valid,397387,3,2.418869120070295,2,3,3
amazon-sports-and-outdoors,valid,397543,9,2.790676993958241,7,8,9
amazon-sports-and-outdoors,valid,397619,3,18.33213853367034,2,3,3
amazon-sports-and-outdoors,valid,397842,5,1.135969911085916,2,5,5
amazon-sports-and-outdoors,valid,398000,4,4.889054927520965,3,3,3
amazon-sports-and-outdoors,valid,398232,3,1.1762345583962024,1,1,1
amazon-sports-and-outdoors,valid,398489,6,1.510392959515549,4,4,4
amazon-sports-and-outdoors,valid,398605,3,2.2121184645253678,3,3,3
amazon-sports-and-outdoors,valid,399299,3,1.1502126068436787,3,3,3
amazon-sports-and-outdoors,valid,399327,6,3.141586205264899,2,6,6
amazon-sports-and-outdoors,valid,399531,3,1.4681200759783148,2,3,3
amazon-sports-and-outdoors,valid,399856,8,15.524352012062634,3,6,7
amazon-sports-and-outdoors,valid,400140,8,2.9081266952010507,7,8,8
amazon-sports-and-outdoors,valid,400168,3,0.9472759347504304,3,3,3
amazon-sports-and-outdoors,valid,400581,10,1.6747075639819649,3,4,8
amazon-sports-and-outdoors,valid,400996,3,1.541410256596654,1,1,1
amazon-sports-and-outdoors,valid,401118,4,15.32565029435583,1,1,1
amazon-sports-and-outdoors,valid,401349,3,4.326698029552027,3,3,3
amazon-sports-and-outdoors,valid,401787,3,1.3215837283432923,1,1,1
amazon-sports-and-outdoors,valid,402148,6,3.4552895163169524,3,5,5
amazon-sports-and-outdoors,valid,402541,5,0.07482920277357058,5,5,5
amazon-sports-and-outdoors,valid,404207,4,0.9477407871138747,4,4,4
amazon-sports-and-outdoors,valid,405079,50,15.077262375124622,26,33,35
amazon-sports-and-outdoors,valid,405351,1,0.5000217424548725,1,1,1
amazon-sports-and-outdoors,valid,405353,3,6.297234690172662,3,3,3
amazon-sports-and-outdoors,valid,405416,4,7.829587793455402,3,3,3
amazon-sports-and-outdoors,valid,405556,12,4.462179958003358,7,9,10
amazon-sports-and-outdoors,valid,405813,4,0.5994940682750092,3,3,3
amazon-sports-and-outdoors,valid,405925,7,9.348041189858156,6,7,7
amazon-sports-and-outdoors,valid,407310,7,3.3700846026014553,7,7,7
amazon-sports-and-outdoors,valid,407819,4,1.2471926789916206,1,1,1
amazon-sports-and-outdoors,valid,407874,5,2.2951197903525093,3,5,5
amazon-sports-and-outdoors,valid,408655,6,3.3085370658629847,4,5,6
amazon-sports-and-outdoors,valid,408871,6,5.281418078593489,4,6,6
amazon-sports-and-outdoors,valid,409034,9,7.075629774501004,5,6,9
amazon-sports-and-outdoors,valid,409146,3,3.593040458280723,2,3,3
amazon-sports-and-outdoors,valid,409192,4,7.95007773753698,3,4,4
amazon-sports-and-outdoors,valid,409523,2,0.13675448988301764,2,2,2
amazon-sports-and-outdoors,valid,410490,7,3.896251085305365,6,7,7
amazon-sports-and-outdoors,valid,410745,4,3.0735623908664245,4,4,4
amazon-sports-and-outdoors,valid,410835,3,1.7144952651013243,3,3,3
amazon-sports-and-outdoors,valid,411317,15,3.905252065103651,11,13,13
amazon-sports-and-outdoors,valid,413279,4,4.678869492798093,3,4,4
amazon-sports-and-outdoors,valid,413948,3,1.0715154940434266,1,1,2
amazon-sports-and-outdoors,valid,413960,3,1.5803706209605461,2,3,3
amazon-sports-and-outdoors,valid,414904,13,5.863326267806508,7,11,12
amazon-sports-and-outdoors,valid,416142,5,1.8145355382077053,4,5,5
amazon-sports-and-outdoors,valid,416515,4,1.1615469683946653,2,2,2
amazon-sports-and-outdoors,valid,416725,6,3.9811436742739703,4,5,5
amazon-sports-and-outdoors,valid,416900,3,0.09570460291073979,3,3,3
amazon-sports-and-outdoors,valid,417220,100,31.82002613588466,78,92,98
amazon-sports-and-outdoors,valid,417464,3,1.1933040376333477,2,2,2
amazon-sports-and-outdoors,valid,417893,9,2.400128710045926,9,9,9
amazon-sports-and-outdoors,valid,417907,2,5.737696116612518,1,2,2
amazon-sports-and-outdoors,valid,418067,5,1.1212392326935678,5,5,5
amazon-sports-and-outdoors,valid,418292,5,2.904259446039258,3,3,3
amazon-sports-and-outdoors,valid,418458,4,1.6271249614880985,3,3,4
amazon-sports-and-outdoors,valid,418581,7,1.457175294279831,7,7,7
amazon-sports-and-outdoors,valid,418604,15,5.9914856811065205,8,10,10
amazon-sports-and-outdoors,valid,418631,5,0.9509462461750792,2,2,2
amazon-sports-and-outdoors,valid,418907,3,4.072168032035558,3,3,3
amazon-sports-and-outdoors,valid,419238,6,6.065835360316095,5,6,6
amazon-sports-and-outdoors,valid,419564,3,2.712647619042584,3,3,3
amazon-sports-and-outdoors,valid,420716,7,12.590234558131858,7,7,7
amazon-sports-and-outdoors,valid,420872,5,1.489107558800784,2,2,2
amazon-sports-and-outdoors,valid,420935,6,1.8201206395638927,2,3,3
amazon-sports-and-outdoors,valid,420941,3,0.3915785722754226,1,1,1
amazon-sports-and-outdoors,valid,421180,4,1.9624484674080602,4,4,4
amazon-sports-and-outdoors,valid,421904,5,3.3090805611483085,3,3,4
amazon-sports-and-outdoors,valid,422353,4,1.2884416184686889,4,4,4
amazon-sports-and-outdoors,valid,423600,5,5.0250141325956665,1,4,5
amazon-sports-and-outdoors,valid,423970,4,0.6838442193421144,4,4,4
amazon-sports-and-outdoors,valid,424042,5,1.1025054974045854,4,4,4
amazon-sports-and-outdoors,valid,424710,2,0.20576266253476316,1,1,2
amazon-sports-and-outdoors,valid,424732,3,0.0038845638219032474,3,3,3
amazon-sports-and-outdoors,valid,425296,3,2.302821509777562,2,3,3
amazon-sports-and-outdoors,valid,425976,5,4.308112394084837,5,5,5
amazon-sports-and-outdoors,valid,426033,3,1.0956616466929066,3,3,3
amazon-sports-and-outdoors,valid,427285,2,0.804870521368207,1,1,1
amazon-sports-and-outdoors,valid,427353,3,0.12176858547025099,3,3,3
amazon-sports-and-outdoors,valid,427717,52,42.7950527125662,24,45,49
amazon-sports-and-outdoors,valid,428560,5,0.059305222167576055,3,3,3
amazon-sports-and-outdoors,valid,428691,3,0.5584221084154138,2,2,2
amazon-sports-and-outdoors,valid,428782,2,1.6016594581727377,1,1,1
amazon-sports-and-outdoors,valid,428955,6,10.446699197961152,4,5,5
amazon-sports-and-outdoors,valid,429334,6,6.130921828539133,3,5,5
amazon-sports-and-outdoors,valid,429497,3,8.790900894982887,2,2,3
amazon-sports-and-outdoors,valid,430219,5,3.0707569533229813,1,4,4
amazon-sports-and-outdoors,valid,430345,4,8.587586208172704,3,4,4
amazon-sports-and-outdoors,valid,430439,1,0.6494506957122953,1,1,1
amazon-sports-and-outdoors,valid,430466,3,3.4654861328737594,3,3,3
amazon-sports-and-outdoors,valid,430948,1,0.8959707464191367,1,1,1
amazon-sports-and-outdoors,valid,431271,6,1.7638327943099004,4,6,6
amazon-sports-and-outdoors,valid,431301,3,4.469870707071241,2,3,3
amazon-sports-and-outdoors,valid,431318,23,7.7527132138480805,10,21,22
amazon-sports-and-outdoors,valid,431370,11,0.8321277615726363,3,7,9
amazon-sports-and-outdoors,valid,431498,4,5.047465298975937,2,2,2
amazon-sports-and-outdoors,valid,431533,3,4.9314869473236485,3,3,3
amazon-sports-and-outdoors,valid,431630,14,9.987370871957031,8,12,13
amazon-sports-and-outdoors,valid,431695,6,1.6875705721094134,4,6,6
amazon-sports-and-outdoors,valid,431901,4,2.54398300361242,4,4,4
amazon-sports-and-outdoors,valid,432314,9,6.478168196194396,7,9,9
amazon-sports-and-outdoors,valid,432423,6,0.4762495071600085,1,1,1
amazon-sports-and-outdoors,valid,432441,5,0.9188461880586208,4,4,4
amazon-sports-and-outdoors,valid,432557,2,0.4622821277153121,1,1,1
amazon-sports-and-outdoors,valid,432826,17,20.43564596833426,17,17,17
amazon-sports-and-outdoors,valid,433316,3,2.6445246088241587,3,3,3
amazon-sports-and-outdoors,valid,433330,4,2.5031312439340865,1,2,4
amazon-sports-and-outdoors,valid,433686,6,3.9897773453665377,3,6,6
amazon-sports-and-outdoors,valid,434302,3,3.453320138945521,2,3,3
amazon-sports-and-outdoors,valid,434307,18,8.88468198454554,10,14,16
amazon-sports-and-outdoors,valid,434795,10,4.5565093010785445,8,8,8
amazon-sports-and-outdoors,valid,434828,3,1.6798395763697451,2,2,3
amazon-sports-and-outdoors,valid,434926,4,13.259943934866214,3,4,4
amazon-sports-and-outdoors,valid,435798,6,2.9095401530272302,6,6,6
amazon-sports-and-outdoors,valid,436199,5,0.18441038229315623,1,1,2
amazon-sports-and-outdoors,valid,436987,1,0.8204019036609668,1,1,1
amazon-sports-and-outdoors,valid,437126,18,29.964113979103185,12,14,18
amazon-sports-and-outdoors,valid,437347,7,4.759022358777468,5,6,6
amazon-sports-and-outdoors,valid,437638,1,1.1646555446630336,1,1,1
amazon-sports-and-outdoors,valid,437792,3,0.4167076953619048,3,3,3
amazon-sports-and-outdoors,valid,438564,7,2.5001962107857647,5,6,6
amazon-sports-and-outdoors,valid,438667,2,2.615592604816145,2,2,2
amazon-sports-and-outdoors,valid,439631,3,0.7497517461041684,1,1,1
amazon-sports-and-outdoors,valid,440066,11,4.177568315916679,9,11,11
amazon-sports-and-outdoors,valid,440186,6,2.9973780846364377,2,2,6
amazon-sports-and-outdoors,valid,440500,3,2.666138062870192,2,3,3
amazon-sports-and-outdoors,valid,440535,11,2.304176150628555,5,5,5
amazon-sports-and-outdoors,valid,441066,6,3.9570464256263316,3,6,6
amazon-sports-and-outdoors,valid,441087,5,1.184267238958038,5,5,5
amazon-sports-and-outdoors,valid,441146,6,3.8801463366342652,2,3,4
amazon-sports-and-outdoors,valid,441543,5,1.126964966098292,1,1,1
amazon-sports-and-outdoors,valid,442310,2,6.057617373239175,2,2,2
amazon-sports-and-outdoors,valid,442915,4,2.28173304679994,3,4,4
amazon-sports-and-outdoors,valid,444079,2,4.04077853584855,1,2,2
amazon-sports-and-outdoors,valid,444497,9,4.633972711302627,7,9,9
amazon-sports-and-outdoors,valid,444520,2,1.338421244004138,1,1,1
amazon-sports-and-outdoors,valid,444668,3,1.8075188713273591,3,3,3
amazon-sports-and-outdoors,valid,444686,5,3.104384270199633,3,4,5
amazon-sports-and-outdoors,valid,444772,3,1.5793883113884337,1,2,3
amazon-sports-and-outdoors,valid,445456,5,4.5793579116035055,5,5,5
amazon-sports-and-outdoors,valid,445547,5,2.732137317678942,2,4,5
amazon-sports-and-outdoors,valid,445571,6,5.346541819596309,4,5,6
amazon-sports-and-outdoors,valid,445803,3,0.2622233900439118,3,3,3
amazon-sports-and-outdoors,valid,445805,17,2.974238561387012,10,12,12
amazon-sports-and-outdoors,valid,446338,9,4.307885320908721,8,8,8
amazon-sports-and-outdoors,valid,446351,4,1.2185937508880373,1,2,3
amazon-sports-and-outdoors,valid,446376,8,6.448211785520793,5,8,8
amazon-sports-and-outdoors,valid,446794,3,0.6622638085405684,1,2,2
amazon-sports-and-outdoors,valid,446903,5,2.7574960252281207,5,5,5
amazon-sports-and-outdoors,valid,446906,3,4.232132229019291,2,2,3
amazon-sports-and-outdoors,valid,447147,4,5.403721039413585,2,4,4
amazon-sports-and-outdoors,valid,447920,3,0.7535033439102555,1,2,2
amazon-sports-and-outdoors,valid,448304,4,7.967699038957059,3,4,4
amazon-sports-and-outdoors,valid,448529,11,3.449038791843817,8,8,8
amazon-sports-and-outdoors,valid,448765,3,1.1753793992288764,1,1,1
amazon-sports-and-outdoors,valid,448809,5,0.026267000253639927,4,4,4
amazon-sports-and-outdoors,valid,448978,2,1.0235332665507333,1,2,2
amazon-sports-and-outdoors,valid,449177,6,23.620543143705202,5,5,6
amazon-sports-and-outdoors,valid,449415,3,3.98816787501406,1,2,2
amazon-sports-and-outdoors,valid,449563,5,4.652580948349047,3,3,5
amazon-sports-and-outdoors,valid,449574,5,4.2145238805510505,3,5,5
amazon-sports-and-outdoors,valid,449699,6,30.05853121720871,5,6,6
amazon-sports-and-outdoors,valid,450096,5,5.386421579194811,2,4,4
amazon-sports-and-outdoors,valid,450186,4,1.7951814490467222,3,4,4
amazon-sports-and-outdoors,valid,450707,7,0.5666453824114512,6,6,6
amazon-sports-and-outdoors,valid,450926,7,4.814982018527215,5,6,6
amazon-sports-and-outdoors,valid,450969,4,0.5891052722082657,1,4,4
amazon-sports-and-outdoors,valid,451139,8,6.738580750353927,6,7,8
amazon-sports-and-outdoors,valid,451189,10,0.7539025063036595,5,5,9
amazon-sports-and-outdoors,valid,451191,4,3.731683567845645,3,4,4
amazon-sports-and-outdoors,valid,451913,18,7.078518018415132,13,18,18
amazon-sports-and-outdoors,valid,452914,5,6.491836005584574,5,5,5
amazon-sports-and-outdoors,valid,453367,10,15.024265769194525,10,10,10
amazon-sports-and-outdoors,valid,453653,22,6.588146489426228,15,19,22
amazon-sports-and-outdoors,valid,453685,3,17.930469876258336,3,3,3
amazon-sports-and-outdoors,valid,454590,5,3.571324173657846,4,5,5
amazon-sports-and-outdoors,valid,455360,3,4.85340813971424,2,3,3
amazon-sports-and-outdoors,valid,455486,1,3.628397390746808,1,1,1
amazon-sports-and-outdoors,valid,455784,3,0.6680947516357396,2,2,2
amazon-sports-and-outdoors,valid,455828,10,4.363123051852913,5,9,9
amazon-sports-and-outdoors,valid,456613,8,3.6753901713265793,3,5,5
amazon-sports-and-outdoors,valid,456951,11,2.30671479701601,9,10,10
amazon-sports-and-outdoors,valid,457262,7,7.862271527442479,4,4,6
amazon-sports-and-outdoors,valid,457398,2,4.678906765577874,2,2,2
amazon-sports-and-outdoors,valid,457884,3,4.983947459655189,3,3,3
amazon-sports-and-outdoors,valid,457898,3,0.18802134805070625,2,2,2
amazon-sports-and-outdoors,valid,457925,2,0.15542194042355884,2,2,2
amazon-sports-and-outdoors,valid,458611,4,0.8470368734852151,3,3,3
amazon-sports-and-outdoors,valid,459105,5,1.6337666536300053,1,4,4
amazon-sports-and-outdoors,valid,459121,5,11.62354809635886,4,5,5
amazon-sports-and-outdoors,valid,459191,6,0.6594243364553032,6,6,6
amazon-sports-and-outdoors,valid,459356,8,3.665880986428082,5,6,6
amazon-sports-and-outdoors,valid,459597,1,3.9309308956054205,1,1,1
amazon-sports-and-outdoors,valid,460356,8,5.919931724726511,6,7,8
amazon-sports-and-outdoors,valid,460378,3,2.0857654593149766,3,3,3
amazon-sports-and-outdoors,valid,460689,3,2.395358983790702,1,3,3
amazon-sports-and-outdoors,valid,461629,13,3.6824191302938747,12,12,12
amazon-sports-and-outdoors,valid,462059,5,3.6313685071181094,3,4,5
amazon-sports-and-outdoors,valid,462694,4,14.771996193946928,3,3,3
amazon-sports-and-outdoors,valid,463307,6,9.042571197948464,2,5,5
amazon-sports-and-outdoors,valid,463652,9,0.35845443792582005,7,7,7
amazon-sports-and-outdoors,valid,463831,2,3.616645759104438,1,2,2
amazon-sports-and-outdoors,valid,463953,4,8.715855985909302,3,4,4
amazon-sports-and-outdoors,valid,463984,2,1.2298634798528068,1,1,1
amazon-sports-and-outdoors,valid,464183,3,6.329388542691145,2,3,3
amazon-sports-and-outdoors,valid,464193,3,2.988303748835391,1,3,3
amazon-sports-and-outdoors,valid,464223,11,5.574223784448078,2,10,10
amazon-sports-and-outdoors,valid,464228,3,0.08661956109847904,1,1,1
amazon-sports-and-outdoors,valid,464960,10,32.891423467285804,9,10,10
amazon-sports-and-outdoors,valid,465440,3,0.1813844141360057,3,3,3
amazon-sports-and-outdoors,valid,465830,4,6.916309656438813,1,4,4
amazon-sports-and-outdoors,valid,466412,5,2.8138861723670447,2,3,3
amazon-sports-and-outdoors,valid,466428,21,13.38277836323064,7,18,20
amazon-sports-and-outdoors,valid,466496,7,5.013607868944677,7,7,7
amazon-sports-and-outdoors,valid,467676,4,0.8009045389918877,2,2,2
amazon-sports-and-outdoors,valid,468234,5,3.7044443031662166,1,4,4
amazon-sports-and-outdoors,valid,468235,14,13.133690455908217,10,13,13
amazon-sports-and-outdoors,valid,469264,5,1.8283609638740852,5,5,5
amazon-sports-and-outdoors,valid,469815,6,2.8211094256119247,5,5,5
amazon-sports-and-outdoors,valid,470976,7,1.716497157025331,6,6,6
amazon-sports-and-outdoors,valid,471148,3,1.1535507675747434,2,2,2
amazon-sports-and-outdoors,valid,471301,2,0.9131738525369877,1,2,2
amazon-sports-and-outdoors,valid,471936,6,0.8365974551679172,6,6,6
amazon-sports-and-outdoors,valid,472129,3,0.3078892860980594,2,2,2
amazon-sports-and-outdoors,valid,472155,16,0.9565817054358647,9,11,15
amazon-sports-and-outdoors,valid,472239,7,7.5237864438899935,5,7,7
amazon-sports-and-outdoors,valid,472902,17,26.18304860410135,11,16,17
amazon-sports-and-outdoors,valid,475199,1,0.11529607474011816,1,1,1
amazon-sports-and-outdoors,valid,475755,3,1.6333310114946873,3,3,3
amazon-sports-and-outdoors,valid,475948,2,0.8888450368319829,2,2,2
amazon-sports-and-outdoors,valid,476410,4,2.454718661225193,3,4,4
amazon-sports-and-outdoors,valid,476509,2,0.29461726869034943,2,2,2
amazon-sports-and-outdoors,valid,476802,4,0.8019502915934152,4,4,4
amazon-sports-and-outdoors,valid,476992,28,5.196024818384415,22,27,28
amazon-sports-and-outdoors,valid,477080,9,4.2563752644616075,3,7,8
amazon-sports-and-outdoors,valid,477128,7,0.38740547484265797,5,5,5
amazon-sports-and-outdoors,valid,478014,3,2.769355642193474,3,3,3
amazon-sports-and-outdoors,valid,478268,5,2.0218571810173698,5,5,5
amazon-sports-and-outdoors,valid,478788,8,2.2595529671974424,3,7,7
amazon-sports-and-outdoors,valid,479649,5,0.32645350954282293,3,4,4
amazon-sports-and-outdoors,valid,480093,2,3.5672306443578066,2,2,2
amazon-sports-and-outdoors,valid,480743,3,0.6553212907008512,1,3,3
amazon-sports-and-outdoors,valid,480940,9,3.2721051705672455,4,4,4
amazon-sports-and-outdoors,valid,481048,9,26.755475100395287,6,9,9
amazon-sports-and-outdoors,valid,481384,5,1.746930910408794,4,5,5
amazon-sports-and-outdoors,valid,481739,5,8.960112177849844,4,5,5
amazon-sports-and-outdoors,valid,482017,4,6.655564356807298,3,3,4
amazon-sports-and-outdoors,valid,482247,3,0.30344986011472874,3,3,3
amazon-sports-and-outdoors,valid,482268,14,6.336297620767441,10,13,14
amazon-sports-and-outdoors,valid,482393,8,3.826709198168664,6,8,8
amazon-sports-and-outdoors,valid,482721,8,12.33551489239203,4,8,8
amazon-sports-and-outdoors,valid,483145,3,0.5792848199466999,1,1,1
amazon-sports-and-outdoors,valid,483267,4,2.0804452326065976,2,2,3
amazon-sports-and-outdoors,valid,483756,6,3.1498738475011967,4,5,5
amazon-sports-and-outdoors,valid,484195,14,2.296449979202582,4,9,13
amazon-sports-and-outdoors,valid,484294,4,3.066863137392621,3,4,4
amazon-sports-and-outdoors,valid,485346,3,4.654065250891408,3,3,3
amazon-sports-and-outdoors,valid,486143,3,0.17276118470869672,3,3,3
amazon-sports-and-outdoors,valid,486300,3,1.7104201078452197,2,3,3
amazon-sports-and-outdoors,valid,486388,4,0.3898675930758806,1,1,1
amazon-sports-and-outdoors,valid,486657,4,1.6796195744479498,4,4,4
amazon-sports-and-outdoors,valid,486902,3,2.715242306772689,2,2,3
amazon-sports-and-outdoors,valid,487011,10,8.789859371916652,5,9,9
amazon-sports-and-outdoors,valid,487060,3,1.3863412180242174,1,2,2
amazon-sports-and-outdoors,valid,487238,3,0.5775501817841052,3,3,3
amazon-sports-and-outdoors,valid,488012,15,11.147367186974407,9,11,13
amazon-sports-and-outdoors,valid,488463,3,1.3343293007798338,3,3,3
amazon-sports-and-outdoors,valid,489081,5,4.958072616627122,4,5,5
amazon-sports-and-outdoors,valid,489397,3,0.8605023921326415,1,3,3
amazon-sports-and-outdoors,valid,489415,9,1.5981407491537958,7,9,9
amazon-sports-and-outdoors,valid,489472,5,5.006514409564142,1,2,5
amazon-sports-and-outdoors,valid,489838,100,87.26907550156672,51,82,94
amazon-sports-and-outdoors,valid,490050,2,0.5374568306532398,1,1,1
amazon-sports-and-outdoors,valid,492103,10,3.992785205825709,2,6,6
amazon-sports-and-outdoors,valid,492132,5,2.7230401159527102,5,5,5
amazon-sports-and-outdoors,valid,492356,3,0.8527600956033584,2,2,2
amazon-sports-and-outdoors,valid,493387,4,1.4929662167190092,1,2,2
amazon-sports-and-outdoors,valid,493508,14,3.8204907239021484,9,14,14
amazon-sports-and-outdoors,valid,494027,2,2.8445710544086102,1,1,1
amazon-sports-and-outdoors,valid,494623,11,8.261296725295516,6,10,10
amazon-sports-and-outdoors,valid,494907,6,0.6804272835161926,5,5,6
amazon-sports-and-outdoors,valid,495153,4,1.2173054608719742,2,3,3
amazon-sports-and-outdoors,valid,495804,5,2.0752524206489613,1,3,3
amazon-sports-and-outdoors,valid,496035,3,5.610637704218817,3,3,3
amazon-sports-and-outdoors,valid,496211,10,3.6675034097323986,9,9,9
amazon-sports-and-outdoors,valid,497132,13,4.459753989079605,4,9,12
amazon-sports-and-outdoors,valid,498018,6,0.37713735270478127,5,5,5
amazon-sports-and-outdoors,valid,498269,4,1.334182324428355,2,4,4
amazon-sports-and-outdoors,valid,498555,3,0.248226403852155,1,1,1
amazon-sports-and-outdoors,valid,499354,4,0.5088363583542508,4,4,4
amazon-sports-and-outdoors,valid,499425,3,0.46712679604903246,1,1,1
amazon-sports-and-outdoors,valid,499668,4,3.78210544416531,3,3,3
amazon-sports-and-outdoors,valid,500335,5,5.65961387250568,5,5,5
amazon-sports-and-outdoors,valid,501128,11,3.123601428155462,9,11,11
amazon-sports-and-outdoors,valid,501166,6,11.529899047601173,4,5,6
amazon-sports-and-outdoors,valid,501170,12,6.325391103146074,8,12,12
amazon-sports-and-outdoors,valid,501494,8,1.8851969304676293,8,8,8
amazon-sports-and-outdoors,valid,501625,1,0.8190151447763323,1,1,1
amazon-sports-and-outdoors,valid,502198,6,2.0305529734095726,5,5,5
amazon-sports-and-outdoors,valid,502365,4,2.486783032637606,4,4,4
amazon-sports-and-outdoors,valid,503139,4,5.466021433434451,2,3,4
amazon-sports-and-outdoors,valid,503580,4,1.5040980892677789,3,4,4
amazon-sports-and-outdoors,valid,503600,9,4.03596995073781,5,9,9
amazon-sports-and-outdoors,valid,503834,5,5.7771603243683485,1,2,4
amazon-sports-and-outdoors,valid,504401,5,2.111536546555354,4,4,4
amazon-sports-and-outdoors,valid,505136,5,0.8690830618610509,4,4,4
amazon-sports-and-outdoors,valid,505246,4,1.0670399848371162,2,2,2
amazon-sports-and-outdoors,valid,505446,3,5.437775275009011,2,3,3
amazon-sports-and-outdoors,valid,506155,6,3.276873707265668,4,4,4
amazon-sports-and-outdoors,valid,506415,5,1.9528890567779427,1,5,5
amazon-sports-and-outdoors,valid,507596,4,0.9088425440496188,1,1,2
amazon-sports-and-outdoors,valid,507601,8,1.6246374660431098,3,5,5
amazon-sports-and-outdoors,valid,508372,5,0.2620351757233133,2,2,2
amazon-sports-and-outdoors,valid,508952,4,0.7727255244392461,2,2,2
amazon-sports-and-outdoors,valid,509403,4,3.2936483085890096,4,4,4
amazon-sports-and-outdoors,valid,509446,3,1.847891371787651,2,2,3
amazon-sports-and-outdoors,valid,509556,3,1.3607739415158364,2,2,3
amazon-sports-and-outdoors,valid,509667,2,2.328218811836302,2,2,2
amazon-sports-and-outdoors,valid,510105,2,1.710701239769316,1,2,2
amazon-sports-and-outdoors,valid,510763,3,7.938274822779167,2,3,3
amazon-sports-and-outdoors,valid,511071,4,1.7482129882948931,3,4,4
amazon-sports-and-outdoors,valid,511105,3,0.3128778908047656,1,2,2
amazon-sports-and-outdoors,valid,511117,8,3.592758268972803,2,7,7
amazon-sports-and-outdoors,valid,511194,5,0.8787569342900718,5,5,5
amazon-sports-and-outdoors,valid,511231,2,0.34347461347003905,2,2,2
amazon-sports-and-outdoors,valid,511329,4,1.0322174938073654,2,2,3
amazon-sports-and-outdoors,valid,511356,1,2.3707412379559027,1,1,1
amazon-sports-and-outdoors,valid,512590,10,5.494408223908426,3,7,9
amazon-sports-and-outdoors,valid,512837,13,0.32623806758876694,13,13,13
amazon-sports-and-outdoors,valid,513579,7,2.2033600221416174,3,3,3
amazon-sports-and-outdoors,valid,514340,5,8.803509404041295,4,5,5
amazon-sports-and-outdoors,valid,514470,4,1.0800343068181564,2,2,2
amazon-sports-and-outdoors,valid,515073,3,2.814003806317419,2,2,2
amazon-sports-and-outdoors,valid,515310,3,2.679395673423305,1,3,3
amazon-sports-and-outdoors,valid,516017,4,0.7274673820220695,4,4,4
amazon-sports-and-outdoors,valid,516363,5,2.1859557487513284,5,5,5
amazon-sports-and-outdoors,valid,517365,25,11.733065568503074,14,23,24
amazon-sports-and-outdoors,valid,518422,5,3.727943601261617,2,5,5
amazon-sports-and-outdoors,valid,518593,3,0.23717462812802223,3,3,3
amazon-sports-and-outdoors,valid,519303,4,2.031250978906118,1,4,4
amazon-sports-and-outdoors,valid,519616,4,2.0719508718327884,3,4,4
amazon-sports-and-outdoors,valid,519944,2,2.8148124405965076,2,2,2
amazon-sports-and-outdoors,valid,519954,2,1.165988773491599,1,1,2
amazon-sports-and-outdoors,valid,520135,6,0.0015683645563356885,4,4,4
amazon-sports-and-outdoors,valid,520151,3,20.16290213793757,3,3,3
amazon-sports-and-outdoors,valid,520521,7,3.315484606275864,1,7,7
amazon-sports-and-outdoors,valid,520629,7,5.780397240598305,3,7,7
amazon-sports-and-outdoors,valid,521406,3,1.1798447311158848,2,2,3
amazon-sports-and-outdoors,valid,521488,3,0.5059560448187994,1,1,1
amazon-sports-and-outdoors,valid,521962,4,1.1151058778248504,3,3,3
amazon-sports-and-outdoors,valid,522621,25,5.98570813589444,19,24,25
amazon-sports-and-outdoors,valid,522685,7,8.735369211335737,1,4,4
amazon-sports-and-outdoors,valid,522957,9,6.1057004487140425,3,5,5
amazon-sports-and-outdoors,valid,523000,4,19.75266113769477,3,4,4
amazon-sports-and-outdoors,valid,523052,3,2.042077003183915,2,3,3
amazon-sports-and-outdoors,valid,523245,6,0.27502447513119166,2,3,3
amazon-sports-and-outdoors,valid,523263,3,3.7964051064765685,2,2,2
amazon-sports-and-outdoors,valid,523651,4,2.060014330194269,1,2,2
amazon-sports-and-outdoors,valid,523857,6,1.461774781739457,3,5,5
amazon-sports-and-outdoors,valid,524325,2,0.4027017214076476,1,1,1
amazon-sports-and-outdoors,valid,524497,2,2.050553256259745,1,2,2
amazon-sports-and-outdoors,valid,524783,6,2.6364200261623187,1,5,5
amazon-sports-and-outdoors,valid,525197,3,3.9549165902596712,3,3,3
amazon-sports-and-outdoors,valid,525445,11,3.189338187430006,8,11,11
amazon-sports-and-outdoors,valid,525853,3,2.676530956299252,3,3,3
amazon-sports-and-outdoors,valid,526278,2,0.007540336218977872,1,1,1
amazon-sports-and-outdoors,valid,527685,6,3.0404130775645224,1,4,6
amazon-sports-and-outdoors,valid,528063,15,8.711246849822286,11,12,13
amazon-sports-and-outdoors,valid,528699,2,15.425768946038135,1,1,1
amazon-sports-and-outdoors,valid,529391,5,6.39045774542242,5,5,5
amazon-sports-and-outdoors,valid,529539,4,1.0317377719839018,1,1,1
amazon-sports-and-outdoors,valid,530490,3,1.3225360346494106,2,3,3
amazon-sports-and-outdoors,valid,530858,3,2.0567431811630246,2,3,3
amazon-sports-and-outdoors,valid,531277,6,2.678907426442764,4,5,5
amazon-sports-and-outdoors,valid,532396,29,12.642606250222217,16,23,28
amazon-sports-and-outdoors,valid,533369,3,3.183807541340734,1,3,3
amazon-sports-and-outdoors,valid,533456,4,1.9109583690806167,1,1,1
amazon-sports-and-outdoors,valid,533779,5,2.29385700972119,3,4,5
amazon-sports-and-outdoors,valid,533908,3,1.5002213236515747,1,3,3
amazon-sports-and-outdoors,valid,534262,3,0.9282078679137274,1,1,1
amazon-sports-and-outdoors,valid,534414,2,1.1477631772163392,2,2,2
amazon-sports-and-outdoors,valid,534433,3,5.397733471339546,1,1,2
amazon-sports-and-outdoors,valid,535043,38,57.513791391124556,20,31,32
amazon-sports-and-outdoors,valid,535102,4,1.4896010927004433,1,1,1
amazon-sports-and-outdoors,valid,535592,3,4.152293670381476,2,2,3
amazon-sports-and-outdoors,valid,535630,3,6.1003560343507,2,2,2
amazon-sports-and-outdoors,valid,536449,3,3.424283321765995,3,3,3
amazon-sports-and-outdoors,valid,536600,10,10.754081997207713,4,9,10
amazon-sports-and-outdoors,valid,537159,13,5.8004650638402095,4,10,13
amazon-sports-and-outdoors,valid,537283,3,1.3361934684608179,1,3,3
amazon-sports-and-outdoors,valid,537762,6,9.422681649619218,3,6,6
amazon-sports-and-outdoors,valid,538162,3,1.0420750205892455,3,3,3
amazon-sports-and-outdoors,valid,538441,3,1.5384868546703916,2,3,3
amazon-sports-and-outdoors,valid,538519,14,2.2007657309304465,7,13,13
amazon-sports-and-outdoors,valid,538536,5,2.975114471711877,5,5,5
amazon-sports-and-outdoors,valid,539540,4,1.8964137902412197,4,4,4
amazon-sports-and-outdoors,valid,539875,7,1.2872944891930747,7,7,7
amazon-sports-and-outdoors,valid,540259,3,1.449176648259817,3,3,3
amazon-sports-and-outdoors,valid,540347,3,2.3213398691989777,2,3,3
amazon-sports-and-outdoors,valid,541014,3,3.1576072884409574,1,3,3
amazon-sports-and-outdoors,valid,541043,2,1.0942696008891541,1,2,2
amazon-sports-and-outdoors,valid,541238,10,5.201524271650892,9,10,10
amazon-sports-and-outdoors,valid,542011,13,5.99504443853778,3,9,10
amazon-sports-and-outdoors,valid,542384,3,0.12519702034525432,2,2,2
amazon-sports-and-outdoors,valid,542949,4,2.4131492022766,1,3,3
amazon-sports-and-outdoors,valid,544153,18,1.7206880978101184,8,8,8
amazon-sports-and-outdoors,valid,544245,7,5.4467577505903835,3,4,6
amazon-sports-and-outdoors,valid,544673,9,1.386283590605832,2,6,6
amazon-sports-and-outdoors,valid,544819,4,3.188311732083259,4,4,4
amazon-sports-and-outdoors,valid,545079,2,2.0708243615417343,2,2,2
amazon-sports-and-outdoors,valid,545149,4,1.423404107116682,3,3,3
amazon-sports-and-outdoors,valid,545480,7,2.4919245614797982,4,7,7
amazon-sports-and-outdoors,valid,545853,3,1.5756398857338172,3,3,3
amazon-sports-and-outdoors,valid,546092,4,2.030064594256053,1,2,2
amazon-sports-and-outdoors,valid,546369,12,9.872957448363653,10,12,12
amazon-sports-and-outdoors,valid,546529,3,1.398433327257782,3,3,3
amazon-sports-and-outdoors,valid,547675,6,19.037047953545958,5,6,6
amazon-sports-and-outdoors,valid,547754,12,8.334621535234078,10,11,11
amazon-sports-and-outdoors,valid,548341,14,31.724045291450008,13,14,14
amazon-sports-and-outdoors,valid,548690,3,2.915281086324419,2,2,2
amazon-sports-and-outdoors,valid,548815,19,6.948019143405435,11,15,15
amazon-sports-and-outdoors,valid,548871,2,1.161614244440441,2,2,2
amazon-sports-and-outdoors,valid,549634,8,2.022304983066659,6,6,8
amazon-sports-and-outdoors,valid,550481,7,4.297405061141236,4,7,7
amazon-sports-and-outdoors,valid,550597,4,5.443770641288749,3,3,3
amazon-sports-and-outdoors,valid,550808,4,2.471840745307562,3,4,4
amazon-sports-and-outdoors,valid,551289,3,0.8034671086883511,3,3,3
amazon-sports-and-outdoors,valid,551715,3,0.8634288340373968,2,2,2
amazon-sports-and-outdoors,valid,552787,3,2.9681393071466062,1,2,2
amazon-sports-and-outdoors,valid,552903,3,0.39722526623933385,2,2,2
amazon-sports-and-outdoors,valid,553735,1,1.113155269016288,1,1,1
amazon-sports-and-outdoors,valid,553738,6,6.187384802988907,4,5,5
amazon-sports-and-outdoors,valid,553915,3,4.033364953515425,1,3,3
amazon-sports-and-outdoors,valid,554157,2,0.08680301719187145,1,1,1
amazon-sports-and-outdoors,valid,554262,4,3.616783615520438,1,3,3
amazon-sports-and-outdoors,valid,554788,7,5.928238796390568,3,5,7
amazon-sports-and-outdoors,valid,555161,9,4.522509917268968,5,8,8
amazon-sports-and-outdoors,valid,555289,5,1.0738402845525608,4,4,4
amazon-sports-and-outdoors,valid,556137,4,3.059561241225862,2,3,4
amazon-sports-and-outdoors,valid,556149,4,1.3924149628798799,1,1,4
amazon-sports-and-outdoors,valid,557850,3,2.3419550207425663,3,3,3
amazon-sports-and-outdoors,valid,558398,6,1.9439320905813138,2,4,6
amazon-sports-and-outdoors,valid,558874,3,8.00190765259073,3,3,3
amazon-sports-and-outdoors,valid,558892,2,0.5415305340065872,1,1,1
amazon-sports-and-outdoors,valid,558911,7,12.388371527138482,7,7,7
amazon-sports-and-outdoors,valid,559183,4,7.492886384240329,4,4,4
amazon-sports-and-outdoors,valid,559328,4,1.6606594929342309,2,4,4
amazon-sports-and-outdoors,valid,559488,3,0.49948498799142405,3,3,3
amazon-sports-and-outdoors,valid,560337,10,3.405474049620115,5,9,10
amazon-sports-and-outdoors,valid,561105,4,1.394512151520987,2,2,2
amazon-sports-and-outdoors,valid,561649,2,1.3183035915495471,2,2,2
amazon-sports-and-outdoors,valid,561905,4,2.8644292513074876,4,4,4
amazon-sports-and-outdoors,valid,562620,13,9.069085097324912,5,9,11
amazon-sports-and-outdoors,valid,562712,2,0.6018578498126383,2,2,2
amazon-sports-and-outdoors,valid,563013,2,2.5738051926269154,1,1,1
amazon-sports-and-outdoors,valid,563122,3,2.7490623318511895,2,2,2
amazon-sports-and-outdoors,valid,563365,4,0.4528161633806041,2,2,2
amazon-sports-and-outdoors,valid,563533,9,9.509933261898244,3,9,9
amazon-sports-and-outdoors,valid,563826,3,0.8456728483527878,1,3,3
amazon-sports-and-outdoors,valid,563881,4,1.8528317333574065,1,2,2
amazon-sports-and-outdoors,valid,564031,2,2.651930525124563,2,2,2
amazon-sports-and-outdoors,valid,564347,4,5.868687996829963,1,3,3
amazon-sports-and-outdoors,valid,565188,3,0.002658791624409851,2,2,2
amazon-sports-and-outdoors,valid,565198,5,4.851695177920028,2,2,3
amazon-sports-and-outdoors,valid,565318,2,1.3352284735488167,2,2,2
amazon-sports-and-outdoors,valid,565455,5,1.3815549701467502,3,3,3
amazon-sports-and-outdoors,valid,565670,2,1.7675852512403445,2,2,2
amazon-sports-and-outdoors,valid,565684,3,0.5702017607291084,1,1,1
amazon-sports-and-outdoors,valid,568603,6,1.9653351252464528,4,4,4
amazon-sports-and-outdoors,valid,568674,2,1.0292597929933254,1,1,2
amazon-sports-and-outdoors,valid,569132,25,11.59425367404531,16,23,24
amazon-sports-and-outdoors,valid,569285,15,6.85180778929724,8,13,14
amazon-sports-and-outdoors,valid,569767,3,4.677691699391595,2,3,3
amazon-sports-and-outdoors,valid,569807,6,4.485199996880718,5,6,6
amazon-sports-and-outdoors,valid,569813,7,5.58041608846496,3,5,7
amazon-sports-and-outdoors,valid,570318,4,1.1222105719085105,4,4,4
amazon-sports-and-outdoors,valid,570667,4,6.362556690642404,2,4,4
amazon-sports-and-outdoors,valid,571127,8,3.5696624949790787,5,6,6
amazon-sports-and-outdoors,valid,571623,9,5.600492635123409,5,6,8
amazon-sports-and-outdoors,valid,572025,12,4.08356768703765,7,10,10
amazon-sports-and-outdoors,valid,572211,3,0.7808225732413426,1,1,1
amazon-sports-and-outdoors,valid,572587,4,1.7982947835422967,3,3,3
amazon-sports-and-outdoors,valid,574477,1,0.3302125090356751,1,1,1
amazon-sports-and-outdoors,valid,574512,5,4.158217398907167,2,5,5
amazon-sports-and-outdoors,valid,575327,4,2.494011572801603,3,4,4
amazon-sports-and-outdoors,valid,575777,3,3.5721499904240677,1,1,1
amazon-sports-and-outdoors,valid,575829,4,0.8344169975507026,2,2,2
amazon-sports-and-outdoors,valid,576018,16,40.619584889615076,9,14,15
amazon-sports-and-outdoors,valid,576132,4,1.0927845053089262,4,4,4
amazon-sports-and-outdoors,valid,576309,11,9.5063786018293,4,6,10
amazon-sports-and-outdoors,valid,576495,3,0.8635452784309693,2,2,2
amazon-sports-and-outdoors,valid,576742,3,10.661381950431696,2,3,3
amazon-sports-and-outdoors,valid,577234,9,4.887791750370712,5,8,8
amazon-sports-and-outdoors,valid,577723,4,1.2434944790686246,1,2,2
amazon-sports-and-outdoors,valid,577787,3,2.499158388562914,3,3,3
amazon-sports-and-outdoors,valid,578266,3,0.27876430954224135,3,3,3
amazon-sports-and-outdoors,valid,578502,5,1.1960605050884614,5,5,5
amazon-sports-and-outdoors,valid,579104,4,9.597426486380963,3,4,4
amazon-sports-and-outdoors,valid,579257,3,2.1303593003449843,2,2,2
amazon-sports-and-outdoors,valid,579282,3,1.6480936757476992,2,2,2
amazon-sports-and-outdoors,valid,579484,3,3.1747098109225895,3,3,3
amazon-sports-and-outdoors,valid,579640,3,4.421456273940657,3,3,3
amazon-sports-and-outdoors,valid,580584,3,0.3353268102444103,2,2,2
amazon-sports-and-outdoors,valid,580946,12,0.8339686668095017,4,5,5
amazon-sports-and-outdoors,valid,580968,6,38.68680793402665,5,6,6
amazon-sports-and-outdoors,valid,581736,3,4.134756695321327,3,3,3
amazon-sports-and-outdoors,valid,582033,4,4.76698511983397,2,4,4
amazon-sports-and-outdoors,valid,582065,1,0.5352320950884125,1,1,1
amazon-sports-and-outdoors,valid,582636,3,12.018121311795658,1,1,1
amazon-sports-and-outdoors,valid,582716,3,3.104778410019875,2,3,3
amazon-sports-and-outdoors,valid,582820,8,4.339181899492231,4,6,8
amazon-sports-and-outdoors,valid,582945,4,2.712939589150872,3,3,4
amazon-sports-and-outdoors,valid,583097,3,1.3169451176821936,3,3,3
amazon-sports-and-outdoors,valid,583275,2,0.07712425436266651,1,1,1
amazon-sports-and-outdoors,valid,584036,5,4.557258457517557,3,3,4
amazon-sports-and-outdoors,valid,584852,10,4.989159701040585,2,7,8
amazon-sports-and-outdoors,valid,584882,3,0.5446462476157646,2,3,3
amazon-sports-and-outdoors,valid,584887,4,1.3719531319907112,2,4,4
amazon-sports-and-outdoors,valid,584918,3,0.943834282577632,2,2,2
amazon-sports-and-outdoors,valid,585082,2,1.2708836279050464,1,1,1
amazon-sports-and-outdoors,valid,585806,3,3.6287409083164954,1,1,1
amazon-sports-and-outdoors,valid,585974,19,6.607943886755249,12,12,12
amazon-sports-and-outdoors,valid,586465,5,2.6220254636528932,3,4,4
amazon-sports-and-outdoors,valid,586585,6,23.221714751416332,4,5,5
amazon-sports-and-outdoors,valid,586947,3,0.15671591387767364,3,3,3
amazon-sports-and-outdoors,valid,587439,2,2.041522669714399,2,2,2
amazon-sports-and-outdoors,valid,587601,3,1.2304125264032046,1,2,2
amazon-sports-and-outdoors,valid,587875,3,2.504256035976427,3,3,3
amazon-sports-and-outdoors,valid,588756,4,1.650859527484247,3,4,4
amazon-sports-and-outdoors,valid,588928,5,59.50049135304552,3,4,5
amazon-sports-and-outdoors,valid,589289,2,2.063410514862653,1,1,1
amazon-sports-and-outdoors,valid,589688,4,3.238090190346271,1,2,2
amazon-sports-and-outdoors,valid,590999,3,0.06585650799256593,2,2,2
amazon-sports-and-outdoors,valid,591160,4,2.0076686761805655,2,3,3
amazon-sports-and-outdoors,valid,591284,6,1.0308264393009476,1,1,1
amazon-sports-and-outdoors,valid,592553,5,1.2595323482128826,2,2,2
amazon-sports-and-outdoors,valid,592806,9,1.791624542037153,5,5,5
amazon-sports-and-outdoors,valid,592983,3,0.5561061734958022,2,2,2
amazon-sports-and-outdoors,valid,593627,3,2.1493578441952863,2,3,3
amazon-sports-and-outdoors,valid,593715,3,3.173075888569192,1,1,2
amazon-sports-and-outdoors,valid,593831,30,41.294416365763865,13,26,30
amazon-sports-and-outdoors,valid,594200,5,2.626204376696688,3,4,4
amazon-sports-and-outdoors,valid,594238,4,0.8748873060146767,2,4,4
amazon-sports-and-outdoors,valid,594359,8,3.8663774810024476,3,7,7
amazon-sports-and-outdoors,valid,594583,3,0.9711409554758142,3,3,3
amazon-sports-and-outdoors,valid,594868,5,4.30786602365394,3,4,5
amazon-sports-and-outdoors,valid,595078,5,0.714391773659591,3,4,4
amazon-sports-and-outdoors,valid,595099,10,10.277616915920671,10,10,10
amazon-sports-and-outdoors,valid,595400,3,3.1765567961164405,3,3,3
amazon-sports-and-outdoors,valid,595519,8,5.045539538687229,4,8,8
amazon-sports-and-outdoors,valid,595524,10,4.043112049774228,7,9,10
amazon-sports-and-outdoors,valid,595731,5,4.46197627944434,5,5,5
amazon-sports-and-outdoors,valid,595871,6,14.705077808249523,6,6,6
amazon-sports-and-outdoors,valid,596163,3,1.1880438174569576,3,3,3
amazon-sports-and-outdoors,valid,596457,11,2.294399183276735,10,10,10
amazon-sports-and-outdoors,valid,596833,4,0.011163329717521264,4,4,4
amazon-sports-and-outdoors,valid,596949,4,1.8421830852160164,4,4,4
amazon-sports-and-outdoors,valid,596986,4,1.9249421379745788,2,4,4
amazon-sports-and-outdoors,valid,597035,2,2.4169409806679836,2,2,2
amazon-sports-and-outdoors,valid,597395,3,1.831276038902737,2,3,3
amazon-sports-and-outdoors,valid,598643,7,3.2355931784468694,7,7,7
amazon-sports-and-outdoors,valid,598678,5,5.061386021359418,5,5,5
amazon-sports-and-outdoors,valid,598895,3,2.1383707010573705,3,3,3
amazon-sports-and-outdoors,valid,598970,3,2.872030783615256,2,3,3
amazon-sports-and-outdoors,valid,599062,3,1.6138578344805725,1,2,2
amazon-sports-and-outdoors,valid,599847,4,0.7220488186180971,1,4,4
amazon-sports-and-outdoors,valid,599961,17,9.045447017602665,11,13,17
amazon-sports-and-outdoors,valid,600183,16,12.845649057216757,9,14,14
amazon-sports-and-outdoors,valid,600725,6,3.616069749266539,5,5,5
amazon-sports-and-outdoors,valid,601009,5,5.024014376190465,4,4,4
amazon-sports-and-outdoors,valid,601324,9,7.770701691800901,3,5,5
amazon-sports-and-outdoors,valid,601330,2,0.594669225887981,1,1,1
amazon-sports-and-outdoors,valid,601387,14,6.4491295946796665,8,12,13
amazon-sports-and-outdoors,valid,601542,3,1.0976640673088247,1,1,1
amazon-sports-and-outdoors,valid,601635,4,2.7176085995968986,3,4,4
amazon-sports-and-outdoors,valid,601708,10,0.9811693158316925,2,10,10
amazon-sports-and-outdoors,valid,601888,3,1.6049414453881745,2,3,3
amazon-sports-and-outdoors,valid,601931,13,5.293127018363982,9,13,13
amazon-sports-and-outdoors,valid,602076,1,0.7241634540922934,1,1,1
amazon-sports-and-outdoors,valid,602792,4,1.666957270987516,4,4,4
amazon-sports-and-outdoors,valid,602994,3,1.2437255174340782,3,3,3
amazon-sports-and-outdoors,valid,603106,2,0.6111829177528532,2,2,2
amazon-sports-and-outdoors,valid,603181,5,2.5109268061734826,5,5,5
amazon-sports-and-outdoors,valid,603414,3,3.966084413858442,2,3,3
amazon-sports-and-outdoors,valid,603689,6,1.493209943690346,3,3,3
amazon-sports-and-outdoors,valid,604304,3,1.24404431865689,3,3,3
amazon-sports-and-outdoors,valid,604534,5,12.664767957780779,2,3,5
amazon-sports-and-outdoors,valid,604614,3,6.824663821334912,3,3,3
amazon-sports-and-outdoors,valid,604634,3,3.6197129652307094,3,3,3
amazon-sports-and-outdoors,valid,604758,4,61.63285849309852,3,4,4
amazon-sports-and-outdoors,valid,604816,2,1.4604529858734843,2,2,2
amazon-sports-and-outdoors,valid,604997,3,0.3159180014705565,2,2,2
amazon-sports-and-outdoors,valid,605050,14,4.348411009850455,7,12,13
amazon-sports-and-outdoors,valid,606300,3,1.7408598090126903,2,2,2
amazon-sports-and-outdoors,valid,606564,5,13.747791224322262,3,5,5
amazon-sports-and-outdoors,valid,607034,3,7.974548242674346,3,3,3
amazon-sports-and-outdoors,valid,607090,3,0.1371484975302818,1,1,1
amazon-sports-and-outdoors,valid,607634,4,5.496787205338519,3,4,4
amazon-sports-and-outdoors,valid,607648,3,0.6121218745881987,2,2,2
amazon-sports-and-outdoors,valid,607700,5,1.1156467296506154,2,5,5
amazon-sports-and-outdoors,valid,608967,4,0.05311423988047326,4,4,4
amazon-sports-and-outdoors,valid,609199,4,5.272875210336773,2,3,4
amazon-sports-and-outdoors,valid,609231,7,2.372296649560399,4,7,7
amazon-sports-and-outdoors,valid,609367,10,3.405246447752088,4,4,9
amazon-sports-and-outdoors,valid,609533,3,1.8653934531816216,3,3,3
amazon-sports-and-outdoors,valid,610142,9,2.8217923633889836,3,9,9
amazon-sports-and-outdoors,valid,610216,3,0.7721793856943635,3,3,3
amazon-sports-and-outdoors,valid,610366,5,1.0338736873075476,4,5,5
amazon-sports-and-outdoors,valid,610591,3,3.9787965465315627,2,2,2
amazon-sports-and-outdoors,valid,610843,1,0.5765808251638317,1,1,1
amazon-sports-and-outdoors,valid,611568,4,2.622661612195759,3,3,3
amazon-sports-and-outdoors,valid,611937,9,4.753077482575305,5,8,9
amazon-sports-and-outdoors,valid,612472,4,3.650912528848405,4,4,4
amazon-sports-and-outdoors,valid,612545,5,4.30489609683944,2,3,3
amazon-sports-and-outdoors,valid,612748,3,5.509021532696356,1,2,3
amazon-sports-and-outdoors,valid,613210,3,0.47313286833998547,2,3,3
amazon-sports-and-outdoors,valid,614352,4,28.126558005499188,4,4,4
amazon-sports-and-outdoors,valid,614512,5,0.6612188489769086,5,5,5
amazon-sports-and-outdoors,valid,614847,2,0.5413432448968344,1,1,2
amazon-sports-and-outdoors,valid,614899,28,14.45030712374021,13,22,24
amazon-sports-and-outdoors,valid,615228,3,3.763413277277892,3,3,3
amazon-sports-and-outdoors,valid,615307,4,3.538291503008984,1,3,3
amazon-sports-and-outdoors,valid,615377,13,11.348115735417718,11,12,12
amazon-sports-and-outdoors,valid,615553,2,8.201870168334182,1,1,2
amazon-sports-and-outdoors,valid,615569,4,1.9834150669000135,3,3,3
amazon-sports-and-outdoors,valid,615577,4,6.944752091736505,3,4,4
amazon-sports-and-outdoors,valid,615776,12,2.840414148165644,8,9,11
amazon-sports-and-outdoors,valid,615899,6,4.208349023367257,1,6,6
amazon-sports-and-outdoors,valid,616127,2,0.43270155090450596,1,1,1
amazon-sports-and-outdoors,valid,616414,3,5.376804408973329,1,1,1
amazon-sports-and-outdoors,valid,617125,2,0.5370872750068962,1,1,1
amazon-sports-and-outdoors,valid,617640,4,2.1129613712576374,3,4,4
amazon-sports-and-outdoors,valid,618448,3,0.1734207278686592,3,3,3
amazon-sports-and-outdoors,valid,618468,7,2.944687855669223,6,7,7
amazon-sports-and-outdoors,valid,618618,5,9.556775893975066,2,5,5
amazon-sports-and-outdoors,valid,618672,3,0.9858192933688948,1,1,1
amazon-sports-and-outdoors,valid,619020,6,1.472885374438777,5,6,6
amazon-sports-and-outdoors,valid,619041,8,4.067733364279433,6,8,8
amazon-sports-and-outdoors,valid,619643,5,2.611375361608746,2,3,3
amazon-sports-and-outdoors,valid,619968,3,1.8109173029363683,1,3,3
amazon-sports-and-outdoors,valid,620017,3,1.6115841949139047,2,3,3
amazon-sports-and-outdoors,valid,620071,4,21.076149478650297,4,4,4
amazon-sports-and-outdoors,valid,620334,9,8.017626588339198,4,7,7
amazon-sports-and-outdoors,valid,620417,3,1.4577010122996208,1,1,3
amazon-sports-and-outdoors,valid,621345,3,1.1125737079133153,2,2,3
amazon-sports-and-outdoors,valid,621483,5,1.1479782226514612,4,4,4
amazon-sports-and-outdoors,valid,621707,3,1.0800362894128255,3,3,3
amazon-sports-and-outdoors,valid,621825,3,4.690110143707714,1,2,2
amazon-sports-and-outdoors,valid,622207,3,1.9619325962751277,2,2,2
amazon-sports-and-outdoors,valid,622567,3,0.9668432189248441,2,2,3
amazon-sports-and-outdoors,valid,622886,9,2.696054491217965,9,9,9
amazon-sports-and-outdoors,valid,623522,6,4.290623794334617,3,5,5
amazon-sports-and-outdoors,valid,623696,8,2.660443522288263,5,7,7
amazon-sports-and-outdoors,valid,624111,4,2.5832201381921354,2,2,3
amazon-sports-and-outdoors,valid,624220,3,2.6239476552711967,1,2,3
amazon-sports-and-outdoors,valid,624239,3,8.241922810187841,2,3,3
amazon-sports-and-outdoors,valid,624616,3,5.266932713248213,3,3,3
amazon-sports-and-outdoors,valid,624818,4,1.7106448019077318,1,3,4
amazon-sports-and-outdoors,valid,625215,17,12.066834984548318,7,16,17
amazon-sports-and-outdoors,valid,625282,3,5.093435985917233,2,2,3
amazon-sports-and-outdoors,valid,625329,8,4.8293872870478545,3,5,7
amazon-sports-and-outdoors,valid,625462,3,2.74465119088514,2,3,3
amazon-sports-and-outdoors,valid,625726,5,6.321110549082237,3,4,5
amazon-sports-and-outdoors,valid,625762,3,0.5944889419460595,2,2,2
amazon-sports-and-outdoors,valid,625764,4,1.0000072695137872,1,1,1
amazon-sports-and-outdoors,valid,625845,4,5.697346085558476,4,4,4
amazon-sports-and-outdoors,valid,625911,4,1.6085311312962747,4,4,4
amazon-sports-and-outdoors,valid,627008,12,6.181641094059182,9,11,11
amazon-sports-and-outdoors,valid,627874,3,2.5733325420577717,3,3,3
amazon-sports-and-outdoors,valid,628356,8,8.23940121411454,7,8,8
amazon-sports-and-outdoors,valid,628433,3,3.268737006570187,2,2,2
amazon-sports-and-outdoors,valid,628839,36,9.672044212389817,22,34,36
amazon-sports-and-outdoors,valid,628984,4,4.069527083763171,3,4,4
amazon-sports-and-outdoors,valid,628997,4,2.8253672459235544,3,3,4
amazon-sports-and-outdoors,valid,629002,2,0.607825856285942,1,2,2
amazon-sports-and-outdoors,valid,629018,3,8.565802911850007,2,3,3
amazon-sports-and-outdoors,valid,629040,8,2.112496651067171,7,7,7
amazon-sports-and-outdoors,valid,630165,2,0.05224216257196984,1,1,1
amazon-sports-and-outdoors,valid,630449,4,2.084120302258453,1,3,3
amazon-sports-and-outdoors,valid,631404,10,0.5794220154978104,8,8,8
amazon-sports-and-outdoors,valid,631419,13,5.20083512174387,8,12,12
amazon-sports-and-outdoors,valid,631437,3,2.9812461083318804,2,3,3
amazon-sports-and-outdoors,valid,631566,3,2.316254778218369,1,3,3
amazon-sports-and-outdoors,test,11,7,0.5412127901675994,5,5,5
amazon-sports-and-outdoors,test,585,4,3.1010556259229807,1,3,4
amazon-sports-and-outdoors,test,802,5,18.761670312217685,5,5,5
amazon-sports-and-outdoors,test,1962,6,15.507325356870343,4,5,6
amazon-sports-and-outdoors,test,2571,4,6.524905552494282,2,4,4
amazon-sports-and-outdoors,test,2579,4,0.5402618055912606,2,4,4
amazon-sports-and-outdoors,test,2644,7,12.721286973573203,5,5,6
amazon-sports-and-outdoors,test,3026,4,1.4948885405102907,1,1,1
amazon-sports-and-outdoors,test,3281,5,1.9203856067327858,2,5,5
amazon-sports-and-outdoors,test,3407,6,3.2067521094476845,5,6,6
amazon-sports-and-outdoors,test,3601,3,0.30077362165722965,1,1,2
amazon-sports-and-outdoors,test,3994,3,2.8273489153819344,2,3,3
amazon-sports-and-outdoors,test,4039,4,1.8462630006993273,4,4,4
amazon-sports-and-outdoors,test,4045,6,4.772938587279699,4,4,4
amazon-sports-and-outdoors,test,4462,4,2.1645491454157852,1,1,2
amazon-sports-and-outdoors,test,4675,8,6.337815098727266,4,4,6
amazon-sports-and-outdoors,test,5530,4,1.8063766324519288,1,4,4
amazon-sports-and-outdoors,test,6010,4,0.8899597837279997,2,3,3
amazon-sports-and-outdoors,test,6106,38,10.819419990607788,20,29,36
amazon-sports-and-outdoors,test,6321,9,2.412284791000818,7,8,8
amazon-sports-and-outdoors,test,6462,8,1.1341372005736834,3,3,3
amazon-sports-and-outdoors,test,6672,10,0.07796963272962454,2,2,2
amazon-sports-and-outdoors,test,6770,11,7.324829896681705,8,11,11
amazon-sports-and-outdoors,test,7127,5,19.2048196083371,5,5,5
amazon-sports-and-outdoors,test,7619,4,2.6224501354310417,3,4,4
amazon-sports-and-outdoors,test,9138,4,3.3047529535043223,4,4,4
amazon-sports-and-outdoors,test,9437,13,11.850147300175276,10,10,12
amazon-sports-and-outdoors,test,9441,9,3.1085350303991244,4,9,9
amazon-sports-and-outdoors,test,10246,4,1.112766151769208,1,4,4
amazon-sports-and-outdoors,test,10354,5,3.2729241143386134,4,5,5
amazon-sports-and-outdoors,test,10799,10,4.650944250363112,2,5,5
amazon-sports-and-outdoors,test,10813,5,3.3491226291637295,3,4,4
amazon-sports-and-outdoors,test,10887,5,5.029675344835995,3,5,5
amazon-sports-and-outdoors,test,11054,6,4.703700962338234,5,6,6
amazon-sports-and-outdoors,test,11897,3,1.6188563521606252,3,3,3
amazon-sports-and-outdoors,test,12451,3,3.084799142673196,1,2,2
amazon-sports-and-outdoors,test,12858,5,3.3095711872424527,2,4,5
amazon-sports-and-outdoors,test,14410,5,1.3603413393590111,2,5,5
amazon-sports-and-outdoors,test,14969,31,31.441240586144858,30,31,31
amazon-sports-and-outdoors,test,15532,8,19.831096283652727,6,7,8
amazon-sports-and-outdoors,test,16304,2,1.2911576409925503,1,1,1
amazon-sports-and-outdoors,test,16921,12,3.1977013004367127,6,6,8
amazon-sports-and-outdoors,test,17036,5,0.9889903874558328,5,5,5
amazon-sports-and-outdoors,test,17166,4,3.704608065485895,1,3,3
amazon-sports-and-outdoors,test,17801,3,0.8251492926829171,1,1,1
amazon-sports-and-outdoors,test,18024,4,7.321428821613138,4,4,4
amazon-sports-and-outdoors,test,18698,5,2.275902896742637,1,3,5
amazon-sports-and-outdoors,test,19471,4,0.8899332169594321,1,1,1
amazon-sports-and-outdoors,test,20008,10,20.264391555574175,10,10,10
amazon-sports-and-outdoors,test,20463,10,6.578156591406932,5,8,10
amazon-sports-and-outdoors,test,20820,3,1.578705770130308,2,2,2
amazon-sports-and-outdoors,test,20844,3,1.3558116392317419,2,2,2
amazon-sports-and-outdoors,test,20873,6,6.796632311825661,6,6,6
amazon-sports-and-outdoors,test,21005,3,1.3470385256474395,1,1,3
amazon-sports-and-outdoors,test,21436,2,0.4674489015962927,1,1,1
amazon-sports-and-outdoors,test,21549,17,2.355435210590545,6,12,14
amazon-sports-and-outdoors,test,21650,7,5.359182314515382,3,5,7
amazon-sports-and-outdoors,test,21800,5,0.25421040325579053,3,3,3
amazon-sports-and-outdoors,test,22041,6,4.872649881843967,3,5,6
amazon-sports-and-outdoors,test,23875,4,1.3344162705993239,4,4,4
amazon-sports-and-outdoors,test,24453,4,0.4293811013524864,3,3,3
amazon-sports-and-outdoors,test,24503,13,19.35038792108163,13,13,13
amazon-sports-and-outdoors,test,24670,4,1.419542277046986,2,2,2
amazon-sports-and-outdoors,test,24878,9,3.4715515508318107,3,6,7
amazon-sports-and-outdoors,test,25165,11,4.366901612946502,9,10,10
amazon-sports-and-outdoors,test,25449,4,5.539102780747632,4,4,4
amazon-sports-and-outdoors,test,25450,4,7.623852358554096,3,4,4
amazon-sports-and-outdoors,test,25902,9,1.982724991782145,3,8,8
amazon-sports-and-outdoors,test,26234,12,2.41684264397239,5,12,12
amazon-sports-and-outdoors,test,26407,3,1.6952783714914519,3,3,3
amazon-sports-and-outdoors,test,28025,4,1.2284561019836122,2,2,2
amazon-sports-and-outdoors,test,28071,12,5.161823870783467,3,9,10
amazon-sports-and-outdoors,test,28835,14,0.5439050215554302,12,14,14
amazon-sports-and-outdoors,test,29585,5,4.787546344802555,5,5,5
amazon-sports-and-outdoors,test,30460,39,18.500629738153435,17,33,37
amazon-sports-and-outdoors,test,30612,14,9.822079575270067,12,14,14
amazon-sports-and-outdoors,test,31816,7,7.677292801344147,6,6,6
amazon-sports-and-outdoors,test,31863,6,4.7453445703274575,2,5,5
amazon-sports-and-outdoors,test,32170,4,6.763277271283584,4,4,4
amazon-sports-and-outdoors,test,32272,4,0.9909268537557545,2,3,4
amazon-sports-and-outdoors,test,32435,3,3.680832261520626,1,1,1
amazon-sports-and-outdoors,test,32498,4,6.728950627180607,2,2,3
amazon-sports-and-outdoors,test,32671,2,4.015127197326194,2,2,2
amazon-sports-and-outdoors,test,33449,4,1.3980710411252257,4,4,4
amazon-sports-and-outdoors,test,33476,12,13.874945329951997,11,11,11
amazon-sports-and-outdoors,test,33517,11,10.234523502536334,6,8,10
amazon-sports-and-outdoors,test,33597,9,25.756409959868318,9,9,9
amazon-sports-and-outdoors,test,33904,4,0.46439557363270695,2,2,2
amazon-sports-and-outdoors,test,34419,18,8.174692231916524,16,16,17
amazon-sports-and-outdoors,test,34441,6,4.574218894047894,4,5,5
amazon-sports-and-outdoors,test,34832,6,19.048450912872497,4,5,6
amazon-sports-and-outdoors,test,35088,4,8.836910044260765,3,4,4
amazon-sports-and-outdoors,test,35484,4,7.172174468859584,3,4,4
amazon-sports-and-outdoors,test,35566,4,0.07495767490813648,2,2,2
amazon-sports-and-outdoors,test,36134,9,2.3256356231552786,5,7,8
amazon-sports-and-outdoors,test,37569,9,5.002551070647382,5,8,9
amazon-sports-and-outdoors,test,37734,5,6.275095584193329,3,5,5
amazon-sports-and-outdoors,test,38272,14,9.418983581869199,9,14,14
amazon-sports-and-outdoors,test,38300,6,2.4364928006039777,1,3,5
amazon-sports-and-outdoors,test,38404,4,1.9809414496177093,2,4,4
amazon-sports-and-outdoors,test,38637,5,4.958737578879181,5,5,5
amazon-sports-and-outdoors,test,39047,3,1.235036730209707,3,3,3
amazon-sports-and-outdoors,test,39621,3,7.392405182079512,2,2,2
amazon-sports-and-outdoors,test,40263,5,3.2907687880914263,3,5,5
amazon-sports-and-outdoors,test,40354,3,0.32923145510685314,3,3,3
amazon-sports-and-outdoors,test,40951,5,4.855026201310284,3,5,5
amazon-sports-and-outdoors,test,41123,4,10.977052524087535,1,1,1
amazon-sports-and-outdoors,test,41146,5,5.875688406434023,2,3,3
amazon-sports-and-outdoors,test,41804,4,0.8901728465684524,3,3,3
amazon-sports-and-outdoors,test,41998,4,3.678377412801191,3,3,3
amazon-sports-and-outdoors,test,42070,4,2.4637996056751374,3,3,3
amazon-sports-and-outdoors,test,43022,3,5.39489016623792,3,3,3
amazon-sports-and-outdoors,test,43211,5,9.956719694024843,4,5,5
amazon-sports-and-outdoors,test,43627,4,0.7557568931842759,4,4,4
amazon-sports-and-outdoors,test,43921,5,3.986542411731251,4,5,5
amazon-sports-and-outdoors,test,43926,6,6.7704955019553,2,2,3
amazon-sports-and-outdoors,test,44095,17,6.6244570499282105,9,13,13
amazon-sports-and-outdoors,test,44415,20,6.370820409569694,15,17,19
amazon-sports-and-outdoors,test,44452,3,3.074081500237317,3,3,3
amazon-sports-and-outdoors,test,44736,5,1.808461529006087,3,4,5
amazon-sports-and-outdoors,test,44800,15,4.069998676948491,6,6,6
amazon-sports-and-outdoors,test,45556,13,8.771432608368954,9,12,12
amazon-sports-and-outdoors,test,45865,7,2.0399684476667037,2,6,6
amazon-sports-and-outdoors,test,45957,5,0.07193633280521416,2,2,2
amazon-sports-and-outdoors,test,47020,4,3.8800598955066876,3,4,4
amazon-sports-and-outdoors,test,47174,6,4.641165300416623,4,4,6
amazon-sports-and-outdoors,test,48035,5,1.0849252356941586,1,5,5
amazon-sports-and-outdoors,test,48075,4,1.1502004469297078,2,4,4
amazon-sports-and-outdoors,test,48410,3,1.44566600179253,2,2,3
amazon-sports-and-outdoors,test,48767,3,1.2319206200815955,1,1,3
amazon-sports-and-outdoors,test,49428,12,4.123596009063366,8,11,11
amazon-sports-and-outdoors,test,49429,8,2.1172695494738654,6,6,6
amazon-sports-and-outdoors,test,49936,11,1.865088001429583,6,8,8
amazon-sports-and-outdoors,test,51050,4,2.004941022434645,2,2,2
amazon-sports-and-outdoors,test,51240,4,2.633726605217687,3,3,4
amazon-sports-and-outdoors,test,51818,5,2.5270561390184807,1,1,3
amazon-sports-and-outdoors,test,51856,4,5.261237908320329,2,3,3
amazon-sports-and-outdoors,test,52316,5,3.245940207852582,1,4,4
amazon-sports-and-outdoors,test,52943,8,2.977652325061463,3,4,5
amazon-sports-and-outdoors,test,53273,5,3.3290717240630023,4,4,4
amazon-sports-and-outdoors,test,53864,8,2.5955175120604537,3,8,8
amazon-sports-and-outdoors,test,54058,5,2.6047133148282353,2,4,5
amazon-sports-and-outdoors,test,54060,8,6.66723536293312,7,7,8
amazon-sports-and-outdoors,test,54106,3,1.268385426448844,1,3,3
amazon-sports-and-outdoors,test,54315,5,15.654549136163675,5,5,5
amazon-sports-and-outdoors,test,54340,4,2.579033955634554,4,4,4
amazon-sports-and-outdoors,test,54371,17,11.999428219697396,9,14,15
amazon-sports-and-outdoors,test,54500,4,2.8475393951473746,2,3,3
amazon-sports-and-outdoors,test,55679,5,1.5367586929837165,3,5,5
amazon-sports-and-outdoors,test,56147,5,3.0906004790213064,2,3,3
amazon-sports-and-outdoors,test,56284,7,0.5815111415872627,5,5,5
amazon-sports-and-outdoors,test,56637,6,2.464467079213777,5,5,5
amazon-sports-and-outdoors,test,57025,4,1.586547592911986,1,3,3
amazon-sports-and-outdoors,test,57130,8,69.9649255211878,4,7,8
amazon-sports-and-outdoors,test,57412,11,1.459073628675615,3,3,6
amazon-sports-and-outdoors,test,57597,8,2.433295271921451,5,5,5
amazon-sports-and-outdoors,test,57779,32,6.52423702157182,23,32,32
amazon-sports-and-outdoors,test,57876,69,127.8751935508046,43,65,69
amazon-sports-and-outdoors,test,58004,2,2.034539178251518,2,2,2
amazon-sports-and-outdoors,test,58349,9,19.603768145862926,9,9,9
amazon-sports-and-outdoors,test,58752,3,0.06112048584671925,1,1,1
amazon-sports-and-outdoors,test,59199,6,1.660552036303159,5,6,6
amazon-sports-and-outdoors,test,59509,5,1.764543091893395,5,5,5
amazon-sports-and-outdoors,test,59916,13,6.297380212621384,8,9,9
amazon-sports-and-outdoors,test,59965,5,1.4112130003226344,4,4,4
amazon-sports-and-outdoors,test,59997,7,3.5256379229650947,7,7,7
amazon-sports-and-outdoors,test,60223,4,2.3544671757000506,3,3,4
amazon-sports-and-outdoors,test,60432,4,4.971715775756912,3,4,4
amazon-sports-and-outdoors,test,60559,4,0.6707349068702588,4,4,4
amazon-sports-and-outdoors,test,60630,6,4.96700394126603,3,5,5
amazon-sports-and-outdoors,test,60682,4,2.495906933305383,2,2,2
amazon-sports-and-outdoors,test,61279,6,0.5100793130388775,6,6,6
amazon-sports-and-outdoors,test,61805,4,0.8478759075492315,3,3,3
amazon-sports-and-outdoors,test,61974,5,2.003006142210458,2,5,5
amazon-sports-and-outdoors,test,61992,5,9.300250348837531,2,5,5
amazon-sports-and-outdoors,test,61996,6,3.1006753642654226,3,6,6
amazon-sports-and-outdoors,test,62776,10,1.663886099671907,6,9,9
amazon-sports-and-outdoors,test,62891,17,9.554983892740042,17,17,17
amazon-sports-and-outdoors,test,63688,5,11.077866009114913,1,3,3
amazon-sports-and-outdoors,test,64366,5,0.1715343551273797,1,1,1
amazon-sports-and-outdoors,test,64719,7,15.403916258902015,5,5,6
amazon-sports-and-outdoors,test,66014,5,2.9245930691398168,5,5,5
amazon-sports-and-outdoors,test,66702,2,2.677540096985888,1,1,1
amazon-sports-and-outdoors,test,67390,3,1.0443832894761362,2,3,3
amazon-sports-and-outdoors,test,67651,3,0.5578344673554552,3,3,3
amazon-sports-and-outdoors,test,67671,6,1.3921843210333598,6,6,6
amazon-sports-and-outdoors,test,67963,4,1.5320198952053328,4,4,4
amazon-sports-and-outdoors,test,68491,8,11.62801065261333,5,8,8
amazon-sports-and-outdoors,test,68591,6,5.697629860942131,3,6,6
amazon-sports-and-outdoors,test,68838,4,1.5841785244552393,3,3,3
amazon-sports-and-outdoors,test,68929,6,0.745186755791787,6,6,6
amazon-sports-and-outdoors,test,68983,52,45.708758032647516,28,45,50
amazon-sports-and-outdoors,test,69184,6,1.5417636871396883,5,5,5
amazon-sports-and-outdoors,test,69597,5,4.687827384205567,4,4,4
amazon-sports-and-outdoors,test,69745,11,2.3726005152367025,7,9,11
amazon-sports-and-outdoors,test,70575,4,3.4398585854874333,3,3,3
amazon-sports-and-outdoors,test,70633,5,2.7165156612422434,4,5,5
amazon-sports-and-outdoors,test,71686,5,0.3825441527137161,3,3,3
amazon-sports-and-outdoors,test,71866,8,8.471023387611929,5,6,7
amazon-sports-and-outdoors,test,74067,3,3.783319585140744,3,3,3
amazon-sports-and-outdoors,test,74103,5,11.52556350957851,4,4,4
amazon-sports-and-outdoors,test,74240,6,0.5895395926138041,3,4,4
amazon-sports-and-outdoors,test,74744,5,3.0856114777956662,5,5,5
amazon-sports-and-outdoors,test,75145,5,1.1332386886695904,2,4,4
amazon-sports-and-outdoors,test,75286,5,0.22101819982254456,3,3,3
amazon-sports-and-outdoors,test,75609,4,16.034998611522866,2,4,4
amazon-sports-and-outdoors,test,75886,4,0.492214416820439,3,3,3
amazon-sports-and-outdoors,test,76599,11,5.005604927302879,1,6,6
amazon-sports-and-outdoors,test,76753,6,1.801059577895021,6,6,6
amazon-sports-and-outdoors,test,76888,7,1.804072064408421,6,6,7
amazon-sports-and-outdoors,test,77912,3,1.7702844217095173,3,3,3
amazon-sports-and-outdoors,test,78133,20,22.350753247192678,13,18,18
amazon-sports-and-outdoors,test,78236,6,2.058875395643288,4,4,4
amazon-sports-and-outdoors,test,78456,4,2.506900420746241,2,3,3
amazon-sports-and-outdoors,test,78787,6,3.8968917277294803,4,5,5
amazon-sports-and-outdoors,test,78795,6,2.2516084460118986,6,6,6
amazon-sports-and-outdoors,test,78920,5,2.1123167636441833,3,3,3
amazon-sports-and-outdoors,test,78962,11,2.373430958057152,8,8,8
amazon-sports-and-outdoors,test,79171,5,0.9372523326217581,2,2,2
amazon-sports-and-outdoors,test,79228,5,4.666367250813955,4,4,5
amazon-sports-and-outdoors,test,79863,13,9.319698280812858,6,8,8
amazon-sports-and-outdoors,test,80003,11,4.060687354997983,8,11,11
amazon-sports-and-outdoors,test,80161,6,3.492576174261084,2,4,4
amazon-sports-and-outdoors,test,80794,7,3.0902652883492294,5,6,6
amazon-sports-and-outdoors,test,80923,7,23.76280395984955,2,6,7
amazon-sports-and-outdoors,test,81235,2,1.2438399792329817,2,2,2
amazon-sports-and-outdoors,test,81370,17,17.694991291783346,9,15,15
amazon-sports-and-outdoors,test,81577,7,4.712531306821989,2,3,7
amazon-sports-and-outdoors,test,81992,5,5.113165049816656,3,5,5
amazon-sports-and-outdoors,test,82208,4,2.1850395256681905,3,4,4
amazon-sports-and-outdoors,test,82932,6,3.735386261649892,1,3,5
amazon-sports-and-outdoors,test,83235,4,4.728284475371747,3,4,4
amazon-sports-and-outdoors,test,83310,5,2.6098371324913825,1,4,4
amazon-sports-and-outdoors,test,84096,7,4.784959058759216,6,7,7
amazon-sports-and-outdoors,test,84332,7,0.17633078032414895,2,2,2
amazon-sports-and-outdoors,test,84863,4,5.707548253380358,2,2,3
amazon-sports-and-outdoors,test,84876,8,14.181375029854573,6,7,7
amazon-sports-and-outdoors,test,85243,27,40.060313437643366,18,26,27
amazon-sports-and-outdoors,test,85542,10,8.30874550264921,4,8,9
amazon-sports-and-outdoors,test,85594,6,5.391623511087925,3,5,6
amazon-sports-and-outdoors,test,86405,15,4.685919202922927,8,13,13
amazon-sports-and-outdoors,test,86456,4,1.317876408484818,4,4,4
amazon-sports-and-outdoors,test,87379,6,3.8896656988520646,4,5,6
amazon-sports-and-outdoors,test,87505,2,0.837755422627723,1,1,1
amazon-sports-and-outdoors,test,87786,3,2.766453123597727,2,2,2
amazon-sports-and-outdoors,test,87846,21,5.7378315939149145,10,18,19
amazon-sports-and-outdoors,test,87987,4,4.402453764901017,3,4,4
amazon-sports-and-outdoors,test,88578,5,2.697774986871919,2,4,4
amazon-sports-and-outdoors,test,89079,3,3.649615515415797,2,2,2
amazon-sports-and-outdoors,test,89172,3,0.5488274076001841,3,3,3
amazon-sports-and-outdoors,test,89216,4,3.31047260695206,1,3,3
amazon-sports-and-outdoors,test,89733,6,4.88134236991172,6,6,6
amazon-sports-and-outdoors,test,90042,3,1.646130113987298,2,2,2
amazon-sports-and-outdoors,test,90264,6,0.6474375690851635,3,4,6
amazon-sports-and-outdoors,test,90628,8,40.92018087078995,7,8,8
amazon-sports-and-outdoors,test,91874,6,19.28260393455164,6,6,6
amazon-sports-and-outdoors,test,92022,5,17.076244114502508,4,5,5
amazon-sports-and-outdoors,test,92997,16,10.473423781064449,6,7,16
amazon-sports-and-outdoors,test,93346,5,1.6028052657185723,5,5,5
amazon-sports-and-outdoors,test,93356,5,1.5881524372102358,5,5,5
amazon-sports-and-outdoors,test,93710,8,1.4937451120780594,4,6,7
amazon-sports-and-outdoors,test,93823,4,6.8243419801336085,4,4,4
amazon-sports-and-outdoors,test,94234,2,0.0615378881110803,1,1,1
amazon-sports-and-outdoors,test,94310,4,1.9690992794854452,1,2,2
amazon-sports-and-outdoors,test,95178,11,16.65002115428512,5,8,9
amazon-sports-and-outdoors,test,95186,4,1.8315180476253603,4,4,4
amazon-sports-and-outdoors,test,95702,27,26.317705112305397,27,27,27
amazon-sports-and-outdoors,test,96277,4,2.0684632234636644,3,3,3
amazon-sports-and-outdoors,test,96797,6,2.834848938842638,5,6,6
amazon-sports-and-outdoors,test,96970,4,2.441044970137498,2,2,2
amazon-sports-and-outdoors,test,97001,12,5.393781763644844,5,10,12
amazon-sports-and-outdoors,test,97076,7,0.5448180724870976,3,7,7
amazon-sports-and-outdoors,test,97542,6,0.34190426631903403,6,6,6
amazon-sports-and-outdoors,test,97859,5,4.873844989910576,4,5,5
amazon-sports-and-outdoors,test,98156,5,2.940092994263825,1,4,4
amazon-sports-and-outdoors,test,98474,6,1.3323727441872637,4,6,6
amazon-sports-and-outdoors,test,98553,4,1.5707530542201311,2,4,4
amazon-sports-and-outdoors,test,98856,5,1.3627327450490314,4,4,5
amazon-sports-and-outdoors,test,99496,5,3.4635364492760425,3,4,4
amazon-sports-and-outdoors,test,99858,2,2.2935753491051822,2,2,2
amazon-sports-and-outdoors,test,100019,9,1.5729229379991099,7,8,8
amazon-sports-and-outdoors,test,100028,5,7.111947472343795,5,5,5
amazon-sports-and-outdoors,test,100130,7,12.8067574228014,1,3,6
amazon-sports-and-outdoors,test,100344,4,5.865097121365061,3,4,4
amazon-sports-and-outdoors,test,100541,4,2.408261049033135,2,4,4
amazon-sports-and-outdoors,test,102083,15,26.25890135441616,8,13,13
amazon-sports-and-outdoors,test,103089,4,3.8075854865082452,3,3,4
amazon-sports-and-outdoors,test,103884,4,3.608163293898644,3,3,3
amazon-sports-and-outdoors,test,104024,5,4.002685754911911,3,5,5
amazon-sports-and-outdoors,test,104225,4,0.0489667840054307,4,4,4
amazon-sports-and-outdoors,test,104593,6,0.6344733825430953,6,6,6
amazon-sports-and-outdoors,test,104647,5,5.997559822481117,4,5,5
amazon-sports-and-outdoors,test,104679,7,3.5537381624228788,6,6,7
amazon-sports-and-outdoors,test,104794,6,2.7105188410597467,3,3,3
amazon-sports-and-outdoors,test,105689,5,3.0350608649954802,3,3,3
amazon-sports-and-outdoors,test,106002,4,0.9366551751073873,1,4,4
amazon-sports-and-outdoors,test,106013,3,2.3497328718029173,1,3,3
amazon-sports-and-outdoors,test,106086,8,2.609338443845583,8,8,8
amazon-sports-and-outdoors,test,106678,2,1.8432424516342727,2,2,2
amazon-sports-and-outdoors,test,106690,6,5.699495350352896,3,4,6
amazon-sports-and-outdoors,test,106902,7,3.0425521650396394,3,6,6
amazon-sports-and-outdoors,test,107770,12,3.804114359761365,8,8,8
amazon-sports-and-outdoors,test,108550,4,0.35957896562220504,3,3,3
amazon-sports-and-outdoors,test,108775,34,11.733828999623706,19,33,34
amazon-sports-and-outdoors,test,108853,8,6.948038308487237,4,7,7
amazon-sports-and-outdoors,test,108877,4,0.18070689545104227,4,4,4
amazon-sports-and-outdoors,test,108961,5,20.61182990447991,5,5,5
amazon-sports-and-outdoors,test,109192,10,8.848744812706263,5,10,10
amazon-sports-and-outdoors,test,110374,4,4.867235283629332,3,4,4
amazon-sports-and-outdoors,test,110390,4,2.265085728054362,4,4,4
amazon-sports-and-outdoors,test,111310,3,2.6235236443579386,2,3,3
amazon-sports-and-outdoors,test,111884,8,35.90915698356416,6,6,7
amazon-sports-and-outdoors,test,112014,4,2.407734868407922,2,4,4
amazon-sports-and-outdoors,test,112339,8,5.601176498111315,2,7,7
amazon-sports-and-outdoors,test,112771,19,35.40163349939987,17,19,19
amazon-sports-and-outdoors,test,112826,5,1.7649975025915818,5,5,5
amazon-sports-and-outdoors,test,113184,17,10.964534817864976,10,13,13
amazon-sports-and-outdoors,test,113474,4,0.3021167634591413,2,4,4
amazon-sports-and-outdoors,test,113926,3,0.3976804699753882,1,1,1
amazon-sports-and-outdoors,test,114039,7,1.932722103802577,2,5,5
amazon-sports-and-outdoors,test,114264,7,1.3268789743588387,2,2,2
amazon-sports-and-outdoors,test,114291,7,11.079869883633588,6,7,7
amazon-sports-and-outdoors,test,114441,9,12.67421237792008,5,7,7
amazon-sports-and-outdoors,test,114634,4,2.4367768403335885,3,4,4
amazon-sports-and-outdoors,test,114917,4,2.190929946603439,1,4,4
amazon-sports-and-outdoors,test,115530,4,1.665825473777344,4,4,4
amazon-sports-and-outdoors,test,116279,4,11.143200962536493,2,3,4
amazon-sports-and-outdoors,test,116697,4,3.457836225256062,4,4,4
amazon-sports-and-outdoors,test,116736,5,1.2754681798181642,1,3,4
amazon-sports-and-outdoors,test,116931,3,34.99801396883335,2,3,3
amazon-sports-and-outdoors,test,117008,4,0.7807509354872947,1,2,2
amazon-sports-and-outdoors,test,118079,9,3.336783224288423,4,6,6
amazon-sports-and-outdoors,test,118116,4,0.7859823419544921,2,2,2
amazon-sports-and-outdoors,test,118247,5,2.5101858444591043,1,1,2
amazon-sports-and-outdoors,test,118585,4,0.6364395877630556,2,2,2
amazon-sports-and-outdoors,test,118647,3,1.393824058997788,3,3,3
amazon-sports-and-outdoors,test,118656,44,18.8083691400945,18,34,39
amazon-sports-and-outdoors,test,118810,4,0.8886249688236987,4,4,4
amazon-sports-and-outdoors,test,118927,4,2.5364877383789226,1,1,1
amazon-sports-and-outdoors,test,119580,5,4.252378750127382,3,4,4
amazon-sports-and-outdoors,test,119635,5,3.540291808857255,3,4,5
amazon-sports-and-outdoors,test,120271,8,3.4295315142013916,3,8,8
amazon-sports-and-outdoors,test,120688,6,5.0780683659441515,3,4,6
amazon-sports-and-outdoors,test,120804,10,6.685913255138918,7,10,10
amazon-sports-and-outdoors,test,120997,5,4.358522374836485,3,4,4
amazon-sports-and-outdoors,test,121426,10,1.2767809218351478,8,8,8
amazon-sports-and-outdoors,test,121511,11,8.858040670418353,7,9,9
amazon-sports-and-outdoors,test,121784,4,1.3203954932715365,1,1,1
amazon-sports-and-outdoors,test,121974,4,25.90840439062772,3,4,4
amazon-sports-and-outdoors,test,122371,6,3.2053915208126837,6,6,6
amazon-sports-and-outdoors,test,122411,23,3.0352137891309665,9,16,23
amazon-sports-and-outdoors,test,123112,6,3.5581906735310262,6,6,6
amazon-sports-and-outdoors,test,123118,26,34.1659306173813,14,24,25
amazon-sports-and-outdoors,test,124098,4,0.8740164182629748,3,3,3
amazon-sports-and-outdoors,test,124204,7,3.208538691590613,2,5,6
amazon-sports-and-outdoors,test,124269,8,4.866628477487572,6,7,8
amazon-sports-and-outdoors,test,124609,3,4.908542511389676,2,3,3
amazon-sports-and-outdoors,test,124677,4,9.955168511955641,4,4,4
amazon-sports-and-outdoors,test,124766,5,1.0259853396376317,5,5,5
amazon-sports-and-outdoors,test,124887,7,2.9545003775521113,6,7,7
amazon-sports-and-outdoors,test,125011,4,2.530825844522547,3,3,3
amazon-sports-and-outdoors,test,125166,10,5.939042351262113,9,10,10
amazon-sports-and-outdoors,test,125727,3,0.8675794620639103,1,3,3
amazon-sports-and-outdoors,test,125915,5,3.6570831564969035,2,4,5
amazon-sports-and-outdoors,test,126316,2,0.54896618922703,1,1,1
amazon-sports-and-outdoors,test,126998,6,2.444293649762492,2,4,4
amazon-sports-and-outdoors,test,127924,4,1.9861554092518174,3,4,4
amazon-sports-and-outdoors,test,129073,5,1.1965408216903262,1,1,1
amazon-sports-and-outdoors,test,129161,3,1.2625650571919085,2,2,2
amazon-sports-and-outdoors,test,129255,5,4.1183864111375295,2,5,5
amazon-sports-and-outdoors,test,129670,13,4.915775545434924,10,11,11
amazon-sports-and-outdoors,test,129857,3,0.15720521824203854,2,3,3
amazon-sports-and-outdoors,test,130048,5,5.21868309982113,5,5,5
amazon-sports-and-outdoors,test,131023,6,2.932475336852747,2,3,3
amazon-sports-and-outdoors,test,132515,7,3.1828440003314897,6,7,7
amazon-sports-and-outdoors,test,132540,6,3.7881259233108593,5,6,6
amazon-sports-and-outdoors,test,132651,6,5.563596283983159,5,6,6
amazon-sports-and-outdoors,test,132910,13,0.9952507605563583,7,13,13
amazon-sports-and-outdoors,test,133811,6,20.161638035576473,3,6,6
amazon-sports-and-outdoors,test,134092,4,3.1045304535132434,2,4,4
amazon-sports-and-outdoors,test,134334,6,3.987022992679071,3,6,6
amazon-sports-and-outdoors,test,134642,27,8.90803457063542,18,24,27
amazon-sports-and-outdoors,test,135018,10,1.2846639825859456,4,6,8
amazon-sports-and-outdoors,test,135170,4,3.5988983646633956,4,4,4
amazon-sports-and-outdoors,test,135834,5,11.645645832196095,2,3,3
amazon-sports-and-outdoors,test,135925,11,16.709307343543873,6,9,11
amazon-sports-and-outdoors,test,136389,15,2.3522676851740116,11,14,14
amazon-sports-and-outdoors,test,136438,10,3.356441046952732,6,6,7
amazon-sports-and-outdoors,test,136474,4,0.07052327149796789,1,1,1
amazon-sports-and-outdoors,test,136569,16,3.730938640941929,14,16,16
amazon-sports-and-outdoors,test,137136,43,34.80133026815386,14,33,41
amazon-sports-and-outdoors,test,137794,15,2.60756375727067,11,15,15
amazon-sports-and-outdoors,test,137973,8,3.6544572759440026,6,8,8
amazon-sports-and-outdoors,test,138363,4,1.4608767324407868,3,3,3
amazon-sports-and-outdoors,test,139458,10,3.456691342921073,9,9,9
amazon-sports-and-outdoors,test,139718,4,2.0176534194537212,2,4,4
amazon-sports-and-outdoors,test,139819,8,4.659099587448483,7,8,8
amazon-sports-and-outdoors,test,141048,4,3.1207623525891295,4,4,4
amazon-sports-and-outdoors,test,141186,5,11.440147515617229,1,5,5
amazon-sports-and-outdoors,test,141782,5,5.717508015960681,5,5,5
amazon-sports-and-outdoors,test,141791,7,2.2247709871854333,4,5,5
amazon-sports-and-outdoors,test,142271,4,2.8544523062400318,3,3,4
amazon-sports-and-outdoors,test,142320,3,1.1857066026878962,2,2,2
amazon-sports-and-outdoors,test,142353,12,8.430518185481777,9,11,12
amazon-sports-and-outdoors,test,142652,5,7.340943765288284,2,4,5
amazon-sports-and-outdoors,test,143872,4,0.3476548482436128,1,1,1
amazon-sports-and-outdoors,test,144098,5,29.195532341868578,5,5,5
amazon-sports-and-outdoors,test,144316,3,1.4825706798303904,3,3,3
amazon-sports-and-outdoors,test,144347,7,3.2847345629561704,6,6,6
amazon-sports-and-outdoors,test,144501,5,5.735246026120288,2,4,4
amazon-sports-and-outdoors,test,144633,4,5.057407218204237,4,4,4
amazon-sports-and-outdoors,test,145511,6,3.9001705427934468,5,5,5
amazon-sports-and-outdoors,test,146038,4,3.4817180319496455,1,4,4
amazon-sports-and-outdoors,test,146460,3,1.3668248204463138,3,3,3
amazon-sports-and-outdoors,test,146744,9,4.427001723403459,7,9,9
amazon-sports-and-outdoors,test,146777,3,1.0465601784229464,3,3,3
amazon-sports-and-outdoors,test,146960,27,28.21022574748115,27,27,27
amazon-sports-and-outdoors,test,147048,5,6.052463684483011,1,4,5
amazon-sports-and-outdoors,test,147135,5,6.405165425716605,4,5,5
amazon-sports-and-outdoors,test,147547,6,2.471859249524475,4,5,5
amazon-sports-and-outdoors,test,147833,4,2.8128281276785683,1,4,4
amazon-sports-and-outdoors,test,148160,5,0.8857773020138007,1,1,5
amazon-sports-and-outdoors,test,148302,5,3.205819364742303,5,5,5
amazon-sports-and-outdoors,test,148699,4,2.3492443604764204,3,3,4
amazon-sports-and-outdoors,test,148892,9,6.101332528311782,9,9,9
amazon-sports-and-outdoors,test,149475,10,8.068596718171392,6,8,9
amazon-sports-and-outdoors,test,149503,9,5.21817225126136,6,6,6
amazon-sports-and-outdoors,test,150085,6,4.454412284262309,2,5,5
amazon-sports-and-outdoors,test,150335,9,4.103397598919248,4,9,9
amazon-sports-and-outdoors,test,150507,3,0.2889237854922445,3,3,3
amazon-sports-and-outdoors,test,150641,4,1.4592005147344453,4,4,4
amazon-sports-and-outdoors,test,150879,3,2.0070333206755677,2,3,3
amazon-sports-and-outdoors,test,150926,16,7.749667155398281,11,13,14
amazon-sports-and-outdoors,test,151028,15,9.650778108929831,10,15,15
amazon-sports-and-outdoors,test,151481,15,5.441840122772836,8,12,12
amazon-sports-and-outdoors,test,152049,5,5.137201763240395,5,5,5
amazon-sports-and-outdoors,test,153757,6,4.649318522734347,3,5,5
amazon-sports-and-outdoors,test,153770,13,0.6282730159745583,12,12,12
amazon-sports-and-outdoors,test,154206,2,4.252764430877035,1,2,2
amazon-sports-and-outdoors,test,154445,6,4.399700998289285,2,3,3
amazon-sports-and-outdoors,test,154628,2,0.2884474340797185,2,2,2
amazon-sports-and-outdoors,test,154884,4,0.5881336686473669,1,1,1
amazon-sports-and-outdoors,test,156734,7,2.2186172776781117,4,5,5
amazon-sports-and-outdoors,test,156748,11,6.597332247047685,7,11,11
amazon-sports-and-outdoors,test,157384,15,5.019927191193367,5,12,15
amazon-sports-and-outdoors,test,157504,5,2.1623425175489364,2,3,4
amazon-sports-and-outdoors,test,157551,3,3.3483137305386856,2,3,3
amazon-sports-and-outdoors,test,158823,6,5.382325538608189,6,6,6
amazon-sports-and-outdoors,test,158861,4,2.5976086207445754,4,4,4
amazon-sports-and-outdoors,test,158901,6,2.036618920059536,2,3,3
amazon-sports-and-outdoors,test,159019,5,2.506494517530961,3,5,5
amazon-sports-and-outdoors,test,159314,3,3.723946690408458,3,3,3
amazon-sports-and-outdoors,test,159745,32,8.686612978884177,16,26,32
amazon-sports-and-outdoors,test,159790,5,1.9443858404146106,2,2,4
amazon-sports-and-outdoors,test,159932,4,2.1620438066187733,2,4,4
amazon-sports-and-outdoors,test,160450,5,1.2176747521723619,5,5,5
amazon-sports-and-outdoors,test,160747,4,2.8397577110706633,2,3,4
amazon-sports-and-outdoors,test,161009,6,6.026525530598507,5,6,6
amazon-sports-and-outdoors,test,161935,3,0.8922794194909939,2,3,3
amazon-sports-and-outdoors,test,162081,6,1.617488494011837,1,1,4
amazon-sports-and-outdoors,test,162754,6,2.569432117478515,4,6,6
amazon-sports-and-outdoors,test,162843,6,5.929145503019294,4,5,5
amazon-sports-and-outdoors,test,163165,3,5.400643391622057,3,3,3
amazon-sports-and-outdoors,test,163975,8,2.0080839636772794,7,7,7
amazon-sports-and-outdoors,test,164386,5,0.5490267244509304,4,4,4
amazon-sports-and-outdoors,test,164953,14,0.6373486735053847,9,9,9
amazon-sports-and-outdoors,test,165196,6,5.832556398540124,5,6,6
amazon-sports-and-outdoors,test,165886,5,2.514685409147401,2,4,5
amazon-sports-and-outdoors,test,166490,7,16.878111269292795,5,7,7
amazon-sports-and-outdoors,test,166522,5,1.1313915713027618,1,5,5
amazon-sports-and-outdoors,test,166986,4,1.2378232009308148,3,3,3
amazon-sports-and-outdoors,test,167250,4,0.27756127109695505,3,3,3
amazon-sports-and-outdoors,test,168259,2,1.6401751926388108,2,2,2
amazon-sports-and-outdoors,test,168277,16,29.502147480459215,11,15,15
amazon-sports-and-outdoors,test,168353,4,3.3107785873960114,1,4,4
amazon-sports-and-outdoors,test,168393,3,2.623748338420451,3,3,3
amazon-sports-and-outdoors,test,168646,5,3.070486659583076,3,3,4
amazon-sports-and-outdoors,test,170197,12,1.8391442962800046,6,6,11
amazon-sports-and-outdoors,test,171278,5,0.5389310880492761,1,1,1
amazon-sports-and-outdoors,test,171283,8,1.038508597125264,1,7,7
amazon-sports-and-outdoors,test,171447,5,2.4777690998874813,5,5,5
amazon-sports-and-outdoors,test,171910,4,3.611775449212996,3,4,4
amazon-sports-and-outdoors,test,172095,4,0.5816890464155812,4,4,4
amazon-sports-and-outdoors,test,172534,12,4.010221993768573,12,12,12
amazon-sports-and-outdoors,test,173209,2,0.17741618481906113,1,1,1
amazon-sports-and-outdoors,test,173421,3,2.914399360388525,2,3,3
amazon-sports-and-outdoors,test,173480,3,1.473309847957458,2,2,2
amazon-sports-and-outdoors,test,173511,14,20.572116286314696,10,13,13
amazon-sports-and-outdoors,test,174193,3,1.0978411790992757,3,3,3
amazon-sports-and-outdoors,test,174468,7,2.460228688329906,3,5,5
amazon-sports-and-outdoors,test,174667,4,6.898730121679765,3,4,4
amazon-sports-and-outdoors,test,175036,5,2.490300684272724,3,4,4
amazon-sports-and-outdoors,test,175434,4,4.178072423654575,1,1,4
amazon-sports-and-outdoors,test,175947,5,0.8167046289488165,4,4,4
amazon-sports-and-outdoors,test,175990,5,0.8571414976493696,1,4,4
amazon-sports-and-outdoors,test,176033,4,3.3903579548240694,3,3,3
amazon-sports-and-outdoors,test,176170,5,4.5282615565773705,5,5,5
amazon-sports-and-outdoors,test,176667,4,4.637665359960549,2,3,3
amazon-sports-and-outdoors,test,176703,6,4.376967246082161,2,3,4
amazon-sports-and-outdoors,test,177047,4,2.0857501272495345,3,4,4
amazon-sports-and-outdoors,test,177179,9,6.06239674812179,3,7,9
amazon-sports-and-outdoors,test,177832,4,0.4946215510948351,1,1,1
amazon-sports-and-outdoors,test,178144,2,1.431284788753877,1,1,1
amazon-sports-and-outdoors,test,178345,4,6.845467319372077,1,4,4
amazon-sports-and-outdoors,test,178407,7,2.030057192569288,6,6,6
amazon-sports-and-outdoors,test,178563,5,1.751297509081275,4,4,4
amazon-sports-and-outdoors,test,178579,6,0.22990352826512525,5,5,5
amazon-sports-and-outdoors,test,178723,7,3.7458753770068975,4,5,7
amazon-sports-and-outdoors,test,179081,6,2.8689330455310795,4,5,6
amazon-sports-and-outdoors,test,179115,6,6.917968030793132,5,6,6
amazon-sports-and-outdoors,test,179443,4,2.946610840325394,3,4,4
amazon-sports-and-outdoors,test,179674,4,1.2178590013036223,4,4,4
amazon-sports-and-outdoors,test,179686,5,2.488017528251644,4,4,4
amazon-sports-and-outdoors,test,179822,2,2.525305640098532,2,2,2
amazon-sports-and-outdoors,test,179957,16,8.946011832389331,13,16,16
amazon-sports-and-outdoors,test,180343,8,1.7881879124375168,3,7,7
amazon-sports-and-outdoors,test,180628,4,3.218625868921679,3,4,4
amazon-sports-and-outdoors,test,180859,4,0.911889924229197,1,2,2
amazon-sports-and-outdoors,test,181598,11,13.039933818346482,4,5,8
amazon-sports-and-outdoors,test,181707,11,4.099128147385559,9,10,10
amazon-sports-and-outdoors,test,181778,4,2.41290891180269,1,2,2
amazon-sports-and-outdoors,test,181919,17,14.638326753542204,11,17,17
amazon-sports-and-outdoors,test,182809,5,3.3316518727655335,3,5,5
amazon-sports-and-outdoors,test,182831,5,3.6026618580374983,3,4,4
amazon-sports-and-outdoors,test,182852,4,4.067779492648737,2,2,4
amazon-sports-and-outdoors,test,182905,7,3.440889006023519,4,7,7
amazon-sports-and-outdoors,test,183039,4,9.433784179766882,2,4,4
amazon-sports-and-outdoors,test,183215,9,7.277339484839958,4,9,9
amazon-sports-and-outdoors,test,183741,11,0.6898899435264516,1,10,10
amazon-sports-and-outdoors,test,183874,5,4.360323363834011,3,5,5
amazon-sports-and-outdoors,test,184359,4,10.92341395400354,4,4,4
amazon-sports-and-outdoors,test,184971,3,1.2097449021873703,1,1,2
amazon-sports-and-outdoors,test,185720,4,2.525720398903334,3,4,4
amazon-sports-and-outdoors,test,186256,9,23.10950359398153,9,9,9
amazon-sports-and-outdoors,test,186348,9,6.103173433548648,5,9,9
amazon-sports-and-outdoors,test,186367,10,11.400007903944083,6,8,10
amazon-sports-and-outdoors,test,186981,6,1.6331969880950479,3,6,6
amazon-sports-and-outdoors,test,187291,12,4.302193423786351,5,11,12
amazon-sports-and-outdoors,test,188260,3,1.708994622278046,2,2,3
amazon-sports-and-outdoors,test,188902,3,0.8271562071800855,1,1,1
amazon-sports-and-outdoors,test,189759,3,3.674883552302103,2,3,3
amazon-sports-and-outdoors,test,189938,15,7.380983454190101,12,14,14
amazon-sports-and-outdoors,test,189984,4,2.72285652768634,3,4,4
amazon-sports-and-outdoors,test,190274,2,20.2599110237947,2,2,2
amazon-sports-and-outdoors,test,190400,7,3.8337619482719902,6,6,6
amazon-sports-and-outdoors,test,192057,4,2.1769621706398086,4,4,4
amazon-sports-and-outdoors,test,192112,4,0.43293919791885715,1,1,1
amazon-sports-and-outdoors,test,192137,4,10.746526461096272,3,3,3
amazon-sports-and-outdoors,test,193390,19,3.0313210305844307,6,11,12
amazon-sports-and-outdoors,test,193595,7,3.5428177666388265,7,7,7
amazon-sports-and-outdoors,test,194036,5,3.2080787296273527,3,5,5
amazon-sports-and-outdoors,test,194513,4,2.884045836002677,3,3,3
amazon-sports-and-outdoors,test,194763,3,2.754938213758863,1,3,3
amazon-sports-and-outdoors,test,195368,4,11.465042560359766,3,3,3
amazon-sports-and-outdoors,test,195598,9,1.9163626578029707,6,6,6
amazon-sports-and-outdoors,test,195605,6,1.1905714934872424,5,5,5
amazon-sports-and-outdoors,test,195625,6,20.320745222971187,5,5,5
amazon-sports-and-outdoors,test,195628,11,2.017079920902403,5,8,10
amazon-sports-and-outdoors,test,195880,4,0.20123177285069221,2,2,2
amazon-sports-and-outdoors,test,196802,4,2.418748049622494,3,3,3
amazon-sports-and-outdoors,test,197630,8,17.978363944374735,5,6,7
amazon-sports-and-outdoors,test,197763,5,3.3756353389833755,2,4,4
amazon-sports-and-outdoors,test,197945,7,2.425119051505562,7,7,7
amazon-sports-and-outdoors,test,198218,10,1.9941670743101594,9,10,10
amazon-sports-and-outdoors,test,198469,4,0.4315508529584872,2,2,2
amazon-sports-and-outdoors,test,199320,4,1.6607304698233891,1,1,2
amazon-sports-and-outdoors,test,199502,20,13.467685887745754,10,13,16
amazon-sports-and-outdoors,test,199650,3,0.6392031925589785,1,1,1
amazon-sports-and-outdoors,test,199714,4,0.6140964067057696,2,3,3
amazon-sports-and-outdoors,test,199838,6,9.445688206852825,4,6,6
amazon-sports-and-outdoors,test,199886,4,2.663714274800574,4,4,4
amazon-sports-and-outdoors,test,200314,3,4.748451428347113,3,3,3
amazon-sports-and-outdoors,test,200841,9,7.183000096618447,4,7,7
amazon-sports-and-outdoors,test,200887,6,4.649299225479567,3,5,6
amazon-sports-and-outdoors,test,200925,5,2.7301617281775474,3,5,5
amazon-sports-and-outdoors,test,200944,3,1.4473608558887623,1,2,2
amazon-sports-and-outdoors,test,201316,3,3.7539116262391383,1,2,2
amazon-sports-and-outdoors,test,201536,5,1.4148625605897454,3,4,4
amazon-sports-and-outdoors,test,201604,7,5.049480209938271,4,6,6
amazon-sports-and-outdoors,test,201727,5,1.3008168422210191,1,1,3
amazon-sports-and-outdoors,test,202111,2,3.283515399407574,1,2,2
amazon-sports-and-outdoors,test,202148,5,1.120436942717421,5,5,5
amazon-sports-and-outdoors,test,203068,6,1.1133802274247562,1,5,5
amazon-sports-and-outdoors,test,203219,4,0.9801419352740997,3,3,4
amazon-sports-and-outdoors,test,203320,5,0.19819496650934998,1,1,1
amazon-sports-and-outdoors,test,203508,10,9.540343885010566,5,8,10
amazon-sports-and-outdoors,test,203681,3,3.444756519531267,2,3,3
amazon-sports-and-outdoors,test,203990,5,1.6304643117759647,4,5,5
amazon-sports-and-outdoors,test,204260,5,0.697121788014898,4,4,4
amazon-sports-and-outdoors,test,204262,4,0.548136142925514,2,2,2
amazon-sports-and-outdoors,test,204277,7,17.86758197335049,7,7,7
amazon-sports-and-outdoors,test,204849,5,6.450881283156417,1,3,5
amazon-sports-and-outdoors,test,205410,8,0.5101978722000972,3,3,3
amazon-sports-and-outdoors,test,205580,6,2.5736974716498877,4,6,6
amazon-sports-and-outdoors,test,205963,10,2.8972392104885074,6,8,9
amazon-sports-and-outdoors,test,205968,9,1.7640416276150588,6,7,8
amazon-sports-and-outdoors,test,205982,3,1.3313903024421734,1,2,2
amazon-sports-and-outdoors,test,206082,2,1.5300510465258133,1,1,1
amazon-sports-and-outdoors,test,206187,4,0.7437828144200191,1,1,2
amazon-sports-and-outdoors,test,206270,8,7.429647694249008,3,7,7
amazon-sports-and-outdoors,test,206854,15,6.580464860293823,8,13,14
amazon-sports-and-outdoors,test,207317,8,1.72093473258697,1,5,5
amazon-sports-and-outdoors,test,207785,5,0.749158421606158,4,5,5
amazon-sports-and-outdoors,test,208169,4,1.9610261539923577,4,4,4
amazon-sports-and-outdoors,test,209524,59,55.79567934465466,39,57,58
amazon-sports-and-outdoors,test,209549,15,12.688324883294564,7,14,15
amazon-sports-and-outdoors,test,209996,5,2.8522878415531485,2,3,3
amazon-sports-and-outdoors,test,210675,5,2.037528137974843,5,5,5
amazon-sports-and-outdoors,test,211109,5,2.37225858374275,4,5,5
amazon-sports-and-outdoors,test,211212,28,19.662348002727523,12,24,28
amazon-sports-and-outdoors,test,211552,7,4.167673318095551,5,7,7
amazon-sports-and-outdoors,test,211563,3,15.3264356661908,3,3,3
amazon-sports-and-outdoors,test,212546,8,2.672980195333157,4,7,8
amazon-sports-and-outdoors,test,212731,4,3.794718447104969,1,2,2
amazon-sports-and-outdoors,test,212964,2,1.260199689578544,1,1,1
amazon-sports-and-outdoors,test,213030,5,0.8271472194175851,3,5,5
amazon-sports-and-outdoors,test,213060,4,0.5782822879089614,3,3,3
amazon-sports-and-outdoors,test,213111,5,3.75436828387795,3,4,4
amazon-sports-and-outdoors,test,213164,28,24.389354365402507,11,19,21
amazon-sports-and-outdoors,test,213277,4,0.7445010423821906,1,1,1
amazon-sports-and-outdoors,test,213560,3,1.5422133396106688,2,2,3
amazon-sports-and-outdoors,test,214289,8,12.408533193194732,5,7,7
amazon-sports-and-outdoors,test,214361,3,1.8541862420354218,2,3,3
amazon-sports-and-outdoors,test,214383,5,5.84193869737979,5,5,5
amazon-sports-and-outdoors,test,214959,8,0.6715249047594564,1,1,1
amazon-sports-and-outdoors,test,215223,7,6.9061479996346735,4,5,5
amazon-sports-and-outdoors,test,215737,5,15.662430214319805,3,5,5
amazon-sports-and-outdoors,test,217592,3,0.745416736773417,2,3,3
amazon-sports-and-outdoors,test,217634,5,1.2938145821952691,4,4,4
amazon-sports-and-outdoors,test,217732,7,4.976402893900917,5,7,7
amazon-sports-and-outdoors,test,217846,3,3.293573498683491,3,3,3
amazon-sports-and-outdoors,test,217878,4,0.997723320454839,4,4,4
amazon-sports-and-outdoors,test,218235,7,9.73733581307463,7,7,7
amazon-sports-and-outdoors,test,218280,5,4.917130054112938,2,4,4
amazon-sports-and-outdoors,test,218398,4,9.512923146832415,2,4,4
amazon-sports-and-outdoors,test,219246,11,3.4825501930188083,7,10,10
amazon-sports-and-outdoors,test,219317,5,1.9102782069360942,5,5,5
amazon-sports-and-outdoors,test,219465,4,8.060342515698514,3,3,4
amazon-sports-and-outdoors,test,219673,38,15.59885104673729,23,26,35
amazon-sports-and-outdoors,test,220845,34,90.32601337352625,16,27,30
amazon-sports-and-outdoors,test,220958,4,1.1117474946281598,1,1,1
amazon-sports-and-outdoors,test,222564,9,1.9664789501976185,4,4,8
amazon-sports-and-outdoors,test,222671,4,5.4096331367172175,3,4,4
amazon-sports-and-outdoors,test,222830,5,4.603605176581116,3,5,5
amazon-sports-and-outdoors,test,222933,5,2.296089411318739,1,1,1
amazon-sports-and-outdoors,test,223108,8,9.634617318916082,7,8,8
amazon-sports-and-outdoors,test,223121,6,2.199494359055561,1,1,6
amazon-sports-and-outdoors,test,224224,6,1.7530244812111486,3,3,3
amazon-sports-and-outdoors,test,224302,4,3.582586104416917,4,4,4
amazon-sports-and-outdoors,test,224314,8,2.800421446757486,6,8,8
amazon-sports-and-outdoors,test,224705,2,0.6667267613139738,1,1,1
amazon-sports-and-outdoors,test,224833,6,3.6211885443565253,3,3,5
amazon-sports-and-outdoors,test,225102,4,1.623123556753689,4,4,4
amazon-sports-and-outdoors,test,225504,5,3.325183855916651,1,2,3
amazon-sports-and-outdoors,test,225765,5,0.6236240958211795,4,4,4
amazon-sports-and-outdoors,test,225792,18,8.979124996381763,13,18,18
amazon-sports-and-outdoors,test,226101,7,4.578667836485637,7,7,7
amazon-sports-and-outdoors,test,226785,4,59.35826027582121,3,4,4
amazon-sports-and-outdoors,test,226891,6,0.5640616650385158,5,5,5
amazon-sports-and-outdoors,test,227418,8,19.17288291602139,3,3,4
amazon-sports-and-outdoors,test,227501,4,3.8871151568965945,3,3,4
amazon-sports-and-outdoors,test,228811,4,0.9757927834347079,3,3,3
amazon-sports-and-outdoors,test,228938,6,4.078291473930928,3,5,5
amazon-sports-and-outdoors,test,228962,4,3.1514205356891494,2,2,2
amazon-sports-and-outdoors,test,229066,8,1.2231675967899411,8,8,8
amazon-sports-and-outdoors,test,229146,5,1.6050606654142836,2,4,4
amazon-sports-and-outdoors,test,229382,7,4.954669030271973,6,7,7
amazon-sports-and-outdoors,test,229852,8,6.791765041912712,4,4,5
amazon-sports-and-outdoors,test,229941,4,0.6514151826835423,4,4,4
amazon-sports-and-outdoors,test,230573,27,5.930648045432611,3,8,24
amazon-sports-and-outdoors,test,231169,8,5.014478756696379,5,6,6
amazon-sports-and-outdoors,test,231333,5,2.6910817472686124,2,5,5
amazon-sports-and-outdoors,test,231719,6,3.0967202200732946,2,5,5
amazon-sports-and-outdoors,test,232154,6,2.3159412639146755,5,6,6
amazon-sports-and-outdoors,test,232434,18,8.839893188373061,10,18,18
amazon-sports-and-outdoors,test,232688,5,0.4437843872784566,1,4,4
amazon-sports-and-outdoors,test,233136,5,2.4789874703982093,4,5,5
amazon-sports-and-outdoors,test,233858,4,8.130424197277158,3,4,4
amazon-sports-and-outdoors,test,234146,48,40.71306634303673,34,45,48
amazon-sports-and-outdoors,test,234452,7,3.6515538321374104,6,7,7
amazon-sports-and-outdoors,test,234539,2,0.8600863115980599,1,1,1
amazon-sports-and-outdoors,test,234773,7,1.3592988910819324,6,6,7
amazon-sports-and-outdoors,test,235070,4,0.3963533211038083,1,4,4
amazon-sports-and-outdoors,test,235337,4,2.029788550991608,1,2,2
amazon-sports-and-outdoors,test,235728,6,4.622697298899805,5,6,6
amazon-sports-and-outdoors,test,235743,13,2.0166005295113845,6,6,9
amazon-sports-and-outdoors,test,235843,15,10.789147091738489,8,15,15
amazon-sports-and-outdoors,test,236413,5,2.407773198571528,4,5,5
amazon-sports-and-outdoors,test,237007,48,12.976479289882171,23,43,46
amazon-sports-and-outdoors,test,237153,5,0.6559126326041924,4,4,4
amazon-sports-and-outdoors,test,238324,8,11.886275065448755,4,8,8
amazon-sports-and-outdoors,test,238817,5,1.8928846395570194,5,5,5
amazon-sports-and-outdoors,test,238819,8,4.475751347206121,5,7,7
amazon-sports-and-outdoors,test,238910,7,2.2439992476714097,2,3,3
amazon-sports-and-outdoors,test,239360,6,2.4185008861537307,4,4,6
amazon-sports-and-outdoors,test,239526,4,4.185404058741373,3,3,3
amazon-sports-and-outdoors,test,239769,7,4.798096524075374,5,7,7
amazon-sports-and-outdoors,test,240068,4,6.863182860125435,4,4,4
amazon-sports-and-outdoors,test,240453,15,9.009525838693719,8,13,15
amazon-sports-and-outdoors,test,240651,6,3.0844732041095755,5,5,6
amazon-sports-and-outdoors,test,241019,4,1.6864094324981367,4,4,4
amazon-sports-and-outdoors,test,241040,19,43.73577670062675,15,17,19
amazon-sports-and-outdoors,test,241207,3,3.242433658747611,3,3,3
amazon-sports-and-outdoors,test,241337,6,3.6079395250469775,3,6,6
amazon-sports-and-outdoors,test,242513,6,1.15473702005183,4,4,4
amazon-sports-and-outdoors,test,242544,6,2.59739701180688,3,6,6
amazon-sports-and-outdoors,test,243035,4,4.625412660558776,2,4,4
amazon-sports-and-outdoors,test,243233,5,2.23715995692747,5,5,5
amazon-sports-and-outdoors,test,243314,6,3.4138641259143228,6,6,6
amazon-sports-and-outdoors,test,244113,7,0.17481105542369835,1,1,1
amazon-sports-and-outdoors,test,244360,5,3.107346266635456,2,3,3
amazon-sports-and-outdoors,test,245810,5,1.723591409443733,5,5,5
amazon-sports-and-outdoors,test,246040,6,0.015186146474358564,2,2,2
amazon-sports-and-outdoors,test,246260,4,1.683056336220564,2,4,4
amazon-sports-and-outdoors,test,246785,6,4.812726090139592,3,3,6
amazon-sports-and-outdoors,test,247282,12,5.338407365841453,7,12,12
amazon-sports-and-outdoors,test,247397,9,2.9780386666760066,6,6,7
amazon-sports-and-outdoors,test,247966,4,17.890717531410576,4,4,4
amazon-sports-and-outdoors,test,249695,6,7.952439139961006,5,6,6
amazon-sports-and-outdoors,test,249779,3,0.6288516692720163,2,3,3
amazon-sports-and-outdoors,test,250189,15,3.745213454733332,9,11,11
amazon-sports-and-outdoors,test,250517,4,2.112402279560916,2,4,4
amazon-sports-and-outdoors,test,251173,14,18.01515746493814,8,12,13
amazon-sports-and-outdoors,test,251201,4,2.002259232712072,3,3,4
amazon-sports-and-outdoors,test,251933,25,6.6438867420325805,14,18,23
amazon-sports-and-outdoors,test,251942,17,8.639822158614711,14,14,17
amazon-sports-and-outdoors,test,252052,4,2.222666793376495,3,4,4
amazon-sports-and-outdoors,test,252320,4,1.6295909127376818,1,2,2
amazon-sports-and-outdoors,test,252635,8,1.9513347025572696,2,6,6
amazon-sports-and-outdoors,test,253068,6,3.2880579203137046,3,6,6
amazon-sports-and-outdoors,test,253131,6,4.474958044992475,4,4,5
amazon-sports-and-outdoors,test,253175,3,0.08408805205183356,1,1,1
amazon-sports-and-outdoors,test,253521,3,0.7202113498786586,2,2,2
amazon-sports-and-outdoors,test,254220,2,0.6325334797457468,2,2,2
amazon-sports-and-outdoors,test,254862,10,2.7327291882741953,3,5,5
amazon-sports-and-outdoors,test,255070,5,2.398542898656501,3,4,4
amazon-sports-and-outdoors,test,255290,5,0.2715725134661134,1,1,2
amazon-sports-and-outdoors,test,255572,4,1.4921032593459844,3,3,3
amazon-sports-and-outdoors,test,255580,2,3.399892384761354,1,2,2
amazon-sports-and-outdoors,test,255900,20,4.976431046745221,6,9,17
amazon-sports-and-outdoors,test,256493,12,5.265926083848158,6,11,11
amazon-sports-and-outdoors,test,257833,16,3.3219612143683133,9,10,12
amazon-sports-and-outdoors,test,257872,8,4.986468394863599,5,6,6
amazon-sports-and-outdoors,test,258150,6,4.75801982673973,4,5,5
amazon-sports-and-outdoors,test,258151,4,0.14821811660643763,3,3,3
amazon-sports-and-outdoors,test,258460,3,0.5734364300184394,3,3,3
amazon-sports-and-outdoors,test,258764,5,6.069040555031343,2,5,5
amazon-sports-and-outdoors,test,258982,4,1.0536788828422687,4,4,4
amazon-sports-and-outdoors,test,259472,5,3.875665143989903,4,5,5
amazon-sports-and-outdoors,test,259628,2,1.512003883770784,2,2,2
amazon-sports-and-outdoors,test,259642,4,2.106706681595164,2,2,3
amazon-sports-and-outdoors,test,259673,11,3.5178855812894883,9,10,10
amazon-sports-and-outdoors,test,259759,4,5.992597388024044,1,2,3
amazon-sports-and-outdoors,test,259803,5,3.6534540830413738,4,5,5
amazon-sports-and-outdoors,test,260051,4,3.329996934908641,3,4,4
amazon-sports-and-outdoors,test,260060,4,4.026094911036351,3,4,4
amazon-sports-and-outdoors,test,260114,7,8.466934880885052,1,4,4
amazon-sports-and-outdoors,test,260200,4,0.8803878166649771,4,4,4
amazon-sports-and-outdoors,test,260290,4,2.1616437190145237,4,4,4
amazon-sports-and-outdoors,test,261576,8,33.345467781977504,7,8,8
amazon-sports-and-outdoors,test,261751,5,0.1214774083998307,5,5,5
amazon-sports-and-outdoors,test,262041,7,8.22544705196764,3,3,6
amazon-sports-and-outdoors,test,262170,8,0.9548313386888944,5,5,5
amazon-sports-and-outdoors,test,262438,5,3.297010260456105,5,5,5
amazon-sports-and-outdoors,test,262839,6,1.7818459886095972,1,1,1
amazon-sports-and-outdoors,test,262847,4,4.421443849680729,3,4,4
amazon-sports-and-outdoors,test,263153,2,16.216055501019515,2,2,2
amazon-sports-and-outdoors,test,263970,5,1.2001496726802288,1,1,1
amazon-sports-and-outdoors,test,264438,6,0.8658243370897334,5,5,5
amazon-sports-and-outdoors,test,264697,5,6.901010105549375,5,5,5
amazon-sports-and-outdoors,test,264950,48,29.151574252862503,32,41,44
amazon-sports-and-outdoors,test,265719,5,3.1544209944615558,4,5,5
amazon-sports-and-outdoors,test,265754,7,1.1513335658696593,1,5,7
amazon-sports-and-outdoors,test,266075,4,1.6399100536450466,3,4,4
amazon-sports-and-outdoors,test,266165,16,6.175044737248712,8,12,15
amazon-sports-and-outdoors,test,266232,5,3.565181170161739,3,4,4
amazon-sports-and-outdoors,test,266617,7,2.8687819718172847,7,7,7
amazon-sports-and-outdoors,test,267396,6,3.609319543109737,3,3,5
amazon-sports-and-outdoors,test,268723,5,3.6957860478997517,4,5,5
amazon-sports-and-outdoors,test,268973,3,1.2129416378320301,1,1,2
amazon-sports-and-outdoors,test,269293,4,2.5558892776389888,4,4,4
amazon-sports-and-outdoors,test,269605,12,21.18760936487844,11,11,11
amazon-sports-and-outdoors,test,269807,7,0.8058438431778191,1,4,4
amazon-sports-and-outdoors,test,270186,25,11.44153004496657,14,16,25
amazon-sports-and-outdoors,test,270210,4,3.1105850332871032,2,2,2
amazon-sports-and-outdoors,test,270862,8,2.6297614819657245,4,6,6
amazon-sports-and-outdoors,test,270937,8,9.136418506173072,4,7,8
amazon-sports-and-outdoors,test,271118,4,1.5590640725693092,3,4,4
amazon-sports-and-outdoors,test,271180,5,1.055189619980219,4,4,4
amazon-sports-and-outdoors,test,271323,4,1.8490336106630814,3,4,4
amazon-sports-and-outdoors,test,272080,5,2.0608430547660053,2,3,3
amazon-sports-and-outdoors,test,272336,7,9.470138621697544,5,6,7
amazon-sports-and-outdoors,test,272642,4,1.1210655574005437,3,4,4
amazon-sports-and-outdoors,test,272757,3,0.9678889715263719,3,3,3
amazon-sports-and-outdoors,test,273050,5,3.1786638977308934,3,4,4
amazon-sports-and-outdoors,test,273202,4,1.356390160356222,3,4,4
amazon-sports-and-outdoors,test,273800,5,2.0994413973432966,4,4,4
amazon-sports-and-outdoors,test,273875,4,59.54539236407628,3,4,4
amazon-sports-and-outdoors,test,274386,6,1.5462025844311071,6,6,6
amazon-sports-and-outdoors,test,274429,12,10.185888340532575,9,11,12
amazon-sports-and-outdoors,test,274979,5,1.6352841315898305,2,3,3
amazon-sports-and-outdoors,test,275214,6,2.617734996615711,4,5,5
amazon-sports-and-outdoors,test,276009,3,2.1500588896703245,3,3,3
amazon-sports-and-outdoors,test,276121,6,3.8523247178139965,5,6,6
amazon-sports-and-outdoors,test,276264,9,0.8071005438521525,5,8,8
amazon-sports-and-outdoors,test,276384,5,0.8568020774419981,5,5,5
amazon-sports-and-outdoors,test,276562,4,1.4248936965781607,1,3,3
amazon-sports-and-outdoors,test,276769,6,3.1634357202495478,3,6,6
amazon-sports-and-outdoors,test,276827,5,1.8946630269753153,2,2,4
amazon-sports-and-outdoors,test,277162,9,12.13224144355097,7,9,9
amazon-sports-and-outdoors,test,277283,10,7.774844918140649,5,8,10
amazon-sports-and-outdoors,test,277520,8,3.7098129051845246,5,8,8
amazon-sports-and-outdoors,test,277613,12,9.928647871757317,9,12,12
amazon-sports-and-outdoors,test,277689,8,11.826564733103766,4,7,7
amazon-sports-and-outdoors,test,277777,6,0.8967680138221213,3,5,5
amazon-sports-and-outdoors,test,277909,4,0.5176171379712744,3,4,4
amazon-sports-and-outdoors,test,278242,13,5.419655945808022,8,11,12
amazon-sports-and-outdoors,test,278460,18,5.053103930388194,11,16,18
amazon-sports-and-outdoors,test,278472,8,1.9565470761156425,5,5,5
amazon-sports-and-outdoors,test,278745,4,1.3123123226321245,4,4,4
amazon-sports-and-outdoors,test,279149,6,1.6372816618055648,4,4,6
amazon-sports-and-outdoors,test,279211,6,2.454753290545416,2,5,6
amazon-sports-and-outdoors,test,279490,14,4.345162858917374,12,13,13
amazon-sports-and-outdoors,test,279734,4,0.592963401434579,1,3,3
amazon-sports-and-outdoors,test,279926,63,19.08456572519414,35,58,62
amazon-sports-and-outdoors,test,280137,3,5.424622213281454,3,3,3
amazon-sports-and-outdoors,test,280413,17,17.632472019311002,9,17,17
amazon-sports-and-outdoors,test,280459,6,1.9305949779819644,3,3,5
amazon-sports-and-outdoors,test,280671,3,1.4106533799340006,1,3,3
amazon-sports-and-outdoors,test,280918,3,2.1484872207895407,2,3,3
amazon-sports-and-outdoors,test,281317,4,0.9244381624096615,4,4,4
amazon-sports-and-outdoors,test,281500,6,2.6062910636660055,3,6,6
amazon-sports-and-outdoors,test,281636,4,1.087495735769299,1,1,1
amazon-sports-and-outdoors,test,282355,4,7.244638039673834,3,4,4
amazon-sports-and-outdoors,test,282633,10,8.257758454675837,5,9,10
amazon-sports-and-outdoors,test,282719,8,4.593164700879994,6,6,6
amazon-sports-and-outdoors,test,282844,5,1.9004721615291251,5,5,5
amazon-sports-and-outdoors,test,283104,4,1.3294913732679887,3,4,4
amazon-sports-and-outdoors,test,283263,8,1.9653113341104222,5,6,6
amazon-sports-and-outdoors,test,283315,6,4.893232386662001,4,5,6
amazon-sports-and-outdoors,test,283538,2,2.418474187212185,1,1,1
amazon-sports-and-outdoors,test,284292,6,0.9582850186026858,1,1,1
amazon-sports-and-outdoors,test,284609,4,2.4887954983998473,3,4,4
amazon-sports-and-outdoors,test,284785,5,1.1631818159589091,4,5,5
amazon-sports-and-outdoors,test,284819,6,5.7592613275216,6,6,6
amazon-sports-and-outdoors,test,284820,5,0.6752853581550661,3,3,5
amazon-sports-and-outdoors,test,285145,4,0.017566581807209047,2,2,2
amazon-sports-and-outdoors,test,285152,6,4.902490310729419,5,6,6
amazon-sports-and-outdoors,test,285717,9,2.6883051234343616,7,8,8
amazon-sports-and-outdoors,test,285836,4,13.462312395327261,2,3,3
amazon-sports-and-outdoors,test,285840,4,4.176973140996978,2,4,4
amazon-sports-and-outdoors,test,286414,12,4.38503389509933,4,5,11
amazon-sports-and-outdoors,test,286579,4,3.1928683954980297,3,3,3
amazon-sports-and-outdoors,test,287007,4,5.502588938205564,4,4,4
amazon-sports-and-outdoors,test,287249,4,0.8951721572863724,1,1,1
amazon-sports-and-outdoors,test,287422,4,2.8056532497436173,1,2,4
amazon-sports-and-outdoors,test,287554,7,5.113602938892599,5,6,7
amazon-sports-and-outdoors,test,287666,4,7.077015608174792,4,4,4
amazon-sports-and-outdoors,test,287794,5,0.6088372439132032,4,5,5
amazon-sports-and-outdoors,test,288151,7,5.301316191731708,4,5,7
amazon-sports-and-outdoors,test,288910,7,19.498199473607897,7,7,7
amazon-sports-and-outdoors,test,289204,7,4.728104191429825,7,7,7
amazon-sports-and-outdoors,test,289957,4,0.5530816592414092,2,2,2
amazon-sports-and-outdoors,test,290529,12,1.728042598822101,4,4,11
amazon-sports-and-outdoors,test,291233,2,0.4536099942861622,1,1,1
amazon-sports-and-outdoors,test,291489,4,2.393771321979586,4,4,4
amazon-sports-and-outdoors,test,292132,4,1.2921559434949945,3,3,3
amazon-sports-and-outdoors,test,293594,6,8.878542946238774,3,3,5
amazon-sports-and-outdoors,test,293720,11,9.870885240415376,8,10,11
amazon-sports-and-outdoors,test,293923,4,3.442521077955225,4,4,4
amazon-sports-and-outdoors,test,294206,4,0.16782716744188325,4,4,4
amazon-sports-and-outdoors,test,294597,13,2.1555205414651084,8,10,10
amazon-sports-and-outdoors,test,294797,5,0.9292400066985267,3,3,3
amazon-sports-and-outdoors,test,295174,16,4.960031155814361,10,11,16
amazon-sports-and-outdoors,test,295425,6,1.9482637955876165,3,4,4
amazon-sports-and-outdoors,test,295718,4,2.637773477456511,3,3,3
amazon-sports-and-outdoors,test,296534,8,2.303702839194522,8,8,8
amazon-sports-and-outdoors,test,297009,14,10.238544204525525,11,13,14
amazon-sports-and-outdoors,test,297044,4,2.4855707420838633,4,4,4
amazon-sports-and-outdoors,test,297448,4,60.58752739119751,3,4,4
amazon-sports-and-outdoors,test,297774,5,4.907114514535921,5,5,5
amazon-sports-and-outdoors,test,297887,8,1.872602431744883,7,8,8
amazon-sports-and-outdoors,test,298606,3,10.860880142503618,1,3,3
amazon-sports-and-outdoors,test,298611,7,5.792039697360889,3,7,7
amazon-sports-and-outdoors,test,298709,9,0.8589097077483632,9,9,9
amazon-sports-and-outdoors,test,299348,8,3.7011808201676932,5,6,7
amazon-sports-and-outdoors,test,299365,3,3.972675615922773,2,3,3
amazon-sports-and-outdoors,test,299691,6,3.590515161364041,3,5,5
amazon-sports-and-outdoors,test,300265,4,5.936349987701304,4,4,4
amazon-sports-and-outdoors,test,300947,5,16.254625955098458,4,5,5
amazon-sports-and-outdoors,test,301159,3,0.5763302251976415,3,3,3
amazon-sports-and-outdoors,test,301600,6,5.756794054542237,3,5,5
amazon-sports-and-outdoors,test,301847,11,2.8832940361041066,10,10,10
amazon-sports-and-outdoors,test,302059,3,19.879164555754066,3,3,3
amazon-sports-and-outdoors,test,302275,4,0.22585348387483062,4,4,4
amazon-sports-and-outdoors,test,302444,3,0.009861029365795804,1,1,1
amazon-sports-and-outdoors,test,302445,3,1.471614993861226,1,3,3
amazon-sports-and-outdoors,test,302795,2,0.5162918395213858,2,2,2
amazon-sports-and-outdoors,test,302796,5,1.4995122156248815,1,2,5
amazon-sports-and-outdoors,test,303195,7,3.8907859970131553,6,7,7
amazon-sports-and-outdoors,test,303656,4,0.08191975434859008,3,3,3
amazon-sports-and-outdoors,test,303712,7,1.2148031620534554,2,4,5
amazon-sports-and-outdoors,test,303800,6,1.677792415200791,5,5,5
amazon-sports-and-outdoors,test,303821,3,2.4983672011169142,1,3,3
amazon-sports-and-outdoors,test,303884,4,4.208070667075698,4,4,4
amazon-sports-and-outdoors,test,304094,6,3.833694407880259,5,5,5
amazon-sports-and-outdoors,test,304407,4,0.937962101513341,3,3,3
amazon-sports-and-outdoors,test,304938,4,1.9716930420047047,4,4,4
amazon-sports-and-outdoors,test,305032,5,4.068197027086077,4,5,5
amazon-sports-and-outdoors,test,305090,3,1.4500927391699776,2,2,2
amazon-sports-and-outdoors,test,305228,12,6.12161790827539,10,12,12
amazon-sports-and-outdoors,test,305429,6,4.307436725821564,1,4,4
amazon-sports-and-outdoors,test,306098,4,1.4102669061464796,3,3,3
amazon-sports-and-outdoors,test,306975,4,3.2057095289976276,4,4,4
amazon-sports-and-outdoors,test,307349,4,2.8170996939799045,3,4,4
amazon-sports-and-outdoors,test,307667,4,0.987419643785894,4,4,4
amazon-sports-and-outdoors,test,307684,4,1.5771519446015467,3,4,4
amazon-sports-and-outdoors,test,307818,7,3.3061586131248033,2,3,3
amazon-sports-and-outdoors,test,307832,2,2.221967333977192,1,2,2
amazon-sports-and-outdoors,test,307956,11,6.992662681475151,5,11,11
amazon-sports-and-outdoors,test,308325,4,0.9083745195347035,2,2,2
amazon-sports-and-outdoors,test,308717,4,4.15520993496693,3,3,3
amazon-sports-and-outdoors,test,309444,6,3.066345548010975,3,6,6
amazon-sports-and-outdoors,test,310237,37,41.12866801491916,21,31,33
amazon-sports-and-outdoors,test,310397,5,11.230914651546431,2,2,4
amazon-sports-and-outdoors,test,310503,2,0.8632214546349958,2,2,2
amazon-sports-and-outdoors,test,310644,13,9.045602320851755,9,12,13
amazon-sports-and-outdoors,test,310685,5,10.463415643174198,3,3,4
amazon-sports-and-outdoors,test,311206,3,0.05852949895999693,3,3,3
amazon-sports-and-outdoors,test,311652,6,1.0532731117999672,5,5,6
amazon-sports-and-outdoors,test,311768,4,0.6132656995393638,4,4,4
amazon-sports-and-outdoors,test,312280,4,3.937360317944742,4,4,4
amazon-sports-and-outdoors,test,312447,2,28.940440609195825,2,2,2
amazon-sports-and-outdoors,test,312653,5,1.750226775786915,2,4,4
amazon-sports-and-outdoors,test,312664,8,15.724620111731106,4,8,8
amazon-sports-and-outdoors,test,312928,5,3.0860584868070884,5,5,5
amazon-sports-and-outdoors,test,312930,5,4.092005213430943,3,4,5
amazon-sports-and-outdoors,test,313192,4,5.000036347568936,3,4,4
amazon-sports-and-outdoors,test,313367,5,23.079799831955278,5,5,5
amazon-sports-and-outdoors,test,313515,4,0.37784976505592305,2,2,2
amazon-sports-and-outdoors,test,313866,16,19.496170221877456,12,14,15
amazon-sports-and-outdoors,test,314055,12,9.94861352528727,11,12,12
amazon-sports-and-outdoors,test,314295,8,5.673901771421902,6,7,7
amazon-sports-and-outdoors,test,314631,12,8.825881266634795,6,8,11
amazon-sports-and-outdoors,test,314904,6,11.309159336243166,5,6,6
amazon-sports-and-outdoors,test,315011,5,1.5348017398722125,1,4,4
amazon-sports-and-outdoors,test,315311,5,3.6346302718679198,3,5,5
amazon-sports-and-outdoors,test,315941,4,1.567516005817197,3,3,4
amazon-sports-and-outdoors,test,316092,4,1.516088557481301,3,3,4
amazon-sports-and-outdoors,test,316100,11,5.24395285495615,8,10,10
amazon-sports-and-outdoors,test,316392,4,2.2381104128118965,2,3,3
amazon-sports-and-outdoors,test,317478,6,5.666559892929313,5,6,6
amazon-sports-and-outdoors,test,317529,5,2.022721592293152,4,5,5
amazon-sports-and-outdoors,test,317867,18,5.747176355628843,12,16,16
amazon-sports-and-outdoors,test,318000,6,8.025762363823834,4,6,6
amazon-sports-and-outdoors,test,318022,3,15.11507230588845,3,3,3
amazon-sports-and-outdoors,test,318300,3,1.8361509748484075,1,2,2
amazon-sports-and-outdoors,test,319846,4,0.062004987415149905,4,4,4
amazon-sports-and-outdoors,test,319905,4,1.7878909197560668,1,1,3
amazon-sports-and-outdoors,test,320370,11,4.721232782652244,8,9,11
amazon-sports-and-outdoors,test,320558,6,8.203395047980774,3,5,5
amazon-sports-and-outdoors,test,320581,5,0.502891614325066,3,3,3
amazon-sports-and-outdoors,test,320589,4,2.729300092534302,2,4,4
amazon-sports-and-outdoors,test,321225,4,2.528045321585447,4,4,4
amazon-sports-and-outdoors,test,321357,5,2.705914463199937,4,4,4
amazon-sports-and-outdoors,test,322707,5,0.7363754442168573,4,4,4
amazon-sports-and-outdoors,test,322860,8,1.1318606532015005,2,7,7
amazon-sports-and-outdoors,test,322992,6,8.151397537590988,4,5,5
amazon-sports-and-outdoors,test,323256,4,0.960573593715862,2,2,2
amazon-sports-and-outdoors,test,323290,9,9.37963502546907,5,6,9
amazon-sports-and-outdoors,test,323524,7,15.494794036831058,5,6,6
amazon-sports-and-outdoors,test,323753,4,0.5616887635654084,3,3,3
amazon-sports-and-outdoors,test,323792,5,1.5733596375182513,1,3,4
amazon-sports-and-outdoors,test,324200,3,0.09635317571353252,3,3,3
amazon-sports-and-outdoors,test,324760,6,1.6100768942733812,4,4,4
amazon-sports-and-outdoors,test,324853,6,3.8170905740444256,5,6,6
amazon-sports-and-outdoors,test,325030,9,6.115975443846773,4,7,7
amazon-sports-and-outdoors,test,325395,14,11.176433082209082,10,14,14
amazon-sports-and-outdoors,test,326397,3,6.661043851954105,2,3,3
amazon-sports-and-outdoors,test,326415,11,66.0189620641084,6,9,10
amazon-sports-and-outdoors,test,326423,7,3.2298465617116294,5,6,6
amazon-sports-and-outdoors,test,326543,5,0.7427719554846697,1,5,5
amazon-sports-and-outdoors,test,327109,4,7.095617236572316,3,4,4
amazon-sports-and-outdoors,test,327709,4,1.2438401114059596,4,4,4
amazon-sports-and-outdoors,test,327740,5,2.808631371282751,4,5,5
amazon-sports-and-outdoors,test,328305,5,0.41135059239267846,2,4,5
amazon-sports-and-outdoors,test,328380,15,16.076741481418527,10,14,15
amazon-sports-and-outdoors,test,328429,4,2.192569948913822,4,4,4
amazon-sports-and-outdoors,test,329073,5,0.9465070845377044,5,5,5
amazon-sports-and-outdoors,test,329356,3,2.7173178190454124,3,3,3
amazon-sports-and-outdoors,test,329891,13,3.6931863375964844,10,12,12
amazon-sports-and-outdoors,test,330074,4,8.07604175767327,3,4,4
amazon-sports-and-outdoors,test,330156,26,10.12262030814015,14,22,23
amazon-sports-and-outdoors,test,330258,4,0.036284522425326565,1,1,1
amazon-sports-and-outdoors,test,330462,4,2.5775499174381493,4,4,4
amazon-sports-and-outdoors,test,330503,4,1.3275857032719287,2,3,3
amazon-sports-and-outdoors,test,330655,6,5.950179510730001,2,3,5
amazon-sports-and-outdoors,test,330665,5,9.64881586889921,2,2,2
amazon-sports-and-outdoors,test,331619,7,0.6722233067749358,6,6,6
amazon-sports-and-outdoors,test,332430,4,13.093755976696848,3,4,4
amazon-sports-and-outdoors,test,333097,9,4.053440971481962,6,9,9
amazon-sports-and-outdoors,test,334687,24,22.523355295635923,15,20,21
amazon-sports-and-outdoors,test,334744,6,5.148045895216171,3,5,5
amazon-sports-and-outdoors,test,335089,5,0.886844730983712,5,5,5
amazon-sports-and-outdoors,test,335118,4,0.7743942082858447,1,4,4
amazon-sports-and-outdoors,test,335472,3,2.39434508487686,3,3,3
amazon-sports-and-outdoors,test,335510,8,0.9069284149829704,5,5,5
amazon-sports-and-outdoors,test,335735,9,1.8574616866884495,5,8,8
amazon-sports-and-outdoors,test,335990,4,4.018746357808377,1,3,3
amazon-sports-and-outdoors,test,336362,4,3.0786426575333374,1,3,3
amazon-sports-and-outdoors,test,336996,5,16.392243402354502,5,5,5
amazon-sports-and-outdoors,test,337016,4,1.1438743838591416,1,3,3
amazon-sports-and-outdoors,test,337090,9,2.9855160885574814,4,6,9
amazon-sports-and-outdoors,test,337766,23,13.033997665560864,11,18,19
amazon-sports-and-outdoors,test,338053,3,0.7951740473599571,2,2,3
amazon-sports-and-outdoors,test,338708,6,0.3130881780126815,3,3,3
amazon-sports-and-outdoors,test,339029,6,0.4957525552671394,4,4,4
amazon-sports-and-outdoors,test,339129,7,3.046446245315955,6,7,7
amazon-sports-and-outdoors,test,339158,8,0.7221227033127704,5,5,5
amazon-sports-and-outdoors,test,339322,22,17.190151976455233,4,19,20
amazon-sports-and-outdoors,test,339578,6,1.196684097198422,5,6,6
amazon-sports-and-outdoors,test,339967,8,6.502633480499133,3,6,7
amazon-sports-and-outdoors,test,340507,6,3.635908120218725,2,6,6
amazon-sports-and-outdoors,test,340523,3,3.714319607213631,3,3,3
amazon-sports-and-outdoors,test,340786,8,2.7809486662623053,7,7,7
amazon-sports-and-outdoors,test,341103,4,0.641586535697344,4,4,4
amazon-sports-and-outdoors,test,341348,4,0.49125550186542344,2,2,2
amazon-sports-and-outdoors,test,341883,4,0.1102263158249517,4,4,4
amazon-sports-and-outdoors,test,341970,4,2.7039581709533227,1,3,3
amazon-sports-and-outdoors,test,342110,15,2.781876917086437,12,14,14
amazon-sports-and-outdoors,test,342599,9,2.672936247817989,3,6,6
amazon-sports-and-outdoors,test,343409,4,5.9698338968968825,3,4,4
amazon-sports-and-outdoors,test,343447,8,2.7913130103281287,7,8,8
amazon-sports-and-outdoors,test,343580,11,3.4881253814016495,7,7,7
amazon-sports-and-outdoors,test,343699,4,1.6378731358818837,3,3,3
amazon-sports-and-outdoors,test,343958,4,2.731559457419352,3,4,4
amazon-sports-and-outdoors,test,344274,9,5.189015553190835,5,6,6
amazon-sports-and-outdoors,test,344702,2,1.5151144426338214,1,1,1
amazon-sports-and-outdoors,test,345582,11,4.187204651219963,2,10,10
amazon-sports-and-outdoors,test,345807,9,10.170516094505267,4,9,9
amazon-sports-and-outdoors,test,346141,6,1.2021483924527643,4,6,6
amazon-sports-and-outdoors,test,346143,10,5.201132775290208,9,10,10
amazon-sports-and-outdoors,test,346260,3,2.3578956105750546,1,1,2
amazon-sports-and-outdoors,test,346369,3,0.5935483990349786,3,3,3
amazon-sports-and-outdoors,test,346390,22,6.46359579494314,10,19,19
amazon-sports-and-outdoors,test,346536,4,1.0787992825122066,1,1,1
amazon-sports-and-outdoors,test,346707,4,2.430982773499265,3,3,3
amazon-sports-and-outdoors,test,347045,4,1.5407544142800744,4,4,4
amazon-sports-and-outdoors,test,347431,5,46.741349245550026,4,5,5
amazon-sports-and-outdoors,test,349438,5,2.815365848855177,4,5,5
amazon-sports-and-outdoors,test,349799,11,12.910325657035179,4,8,9
amazon-sports-and-outdoors,test,349838,4,2.1851750029705874,4,4,4
amazon-sports-and-outdoors,test,350131,4,0.3904880130343704,4,4,4
amazon-sports-and-outdoors,test,350156,4,1.33250504933819,4,4,4
amazon-sports-and-outdoors,test,350195,5,0.7929166650695766,4,4,4
amazon-sports-and-outdoors,test,350370,17,23.57392309092325,17,17,17
amazon-sports-and-outdoors,test,350810,21,36.55417182196353,16,21,21
amazon-sports-and-outdoors,test,351327,4,0.457710793099989,3,4,4
amazon-sports-and-outdoors,test,351535,6,2.7286445145636775,4,4,4
amazon-sports-and-outdoors,test,351822,3,0.3715763068305805,2,2,2
amazon-sports-and-outdoors,test,351992,2,0.0984029142555562,1,1,1
amazon-sports-and-outdoors,test,352682,7,5.316140448592442,2,2,2
amazon-sports-and-outdoors,test,353071,8,0.37219831286480565,1,8,8
amazon-sports-and-outdoors,test,354047,6,0.36448787002320826,3,3,3
amazon-sports-and-outdoors,test,354189,2,0.6113951875554382,1,1,1
amazon-sports-and-outdoors,test,354328,12,1.9331009115573774,10,10,10
amazon-sports-and-outdoors,test,354375,12,11.014622164377453,8,9,10
amazon-sports-and-outdoors,test,354711,7,3.927567357662589,5,6,6
amazon-sports-and-outdoors,test,354766,76,75.11222582863536,30,62,68
amazon-sports-and-outdoors,test,355234,7,0.7437196357365597,3,3,3
amazon-sports-and-outdoors,test,355678,16,7.8718975532534845,11,14,16
amazon-sports-and-outdoors,test,355741,4,3.0772145285066053,4,4,4
amazon-sports-and-outdoors,test,355829,4,1.6127231294648858,4,4,4
amazon-sports-and-outdoors,test,356111,8,7.1314863393279495,4,6,6
amazon-sports-and-outdoors,test,356358,6,3.922775294174093,3,5,5
amazon-sports-and-outdoors,test,357258,5,6.3221732198249425,2,4,4
amazon-sports-and-outdoors,test,357546,3,1.476483982022889,2,2,3
amazon-sports-and-outdoors,test,357923,4,1.0254184497352112,4,4,4
amazon-sports-and-outdoors,test,357926,4,1.991395274789604,2,3,3
amazon-sports-and-outdoors,test,358145,3,0.5834934719105327,3,3,3
amazon-sports-and-outdoors,test,358535,4,2.3418055331045062,3,3,3
amazon-sports-and-outdoors,test,358679,5,0.10441903169283318,4,4,4
amazon-sports-and-outdoors,test,358694,4,7.1612366262424425,4,4,4
amazon-sports-and-outdoors,test,358809,5,4.175053328492278,4,4,4
amazon-sports-and-outdoors,test,359128,3,0.7259598170355901,2,2,2
amazon-sports-and-outdoors,test,359149,19,5.74059572740275,8,9,10
amazon-sports-and-outdoors,test,359560,4,0.453997261111551,3,3,3
amazon-sports-and-outdoors,test,359729,4,6.353074601204386,2,4,4
amazon-sports-and-outdoors,test,360250,10,8.664239133696007,8,8,9
amazon-sports-and-outdoors,test,360551,5,2.709544197520356,5,5,5
amazon-sports-and-outdoors,test,361205,4,0.2689833770010823,3,3,3
amazon-sports-and-outdoors,test,361250,5,2.1533517150699533,5,5,5
amazon-sports-and-outdoors,test,361446,5,0.17877928474064292,2,2,2
amazon-sports-and-outdoors,test,361567,10,13.226693310976714,10,10,10
amazon-sports-and-outdoors,test,361749,3,0.7085757661109278,1,2,2
amazon-sports-and-outdoors,test,361951,3,0.6213692248173796,1,1,2
amazon-sports-and-outdoors,test,362112,8,1.0257950105493863,8,8,8
amazon-sports-and-outdoors,test,362345,3,1.6264413628461494,1,3,3
amazon-sports-and-outdoors,test,362657,6,8.114008974280857,3,5,6
amazon-sports-and-outdoors,test,363011,7,1.9968335319672903,2,5,5
amazon-sports-and-outdoors,test,363368,15,5.5970922209197305,10,12,14
amazon-sports-and-outdoors,test,363805,2,4.515082324600181,2,2,2
amazon-sports-and-outdoors,test,364620,4,2.183307002273243,4,4,4
amazon-sports-and-outdoors,test,364738,7,3.065538896326556,6,7,7
amazon-sports-and-outdoors,test,364894,10,5.109180563223424,8,9,10
amazon-sports-and-outdoors,test,365556,4,2.9104984071173563,3,4,4
amazon-sports-and-outdoors,test,366053,3,8.18038624380654,2,2,3
amazon-sports-and-outdoors,test,366100,9,1.7248794351138401,6,7,7
amazon-sports-and-outdoors,test,366892,4,4.098616373614943,3,4,4
amazon-sports-and-outdoors,test,367648,14,14.182875986192153,7,10,14
amazon-sports-and-outdoors,test,367970,6,2.2885396247318375,2,5,5
amazon-sports-and-outdoors,test,368089,33,14.212323200468209,22,28,30
amazon-sports-and-outdoors,test,368434,5,0.5178640370940818,3,3,3
amazon-sports-and-outdoors,test,368627,6,0.4144289010490966,1,1,1
amazon-sports-and-outdoors,test,369025,4,4.317561440278367,1,3,4
amazon-sports-and-outdoors,test,369121,18,5.27066818595099,6,10,13
amazon-sports-and-outdoors,test,369309,7,5.003607397087146,3,7,7
amazon-sports-and-outdoors,test,369540,4,2.1363314041806047,1,2,3
amazon-sports-and-outdoors,test,369570,9,0.4418936528289049,9,9,9
amazon-sports-and-outdoors,test,369908,19,11.670010995470033,1,10,17
amazon-sports-and-outdoors,test,370237,5,3.52487541705531,4,5,5
amazon-sports-and-outdoors,test,370350,7,8.214896608348864,4,7,7
amazon-sports-and-outdoors,test,370685,3,2.0008141855441623,3,3,3
amazon-sports-and-outdoors,test,370897,5,2.684626419025613,5,5,5
amazon-sports-and-outdoors,test,371215,9,23.473882024778998,9,9,9
amazon-sports-and-outdoors,test,371262,5,2.693701944383461,1,5,5
amazon-sports-and-outdoors,test,372462,4,0.11655303976040743,4,4,4
amazon-sports-and-outdoors,test,372572,5,3.685916559463367,3,5,5
amazon-sports-and-outdoors,test,374479,6,1.6383533203107703,6,6,6
amazon-sports-and-outdoors,test,374600,4,2.713433255223509,3,3,3
amazon-sports-and-outdoors,test,374654,5,1.4667223467365105,5,5,5
amazon-sports-and-outdoors,test,374776,3,0.08478367843477574,3,3,3
amazon-sports-and-outdoors,test,375286,5,1.3350990762034052,3,3,3
amazon-sports-and-outdoors,test,375365,5,3.22465269237017,3,3,5
amazon-sports-and-outdoors,test,375413,7,0.7614179940027833,4,4,5
amazon-sports-and-outdoors,test,375462,5,28.821965245644137,5,5,5
amazon-sports-and-outdoors,test,375512,15,4.218857039460111,2,9,14
amazon-sports-and-outdoors,test,375591,9,2.1549437385893415,6,9,9
amazon-sports-and-outdoors,test,376126,19,16.97175978935857,8,14,17
amazon-sports-and-outdoors,test,376296,7,4.43417342918694,3,6,6
amazon-sports-and-outdoors,test,376675,5,1.3183179984041433,2,4,5
amazon-sports-and-outdoors,test,376955,4,8.227646013801767,2,3,4
amazon-sports-and-outdoors,test,377017,10,10.186369978864219,9,10,10
amazon-sports-and-outdoors,test,377044,5,3.2440796088420023,2,3,3
amazon-sports-and-outdoors,test,377047,4,0.5948928625666698,4,4,4
amazon-sports-and-outdoors,test,377392,17,9.931175415614625,7,12,12
amazon-sports-and-outdoors,test,377798,8,5.399458196528794,3,4,5
amazon-sports-and-outdoors,test,377933,5,3.3230980341516476,2,4,4
amazon-sports-and-outdoors,test,378787,28,17.816115666159078,17,24,28
amazon-sports-and-outdoors,test,378815,7,3.345639078156922,3,5,5
amazon-sports-and-outdoors,test,379007,5,1.794168078824792,3,3,3
amazon-sports-and-outdoors,test,379159,8,0.8790781146264864,7,7,8
amazon-sports-and-outdoors,test,380007,7,3.2959160003716708,2,5,7
amazon-sports-and-outdoors,test,380139,4,0.34037039890994303,4,4,4
amazon-sports-and-outdoors,test,380180,7,14.145793271152996,5,7,7
amazon-sports-and-outdoors,test,380363,3,0.4945700036334352,1,2,2
amazon-sports-and-outdoors,test,381201,4,1.20210874055938,1,2,2
amazon-sports-and-outdoors,test,381204,4,1.910158854737007,3,4,4
amazon-sports-and-outdoors,test,381357,3,0.9656190328030865,1,1,1
amazon-sports-and-outdoors,test,381488,3,2.8287692462029677,1,3,3
amazon-sports-and-outdoors,test,381643,4,0.9773559932449035,3,4,4
amazon-sports-and-outdoors,test,381949,4,4.931388610628055,4,4,4
amazon-sports-and-outdoors,test,382254,8,0.18692827752307317,8,8,8
amazon-sports-and-outdoors,test,382374,6,3.2343648949627957,5,6,6
amazon-sports-and-outdoors,test,382376,6,9.306197339807342,4,6,6
amazon-sports-and-outdoors,test,382778,4,0.2506441119647871,2,2,2
amazon-sports-and-outdoors,test,382849,6,2.6102308757926913,3,3,5
amazon-sports-and-outdoors,test,382852,11,2.8250631159012944,5,10,10
amazon-sports-and-outdoors,test,382874,4,0.6083421239378084,2,2,2
amazon-sports-and-outdoors,test,382962,5,14.390105372263209,3,4,4
amazon-sports-and-outdoors,test,383952,6,1.9747956704890652,3,4,4
amazon-sports-and-outdoors,test,384115,7,21.80172454014708,7,7,7
amazon-sports-and-outdoors,test,384966,7,4.248162167784872,7,7,7
amazon-sports-and-outdoors,test,384967,4,1.3528665609370958,2,2,2
amazon-sports-and-outdoors,test,385022,5,2.035350852509099,4,5,5
amazon-sports-and-outdoors,test,385302,32,13.287226552282409,15,23,27
amazon-sports-and-outdoors,test,385539,4,0.7806301293854498,1,1,1
amazon-sports-and-outdoors,test,385702,6,3.2706377861660627,2,4,4
amazon-sports-and-outdoors,test,386364,8,6.2150012893474,4,4,8
amazon-sports-and-outdoors,test,386554,4,0.6890917509126213,3,3,3
amazon-sports-and-outdoors,test,386722,4,0.40549876596699136,2,2,2
amazon-sports-and-outdoors,test,386813,7,3.9113653296797195,6,7,7
amazon-sports-and-outdoors,test,387735,5,1.4979335415762658,5,5,5
amazon-sports-and-outdoors,test,388384,5,15.633412430049102,5,5,5
amazon-sports-and-outdoors,test,389041,11,4.1128276122039535,8,11,11
amazon-sports-and-outdoors,test,389317,7,1.338945045515748,5,6,6
amazon-sports-and-outdoors,test,389855,9,2.8774773676905534,3,4,7
amazon-sports-and-outdoors,test,390162,5,3.4660893703451157,5,5,5
amazon-sports-and-outdoors,test,390537,4,0.6172650555926151,3,3,4
amazon-sports-and-outdoors,test,390858,6,2.8012928632011,4,5,5
amazon-sports-and-outdoors,test,390975,6,1.3127402987347212,4,4,4
amazon-sports-and-outdoors,test,391037,7,5.496151585487565,4,6,6
amazon-sports-and-outdoors,test,391130,19,2.5554038062909843,4,13,13
amazon-sports-and-outdoors,test,391715,4,1.6433050487566288,1,3,3
amazon-sports-and-outdoors,test,392163,16,8.945338278893708,12,16,16
amazon-sports-and-outdoors,test,392418,4,58.68452438148663,2,4,4
amazon-sports-and-outdoors,test,392481,5,0.9832688835864027,3,3,3
amazon-sports-and-outdoors,test,393378,4,1.2804738348390259,4,4,4
amazon-sports-and-outdoors,test,393405,4,0.9295410967422929,1,2,4
amazon-sports-and-outdoors,test,394031,5,14.501397927501271,2,5,5
amazon-sports-and-outdoors,test,395321,15,2.6147314978648115,7,9,12
amazon-sports-and-outdoors,test,396297,4,3.8335984502982683,4,4,4
amazon-sports-and-outdoors,test,396695,4,0.5745276501243815,1,4,4
amazon-sports-and-outdoors,test,397387,4,2.0974359367488855,2,3,4
amazon-sports-and-outdoors,test,397543,10,10.584291796697341,8,8,9
amazon-sports-and-outdoors,test,397619,4,18.829226829052622,3,4,4
amazon-sports-and-outdoors,test,397842,6,3.2868144369371657,6,6,6
amazon-sports-and-outdoors,test,398000,5,2.8384039954305154,2,3,5
amazon-sports-and-outdoors,test,398074,2,0.5616758106135694,2,2,2
amazon-sports-and-outdoors,test,398232,4,8.997740238596016,4,4,4
amazon-sports-and-outdoors,test,398489,7,6.991318482289414,4,4,4
amazon-sports-and-outdoors,test,398605,4,2.3069500649167582,3,3,3
amazon-sports-and-outdoors,test,399299,4,3.2945069042537627,4,4,4
amazon-sports-and-outdoors,test,399327,7,4.92872572164133,2,7,7
amazon-sports-and-outdoors,test,399531,4,1.4887763333180453,4,4,4
amazon-sports-and-outdoors,test,399856,9,28.50225731620389,9,9,9
amazon-sports-and-outdoors,test,400140,9,5.25137516070582,8,9,9
amazon-sports-and-outdoors,test,400168,4,4.770727333358622,3,4,4
amazon-sports-and-outdoors,test,400181,2,0.8879856481293624,2,2,2
amazon-sports-and-outdoors,test,400581,11,6.4814222288249965,3,9,10
amazon-sports-and-outdoors,test,401349,4,5.597829085271792,3,4,4
amazon-sports-and-outdoors,test,401787,4,2.0442916936024176,2,4,4
amazon-sports-and-outdoors,test,402148,7,4.692589312255091,5,7,7
amazon-sports-and-outdoors,test,402194,5,2.351333750911828,4,5,5
amazon-sports-and-outdoors,test,402541,6,3.384783559479096,4,4,4
amazon-sports-and-outdoors,test,404207,5,1.7201202826968522,4,4,4
amazon-sports-and-outdoors,test,405079,51,18.187204519046983,24,44,46
amazon-sports-and-outdoors,test,405351,2,0.8101681464973567,2,2,2
amazon-sports-and-outdoors,test,405353,4,4.1431935608497295,1,1,2
amazon-sports-and-outdoors,test,405416,5,9.232558486873174,3,4,5
amazon-sports-and-outdoors,test,405556,13,6.364753273362929,9,9,10
amazon-sports-and-outdoors,test,405813,5,6.26076684382692,3,3,3
amazon-sports-and-outdoors,test,405925,8,13.365378319375647,5,8,8
amazon-sports-and-outdoors,test,406030,5,1.7746592151066312,5,5,5
amazon-sports-and-outdoors,test,407310,8,3.287824238488692,7,8,8
amazon-sports-and-outdoors,test,407819,5,3.863101045052085,3,3,3
amazon-sports-and-outdoors,test,407874,6,0.9856160113288104,4,4,5
amazon-sports-and-outdoors,test,408655,7,3.1451458879070056,6,7,7
amazon-sports-and-outdoors,test,408871,7,4.691366712209069,6,6,7
amazon-sports-and-outdoors,test,409034,10,3.98680596464928,6,9,9
amazon-sports-and-outdoors,test,409146,4,3.08436402922979,4,4,4
amazon-sports-and-outdoors,test,409192,5,8.623046103388612,3,4,5
amazon-sports-and-outdoors,test,410490,8,4.169430425664397,5,7,7
amazon-sports-and-outdoors,test,410745,5,0.25475085856262153,4,4,4
amazon-sports-and-outdoors,test,410835,4,1.838683144759943,3,3,3
amazon-sports-and-outdoors,test,411317,16,3.269300063456247,11,16,16
amazon-sports-and-outdoors,test,413279,5,7.214205740193128,3,5,5
amazon-sports-and-outdoors,test,413948,4,2.279377988678856,1,1,1
amazon-sports-and-outdoors,test,413960,4,8.180690109482843,3,4,4
amazon-sports-and-outdoors,test,414904,14,2.9540286521938137,5,12,12
amazon-sports-and-outdoors,test,415321,7,0.9585964181387323,1,4,4
amazon-sports-and-outdoors,test,416142,6,7.248968026431423,3,5,5
amazon-sports-and-outdoors,test,416515,5,0.1347281459580908,5,5,5
amazon-sports-and-outdoors,test,416725,7,4.617190443946564,4,5,7
amazon-sports-and-outdoors,test,416900,4,0.7044429814364375,3,3,3
amazon-sports-and-outdoors,test,417077,2,0.8268688631260259,2,2,2
amazon-sports-and-outdoors,test,417220,100,31.910174186802443,84,98,99
amazon-sports-and-outdoors,test,417464,4,0.6332349217397188,1,1,1
amazon-sports-and-outdoors,test,417893,10,4.618281928398461,2,9,9
amazon-sports-and-outdoors,test,417907,3,21.98047289641088,3,3,3
amazon-sports-and-outdoors,test,418067,6,1.1655971449579379,3,5,5
amazon-sports-and-outdoors,test,418292,6,7.763466542988007,2,4,4
amazon-sports-and-outdoors,test,418458,5,16.53675314171864,5,5,5
amazon-sports-and-outdoors,test,418581,8,3.625473327955656,7,7,7
amazon-sports-and-outdoors,test,418604,16,12.943343656483489,11,13,13
amazon-sports-and-outdoors,test,418631,6,6.515422009153507,5,5,6
amazon-sports-and-outdoors,test,418907,4,2.0145926898033704,1,2,2
amazon-sports-and-outdoors,test,419238,7,21.382402198935402,7,7,7
amazon-sports-and-outdoors,test,419564,4,2.278606098487637,1,3,4
amazon-sports-and-outdoors,test,420716,8,4.804263847399424,4,6,7
amazon-sports-and-outdoors,test,420872,6,3.906474532976695,6,6,6
amazon-sports-and-outdoors,test,420935,7,0.928426878538188,6,7,7
amazon-sports-and-outdoors,test,420941,4,1.3307554756290874,3,4,4
amazon-sports-and-outdoors,test,421180,5,1.3140953361046481,5,5,5
amazon-sports-and-outdoors,test,421904,6,3.9485722873181484,2,3,4
amazon-sports-and-outdoors,test,422353,5,3.394038707913976,3,4,4
amazon-sports-and-outdoors,test,423600,6,6.371298214884978,4,5,6
amazon-sports-and-outdoors,test,423970,5,0.15976593751681079,3,3,3
amazon-sports-and-outdoors,test,424042,6,2.5390887704119685,1,5,5
amazon-sports-and-outdoors,test,424133,2,4.0891218599169985,2,2,2
amazon-sports-and-outdoors,test,424710,3,7.61884828960897,2,2,2
amazon-sports-and-outdoors,test,424732,4,0.02878251636995375,4,4,4
amazon-sports-and-outdoors,test,425296,4,3.3697784899845264,3,3,4
amazon-sports-and-outdoors,test,425976,6,4.164460193001626,5,6,6
amazon-sports-and-outdoors,test,426033,4,1.0905190604668906,2,2,2
amazon-sports-and-outdoors,test,427285,3,2.015454193273638,1,3,3
amazon-sports-and-outdoors,test,427353,4,1.6342525214969439,4,4,4
amazon-sports-and-outdoors,test,427717,53,39.01605954551264,47,51,51
amazon-sports-and-outdoors,test,428560,6,3.0767038121198125,3,6,6
amazon-sports-and-outdoors,test,428691,4,2.4237394299617376,1,2,4
amazon-sports-and-outdoors,test,428782,3,0.4940308700563837,3,3,3
amazon-sports-and-outdoors,test,428955,7,7.0137249742031385,3,5,6
amazon-sports-and-outdoors,test,429334,7,5.05806094575317,4,5,5
amazon-sports-and-outdoors,test,429497,4,3.933374773967686,3,4,4
amazon-sports-and-outdoors,test,430219,6,1.4404842923650412,4,6,6
amazon-sports-and-outdoors,test,430345,5,3.4819095505946924,4,4,5
amazon-sports-and-outdoors,test,430439,2,3.19805711009335,1,2,2
amazon-sports-and-outdoors,test,430466,4,3.7007615674816403,4,4,4
amazon-sports-and-outdoors,test,430948,2,1.4559839531430931,1,2,2
amazon-sports-and-outdoors,test,431271,7,2.036961644591356,4,5,7
amazon-sports-and-outdoors,test,431301,4,0.40507686982138014,4,4,4
amazon-sports-and-outdoors,test,431318,24,5.481165020209909,16,23,23
amazon-sports-and-outdoors,test,431370,12,2.396063994455079,7,7,8
amazon-sports-and-outdoors,test,431498,5,7.9436723706796455,2,5,5
amazon-sports-and-outdoors,test,431533,4,1.960997340283165,3,4,4
amazon-sports-and-outdoors,test,431630,15,13.482537768758881,12,15,15
amazon-sports-and-outdoors,test,431695,7,1.7783751922951614,4,4,4
amazon-sports-and-outdoors,test,431901,5,1.7402097823071403,5,5,5
amazon-sports-and-outdoors,test,432314,10,12.546870851007613,5,8,9
amazon-sports-and-outdoors,test,432423,7,2.4559497203418044,1,1,1
amazon-sports-and-outdoors,test,432441,6,1.8462489903636645,4,4,6
amazon-sports-and-outdoors,test,432557,3,1.277994930637604,1,3,3
amazon-sports-and-outdoors,test,432826,18,11.697466495141386,9,13,16
amazon-sports-and-outdoors,test,433316,4,0.9727847908025584,4,4,4
amazon-sports-and-outdoors,test,433330,5,3.5140150278032465,2,5,5
amazon-sports-and-outdoors,test,433686,7,6.476689246657642,3,7,7
amazon-sports-and-outdoors,test,434302,4,8.973534343760504,4,4,4
amazon-sports-and-outdoors,test,434307,19,6.2494651290014875,14,18,18
amazon-sports-and-outdoors,test,434795,11,4.645247264581092,8,11,11
amazon-sports-and-outdoors,test,434926,5,4.053851236405514,4,5,5
amazon-sports-and-outdoors,test,435798,7,9.983023438366352,6,7,7
amazon-sports-and-outdoors,test,436199,6,5.135855713632968,1,4,5
amazon-sports-and-outdoors,test,436987,2,1.3268136809077322,1,1,1
amazon-sports-and-outdoors,test,437126,19,7.949164422259358,12,17,17
amazon-sports-and-outdoors,test,437347,8,6.636974491804813,5,7,8
amazon-sports-and-outdoors,test,437638,2,14.83723836193799,1,1,1
amazon-sports-and-outdoors,test,437792,4,4.059827966295362,3,4,4
amazon-sports-and-outdoors,test,438564,8,2.832320866293419,6,6,6
amazon-sports-and-outdoors,test,438667,3,6.0469080577009064,2,3,3
amazon-sports-and-outdoors,test,439631,4,4.147732116566521,1,3,3
amazon-sports-and-outdoors,test,440066,12,2.344773080805404,8,11,11
amazon-sports-and-outdoors,test,440186,7,1.69714293569137,3,5,5
amazon-sports-and-outdoors,test,440500,4,3.218390336674975,3,3,3
amazon-sports-and-outdoors,test,440535,12,1.3009338153065033,6,6,6
amazon-sports-and-outdoors,test,441066,7,1.5610201004699675,4,5,5
amazon-sports-and-outdoors,test,441087,6,1.671805243645685,2,3,3
amazon-sports-and-outdoors,test,441146,7,19.49078906342624,7,7,7
amazon-sports-and-outdoors,test,441543,6,6.781040526481979,4,4,4
amazon-sports-and-outdoors,test,442310,3,2.969020636563566,3,3,3
amazon-sports-and-outdoors,test,442915,5,16.772930921246978,5,5,5
amazon-sports-and-outdoors,test,444079,3,10.075670087259278,1,1,1
amazon-sports-and-outdoors,test,444497,10,5.510751676977701,3,8,10
amazon-sports-and-outdoors,test,444668,4,2.0062031422010738,2,3,3
amazon-sports-and-outdoors,test,444686,6,4.148997011965488,5,6,6
amazon-sports-and-outdoors,test,444772,4,2.3572765123463437,3,4,4
amazon-sports-and-outdoors,test,445456,6,2.29946193702407,5,6,6
amazon-sports-and-outdoors,test,445547,6,2.412177730888679,4,6,6
amazon-sports-and-outdoors,test,445571,7,3.449125893836285,4,5,6
amazon-sports-and-outdoors,test,445803,4,2.052961976609877,1,3,3
amazon-sports-and-outdoors,test,445805,18,5.369538199510616,9,17,17
amazon-sports-and-outdoors,test,446338,10,5.815035284237329,8,10,10
amazon-sports-and-outdoors,test,446351,5,5.437621293489701,3,3,4
amazon-sports-and-outdoors,test,446376,9,4.601553719790378,6,7,7
amazon-sports-and-outdoors,test,446794,4,2.2437256496070566,2,2,2
amazon-sports-and-outdoors,test,446903,6,5.055684872128591,5,6,6
amazon-sports-and-outdoors,test,446906,4,4.5519768253187385,2,4,4
amazon-sports-and-outdoors,test,447147,5,3.3163734695525666,2,2,3
amazon-sports-and-outdoors,test,447920,4,1.0821229042156968,2,2,2
amazon-sports-and-outdoors,test,448165,3,0.29263678878877086,1,1,1
amazon-sports-and-outdoors,test,448304,5,2.199149519756093,2,2,2
amazon-sports-and-outdoors,test,448529,12,3.4268604304900325,7,9,11
amazon-sports-and-outdoors,test,448765,4,3.15814377855845,2,4,4
amazon-sports-and-outdoors,test,448809,6,0.7890258891177098,4,4,4
amazon-sports-and-outdoors,test,448946,3,0.2855480876354426,3,3,3
amazon-sports-and-outdoors,test,448978,3,0.6997047123499655,3,3,3
amazon-sports-and-outdoors,test,449392,4,0.7330345078532557,4,4,4
amazon-sports-and-outdoors,test,449415,4,1.1015264260704325,4,4,4
amazon-sports-and-outdoors,test,449563,6,2.6653286355532355,5,6,6
amazon-sports-and-outdoors,test,449574,6,11.30006239886289,3,5,5
amazon-sports-and-outdoors,test,449699,7,44.798868282093615,6,7,7
amazon-sports-and-outdoors,test,450096,6,6.715384921415895,3,5,5
amazon-sports-and-outdoors,test,450186,5,18.144567498955503,5,5,5
amazon-sports-and-outdoors,test,450707,8,4.086339354385228,6,7,8
amazon-sports-and-outdoors,test,450926,8,0.34072184685830775,5,5,5
amazon-sports-and-outdoors,test,450969,5,1.0158289036661214,5,5,5
amazon-sports-and-outdoors,test,451139,9,4.688879084591102,6,8,8
amazon-sports-and-outdoors,test,451189,11,4.252424217631796,2,8,8
amazon-sports-and-outdoors,test,451191,5,0.4490246493351766,4,4,4
amazon-sports-and-outdoors,test,451913,19,8.876208507102248,14,18,19
amazon-sports-and-outdoors,test,452584,3,12.447555414512303,3,3,3
amazon-sports-and-outdoors,test,452914,6,0.29813280555782085,5,5,5
amazon-sports-and-outdoors,test,453367,11,8.79224905935796,10,11,11
amazon-sports-and-outdoors,test,453653,23,8.605462999959158,15,20,22
amazon-sports-and-outdoors,test,453685,4,1.3374097242038991,4,4,4
amazon-sports-and-outdoors,test,454229,3,0.03561533063797387,3,3,3
amazon-sports-and-outdoors,test,454493,3,1.5196093812678904,3,3,3
amazon-sports-and-outdoors,test,455360,4,1.487307098495171,3,3,3
amazon-sports-and-outdoors,test,455486,2,5.639272979891335,2,2,2
amazon-sports-and-outdoors,test,455784,4,0.4367891324205381,2,2,2
amazon-sports-and-outdoors,test,455828,11,4.531184033292788,1,3,11
amazon-sports-and-outdoors,test,456613,9,2.5276918910424127,9,9,9
amazon-sports-and-outdoors,test,456951,12,4.473820828690206,7,9,9
amazon-sports-and-outdoors,test,457262,8,3.888421951129571,7,8,8
amazon-sports-and-outdoors,test,457398,3,0.1781638873553152,3,3,3
amazon-sports-and-outdoors,test,457884,4,9.73902432286792,3,4,4
amazon-sports-and-outdoors,test,457898,4,1.0838075809926269,4,4,4
amazon-sports-and-outdoors,test,458611,5,3.659538005216339,4,4,5
amazon-sports-and-outdoors,test,458707,4,3.727855441885326,4,4,4
amazon-sports-and-outdoors,test,459105,6,1.8195704034566933,1,6,6
amazon-sports-and-outdoors,test,459121,6,7.054655508976329,5,6,6
amazon-sports-and-outdoors,test,459191,7,1.0270242192443062,4,4,4
amazon-sports-and-outdoors,test,459356,9,4.299197855414129,8,9,9
amazon-sports-and-outdoors,test,459597,2,0.1571436256343146,1,1,1
amazon-sports-and-outdoors,test,459917,2,0.09582276555302566,2,2,2
amazon-sports-and-outdoors,test,460356,9,5.432339264771949,3,8,9
amazon-sports-and-outdoors,test,460378,4,4.399839383397198,2,3,4
amazon-sports-and-outdoors,test,460689,4,4.258151008420344,3,4,4
amazon-sports-and-outdoors,test,460758,4,1.5795454650592142,4,4,4
amazon-sports-and-outdoors,test,461629,14,5.92922943286029,12,12,14
amazon-sports-and-outdoors,test,462059,6,4.20065470562897,4,5,5
amazon-sports-and-outdoors,test,462694,5,29.898769509227193,3,5,5
amazon-sports-and-outdoors,test,463252,4,0.3624307297944196,3,3,3
amazon-sports-and-outdoors,test,463307,7,7.827811917323688,5,7,7
amazon-sports-and-outdoors,test,463652,10,5.714461957510881,6,7,8
amazon-sports-and-outdoors,test,463831,3,15.662249269512994,1,2,3
amazon-sports-and-outdoors,test,463953,5,15.038096085261088,3,4,5
amazon-sports-and-outdoors,test,463984,3,0.3749062728370124,2,2,2
amazon-sports-and-outdoors,test,464183,4,5.568726842468182,2,3,3
amazon-sports-and-outdoors,test,464193,4,3.1990513152334774,3,4,4
amazon-sports-and-outdoors,test,464223,12,2.7948758651217056,6,11,11
amazon-sports-and-outdoors,test,464228,4,0.9447446900497407,3,3,3
amazon-sports-and-outdoors,test,464960,11,48.680623031696534,10,11,11
amazon-sports-and-outdoors,test,465440,4,1.837457901254361,2,2,2
amazon-sports-and-outdoors,test,465830,5,3.5890872966832643,2,5,5
amazon-sports-and-outdoors,test,466412,6,0.31590399113489404,2,2,2
amazon-sports-and-outdoors,test,466428,22,2.858886973996156,7,16,22
amazon-sports-and-outdoors,test,466496,8,4.111406223999097,3,6,6
amazon-sports-and-outdoors,test,467676,5,0.38085326380682216,3,3,5
amazon-sports-and-outdoors,test,468234,6,2.066909265761925,6,6,6
amazon-sports-and-outdoors,test,468235,15,13.67923376152532,11,14,14
amazon-sports-and-outdoors,test,469264,6,1.341617979648798,4,4,4
amazon-sports-and-outdoors,test,469815,7,1.3376716910461925,6,6,6
amazon-sports-and-outdoors,test,470585,3,1.2770713058677003,3,3,3
amazon-sports-and-outdoors,test,470976,8,3.6966220419852753,5,6,6
amazon-sports-and-outdoors,test,471148,4,0.25178053522918725,3,3,3
amazon-sports-and-outdoors,test,471301,3,5.475105682208843,2,2,2
amazon-sports-and-outdoors,test,471429,4,0.9719899025131766,2,4,4
amazon-sports-and-outdoors,test,471936,7,4.019635353258057,7,7,7
amazon-sports-and-outdoors,test,472129,4,1.715881495294047,1,3,3
amazon-sports-and-outdoors,test,472155,17,2.308204518650466,8,9,9
amazon-sports-and-outdoors,test,472239,8,9.466991186573656,5,7,8
amazon-sports-and-outdoors,test,472902,18,9.887222877873622,7,13,15
amazon-sports-and-outdoors,test,475199,2,0.8306778240045425,2,2,2
amazon-sports-and-outdoors,test,475755,4,2.320025408933281,3,3,3
amazon-sports-and-outdoors,test,475948,3,0.8521445660450528,3,3,3
amazon-sports-and-outdoors,test,476410,5,3.7618266728506002,2,4,4
amazon-sports-and-outdoors,test,476509,3,0.5502754947465868,2,3,3
amazon-sports-and-outdoors,test,476802,5,0.825828397443616,1,4,4
amazon-sports-and-outdoors,test,476992,29,1.7780144261518513,27,27,27
amazon-sports-and-outdoors,test,477080,10,3.128240435335494,4,7,10
amazon-sports-and-outdoors,test,477128,8,1.2776831345826234,5,5,5
amazon-sports-and-outdoors,test,478014,4,0.2399214469557457,4,4,4
amazon-sports-and-outdoors,test,478268,6,0.5094188446680694,5,5,5
amazon-sports-and-outdoors,test,478788,9,2.541206578037636,8,9,9
amazon-sports-and-outdoors,test,479649,6,0.4896661218055939,5,5,5
amazon-sports-and-outdoors,test,480093,3,3.216657020242159,2,3,3
amazon-sports-and-outdoors,test,480743,4,1.3900333379902279,4,4,4
amazon-sports-and-outdoors,test,480940,10,3.7623968670774692,8,8,8
amazon-sports-and-outdoors,test,481048,10,9.188769314932916,6,10,10
amazon-sports-and-outdoors,test,481384,6,0.8256848575895641,3,3,3
amazon-sports-and-outdoors,test,481739,6,1.6248961285609549,4,6,6
amazon-sports-and-outdoors,test,482017,5,10.9054705470362,2,2,3
amazon-sports-and-outdoors,test,482247,4,0.4081128831248547,2,4,4
amazon-sports-and-outdoors,test,482268,15,19.347703487899498,8,12,14
amazon-sports-and-outdoors,test,482393,9,2.637792576451824,5,8,8
amazon-sports-and-outdoors,test,482721,9,0.14574079848075083,8,8,8
amazon-sports-and-outdoors,test,483145,4,2.3361924110769943,1,4,4
amazon-sports-and-outdoors,test,483267,5,1.3916348779640286,3,3,3
amazon-sports-and-outdoors,test,483756,7,1.0870871890944604,2,4,4
amazon-sports-and-outdoors,test,484195,15,15.388440389259992,10,12,12
amazon-sports-and-outdoors,test,484294,5,9.329701660475905,5,5,5
amazon-sports-and-outdoors,test,485346,4,3.6652515787070916,3,4,4
amazon-sports-and-outdoors,test,486143,4,2.0099357070983364,4,4,4
amazon-sports-and-outdoors,test,486300,4,0.6057865594091761,3,3,3
amazon-sports-and-outdoors,test,486388,5,6.180781176664649,5,5,5
amazon-sports-and-outdoors,test,486657,5,3.9804193663548135,4,5,5
amazon-sports-and-outdoors,test,486902,4,3.16696024487952,2,4,4
amazon-sports-and-outdoors,test,487011,11,10.479000952041961,7,11,11
amazon-sports-and-outdoors,test,487238,4,1.5728437663853188,2,2,2
amazon-sports-and-outdoors,test,488012,16,11.29493752381592,13,14,15
amazon-sports-and-outdoors,test,488463,4,4.708093334741417,3,3,3
amazon-sports-and-outdoors,test,489081,6,6.146274512965706,5,5,6
amazon-sports-and-outdoors,test,489397,4,2.861562948107699,3,3,3
amazon-sports-and-outdoors,test,489415,10,3.996978790070056,7,10,10
amazon-sports-and-outdoors,test,489472,6,7.311054696746946,3,6,6
amazon-sports-and-outdoors,test,489838,100,101.49714023936261,55,95,100
amazon-sports-and-outdoors,test,490050,3,6.253685412187379,2,2,2
amazon-sports-and-outdoors,test,492103,11,11.318346679940358,11,11,11
amazon-sports-and-outdoors,test,492132,6,1.8336917644206996,6,6,6
amazon-sports-and-outdoors,test,492356,4,0.05113138086529162,2,2,2
amazon-sports-and-outdoors,test,493387,5,0.07513002847138117,1,1,1
amazon-sports-and-outdoors,test,493508,15,2.9078657857425805,9,14,14
amazon-sports-and-outdoors,test,494027,3,3.2481535765413057,3,3,3
amazon-sports-and-outdoors,test,494623,12,4.8783695352917045,4,7,11
amazon-sports-and-outdoors,test,494907,7,1.456250149520681,7,7,7
amazon-sports-and-outdoors,test,495153,5,5.356577317292997,2,2,3
amazon-sports-and-outdoors,test,495192,3,0.09433555520515031,1,1,1
amazon-sports-and-outdoors,test,495804,6,0.01572052182420386,3,3,3
amazon-sports-and-outdoors,test,496035,4,9.069439320905813,3,4,4
amazon-sports-and-outdoors,test,496211,11,1.6641351135623619,8,10,10
amazon-sports-and-outdoors,test,497132,14,2.6479108805191967,5,8,8
amazon-sports-and-outdoors,test,498018,7,3.5356977404897245,6,7,7
amazon-sports-and-outdoors,test,498269,5,0.845154598106252,5,5,5
amazon-sports-and-outdoors,test,498555,4,1.2477208422115025,4,4,4
amazon-sports-and-outdoors,test,498724,7,2.4447295562437654,5,7,7
amazon-sports-and-outdoors,test,499354,5,1.0230281014290146,4,5,5
amazon-sports-and-outdoors,test,499425,4,3.43359094287312,4,4,4
amazon-sports-and-outdoors,test,499668,5,2.9366263613981944,3,3,4
amazon-sports-and-outdoors,test,500335,6,6.575133663228275,3,6,6
amazon-sports-and-outdoors,test,501128,12,7.821400007903943,2,5,10
amazon-sports-and-outdoors,test,501166,7,9.261874189036172,4,6,7
amazon-sports-and-outdoors,test,501170,13,10.08945995839459,8,12,12
amazon-sports-and-outdoors,test,501494,9,3.7400577833824995,2,7,9
amazon-sports-and-outdoors,test,501625,2,1.015141472007812,1,2,2
amazon-sports-and-outdoors,test,501913,5,1.5348078198291981,5,5,5
amazon-sports-and-outdoors,test,502198,7,4.80471706854081,5,6,6
amazon-sports-and-outdoors,test,502365,5,3.7151690829429054,3,4,4
amazon-sports-and-outdoors,test,503139,5,6.469498243619382,2,3,5
amazon-sports-and-outdoors,test,503580,5,2.4185764890971173,3,5,5
amazon-sports-and-outdoors,test,503600,10,7.706956779304038,5,7,9
amazon-sports-and-outdoors,test,503834,6,8.764241208811763,2,6,6
amazon-sports-and-outdoors,test,504401,6,6.692337126213166,4,5,6
amazon-sports-and-outdoors,test,505136,6,1.0934874012056555,3,3,3
amazon-sports-and-outdoors,test,505246,5,1.334653388921763,4,4,4
amazon-sports-and-outdoors,test,505446,4,2.0837725551534705,2,4,4
amazon-sports-and-outdoors,test,506138,7,1.4127044402058042,7,7,7
amazon-sports-and-outdoors,test,506155,7,4.280541375230758,7,7,7
amazon-sports-and-outdoors,test,506415,6,3.260225992001156,3,4,5
amazon-sports-and-outdoors,test,507596,5,0.9031170749908503,2,2,2
amazon-sports-and-outdoors,test,507601,9,1.6909356961279793,5,5,5
amazon-sports-and-outdoors,test,508372,6,5.597466270447325,5,5,5
amazon-sports-and-outdoors,test,508952,5,1.283961615381128,4,4,4
amazon-sports-and-outdoors,test,509403,5,18.01822083804805,5,5,5
amazon-sports-and-outdoors,test,509446,4,4.478353040104057,3,4,4
amazon-sports-and-outdoors,test,509556,4,2.202656861898932,2,2,4
amazon-sports-and-outdoors,test,509667,3,1.6504464869281585,2,3,3
amazon-sports-and-outdoors,test,510105,3,5.936490487576863,3,3,3
amazon-sports-and-outdoors,test,510763,4,0.6898373386812282,2,2,2
amazon-sports-and-outdoors,test,511071,5,3.997608065618067,4,4,5
amazon-sports-and-outdoors,test,511105,4,2.8015952749746456,2,4,4
amazon-sports-and-outdoors,test,511117,9,2.1717141103773896,5,5,6
amazon-sports-and-outdoors,test,511194,6,2.314503618433531,1,4,4
amazon-sports-and-outdoors,test,511329,5,3.0453719433511903,2,2,2
amazon-sports-and-outdoors,test,512590,11,7.611797389927336,3,7,10
amazon-sports-and-outdoors,test,512837,14,2.824678228189509,14,14,14
amazon-sports-and-outdoors,test,513579,8,1.243567702898408,3,5,5
amazon-sports-and-outdoors,test,514340,6,6.783250723019233,4,5,6
amazon-sports-and-outdoors,test,514470,5,12.946553212907006,2,3,3
amazon-sports-and-outdoors,test,515072,4,2.8470371378311707,4,4,4
amazon-sports-and-outdoors,test,515073,4,0.06526833824069578,4,4,4
amazon-sports-and-outdoors,test,515105,4,12.935328158408783,3,3,3
amazon-sports-and-outdoors,test,515310,4,3.6748552672848227,3,4,4
amazon-sports-and-outdoors,test,516017,5,0.1048015402910158,4,4,4
amazon-sports-and-outdoors,test,516363,6,1.29149137776187,4,4,4
amazon-sports-and-outdoors,test,517365,26,15.857871224660622,16,26,26
amazon-sports-and-outdoors,test,518422,6,2.3478139845090626,2,6,6
amazon-sports-and-outdoors,test,518593,4,2.722132087594204,3,3,3
amazon-sports-and-outdoors,test,519303,5,1.786612278367394,4,5,5
amazon-sports-and-outdoors,test,519616,5,1.7588823875938213,3,3,3
amazon-sports-and-outdoors,test,519944,3,1.0088430330896374,2,2,2
amazon-sports-and-outdoors,test,519954,3,2.177383802439464,1,1,1
amazon-sports-and-outdoors,test,520032,4,1.1065742442712596,1,1,1
amazon-sports-and-outdoors,test,520135,7,3.266267486650199,7,7,7
amazon-sports-and-outdoors,test,520151,4,0.4758927722925258,3,3,3
amazon-sports-and-outdoors,test,520521,8,1.6047610292732746,8,8,8
amazon-sports-and-outdoors,test,520629,8,3.2145982939376356,3,8,8
amazon-sports-and-outdoors,test,521063,4,3.464707898379599,3,4,4
amazon-sports-and-outdoors,test,521406,4,1.5580648448560195,3,3,3
amazon-sports-and-outdoors,test,521488,4,0.10096350135735033,4,4,4
amazon-sports-and-outdoors,test,521962,5,7.6197629266163736,4,4,4
amazon-sports-and-outdoors,test,522621,26,12.373816638806806,16,18,24
amazon-sports-and-outdoors,test,522685,8,3.499696993448053,2,6,6
amazon-sports-and-outdoors,test,522957,10,2.421140777042294,1,4,4
amazon-sports-and-outdoors,test,523000,5,28.42990529938303,3,4,5
amazon-sports-and-outdoors,test,523052,4,1.0147049046616485,3,4,4
amazon-sports-and-outdoors,test,523245,7,0.7049398196605454,7,7,7
amazon-sports-and-outdoors,test,523263,4,7.598055894101952,2,3,3
amazon-sports-and-outdoors,test,523651,5,7.960450937192326,1,2,2
amazon-sports-and-outdoors,test,523857,7,1.8092921039995145,2,4,4
amazon-sports-and-outdoors,test,524325,3,1.6727539812813985,3,3,3
amazon-sports-and-outdoors,test,524497,3,1.1739889395008594,1,1,2
amazon-sports-and-outdoors,test,524783,7,5.338756699022171,4,5,5
amazon-sports-and-outdoors,test,525197,4,0.6458717158154088,2,2,2
amazon-sports-and-outdoors,test,525445,12,5.527837149145178,11,11,11
amazon-sports-and-outdoors,test,525485,6,6.758414363078907,5,5,6
amazon-sports-and-outdoors,test,525853,4,1.4473044180271781,3,4,4
amazon-sports-and-outdoors,test,525978,4,1.3934584685407827,2,3,3
amazon-sports-and-outdoors,test,526278,3,1.6095552075294186,3,3,3
amazon-sports-and-outdoors,test,527685,7,11.823123213103948,3,6,6
amazon-sports-and-outdoors,test,528063,16,4.61034758453222,12,12,15
amazon-sports-and-outdoors,test,528699,3,1.9526852460459463,2,3,3
amazon-sports-and-outdoors,test,529391,6,1.9874475322842413,4,6,6
amazon-sports-and-outdoors,test,529539,5,0.427574032397976,1,1,1
amazon-sports-and-outdoors,test,530490,4,1.6828830574464733,4,4,4
amazon-sports-and-outdoors,test,530858,4,1.5008053960411285,2,3,3
amazon-sports-and-outdoors,test,531277,7,3.506269426949515,2,4,4
amazon-sports-and-outdoors,test,531428,5,0.46978334073281725,4,4,4
amazon-sports-and-outdoors,test,532396,30,22.063912243486946,21,28,29
amazon-sports-and-outdoors,test,533369,4,1.028656026830057,4,4,4
amazon-sports-and-outdoors,test,533456,5,1.4076401003827332,1,1,3
amazon-sports-and-outdoors,test,533779,6,2.9025293017579137,4,5,5
amazon-sports-and-outdoors,test,534262,4,2.7541595827457694,2,2,2
amazon-sports-and-outdoors,test,534414,3,4.476741851502867,3,3,3
amazon-sports-and-outdoors,test,534433,4,3.5780857466907516,3,4,4
amazon-sports-and-outdoors,test,535043,39,10.879366516064369,13,31,36
amazon-sports-and-outdoors,test,535059,4,0.9775275537702803,4,4,4
amazon-sports-and-outdoors,test,535102,5,1.769793795615373,2,4,4
amazon-sports-and-outdoors,test,535592,4,3.89461055430307,3,4,4
amazon-sports-and-outdoors,test,535630,4,0.348952786887066,4,4,4
amazon-sports-and-outdoors,test,536449,4,0.32294623348647344,2,2,4
amazon-sports-and-outdoors,test,536600,11,13.63265884581533,7,7,8
amazon-sports-and-outdoors,test,537159,14,5.404043937998713,5,11,11
amazon-sports-and-outdoors,test,537283,4,2.441171063158461,3,4,4
amazon-sports-and-outdoors,test,537762,7,4.90074893174495,4,6,7
amazon-sports-and-outdoors,test,538162,4,1.1741193942300945,1,1,1
amazon-sports-and-outdoors,test,538441,4,1.2567006743333162,3,4,4
amazon-sports-and-outdoors,test,538519,15,8.035461216945686,13,15,15
amazon-sports-and-outdoors,test,538536,6,6.61850556507715,5,5,5
amazon-sports-and-outdoors,test,539540,5,2.1759338648713697,3,4,4
amazon-sports-and-outdoors,test,539875,8,1.8852240259281088,6,7,7
amazon-sports-and-outdoors,test,540259,4,0.01420859512945219,3,3,3
amazon-sports-and-outdoors,test,540347,4,0.6324547046508895,1,1,1
amazon-sports-and-outdoors,test,541014,4,4.786640959903609,3,4,4
amazon-sports-and-outdoors,test,541043,3,2.793114263671609,1,2,2
amazon-sports-and-outdoors,test,541238,11,4.9053831806977755,9,11,11
amazon-sports-and-outdoors,test,542011,14,2.0909294575634205,3,10,13
amazon-sports-and-outdoors,test,542384,4,0.2605661391599059,1,2,2
amazon-sports-and-outdoors,test,542949,5,1.7085168169627627,3,3,3
amazon-sports-and-outdoors,test,543577,2,0.7800716985536179,1,1,1
amazon-sports-and-outdoors,test,543772,3,0.327785284468631,2,2,2
amazon-sports-and-outdoors,test,544153,19,8.364816187700432,10,17,18
amazon-sports-and-outdoors,test,544245,8,4.433727213213386,5,6,8
amazon-sports-and-outdoors,test,544376,5,1.2517085009562054,5,5,5
amazon-sports-and-outdoors,test,544673,10,6.1814416450354575,6,10,10
amazon-sports-and-outdoors,test,544819,5,4.141320008887311,3,4,5
amazon-sports-and-outdoors,test,545079,3,0.6872635342816392,3,3,3
amazon-sports-and-outdoors,test,545480,8,2.750183687396104,2,4,6
amazon-sports-and-outdoors,test,545853,4,2.9533356692704307,2,3,3
amazon-sports-and-outdoors,test,546092,5,4.69785349762082,2,3,4
amazon-sports-and-outdoors,test,546369,13,11.3818855347646,8,12,12
amazon-sports-and-outdoors,test,546529,4,1.030735636465097,3,3,3
amazon-sports-and-outdoors,test,547675,7,34.312154508096455,6,7,7
amazon-sports-and-outdoors,test,547754,13,7.555143822043359,10,13,13
amazon-sports-and-outdoors,test,548341,15,46.57767971130249,14,15,15
amazon-sports-and-outdoors,test,548690,4,2.218622696770208,1,2,2
amazon-sports-and-outdoors,test,548815,20,9.81421779436872,9,19,20
amazon-sports-and-outdoors,test,548871,3,6.018932193015371,3,3,3
amazon-sports-and-outdoors,test,548991,5,2.4919655351029624,1,2,2
amazon-sports-and-outdoors,test,549634,9,0.19300730929785348,5,5,5
amazon-sports-and-outdoors,test,550481,8,17.526453430239037,8,8,8
amazon-sports-and-outdoors,test,550597,5,2.5118832098419177,4,5,5
amazon-sports-and-outdoors,test,550808,5,3.876867389397322,4,5,5
amazon-sports-and-outdoors,test,551289,4,1.363753913476661,2,3,3
amazon-sports-and-outdoors,test,551715,4,2.801969853194152,1,4,4
amazon-sports-and-outdoors,test,552787,4,1.6107307539952918,2,2,2
amazon-sports-and-outdoors,test,552903,4,1.933951576843453,2,4,4
amazon-sports-and-outdoors,test,553678,4,0.1648765378821633,1,1,1
amazon-sports-and-outdoors,test,553735,2,0.1245701239108451,2,2,2
amazon-sports-and-outdoors,test,553738,7,7.232479183086405,5,7,7
amazon-sports-and-outdoors,test,553915,4,3.0680047154031613,3,4,4
amazon-sports-and-outdoors,test,554157,3,0.4139549287501736,1,3,3
amazon-sports-and-outdoors,test,554262,5,7.439711344789999,2,3,3
amazon-sports-and-outdoors,test,554788,8,4.784533858289155,4,7,8
amazon-sports-and-outdoors,test,555161,10,3.889638867737541,7,10,10
amazon-sports-and-outdoors,test,555289,6,2.324043467462912,3,4,4
amazon-sports-and-outdoors,test,556137,5,5.246749106477626,3,4,5
amazon-sports-and-outdoors,test,556149,5,7.950486284211819,3,4,5
amazon-sports-and-outdoors,test,557850,4,3.187435557412439,2,3,3
amazon-sports-and-outdoors,test,558398,7,4.441968462734424,3,4,6
amazon-sports-and-outdoors,test,558874,4,11.386400034999404,2,3,4
amazon-sports-and-outdoors,test,558892,3,1.7096856226067603,1,2,2
amazon-sports-and-outdoors,test,558911,8,7.546075698372277,1,4,5
amazon-sports-and-outdoors,test,559183,5,1.8597063142864583,3,3,5
amazon-sports-and-outdoors,test,559328,5,0.5590630151854856,2,4,4
amazon-sports-and-outdoors,test,559488,4,0.2000379865138624,3,3,3
amazon-sports-and-outdoors,test,560337,11,5.594692356159122,9,9,10
amazon-sports-and-outdoors,test,561105,5,2.6867393362510956,2,5,5
amazon-sports-and-outdoors,test,561905,5,1.7375611680020322,3,5,5
amazon-sports-and-outdoors,test,562620,14,9.403956968179223,5,11,14
amazon-sports-and-outdoors,test,562712,3,0.06788721362576516,2,2,2
amazon-sports-and-outdoors,test,563013,3,6.312065423509317,3,3,3
amazon-sports-and-outdoors,test,563122,4,1.6860611567012427,2,4,4
amazon-sports-and-outdoors,test,563365,5,0.2066537727520913,5,5,5
amazon-sports-and-outdoors,test,563533,10,2.968884762742235,8,8,8
amazon-sports-and-outdoors,test,563881,5,6.188709440573906,4,4,4
amazon-sports-and-outdoors,test,564031,3,0.0631152404299164,3,3,3
amazon-sports-and-outdoors,test,564347,5,1.803037282164063,2,4,4
amazon-sports-and-outdoors,test,565188,4,1.8172420442771546,1,4,4
amazon-sports-and-outdoors,test,565198,6,2.6627991091012593,2,4,5
amazon-sports-and-outdoors,test,565318,3,0.6905288677018543,2,2,2
amazon-sports-and-outdoors,test,565455,6,6.0247248059469385,6,6,6
amazon-sports-and-outdoors,test,565670,3,3.686559713174064,3,3,3
amazon-sports-and-outdoors,test,565684,4,1.4997940084138675,1,1,2
amazon-sports-and-outdoors,test,568603,7,0.6918383053943891,4,4,4
amazon-sports-and-outdoors,test,568674,3,1.3801616026132184,2,3,3
amazon-sports-and-outdoors,test,569132,26,26.31525092445085,19,22,25
amazon-sports-and-outdoors,test,569285,16,16.174383343667056,13,14,14
amazon-sports-and-outdoors,test,569767,4,1.6459569673861854,3,3,3
amazon-sports-and-outdoors,test,569807,7,0.7831555584751098,5,6,7
amazon-sports-and-outdoors,test,569813,8,14.81568134575354,5,7,7
amazon-sports-and-outdoors,test,570318,5,0.9049743696769812,4,4,4
amazon-sports-and-outdoors,test,570667,5,16.981106930186098,1,2,3
amazon-sports-and-outdoors,test,571126,3,2.8581576435038367,3,3,3
amazon-sports-and-outdoors,test,571127,9,3.790873799522406,6,9,9
amazon-sports-and-outdoors,test,571623,10,2.0360040513661204,7,10,10
amazon-sports-and-outdoors,test,572025,13,8.748127340205182,8,10,11
amazon-sports-and-outdoors,test,572211,4,1.0249315244844495,3,3,3
amazon-sports-and-outdoors,test,572587,5,11.838939031645252,3,4,4
amazon-sports-and-outdoors,test,572657,4,0.8625033588458022,3,3,3
amazon-sports-and-outdoors,test,574477,2,0.5994174079477991,2,2,2
amazon-sports-and-outdoors,test,574512,6,9.760606584091157,3,3,5
amazon-sports-and-outdoors,test,575327,5,3.42417731903768,4,5,5
amazon-sports-and-outdoors,test,575692,4,19.63231803779169,3,3,3
amazon-sports-and-outdoors,test,575777,4,2.2154451262073507,1,4,4
amazon-sports-and-outdoors,test,575829,5,0.7384787128149501,5,5,5
amazon-sports-and-outdoors,test,576018,17,48.28845087057715,13,17,17
amazon-sports-and-outdoors,test,576132,5,0.7192944659306306,4,4,4
amazon-sports-and-outdoors,test,576309,12,7.4357946629344545,4,10,10
amazon-sports-and-outdoors,test,576495,4,1.1602009187872389,1,1,1
amazon-sports-and-outdoors,test,576742,4,4.20526741038639,1,1,4
amazon-sports-and-outdoors,test,577209,2,3.141085401851453,1,1,2
amazon-sports-and-outdoors,test,577234,10,4.5362220706932455,8,10,10
amazon-sports-and-outdoors,test,577648,5,14.233221863049497,5,5,5
amazon-sports-and-outdoors,test,577723,5,0.8329964023837133,3,3,4
amazon-sports-and-outdoors,test,577787,4,1.7661952541177501,3,3,4
amazon-sports-and-outdoors,test,578266,4,0.8683598113257175,3,3,3
amazon-sports-and-outdoors,test,578502,6,3.622019515868886,2,2,3
amazon-sports-and-outdoors,test,579104,5,9.725568717193841,3,5,5
amazon-sports-and-outdoors,test,579257,4,7.039230525930818,4,4,4
amazon-sports-and-outdoors,test,579282,4,4.195128289074991,2,4,4
amazon-sports-and-outdoors,test,579484,4,0.4271953568161539,1,2,2
amazon-sports-and-outdoors,test,579640,4,1.8852474205452054,3,4,4
amazon-sports-and-outdoors,test,579953,4,4.383359924333613,2,4,4
amazon-sports-and-outdoors,test,580584,4,0.35556341837915484,2,2,2
amazon-sports-and-outdoors,test,580946,13,3.6844552550191696,4,10,10
amazon-sports-and-outdoors,test,580968,7,53.24987341133037,6,7,7
amazon-sports-and-outdoors,test,581736,4,1.7097024085749601,4,4,4
amazon-sports-and-outdoors,test,582033,5,1.5844460425626068,2,5,5
amazon-sports-and-outdoors,test,582065,2,2.0174658659980125,1,1,1
amazon-sports-and-outdoors,test,582553,2,0.8298448698975118,1,1,1
amazon-sports-and-outdoors,test,582636,4,1.7635100278977505,2,2,2
amazon-sports-and-outdoors,test,582649,4,4.6809169843994916,4,4,4
amazon-sports-and-outdoors,test,582716,4,5.3301813162128795,3,4,4
amazon-sports-and-outdoors,test,582820,9,4.6405269049331315,3,6,8
amazon-sports-and-outdoors,test,582945,5,1.0805136982091752,2,2,2
amazon-sports-and-outdoors,test,583097,4,11.717941278982396,2,2,2
amazon-sports-and-outdoors,test,583275,3,0.6398604887783159,2,2,2
amazon-sports-and-outdoors,test,584036,6,3.581495941694799,5,6,6
amazon-sports-and-outdoors,test,584852,11,8.700557360230711,7,10,10
amazon-sports-and-outdoors,test,584882,4,2.977095083786433,4,4,4
amazon-sports-and-outdoors,test,584887,5,3.0106585611147363,4,5,5
amazon-sports-and-outdoors,test,584918,4,1.386262707275316,1,2,2
amazon-sports-and-outdoors,test,585082,3,2.1168195004839516,3,3,3
amazon-sports-and-outdoors,test,585806,4,1.2038460221815335,2,2,3
amazon-sports-and-outdoors,test,585974,20,4.516524926567998,9,18,18
amazon-sports-and-outdoors,test,586465,6,4.596775534464567,2,4,4
amazon-sports-and-outdoors,test,586585,7,5.927019632841972,6,7,7
amazon-sports-and-outdoors,test,586947,4,1.739063578242372,3,4,4
amazon-sports-and-outdoors,test,587439,3,8.338509006861496,3,3,3
amazon-sports-and-outdoors,test,587601,4,8.609873612233296,1,2,4
amazon-sports-and-outdoors,test,588756,5,0.13916202067634764,4,4,4
amazon-sports-and-outdoors,test,588843,4,0.7600802712929675,2,2,4
amazon-sports-and-outdoors,test,588928,6,63.96654939839486,3,5,6
amazon-sports-and-outdoors,test,589289,3,2.6016619694593186,1,3,3
amazon-sports-and-outdoors,test,589688,5,18.07419715159302,5,5,5
amazon-sports-and-outdoors,test,590518,4,1.6700018755345571,4,4,4
amazon-sports-and-outdoors,test,590999,4,2.7914753187450496,1,4,4
amazon-sports-and-outdoors,test,591160,5,6.248038586050491,3,4,5
amazon-sports-and-outdoors,test,591284,7,1.227842687192954,7,7,7
amazon-sports-and-outdoors,test,592553,6,2.928562884532497,4,5,5
amazon-sports-and-outdoors,test,592806,10,0.5633893010996924,2,7,8
amazon-sports-and-outdoors,test,592983,4,0.06130618888073676,4,4,4
amazon-sports-and-outdoors,test,593627,4,3.9711862908072506,2,3,4
amazon-sports-and-outdoors,test,593714,3,2.976770995644504,2,3,3
amazon-sports-and-outdoors,test,593715,4,7.685572645374745,2,4,4
amazon-sports-and-outdoors,test,593831,31,44.180865503024584,9,22,27
amazon-sports-and-outdoors,test,594200,6,4.540231670152288,3,4,6
amazon-sports-and-outdoors,test,594238,5,16.279134658226454,5,5,5
amazon-sports-and-outdoors,test,594359,9,18.467877802909733,9,9,9
amazon-sports-and-outdoors,test,594583,4,4.178818407942116,3,4,4
amazon-sports-and-outdoors,test,594868,6,1.1864020968978606,1,1,1
amazon-sports-and-outdoors,test,595078,6,9.324892943192186,6,6,6
amazon-sports-and-outdoors,test,595099,11,2.611065019456523,9,9,9
amazon-sports-and-outdoors,test,595400,4,2.465531996897107,3,3,3
amazon-sports-and-outdoors,test,595519,9,4.935123158119987,6,8,8
amazon-sports-and-outdoors,test,595524,11,8.613072198299648,6,10,10
amazon-sports-and-outdoors,test,595731,6,1.8947392907835914,3,5,5
amazon-sports-and-outdoors,test,595871,7,2.174663550380308,5,7,7
amazon-sports-and-outdoors,test,596163,4,1.5951305095810209,1,1,1
amazon-sports-and-outdoors,test,596457,12,2.526285834902998,10,10,12
amazon-sports-and-outdoors,test,596833,5,18.30300337979522,4,4,4
amazon-sports-and-outdoors,test,596949,5,2.628704032055648,1,2,2
amazon-sports-and-outdoors,test,596986,5,2.762397527942359,2,5,5
amazon-sports-and-outdoors,test,597035,3,1.2791621502058659,3,3,3
amazon-sports-and-outdoors,test,597395,4,2.2097764915291,1,2,4
amazon-sports-and-outdoors,test,598643,8,0.38070681614725577,1,1,2
amazon-sports-and-outdoors,test,598678,6,11.010101584185662,5,5,6
amazon-sports-and-outdoors,test,598895,4,1.771414500670976,3,3,3
amazon-sports-and-outdoors,test,598970,4,0.9570394204585001,4,4,4
amazon-sports-and-outdoors,test,599062,4,2.930272806348215,1,2,2
amazon-sports-and-outdoors,test,599847,5,1.6088587881086085,5,5,5
amazon-sports-and-outdoors,test,599961,18,12.131699534341381,16,18,18
amazon-sports-and-outdoors,test,600183,17,12.316953180233847,11,16,17
amazon-sports-and-outdoors,test,600725,7,7.6791374074243945,5,6,6
amazon-sports-and-outdoors,test,601009,6,7.235712927164891,4,6,6
amazon-sports-and-outdoors,test,601324,10,2.0324037916197844,5,6,10
amazon-sports-and-outdoors,test,601330,3,4.193553976734648,3,3,3
amazon-sports-and-outdoors,test,601387,15,8.54990038783517,11,13,13
amazon-sports-and-outdoors,test,601542,4,0.18658938600761343,1,1,1
amazon-sports-and-outdoors,test,601635,5,3.0373030473933973,4,5,5
amazon-sports-and-outdoors,test,601708,11,17.15620189316643,11,11,11
amazon-sports-and-outdoors,test,601888,4,3.3700319977562314,1,2,2
amazon-sports-and-outdoors,test,601931,14,6.370636556957367,11,13,13
amazon-sports-and-outdoors,test,602076,2,1.3210054715647683,1,1,2
amazon-sports-and-outdoors,test,602792,5,1.6694219005073196,2,5,5
amazon-sports-and-outdoors,test,602994,4,2.0811708622555347,4,4,4
amazon-sports-and-outdoors,test,603106,3,0.2330742258331292,2,2,2
amazon-sports-and-outdoors,test,603181,6,3.4439834397832474,3,4,5
amazon-sports-and-outdoors,test,603414,4,10.803597166898653,2,4,4
amazon-sports-and-outdoors,test,603689,7,1.2828625970694871,4,7,7
amazon-sports-and-outdoors,test,604304,4,5.552711046211242,4,4,4
amazon-sports-and-outdoors,test,604534,6,24.35185028290965,5,6,6
amazon-sports-and-outdoors,test,604614,4,12.470527871117602,3,4,4
amazon-sports-and-outdoors,test,604634,4,4.247862399470885,3,4,4
amazon-sports-and-outdoors,test,604758,5,76.05889627897379,3,5,5
amazon-sports-and-outdoors,test,604816,3,2.4800987807967996,1,2,2
amazon-sports-and-outdoors,test,604997,4,1.00464561582893,1,3,3
amazon-sports-and-outdoors,test,605050,15,2.1188433331222973,13,13,15
amazon-sports-and-outdoors,test,606300,4,1.7636525103679788,4,4,4
amazon-sports-and-outdoors,test,606564,6,15.311654497720877,4,5,6
amazon-sports-and-outdoors,test,607034,4,3.2885448455644664,2,2,4
amazon-sports-and-outdoors,test,607090,4,1.9389984698334344,4,4,4
amazon-sports-and-outdoors,test,607634,5,21.24287035826675,5,5,5
amazon-sports-and-outdoors,test,607648,4,0.6998322592736856,1,1,1
amazon-sports-and-outdoors,test,607700,6,0.3893934886039798,1,1,1
amazon-sports-and-outdoors,test,608967,5,1.7870103833769748,5,5,5
amazon-sports-and-outdoors,test,609199,5,20.820023360252122,5,5,5
amazon-sports-and-outdoors,test,609231,8,3.0391645716148217,3,5,7
amazon-sports-and-outdoors,test,609367,11,4.469243678463854,6,9,9
amazon-sports-and-outdoors,test,609533,4,2.770881711396866,3,4,4
amazon-sports-and-outdoors,test,610142,10,0.7922538175851652,8,8,8
amazon-sports-and-outdoors,test,610216,4,3.406157648262064,3,4,4
amazon-sports-and-outdoors,test,610366,6,3.2594348045551564,5,6,6
amazon-sports-and-outdoors,test,610591,4,0.8896541998029831,1,2,2
amazon-sports-and-outdoors,test,610843,2,2.080140573892427,2,2,2
amazon-sports-and-outdoors,test,611568,5,5.523107603475251,5,5,5
amazon-sports-and-outdoors,test,611937,10,3.042184195469031,10,10,10
amazon-sports-and-outdoors,test,612472,5,2.002571293113008,4,4,4
amazon-sports-and-outdoors,test,612545,6,2.7232415475711034,5,5,6
amazon-sports-and-outdoors,test,612748,4,5.225971514344138,3,3,3
amazon-sports-and-outdoors,test,613210,4,0.11500265072907274,3,3,3
amazon-sports-and-outdoors,test,614352,5,1.8295945342772773,2,2,2
amazon-sports-and-outdoors,test,614512,6,0.39944815138246986,6,6,6
amazon-sports-and-outdoors,test,614847,3,2.078409504400237,3,3,3
amazon-sports-and-outdoors,test,614899,29,14.501423569058993,20,26,27
amazon-sports-and-outdoors,test,615228,4,3.014544050147485,3,4,4
amazon-sports-and-outdoors,test,615307,5,2.7332338247040013,1,1,3
amazon-sports-and-outdoors,test,615377,14,21.353552803038603,12,14,14
amazon-sports-and-outdoors,test,615553,3,0.9086651679132121,3,3,3
amazon-sports-and-outdoors,test,615569,5,2.0744900469121554,3,3,3
amazon-sports-and-outdoors,test,615577,5,1.4347612024198757,4,5,5
amazon-sports-and-outdoors,test,615776,13,7.331696150713145,11,11,11
amazon-sports-and-outdoors,test,615899,7,3.4173148980225996,5,5,6
amazon-sports-and-outdoors,test,616127,3,0.5512007055922254,1,1,1
amazon-sports-and-outdoors,test,616414,4,1.3874776412886178,1,4,4
amazon-sports-and-outdoors,test,617125,3,0.7851932692761402,3,3,3
amazon-sports-and-outdoors,test,617640,5,5.074561023801314,4,5,5
amazon-sports-and-outdoors,test,618448,4,4.177707361889482,2,3,3
amazon-sports-and-outdoors,test,618468,8,6.087040399860268,6,7,7
amazon-sports-and-outdoors,test,618618,6,3.0475563661577434,5,6,6
amazon-sports-and-outdoors,test,618672,4,1.517462099068141,1,3,3
amazon-sports-and-outdoors,test,619020,7,0.4702751563837632,1,5,5
amazon-sports-and-outdoors,test,619041,9,8.174139220176787,5,6,7
amazon-sports-and-outdoors,test,619643,6,11.466097300723792,3,5,6
amazon-sports-and-outdoors,test,619968,4,1.999265382588563,2,4,4
amazon-sports-and-outdoors,test,620017,4,2.2408418995741783,1,2,3
amazon-sports-and-outdoors,test,620071,5,36.697428561496714,4,5,5
amazon-sports-and-outdoors,test,620334,10,10.368525754499533,5,8,10
amazon-sports-and-outdoors,test,620417,4,1.1101858708936996,1,3,3
amazon-sports-and-outdoors,test,621345,4,4.277581757908537,2,4,4
amazon-sports-and-outdoors,test,621413,4,4.944153083800444,1,3,4
amazon-sports-and-outdoors,test,621483,6,2.40111287003973,6,6,6
amazon-sports-and-outdoors,test,621707,4,3.1772025932866965,2,3,3
amazon-sports-and-outdoors,test,621825,4,1.8354137139774114,4,4,4
amazon-sports-and-outdoors,test,622207,4,2.904880791208594,4,4,4
amazon-sports-and-outdoors,test,622886,10,14.616358943742291,9,9,10
amazon-sports-and-outdoors,test,623522,7,2.8960431772110526,5,5,5
amazon-sports-and-outdoors,test,623696,9,6.893084220753722,5,7,9
amazon-sports-and-outdoors,test,624111,5,0.6344996849657071,5,5,5
amazon-sports-and-outdoors,test,624124,6,4.429610024950293,2,6,6
amazon-sports-and-outdoors,test,624220,4,2.7463511997275116,2,4,4
amazon-sports-and-outdoors,test,624239,4,6.42027900922607,4,4,4
amazon-sports-and-outdoors,test,624616,4,0.5561100065121627,3,3,3
amazon-sports-and-outdoors,test,624818,5,1.51686560241866,5,5,5
amazon-sports-and-outdoors,test,625215,18,6.7819089029471,14,15,16
amazon-sports-and-outdoors,test,625282,4,3.8169701644615146,2,4,4
amazon-sports-and-outdoors,test,625329,9,3.6908349803187828,9,9,9
amazon-sports-and-outdoors,test,625462,4,3.263051189404802,2,3,4
amazon-sports-and-outdoors,test,625726,6,8.972313858482128,4,6,6
amazon-sports-and-outdoors,test,625762,4,0.7754802736456466,4,4,4
amazon-sports-and-outdoors,test,625764,5,1.3270098256070075,3,4,4
amazon-sports-and-outdoors,test,625845,5,4.51722894593504,3,5,5
amazon-sports-and-outdoors,test,625911,5,0.47249962760263464,5,5,5
amazon-sports-and-outdoors,test,626781,3,1.4898387397147947,3,3,3
amazon-sports-and-outdoors,test,627008,13,3.3700754826659765,10,11,12
amazon-sports-and-outdoors,test,627874,4,0.4043151569494635,4,4,4
amazon-sports-and-outdoors,test,628122,5,6.549819762318621,5,5,5
amazon-sports-and-outdoors,test,628356,9,3.2585473951812114,4,7,7
amazon-sports-and-outdoors,test,628433,4,2.2889737468779088,2,2,4
amazon-sports-and-outdoors,test,628839,37,33.26350322098939,22,34,36
amazon-sports-and-outdoors,test,628984,5,6.311054300228012,4,5,5
amazon-sports-and-outdoors,test,628997,5,1.510134825689616,4,4,4
amazon-sports-and-outdoors,test,629002,3,2.02563177692162,1,3,3
amazon-sports-and-outdoors,test,629018,4,11.752936454007834,2,3,3
amazon-sports-and-outdoors,test,629040,9,6.317043057858853,9,9,9
amazon-sports-and-outdoors,test,630165,3,5.17148280766598,1,1,1
amazon-sports-and-outdoors,test,630449,5,0.8966916178408673,5,5,5
amazon-sports-and-outdoors,test,631404,11,1.8936080222653313,2,9,9
amazon-sports-and-outdoors,test,631419,14,7.427273074527188,8,12,14
amazon-sports-and-outdoors,test,631437,4,3.1833777809029344,1,1,3
amazon-sports-and-outdoors,test,631566,4,1.403478766345006,3,3,3
