dataset,split,user,history_length,positive_signal_total,items_for_50pct,items_for_80pct,items_for_90pct
amazon-all-beauty,valid,0,14,3.218656390078972,4,11,11
amazon-all-beauty,valid,1,1,1.4923081746784188,1,1,1
amazon-all-beauty,valid,3,3,0.4961017740443884,1,1,1
amazon-all-beauty,valid,4,7,7.425872107438233,5,6,6
amazon-all-beauty,valid,5,8,5.209059017958875,6,7,7
amazon-all-beauty,valid,6,2,0.7118095853971957,1,1,1
amazon-all-beauty,valid,7,4,37.682427223536784,3,4,4
amazon-all-beauty,valid,8,15,3.2200067722386017,7,11,12
amazon-all-beauty,valid,9,5,5.156811449703193,4,5,5
amazon-all-beauty,valid,10,5,1.629674601758306,3,3,3
amazon-all-beauty,valid,11,5,1.5532930641595382,1,5,5
amazon-all-beauty,valid,13,11,2.6814274035918486,4,10,11
amazon-all-beauty,valid,14,14,3.9764781439458594,11,11,14
amazon-all-beauty,valid,15,25,18.209703101339095,13,19,22
amazon-all-beauty,valid,16,8,20.481706362657995,5,6,6
amazon-all-beauty,valid,17,10,1.6742545840583327,2,2,2
amazon-all-beauty,valid,18,6,4.654338572383274,4,6,6
amazon-all-beauty,valid,19,2,0.4210088960012931,2,2,2
amazon-all-beauty,valid,20,2,0.4127158912851811,2,2,2
amazon-all-beauty,valid,21,1,0.06360502017904113,1,1,1
amazon-all-beauty,valid,23,4,15.134528973680608,4,4,4
amazon-all-beauty,valid,24,4,14.385562750297632,1,1,1
amazon-all-beauty,valid,26,2,1.2526085038102004,2,2,2
amazon-all-beauty,valid,27,3,1.4504930200790038,3,3,3
amazon-all-beauty,valid,28,6,8.82784253689019,2,6,6
amazon-all-beauty,valid,29,3,1.5072249634299733,3,3,3
amazon-all-beauty,valid,30,1,4.34247778556052,1,1,1
amazon-all-beauty,valid,31,4,6.674464884427504,4,4,4
amazon-all-beauty,valid,32,1,0.5308915164868035,1,1,1
amazon-all-beauty,valid,33,37,5.457740251693937,24,36,36
amazon-all-beauty,valid,34,19,39.282302373862436,11,17,17
amazon-all-beauty,valid,36,23,11.533000002525576,15,22,22
amazon-all-beauty,valid,37,3,43.84289465953485,2,3,3
amazon-all-beauty,valid,38,3,1.1639388704751155,1,1,1
amazon-all-beauty,valid,39,1,1.4391838620892807,1,1,1
amazon-all-beauty,valid,41,4,5.564317263301052,2,2,2
amazon-all-beauty,valid,42,7,4.19032910282992,5,7,7
amazon-all-beauty,valid,44,6,4.933322401492234,2,3,3
amazon-all-beauty,valid,45,2,14.927162707375167,2,2,2
amazon-all-beauty,valid,46,6,1.1168817296965128,2,6,6
amazon-all-beauty,valid,47,4,2.600495517934882,2,4,4
amazon-all-beauty,valid,48,3,45.78706329948713,2,3,3
amazon-all-beauty,valid,51,6,1.6311158430405268,2,4,4
amazon-all-beauty,valid,52,2,1.6451338348715834,1,1,1
amazon-all-beauty,valid,53,3,13.474980138811796,2,3,3
amazon-all-beauty,valid,54,2,3.4525699056229353,1,1,1
amazon-all-beauty,valid,55,3,45.99065192067253,2,3,3
amazon-all-beauty,valid,56,4,4.042359693340913,2,2,2
amazon-all-beauty,valid,57,2,0.6429951651242894,2,2,2
amazon-all-beauty,valid,59,2,0.33723838655634863,2,2,2
amazon-all-beauty,valid,63,4,2.5669924638671753,4,4,4
amazon-all-beauty,valid,64,6,5.800179291228621,5,6,6
amazon-all-beauty,valid,66,3,0.8294816970611477,2,2,2
amazon-all-beauty,valid,67,3,42.05091030676935,2,3,3
amazon-all-beauty,valid,68,6,7.155208633181271,2,2,2
amazon-all-beauty,valid,70,4,15.157408963933115,4,4,4
amazon-all-beauty,valid,72,2,16.957957112399754,1,2,2
amazon-all-beauty,valid,75,3,0.9076636620735481,2,2,2
amazon-all-beauty,valid,76,9,4.819385308159957,5,5,6
amazon-all-beauty,valid,77,3,43.20497356061132,2,3,3
amazon-all-beauty,valid,78,4,13.017354708409052,4,4,4
amazon-all-beauty,valid,79,2,0.16005669116454477,2,2,2
amazon-all-beauty,valid,80,2,1.2447019737619798,2,2,2
amazon-all-beauty,valid,81,40,7.167809777094544,13,27,36
amazon-all-beauty,valid,83,3,1.7178203937520213,3,3,3
amazon-all-beauty,valid,84,2,4.341631286534992,2,2,2
amazon-all-beauty,valid,85,5,6.141575760831193,1,2,2
amazon-all-beauty,valid,86,5,2.0206144873300187,1,2,2
amazon-all-beauty,valid,88,4,0.35421518261482454,3,3,3
amazon-all-beauty,valid,91,2,0.6653781713760746,1,1,1
amazon-all-beauty,valid,93,19,4.8146971006330395,16,16,16
amazon-all-beauty,valid,94,4,6.383534713081982,4,4,4
amazon-all-beauty,valid,95,2,1.3319506320191368,2,2,2
amazon-all-beauty,valid,97,8,5.16530797885391,6,7,7
amazon-all-beauty,valid,98,10,0.8190989941248337,3,9,9
amazon-all-beauty,valid,99,26,3.076178690757619,6,10,10
amazon-all-beauty,valid,100,2,1.556335581978552,1,1,1
amazon-all-beauty,valid,101,4,58.53712685467339,3,4,4
amazon-all-beauty,valid,103,5,1.8352326791250642,3,3,3
amazon-all-beauty,valid,104,2,0.025658862617495504,1,1,1
amazon-all-beauty,valid,105,3,45.14587804808486,2,3,3
amazon-all-beauty,valid,106,3,2.9392883038807067,3,3,3
amazon-all-beauty,valid,107,4,1.0948263090812984,3,3,3
amazon-all-beauty,valid,108,4,0.40420149830697116,4,4,4
amazon-all-beauty,valid,109,12,4.489264609669517,2,12,12
amazon-all-beauty,valid,110,14,7.352587048737387,9,9,9
amazon-all-beauty,valid,111,4,15.449767132688752,2,2,2
amazon-all-beauty,valid,112,3,45.476846354390126,2,3,3
amazon-all-beauty,valid,113,4,60.286506471664296,3,4,4
amazon-all-beauty,valid,114,2,0.2504392807579536,2,2,2
amazon-all-beauty,valid,116,3,1.7578831684738188,2,2,2
amazon-all-beauty,valid,117,3,5.930799597854444,2,3,3
amazon-all-beauty,valid,118,3,2.881676967421861,2,3,3
amazon-all-beauty,valid,120,6,12.05176567610922,6,6,6
amazon-all-beauty,valid,121,5,4.38422333283212,2,5,5
amazon-all-beauty,valid,122,3,1.9528361690516827,2,3,3
amazon-all-beauty,valid,123,3,2.9835786457777336,1,2,2
amazon-all-beauty,valid,124,12,4.699806448509087,11,12,12
amazon-all-beauty,valid,125,5,12.556366320081722,3,4,4
amazon-all-beauty,valid,126,3,6.325538565139183,2,3,3
amazon-all-beauty,valid,127,3,44.55537838882198,2,3,3
amazon-all-beauty,valid,128,5,0.2075881473627785,3,3,3
amazon-all-beauty,valid,130,6,0.7652596356407506,1,1,1
amazon-all-beauty,valid,131,3,44.89930043403557,2,3,3
amazon-all-beauty,valid,133,6,2.759181129539668,4,4,4
amazon-all-beauty,valid,136,3,5.616215254932526,3,3,3
amazon-all-beauty,valid,137,4,0.7437180772632714,1,2,2
amazon-all-beauty,valid,138,3,1.2855068981169864,3,3,3
amazon-all-beauty,valid,139,2,0.6705081698367055,2,2,2
amazon-all-beauty,valid,140,14,7.543017482588774,9,13,14
amazon-all-beauty,valid,144,3,2.176146332590095,3,3,3
amazon-all-beauty,valid,145,4,3.1849345349241833,2,3,3
amazon-all-beauty,valid,146,8,1.8880124046418107,4,5,5
amazon-all-beauty,valid,147,5,0.9478065160220361,2,2,2
amazon-all-beauty,valid,148,6,0.011180538431776466,4,4,4
amazon-all-beauty,valid,149,4,19.998476030716667,4,4,4
amazon-all-beauty,valid,150,5,75.91850620456928,3,5,5
amazon-all-beauty,valid,151,5,8.103848096359703,3,4,4
amazon-all-beauty,valid,152,3,0.5795789471220234,1,3,3
amazon-all-beauty,valid,155,1,3.966555342168372,1,1,1
amazon-all-beauty,valid,156,9,8.566112331566437,3,9,9
amazon-all-beauty,valid,157,3,3.6940704967000273,2,2,2
amazon-all-beauty,valid,158,4,1.096590639243515,3,3,4
amazon-all-beauty,valid,159,6,0.5739700748857808,2,2,2
amazon-all-beauty,valid,160,1,0.8671069833212834,1,1,1
amazon-all-beauty,valid,161,4,0.5912101468018544,2,2,2
amazon-all-beauty,valid,162,10,1.2744167876119654,7,7,7
amazon-all-beauty,valid,163,11,2.0259445606585667,5,5,5
amazon-all-beauty,valid,164,2,1.5001032098033238,1,1,1
amazon-all-beauty,valid,165,4,4.9785861371893905,1,4,4
amazon-all-beauty,valid,166,3,1.0639030381011416,3,3,3
amazon-all-beauty,valid,167,7,1.5040471733172567,3,3,5
amazon-all-beauty,valid,168,1,13.915941574935399,1,1,1
amazon-all-beauty,valid,170,26,14.708981679905715,9,14,26
amazon-all-beauty,valid,171,3,2.2865194075393855,2,2,2
amazon-all-beauty,valid,172,16,1.0799682861622542,3,3,9
amazon-all-beauty,valid,173,9,1.2379363878958893,4,9,9
amazon-all-beauty,valid,174,4,3.0094207050261357,2,2,2
amazon-all-beauty,valid,175,3,0.45223486645834154,1,1,1
amazon-all-beauty,valid,176,6,4.256254757399059,3,6,6
amazon-all-beauty,valid,177,4,2.2229087818144757,4,4,4
amazon-all-beauty,valid,178,2,1.1752933656270268,1,2,2
amazon-all-beauty,valid,179,8,3.124583749719646,3,5,8
amazon-all-beauty,valid,180,3,1.9424663403910443,2,3,3
amazon-all-beauty,valid,181,10,10.676456331596498,6,8,8
amazon-all-beauty,valid,182,5,75.89573894122819,3,4,5
amazon-all-beauty,valid,183,45,20.598789214412317,30,40,44
amazon-all-beauty,valid,184,22,14.87614866720755,8,18,19
amazon-all-beauty,valid,185,3,0.3978871896829867,2,2,2
amazon-all-beauty,valid,186,2,1.7965781900037345,1,1,1
amazon-all-beauty,valid,187,2,10.457248072446813,1,2,2
amazon-all-beauty,valid,188,4,2.582708936096346,3,4,4
amazon-all-beauty,valid,189,3,2.9382355700467473,3,3,3
amazon-all-beauty,valid,190,4,0.08282779214857677,2,2,2
amazon-all-beauty,valid,191,3,1.9951293350350372,2,2,2
amazon-all-beauty,valid,192,3,43.893539472868014,2,3,3
amazon-all-beauty,valid,193,4,0.5976645324731429,2,2,2
amazon-all-beauty,valid,195,7,1.8296348331823427,2,7,7
amazon-all-beauty,valid,196,3,0.15400418001243446,2,2,2
amazon-all-beauty,valid,197,6,14.021518520199953,5,5,5
amazon-all-beauty,valid,198,6,1.4213789236280103,6,6,6
amazon-all-beauty,valid,199,3,0.537090880620784,1,1,1
amazon-all-beauty,valid,200,4,3.751305337594616,2,4,4
amazon-all-beauty,valid,201,3,7.641206872793471,2,3,3
amazon-all-beauty,valid,203,6,1.839229248530993,5,6,6
amazon-all-beauty,valid,204,3,47.188516170737046,2,3,3
amazon-all-beauty,valid,205,6,37.355033777109824,5,6,6
amazon-all-beauty,valid,206,4,2.851341477965615,3,3,4
amazon-all-beauty,valid,208,4,0.8081277704717461,1,1,1
amazon-all-beauty,valid,209,2,0.1359784692831178,1,1,1
amazon-all-beauty,valid,210,2,0.42901558668228257,1,1,1
amazon-all-beauty,valid,211,3,2.141077421643555,2,2,2
amazon-all-beauty,valid,213,4,2.2973269615729977,4,4,4
amazon-all-beauty,valid,214,38,101.4920699081793,29,32,36
amazon-all-beauty,valid,215,2,0.6679946677090929,2,2,2
amazon-all-beauty,valid,216,3,44.10486054418269,2,3,3
amazon-all-beauty,valid,217,3,0.05777482128010586,1,1,1
amazon-all-beauty,valid,218,7,0.8034204671292329,5,5,5
amazon-all-beauty,valid,219,3,45.74236479993159,2,3,3
amazon-all-beauty,valid,220,2,2.5209687147093156,2,2,2
amazon-all-beauty,valid,221,3,1.042684137407822,3,3,3
amazon-all-beauty,valid,223,4,1.8991163134135847,1,4,4
amazon-all-beauty,valid,224,5,2.158621178627002,3,5,5
amazon-all-beauty,valid,226,10,4.276004265882005,10,10,10
amazon-all-beauty,valid,227,5,11.53503241329899,4,4,4
amazon-all-beauty,valid,228,6,4.862773218771581,1,4,4
amazon-all-beauty,valid,229,2,5.359901793300363,2,2,2
amazon-all-beauty,valid,230,2,2.9789664519167673,2,2,2
amazon-all-beauty,valid,231,2,1.1518278114291907,1,2,2
amazon-all-beauty,valid,232,6,2.765215284069045,3,5,5
amazon-all-beauty,valid,234,1,3.4412441157938227,1,1,1
amazon-all-beauty,valid,235,3,44.87725449972874,2,3,3
amazon-all-beauty,valid,236,4,58.84180773803104,3,4,4
amazon-all-beauty,valid,237,2,0.6450974296231415,2,2,2
amazon-all-beauty,valid,238,11,4.639910205315129,10,10,10
amazon-all-beauty,valid,239,9,1.7934930453963593,4,7,7
amazon-all-beauty,valid,240,9,5.1464821534511405,5,6,6
amazon-all-beauty,valid,241,3,0.4241959260247816,3,3,3
amazon-all-beauty,valid,242,9,0.048371672084437045,1,2,2
amazon-all-beauty,valid,243,3,18.90256680409289,3,3,3
amazon-all-beauty,valid,245,3,45.27863339009308,2,3,3
amazon-all-beauty,valid,246,2,8.3979184821808,2,2,2
amazon-all-beauty,valid,247,3,4.1838203864832915,2,2,3
amazon-all-beauty,valid,248,70,12.021198757687838,38,55,58
amazon-all-beauty,valid,250,15,20.2974443084398,4,10,10
amazon-all-beauty,valid,252,3,45.65858307939492,2,3,3
amazon-all-beauty,valid,254,2,0.2057226709773109,1,1,1
amazon-all-beauty,valid,255,4,1.1803542495550827,3,4,4
amazon-all-beauty,valid,256,9,1.8640970515875923,9,9,9
amazon-all-beauty,valid,258,4,24.26659434075177,4,4,4
amazon-all-beauty,valid,261,3,47.625728790262215,2,3,3
amazon-all-beauty,valid,262,4,6.335083762563122,3,3,3
amazon-all-beauty,valid,264,1,6.525366419441561,1,1,1
amazon-all-beauty,valid,266,5,2.0135523619275513,3,3,3
amazon-all-beauty,valid,267,6,2.5916573584832205,3,3,5
amazon-all-beauty,valid,268,3,0.5212999963101956,1,1,1
amazon-all-beauty,valid,269,3,0.42314294579320105,1,3,3
amazon-all-beauty,valid,270,4,1.4787997947261422,3,3,4
amazon-all-beauty,valid,271,2,2.5884660165013718,2,2,2
amazon-all-beauty,valid,272,5,0.9310448250863332,2,5,5
amazon-all-beauty,valid,273,36,17.061078458977537,9,15,17
amazon-all-beauty,valid,276,12,12.06245354249863,8,9,10
amazon-all-beauty,valid,277,57,21.313474876035816,40,48,52
amazon-all-beauty,valid,278,2,0.4633995122435902,2,2,2
amazon-all-beauty,valid,279,2,0.11907861088167043,1,1,1
amazon-all-beauty,valid,280,12,5.153153307429141,8,10,10
amazon-all-beauty,valid,281,10,4.972643026580822,3,4,8
amazon-all-beauty,valid,282,3,1.7673909134594268,1,2,2
amazon-all-beauty,valid,283,6,4.216743297353326,6,6,6
amazon-all-beauty,valid,284,4,3.2141030852493264,4,4,4
amazon-all-beauty,valid,285,5,46.59660163473734,3,5,5
amazon-all-beauty,valid,286,6,5.091496861233111,3,6,6
amazon-all-beauty,valid,287,15,12.155124303595624,9,14,14
amazon-all-beauty,valid,290,6,0.13546288226203856,1,1,1
amazon-all-beauty,valid,291,3,0.15608870388260435,1,1,1
amazon-all-beauty,valid,292,4,15.461318006744271,4,4,4
amazon-all-beauty,valid,293,4,11.776328925546832,4,4,4
amazon-all-beauty,valid,294,7,25.303390930214466,5,7,7
amazon-all-beauty,valid,295,3,45.02461506069728,2,3,3
amazon-all-beauty,valid,296,5,1.0128873963489908,2,5,5
amazon-all-beauty,valid,297,4,60.06296555675421,2,4,4
amazon-all-beauty,valid,298,9,4.679831671001519,7,7,8
amazon-all-beauty,valid,301,3,0.13457018368265022,3,3,3
amazon-all-beauty,valid,302,3,17.573116245531043,2,2,2
amazon-all-beauty,valid,303,3,46.22264747713784,2,3,3
amazon-all-beauty,valid,304,11,8.941337962487564,7,9,9
amazon-all-beauty,valid,305,9,9.012650485036797,6,6,6
amazon-all-beauty,valid,306,2,0.25003629744948275,2,2,2
amazon-all-beauty,valid,307,7,5.93174625751274,5,6,7
amazon-all-beauty,valid,309,3,2.092286504007688,1,1,1
amazon-all-beauty,valid,310,1,3.2782659496413777,1,1,1
amazon-all-beauty,valid,311,3,0.9598395902210451,2,2,2
amazon-all-beauty,valid,312,3,0.6228802489700118,1,1,1
amazon-all-beauty,valid,313,2,3.602883911670642,2,2,2
amazon-all-beauty,valid,314,14,7.730238341034388,8,12,14
amazon-all-beauty,valid,315,3,11.253610110137888,2,3,3
amazon-all-beauty,valid,316,2,0.3086066134476553,1,1,1
amazon-all-beauty,valid,317,5,14.817170932743737,3,3,3
amazon-all-beauty,valid,318,4,44.12399529060228,3,4,4
amazon-all-beauty,valid,319,2,0.6069292062060414,2,2,2
amazon-all-beauty,valid,320,1,14.30115517980466,1,1,1
amazon-all-beauty,valid,321,7,3.4793262232425275,6,6,6
amazon-all-beauty,valid,322,3,0.3333863293548947,3,3,3
amazon-all-beauty,valid,324,23,4.925782757501068,10,20,20
amazon-all-beauty,valid,326,2,3.5891060959202528,2,2,2
amazon-all-beauty,valid,327,1,3.527130072010321,1,1,1
amazon-all-beauty,valid,329,2,3.8092881184664975,2,2,2
amazon-all-beauty,valid,330,14,4.73354425790981,4,13,13
amazon-all-beauty,valid,332,14,19.86157480234445,6,9,11
amazon-all-beauty,valid,333,4,58.91859669409544,2,4,4
amazon-all-beauty,valid,335,19,5.412760920450344,18,19,19
amazon-all-beauty,valid,336,20,10.272648207090795,9,10,19
amazon-all-beauty,valid,337,6,7.503367115884435,2,6,6
amazon-all-beauty,valid,338,2,11.995467885365725,2,2,2
amazon-all-beauty,valid,339,3,0.1356041912974455,2,2,2
amazon-all-beauty,valid,341,3,8.937953937566416,2,3,3
amazon-all-beauty,valid,342,5,9.430803755814292,4,5,5
amazon-all-beauty,valid,343,6,2.73636926822925,4,5,5
amazon-all-beauty,valid,344,2,16.565206327515536,2,2,2
amazon-all-beauty,valid,345,5,1.0967950876691974,2,5,5
amazon-all-beauty,valid,346,4,0.9351655788930378,3,3,3
amazon-all-beauty,valid,347,13,3.4588824278641708,8,10,10
amazon-all-beauty,valid,348,3,44.73864167028512,2,3,3
amazon-all-beauty,valid,349,4,3.934966058419767,3,3,3
amazon-all-beauty,valid,351,8,2.4482505553340372,4,8,8
amazon-all-beauty,valid,352,20,1.9806947464269729,7,15,16
amazon-all-beauty,valid,354,1,0.042101715032158316,1,1,1
amazon-all-beauty,valid,355,13,8.39146656048572,5,11,12
amazon-all-beauty,valid,356,1,1.7491688238265022,1,1,1
amazon-all-beauty,valid,357,3,45.91071314062534,2,3,3
amazon-all-beauty,valid,358,3,6.799069085149659,2,3,3
amazon-all-beauty,valid,359,4,0.05489467949305906,4,4,4
amazon-all-beauty,valid,360,10,11.843670688840891,3,9,9
amazon-all-beauty,valid,361,3,1.0224160851323492,2,2,2
amazon-all-beauty,valid,362,22,11.145929421988757,12,13,16
amazon-all-beauty,valid,363,2,0.15740101760985317,1,1,1
amazon-all-beauty,valid,364,4,3.4073415279843324,2,2,2
amazon-all-beauty,valid,365,3,0.8461681135237613,2,2,2
amazon-all-beauty,valid,367,3,0.1244273488299778,3,3,3
amazon-all-beauty,valid,368,6,7.111337413636863,2,5,5
amazon-all-beauty,valid,369,6,6.302693686547608,4,5,5
amazon-all-beauty,valid,370,2,5.641078499633145,2,2,2
amazon-all-beauty,valid,371,4,3.244434385946022,2,2,4
amazon-all-beauty,valid,373,7,6.082759540007674,2,5,6
amazon-all-beauty,valid,374,3,1.1059764174069324,2,2,3
amazon-all-beauty,valid,375,4,3.8142037509972173,1,3,3
amazon-all-beauty,valid,376,6,20.1962711046492,4,4,4
amazon-all-beauty,valid,378,2,1.9230080122962268,2,2,2
amazon-all-beauty,valid,379,11,5.228977124013709,6,11,11
amazon-all-beauty,valid,380,5,6.243793074539038,2,5,5
amazon-all-beauty,valid,381,5,0.508164415957868,5,5,5
amazon-all-beauty,valid,382,3,0.9404624501422114,1,3,3
amazon-all-beauty,valid,383,2,3.3289490162051405,2,2,2
amazon-all-beauty,valid,384,1,8.632318201829587,1,1,1
amazon-all-beauty,valid,387,8,49.7232920225136,7,8,8
amazon-all-beauty,valid,388,10,1.7321049262091486,6,6,6
amazon-all-beauty,valid,389,3,1.2583544963223,1,3,3
amazon-all-beauty,valid,390,11,1.8017513080479683,5,11,11
amazon-all-beauty,valid,391,5,3.1908784463250197,5,5,5
amazon-all-beauty,valid,393,5,19.238440209430586,4,5,5
amazon-all-beauty,valid,394,1,0.25493295736341737,1,1,1
amazon-all-beauty,valid,397,12,5.778127936174147,9,10,10
amazon-all-beauty,valid,398,4,58.68620887261815,2,4,4
amazon-all-beauty,valid,399,1,1.0616329768226693,1,1,1
amazon-all-beauty,valid,400,3,2.706504275029517,3,3,3
amazon-all-beauty,valid,401,5,2.4911819527541184,4,5,5
amazon-all-beauty,valid,403,1,1.901699669266634,1,1,1
amazon-all-beauty,valid,404,5,1.0445244812359897,3,3,3
amazon-all-beauty,valid,405,2,0.6741823279560953,2,2,2
amazon-all-beauty,valid,407,9,5.9328711858495335,2,9,9
amazon-all-beauty,valid,408,16,3.887136707498243,9,16,16
amazon-all-beauty,valid,409,3,0.04453057957709913,2,2,2
amazon-all-beauty,valid,410,2,0.9929708302792862,2,2,2
amazon-all-beauty,valid,411,3,1.3707500029413715,3,3,3
amazon-all-beauty,valid,412,30,9.876656307905366,8,17,26
amazon-all-beauty,valid,414,3,5.634680231019945,3,3,3
amazon-all-beauty,valid,415,3,46.82156962306646,2,3,3
amazon-all-beauty,valid,417,2,0.5537349166926564,1,1,1
amazon-all-beauty,valid,418,5,0.4933560421593721,2,5,5
amazon-all-beauty,valid,419,94,12.015389071390814,39,72,92
amazon-all-beauty,valid,420,5,0.9726595352214004,1,1,3
amazon-all-beauty,valid,421,5,74.26391057786833,3,4,5
amazon-all-beauty,valid,423,11,4.431016212162643,10,10,11
amazon-all-beauty,valid,424,3,0.09237286637370401,2,2,2
amazon-all-beauty,valid,425,16,0.9726802326215297,6,13,13
amazon-all-beauty,valid,427,6,8.687876368515486,3,4,4
amazon-all-beauty,valid,429,1,2.4172465275337327,1,1,1
amazon-all-beauty,valid,430,6,0.9171027853218228,5,6,6
amazon-all-beauty,valid,431,4,9.914153836999226,2,4,4
amazon-all-beauty,valid,432,47,44.456765502706894,18,30,35
amazon-all-beauty,valid,433,1,6.2118178089177825,1,1,1
amazon-all-beauty,valid,434,10,1.2355762682870925,8,8,8
amazon-all-beauty,valid,435,5,0.5114794495452516,1,1,1
amazon-all-beauty,valid,437,2,1.968480569976832,1,2,2
amazon-all-beauty,valid,439,1,1.7707038526670356,1,1,1
amazon-all-beauty,valid,441,33,42.646316481850995,23,30,32
amazon-all-beauty,valid,442,2,0.25582639513566746,1,1,1
amazon-all-beauty,valid,443,2,0.07986596955030525,2,2,2
amazon-all-beauty,valid,444,3,0.8594398285614635,3,3,3
amazon-all-beauty,valid,445,4,0.2570651591731709,2,2,2
amazon-all-beauty,valid,446,4,0.867763632980149,1,1,1
amazon-all-beauty,valid,447,4,4.267297929157358,2,3,3
amazon-all-beauty,valid,449,3,0.17242400373588074,2,2,2
amazon-all-beauty,valid,450,4,4.449770767053656,3,3,3
amazon-all-beauty,valid,451,6,0.4815046862055462,1,6,6
amazon-all-beauty,valid,452,3,0.10255931360522039,1,1,1
amazon-all-beauty,valid,453,3,6.518748425750203,1,3,3
amazon-all-beauty,valid,454,13,3.0847336161444154,3,5,12
amazon-all-beauty,valid,456,5,8.38469321309458,2,4,4
amazon-all-beauty,valid,458,2,1.4620436477369025,2,2,2
amazon-all-beauty,valid,459,11,0.9283923547007091,11,11,11
amazon-all-beauty,valid,461,4,1.4511757878856515,4,4,4
amazon-all-beauty,valid,462,19,2.017398875182542,5,11,12
amazon-all-beauty,valid,463,3,2.5247613900842083,1,1,1
amazon-all-beauty,valid,464,21,9.967681995288508,8,19,21
amazon-all-beauty,valid,465,12,12.940120203847215,6,9,10
amazon-all-beauty,valid,466,6,2.219506523469404,4,5,5
amazon-all-beauty,valid,468,4,1.219548287866094,2,2,3
amazon-all-beauty,valid,469,2,1.093887041351619,2,2,2
amazon-all-beauty,valid,470,2,1.801450826149662,1,2,2
amazon-all-beauty,valid,471,15,3.067432807214867,13,14,14
amazon-all-beauty,valid,472,1,0.08667516779523962,1,1,1
amazon-all-beauty,valid,473,2,10.81003365606699,2,2,2
amazon-all-beauty,valid,474,3,1.1808942299406002,3,3,3
amazon-all-beauty,valid,476,3,43.935537454501905,2,3,3
amazon-all-beauty,valid,478,4,0.05071343507050019,1,1,1
amazon-all-beauty,valid,479,3,3.741132873428068,2,3,3
amazon-all-beauty,valid,481,4,15.315713152021234,4,4,4
amazon-all-beauty,valid,484,4,3.5518359918301945,3,3,3
amazon-all-beauty,valid,485,1,3.4913559710736584,1,1,1
amazon-all-beauty,valid,486,2,0.5444067955724565,1,2,2
amazon-all-beauty,valid,489,6,2.1947980164745147,2,2,2
amazon-all-beauty,valid,490,16,41.2403816378826,7,12,16
amazon-all-beauty,valid,491,3,1.458351995386451,1,1,1
amazon-all-beauty,valid,492,3,3.761300826670177,3,3,3
amazon-all-beauty,valid,493,2,6.701931135191414,1,1,1
amazon-all-beauty,valid,494,5,1.0559023841618567,2,2,2
amazon-all-beauty,valid,495,2,4.714525133573691,1,2,2
amazon-all-beauty,valid,496,5,4.9561970941959,2,3,3
amazon-all-beauty,valid,497,3,46.811507298636315,2,3,3
amazon-all-beauty,valid,498,3,0.7042152411342594,3,3,3
amazon-all-beauty,valid,499,6,0.6233580139563308,5,5,5
amazon-all-beauty,valid,500,3,1.9292352193613338,3,3,3
amazon-all-beauty,valid,502,3,1.1874583857518606,3,3,3
amazon-all-beauty,valid,505,2,1.7309685403829993,1,1,1
amazon-all-beauty,valid,506,4,0.1308418180867311,3,3,3
amazon-all-beauty,valid,507,17,10.084745381630798,10,15,15
amazon-all-beauty,valid,508,1,0.08781143042257869,1,1,1
amazon-all-beauty,valid,509,6,9.977871892086712,6,6,6
amazon-all-beauty,valid,510,4,0.9235788539837229,4,4,4
amazon-all-beauty,valid,511,3,3.966150695675962,2,2,3
amazon-all-beauty,valid,513,3,10.698728089322588,1,3,3
amazon-all-beauty,valid,514,1,0.05159541535339304,1,1,1
amazon-all-beauty,valid,515,2,1.32253996769604,2,2,2
amazon-all-beauty,valid,517,9,7.389117467170443,7,8,8
amazon-all-beauty,valid,518,3,1.069553366737048,2,2,2
amazon-all-beauty,valid,519,2,3.5001438654107204,2,2,2
amazon-all-beauty,valid,520,7,3.426324739867252,6,7,7
amazon-all-beauty,valid,521,1,0.24134573017255284,1,1,1
amazon-all-beauty,valid,522,3,11.587896714799005,3,3,3
amazon-all-beauty,valid,523,8,0.7861981358418417,2,6,6
amazon-all-beauty,valid,524,3,0.9672179669695365,3,3,3
amazon-all-beauty,valid,525,2,1.321713303678969,2,2,2
amazon-all-beauty,valid,527,8,0.6921648575024041,6,6,6
amazon-all-beauty,valid,528,4,0.45132861600982077,2,2,2
amazon-all-beauty,valid,530,2,6.637886972853081,2,2,2
amazon-all-beauty,valid,531,2,2.231079696509587,1,1,1
amazon-all-beauty,valid,532,3,46.11275438475346,2,3,3
amazon-all-beauty,valid,533,3,9.434012838424822,1,2,2
amazon-all-beauty,valid,534,3,2.311751016682782,1,3,3
amazon-all-beauty,valid,535,2,0.3163386939805,1,1,1
amazon-all-beauty,valid,536,4,0.06041669656804459,3,3,3
amazon-all-beauty,valid,538,5,1.8816440117401072,1,1,1
amazon-all-beauty,valid,539,5,1.685655278764104,3,3,4
amazon-all-beauty,valid,541,5,1.7613753619504047,1,1,1
amazon-all-beauty,valid,542,3,43.94092604726534,2,3,3
amazon-all-beauty,valid,543,2,0.9521868497220296,2,2,2
amazon-all-beauty,valid,544,2,3.465696246064491,1,2,2
amazon-all-beauty,valid,545,3,20.11959684667717,2,3,3
amazon-all-beauty,valid,546,3,4.623731799146762,1,2,2
amazon-all-beauty,valid,548,5,45.69756946611118,4,5,5
amazon-all-beauty,valid,551,20,35.78248042694301,14,18,20
amazon-all-beauty,valid,552,27,52.04831697181267,17,23,25
amazon-all-beauty,valid,554,3,5.877677749241511,3,3,3
amazon-all-beauty,valid,555,6,8.487250493919431,5,6,6
amazon-all-beauty,valid,556,2,0.8026381546838679,1,1,1
amazon-all-beauty,valid,557,5,8.567258450098597,3,4,4
amazon-all-beauty,valid,560,3,26.33382183714928,2,3,3
amazon-all-beauty,valid,561,5,3.1679284175488576,1,3,5
amazon-all-beauty,valid,562,3,45.77332219698221,2,3,3
amazon-all-beauty,valid,563,12,4.424850111707442,5,10,11
amazon-all-beauty,valid,564,1,1.7797098088983174,1,1,1
amazon-all-beauty,valid,565,3,3.234670264236192,2,2,3
amazon-all-beauty,valid,566,7,2.55525482041525,4,7,7
amazon-all-beauty,valid,567,3,6.332291338329004,1,3,3
amazon-all-beauty,valid,568,6,0.9163249080336281,4,4,4
amazon-all-beauty,valid,570,3,5.049620353626169,3,3,3
amazon-all-beauty,valid,571,19,5.712931618561946,8,18,18
amazon-all-beauty,valid,572,3,4.132227188708484,2,3,3
amazon-all-beauty,valid,573,1,2.6728090308177515,1,1,1
amazon-all-beauty,valid,575,2,2.3037342236993483,1,1,1
amazon-all-beauty,valid,576,7,1.7025449732637021,7,7,7
amazon-all-beauty,valid,577,10,13.527543034422425,9,9,9
amazon-all-beauty,valid,580,4,3.430466930266948,3,4,4
amazon-all-beauty,valid,581,2,2.0756786883860423,2,2,2
amazon-all-beauty,valid,582,7,2.201108998730621,2,6,6
amazon-all-beauty,valid,583,2,0.7209492123376462,1,1,2
amazon-all-beauty,valid,584,2,14.08243133837705,2,2,2
amazon-all-beauty,valid,585,15,5.429295309581054,14,14,14
amazon-all-beauty,valid,586,3,1.4393382301985784,3,3,3
amazon-all-beauty,valid,587,22,5.804402854442515,9,18,18
amazon-all-beauty,valid,591,1,0.155332755982642,1,1,1
amazon-all-beauty,valid,592,4,59.20424989079965,2,4,4
amazon-all-beauty,valid,594,5,3.0246552235094377,2,4,4
amazon-all-beauty,valid,597,3,3.7976531612229527,2,3,3
amazon-all-beauty,valid,599,8,0.14162602594579266,5,5,5
amazon-all-beauty,valid,600,1,0.11943052828327444,1,1,1
amazon-all-beauty,valid,602,9,19.694129139333725,5,9,9
amazon-all-beauty,valid,605,8,14.822067962254103,8,8,8
amazon-all-beauty,valid,606,3,46.381066917712985,2,3,3
amazon-all-beauty,valid,607,7,1.3147518317045117,2,7,7
amazon-all-beauty,valid,608,2,1.4744256825660687,2,2,2
amazon-all-beauty,valid,610,3,3.137321274715914,3,3,3
amazon-all-beauty,valid,611,2,2.7813349860043073,2,2,2
amazon-all-beauty,valid,612,3,1.526473052755024,1,1,1
amazon-all-beauty,valid,613,4,1.5868285195143526,3,3,3
amazon-all-beauty,valid,614,6,47.62117979739093,5,6,6
amazon-all-beauty,valid,615,5,7.468678088469435,5,5,5
amazon-all-beauty,valid,616,2,0.9885308683551104,2,2,2
amazon-all-beauty,valid,617,19,20.064007325894057,4,15,16
amazon-all-beauty,valid,619,2,2.199739643954206,2,2,2
amazon-all-beauty,valid,620,2,5.3997134272473755,2,2,2
amazon-all-beauty,valid,622,3,5.30433635788466,2,2,2
amazon-all-beauty,valid,623,6,1.663692626853041,2,2,2
amazon-all-beauty,valid,624,4,6.423399938511474,1,4,4
amazon-all-beauty,valid,625,3,2.5995308712502827,2,3,3
amazon-all-beauty,valid,626,4,16.205359049688727,4,4,4
amazon-all-beauty,valid,627,1,0.11247318346896196,1,1,1
amazon-all-beauty,valid,628,1,5.608828007869693,1,1,1
amazon-all-beauty,valid,629,1,1.263829328252943,1,1,1
amazon-all-beauty,valid,630,4,5.564529165254758,2,3,3
amazon-all-beauty,valid,631,6,29.612467547123387,5,6,6
amazon-all-beauty,valid,632,4,0.34723128845689366,2,2,2
amazon-all-beauty,valid,633,4,2.4685318514816164,1,3,3
amazon-all-beauty,valid,634,2,3.7802249031241555,2,2,2
amazon-all-beauty,valid,635,17,7.1554119112182555,12,17,17
amazon-all-beauty,valid,636,40,27.948459777713623,40,40,40
amazon-all-beauty,valid,637,22,4.912323780271718,6,19,20
amazon-all-beauty,valid,638,3,0.6345325772458081,3,3,3
amazon-all-beauty,valid,639,4,61.29849180632432,3,4,4
amazon-all-beauty,valid,640,7,4.111960984415166,6,6,6
amazon-all-beauty,valid,641,3,46.45003853966783,2,3,3
amazon-all-beauty,valid,642,1,0.7854043659071193,1,1,1
amazon-all-beauty,valid,643,6,1.825855278480747,4,4,4
amazon-all-beauty,valid,644,5,11.111318933815319,4,5,5
amazon-all-beauty,valid,645,19,2.4179544894970855,19,19,19
amazon-all-beauty,valid,646,4,0.8337941482166695,1,3,3
amazon-all-beauty,valid,647,21,4.175937880203079,11,14,14
amazon-all-beauty,valid,648,7,2.5802299296356157,3,6,6
amazon-all-beauty,valid,649,2,0.8841096511299209,1,1,1
amazon-all-beauty,valid,650,10,4.8358393716663555,4,8,8
amazon-all-beauty,valid,651,3,45.39925315649212,2,3,3
amazon-all-beauty,valid,652,4,3.201160064637488,2,3,3
amazon-all-beauty,valid,653,4,17.930992835188388,2,4,4
amazon-all-beauty,valid,654,3,43.97814292946936,2,3,3
amazon-all-beauty,valid,655,3,0.23198841093431327,3,3,3
amazon-all-beauty,valid,656,3,0.0917265654149031,2,2,2
amazon-all-beauty,valid,657,3,0.40329118229771077,3,3,3
amazon-all-beauty,valid,658,2,1.8254398520924364,2,2,2
amazon-all-beauty,valid,659,4,2.0093203595951517,2,4,4
amazon-all-beauty,valid,662,10,0.39909059566193583,1,1,1
amazon-all-beauty,valid,663,4,2.7391635404455226,4,4,4
amazon-all-beauty,valid,664,3,0.8294500349669023,3,3,3
amazon-all-beauty,valid,665,8,2.3718427147892718,6,6,6
amazon-all-beauty,valid,666,7,1.462057692401276,7,7,7
amazon-all-beauty,valid,667,10,3.695662841323074,8,8,8
amazon-all-beauty,valid,669,1,4.398168144569862,1,1,1
amazon-all-beauty,valid,671,28,9.31450013653508,22,28,28
amazon-all-beauty,valid,673,3,1.8387191438569717,3,3,3
amazon-all-beauty,valid,674,24,7.153654972984657,17,21,21
amazon-all-beauty,valid,675,4,10.731204158107687,4,4,4
amazon-all-beauty,valid,676,3,0.6506805533080328,1,1,1
amazon-all-beauty,valid,677,3,3.8142387394593413,1,1,2
amazon-all-beauty,valid,678,10,37.5893041996072,9,10,10
amazon-all-beauty,valid,679,2,0.21388003380328957,2,2,2
amazon-all-beauty,valid,680,7,1.734313880877715,4,4,4
amazon-all-beauty,valid,683,2,5.832809050529561,2,2,2
amazon-all-beauty,valid,684,1,3.8076938026624862,1,1,1
amazon-all-beauty,valid,686,7,3.5832452821169594,6,6,7
amazon-all-beauty,valid,687,3,1.5520939085395442,1,1,2
amazon-all-beauty,valid,688,3,0.4711331943609687,1,2,2
amazon-all-beauty,valid,689,4,13.925337209003642,1,1,1
amazon-all-beauty,valid,690,1,0.19878078761369017,1,1,1
amazon-all-beauty,valid,691,1,1.6380547080332957,1,1,1
amazon-all-beauty,valid,692,9,4.418706926230955,4,8,8
amazon-all-beauty,valid,695,3,1.41058264228554,1,2,2
amazon-all-beauty,valid,696,7,0.4502641782888831,3,3,3
amazon-all-beauty,valid,697,33,7.661707770820399,9,27,30
amazon-all-beauty,valid,698,13,3.1570451578463197,7,8,8
amazon-all-beauty,valid,699,2,14.212371341172432,1,2,2
amazon-all-beauty,valid,704,10,19.33380945566885,8,10,10
amazon-all-beauty,valid,705,4,0.9380375895586052,2,2,2
amazon-all-beauty,valid,706,2,1.8222703163000096,1,1,1
amazon-all-beauty,valid,707,3,5.183745666404849,3,3,3
amazon-all-beauty,valid,708,27,5.9149713843043354,12,15,21
amazon-all-beauty,valid,709,10,2.5119405826921812,7,7,7
amazon-all-beauty,valid,710,2,0.35330227943054804,2,2,2
amazon-all-beauty,valid,711,3,0.3707148296810328,3,3,3
amazon-all-beauty,valid,713,3,21.880896071762812,2,3,3
amazon-all-beauty,valid,714,2,1.8606825965603015,2,2,2
amazon-all-beauty,valid,715,10,4.848183522861357,9,9,9
amazon-all-beauty,valid,716,3,0.3237916060092191,1,1,1
amazon-all-beauty,valid,717,3,4.161563289415627,2,3,3
amazon-all-beauty,valid,718,2,0.8199921239000579,2,2,2
amazon-all-beauty,valid,719,11,12.821796678473836,3,10,11
amazon-all-beauty,valid,721,4,21.622059806492864,3,4,4
amazon-all-beauty,valid,722,2,0.9056786212426904,1,1,1
amazon-all-beauty,valid,723,7,0.8140063249037218,4,4,4
amazon-all-beauty,valid,725,16,10.586365168788838,15,16,16
amazon-all-beauty,valid,726,3,1.4882606625644337,1,1,3
amazon-all-beauty,valid,727,11,5.385867236157274,10,10,10
amazon-all-beauty,valid,728,3,0.34786822630611225,1,2,2
amazon-all-beauty,valid,729,2,1.4590199793358636,2,2,2
amazon-all-beauty,valid,730,3,1.6731635353943712,2,2,2
amazon-all-beauty,valid,731,14,4.736251243768989,7,12,12
amazon-all-beauty,valid,732,1,0.5737886030382182,1,1,1
amazon-all-beauty,valid,733,3,45.58302722022274,2,3,3
amazon-all-beauty,valid,734,10,4.316103384252839,8,8,9
amazon-all-beauty,valid,737,3,45.30995077406737,2,3,3
amazon-all-beauty,valid,739,5,3.124629086881834,4,4,5
amazon-all-beauty,valid,742,15,2.9192668956234424,8,14,14
amazon-all-beauty,valid,743,1,2.8149893282110554,1,1,1
amazon-all-beauty,valid,744,10,8.957259560735874,4,4,10
amazon-all-beauty,valid,745,6,7.777934514041986,2,5,6
amazon-all-beauty,valid,748,2,2.028627337951523,2,2,2
amazon-all-beauty,valid,749,3,0.579686130086979,2,2,2
amazon-all-beauty,valid,752,4,8.494687451702216,3,4,4
amazon-all-beauty,valid,753,4,12.673321168272143,3,4,4
amazon-all-beauty,valid,754,3,2.036576125191674,3,3,3
amazon-all-beauty,valid,756,4,2.974371136292811,4,4,4
amazon-all-beauty,valid,757,2,0.4696750132423322,1,1,1
amazon-all-beauty,valid,759,28,20.0287563271059,13,23,26
amazon-all-beauty,valid,760,2,0.6975907179059553,1,1,1
amazon-all-beauty,valid,761,3,8.279813080301047,2,3,3
amazon-all-beauty,valid,762,3,0.0061810691106518045,2,2,2
amazon-all-beauty,valid,763,3,0.039133116499320594,2,2,2
amazon-all-beauty,valid,764,3,2.6485030143360913,2,2,2
amazon-all-beauty,valid,765,2,1.8786011243246623,2,2,2
amazon-all-beauty,valid,766,3,0.8827680160858222,2,2,2
amazon-all-beauty,valid,767,2,0.03147169048417936,2,2,2
amazon-all-beauty,valid,769,1,2.5993869750398595,1,1,1
amazon-all-beauty,valid,770,18,9.750998449358175,9,14,16
amazon-all-beauty,valid,772,2,2.900431399114065,1,1,1
amazon-all-beauty,valid,775,11,0.5856998336138468,6,6,6
amazon-all-beauty,valid,776,5,2.548890369875476,3,5,5
amazon-all-beauty,valid,777,5,75.16993668135545,3,5,5
amazon-all-beauty,valid,778,1,3.236197190290973,1,1,1
amazon-all-beauty,valid,779,2,2.7045677129305097,2,2,2
amazon-all-beauty,valid,780,3,2.7459209951901333,2,2,2
amazon-all-beauty,valid,781,6,4.3498651558221635,3,6,6
amazon-all-beauty,valid,782,3,0.11867790675119008,1,1,1
amazon-all-beauty,valid,783,11,4.912635966057003,6,10,11
amazon-all-beauty,valid,784,3,1.604789058073024,3,3,3
amazon-all-beauty,valid,786,4,3.9529678685798864,3,4,4
amazon-all-beauty,valid,787,3,0.6858026861406206,2,2,2
amazon-all-beauty,valid,788,2,0.32173911382972553,1,2,2
amazon-all-beauty,valid,789,2,1.5925520898429788,1,1,1
amazon-all-beauty,valid,790,61,37.19681558179129,22,41,44
amazon-all-beauty,valid,792,5,4.546399413130148,2,4,4
amazon-all-beauty,valid,793,2,11.361641791697547,2,2,2
amazon-all-beauty,valid,794,1,1.4115853574025206,1,1,1
amazon-all-beauty,valid,795,1,5.165429083284429,1,1,1
amazon-all-beauty,valid,796,4,60.3608478369646,2,4,4
amazon-all-beauty,valid,797,4,15.252191722234976,4,4,4
amazon-all-beauty,valid,798,2,0.724101130700201,2,2,2
amazon-all-beauty,valid,799,5,3.8241523013260568,1,1,1
amazon-all-beauty,valid,800,2,6.497899860680626,2,2,2
amazon-all-beauty,valid,802,1,0.11013406925732,1,1,1
amazon-all-beauty,valid,803,3,0.9553947003444577,1,1,1
amazon-all-beauty,valid,804,2,5.5187996148558796,2,2,2
amazon-all-beauty,valid,807,3,0.745834756022928,2,3,3
amazon-all-beauty,valid,808,3,0.1037821849961959,3,3,3
amazon-all-beauty,valid,809,6,3.723963332830887,6,6,6
amazon-all-beauty,valid,810,4,0.6092915433934237,2,2,2
amazon-all-beauty,valid,811,1,0.05889494486329644,1,1,1
amazon-all-beauty,valid,814,9,1.604579743294335,1,9,9
amazon-all-beauty,valid,815,2,1.3282616900425117,1,1,1
amazon-all-beauty,valid,816,21,2.551729794455721,14,17,17
amazon-all-beauty,valid,817,25,11.010586473768539,21,21,21
amazon-all-beauty,valid,818,6,1.9695850473111152,4,6,6
amazon-all-beauty,valid,821,2,1.9850317141457428,1,1,1
amazon-all-beauty,valid,822,3,0.22005266379543625,1,1,1
amazon-all-beauty,valid,823,3,46.168683626255955,2,3,3
amazon-all-beauty,valid,824,3,4.493698658050799,2,2,3
amazon-all-beauty,valid,825,5,72.44865976018242,3,5,5
amazon-all-beauty,valid,826,3,3.6856474556396503,2,2,2
amazon-all-beauty,valid,828,15,16.32534760698323,3,15,15
amazon-all-beauty,valid,829,28,2.264516839213787,6,27,28
amazon-all-beauty,valid,830,8,0.6670238610839784,3,3,6
amazon-all-beauty,valid,831,15,16.000686217373335,9,11,12
amazon-all-beauty,valid,832,4,0.9505698653369246,3,3,3
amazon-all-beauty,valid,833,3,1.5856036769424122,2,3,3
amazon-all-beauty,valid,834,3,4.685562694858168,1,2,2
amazon-all-beauty,valid,835,4,26.850245378150433,4,4,4
amazon-all-beauty,valid,836,6,1.3389990823536617,3,3,3
amazon-all-beauty,valid,837,1,2.0566206948252743,1,1,1
amazon-all-beauty,valid,838,1,0.23721111649969015,1,1,1
amazon-all-beauty,valid,839,3,1.034010817964333,2,3,3
amazon-all-beauty,valid,840,40,4.114084747106414,21,40,40
amazon-all-beauty,valid,841,2,1.1933244971039962,1,1,1
amazon-all-beauty,valid,842,2,3.380016031861184,2,2,2
amazon-all-beauty,valid,843,3,46.07663113838842,2,3,3
amazon-all-beauty,valid,844,3,2.5908573054091733,3,3,3
amazon-all-beauty,valid,845,1,14.61168110751788,1,1,1
amazon-all-beauty,valid,846,9,10.791984414364908,6,9,9
amazon-all-beauty,valid,847,3,43.09416818103671,2,3,3
amazon-all-beauty,valid,848,9,1.9154719410705592,6,6,6
amazon-all-beauty,valid,849,2,0.5934381356866113,1,1,1
amazon-all-beauty,valid,850,16,1.4363427127256918,11,12,12
amazon-all-beauty,valid,852,2,1.5535852917375548,1,1,1
amazon-all-beauty,valid,853,3,0.9469069183092713,3,3,3
amazon-all-beauty,valid,854,4,2.155164589606591,2,2,2
amazon-all-beauty,valid,855,15,5.558560059697216,3,10,14
amazon-all-beauty,valid,856,7,0.3526053437607164,1,7,7
amazon-all-beauty,valid,857,3,0.23619946946896325,2,2,2
amazon-all-beauty,valid,859,2,2.4546369968614483,1,1,1
amazon-all-beauty,valid,860,1,0.092757061863605,1,1,1
amazon-all-beauty,valid,864,6,0.5127455637186403,5,5,5
amazon-all-beauty,valid,865,100,54.11058072654403,48,78,92
amazon-all-beauty,valid,867,5,15.863431162017955,5,5,5
amazon-all-beauty,valid,868,2,10.751983731843499,2,2,2
amazon-all-beauty,valid,869,3,3.049808724607108,2,2,2
amazon-all-beauty,valid,870,22,9.948778123439418,18,19,21
amazon-all-beauty,valid,871,3,47.75916172572704,2,3,3
amazon-all-beauty,valid,872,3,22.85177513777785,2,3,3
amazon-all-beauty,valid,874,8,43.31263059458887,7,8,8
amazon-all-beauty,valid,876,12,7.139644065085193,6,12,12
amazon-all-beauty,valid,879,2,4.805039792291733,1,2,2
amazon-all-beauty,valid,880,3,0.4869982443553539,1,1,1
amazon-all-beauty,valid,881,7,7.371597610756193,6,6,6
amazon-all-beauty,valid,883,4,6.450688228593913,4,4,4
amazon-all-beauty,valid,885,21,9.75624868985765,9,18,20
amazon-all-beauty,valid,886,10,4.3176910473210945,6,6,6
amazon-all-beauty,valid,888,1,0.9671372717487942,1,1,1
amazon-all-beauty,valid,891,6,9.297789511506245,1,1,3
amazon-all-beauty,valid,892,1,2.651944881098672,1,1,1
amazon-all-beauty,valid,893,4,1.7731659808907556,3,3,3
amazon-all-beauty,valid,894,2,6.897312990827911,1,2,2
amazon-all-beauty,valid,895,2,1.9733503725501225,2,2,2
amazon-all-beauty,valid,896,6,5.113738188853058,4,5,5
amazon-all-beauty,valid,897,18,3.125502689645627,10,17,17
amazon-all-beauty,valid,898,1,0.11654200897712771,1,1,1
amazon-all-beauty,valid,899,3,21.209242152990377,2,3,3
amazon-all-beauty,valid,901,4,2.5436148736198883,3,4,4
amazon-all-beauty,valid,902,6,5.10444825936405,4,5,5
amazon-all-beauty,valid,903,7,0.10576617863716614,4,4,4
amazon-all-beauty,valid,904,4,1.084862913295819,1,4,4
amazon-all-beauty,valid,905,2,2.6661354744629504,2,2,2
amazon-all-beauty,valid,907,3,2.912429977646192,3,3,3
amazon-all-beauty,valid,909,17,1.3650762049321041,5,9,11
amazon-all-beauty,valid,910,3,2.797048871058462,3,3,3
amazon-all-beauty,valid,911,1,0.8310599970198207,1,1,1
amazon-all-beauty,valid,912,26,5.926151183543252,12,19,25
amazon-all-beauty,valid,913,2,6.077232594980277,1,2,2
amazon-all-beauty,valid,914,3,3.0646503620843832,1,2,2
amazon-all-beauty,valid,915,3,3.0113054004260094,3,3,3
amazon-all-beauty,valid,916,2,6.834654815105382,2,2,2
amazon-all-beauty,valid,918,4,1.3094208959842915,3,4,4
amazon-all-beauty,valid,919,5,0.8461666967374429,4,4,4
amazon-all-beauty,valid,920,11,4.9720840119791125,8,11,11
amazon-all-beauty,valid,921,3,0.4918777796346576,1,1,2
amazon-all-beauty,valid,922,9,2.3453580505463774,8,8,8
amazon-all-beauty,valid,923,4,0.14867016432195718,4,4,4
amazon-all-beauty,valid,924,2,1.8970384422791706,1,1,1
amazon-all-beauty,valid,926,4,1.6717309796282758,3,3,4
amazon-all-beauty,valid,927,7,10.212496634362502,5,7,7
amazon-all-beauty,valid,928,2,1.1136223819713817,1,1,2
amazon-all-beauty,valid,929,3,0.7486548999893617,1,1,1
amazon-all-beauty,valid,931,3,5.92620526782097,1,3,3
amazon-all-beauty,valid,932,5,2.3830892877833656,2,4,4
amazon-all-beauty,valid,933,3,3.637858452328498,3,3,3
amazon-all-beauty,valid,934,6,1.817468519470001,5,5,5
amazon-all-beauty,valid,936,3,0.9581584192557768,2,2,2
amazon-all-beauty,valid,937,4,1.0376722866062627,1,1,1
amazon-all-beauty,valid,938,1,0.7889037049147023,1,1,1
amazon-all-beauty,valid,939,4,55.93569342419574,3,4,4
amazon-all-beauty,valid,940,3,0.29877990674219657,3,3,3
amazon-all-beauty,valid,941,3,1.4147130055994475,1,3,3
amazon-all-beauty,valid,944,4,5.831774242122499,1,4,4
amazon-all-beauty,valid,945,28,9.46496653951112,21,28,28
amazon-all-beauty,valid,946,3,0.12381997869522973,3,3,3
amazon-all-beauty,valid,947,7,4.278567909925407,6,7,7
amazon-all-beauty,valid,948,3,1.1712212753503881,2,2,2
amazon-all-beauty,valid,950,3,0.36785095013694474,1,1,1
amazon-all-beauty,valid,951,4,1.6401453918439801,3,3,3
amazon-all-beauty,valid,952,33,6.24354211856247,10,18,19
amazon-all-beauty,valid,953,9,2.5914546964402874,8,8,8
amazon-all-beauty,valid,954,5,0.817090976715856,3,3,3
amazon-all-beauty,valid,957,5,4.684804898976052,3,4,4
amazon-all-beauty,valid,959,2,0.8299302639294273,2,2,2
amazon-all-beauty,valid,960,3,5.411660508676801,3,3,3
amazon-all-beauty,valid,961,7,7.931081723130017,5,6,6
amazon-all-beauty,valid,963,10,4.201910530190392,6,7,10
amazon-all-beauty,valid,964,5,1.2229810995161183,2,2,2
amazon-all-beauty,valid,968,3,46.351749358426794,2,3,3
amazon-all-beauty,valid,970,3,0.48061790116905195,3,3,3
amazon-all-beauty,valid,971,4,1.4941009637658134,2,2,2
amazon-all-beauty,valid,974,3,0.315939406636338,1,1,1
amazon-all-beauty,valid,977,2,0.04026900953022877,1,1,1
amazon-all-beauty,valid,978,3,7.054411185762062,3,3,3
amazon-all-beauty,valid,979,4,3.259249535679084,3,3,3
amazon-all-beauty,valid,980,5,1.0358658224509256,4,4,4
amazon-all-beauty,valid,981,2,0.20482036289071964,1,1,1
amazon-all-beauty,valid,984,4,1.2935395837469474,3,3,3
amazon-all-beauty,valid,985,5,76.85564197883653,3,5,5
amazon-all-beauty,valid,986,5,5.225674779903786,5,5,5
amazon-all-beauty,valid,987,1,5.603699241397166,1,1,1
amazon-all-beauty,valid,988,10,2.892008296454283,6,7,8
amazon-all-beauty,valid,989,2,6.800235285087899,1,2,2
amazon-all-beauty,valid,990,12,5.688127632489079,8,11,12
amazon-all-beauty,valid,991,1,0.6236552926855696,1,1,1
amazon-all-beauty,valid,992,8,4.61436511679894,6,7,7
amazon-all-beauty,valid,993,2,0.0201127601750975,1,1,1
amazon-all-beauty,valid,994,17,2.472691043317133,9,12,13
amazon-all-beauty,valid,995,2,1.8018559038379078,2,2,2
amazon-all-beauty,valid,997,5,0.023754948203216192,3,3,3
amazon-all-beauty,valid,998,6,7.721898459170959,1,3,4
amazon-all-beauty,valid,999,14,10.392496502539775,12,13,13
amazon-all-beauty,valid,1001,6,0.2287809915077212,6,6,6
amazon-all-beauty,valid,1002,3,43.16039505669701,2,3,3
amazon-all-beauty,valid,1004,2,2.251231202710522,2,2,2
amazon-all-beauty,valid,1005,4,0.8307285922201306,3,3,3
amazon-all-beauty,valid,1006,2,1.2925737050742447,1,1,1
amazon-all-beauty,valid,1008,4,1.3243102114011505,4,4,4
amazon-all-beauty,valid,1009,4,0.8596910309356525,3,3,3
amazon-all-beauty,valid,1011,5,9.483318603888907,3,5,5
amazon-all-beauty,valid,1012,13,4.862681435657913,13,13,13
amazon-all-beauty,valid,1013,5,1.2455336889302728,3,3,5
amazon-all-beauty,valid,1014,20,5.8205404818046755,4,14,14
amazon-all-beauty,valid,1015,4,1.173146749556469,1,2,2
amazon-all-beauty,valid,1016,15,8.221368180691753,7,12,12
amazon-all-beauty,valid,1017,2,1.8802763817470367,2,2,2
amazon-all-beauty,valid,1018,3,0.6698329171574856,1,1,1
amazon-all-beauty,valid,1019,1,0.7146373060904626,1,1,1
amazon-all-beauty,valid,1020,6,3.069217465180782,4,4,5
amazon-all-beauty,valid,1023,1,0.44672812603583245,1,1,1
amazon-all-beauty,valid,1024,5,0.8250073626689002,5,5,5
amazon-all-beauty,valid,1025,4,5.143319331993875,3,4,4
amazon-all-beauty,valid,1026,4,3.7912453447019554,4,4,4
amazon-all-beauty,valid,1028,4,0.25972576068027425,1,1,2
amazon-all-beauty,valid,1029,2,0.2664219856161693,2,2,2
amazon-all-beauty,valid,1030,3,0.9805478318456975,2,3,3
amazon-all-beauty,valid,1032,5,0.5481683016483446,1,1,5
amazon-all-beauty,valid,1034,26,2.90396511058972,9,21,21
amazon-all-beauty,valid,1036,4,24.484835119644217,4,4,4
amazon-all-beauty,valid,1037,4,1.106919997094972,2,4,4
amazon-all-beauty,valid,1038,3,0.7639427635575209,2,2,2
amazon-all-beauty,valid,1039,2,11.331062861392159,2,2,2
amazon-all-beauty,valid,1040,8,0.903349855731113,4,4,4
amazon-all-beauty,valid,1041,2,7.045309380856371,1,2,2
amazon-all-beauty,valid,1042,4,0.2892237446241429,2,2,2
amazon-all-beauty,valid,1043,1,3.3949314654258247,1,1,1
amazon-all-beauty,valid,1044,11,2.159408049428348,6,6,6
amazon-all-beauty,valid,1045,1,5.344792506407725,1,1,1
amazon-all-beauty,valid,1048,14,4.564849790158546,10,11,13
amazon-all-beauty,valid,1049,12,6.4192136429376925,6,8,9
amazon-all-beauty,valid,1050,4,1.0273752068431026,1,1,1
amazon-all-beauty,valid,1051,2,9.164445587181852,2,2,2
amazon-all-beauty,valid,1052,2,1.2484721037545885,2,2,2
amazon-all-beauty,valid,1053,35,12.220783109541667,24,29,29
amazon-all-beauty,valid,1054,3,2.2227089533441795,2,3,3
amazon-all-beauty,valid,1055,3,44.92606623796355,2,3,3
amazon-all-beauty,valid,1056,3,0.628553246187012,2,3,3
amazon-all-beauty,valid,1058,2,0.49556388803864604,2,2,2
amazon-all-beauty,valid,1061,2,0.6067506911299259,2,2,2
amazon-all-beauty,valid,1062,3,0.17050087030719563,1,1,1
amazon-all-beauty,valid,1063,2,0.5164372160690919,1,1,1
amazon-all-beauty,valid,1064,6,7.366642061810937,4,4,4
amazon-all-beauty,valid,1065,2,1.4191728025320807,2,2,2
amazon-all-beauty,valid,1066,16,5.412418427757727,9,12,16
amazon-all-beauty,valid,1067,4,2.341996940603944,1,1,1
amazon-all-beauty,valid,1068,3,19.074304836853052,2,3,3
amazon-all-beauty,valid,1070,3,2.341841463705353,2,3,3
amazon-all-beauty,valid,1072,6,3.329231141480713,2,5,5
amazon-all-beauty,valid,1074,2,0.0361234311632499,1,1,1
amazon-all-beauty,valid,1075,1,1.8808159925361232,1,1,1
amazon-all-beauty,valid,1076,3,3.0249971002080027,2,3,3
amazon-all-beauty,valid,1077,3,8.737155646235355,3,3,3
amazon-all-beauty,valid,1078,5,1.5186100734862422,4,4,4
amazon-all-beauty,valid,1079,3,43.186975076819074,2,3,3
amazon-all-beauty,valid,1081,25,8.182587289591062,14,18,19
amazon-all-beauty,valid,1082,5,4.898566415523838,1,4,5
amazon-all-beauty,valid,1084,16,19.982986860292485,14,16,16
amazon-all-beauty,valid,1085,3,1.153141233945732,3,3,3
amazon-all-beauty,valid,1087,11,4.498706566490428,5,7,10
amazon-all-beauty,valid,1088,4,4.8592247234386905,4,4,4
amazon-all-beauty,valid,1090,8,2.3663487870430333,6,8,8
amazon-all-beauty,valid,1091,4,16.98455653633444,3,4,4
amazon-all-beauty,valid,1092,2,3.191774902468122,2,2,2
amazon-all-beauty,valid,1093,2,13.550906210408908,2,2,2
amazon-all-beauty,valid,1094,13,1.8352661276020585,12,13,13
amazon-all-beauty,valid,1096,4,0.5936786197643047,4,4,4
amazon-all-beauty,valid,1097,12,2.7243379188135854,3,12,12
amazon-all-beauty,valid,1098,5,0.8092437052953867,5,5,5
amazon-all-beauty,valid,1099,15,6.2467117159543015,11,13,13
amazon-all-beauty,valid,1102,9,7.934535478577791,7,9,9
amazon-all-beauty,valid,1103,3,3.5160830810889023,2,3,3
amazon-all-beauty,valid,1104,3,5.534460401222797,3,3,3
amazon-all-beauty,valid,1105,5,0.19002332338277073,5,5,5
amazon-all-beauty,valid,1106,3,0.7952241734792016,3,3,3
amazon-all-beauty,valid,1107,8,4.172923328514001,8,8,8
amazon-all-beauty,valid,1110,7,2.0558463903025785,5,6,6
amazon-all-beauty,valid,1111,3,45.5879205537688,2,3,3
amazon-all-beauty,valid,1112,2,3.732641457027978,2,2,2
amazon-all-beauty,valid,1113,1,0.1436875116384376,1,1,1
amazon-all-beauty,valid,1114,3,1.8369575856679865,3,3,3
amazon-all-beauty,valid,1115,3,3.7546961384503303,3,3,3
amazon-all-beauty,valid,1116,7,5.802460132402993,1,6,6
amazon-all-beauty,valid,1117,5,0.7568392433547948,1,2,2
amazon-all-beauty,valid,1118,12,3.3224765203087387,11,11,11
amazon-all-beauty,valid,1119,3,2.3996553390083224,1,1,1
amazon-all-beauty,valid,1120,7,3.895839594656202,4,6,6
amazon-all-beauty,valid,1121,3,1.663860423632661,2,2,2
amazon-all-beauty,valid,1122,1,4.029805980969603,1,1,1
amazon-all-beauty,valid,1124,10,2.269784450745516,6,7,10
amazon-all-beauty,valid,1126,4,8.512168254093602,3,3,4
amazon-all-beauty,valid,1131,14,6.772953894138835,6,10,13
amazon-all-beauty,valid,1133,3,3.211348298251753,2,2,2
amazon-all-beauty,valid,1134,5,24.61187200407443,3,4,5
amazon-all-beauty,valid,1135,2,9.89862302537717,2,2,2
amazon-all-beauty,valid,1136,3,3.2017064513611406,2,3,3
amazon-all-beauty,valid,1138,1,0.7380133563526203,1,1,1
amazon-all-beauty,valid,1139,14,7.698418182715294,9,13,14
amazon-all-beauty,valid,1140,4,30.907567320603896,3,4,4
amazon-all-beauty,valid,1141,3,2.861375897865229,2,2,2
amazon-all-beauty,valid,1143,16,5.647029864562004,13,13,13
amazon-all-beauty,valid,1144,22,7.970834406446303,14,20,22
amazon-all-beauty,valid,1145,5,0.9738316487025347,3,3,4
amazon-all-beauty,valid,1146,1,3.135669548266306,1,1,1
amazon-all-beauty,valid,1147,3,43.60799567670735,2,3,3
amazon-all-beauty,valid,1148,5,1.4269854550868573,3,4,4
amazon-all-beauty,valid,1151,3,15.558652705202556,3,3,3
amazon-all-beauty,valid,1152,5,2.6276424989819156,4,4,4
amazon-all-beauty,valid,1153,2,4.04292862544685,1,1,1
amazon-all-beauty,valid,1155,5,8.580803789693963,4,5,5
amazon-all-beauty,valid,1156,4,24.510315220787973,2,2,3
amazon-all-beauty,valid,1160,1,0.5533318101853754,1,1,1
amazon-all-beauty,valid,1161,2,0.5287816136617132,1,1,1
amazon-all-beauty,valid,1162,2,7.073896309598117,2,2,2
amazon-all-beauty,valid,1163,2,5.517582287411368,1,2,2
amazon-all-beauty,valid,1164,8,2.060194877110111,4,5,5
amazon-all-beauty,valid,1165,23,9.861487207990331,8,17,21
amazon-all-beauty,valid,1167,2,0.4750691499522327,1,1,1
amazon-all-beauty,valid,1168,1,2.0592426119059457,1,1,1
amazon-all-beauty,valid,1169,3,7.075757350826414,3,3,3
amazon-all-beauty,valid,1170,4,12.519064923493847,4,4,4
amazon-all-beauty,valid,1171,11,9.648062024194644,9,9,9
amazon-all-beauty,valid,1172,3,3.2211297293944288,3,3,3
amazon-all-beauty,valid,1173,2,0.6577776671726236,2,2,2
amazon-all-beauty,valid,1174,3,1.9872062963462376,2,3,3
amazon-all-beauty,valid,1175,5,8.053570538680022,5,5,5
amazon-all-beauty,valid,1176,1,6.724954282461485,1,1,1
amazon-all-beauty,valid,1177,23,6.180800475645968,9,18,18
amazon-all-beauty,valid,1178,4,2.574149452353568,4,4,4
amazon-all-beauty,valid,1180,3,7.56840992777901,3,3,3
amazon-all-beauty,valid,1182,1,1.558419736252291,1,1,1
amazon-all-beauty,valid,1183,4,1.0766866394524601,4,4,4
amazon-all-beauty,valid,1185,4,0.15043363209250163,2,2,2
amazon-all-beauty,valid,1186,2,5.137654958693595,1,2,2
amazon-all-beauty,valid,1187,1,0.45948758042033344,1,1,1
amazon-all-beauty,valid,1188,2,0.926034267872282,2,2,2
amazon-all-beauty,valid,1189,4,0.33368151370435845,2,4,4
amazon-all-beauty,valid,1190,5,1.0420884095606466,5,5,5
amazon-all-beauty,valid,1191,1,0.39574784234223603,1,1,1
amazon-all-beauty,valid,1192,46,43.42592138696235,18,36,42
amazon-all-beauty,valid,1193,2,0.4826254257827882,1,2,2
amazon-all-beauty,valid,1194,5,2.8141239797675524,1,1,2
amazon-all-beauty,valid,1195,2,2.504119552618304,1,1,1
amazon-all-beauty,valid,1196,3,0.3399880608032944,3,3,3
amazon-all-beauty,valid,1197,4,2.1467466612968416,2,2,2
amazon-all-beauty,valid,1199,4,58.79465992292805,3,4,4
amazon-all-beauty,valid,1200,3,0.4666551640044122,2,2,2
amazon-all-beauty,valid,1201,15,3.971637539490609,12,12,12
amazon-all-beauty,valid,1202,1,0.20154142655475205,1,1,1
amazon-all-beauty,valid,1203,2,0.612011649925899,2,2,2
amazon-all-beauty,valid,1204,4,0.3196102999872551,1,3,3
amazon-all-beauty,valid,1205,3,3.370918169317423,3,3,3
amazon-all-beauty,valid,1206,1,13.814797569262833,1,1,1
amazon-all-beauty,valid,1207,2,2.3049240778091655,1,1,2
amazon-all-beauty,valid,1208,66,36.83108956473429,33,57,62
amazon-all-beauty,valid,1209,4,1.3645687490325042,1,1,1
amazon-all-beauty,valid,1212,5,3.9680844858017377,2,3,3
amazon-all-beauty,valid,1213,12,9.705599441367315,5,9,11
amazon-all-beauty,valid,1214,4,1.8447975883586487,3,3,4
amazon-all-beauty,valid,1215,8,9.742142056482589,7,7,8
amazon-all-beauty,valid,1216,3,6.69873769882979,3,3,3
amazon-all-beauty,valid,1217,3,3.7105131027170697,2,3,3
amazon-all-beauty,valid,1218,14,25.08629996581849,13,14,14
amazon-all-beauty,valid,1219,3,0.6399935493102931,2,3,3
amazon-all-beauty,valid,1220,4,0.8755672920217743,1,4,4
amazon-all-beauty,valid,1221,8,0.23925831113034104,2,2,2
amazon-all-beauty,valid,1222,8,5.634465310695388,6,6,6
amazon-all-beauty,valid,1223,3,6.070857672541627,1,1,1
amazon-all-beauty,valid,1224,3,8.546458178962657,2,3,3
amazon-all-beauty,valid,1225,49,14.090977701446533,24,28,43
amazon-all-beauty,valid,1226,1,2.3997075753038866,1,1,1
amazon-all-beauty,valid,1228,1,0.5188294289679704,1,1,1
amazon-all-beauty,valid,1229,3,0.1585515712991863,2,2,2
amazon-all-beauty,valid,1230,5,0.16879259560366278,2,2,2
amazon-all-beauty,valid,1231,5,0.6184036353997737,3,3,3
amazon-all-beauty,valid,1233,14,3.401365400094604,8,11,11
amazon-all-beauty,valid,1234,1,0.31047122744145084,1,1,1
amazon-all-beauty,valid,1235,10,4.123008468131825,1,2,2
amazon-all-beauty,valid,1236,1,0.9625322850182301,1,1,1
amazon-all-beauty,valid,1238,4,11.145949010599594,3,4,4
amazon-all-beauty,valid,1239,3,46.05099580674369,2,3,3
amazon-all-beauty,valid,1240,3,8.477289438911345,3,3,3
amazon-all-beauty,valid,1241,3,3.6276914705090073,1,1,1
amazon-all-beauty,valid,1243,3,2.3599097396236264,2,2,2
amazon-all-beauty,valid,1244,3,3.0618411828120657,2,3,3
amazon-all-beauty,valid,1245,16,3.5765235550273338,5,12,16
amazon-all-beauty,valid,1246,5,6.851461473606841,2,4,4
amazon-all-beauty,valid,1247,1,2.886555886707113,1,1,1
amazon-all-beauty,valid,1248,5,0.6052095972119615,1,2,2
amazon-all-beauty,valid,1249,9,17.919457176185944,6,9,9
amazon-all-beauty,valid,1250,3,0.6258291356932024,1,2,2
amazon-all-beauty,valid,1251,26,9.463539342893274,8,13,15
amazon-all-beauty,valid,1253,2,1.4516035341549913,1,2,2
amazon-all-beauty,valid,1255,2,0.6482831044597168,1,1,1
amazon-all-beauty,valid,1256,2,0.36167942893409066,1,1,1
amazon-all-beauty,valid,1257,7,5.008160997190882,2,6,6
amazon-all-beauty,valid,1258,14,2.6123775503924715,11,11,11
amazon-all-beauty,valid,1259,10,4.686484714754407,3,7,8
amazon-all-beauty,valid,1260,8,5.297995561516461,5,7,7
amazon-all-beauty,valid,1261,4,3.575578558552975,3,4,4
amazon-all-beauty,valid,1262,3,44.210568203384966,2,3,3
amazon-all-beauty,valid,1263,4,2.3105503210776592,1,4,4
amazon-all-beauty,valid,1265,9,1.9871392761934377,8,9,9
amazon-all-beauty,valid,1267,3,14.988013679749496,3,3,3
amazon-all-beauty,valid,1268,7,1.1741057290957952,5,5,5
amazon-all-beauty,valid,1269,1,2.491918681639675,1,1,1
amazon-all-beauty,valid,1270,1,0.44722517163596254,1,1,1
amazon-all-beauty,valid,1271,1,0.1633659344078446,1,1,1
amazon-all-beauty,valid,1272,4,3.03846599494158,3,4,4
amazon-all-beauty,valid,1273,2,0.7145689923501546,1,1,1
amazon-all-beauty,valid,1274,2,1.2446446863151932,2,2,2
amazon-all-beauty,valid,1275,3,4.702485468238331,2,3,3
amazon-all-beauty,valid,1276,2,11.007023071379605,2,2,2
amazon-all-beauty,valid,1277,13,6.2964296430382225,7,9,13
amazon-all-beauty,valid,1278,8,7.098949650063019,2,7,7
amazon-all-beauty,valid,1279,3,1.4499409662100775,2,2,2
amazon-all-beauty,valid,1280,5,1.1258417327715549,3,4,4
amazon-all-beauty,valid,1281,1,2.666078679811405,1,1,1
amazon-all-beauty,valid,1282,2,8.199880583393183,1,2,2
amazon-all-beauty,valid,1283,6,0.20363075517852341,2,2,2
amazon-all-beauty,valid,1284,5,5.432100669690253,1,1,3
amazon-all-beauty,valid,1286,8,6.089616292993382,2,4,8
amazon-all-beauty,valid,1292,3,1.6627793540723337,2,3,3
amazon-all-beauty,valid,1293,3,1.585056427827088,2,2,2
amazon-all-beauty,valid,1294,21,6.932937158812445,11,12,20
amazon-all-beauty,valid,1295,3,41.93371177133216,2,3,3
amazon-all-beauty,valid,1296,3,5.515501829101936,1,2,2
amazon-all-beauty,valid,1298,28,32.5787014019963,17,25,28
amazon-all-beauty,valid,1299,5,0.861604678055945,5,5,5
amazon-all-beauty,valid,1301,3,1.2178994565885275,3,3,3
amazon-all-beauty,valid,1302,6,91.71415510594699,3,5,6
amazon-all-beauty,valid,1303,9,24.61906354982711,8,9,9
amazon-all-beauty,valid,1305,18,13.472707243960686,7,12,17
amazon-all-beauty,valid,1308,4,15.387285747258995,4,4,4
amazon-all-beauty,valid,1310,3,2.277862473537666,3,3,3
amazon-all-beauty,valid,1311,2,5.154108591004158,2,2,2
amazon-all-beauty,valid,1313,6,2.6913851938314606,2,2,2
amazon-all-beauty,valid,1314,3,2.035333788388672,2,2,2
amazon-all-beauty,valid,1315,4,3.04355589218946,2,3,4
amazon-all-beauty,valid,1318,2,13.546095358466342,2,2,2
amazon-all-beauty,valid,1320,5,2.8068692946245957,3,3,4
amazon-all-beauty,valid,1322,4,0.1528419224361235,3,3,3
amazon-all-beauty,valid,1323,2,9.977619704122041,2,2,2
amazon-all-beauty,valid,1324,3,14.373207757607325,2,3,3
amazon-all-beauty,valid,1325,3,3.8556374820799633,3,3,3
amazon-all-beauty,valid,1327,64,29.111444227005386,46,58,59
amazon-all-beauty,valid,1328,2,0.267136969911709,1,1,1
amazon-all-beauty,valid,1330,6,3.9576425242376723,2,5,5
amazon-all-beauty,valid,1331,12,10.211503035957483,4,12,12
amazon-all-beauty,valid,1333,3,6.7870370581405375,3,3,3
amazon-all-beauty,valid,1334,2,4.45736615850648,1,1,1
amazon-all-beauty,valid,1336,17,6.906696674611553,6,9,9
amazon-all-beauty,valid,1337,1,5.342902267061388,1,1,1
amazon-all-beauty,valid,1338,9,5.513893776630578,3,6,6
amazon-all-beauty,valid,1339,4,8.215626746535635,2,3,3
amazon-all-beauty,valid,1340,5,4.466307004166522,4,4,4
amazon-all-beauty,valid,1341,2,0.0027850323055000348,1,1,1
amazon-all-beauty,valid,1342,3,1.813469978883108,2,2,2
amazon-all-beauty,valid,1343,10,1.8011160949820941,7,8,8
amazon-all-beauty,valid,1344,4,1.2614920004240506,1,2,2
amazon-all-beauty,valid,1345,1,15.396107274871268,1,1,1
amazon-all-beauty,valid,1346,1,13.991644287089448,1,1,1
amazon-all-beauty,valid,1347,2,1.6090022725868538,2,2,2
amazon-all-beauty,valid,1348,4,5.293060340374905,2,2,4
amazon-all-beauty,valid,1349,2,0.351744923269625,1,1,1
amazon-all-beauty,valid,1351,1,4.460964734155755,1,1,1
amazon-all-beauty,valid,1352,5,0.05120216475093545,1,1,1
amazon-all-beauty,valid,1353,3,8.248601462505398,2,3,3
amazon-all-beauty,valid,1354,14,10.805685169259457,7,10,10
amazon-all-beauty,valid,1355,1,7.502493020325401,1,1,1
amazon-all-beauty,valid,1356,1,0.18519183563948163,1,1,1
amazon-all-beauty,valid,1358,3,0.4414613768957757,1,2,2
amazon-all-beauty,valid,1359,35,34.91545974438834,29,32,34
amazon-all-beauty,valid,1360,5,15.933304845661766,5,5,5
amazon-all-beauty,valid,1361,3,1.7046201340242897,1,2,2
amazon-all-beauty,valid,1363,34,14.195711905249272,14,30,32
amazon-all-beauty,valid,1364,3,5.758310791544348,3,3,3
amazon-all-beauty,valid,1365,1,3.8428026916229676,1,1,1
amazon-all-beauty,valid,1366,3,45.34429133364745,2,3,3
amazon-all-beauty,valid,1367,7,4.054963178031583,5,5,5
amazon-all-beauty,valid,1368,2,0.4353636517802875,1,1,1
amazon-all-beauty,valid,1370,4,60.328184629186666,2,4,4
amazon-all-beauty,valid,1372,5,1.2026072810620083,5,5,5
amazon-all-beauty,valid,1373,3,46.08766100467521,2,3,3
amazon-all-beauty,valid,1375,3,0.062245459708044695,3,3,3
amazon-all-beauty,valid,1376,1,0.19287389745534703,1,1,1
amazon-all-beauty,valid,1377,2,1.6979507664290387,2,2,2
amazon-all-beauty,valid,1378,4,0.17168000612051693,3,3,3
amazon-all-beauty,valid,1380,2,0.13255957909865657,1,1,1
amazon-all-beauty,valid,1381,2,2.908909941238479,1,2,2
amazon-all-beauty,valid,1385,6,1.6817761178243853,3,3,3
amazon-all-beauty,valid,1386,5,12.017124881028447,3,4,5
amazon-all-beauty,valid,1388,4,6.898018550414461,4,4,4
amazon-all-beauty,valid,1389,3,2.2172682474839878,3,3,3
amazon-all-beauty,valid,1391,8,0.01832791741096715,1,1,1
amazon-all-beauty,valid,1393,2,1.2455372616957712,1,1,1
amazon-all-beauty,valid,1394,2,0.741128315072087,1,1,1
amazon-all-beauty,valid,1395,4,1.0893699569721997,3,3,3
amazon-all-beauty,valid,1396,4,2.740983556469992,2,3,3
amazon-all-beauty,valid,1398,3,2.7762419471867643,3,3,3
amazon-all-beauty,valid,1399,6,89.73565576231944,4,5,6
amazon-all-beauty,valid,1400,3,1.5015797475446941,3,3,3
amazon-all-beauty,valid,1401,2,0.879520249048859,2,2,2
amazon-all-beauty,valid,1402,2,0.5866354053792173,2,2,2
amazon-all-beauty,valid,1403,4,0.5819497234279107,1,1,1
amazon-all-beauty,valid,1406,2,0.7352783427640996,1,1,1
amazon-all-beauty,valid,1407,3,0.14560620990995213,3,3,3
amazon-all-beauty,valid,1408,5,0.3417433974523595,3,3,3
amazon-all-beauty,valid,1409,6,30.422675775904565,5,6,6
amazon-all-beauty,valid,1410,8,120.64432423388973,4,7,8
amazon-all-beauty,valid,1412,4,0.9248460769464041,2,2,2
amazon-all-beauty,valid,1414,4,3.56675758533535,1,4,4
amazon-all-beauty,valid,1415,3,4.652930902776857,3,3,3
amazon-all-beauty,valid,1416,4,0.30507222437854364,4,4,4
amazon-all-beauty,valid,1417,4,4.660584259269925,2,4,4
amazon-all-beauty,valid,1419,6,2.361601567285985,4,4,4
amazon-all-beauty,valid,1420,4,1.8000023777370386,2,3,3
amazon-all-beauty,valid,1423,1,0.09143470743331725,1,1,1
amazon-all-beauty,valid,1424,3,0.5203652869364972,2,2,2
amazon-all-beauty,valid,1428,7,1.487962213446497,7,7,7
amazon-all-beauty,valid,1429,10,6.785622797397769,6,9,9
amazon-all-beauty,valid,1430,3,1.7883644021226417,2,3,3
amazon-all-beauty,valid,1432,10,3.5099352140576245,3,6,6
amazon-all-beauty,valid,1433,2,0.6037459953456721,1,1,1
amazon-all-beauty,valid,1434,2,0.5112645292206942,1,1,1
amazon-all-beauty,valid,1435,4,60.888499347939494,3,4,4
amazon-all-beauty,valid,1436,4,15.908894233390166,4,4,4
amazon-all-beauty,valid,1438,3,1.1811970526163023,3,3,3
amazon-all-beauty,valid,1439,2,1.0052859065550577,2,2,2
amazon-all-beauty,valid,1440,4,0.6214144295251369,1,1,2
amazon-all-beauty,valid,1441,4,0.8701636690034811,2,3,3
amazon-all-beauty,valid,1442,2,12.334775272742146,2,2,2
amazon-all-beauty,valid,1445,2,1.5563816583336019,2,2,2
amazon-all-beauty,valid,1446,1,1.1757609051120914,1,1,1
amazon-all-beauty,valid,1447,2,0.9927623778922692,1,1,1
amazon-all-beauty,valid,1448,8,1.5699657439548038,1,2,4
amazon-all-beauty,valid,1450,2,1.1503323010710351,1,1,1
amazon-all-beauty,valid,1451,1,2.3623897316748392,1,1,1
amazon-all-beauty,valid,1452,2,0.9227940775621517,1,2,2
amazon-all-beauty,valid,1453,13,25.0690345765469,10,12,12
amazon-all-beauty,valid,1454,5,1.4427969135987646,4,4,4
amazon-all-beauty,valid,1458,1,0.10502938815220447,1,1,1
amazon-all-beauty,valid,1459,5,13.845803013849457,4,5,5
amazon-all-beauty,valid,1460,2,2.0237967125999057,1,2,2
amazon-all-beauty,valid,1461,9,5.71181753172046,8,8,8
amazon-all-beauty,valid,1462,4,1.7907643149471635,3,3,3
amazon-all-beauty,valid,1464,4,62.02921019152303,2,4,4
amazon-all-beauty,valid,1465,3,0.7021760544262776,2,3,3
amazon-all-beauty,valid,1466,33,16.444907863613743,16,29,32
amazon-all-beauty,valid,1467,33,18.79272459281715,16,29,30
amazon-all-beauty,valid,1468,35,17.21831309659409,21,24,33
amazon-all-beauty,valid,1470,4,6.240007975890979,3,4,4
amazon-all-beauty,valid,1471,3,2.74089879568851,2,2,2
amazon-all-beauty,valid,1472,7,0.3249897144393256,2,3,5
amazon-all-beauty,valid,1473,6,0.9850009760425745,6,6,6
amazon-all-beauty,valid,1475,4,59.932284636313724,3,4,4
amazon-all-beauty,valid,1476,6,30.18060292635366,6,6,6
amazon-all-beauty,valid,1477,7,1.957104022237878,5,5,7
amazon-all-beauty,valid,1478,2,0.323689227797865,2,2,2
amazon-all-beauty,valid,1480,6,9.13012202903759,6,6,6
amazon-all-beauty,valid,1481,3,2.0186226089651895,3,3,3
amazon-all-beauty,valid,1482,2,13.739140194270972,1,2,2
amazon-all-beauty,valid,1483,6,3.567737878268857,2,3,3
amazon-all-beauty,valid,1486,5,1.5047311731120074,4,4,4
amazon-all-beauty,valid,1487,2,3.078176236267722,1,1,1
amazon-all-beauty,valid,1488,11,9.588352919993524,11,11,11
amazon-all-beauty,valid,1489,3,2.5111073275387596,2,2,3
amazon-all-beauty,valid,1490,8,1.1672769422400242,7,7,7
amazon-all-beauty,valid,1491,3,45.459609116046686,2,3,3
amazon-all-beauty,valid,1492,6,3.290290954318312,5,5,5
amazon-all-beauty,valid,1493,3,1.669728259768141,3,3,3
amazon-all-beauty,valid,1494,3,0.509577875908368,3,3,3
amazon-all-beauty,valid,1495,3,44.73696431848296,2,3,3
amazon-all-beauty,valid,1497,3,1.2928830572868923,3,3,3
amazon-all-beauty,valid,1498,3,7.263474146082866,1,3,3
amazon-all-beauty,valid,1499,4,1.7227675651781766,1,1,2
amazon-all-beauty,valid,1503,10,3.3047958278476495,6,9,10
amazon-all-beauty,valid,1504,4,61.98150601059275,3,4,4
amazon-all-beauty,valid,1506,11,8.558164653115577,7,10,10
amazon-all-beauty,valid,1507,2,0.9550254735100074,2,2,2
amazon-all-beauty,valid,1508,5,1.4968805753236603,5,5,5
amazon-all-beauty,valid,1509,10,12.98406762185579,8,10,10
amazon-all-beauty,valid,1510,15,69.08262038695145,9,14,14
amazon-all-beauty,valid,1511,4,61.25739317600558,2,4,4
amazon-all-beauty,valid,1512,4,0.014803445846084173,2,2,2
amazon-all-beauty,valid,1513,10,14.191754636263827,6,8,8
amazon-all-beauty,valid,1514,26,28.061625646493457,14,23,25
amazon-all-beauty,valid,1515,5,1.0531856039972594,3,3,3
amazon-all-beauty,valid,1516,3,43.24959185774135,2,3,3
amazon-all-beauty,valid,1517,2,13.739639519049092,2,2,2
amazon-all-beauty,valid,1518,11,1.2896360294427909,11,11,11
amazon-all-beauty,valid,1519,3,2.2997349439195935,1,1,1
amazon-all-beauty,valid,1520,5,0.28518208445364684,2,2,2
amazon-all-beauty,valid,1522,4,12.728337444990961,1,3,3
amazon-all-beauty,valid,1523,2,1.3921623257668525,1,1,1
amazon-all-beauty,valid,1524,5,1.7157943893167413,4,4,4
amazon-all-beauty,valid,1526,3,1.2230726978315716,1,1,1
amazon-all-beauty,valid,1527,4,16.816927984689833,4,4,4
amazon-all-beauty,valid,1528,8,0.8406409220987434,2,4,4
amazon-all-beauty,valid,1529,4,2.5997047047716073,2,2,2
amazon-all-beauty,valid,1530,4,0.7251368630983405,1,1,1
amazon-all-beauty,valid,1531,1,0.29092043863950817,1,1,1
amazon-all-beauty,valid,1533,4,0.43032198686663725,2,2,2
amazon-all-beauty,valid,1534,3,0.9152852332735593,2,3,3
amazon-all-beauty,valid,1535,4,20.505571081001186,3,4,4
amazon-all-beauty,valid,1536,6,89.98051635454966,3,5,6
amazon-all-beauty,valid,1537,3,45.86051171981042,2,3,3
amazon-all-beauty,valid,1539,4,9.98503048215764,2,3,3
amazon-all-beauty,valid,1540,37,26.021040755213637,14,36,37
amazon-all-beauty,valid,1541,6,31.129576566305012,5,6,6
amazon-all-beauty,valid,1542,6,2.1824842953856565,5,5,5
amazon-all-beauty,valid,1544,3,0.1354993491098855,3,3,3
amazon-all-beauty,valid,1546,9,6.028770371770274,2,5,7
amazon-all-beauty,valid,1547,1,0.16995713235796428,1,1,1
amazon-all-beauty,valid,1548,4,60.41238128331642,3,4,4
amazon-all-beauty,valid,1549,3,3.8212013202230906,2,3,3
amazon-all-beauty,valid,1551,3,1.794749180466114,3,3,3
amazon-all-beauty,valid,1553,1,1.109829090602438,1,1,1
amazon-all-beauty,valid,1554,7,6.021372283212136,6,7,7
amazon-all-beauty,valid,1555,2,0.27272372796150385,1,1,1
amazon-all-beauty,valid,1556,5,77.37608278664374,3,5,5
amazon-all-beauty,valid,1557,10,2.818085807108978,5,6,6
amazon-all-beauty,valid,1559,3,13.287420422038469,1,2,2
amazon-all-beauty,valid,1560,4,1.5957556285070469,2,4,4
amazon-all-beauty,valid,1562,4,2.8014321615299025,3,3,3
amazon-all-beauty,valid,1563,3,0.059512294101678326,1,1,1
amazon-all-beauty,valid,1564,25,9.951308442204635,10,19,21
amazon-all-beauty,valid,1565,3,4.026519775903828,2,2,2
amazon-all-beauty,valid,1566,3,0.3798985617955684,3,3,3
amazon-all-beauty,valid,1567,3,0.17166485266685078,3,3,3
amazon-all-beauty,valid,1568,2,14.381192272502464,2,2,2
amazon-all-beauty,valid,1570,1,8.727541211080032,1,1,1
amazon-all-beauty,valid,1571,3,0.19831029135717843,1,1,1
amazon-all-beauty,valid,1572,5,2.4570637670266144,1,5,5
amazon-all-beauty,valid,1573,3,0.2772474650766793,3,3,3
amazon-all-beauty,valid,1574,5,0.29654002917224626,1,1,5
amazon-all-beauty,valid,1576,3,45.595061156813415,2,3,3
amazon-all-beauty,valid,1577,1,6.673373281368896,1,1,1
amazon-all-beauty,valid,1578,5,4.5848358403572576,2,3,5
amazon-all-beauty,valid,1579,2,3.888736320851097,1,1,1
amazon-all-beauty,valid,1580,52,17.782011532271035,30,44,47
amazon-all-beauty,valid,1581,5,0.7742145875645707,1,1,1
amazon-all-beauty,valid,1583,7,3.7215069949512514,5,7,7
amazon-all-beauty,valid,1586,1,0.4559590432947107,1,1,1
amazon-all-beauty,valid,1587,27,13.588275489541253,17,22,26
amazon-all-beauty,valid,1588,2,0.7691927576593778,1,1,1
amazon-all-beauty,valid,1589,6,4.523161407134923,3,5,5
amazon-all-beauty,valid,1593,3,0.6858464217182747,2,3,3
amazon-all-beauty,valid,1594,2,0.22030251098271195,2,2,2
amazon-all-beauty,valid,1595,1,0.5385862677801293,1,1,1
amazon-all-beauty,valid,1596,5,0.6709896307873334,1,1,4
amazon-all-beauty,valid,1597,3,0.227791889859278,2,2,2
amazon-all-beauty,valid,1599,1,1.2730709638083166,1,1,1
amazon-all-beauty,valid,1600,2,2.7141008368710384,1,1,1
amazon-all-beauty,valid,1601,3,4.755044606285246,3,3,3
amazon-all-beauty,valid,1602,1,0.06595472948836834,1,1,1
amazon-all-beauty,test,0,15,3.653403062217309,11,15,15
amazon-all-beauty,test,1,2,0.6459852002501182,2,2,2
amazon-all-beauty,test,3,4,1.425093614155987,1,1,1
amazon-all-beauty,test,4,8,3.5487221419000203,6,8,8
amazon-all-beauty,test,5,9,1.3737169998896754,7,7,7
amazon-all-beauty,test,6,3,1.6198836227078321,3,3,3
amazon-all-beauty,test,7,5,53.19171385745762,4,5,5
amazon-all-beauty,test,8,16,6.075343218025612,6,13,15
amazon-all-beauty,test,9,6,1.973422074257713,1,3,4
amazon-all-beauty,test,10,6,0.5935549897581749,3,3,3
amazon-all-beauty,test,11,6,1.1083795334005218,2,6,6
amazon-all-beauty,test,13,12,4.718031741311081,6,11,11
amazon-all-beauty,test,14,15,3.6740024576930668,4,4,4
amazon-all-beauty,test,15,26,27.587887659686448,17,24,26
amazon-all-beauty,test,16,9,1.723333540512666,6,9,9
amazon-all-beauty,test,17,11,3.3255293868278177,4,11,11
amazon-all-beauty,test,18,7,2.990847375585063,3,6,7
amazon-all-beauty,test,20,3,2.564065260134596,1,2,3
amazon-all-beauty,test,21,2,0.015396278521217499,2,2,2
amazon-all-beauty,test,23,5,30.43488243722728,4,5,5
amazon-all-beauty,test,24,5,10.970216995608517,2,4,4
amazon-all-beauty,test,25,4,2.058342952593775,2,4,4
amazon-all-beauty,test,26,3,2.408541176399568,3,3,3
amazon-all-beauty,test,27,4,1.6681897530251932,4,4,4
amazon-all-beauty,test,28,7,7.686832936191702,2,7,7
amazon-all-beauty,test,29,4,3.2720388041756756,2,3,3
amazon-all-beauty,test,30,2,0.48967658649113954,1,1,1
amazon-all-beauty,test,31,5,8.80482838313327,4,5,5
amazon-all-beauty,test,32,2,4.484011658796213,2,2,2
amazon-all-beauty,test,33,38,23.330427401928663,21,30,31
amazon-all-beauty,test,34,20,1.728728662813049,18,19,19
amazon-all-beauty,test,35,3,9.266605675042317,2,2,2
amazon-all-beauty,test,36,24,17.595492106251832,4,19,22
amazon-all-beauty,test,37,4,58.79692382426601,3,4,4
amazon-all-beauty,test,38,4,4.02348378762176,1,4,4
amazon-all-beauty,test,39,2,5.894276078554765,1,1,2
amazon-all-beauty,test,40,4,2.0636063137665492,4,4,4
amazon-all-beauty,test,42,8,3.3772645712314886,6,7,7
amazon-all-beauty,test,43,2,2.1609512377260875,1,1,1
amazon-all-beauty,test,44,7,2.280679044738601,3,5,6
amazon-all-beauty,test,46,7,4.698622384743355,6,6,7
amazon-all-beauty,test,47,5,0.6295801698702156,4,4,4
amazon-all-beauty,test,48,4,61.236716596475176,3,4,4
amazon-all-beauty,test,49,7,1.7376168409816897,7,7,7
amazon-all-beauty,test,51,7,3.5297602434112814,6,6,7
amazon-all-beauty,test,52,3,1.0905497703789775,2,2,2
amazon-all-beauty,test,53,4,14.087798001752256,2,3,4
amazon-all-beauty,test,54,3,0.06379000319269716,1,1,1
amazon-all-beauty,test,55,4,62.06474818193975,3,4,4
amazon-all-beauty,test,56,5,3.327364679504763,4,4,5
amazon-all-beauty,test,57,3,1.2278168376183625,1,2,2
amazon-all-beauty,test,58,4,0.14380873926776663,3,3,3
amazon-all-beauty,test,59,3,15.141268195001295,3,3,3
amazon-all-beauty,test,60,4,3.192600088099469,2,4,4
amazon-all-beauty,test,62,4,0.7817488724074889,3,3,3
amazon-all-beauty,test,63,5,3.4233416038747997,5,5,5
amazon-all-beauty,test,64,7,5.819203713113584,6,6,7
amazon-all-beauty,test,66,4,1.440553463263316,4,4,4
amazon-all-beauty,test,67,4,56.6215241996651,3,4,4
amazon-all-beauty,test,68,7,1.3059583934209864,5,5,6
amazon-all-beauty,test,69,3,4.003727995999488,3,3,3
amazon-all-beauty,test,70,5,29.633403336950654,5,5,5
amazon-all-beauty,test,72,3,0.132201563355943,1,1,1
amazon-all-beauty,test,74,3,1.3500266078630532,2,2,2
amazon-all-beauty,test,75,4,1.2570743374845377,2,4,4
amazon-all-beauty,test,76,10,0.7077397742985476,4,8,8
amazon-all-beauty,test,77,4,58.262824333957965,3,4,4
amazon-all-beauty,test,78,5,0.3665454739436672,5,5,5
amazon-all-beauty,test,79,3,7.662602810177183,3,3,3
amazon-all-beauty,test,80,3,2.316879043962448,2,3,3
amazon-all-beauty,test,81,41,16.87975432678842,15,33,37
amazon-all-beauty,test,82,2,0.37652279119471,1,1,1
amazon-all-beauty,test,83,4,1.0162210329567287,2,2,2
amazon-all-beauty,test,84,3,0.030918466226555308,1,1,1
amazon-all-beauty,test,85,6,15.692122477111663,2,5,5
amazon-all-beauty,test,86,6,2.241227459314671,5,5,5
amazon-all-beauty,test,87,4,0.6368691042824337,1,2,2
amazon-all-beauty,test,88,5,0.004725413567626263,2,2,2
amazon-all-beauty,test,89,2,1.4915569083332476,2,2,2
amazon-all-beauty,test,90,4,0.0160558849515302,3,3,3
amazon-all-beauty,test,91,3,0.5448915828909624,2,2,2
amazon-all-beauty,test,93,20,6.332483158876632,11,18,18
amazon-all-beauty,test,94,5,1.6301167622884503,4,4,4
amazon-all-beauty,test,95,3,3.7286766729151046,2,3,3
amazon-all-beauty,test,97,9,8.131815335085673,6,8,8
amazon-all-beauty,test,98,11,1.0082814856273496,2,4,4
amazon-all-beauty,test,99,27,47.948812927103326,15,23,24
amazon-all-beauty,test,100,3,1.9260286007270084,2,2,2
amazon-all-beauty,test,101,5,72.70857758780795,3,5,5
amazon-all-beauty,test,102,3,14.967157229956062,3,3,3
amazon-all-beauty,test,103,6,3.492127811620149,2,5,6
amazon-all-beauty,test,105,4,58.89613557979793,2,4,4
amazon-all-beauty,test,106,4,2.2755454735124716,2,2,2
amazon-all-beauty,test,107,5,1.2448214766079648,5,5,5
amazon-all-beauty,test,109,13,9.375020443302583,9,10,11
amazon-all-beauty,test,110,15,10.823613244931616,5,9,9
amazon-all-beauty,test,111,5,0.9527421067600235,2,5,5
amazon-all-beauty,test,112,4,60.56638755770863,2,4,4
amazon-all-beauty,test,113,5,75.37877911580583,3,5,5
amazon-all-beauty,test,114,3,1.5352369233240788,3,3,3
amazon-all-beauty,test,116,4,0.22868557402914869,3,3,3
amazon-all-beauty,test,117,4,2.186400785564894,1,3,3
amazon-all-beauty,test,118,4,1.6429246954048013,3,3,3
amazon-all-beauty,test,120,7,3.8493876680331676,1,2,6
amazon-all-beauty,test,121,6,4.493869042005435,2,6,6
amazon-all-beauty,test,122,4,2.886611202972935,3,3,3
amazon-all-beauty,test,123,4,2.397165860648717,1,3,3
amazon-all-beauty,test,124,13,4.39545598436065,6,13,13
amazon-all-beauty,test,125,6,0.23696712125590344,3,3,3
amazon-all-beauty,test,126,4,15.951793537520166,3,3,3
amazon-all-beauty,test,127,4,60.340280534778934,3,4,4
amazon-all-beauty,test,128,6,2.272520326725709,6,6,6
amazon-all-beauty,test,129,4,2.2128519397313884,1,3,4
amazon-all-beauty,test,130,7,5.135200899991949,4,6,6
amazon-all-beauty,test,131,4,59.03426694829093,2,4,4
amazon-all-beauty,test,132,2,0.18664225523306968,1,1,1
amazon-all-beauty,test,133,7,1.3490129896513616,4,4,4
amazon-all-beauty,test,136,4,2.333888610904462,3,3,3
amazon-all-beauty,test,138,4,1.4106060500594957,3,3,3
amazon-all-beauty,test,139,3,0.9283178194204814,1,1,1
amazon-all-beauty,test,140,15,5.105452945661995,14,15,15
amazon-all-beauty,test,141,3,0.720913484682661,3,3,3
amazon-all-beauty,test,143,2,1.8405361415105888,1,1,1
amazon-all-beauty,test,144,4,0.16927270136737746,3,3,3
amazon-all-beauty,test,145,5,0.28873834131158566,1,1,1
amazon-all-beauty,test,146,9,3.9420721657975095,6,6,7
amazon-all-beauty,test,147,6,3.398071926299022,4,5,6
amazon-all-beauty,test,148,7,1.689336582414491,3,3,3
amazon-all-beauty,test,149,5,35.7874842698219,4,5,5
amazon-all-beauty,test,150,6,90.5729662509795,4,5,6
amazon-all-beauty,test,151,6,1.3353337945486126,2,5,5
amazon-all-beauty,test,152,4,1.2237153028260637,4,4,4
amazon-all-beauty,test,153,3,0.7300075280633029,2,2,2
amazon-all-beauty,test,154,2,1.91209148891491,2,2,2
amazon-all-beauty,test,155,2,7.9027317057004645,1,2,2
amazon-all-beauty,test,156,10,3.748377764265606,3,7,7
amazon-all-beauty,test,157,4,8.052455343049242,3,3,3
amazon-all-beauty,test,158,5,5.098699433279314,3,4,4
amazon-all-beauty,test,159,7,6.013745660860902,6,6,6
amazon-all-beauty,test,160,2,0.049976829383754015,1,1,1
amazon-all-beauty,test,161,5,3.162811478162118,3,3,4
amazon-all-beauty,test,162,11,16.577523744568705,6,8,8
amazon-all-beauty,test,163,12,12.851493505297519,6,10,10
amazon-all-beauty,test,164,3,2.2859053846688813,1,3,3
amazon-all-beauty,test,165,5,2.2927808638737535,4,5,5
amazon-all-beauty,test,166,4,2.3131935515525113,2,2,2
amazon-all-beauty,test,167,8,1.2229123545799743,4,4,4
amazon-all-beauty,test,168,2,28.16694572223855,2,2,2
amazon-all-beauty,test,170,27,10.737684908324379,9,22,26
amazon-all-beauty,test,171,4,1.35503328431458,2,4,4
amazon-all-beauty,test,172,17,11.448106659123614,6,8,14
amazon-all-beauty,test,173,10,1.3640648658984031,5,6,7
amazon-all-beauty,test,174,5,2.73201973423183,4,5,5
amazon-all-beauty,test,175,4,1.2908149188584916,4,4,4
amazon-all-beauty,test,176,7,3.5067502784139113,6,6,6
amazon-all-beauty,test,177,5,2.4052453618265894,2,2,4
amazon-all-beauty,test,178,3,2.251592421622303,2,2,2
amazon-all-beauty,test,179,9,2.361335581054561,5,8,8
amazon-all-beauty,test,180,4,0.08862786893839522,4,4,4
amazon-all-beauty,test,181,11,5.174461527259924,7,10,10
amazon-all-beauty,test,182,6,91.17562969837913,4,5,6
amazon-all-beauty,test,183,46,17.087832805416166,20,32,39
amazon-all-beauty,test,184,23,11.085386693037783,7,14,21
amazon-all-beauty,test,185,4,0.3656496337946164,4,4,4
amazon-all-beauty,test,186,3,0.18740608785689075,2,2,2
amazon-all-beauty,test,187,3,18.219409997201538,2,3,3
amazon-all-beauty,test,188,5,2.1073682559662257,1,5,5
amazon-all-beauty,test,189,4,1.6399061397543897,2,4,4
amazon-all-beauty,test,191,4,2.084363834915319,4,4,4
amazon-all-beauty,test,192,4,58.17338162808829,3,4,4
amazon-all-beauty,test,193,5,9.458331667582753,2,4,4
amazon-all-beauty,test,195,8,6.917856269245578,8,8,8
amazon-all-beauty,test,196,4,2.138547041278932,1,4,4
amazon-all-beauty,test,197,7,8.064330969168697,5,7,7
amazon-all-beauty,test,198,7,4.755417159487574,6,6,6
amazon-all-beauty,test,199,4,1.0905048644126252,4,4,4
amazon-all-beauty,test,200,5,4.386250199659071,4,4,4
amazon-all-beauty,test,201,4,4.527582519641124,1,1,4
amazon-all-beauty,test,203,7,3.406971192360589,6,7,7
amazon-all-beauty,test,204,4,62.461160497065315,3,4,4
amazon-all-beauty,test,205,7,52.3720536311525,6,7,7
amazon-all-beauty,test,206,5,4.4083759667949645,1,3,5
amazon-all-beauty,test,207,3,1.762486984815685,1,1,1
amazon-all-beauty,test,208,5,8.47981969607716,4,4,4
amazon-all-beauty,test,209,3,1.6366556623436,2,2,2
amazon-all-beauty,test,210,3,0.8330877262384452,3,3,3
amazon-all-beauty,test,212,3,1.8720763921326966,3,3,3
amazon-all-beauty,test,213,5,7.990497552563234,5,5,5
amazon-all-beauty,test,214,39,91.76194835961708,27,33,38
amazon-all-beauty,test,215,3,0.8453922074165314,1,2,2
amazon-all-beauty,test,216,4,59.37363507268083,3,4,4
amazon-all-beauty,test,217,4,12.099517534979068,2,3,3
amazon-all-beauty,test,218,8,2.637364609897435,5,7,7
amazon-all-beauty,test,219,4,60.94441583836513,2,4,4
amazon-all-beauty,test,220,3,0.5715944322268869,3,3,3
amazon-all-beauty,test,221,4,1.5743853164758759,3,3,3
amazon-all-beauty,test,222,2,6.986227173801428,1,1,2
amazon-all-beauty,test,223,5,1.0087698457113539,5,5,5
amazon-all-beauty,test,224,6,4.68692256332619,4,4,5
amazon-all-beauty,test,226,11,2.4318944964812266,8,11,11
amazon-all-beauty,test,227,6,1.7595369893032016,4,5,5
amazon-all-beauty,test,228,7,6.946441350005172,7,7,7
amazon-all-beauty,test,229,3,6.315051204813525,3,3,3
amazon-all-beauty,test,230,3,0.2390591602535013,1,1,1
amazon-all-beauty,test,231,3,4.790495803140129,1,2,2
amazon-all-beauty,test,232,7,4.917178182993723,4,7,7
amazon-all-beauty,test,233,4,1.0350227729920858,4,4,4
amazon-all-beauty,test,234,2,9.471041472846705,2,2,2
amazon-all-beauty,test,235,4,60.048829971658726,2,4,4
amazon-all-beauty,test,236,5,74.76275808379773,3,5,5
amazon-all-beauty,test,237,3,0.11937619760793491,3,3,3
amazon-all-beauty,test,238,12,15.126374690824887,3,7,7
amazon-all-beauty,test,239,10,4.5591777169326235,9,9,9
amazon-all-beauty,test,240,10,19.27353406813621,5,8,8
amazon-all-beauty,test,241,4,6.443955660008983,3,3,3
amazon-all-beauty,test,242,10,2.0578763370997883,3,10,10
amazon-all-beauty,test,243,4,0.49750932045199425,4,4,4
amazon-all-beauty,test,245,4,59.512075054193616,3,4,4
amazon-all-beauty,test,247,4,1.7247704082371216,2,2,4
amazon-all-beauty,test,248,71,42.34926727199581,27,56,64
amazon-all-beauty,test,250,16,1.2993209343176015,11,16,16
amazon-all-beauty,test,252,4,60.68159581636552,3,4,4
amazon-all-beauty,test,253,2,3.959482498469409,1,2,2
amazon-all-beauty,test,255,5,3.088071687909324,5,5,5
amazon-all-beauty,test,256,10,4.36086785677128,4,7,8
amazon-all-beauty,test,258,5,38.03050501101921,4,5,5
amazon-all-beauty,test,259,3,1.5980053619818204,3,3,3
amazon-all-beauty,test,261,4,63.12812318993997,2,4,4
amazon-all-beauty,test,262,5,5.331877821522253,3,5,5
amazon-all-beauty,test,264,2,12.988191332433942,1,2,2
amazon-all-beauty,test,265,3,0.4208394976371392,2,2,2
amazon-all-beauty,test,266,6,3.0440861398689645,1,5,6
amazon-all-beauty,test,267,7,8.371160562976677,3,5,5
amazon-all-beauty,test,268,4,0.21746610477331946,2,2,2
amazon-all-beauty,test,269,4,0.20735259123749697,3,3,3
amazon-all-beauty,test,270,5,0.12413388926385815,2,2,2
amazon-all-beauty,test,271,3,0.6736398835943721,3,3,3
amazon-all-beauty,test,272,6,7.0735360762768185,3,5,5
amazon-all-beauty,test,273,37,22.89371509277209,9,37,37
amazon-all-beauty,test,276,13,10.694728809542832,8,13,13
amazon-all-beauty,test,277,58,13.19131327652595,31,56,58
amazon-all-beauty,test,278,3,2.5933384062496785,1,1,1
amazon-all-beauty,test,279,3,6.4831742764826465,1,1,1
amazon-all-beauty,test,280,13,9.821501555723778,7,9,9
amazon-all-beauty,test,281,11,1.5482802277674965,5,8,9
amazon-all-beauty,test,282,4,0.9509065060860521,2,2,2
amazon-all-beauty,test,283,7,1.786767868740045,3,3,4
amazon-all-beauty,test,284,5,0.6059152799973242,1,1,1
amazon-all-beauty,test,285,6,60.60495223489726,4,5,6
amazon-all-beauty,test,286,7,1.3619914299211593,2,5,5
amazon-all-beauty,test,287,16,4.2974547803386764,10,14,15
amazon-all-beauty,test,289,2,4.694700473816464,2,2,2
amazon-all-beauty,test,290,7,1.003442975551874,1,5,5
amazon-all-beauty,test,291,4,3.192661933902236,3,4,4
amazon-all-beauty,test,292,5,30.575331791335955,4,5,5
amazon-all-beauty,test,293,5,27.283725443320137,5,5,5
amazon-all-beauty,test,295,4,59.26882861277585,3,4,4
amazon-all-beauty,test,296,6,2.078825432398564,2,2,3
amazon-all-beauty,test,297,5,75.46009673693783,3,5,5
amazon-all-beauty,test,298,10,8.968543278171271,10,10,10
amazon-all-beauty,test,299,6,5.288474511059342,2,2,5
amazon-all-beauty,test,300,6,6.139503310444431,6,6,6
amazon-all-beauty,test,301,4,1.8370209098564778,4,4,4
amazon-all-beauty,test,302,4,26.427110748276924,2,4,4
amazon-all-beauty,test,303,4,61.20332121816766,2,4,4
amazon-all-beauty,test,304,12,4.090432854708008,7,9,10
amazon-all-beauty,test,305,10,7.808504327635409,7,9,9
amazon-all-beauty,test,306,3,1.0895278978469962,1,2,2
amazon-all-beauty,test,307,8,4.254469606637902,3,6,7
amazon-all-beauty,test,308,3,4.486519247380932,2,2,3
amazon-all-beauty,test,309,4,2.066169896210546,2,2,2
amazon-all-beauty,test,310,2,6.743727193975233,1,2,2
amazon-all-beauty,test,311,4,2.199774262819899,2,4,4
amazon-all-beauty,test,312,4,1.9906993522144956,4,4,4
amazon-all-beauty,test,313,3,19.122313688441174,3,3,3
amazon-all-beauty,test,314,15,14.617392357965478,8,13,14
amazon-all-beauty,test,316,3,1.9014362086108205,2,3,3
amazon-all-beauty,test,317,6,11.187792008130135,3,6,6
amazon-all-beauty,test,318,5,59.178808104485896,4,5,5
amazon-all-beauty,test,319,3,0.2938142554944975,1,1,1
amazon-all-beauty,test,320,2,29.609412093429295,2,2,2
amazon-all-beauty,test,321,8,1.5024146042826496,1,6,6
amazon-all-beauty,test,322,4,1.9423163458395116,1,2,2
amazon-all-beauty,test,323,4,0.7036054070233054,3,3,3
amazon-all-beauty,test,324,24,1.280369630926548,10,16,16
amazon-all-beauty,test,326,3,1.0107287067950241,3,3,3
amazon-all-beauty,test,327,2,0.2800271998333366,1,1,1
amazon-all-beauty,test,329,3,0.43913119459788,1,1,1
amazon-all-beauty,test,330,15,3.689670697588008,6,9,9
amazon-all-beauty,test,332,15,1.5939370908683008,3,13,13
amazon-all-beauty,test,333,5,73.12560161829029,3,4,5
amazon-all-beauty,test,334,6,1.885551754803814,4,4,4
amazon-all-beauty,test,335,20,11.390129298999385,14,16,16
amazon-all-beauty,test,336,21,12.955636293211443,10,15,19
amazon-all-beauty,test,337,7,2.0365509926343743,2,2,6
amazon-all-beauty,test,338,3,15.17154085306429,2,3,3
amazon-all-beauty,test,339,4,1.6200806176054918,4,4,4
amazon-all-beauty,test,340,8,1.8976153823077762,7,7,8
amazon-all-beauty,test,341,4,16.549981295340626,3,4,4
amazon-all-beauty,test,342,6,6.600940758435284,2,2,4
amazon-all-beauty,test,343,7,2.703414079270919,3,6,6
amazon-all-beauty,test,344,3,24.33082588848056,2,3,3
amazon-all-beauty,test,345,6,2.69207707835007,4,6,6
amazon-all-beauty,test,346,5,1.7510112620344447,2,4,4
amazon-all-beauty,test,347,14,1.4545417025816865,3,13,13
amazon-all-beauty,test,348,4,59.95225947542069,3,4,4
amazon-all-beauty,test,349,5,7.443694293732944,3,5,5
amazon-all-beauty,test,350,4,13.48802578403261,4,4,4
amazon-all-beauty,test,351,9,1.9111123047706953,5,8,8
amazon-all-beauty,test,352,21,4.868952501499483,14,16,18
amazon-all-beauty,test,354,2,0.2107534943956555,1,1,1
amazon-all-beauty,test,355,14,5.196484792985651,9,9,9
amazon-all-beauty,test,357,4,60.86854674621778,2,4,4
amazon-all-beauty,test,358,4,0.5918479470427449,4,4,4
amazon-all-beauty,test,359,5,0.15071612696450515,2,2,2
amazon-all-beauty,test,360,11,15.79382839255798,5,9,10
amazon-all-beauty,test,361,4,1.723354484310416,1,1,1
amazon-all-beauty,test,362,23,28.599597645005467,13,15,23
amazon-all-beauty,test,363,3,5.16837378124807,3,3,3
amazon-all-beauty,test,364,5,4.241564777657255,3,5,5
amazon-all-beauty,test,365,4,9.754182769007837,2,2,3
amazon-all-beauty,test,367,4,2.355960293762635,3,3,3
amazon-all-beauty,test,368,7,0.4785795768527422,2,2,2
amazon-all-beauty,test,369,7,0.8295395389025807,2,5,5
amazon-all-beauty,test,370,3,6.366551079489536,2,3,3
amazon-all-beauty,test,371,5,0.1657561145263532,1,1,1
amazon-all-beauty,test,372,3,5.817280949281329,2,2,2
amazon-all-beauty,test,373,8,2.7073341422156556,5,7,8
amazon-all-beauty,test,374,4,1.6382882929776121,3,3,3
amazon-all-beauty,test,375,5,2.739940062546804,5,5,5
amazon-all-beauty,test,376,7,0.1403403231615673,4,4,4
amazon-all-beauty,test,378,3,0.03659743858585507,1,1,1
amazon-all-beauty,test,379,12,6.7968672760120885,6,12,12
amazon-all-beauty,test,380,6,1.8737047724077538,4,5,5
amazon-all-beauty,test,381,6,0.8608558756869797,3,3,3
amazon-all-beauty,test,382,4,6.320578581036759,4,4,4
amazon-all-beauty,test,384,2,18.10447450071064,2,2,2
amazon-all-beauty,test,386,4,2.210833943218777,1,2,2
amazon-all-beauty,test,387,9,63.816747560032155,7,9,9
amazon-all-beauty,test,388,11,4.540522829879136,5,8,9
amazon-all-beauty,test,389,4,0.7579639868933714,3,3,3
amazon-all-beauty,test,390,12,1.912847436814872,11,11,11
amazon-all-beauty,test,392,3,0.8049388924661033,3,3,3
amazon-all-beauty,test,393,6,29.982178552898148,5,6,6
amazon-all-beauty,test,394,2,0.49542381099134203,1,1,1
amazon-all-beauty,test,396,4,4.166632674061593,2,2,3
amazon-all-beauty,test,397,13,8.538743592660873,7,13,13
amazon-all-beauty,test,398,5,73.38000260319086,3,5,5
amazon-all-beauty,test,399,2,3.4323981948171123,2,2,2
amazon-all-beauty,test,400,4,0.26418949997483665,3,3,3
amazon-all-beauty,test,401,6,6.0076566828609455,5,6,6
amazon-all-beauty,test,402,3,0.5579683974107799,3,3,3
amazon-all-beauty,test,403,2,0.028341886308072328,1,1,1
amazon-all-beauty,test,404,6,0.5196233221015031,5,6,6
amazon-all-beauty,test,405,3,3.5985032083742174,1,2,2
amazon-all-beauty,test,407,10,1.213400852030652,8,8,8
amazon-all-beauty,test,408,17,3.2684873520713382,11,17,17
amazon-all-beauty,test,409,4,0.08315217461608015,2,2,2
amazon-all-beauty,test,410,3,1.819717883348344,2,2,2
amazon-all-beauty,test,411,4,1.0298655475943799,3,4,4
amazon-all-beauty,test,412,31,14.76809444026561,17,24,28
amazon-all-beauty,test,413,3,2.2454194220337254,2,2,2
amazon-all-beauty,test,414,4,2.0145352420360747,2,3,3
amazon-all-beauty,test,415,4,62.1413568365453,3,4,4
amazon-all-beauty,test,416,3,0.08718878363535415,1,1,1
amazon-all-beauty,test,417,3,2.0105195768145507,1,1,1
amazon-all-beauty,test,418,6,3.619708187601974,6,6,6
amazon-all-beauty,test,419,95,40.237676992800814,53,75,83
amazon-all-beauty,test,420,6,2.0855555370072905,6,6,6
amazon-all-beauty,test,421,6,88.69707131172174,4,5,6
amazon-all-beauty,test,423,12,1.8056374913198738,11,11,11
amazon-all-beauty,test,424,4,0.23484034019380284,1,1,1
amazon-all-beauty,test,425,17,1.4645299845268454,12,16,16
amazon-all-beauty,test,426,6,4.44934018721168,4,6,6
amazon-all-beauty,test,427,7,24.108814363601454,7,7,7
amazon-all-beauty,test,428,2,1.5015434038956572,2,2,2
amazon-all-beauty,test,429,2,5.123409295461115,2,2,2
amazon-all-beauty,test,430,7,6.781657027694415,6,6,6
amazon-all-beauty,test,431,5,1.1821535681794229,1,5,5
amazon-all-beauty,test,432,48,14.925724915659636,29,41,46
amazon-all-beauty,test,433,2,16.52444341395484,2,2,2
amazon-all-beauty,test,434,11,15.934693789049016,11,11,11
amazon-all-beauty,test,435,6,0.6105802029490961,3,3,3
amazon-all-beauty,test,436,3,5.063406054100417,3,3,3
amazon-all-beauty,test,437,3,13.374958474301005,3,3,3
amazon-all-beauty,test,441,34,11.718994971209362,33,33,33
amazon-all-beauty,test,442,3,5.536329696771384,3,3,3
amazon-all-beauty,test,443,3,15.007718713461927,3,3,3
amazon-all-beauty,test,444,4,6.338151536138246,2,2,2
amazon-all-beauty,test,445,5,6.695622370513893,2,2,2
amazon-all-beauty,test,446,5,8.706567599218008,5,5,5
amazon-all-beauty,test,449,4,0.5612871269624724,2,2,2
amazon-all-beauty,test,450,5,1.3095157590682178,2,2,2
amazon-all-beauty,test,451,7,1.6084763984651154,5,6,6
amazon-all-beauty,test,452,4,0.017924564506065485,3,3,3
amazon-all-beauty,test,453,4,1.8472298408708727,4,4,4
amazon-all-beauty,test,454,14,11.209784843749722,4,5,11
amazon-all-beauty,test,456,6,1.0467618948297341,1,2,2
amazon-all-beauty,test,457,4,0.41493174508712405,3,3,3
amazon-all-beauty,test,458,3,2.5814845863196467,2,3,3
amazon-all-beauty,test,459,12,4.598252560394675,12,12,12
amazon-all-beauty,test,461,5,6.654715683941584,1,4,4
amazon-all-beauty,test,462,20,2.9734488699989523,11,15,15
amazon-all-beauty,test,463,4,1.9565347205355108,3,3,3
amazon-all-beauty,test,464,22,9.717921909571704,7,12,19
amazon-all-beauty,test,465,13,3.151083074620965,4,9,10
amazon-all-beauty,test,466,7,1.6270407343930362,7,7,7
amazon-all-beauty,test,467,2,0.04626558842246575,1,1,1
amazon-all-beauty,test,468,5,1.1070953090020201,1,1,2
amazon-all-beauty,test,470,3,0.06307489569834718,3,3,3
amazon-all-beauty,test,471,16,5.382218087396374,8,9,12
amazon-all-beauty,test,472,2,0.7536357046907269,1,1,1
amazon-all-beauty,test,473,3,14.385170485285657,3,3,3
amazon-all-beauty,test,474,4,0.854109508835295,2,3,3
amazon-all-beauty,test,475,2,6.20859936319767,1,1,1
amazon-all-beauty,test,476,4,59.71611335103659,3,4,4
amazon-all-beauty,test,478,5,15.38234276459239,5,5,5
amazon-all-beauty,test,479,4,6.007810927771432,2,3,3
amazon-all-beauty,test,480,2,9.037602371281421,2,2,2
amazon-all-beauty,test,481,5,30.792657203067918,5,5,5
amazon-all-beauty,test,482,3,3.4496917350168532,1,3,3
amazon-all-beauty,test,484,5,0.36685414856285814,5,5,5
amazon-all-beauty,test,485,2,7.043095251837773,2,2,2
amazon-all-beauty,test,486,3,0.61520182151905,1,2,2
amazon-all-beauty,test,487,5,0.6423758447049429,3,4,4
amazon-all-beauty,test,488,3,1.4005689197860554,2,2,2
amazon-all-beauty,test,489,7,2.3875806236114343,5,5,5
amazon-all-beauty,test,490,17,18.984729445864687,10,13,16
amazon-all-beauty,test,491,4,2.4118039120919814,3,4,4
amazon-all-beauty,test,492,4,7.924744006732075,4,4,4
amazon-all-beauty,test,493,3,12.137436404004134,3,3,3
amazon-all-beauty,test,494,6,2.325108354893638,5,5,5
amazon-all-beauty,test,495,3,1.210382111582025,1,2,2
amazon-all-beauty,test,496,6,6.308585423252285,3,6,6
amazon-all-beauty,test,497,4,61.87921847356304,3,4,4
amazon-all-beauty,test,498,4,0.9733516661376305,3,3,4
amazon-all-beauty,test,499,7,3.0328592786845174,2,5,5
amazon-all-beauty,test,500,4,1.4752681776302623,2,2,2
amazon-all-beauty,test,502,4,0.6177556712570338,4,4,4
amazon-all-beauty,test,503,7,1.8289320455690223,3,7,7
amazon-all-beauty,test,506,5,15.933647584752002,5,5,5
amazon-all-beauty,test,507,18,7.77647731851383,10,15,17
amazon-all-beauty,test,508,2,1.6871792480474375,2,2,2
amazon-all-beauty,test,509,7,4.522781585202788,4,5,5
amazon-all-beauty,test,510,5,5.172680442059507,2,4,4
amazon-all-beauty,test,511,4,1.6149557318954881,2,3,3
amazon-all-beauty,test,512,2,0.2003146128018471,2,2,2
amazon-all-beauty,test,513,4,20.49495701069914,3,4,4
amazon-all-beauty,test,514,2,1.795122842457735,2,2,2
amazon-all-beauty,test,515,3,0.46006944840135067,2,2,2
amazon-all-beauty,test,516,3,0.6766287483315032,1,1,2
amazon-all-beauty,test,517,10,8.485290708844682,7,8,10
amazon-all-beauty,test,518,4,5.400317963809488,4,4,4
amazon-all-beauty,test,519,3,4.490828125770955,2,3,3
amazon-all-beauty,test,520,8,3.2653635230375304,7,8,8
amazon-all-beauty,test,521,2,1.706187346090036,2,2,2
amazon-all-beauty,test,522,4,0.9749911959050195,1,1,1
amazon-all-beauty,test,523,9,1.6371273905882147,3,6,6
amazon-all-beauty,test,524,4,1.4136344000153258,1,3,3
amazon-all-beauty,test,525,3,2.5790919422249323,3,3,3
amazon-all-beauty,test,526,2,4.386273730631838,2,2,2
amazon-all-beauty,test,527,9,2.073535645080983,3,7,7
amazon-all-beauty,test,528,5,1.2902551034645169,2,2,2
amazon-all-beauty,test,529,4,0.30163257519454784,1,1,1
amazon-all-beauty,test,530,3,15.589769398314875,3,3,3
amazon-all-beauty,test,531,3,1.311998954288498,3,3,3
amazon-all-beauty,test,532,4,61.38890802919294,2,4,4
amazon-all-beauty,test,533,4,2.648075514464372,1,4,4
amazon-all-beauty,test,534,4,1.5473255601865306,4,4,4
amazon-all-beauty,test,535,3,0.6901187100616407,2,3,3
amazon-all-beauty,test,536,5,1.2437171224724917,5,5,5
amazon-all-beauty,test,538,6,1.8312674022169504,2,2,6
amazon-all-beauty,test,539,6,2.2422420015174396,3,3,3
amazon-all-beauty,test,540,2,1.2198557304971818,2,2,2
amazon-all-beauty,test,541,6,2.9548088900015106,6,6,6
amazon-all-beauty,test,542,4,59.492598184677846,2,4,4
amazon-all-beauty,test,543,3,1.8028549229905797,2,2,2
amazon-all-beauty,test,544,3,7.106801233441848,2,2,2
amazon-all-beauty,test,545,4,38.679478152015385,2,4,4
amazon-all-beauty,test,546,4,2.7720402517616964,2,3,3
amazon-all-beauty,test,547,2,2.431726083707555,2,2,2
amazon-all-beauty,test,548,6,64.66502249641076,4,5,6
amazon-all-beauty,test,550,3,3.6179412702647413,1,1,1
amazon-all-beauty,test,551,21,47.55672119425477,16,20,21
amazon-all-beauty,test,552,28,27.28891704118592,18,20,26
amazon-all-beauty,test,554,4,7.239889828231906,3,4,4
amazon-all-beauty,test,555,7,24.268602604558367,7,7,7
amazon-all-beauty,test,556,3,6.0007010012305715,3,3,3
amazon-all-beauty,test,557,6,0.0497713337681841,5,5,5
amazon-all-beauty,test,559,2,0.42413894657502066,1,1,1
amazon-all-beauty,test,560,4,40.20891056339247,3,4,4
amazon-all-beauty,test,561,6,0.8806679691655555,6,6,6
amazon-all-beauty,test,562,4,61.638781088218785,2,4,4
amazon-all-beauty,test,563,13,10.743757254484946,11,12,12
amazon-all-beauty,test,564,2,2.707911082244261,1,2,2
amazon-all-beauty,test,565,4,2.326410935914874,1,3,4
amazon-all-beauty,test,567,4,8.914465098793434,3,4,4
amazon-all-beauty,test,568,7,1.6244186941135548,7,7,7
amazon-all-beauty,test,569,2,0.012369776547541816,1,1,1
amazon-all-beauty,test,570,4,0.3961126340195158,2,2,2
amazon-all-beauty,test,571,20,7.773287331718895,8,14,19
amazon-all-beauty,test,572,4,0.7913354030322799,1,1,1
amazon-all-beauty,test,573,2,5.480861157219977,1,1,1
amazon-all-beauty,test,575,3,5.077436427411907,2,3,3
amazon-all-beauty,test,576,8,7.785626431762673,4,5,5
amazon-all-beauty,test,577,11,3.142680546162502,6,11,11
amazon-all-beauty,test,580,5,0.4632827197714317,4,4,4
amazon-all-beauty,test,581,3,0.09326815212810852,1,1,1
amazon-all-beauty,test,582,8,1.446877258195693,8,8,8
amazon-all-beauty,test,583,3,3.9646244472146384,2,2,2
amazon-all-beauty,test,584,3,17.29633114558939,2,3,3
amazon-all-beauty,test,585,16,2.483077565416566,16,16,16
amazon-all-beauty,test,586,4,4.208414934578659,3,4,4
amazon-all-beauty,test,587,23,7.50548330184885,5,12,13
amazon-all-beauty,test,589,3,2.391369479823207,2,2,2
amazon-all-beauty,test,590,3,11.757681738418988,3,3,3
amazon-all-beauty,test,591,2,4.868190024062576,1,1,1
amazon-all-beauty,test,592,5,74.06504564546721,3,4,5
amazon-all-beauty,test,593,2,0.33830738263326743,1,1,1
amazon-all-beauty,test,594,6,1.344407017330315,3,5,5
amazon-all-beauty,test,597,4,1.9275448084852935,1,2,2
amazon-all-beauty,test,599,9,2.949745665296059,6,6,6
amazon-all-beauty,test,601,3,0.671566201219508,2,2,3
amazon-all-beauty,test,602,10,1.9819337568620967,4,8,8
amazon-all-beauty,test,603,3,0.18155352837388722,1,1,1
amazon-all-beauty,test,604,3,3.465194950105406,3,3,3
amazon-all-beauty,test,605,9,2.399928347571933,2,6,9
amazon-all-beauty,test,606,4,61.709942199430174,3,4,4
amazon-all-beauty,test,607,8,3.157380997803181,2,3,8
amazon-all-beauty,test,608,3,2.3401575823662584,1,1,1
amazon-all-beauty,test,609,3,1.538068155183439,2,2,2
amazon-all-beauty,test,611,3,6.573205995864338,3,3,3
amazon-all-beauty,test,612,4,3.0328114775461232,4,4,4
amazon-all-beauty,test,613,5,5.8668403194964025,2,4,4
amazon-all-beauty,test,614,7,63.870170629736265,5,7,7
amazon-all-beauty,test,615,6,6.867119303202312,3,5,6
amazon-all-beauty,test,616,3,0.8221645501213724,2,2,2
amazon-all-beauty,test,617,20,26.378560499516965,7,16,19
amazon-all-beauty,test,619,3,1.7087815434383913,2,2,2
amazon-all-beauty,test,620,3,0.5590314799448044,2,2,2
amazon-all-beauty,test,622,4,0.376371379856859,4,4,4
amazon-all-beauty,test,623,7,2.1870959964513816,1,6,7
amazon-all-beauty,test,624,5,13.849018379599313,3,4,5
amazon-all-beauty,test,625,4,1.3723107470695777,2,4,4
amazon-all-beauty,test,626,5,32.41074126075379,4,5,5
amazon-all-beauty,test,628,2,5.295969557081181,2,2,2
amazon-all-beauty,test,629,2,3.7395359088496356,1,2,2
amazon-all-beauty,test,630,5,2.9511984256670427,3,5,5
amazon-all-beauty,test,631,7,44.91106173165907,6,7,7
amazon-all-beauty,test,632,5,2.4506541025234627,3,3,3
amazon-all-beauty,test,633,5,1.8850435597113526,3,5,5
amazon-all-beauty,test,634,3,15.547164416142667,1,2,3
amazon-all-beauty,test,635,18,4.326591052575523,10,12,12
amazon-all-beauty,test,636,41,43.817894910552425,40,41,41
amazon-all-beauty,test,637,23,19.62800168511333,23,23,23
amazon-all-beauty,test,638,4,0.5741889991716727,1,1,1
amazon-all-beauty,test,639,5,76.39586814598049,3,5,5
amazon-all-beauty,test,640,8,7.10262417777884,6,7,7
amazon-all-beauty,test,641,4,61.86544410737934,2,4,4
amazon-all-beauty,test,642,2,0.6179354183212523,2,2,2
amazon-all-beauty,test,643,7,1.4620865209228848,1,4,5
amazon-all-beauty,test,644,6,2.3455628069690855,2,3,3
amazon-all-beauty,test,645,20,17.703938598205745,20,20,20
amazon-all-beauty,test,646,5,6.341591739716888,1,2,5
amazon-all-beauty,test,647,22,5.582380796065129,14,18,22
amazon-all-beauty,test,648,8,6.229107653153215,8,8,8
amazon-all-beauty,test,649,3,1.3195787610918197,3,3,3
amazon-all-beauty,test,650,11,5.739959589558236,2,10,10
amazon-all-beauty,test,651,4,60.50174119958558,3,4,4
amazon-all-beauty,test,652,5,0.06793958552101055,1,5,5
amazon-all-beauty,test,653,5,20.74568112710649,4,5,5
amazon-all-beauty,test,654,4,58.71691679207792,2,4,4
amazon-all-beauty,test,655,4,0.600291562304441,3,3,3
amazon-all-beauty,test,657,4,1.6212118290816089,3,3,3
amazon-all-beauty,test,659,5,11.587366775116527,5,5,5
amazon-all-beauty,test,661,4,1.6805890972872055,2,2,2
amazon-all-beauty,test,662,11,3.5250876821332713,4,5,5
amazon-all-beauty,test,663,5,0.5074607043534702,4,4,4
amazon-all-beauty,test,664,4,3.851214644790418,4,4,4
amazon-all-beauty,test,665,9,3.032200041850636,4,6,6
amazon-all-beauty,test,666,8,1.144346933270535,4,7,7
amazon-all-beauty,test,667,11,4.532438585547067,7,9,9
amazon-all-beauty,test,669,2,8.122324221939452,2,2,2
amazon-all-beauty,test,670,2,0.07752383696781118,1,1,1
amazon-all-beauty,test,671,29,9.599895231731725,12,17,19
amazon-all-beauty,test,673,4,2.080970693282209,3,4,4
amazon-all-beauty,test,674,25,11.722192349932914,18,22,22
amazon-all-beauty,test,675,5,9.48737615670593,4,5,5
amazon-all-beauty,test,676,4,5.2990559336766605,4,4,4
amazon-all-beauty,test,677,4,0.4805263028535986,3,3,3
amazon-all-beauty,test,678,11,51.165712933343336,10,11,11
amazon-all-beauty,test,679,3,3.942769594262582,1,1,1
amazon-all-beauty,test,680,8,1.1086872840286355,1,6,6
amazon-all-beauty,test,684,2,8.173475135985306,2,2,2
amazon-all-beauty,test,686,8,4.149296876669921,5,5,5
amazon-all-beauty,test,687,4,0.08166122261390547,3,3,3
amazon-all-beauty,test,688,4,6.17366523174959,3,3,3
amazon-all-beauty,test,689,5,0.6391153881905194,2,2,2
amazon-all-beauty,test,691,2,1.5266970281921384,1,1,1
amazon-all-beauty,test,692,10,1.8376706603819666,3,7,7
amazon-all-beauty,test,693,4,0.021346041865542897,1,1,1
amazon-all-beauty,test,695,4,3.2832591358231773,1,2,3
amazon-all-beauty,test,696,8,1.9450853622996733,2,2,8
amazon-all-beauty,test,697,34,9.757596238444645,22,32,32
amazon-all-beauty,test,698,14,0.47393719928325395,11,11,11
amazon-all-beauty,test,699,3,2.3041372070078197,2,2,3
amazon-all-beauty,test,701,3,15.278352496805608,3,3,3
amazon-all-beauty,test,702,3,2.522033275629064,3,3,3
amazon-all-beauty,test,703,3,0.6934045455309846,1,1,1
amazon-all-beauty,test,704,11,17.468226996025546,8,10,11
amazon-all-beauty,test,705,5,4.134741183631338,2,4,4
amazon-all-beauty,test,706,3,15.745329086506079,3,3,3
amazon-all-beauty,test,707,4,2.351440437409984,2,2,2
amazon-all-beauty,test,708,28,14.886276718202987,20,22,23
amazon-all-beauty,test,709,11,0.5075964078430086,2,10,10
amazon-all-beauty,test,710,3,13.242514948481647,3,3,3
amazon-all-beauty,test,711,4,6.327969770461521,3,4,4
amazon-all-beauty,test,713,4,26.623657633462965,3,4,4
amazon-all-beauty,test,714,3,0.6662852842162674,3,3,3
amazon-all-beauty,test,715,11,11.372413310079146,9,11,11
amazon-all-beauty,test,716,4,3.8154184912667133,1,3,4
amazon-all-beauty,test,717,4,5.851303347933831,2,3,4
amazon-all-beauty,test,718,3,0.24338528647696556,2,2,2
amazon-all-beauty,test,719,12,17.06443082180444,10,12,12
amazon-all-beauty,test,720,3,8.053878289308136,3,3,3
amazon-all-beauty,test,721,5,15.462581040947404,3,5,5
amazon-all-beauty,test,723,8,1.5163452481572077,8,8,8
amazon-all-beauty,test,725,17,12.40552280554737,4,11,15
amazon-all-beauty,test,726,4,2.830331768852175,3,3,3
amazon-all-beauty,test,727,12,6.664393320086586,5,8,8
amazon-all-beauty,test,728,4,4.364795989238091,4,4,4
amazon-all-beauty,test,729,3,3.6750798928884905,1,3,3
amazon-all-beauty,test,731,15,3.402616114416706,10,11,11
amazon-all-beauty,test,732,2,16.236976607564294,1,1,1
amazon-all-beauty,test,733,4,59.67620186445383,2,4,4
amazon-all-beauty,test,734,11,5.406692023856465,4,9,11
amazon-all-beauty,test,735,3,4.804278115647094,2,3,3
amazon-all-beauty,test,736,3,4.076795608800165,3,3,3
amazon-all-beauty,test,737,4,60.57199051640198,2,4,4
amazon-all-beauty,test,739,6,5.762526531633789,2,6,6
amazon-all-beauty,test,742,16,9.329029403428857,7,11,11
amazon-all-beauty,test,743,2,0.5540665678899671,1,1,2
amazon-all-beauty,test,744,11,8.792224775243788,4,10,11
amazon-all-beauty,test,745,7,3.3478300962743264,1,1,1
amazon-all-beauty,test,748,3,0.44481521810840174,3,3,3
amazon-all-beauty,test,752,5,16.50047693339435,4,5,5
amazon-all-beauty,test,753,5,27.996648253167148,5,5,5
amazon-all-beauty,test,754,4,1.1133089641979945,2,4,4
amazon-all-beauty,test,755,2,0.5304406088411285,1,1,1
amazon-all-beauty,test,756,5,17.484944150591325,1,1,3
amazon-all-beauty,test,757,3,0.6389179004976185,3,3,3
amazon-all-beauty,test,758,4,0.5469713020075309,2,2,3
amazon-all-beauty,test,759,29,33.784862722337664,18,26,29
amazon-all-beauty,test,761,4,0.6108185926470145,1,1,1
amazon-all-beauty,test,762,4,0.30774138820296243,3,4,4
amazon-all-beauty,test,763,4,3.40981523689622,3,3,3
amazon-all-beauty,test,764,4,1.0471923514729002,2,3,3
amazon-all-beauty,test,765,3,16.17487750804288,1,1,1
amazon-all-beauty,test,766,4,1.2752372916885215,3,4,4
amazon-all-beauty,test,767,3,0.17097543212444705,2,2,2
amazon-all-beauty,test,768,2,0.9385550245618388,1,2,2
amazon-all-beauty,test,769,2,5.498515669933878,1,2,2
amazon-all-beauty,test,770,19,5.511983147881137,6,16,16
amazon-all-beauty,test,771,3,0.603407445014985,3,3,3
amazon-all-beauty,test,772,3,6.49189170110022,1,3,3
amazon-all-beauty,test,775,12,4.308080800925321,12,12,12
amazon-all-beauty,test,776,6,2.8448428639214316,1,1,6
amazon-all-beauty,test,777,6,89.65120531864048,3,5,6
amazon-all-beauty,test,778,2,1.218423544327517,1,2,2
amazon-all-beauty,test,779,3,3.2769328769145942,1,1,1
amazon-all-beauty,test,780,4,1.0401445171324268,1,2,2
amazon-all-beauty,test,781,7,6.205724642158275,3,4,4
amazon-all-beauty,test,782,4,0.1980276732863646,1,1,1
amazon-all-beauty,test,783,12,2.779128680110162,4,5,5
amazon-all-beauty,test,784,4,0.17175552699122695,4,4,4
amazon-all-beauty,test,785,3,1.8847523177238181,1,1,1
amazon-all-beauty,test,786,5,0.44769825506749045,3,5,5
amazon-all-beauty,test,787,4,4.061615297793392,3,3,3
amazon-all-beauty,test,788,3,15.244727352716898,3,3,3
amazon-all-beauty,test,789,3,3.976741481402862,3,3,3
amazon-all-beauty,test,790,62,22.76663490396006,30,53,58
amazon-all-beauty,test,791,2,2.3502301938970636,2,2,2
amazon-all-beauty,test,792,6,2.3151319616336727,3,3,6
amazon-all-beauty,test,793,3,1.1389163297127873,2,3,3
amazon-all-beauty,test,794,2,1.8287035117759276,1,1,1
amazon-all-beauty,test,795,2,4.229904256660575,1,2,2
amazon-all-beauty,test,796,5,76.51142364048418,3,4,5
amazon-all-beauty,test,797,5,30.933275647543724,5,5,5
amazon-all-beauty,test,798,3,0.4703969582706534,1,1,1
amazon-all-beauty,test,799,6,0.14358796699972026,1,5,5
amazon-all-beauty,test,800,3,2.986317848125804,2,3,3
amazon-all-beauty,test,803,4,10.281298365157948,3,3,3
amazon-all-beauty,test,807,4,2.726765920966854,3,3,4
amazon-all-beauty,test,808,4,0.756513875296809,4,4,4
amazon-all-beauty,test,809,7,24.326500994245198,3,4,4
amazon-all-beauty,test,810,5,3.782851378560807,1,4,4
amazon-all-beauty,test,811,2,0.3424581969496837,1,1,1
amazon-all-beauty,test,812,2,1.4972311991377563,1,2,2
amazon-all-beauty,test,813,3,2.883568685153921,3,3,3
amazon-all-beauty,test,814,10,16.872009926374542,7,8,9
amazon-all-beauty,test,815,3,0.8150200047148184,2,2,2
amazon-all-beauty,test,816,22,5.2210779242947005,22,22,22
amazon-all-beauty,test,817,26,3.5504650354692453,21,26,26
amazon-all-beauty,test,818,7,4.293563730713764,4,7,7
amazon-all-beauty,test,820,5,5.507197613294088,1,3,3
amazon-all-beauty,test,821,3,0.9060513592432341,3,3,3
amazon-all-beauty,test,822,4,1.2511782888215004,4,4,4
amazon-all-beauty,test,823,4,61.58030489611168,3,4,4
amazon-all-beauty,test,824,4,5.898817802696243,3,4,4
amazon-all-beauty,test,825,6,87.44232530855295,4,5,6
amazon-all-beauty,test,826,4,0.1846050397060526,4,4,4
amazon-all-beauty,test,827,3,3.4852955751976897,3,3,3
amazon-all-beauty,test,828,16,3.7098109926972054,13,16,16
amazon-all-beauty,test,829,29,17.269088808663188,29,29,29
amazon-all-beauty,test,830,9,1.4797343809010304,3,8,8
amazon-all-beauty,test,831,16,4.96213170408656,5,6,11
amazon-all-beauty,test,832,5,4.660002391288908,4,4,4
amazon-all-beauty,test,833,4,2.1184275667686734,4,4,4
amazon-all-beauty,test,834,4,2.332376099110486,2,3,3
amazon-all-beauty,test,835,5,42.03116892940788,4,5,5
amazon-all-beauty,test,836,7,0.7513883119933487,7,7,7
amazon-all-beauty,test,837,2,2.057516719772541,2,2,2
amazon-all-beauty,test,839,4,2.7444302895855794,4,4,4
amazon-all-beauty,test,840,41,22.445931645727285,21,34,36
amazon-all-beauty,test,841,3,0.2836016901151989,2,2,2
amazon-all-beauty,test,842,3,3.3737723777549027,3,3,3
amazon-all-beauty,test,843,4,61.01777395396048,3,4,4
amazon-all-beauty,test,844,4,0.3155497287993789,2,2,2
amazon-all-beauty,test,845,2,29.995367478335332,2,2,2
amazon-all-beauty,test,846,10,1.3487736759623659,9,9,9
amazon-all-beauty,test,847,4,57.750323319877765,3,4,4
amazon-all-beauty,test,848,10,3.8376365959109204,2,6,6
amazon-all-beauty,test,849,3,0.12292918969740096,1,1,1
amazon-all-beauty,test,850,17,4.37871215725244,1,11,11
amazon-all-beauty,test,852,3,0.6268647448925315,3,3,3
amazon-all-beauty,test,854,5,1.762457909896456,4,4,4
amazon-all-beauty,test,855,16,3.3451979536924004,12,14,15
amazon-all-beauty,test,856,8,2.2376399099589177,4,6,8
amazon-all-beauty,test,859,3,2.6415070466947514,3,3,3
amazon-all-beauty,test,860,2,0.9451598359804959,1,1,1
amazon-all-beauty,test,863,3,2.7942219511574624,3,3,3
amazon-all-beauty,test,864,7,1.3255807607317096,7,7,7
amazon-all-beauty,test,865,100,13.437249271171238,37,78,91
amazon-all-beauty,test,867,6,1.3593301508205997,4,5,6
amazon-all-beauty,test,868,3,18.956488828978678,2,3,3
amazon-all-beauty,test,869,4,17.73481911919873,4,4,4
amazon-all-beauty,test,870,23,15.043874977108121,15,20,22
amazon-all-beauty,test,871,4,62.90178436844871,2,4,4
amazon-all-beauty,test,872,4,1.3685315619644125,3,3,3
amazon-all-beauty,test,874,9,57.247035359228946,8,9,9
amazon-all-beauty,test,875,3,15.122043143853768,3,3,3
amazon-all-beauty,test,876,13,2.048017229107222,10,12,13
amazon-all-beauty,test,877,3,1.328908606995364,2,2,2
amazon-all-beauty,test,878,2,1.1500283696060405,2,2,2
amazon-all-beauty,test,879,3,2.1063473074253216,2,3,3
amazon-all-beauty,test,880,4,0.9659495120187523,3,3,3
amazon-all-beauty,test,881,8,0.5111622742081504,7,7,7
amazon-all-beauty,test,882,2,3.8588618413429705,1,1,2
amazon-all-beauty,test,883,5,1.3098121754057848,2,2,2
amazon-all-beauty,test,884,3,13.153981881027772,1,2,2
amazon-all-beauty,test,885,22,4.044649096832602,14,14,22
amazon-all-beauty,test,886,11,2.6816930818262477,9,10,10
amazon-all-beauty,test,887,5,1.8742786940655072,4,4,4
amazon-all-beauty,test,888,2,1.532005172132454,1,1,1
amazon-all-beauty,test,890,5,0.5048297937596476,1,1,1
amazon-all-beauty,test,891,7,8.69103272203521,2,7,7
amazon-all-beauty,test,893,5,4.40147055027919,3,5,5
amazon-all-beauty,test,894,3,21.099517596578472,3,3,3
amazon-all-beauty,test,895,3,11.098214029966757,3,3,3
amazon-all-beauty,test,896,7,8.759742546518176,4,7,7
amazon-all-beauty,test,897,19,3.2491721193946774,7,12,14
amazon-all-beauty,test,898,2,0.6344128896016077,1,1,1
amazon-all-beauty,test,899,4,19.544341438603595,3,4,4
amazon-all-beauty,test,901,5,3.023312356477236,4,5,5
amazon-all-beauty,test,902,7,1.2832250097527258,6,6,6
amazon-all-beauty,test,903,8,6.038606934380555,6,7,7
amazon-all-beauty,test,904,5,0.2371131118461015,2,2,2
amazon-all-beauty,test,905,3,0.10191153426069599,2,2,2
amazon-all-beauty,test,906,4,1.4731856249410569,1,4,4
amazon-all-beauty,test,907,4,5.697902903691239,3,4,4
amazon-all-beauty,test,909,18,5.0188010624419,15,18,18
amazon-all-beauty,test,910,4,2.930251671145662,2,2,2
amazon-all-beauty,test,912,27,7.894146843002766,7,24,26
amazon-all-beauty,test,913,3,0.3611543556046188,1,1,1
amazon-all-beauty,test,914,4,0.28598164473245313,1,1,1
amazon-all-beauty,test,915,4,0.4375777807988864,4,4,4
amazon-all-beauty,test,916,3,5.060040385802003,2,3,3
amazon-all-beauty,test,917,5,2.3524007105368185,3,3,3
amazon-all-beauty,test,918,5,1.0185009501400248,3,3,4
amazon-all-beauty,test,919,6,0.24440327824642266,2,2,2
amazon-all-beauty,test,920,12,8.482657087877035,10,12,12
amazon-all-beauty,test,921,4,4.669747170785521,1,2,4
amazon-all-beauty,test,923,5,0.187796258489091,5,5,5
amazon-all-beauty,test,924,3,0.9251992879355162,1,1,1
amazon-all-beauty,test,926,5,2.939522751216696,5,5,5
amazon-all-beauty,test,927,8,3.0505644261094504,2,8,8
amazon-all-beauty,test,929,4,1.1777690457198793,2,4,4
amazon-all-beauty,test,930,4,1.7029605228508229,2,2,4
amazon-all-beauty,test,931,4,1.9098270947817113,2,2,2
amazon-all-beauty,test,932,6,0.431223678959177,4,4,4
amazon-all-beauty,test,933,4,2.7670693029651554,1,4,4
amazon-all-beauty,test,934,7,2.346544701487127,5,7,7
amazon-all-beauty,test,935,3,9.177843334602487,1,3,3
amazon-all-beauty,test,936,4,1.7105344777106555,1,1,1
amazon-all-beauty,test,937,5,6.8704614405279605,4,5,5
amazon-all-beauty,test,939,5,70.79673027893503,3,5,5
amazon-all-beauty,test,940,4,0.7880409436462154,3,4,4
amazon-all-beauty,test,941,4,1.5534702240487404,1,1,2
amazon-all-beauty,test,944,5,3.7584703956030836,1,5,5
amazon-all-beauty,test,945,29,12.47704341088719,14,26,28
amazon-all-beauty,test,946,4,6.759522759840613,4,4,4
amazon-all-beauty,test,947,8,3.8972130149933566,1,5,5
amazon-all-beauty,test,948,4,1.3733796815470911,1,3,3
amazon-all-beauty,test,949,2,1.0904617448290226,2,2,2
amazon-all-beauty,test,950,4,6.188492701363681,4,4,4
amazon-all-beauty,test,951,5,0.7891967948843912,1,5,5
amazon-all-beauty,test,952,34,29.097919092014912,28,33,33
amazon-all-beauty,test,953,10,1.2679509444513195,4,8,10
amazon-all-beauty,test,954,6,0.6022567681268416,3,4,4
amazon-all-beauty,test,955,3,14.745886622722061,3,3,3
amazon-all-beauty,test,956,3,2.517595408084663,3,3,3
amazon-all-beauty,test,957,6,0.6878894891887808,3,3,5
amazon-all-beauty,test,958,5,2.207483181976408,1,1,3
amazon-all-beauty,test,959,3,15.808445808200519,3,3,3
amazon-all-beauty,test,960,4,3.3552699492291542,3,4,4
amazon-all-beauty,test,961,8,2.0615891180462045,3,6,6
amazon-all-beauty,test,962,3,2.1901178168702664,1,1,1
amazon-all-beauty,test,963,11,18.01388401312486,5,7,8
amazon-all-beauty,test,964,6,0.9535638428246827,2,2,3
amazon-all-beauty,test,965,5,2.22027663923255,5,5,5
amazon-all-beauty,test,967,3,0.5936180675490452,2,2,2
amazon-all-beauty,test,968,4,62.67142828015138,2,4,4
amazon-all-beauty,test,970,4,1.6753702724843527,3,3,3
amazon-all-beauty,test,974,4,1.2527830765243866,4,4,4
amazon-all-beauty,test,975,2,0.7514511433865986,1,1,1
amazon-all-beauty,test,977,3,10.597832329252764,2,2,2
amazon-all-beauty,test,978,4,8.19400363054574,3,4,4
amazon-all-beauty,test,979,5,0.493339656717603,1,1,1
amazon-all-beauty,test,980,6,5.532907973014286,3,6,6
amazon-all-beauty,test,981,3,0.484631841607232,2,2,2
amazon-all-beauty,test,982,2,0.9266992334508425,2,2,2
amazon-all-beauty,test,983,3,2.13457424924339,2,3,3
amazon-all-beauty,test,984,5,0.15863288251398014,3,3,3
amazon-all-beauty,test,985,6,92.22393632149172,4,5,6
amazon-all-beauty,test,986,6,0.6837561075040212,4,4,4
amazon-all-beauty,test,987,2,5.427700500981802,2,2,2
amazon-all-beauty,test,988,11,5.525779566651881,11,11,11
amazon-all-beauty,test,989,3,11.900580161677494,3,3,3
amazon-all-beauty,test,990,13,18.365973769864496,13,13,13
amazon-all-beauty,test,992,9,8.152929147193811,5,8,9
amazon-all-beauty,test,993,3,0.7474149039637554,2,2,2
amazon-all-beauty,test,994,18,21.693803894474552,7,11,11
amazon-all-beauty,test,995,3,0.018167019764723513,3,3,3
amazon-all-beauty,test,996,3,0.588777339894984,1,1,1
amazon-all-beauty,test,997,6,0.8828323258647954,2,6,6
amazon-all-beauty,test,998,7,0.17770257996172584,2,2,2
amazon-all-beauty,test,999,15,1.4787415216888733,8,10,13
amazon-all-beauty,test,1001,7,4.7808893143080695,4,5,6
amazon-all-beauty,test,1002,4,56.855457180621094,2,4,4
amazon-all-beauty,test,1003,5,2.3499626060811054,1,2,2
amazon-all-beauty,test,1004,3,5.392589948837382,1,3,3
amazon-all-beauty,test,1005,5,7.7757242041865045,2,3,4
amazon-all-beauty,test,1006,3,1.3339109714885304,1,3,3
amazon-all-beauty,test,1008,5,0.3835972364782068,3,3,4
amazon-all-beauty,test,1009,5,1.745453517304474,4,5,5
amazon-all-beauty,test,1011,6,3.64621428843786,4,4,6
amazon-all-beauty,test,1012,14,11.295146219431988,9,14,14
amazon-all-beauty,test,1013,6,3.205500851519377,4,4,4
amazon-all-beauty,test,1014,21,5.980997815500295,2,17,17
amazon-all-beauty,test,1015,5,2.964360000968343,4,5,5
amazon-all-beauty,test,1016,16,7.287758356375104,5,12,12
amazon-all-beauty,test,1018,4,2.200829337431254,3,3,3
amazon-all-beauty,test,1019,2,0.4983676465633107,1,2,2
amazon-all-beauty,test,1020,7,2.5649673218235667,3,4,4
amazon-all-beauty,test,1021,4,1.515816971658668,2,3,3
amazon-all-beauty,test,1024,6,11.833370159511045,3,4,4
amazon-all-beauty,test,1025,5,20.270322090353638,5,5,5
amazon-all-beauty,test,1026,5,1.8561356980687909,1,2,2
amazon-all-beauty,test,1028,5,15.148995224382917,5,5,5
amazon-all-beauty,test,1029,3,2.186815103163912,1,1,1
amazon-all-beauty,test,1030,4,3.568329232558267,2,2,2
amazon-all-beauty,test,1031,4,0.5027138541928529,1,1,1
amazon-all-beauty,test,1032,6,3.1389609276821133,6,6,6
amazon-all-beauty,test,1034,27,10.60481055626542,16,21,23
amazon-all-beauty,test,1035,3,0.1598148518999382,2,2,2
amazon-all-beauty,test,1036,5,38.271702163426546,4,5,5
amazon-all-beauty,test,1037,5,2.0508670023875317,3,3,5
amazon-all-beauty,test,1038,4,1.3356387116040898,4,4,4
amazon-all-beauty,test,1039,3,0.7266125384480387,1,3,3
amazon-all-beauty,test,1040,9,1.3165671661741898,9,9,9
amazon-all-beauty,test,1041,3,0.7999892570637424,3,3,3
amazon-all-beauty,test,1042,5,5.8747234417706675,3,4,4
amazon-all-beauty,test,1043,2,6.601535439092572,2,2,2
amazon-all-beauty,test,1044,12,4.801222846751213,9,9,11
amazon-all-beauty,test,1046,5,3.081607323134402,2,4,4
amazon-all-beauty,test,1048,15,2.170405021632787,10,13,13
amazon-all-beauty,test,1049,13,4.805751758216422,11,11,11
amazon-all-beauty,test,1050,5,0.6159351624373234,1,1,3
amazon-all-beauty,test,1051,3,17.2941410403388,2,3,3
amazon-all-beauty,test,1053,36,16.13386511689134,10,29,31
amazon-all-beauty,test,1054,4,0.6734263800561331,4,4,4
amazon-all-beauty,test,1055,4,60.70837196899357,2,4,4
amazon-all-beauty,test,1056,4,0.19677190781304063,4,4,4
amazon-all-beauty,test,1059,2,2.2744373002138794,1,1,1
amazon-all-beauty,test,1060,3,2.802247614455237,3,3,3
amazon-all-beauty,test,1061,3,1.177471027797779,1,2,2
amazon-all-beauty,test,1062,4,7.368989245544654,4,4,4
amazon-all-beauty,test,1063,3,1.1893843527531822,1,1,1
amazon-all-beauty,test,1064,7,13.540965668002737,6,7,7
amazon-all-beauty,test,1066,17,2.312118025938647,1,10,10
amazon-all-beauty,test,1067,5,6.780984362190211,5,5,5
amazon-all-beauty,test,1068,4,24.97400917818817,3,4,4
amazon-all-beauty,test,1069,4,0.932650351982081,4,4,4
amazon-all-beauty,test,1070,4,14.821700460202996,1,1,3
amazon-all-beauty,test,1071,3,3.559759892910666,3,3,3
amazon-all-beauty,test,1072,7,5.597640077509299,2,5,7
amazon-all-beauty,test,1073,2,0.5009374505472275,1,1,1
amazon-all-beauty,test,1074,3,15.510112620344447,3,3,3
amazon-all-beauty,test,1075,2,2.366509807888087,1,2,2
amazon-all-beauty,test,1076,4,0.7857439018282888,3,3,4
amazon-all-beauty,test,1077,4,11.37215865813827,4,4,4
amazon-all-beauty,test,1078,6,3.0729749056959306,4,5,5
amazon-all-beauty,test,1079,4,57.89134961401504,2,4,4
amazon-all-beauty,test,1081,26,10.064111059292323,15,21,26
amazon-all-beauty,test,1082,6,2.9752021738676477,1,2,5
amazon-all-beauty,test,1084,17,17.701653383473605,14,16,17
amazon-all-beauty,test,1086,2,14.823364013738392,2,2,2
amazon-all-beauty,test,1087,12,9.117692254669436,2,10,11
amazon-all-beauty,test,1088,5,2.3116047796949637,4,5,5
amazon-all-beauty,test,1090,9,1.1587972913263171,2,8,8
amazon-all-beauty,test,1091,5,26.474039577494608,4,5,5
amazon-all-beauty,test,1092,3,0.8364377482879524,1,1,1
amazon-all-beauty,test,1093,3,0.7538646080802527,1,1,1
amazon-all-beauty,test,1094,14,2.027480541825904,3,8,8
amazon-all-beauty,test,1095,2,0.0996773238360192,1,2,2
amazon-all-beauty,test,1096,5,3.1166076123436093,4,4,4
amazon-all-beauty,test,1097,13,1.8054313797102526,9,10,10
amazon-all-beauty,test,1098,6,5.009088561033584,2,5,5
amazon-all-beauty,test,1099,16,11.784286028706678,1,5,6
amazon-all-beauty,test,1102,10,7.882400698832932,3,3,3
amazon-all-beauty,test,1103,4,1.1774959139574581,2,2,2
amazon-all-beauty,test,1104,4,0.5228378870590923,4,4,4
amazon-all-beauty,test,1105,6,0.3600978642069449,5,5,5
amazon-all-beauty,test,1106,4,2.4809990782881006,1,2,2
amazon-all-beauty,test,1107,9,5.126099341483879,1,6,6
amazon-all-beauty,test,1108,4,2.4142596955769715,4,4,4
amazon-all-beauty,test,1110,8,3.0568055546401203,2,5,5
amazon-all-beauty,test,1111,4,61.15611463723217,3,4,4
amazon-all-beauty,test,1112,3,6.5052886477285865,3,3,3
amazon-all-beauty,test,1115,4,3.7916124155572257,4,4,4
amazon-all-beauty,test,1116,8,4.108585337013118,6,6,7
amazon-all-beauty,test,1117,6,1.6308260178393108,2,3,6
amazon-all-beauty,test,1118,13,8.279280861440576,13,13,13
amazon-all-beauty,test,1119,4,0.3375758280977432,2,2,2
amazon-all-beauty,test,1120,8,2.2187951735387683,4,7,7
amazon-all-beauty,test,1121,4,0.5877499850159448,2,2,2
amazon-all-beauty,test,1122,2,9.922313910199033,2,2,2
amazon-all-beauty,test,1124,11,4.067424614493983,10,10,10
amazon-all-beauty,test,1125,4,0.43364472037966423,2,2,2
amazon-all-beauty,test,1126,5,7.976918702891471,4,5,5
amazon-all-beauty,test,1128,3,0.283644932897612,1,1,1
amazon-all-beauty,test,1129,3,0.33874578559969765,3,3,3
amazon-all-beauty,test,1131,15,5.353557732163692,10,15,15
amazon-all-beauty,test,1133,4,3.1829056969162663,2,4,4
amazon-all-beauty,test,1134,6,3.5664130598623633,3,5,6
amazon-all-beauty,test,1135,3,15.915235830550632,2,3,3
amazon-all-beauty,test,1136,4,1.0346289063955767,3,3,3
amazon-all-beauty,test,1138,2,1.8828805581990258,1,1,1
amazon-all-beauty,test,1139,15,4.591920942337844,5,15,15
amazon-all-beauty,test,1140,5,46.346716317429866,4,5,5
amazon-all-beauty,test,1141,4,1.6940682791214423,2,4,4
amazon-all-beauty,test,1143,17,4.493451274839729,4,9,9
amazon-all-beauty,test,1144,23,3.32191916889097,23,23,23
amazon-all-beauty,test,1145,6,6.114293507490457,2,3,3
amazon-all-beauty,test,1146,2,0.011781625427199576,1,1,1
amazon-all-beauty,test,1147,4,58.23091054454305,3,4,4
amazon-all-beauty,test,1148,6,3.4888719750611115,4,6,6
amazon-all-beauty,test,1150,3,3.1702631582027334,1,1,2
amazon-all-beauty,test,1151,4,29.916104320563797,3,4,4
amazon-all-beauty,test,1152,6,0.8239699054874168,3,3,3
amazon-all-beauty,test,1153,3,13.30135876583867,3,3,3
amazon-all-beauty,test,1154,2,0.5175902337346309,2,2,2
amazon-all-beauty,test,1155,6,2.1029618041184497,2,2,5
amazon-all-beauty,test,1156,5,38.86956590837593,2,5,5
amazon-all-beauty,test,1159,3,5.348066021996039,2,2,2
amazon-all-beauty,test,1160,2,0.0874675825430489,1,1,1
amazon-all-beauty,test,1161,3,4.585274243323687,2,2,2
amazon-all-beauty,test,1162,3,14.07131634171235,2,3,3
amazon-all-beauty,test,1163,3,0.13452361453235917,3,3,3
amazon-all-beauty,test,1164,9,3.468783731449262,3,4,8
amazon-all-beauty,test,1165,24,15.064501907517979,14,24,24
amazon-all-beauty,test,1166,2,0.4075632242434561,1,1,1
amazon-all-beauty,test,1168,2,9.89891328177422,2,2,2
amazon-all-beauty,test,1169,4,1.240153350487125,1,1,1
amazon-all-beauty,test,1170,5,28.027549348361454,5,5,5
amazon-all-beauty,test,1171,12,19.844820996132604,2,3,3
amazon-all-beauty,test,1172,4,6.9180179060846845,4,4,4
amazon-all-beauty,test,1173,3,3.440241647074463,2,2,2
amazon-all-beauty,test,1174,4,0.649390045770206,1,3,3
amazon-all-beauty,test,1175,6,3.639434041913344,2,6,6
amazon-all-beauty,test,1176,2,9.21718330190429,2,2,2
amazon-all-beauty,test,1177,24,23.08574680316027,10,13,15
amazon-all-beauty,test,1178,5,2.4090907662922882,2,5,5
amazon-all-beauty,test,1179,3,3.274265869069356,2,2,2
amazon-all-beauty,test,1180,4,6.035124104013552,1,1,4
amazon-all-beauty,test,1182,2,0.5687856225510002,2,2,2
amazon-all-beauty,test,1183,5,0.3996483166761356,4,4,4
amazon-all-beauty,test,1185,5,0.39174425060412077,2,2,2
amazon-all-beauty,test,1186,3,11.281953166834658,3,3,3
amazon-all-beauty,test,1187,2,0.020966219933407346,1,1,1
amazon-all-beauty,test,1188,3,6.374545943084737,1,2,2
amazon-all-beauty,test,1189,5,0.3559371323863,1,4,5
amazon-all-beauty,test,1190,6,0.1664893938452215,5,5,5
amazon-all-beauty,test,1191,2,0.06801541438874636,2,2,2
amazon-all-beauty,test,1192,47,71.9203148863032,21,38,43
amazon-all-beauty,test,1193,3,1.585738210043253,1,3,3
amazon-all-beauty,test,1194,6,2.745112934193417,6,6,6
amazon-all-beauty,test,1195,3,1.2464761598290197,2,2,2
amazon-all-beauty,test,1196,4,2.357763185152473,3,3,3
amazon-all-beauty,test,1197,5,5.743116127876176,4,4,5
amazon-all-beauty,test,1199,5,74.32148347629837,3,5,5
amazon-all-beauty,test,1200,4,1.4115820926340477,4,4,4
amazon-all-beauty,test,1201,16,10.90510211240992,6,13,14
amazon-all-beauty,test,1203,3,0.22092072261276588,1,1,1
amazon-all-beauty,test,1204,5,1.4663662011948682,2,4,4
amazon-all-beauty,test,1205,4,7.78191691558473,3,4,4
amazon-all-beauty,test,1206,2,27.592675658249703,2,2,2
amazon-all-beauty,test,1207,3,0.6938957391876259,3,3,3
amazon-all-beauty,test,1208,67,11.195399041870532,52,59,61
amazon-all-beauty,test,1209,5,2.1121359267257827,2,2,3
amazon-all-beauty,test,1210,7,2.1420850647129472,3,4,4
amazon-all-beauty,test,1211,2,3.035732521338188,1,1,1
amazon-all-beauty,test,1212,6,7.280784810917238,5,6,6
amazon-all-beauty,test,1213,13,10.424407704779677,8,10,13
amazon-all-beauty,test,1214,5,1.9139376846865663,3,3,3
amazon-all-beauty,test,1215,9,4.067019413606927,4,7,7
amazon-all-beauty,test,1216,4,2.3839851895318214,2,2,4
amazon-all-beauty,test,1217,4,2.6601208469450053,1,1,2
amazon-all-beauty,test,1218,15,5.4030486654396475,3,8,10
amazon-all-beauty,test,1219,4,2.5136941945579023,4,4,4
amazon-all-beauty,test,1220,5,3.7611979556635813,3,5,5
amazon-all-beauty,test,1221,9,0.27109060453225015,3,3,3
amazon-all-beauty,test,1222,9,5.049602243401056,6,8,8
amazon-all-beauty,test,1223,4,0.18667638130352102,2,2,2
amazon-all-beauty,test,1224,4,4.273442469820758,2,2,3
amazon-all-beauty,test,1225,50,15.416146670154836,26,33,43
amazon-all-beauty,test,1226,2,3.217240219754646,1,2,2
amazon-all-beauty,test,1227,3,0.9669054115878214,3,3,3
amazon-all-beauty,test,1228,2,8.211685493395528,2,2,2
amazon-all-beauty,test,1230,6,1.6995756355380027,4,6,6
amazon-all-beauty,test,1231,6,2.72592521228541,3,4,4
amazon-all-beauty,test,1233,15,6.163910842745774,13,14,14
amazon-all-beauty,test,1234,2,4.09161186732252,1,1,1
amazon-all-beauty,test,1235,11,7.029503835887358,6,6,10
amazon-all-beauty,test,1237,5,0.17574297968519378,4,4,4
amazon-all-beauty,test,1238,5,26.558942900000204,5,5,5
amazon-all-beauty,test,1239,4,61.86619660571262,2,4,4
amazon-all-beauty,test,1240,4,4.314678220415361,3,4,4
amazon-all-beauty,test,1241,4,7.310866141227848,1,4,4
amazon-all-beauty,test,1243,4,0.24440007507735495,3,3,3
amazon-all-beauty,test,1244,4,4.92941613681425,3,3,4
amazon-all-beauty,test,1245,17,1.990833269321285,9,12,12
amazon-all-beauty,test,1246,6,3.3448924206428723,4,5,5
amazon-all-beauty,test,1247,2,7.471759598711907,2,2,2
amazon-all-beauty,test,1248,6,4.866198145697746,6,6,6
amazon-all-beauty,test,1249,10,4.919440605945956,5,9,10
amazon-all-beauty,test,1251,27,5.181630466030916,12,15,15
amazon-all-beauty,test,1252,6,0.7055615577331493,4,4,4
amazon-all-beauty,test,1253,3,1.8718359696544082,3,3,3
amazon-all-beauty,test,1255,3,8.272803807188195,2,2,2
amazon-all-beauty,test,1256,3,0.331334206771832,3,3,3
amazon-all-beauty,test,1257,8,9.070645832187328,4,7,8
amazon-all-beauty,test,1258,15,9.270340508575776,6,10,11
amazon-all-beauty,test,1259,11,4.727343969784752,1,1,11
amazon-all-beauty,test,1260,9,5.887426101503623,3,7,7
amazon-all-beauty,test,1261,5,18.507911365601526,5,5,5
amazon-all-beauty,test,1262,4,58.6652120993798,3,4,4
amazon-all-beauty,test,1265,10,11.765551432022932,3,9,9
amazon-all-beauty,test,1266,3,0.24467702600289526,2,3,3
amazon-all-beauty,test,1267,4,11.065807322111853,3,4,4
amazon-all-beauty,test,1268,8,3.769902074809644,5,8,8
amazon-all-beauty,test,1269,2,3.998769490282786,2,2,2
amazon-all-beauty,test,1272,5,0.3792043364995633,5,5,5
amazon-all-beauty,test,1273,3,1.3829404020211258,2,2,2
amazon-all-beauty,test,1274,3,1.777944246747998,1,2,2
amazon-all-beauty,test,1275,4,8.02275802343032,4,4,4
amazon-all-beauty,test,1276,3,0.824062735790973,1,2,2
amazon-all-beauty,test,1277,14,0.275109103326411,7,7,7
amazon-all-beauty,test,1278,9,11.823612936934591,6,7,8
amazon-all-beauty,test,1279,4,0.8004372079379702,2,2,2
amazon-all-beauty,test,1280,6,7.691950614771303,5,5,5
amazon-all-beauty,test,1281,2,8.349453794994592,2,2,2
amazon-all-beauty,test,1282,3,6.093820452394655,1,3,3
amazon-all-beauty,test,1283,7,2.070817140133041,2,3,3
amazon-all-beauty,test,1285,3,1.491092818414871,3,3,3
amazon-all-beauty,test,1286,9,1.2332396180516563,6,8,8
amazon-all-beauty,test,1288,3,0.9150485683589851,2,2,2
amazon-all-beauty,test,1290,4,0.2891723707202504,2,2,2
amazon-all-beauty,test,1292,4,0.6375120788733567,4,4,4
amazon-all-beauty,test,1293,4,3.1925264152109136,4,4,4
amazon-all-beauty,test,1294,22,18.627947785633825,10,17,17
amazon-all-beauty,test,1295,4,56.62574449811053,2,4,4
amazon-all-beauty,test,1296,4,4.1363419057734845,1,4,4
amazon-all-beauty,test,1297,3,2.561985171421597,2,3,3
amazon-all-beauty,test,1298,29,32.7044742050335,17,28,29
amazon-all-beauty,test,1299,6,2.7337717445130174,4,4,4
amazon-all-beauty,test,1300,2,1.7046893717556748,2,2,2
amazon-all-beauty,test,1301,4,0.5895134527864891,3,3,3
amazon-all-beauty,test,1302,7,106.49115817538373,4,6,7
amazon-all-beauty,test,1303,10,2.221639218074399,6,9,9
amazon-all-beauty,test,1305,19,4.942624527663461,15,16,16
amazon-all-beauty,test,1306,4,1.1146998171668057,2,4,4
amazon-all-beauty,test,1307,2,1.3603390874775,2,2,2
amazon-all-beauty,test,1308,5,30.99805924914144,5,5,5
amazon-all-beauty,test,1309,3,0.537721288933057,3,3,3
amazon-all-beauty,test,1310,4,1.1400830224462688,4,4,4
amazon-all-beauty,test,1311,3,0.5896962798209651,3,3,3
amazon-all-beauty,test,1312,2,3.0548344968742303,2,2,2
amazon-all-beauty,test,1313,7,0.9973383513030092,3,3,3
amazon-all-beauty,test,1314,4,0.0512106654688457,1,1,1
amazon-all-beauty,test,1315,5,18.67790490320793,5,5,5
amazon-all-beauty,test,1316,4,0.018832170141499377,2,2,2
amazon-all-beauty,test,1318,3,18.46680558975178,2,3,3
amazon-all-beauty,test,1320,6,2.452181151777054,2,5,5
amazon-all-beauty,test,1321,3,15.36703740679317,3,3,3
amazon-all-beauty,test,1322,5,1.0532898301907678,5,5,5
amazon-all-beauty,test,1324,4,15.235783981481248,3,4,4
amazon-all-beauty,test,1325,4,12.511344793245602,3,3,4
amazon-all-beauty,test,1327,65,45.023638463728076,48,65,65
amazon-all-beauty,test,1330,7,1.025589070491464,3,3,3
amazon-all-beauty,test,1331,13,7.657862735951132,12,13,13
amazon-all-beauty,test,1333,4,19.96821556933589,4,4,4
amazon-all-beauty,test,1334,3,5.410549378606761,2,2,3
amazon-all-beauty,test,1336,18,13.070921181528334,8,18,18
amazon-all-beauty,test,1338,10,3.8712950652778138,1,9,10
amazon-all-beauty,test,1339,5,14.400067069432323,3,5,5
amazon-all-beauty,test,1341,3,3.560041894987428,2,3,3
amazon-all-beauty,test,1342,4,3.244847717954557,4,4,4
amazon-all-beauty,test,1343,11,6.10156103364541,6,6,6
amazon-all-beauty,test,1344,5,16.05027718808325,5,5,5
amazon-all-beauty,test,1345,2,30.84821013380438,2,2,2
amazon-all-beauty,test,1346,2,28.3193044589407,1,2,2
amazon-all-beauty,test,1347,3,3.5652641693569698,2,2,3
amazon-all-beauty,test,1348,5,8.708288932995433,5,5,5
amazon-all-beauty,test,1350,4,0.3501358236083786,3,3,3
amazon-all-beauty,test,1351,2,1.7513308397483467,1,2,2
amazon-all-beauty,test,1352,6,1.4572788105499823,1,6,6
amazon-all-beauty,test,1354,15,10.389567081228611,6,11,11
amazon-all-beauty,test,1355,2,0.9188194991438607,2,2,2
amazon-all-beauty,test,1358,4,0.11068255036074764,4,4,4
amazon-all-beauty,test,1359,36,6.392074177018087,23,32,32
amazon-all-beauty,test,1360,6,1.8089568368656177,4,4,4
amazon-all-beauty,test,1361,4,1.0179900446737364,1,4,4
amazon-all-beauty,test,1362,2,5.52767498034825,2,2,2
amazon-all-beauty,test,1363,35,8.78439327327104,24,28,35
amazon-all-beauty,test,1364,4,4.188119778564922,2,2,3
amazon-all-beauty,test,1365,2,0.45441511580410976,1,1,1
amazon-all-beauty,test,1366,4,60.23475114425514,3,4,4
amazon-all-beauty,test,1367,8,4.576587556809281,5,8,8
amazon-all-beauty,test,1368,3,0.5439385168945301,2,2,2
amazon-all-beauty,test,1369,3,14.979837713903166,3,3,3
amazon-all-beauty,test,1370,5,75.55309606926187,3,4,5
amazon-all-beauty,test,1371,2,0.2701499816156575,2,2,2
amazon-all-beauty,test,1372,6,2.5937339360301266,3,3,5
amazon-all-beauty,test,1373,4,61.15667925737975,2,4,4
amazon-all-beauty,test,1374,2,0.2776022776503252,2,2,2
amazon-all-beauty,test,1375,4,0.6190212926351812,1,1,1
amazon-all-beauty,test,1376,2,2.8826922488174915,1,1,1
amazon-all-beauty,test,1377,3,0.5756391723676403,2,2,2
amazon-all-beauty,test,1378,5,2.0436238363333374,2,4,4
amazon-all-beauty,test,1379,3,8.511587002106639,3,3,3
amazon-all-beauty,test,1380,3,0.45101643022453664,2,2,2
amazon-all-beauty,test,1381,3,7.1856910988181975,2,2,2
amazon-all-beauty,test,1383,4,0.678651611197121,2,2,2
amazon-all-beauty,test,1385,7,0.7982100198454803,4,4,4
amazon-all-beauty,test,1386,6,5.708611282682566,3,4,6
amazon-all-beauty,test,1388,5,0.8977882302386182,3,5,5
amazon-all-beauty,test,1389,4,3.0000819888082506,2,3,4
amazon-all-beauty,test,1390,4,0.0918877094587673,1,2,2
amazon-all-beauty,test,1391,9,9.558538746303036,6,8,8
amazon-all-beauty,test,1393,3,3.924898990835425,3,3,3
amazon-all-beauty,test,1394,3,0.7908347230672463,3,3,3
amazon-all-beauty,test,1395,5,1.81992381015975,5,5,5
amazon-all-beauty,test,1396,5,3.4425484215984024,2,3,3
amazon-all-beauty,test,1398,4,3.584345201095262,3,4,4
amazon-all-beauty,test,1399,7,104.5071905293625,4,6,7
amazon-all-beauty,test,1401,3,1.298154734379361,3,3,3
amazon-all-beauty,test,1402,3,1.7732565320163216,1,1,1
amazon-all-beauty,test,1403,5,2.6592181076625776,5,5,5
amazon-all-beauty,test,1404,5,4.7469880200860874,1,2,3
amazon-all-beauty,test,1405,3,0.5445606708865134,2,2,2
amazon-all-beauty,test,1406,3,1.8040573433790463,1,1,3
amazon-all-beauty,test,1407,4,2.7059844992488875,1,3,3
amazon-all-beauty,test,1408,6,2.0544649004433495,5,6,6
amazon-all-beauty,test,1409,7,44.3023705360682,6,7,7
amazon-all-beauty,test,1410,9,136.42818448750802,5,8,9
amazon-all-beauty,test,1412,5,4.474801808533895,2,2,5
amazon-all-beauty,test,1413,5,8.185836165417317,5,5,5
amazon-all-beauty,test,1414,5,0.9318955128714113,1,2,2
amazon-all-beauty,test,1415,4,0.2241359651638116,2,4,4
amazon-all-beauty,test,1416,5,1.3968133272530614,2,2,2
amazon-all-beauty,test,1417,5,6.289176559479801,3,5,5
amazon-all-beauty,test,1419,7,1.834821564695114,5,6,6
amazon-all-beauty,test,1420,5,3.110804701981154,2,3,3
amazon-all-beauty,test,1424,4,0.8924413402724654,2,2,2
amazon-all-beauty,test,1426,3,1.1739472338263526,2,2,2
amazon-all-beauty,test,1427,4,2.6262099432158204,4,4,4
amazon-all-beauty,test,1428,8,2.981610421584481,8,8,8
amazon-all-beauty,test,1429,11,0.7073424581353502,3,11,11
amazon-all-beauty,test,1430,4,0.7116381542526721,3,4,4
amazon-all-beauty,test,1431,2,0.9377830608165383,1,1,1
amazon-all-beauty,test,1433,3,2.563969288261377,1,1,2
amazon-all-beauty,test,1434,3,2.138796765267397,1,2,3
amazon-all-beauty,test,1435,5,76.54561217273238,3,5,5
amazon-all-beauty,test,1436,5,30.651132076947757,4,5,5
amazon-all-beauty,test,1437,7,3.1852531270476026,7,7,7
amazon-all-beauty,test,1439,3,2.6159515478790922,2,2,2
amazon-all-beauty,test,1440,5,3.571723236583049,3,4,4
amazon-all-beauty,test,1441,5,2.359803973444989,2,2,2
amazon-all-beauty,test,1442,3,6.8054081567345115,2,3,3
amazon-all-beauty,test,1443,3,2.003591614916493,3,3,3
amazon-all-beauty,test,1444,2,0.8222945248662323,2,2,2
amazon-all-beauty,test,1445,3,2.3026986145000197,2,3,3
amazon-all-beauty,test,1446,2,2.1859224045845234,1,2,2
amazon-all-beauty,test,1448,9,3.8120148161353233,8,9,9
amazon-all-beauty,test,1450,3,2.0900599319092494,3,3,3
amazon-all-beauty,test,1451,2,0.257657868649494,1,1,1
amazon-all-beauty,test,1452,3,3.1935657203745516,2,3,3
amazon-all-beauty,test,1453,14,22.179921267336304,10,12,14
amazon-all-beauty,test,1455,6,6.0194591288870845,5,5,5
amazon-all-beauty,test,1458,2,1.9162955251173728,2,2,2
amazon-all-beauty,test,1459,6,23.07925250107445,5,6,6
amazon-all-beauty,test,1460,3,5.633911655241927,1,1,2
amazon-all-beauty,test,1461,10,3.2124501268116155,9,10,10
amazon-all-beauty,test,1462,5,0.9733188952540923,1,4,4
amazon-all-beauty,test,1464,5,77.24226996764739,3,5,5
amazon-all-beauty,test,1465,4,2.6595348518038433,3,3,4
amazon-all-beauty,test,1466,34,12.31210022371056,11,16,23
amazon-all-beauty,test,1467,34,11.124461906096265,11,16,23
amazon-all-beauty,test,1468,36,6.462502070510006,13,22,24
amazon-all-beauty,test,1469,3,0.6368784673920161,3,3,3
amazon-all-beauty,test,1470,5,3.716824331370797,2,2,2
amazon-all-beauty,test,1471,4,1.6778952321013225,4,4,4
amazon-all-beauty,test,1472,8,3.8825433630552513,4,7,7
amazon-all-beauty,test,1473,7,0.6291444156782067,7,7,7
amazon-all-beauty,test,1474,3,2.4883105580826026,2,2,2
amazon-all-beauty,test,1475,5,74.68565965232187,3,5,5
amazon-all-beauty,test,1476,7,44.88808342875594,6,7,7
amazon-all-beauty,test,1477,8,4.690993914409966,8,8,8
amazon-all-beauty,test,1478,3,3.621855666064204,1,1,2
amazon-all-beauty,test,1479,4,0.8073582707026514,2,2,2
amazon-all-beauty,test,1480,7,2.6574307393228365,2,6,6
amazon-all-beauty,test,1481,4,4.661314520217942,1,3,3
amazon-all-beauty,test,1482,3,0.013056486716119087,2,2,2
amazon-all-beauty,test,1483,7,2.1040713326039553,1,6,6
amazon-all-beauty,test,1485,7,2.928106040665586,5,6,6
amazon-all-beauty,test,1486,6,1.1529258824253386,6,6,6
amazon-all-beauty,test,1487,3,3.5531731917171223,3,3,3
amazon-all-beauty,test,1488,12,0.6801492159350515,5,6,6
amazon-all-beauty,test,1489,4,2.524047576177366,4,4,4
amazon-all-beauty,test,1490,9,4.08247692193686,9,9,9
amazon-all-beauty,test,1491,4,60.585666446736255,2,4,4
amazon-all-beauty,test,1492,7,2.5862788680222275,4,6,6
amazon-all-beauty,test,1493,4,1.1682056148720183,3,4,4
amazon-all-beauty,test,1494,4,1.1720714087408202,1,3,3
amazon-all-beauty,test,1495,4,58.020504593991234,2,4,4
amazon-all-beauty,test,1496,4,1.5615977111632229,1,2,2
amazon-all-beauty,test,1497,4,7.875377627453328,3,3,4
amazon-all-beauty,test,1498,4,2.1035367729660908,3,3,4
amazon-all-beauty,test,1499,5,1.3084215072351888,4,4,4
amazon-all-beauty,test,1500,3,1.4536352057355453,2,3,3
amazon-all-beauty,test,1501,2,1.0206170129056298,2,2,2
amazon-all-beauty,test,1502,2,0.6656212426287842,2,2,2
amazon-all-beauty,test,1503,11,6.04292431348849,5,10,10
amazon-all-beauty,test,1504,5,78.29949901819788,3,5,5
amazon-all-beauty,test,1505,3,1.4533618275755034,3,3,3
amazon-all-beauty,test,1506,12,4.996058562061678,6,7,7
amazon-all-beauty,test,1507,3,1.3855625654994175,2,3,3
amazon-all-beauty,test,1508,6,9.762120714752681,6,6,6
amazon-all-beauty,test,1509,11,5.436132473955926,8,9,9
amazon-all-beauty,test,1510,16,68.22578904680033,10,14,15
amazon-all-beauty,test,1511,5,76.50186932634828,3,4,5
amazon-all-beauty,test,1512,5,2.4459424872225894,1,3,3
amazon-all-beauty,test,1513,11,10.701895592334644,8,11,11
amazon-all-beauty,test,1514,27,14.746570006522761,12,23,25
amazon-all-beauty,test,1515,6,1.7373481443764394,6,6,6
amazon-all-beauty,test,1516,4,58.05092361224086,2,4,4
amazon-all-beauty,test,1517,3,23.337235737781924,2,3,3
amazon-all-beauty,test,1518,12,5.564569697663343,3,11,11
amazon-all-beauty,test,1519,4,2.4818671371054304,4,4,4
amazon-all-beauty,test,1520,6,0.4685916029046091,6,6,6
amazon-all-beauty,test,1522,5,9.600513689759401,4,4,4
amazon-all-beauty,test,1523,3,1.3619038355670408,2,3,3
amazon-all-beauty,test,1524,6,0.02998917760050973,6,6,6
amazon-all-beauty,test,1526,4,15.233335158729039,4,4,4
amazon-all-beauty,test,1527,5,31.510532235492306,4,5,5
amazon-all-beauty,test,1528,9,2.6443896524580044,5,5,5
amazon-all-beauty,test,1529,5,16.771280115102183,5,5,5
amazon-all-beauty,test,1530,5,2.82626978087798,3,5,5
amazon-all-beauty,test,1531,2,0.8764746512595878,1,1,1
amazon-all-beauty,test,1532,4,0.2057604930120711,1,3,3
amazon-all-beauty,test,1533,5,4.151903763495737,3,4,4
amazon-all-beauty,test,1534,4,2.772604379114032,4,4,4
amazon-all-beauty,test,1535,5,29.867823322803737,3,5,5
amazon-all-beauty,test,1536,7,103.78505121651742,4,6,7
amazon-all-beauty,test,1537,4,60.437310439380546,2,4,4
amazon-all-beauty,test,1538,2,1.8727718494168046,2,2,2
amazon-all-beauty,test,1539,5,7.324218921082723,3,5,5
amazon-all-beauty,test,1540,38,14.535470816265422,6,21,30
amazon-all-beauty,test,1541,7,47.118469700761786,6,7,7
amazon-all-beauty,test,1544,4,1.0666859760268668,2,2,4
amazon-all-beauty,test,1546,10,13.212550780239624,10,10,10
amazon-all-beauty,test,1547,2,1.504603908740974,1,1,1
amazon-all-beauty,test,1548,5,76.12094513445703,3,4,5
amazon-all-beauty,test,1549,4,0.28566527018761884,1,1,1
amazon-all-beauty,test,1550,2,0.243541502568418,1,1,1
amazon-all-beauty,test,1551,4,2.02099246128,2,2,3
amazon-all-beauty,test,1554,8,3.4022753465074334,5,6,6
amazon-all-beauty,test,1555,3,3.560124438190325,2,2,2
amazon-all-beauty,test,1556,6,92.74437589731083,4,5,6
amazon-all-beauty,test,1557,11,5.926930785614789,8,9,10
amazon-all-beauty,test,1560,5,5.765265487584239,3,3,4
amazon-all-beauty,test,1562,5,1.293432770378423,5,5,5
amazon-all-beauty,test,1563,4,2.937834065124,2,4,4
amazon-all-beauty,test,1564,26,7.916950449992894,18,25,25
amazon-all-beauty,test,1565,4,5.482521877182736,2,4,4
amazon-all-beauty,test,1566,4,4.60063707336791,2,3,3
amazon-all-beauty,test,1567,4,10.911453996671046,4,4,4
amazon-all-beauty,test,1568,3,19.544756372196666,2,3,3
amazon-all-beauty,test,1569,3,1.4871021625518366,3,3,3
amazon-all-beauty,test,1570,2,2.792057964054653,1,2,2
amazon-all-beauty,test,1571,4,1.99943809022625,1,1,1
amazon-all-beauty,test,1572,6,3.583694957774532,3,4,4
amazon-all-beauty,test,1574,6,14.444198361665261,6,6,6
amazon-all-beauty,test,1576,4,59.80899699967777,3,4,4
amazon-all-beauty,test,1577,2,0.6138304339622653,1,2,2
amazon-all-beauty,test,1578,6,2.678367514740583,4,5,5
amazon-all-beauty,test,1579,3,8.43082685559122,3,3,3
amazon-all-beauty,test,1580,53,12.622449977125061,25,48,50
amazon-all-beauty,test,1581,6,1.2059128283409994,3,5,5
amazon-all-beauty,test,1583,8,4.467746089469563,3,3,3
amazon-all-beauty,test,1584,2,0.2791320372777424,1,1,1
amazon-all-beauty,test,1585,3,0.7188643188710456,3,3,3
amazon-all-beauty,test,1586,2,0.20668029532972398,1,1,1
amazon-all-beauty,test,1587,28,18.49317912866779,15,22,27
amazon-all-beauty,test,1588,3,0.5234340461021036,2,2,2
amazon-all-beauty,test,1589,7,5.93121736502015,7,7,7
amazon-all-beauty,test,1590,3,2.015468965819291,3,3,3
amazon-all-beauty,test,1591,3,0.8106868561591675,2,2,2
amazon-all-beauty,test,1592,5,2.4807939522689617,4,4,5
amazon-all-beauty,test,1594,3,0.08602972922811078,2,2,2
amazon-all-beauty,test,1595,2,0.33829838912011595,1,1,1
amazon-all-beauty,test,1596,6,1.7061532200195848,3,3,3
amazon-all-beauty,test,1597,4,1.770321936355125,1,1,1
amazon-all-beauty,test,1600,3,0.7023513663333256,2,2,2
amazon-all-beauty,test,1601,4,1.1072107462872651,2,2,2
amazon-all-beauty,test,1602,2,1.620942516482307,1,1,1
