dataset,split,user,history_length,positive_signal_total,items_for_50pct,items_for_80pct,items_for_90pct
amazon:Baby_Products,valid,3,3,1.6045664641816737,1,3,3
amazon:Baby_Products,valid,170,10,0.6749892412605933,7,7,8
amazon:Baby_Products,valid,234,8,4.057618015095339,4,8,8
amazon:Baby_Products,valid,570,9,5.646513237387447,5,6,7
amazon:Baby_Products,valid,747,3,2.4749011023569913,1,3,3
amazon:Baby_Products,valid,749,6,7.205490267478813,1,5,5
amazon:Baby_Products,valid,771,5,4.723742261983581,3,4,4
amazon:Baby_Products,valid,877,6,4.710974327992584,5,5,6
amazon:Baby_Products,valid,957,3,0.596276027873411,1,1,1
amazon:Baby_Products,valid,993,4,1.9382456634004237,2,3,3
amazon:Baby_Products,valid,1043,3,1.0609379137976696,1,1,1
amazon:Baby_Products,valid,1160,7,0.5093692068326272,7,7,7
amazon:Baby_Products,valid,1173,3,0.3872113761255297,3,3,3
amazon:Baby_Products,valid,1179,4,1.587178479210805,2,2,2
amazon:Baby_Products,valid,1303,41,60.33824442200742,16,22,27
amazon:Baby_Products,valid,1365,5,1.5365366790254238,2,5,5
amazon:Baby_Products,valid,1615,53,12.708838304422668,30,40,47
amazon:Baby_Products,valid,1784,19,9.451923952264302,7,14,16
amazon:Baby_Products,valid,1846,8,2.40267768471928,4,4,6
amazon:Baby_Products,valid,1875,3,3.465043200476695,3,3,3
amazon:Baby_Products,valid,1941,5,4.113150489936441,2,5,5
amazon:Baby_Products,valid,2073,4,0.746846447960805,1,1,3
amazon:Baby_Products,valid,2222,3,33.227480303230934,2,3,3
amazon:Baby_Products,valid,2583,7,2.836692680746822,4,5,5
amazon:Baby_Products,valid,2669,16,4.665576378773834,10,14,14
amazon:Baby_Products,valid,2739,5,1.1668959795418432,2,4,4
amazon:Baby_Products,valid,2976,3,1.9567384881488348,1,2,2
amazon:Baby_Products,valid,3026,4,3.0387699450476697,2,3,4
amazon:Baby_Products,valid,3150,2,1.6605777029263769,2,2,2
amazon:Baby_Products,valid,3229,14,4.170706228482522,5,6,12
amazon:Baby_Products,valid,3456,3,4.355859168101166,3,3,3
amazon:Baby_Products,valid,3642,7,3.802521062301377,6,7,7
amazon:Baby_Products,valid,3757,2,1.623875297934322,2,2,2
amazon:Baby_Products,valid,4195,2,1.435256389036017,1,1,1
amazon:Baby_Products,valid,4368,6,5.468855311506886,3,3,3
amazon:Baby_Products,valid,4525,5,1.5137339446504237,3,5,5
amazon:Baby_Products,valid,4744,3,1.3548912953522245,3,3,3
amazon:Baby_Products,valid,4940,3,1.06431057170286,3,3,3
amazon:Baby_Products,valid,4981,4,4.598063426906779,3,4,4
amazon:Baby_Products,valid,5006,10,2.4815946934586863,2,7,7
amazon:Baby_Products,valid,5203,3,9.663615391618116,2,3,3
amazon:Baby_Products,valid,5232,2,3.6037912142478814,1,2,2
amazon:Baby_Products,valid,5430,4,1.7723165221133477,2,2,2
amazon:Baby_Products,valid,5453,2,0.7422785354872883,2,2,2
amazon:Baby_Products,valid,5818,2,2.2222850734904664,2,2,2
amazon:Baby_Products,valid,5982,3,0.5110732256355932,2,2,2
amazon:Baby_Products,valid,6046,2,1.086024604409428,2,2,2
amazon:Baby_Products,valid,6053,8,6.608792786679025,5,5,5
amazon:Baby_Products,valid,6102,6,5.951894986427437,3,5,5
amazon:Baby_Products,valid,6108,3,0.4628000033103813,2,2,2
amazon:Baby_Products,valid,6233,25,8.131250827595338,10,18,21
amazon:Baby_Products,valid,6266,5,2.396324855998411,1,5,5
amazon:Baby_Products,valid,6293,4,0.15955210540254236,4,4,4
amazon:Baby_Products,valid,6328,3,1.4793633412506622,2,2,2
amazon:Baby_Products,valid,6348,7,0.7823771848516949,5,5,5
amazon:Baby_Products,valid,6430,3,0.2099994206832627,2,3,3
amazon:Baby_Products,valid,6961,5,2.362900556144068,4,4,4
amazon:Baby_Products,valid,7114,3,0.7728479417703921,3,3,3
amazon:Baby_Products,valid,7145,3,3.8651499602754233,1,1,1
amazon:Baby_Products,valid,7195,11,3.9456377449682205,5,9,9
amazon:Baby_Products,valid,7226,3,1.695281258275953,2,3,3
amazon:Baby_Products,valid,7339,4,0.755685166181144,3,3,3
amazon:Baby_Products,valid,7420,2,0.3321669756355933,1,1,1
amazon:Baby_Products,valid,7441,8,6.2905666545286,2,3,5
amazon:Baby_Products,valid,7576,3,1.9403758938029663,2,2,2
amazon:Baby_Products,valid,7619,6,0.888080144332627,2,3,3
amazon:Baby_Products,valid,7667,3,0.20151118908898302,2,2,2
amazon:Baby_Products,valid,7747,1,1.2758054571636652,1,1,1
amazon:Baby_Products,valid,8165,8,3.5313590356859113,4,6,7
amazon:Baby_Products,valid,8181,4,0.7670120497881358,1,1,1
amazon:Baby_Products,valid,8430,2,1.4815752449682202,1,2,2
amazon:Baby_Products,valid,8645,3,2.0722167968750003,3,3,3
amazon:Baby_Products,valid,8860,3,1.6760775291313557,1,1,1
amazon:Baby_Products,valid,8897,5,3.9015515343617584,2,4,5
amazon:Baby_Products,valid,9261,6,27.170331120895124,2,2,4
amazon:Baby_Products,valid,9302,3,0.5103045964645126,2,2,2
amazon:Baby_Products,valid,9358,20,13.345282913466633,10,15,16
amazon:Baby_Products,valid,9398,10,2.67510986328125,3,6,10
amazon:Baby_Products,valid,9466,4,0.6928004377979344,3,3,3
amazon:Baby_Products,valid,9492,3,1.0200996010990466,1,2,2
amazon:Baby_Products,valid,9507,3,2.5964928578522244,1,1,1
amazon:Baby_Products,valid,9763,8,5.557471944518009,2,2,4
amazon:Baby_Products,valid,9766,3,0.04467980336334745,1,1,2
amazon:Baby_Products,valid,9806,6,2.1898741641287076,3,3,6
amazon:Baby_Products,valid,9889,4,3.177958239539195,4,4,4
amazon:Baby_Products,valid,9995,3,0.6815891071901483,1,2,2
amazon:Baby_Products,valid,10013,2,0.8267643298132945,2,2,2
amazon:Baby_Products,valid,10177,3,0.5361888820842161,2,2,2
amazon:Baby_Products,valid,10231,3,0.272743354409428,1,1,1
amazon:Baby_Products,valid,10348,10,2.6810350321106995,3,4,9
amazon:Baby_Products,valid,10540,9,1.0427147816803497,4,5,5
amazon:Baby_Products,valid,10991,4,2.327486923993644,3,4,4
amazon:Baby_Products,valid,11016,3,0.21042935646186442,3,3,3
amazon:Baby_Products,valid,11121,7,1.928218104475636,3,3,6
amazon:Baby_Products,valid,11144,6,0.1770495398569915,6,6,6
amazon:Baby_Products,valid,11223,3,5.468434893074683,2,3,3
amazon:Baby_Products,valid,11246,9,4.722944666975636,8,9,9
amazon:Baby_Products,valid,11383,4,0.42358253608315677,3,3,3
amazon:Baby_Products,valid,11531,2,0.6120528916181145,1,2,2
amazon:Baby_Products,valid,11731,4,1.3075240830243644,1,4,4
amazon:Baby_Products,valid,11768,13,9.552968584480933,6,12,12
amazon:Baby_Products,valid,11936,4,0.1803028171345339,3,3,3
amazon:Baby_Products,valid,11994,5,3.905350817664195,2,4,4
amazon:Baby_Products,valid,12156,4,0.07869976496292375,1,1,1
amazon:Baby_Products,valid,12258,3,0.6584944385593221,2,2,2
amazon:Baby_Products,valid,12265,4,15.635530323093219,1,2,3
amazon:Baby_Products,valid,12540,3,0.6869856494968221,3,3,3
amazon:Baby_Products,valid,12592,8,16.85262575311176,3,6,6
amazon:Baby_Products,valid,12698,26,21.474057782706566,9,16,19
amazon:Baby_Products,valid,12803,3,1.3464111328125,1,1,1
amazon:Baby_Products,valid,12830,6,7.101010700807732,5,6,6
amazon:Baby_Products,valid,12831,6,1.6666470802436442,3,3,3
amazon:Baby_Products,valid,12864,3,0.7837663036281779,1,3,3
amazon:Baby_Products,valid,12979,3,2.817533848649364,2,2,2
amazon:Baby_Products,valid,13019,3,0.8697162175582627,3,3,3
amazon:Baby_Products,valid,13086,3,1.2794090141684322,2,3,3
amazon:Baby_Products,valid,13252,6,2.46853420451536,5,5,5
amazon:Baby_Products,valid,13329,16,1.2610537771451273,7,7,7
amazon:Baby_Products,valid,13431,5,1.3321893207097455,2,2,5
amazon:Baby_Products,valid,13662,3,0.07400088552701273,1,1,1
amazon:Baby_Products,valid,13789,3,2.2037357653601695,1,3,3
amazon:Baby_Products,valid,13915,5,2.536802337129237,4,4,5
amazon:Baby_Products,valid,13963,7,4.019973185911017,5,6,6
amazon:Baby_Products,valid,13980,7,0.5784332792637712,4,7,7
amazon:Baby_Products,valid,14067,3,2.445265327065678,2,2,2
amazon:Baby_Products,valid,14175,4,2.1402242369570974,2,4,4
amazon:Baby_Products,valid,14407,4,0.23754737983315677,3,4,4
amazon:Baby_Products,valid,14410,4,2.467524331302966,3,4,4
amazon:Baby_Products,valid,14499,6,5.572274728548729,4,6,6
amazon:Baby_Products,valid,14865,3,0.5349396269200213,3,3,3
amazon:Baby_Products,valid,14882,2,0.47905087228548726,2,2,2
amazon:Baby_Products,valid,15099,3,1.3645822298728811,3,3,3
amazon:Baby_Products,valid,15156,7,1.121499064817267,3,3,3
amazon:Baby_Products,valid,15302,10,4.122332039525954,6,7,7
amazon:Baby_Products,valid,15423,3,1.3192378674523304,2,2,2
amazon:Baby_Products,valid,15531,6,1.9507273528535487,3,4,4
amazon:Baby_Products,valid,15726,3,1.1528003757282839,3,3,3
amazon:Baby_Products,valid,15728,8,2.369450559454449,1,6,6
amazon:Baby_Products,valid,15729,3,1.1321109060513772,3,3,3
amazon:Baby_Products,valid,15803,8,5.281627176575742,3,3,3
amazon:Baby_Products,valid,15805,3,1.0805899927171612,2,2,2
amazon:Baby_Products,valid,15826,6,1.356099377648305,6,6,6
amazon:Baby_Products,valid,15912,10,4.360332941604874,4,9,9
amazon:Baby_Products,valid,16178,7,4.123981126688294,3,6,7
amazon:Baby_Products,valid,16403,5,1.3399004402807204,3,3,3
amazon:Baby_Products,valid,16536,4,2.264305813029661,4,4,4
amazon:Baby_Products,valid,16620,3,7.2020625744835804,2,2,3
amazon:Baby_Products,valid,16731,2,0.6287034891419492,2,2,2
amazon:Baby_Products,valid,16787,4,0.3943336616128177,1,1,1
amazon:Baby_Products,valid,16825,4,2.2453135344941737,2,2,3
amazon:Baby_Products,valid,16866,3,0.5802860583289193,1,3,3
amazon:Baby_Products,valid,16882,11,4.166311490333687,4,8,8
amazon:Baby_Products,valid,17037,12,3.7771225751456567,12,12,12
amazon:Baby_Products,valid,17062,4,2.5976688708289197,2,4,4
amazon:Baby_Products,valid,17261,3,1.620109635692532,2,2,3
amazon:Baby_Products,valid,17306,3,0.16117667505296618,1,1,1
amazon:Baby_Products,valid,17413,4,0.4016310869637182,2,4,4
amazon:Baby_Products,valid,17484,6,7.9448608398437495,1,2,2
amazon:Baby_Products,valid,17494,3,1.8295974990068857,2,3,3
amazon:Baby_Products,valid,17506,4,0.013111179157838992,4,4,4
amazon:Baby_Products,valid,17627,10,2.826810882051112,9,10,10
amazon:Baby_Products,valid,17631,3,1.7436204813294494,2,3,3
amazon:Baby_Products,valid,17644,3,0.6956915386652542,1,2,2
amazon:Baby_Products,valid,17694,16,10.180521716101694,8,11,11
amazon:Baby_Products,valid,17710,7,0.9449731859110169,3,3,3
amazon:Baby_Products,valid,17805,4,7.919353317002118,1,1,1
amazon:Baby_Products,valid,17984,4,0.7921798447431143,1,1,3
amazon:Baby_Products,valid,18028,3,3.2618625446901484,1,3,3
amazon:Baby_Products,valid,18104,7,4.073415154925848,2,5,5
amazon:Baby_Products,valid,18121,10,3.0902223748675848,5,9,9
amazon:Baby_Products,valid,18180,3,0.9629365565413136,2,2,2
amazon:Baby_Products,valid,18236,6,3.110247906183792,2,3,5
amazon:Baby_Products,valid,18266,9,3.1574680134401483,4,4,8
amazon:Baby_Products,valid,18539,3,0.008703613281249994,2,2,2
amazon:Baby_Products,valid,18825,5,0.9508083537473517,3,3,3
amazon:Baby_Products,valid,18855,5,1.1033542439088984,2,2,4
amazon:Baby_Products,valid,19013,5,7.412761106329449,3,4,4
amazon:Baby_Products,valid,19214,7,5.3245901334083685,2,4,4
amazon:Baby_Products,valid,19474,3,34.51911021087129,2,3,3
amazon:Baby_Products,valid,19656,3,1.8358022916114938,1,2,2
amazon:Baby_Products,valid,19695,7,3.723861642611229,1,4,5
amazon:Baby_Products,valid,19698,3,1.8044952909825214,2,2,2
amazon:Baby_Products,valid,19875,37,6.306911765922934,22,34,36
amazon:Baby_Products,valid,19986,9,2.5849073507018008,3,4,4
amazon:Baby_Products,valid,19996,5,1.8705822960805083,2,2,2
amazon:Baby_Products,valid,20067,4,1.6982473599708685,3,4,4
amazon:Baby_Products,valid,20068,6,8.66436333090572,2,6,6
amazon:Baby_Products,valid,20104,6,1.3702139127052435,5,6,6
amazon:Baby_Products,valid,20122,10,6.179861501920021,5,9,9
amazon:Baby_Products,valid,20149,5,0.7070058014433261,4,4,4
amazon:Baby_Products,valid,20225,3,1.157000215174788,2,2,2
amazon:Baby_Products,valid,20287,4,0.8209151963056145,3,3,3
amazon:Baby_Products,valid,20539,6,4.384583967823093,1,6,6
amazon:Baby_Products,valid,20901,3,2.1730317713850638,2,2,2
amazon:Baby_Products,valid,20938,3,1.8039056293034959,2,3,3
amazon:Baby_Products,valid,21527,3,1.0745456501588984,2,2,3
amazon:Baby_Products,valid,21546,5,2.3016061556541314,3,3,4
amazon:Baby_Products,valid,21590,4,1.7023793365995763,3,4,4
amazon:Baby_Products,valid,21716,2,3.1368373030323093,1,1,1
amazon:Baby_Products,valid,21864,12,4.089557815810382,8,10,10
amazon:Baby_Products,valid,21890,6,0.37166520458156777,3,3,6
amazon:Baby_Products,valid,22088,8,1.872910114870233,8,8,8
amazon:Baby_Products,valid,22144,9,1.3214676161943855,3,5,5
amazon:Baby_Products,valid,22318,3,2.4336299572960804,1,1,3
amazon:Baby_Products,valid,22336,4,1.0161654197563559,3,4,4
amazon:Baby_Products,valid,22392,3,1.526729260460805,1,2,2
amazon:Baby_Products,valid,22715,4,2.119711045087394,3,4,4
amazon:Baby_Products,valid,22727,2,0.6445244223384533,1,1,1
amazon:Baby_Products,valid,22916,5,5.7874803446106995,2,5,5
amazon:Baby_Products,valid,23011,3,0.2882402840307202,3,3,3
amazon:Baby_Products,valid,23032,10,1.4459427138506356,6,7,7
amazon:Baby_Products,valid,23087,3,0.7763187731726695,3,3,3
amazon:Baby_Products,valid,23148,4,1.7081944352489407,1,3,4
amazon:Baby_Products,valid,23200,4,0.504933295815678,1,1,1
amazon:Baby_Products,valid,23295,5,0.7111820544226696,4,4,5
amazon:Baby_Products,valid,23362,27,8.14146138853946,11,20,21
amazon:Baby_Products,valid,23547,3,3.6647220934851696,1,2,2
amazon:Baby_Products,valid,23593,5,0.5536655232057733,5,5,5
amazon:Baby_Products,valid,23627,6,1.1730584613347457,2,6,6
amazon:Baby_Products,valid,23646,3,6.760252251059322,1,1,2
amazon:Baby_Products,valid,23832,10,3.086181640625,5,10,10
amazon:Baby_Products,valid,23882,13,1.546404201701536,6,9,12
amazon:Baby_Products,valid,24253,13,1.7629944882150426,5,5,5
amazon:Baby_Products,valid,24275,3,2.330576130495233,2,3,3
amazon:Baby_Products,valid,24336,4,1.4294514284295552,1,4,4
amazon:Baby_Products,valid,24419,4,3.7676668846001062,1,1,3
amazon:Baby_Products,valid,24587,3,0.6112960556806144,2,2,2
amazon:Baby_Products,valid,24645,4,0.764977199748411,4,4,4
amazon:Baby_Products,valid,24714,13,2.6701308428230934,5,11,11
amazon:Baby_Products,valid,24785,3,2.1768802966101695,1,3,3
amazon:Baby_Products,valid,24837,6,1.417501779329979,1,5,6
amazon:Baby_Products,valid,24879,4,0.40472712112685383,4,4,4
amazon:Baby_Products,valid,25006,6,0.06559975834216102,1,1,1
amazon:Baby_Products,valid,25106,3,4.677122678595074,3,3,3
amazon:Baby_Products,valid,25179,6,6.167765989141949,4,6,6
amazon:Baby_Products,valid,25330,7,2.65663628012447,2,7,7
amazon:Baby_Products,valid,25471,5,1.3343251373808263,3,4,5
amazon:Baby_Products,valid,25482,4,1.5684493759931144,4,4,4
amazon:Baby_Products,valid,25575,2,1.012872831700212,1,1,1
amazon:Baby_Products,valid,25582,3,0.14206418829449152,2,2,2
amazon:Baby_Products,valid,25614,7,6.227008573887712,2,6,6
amazon:Baby_Products,valid,25791,5,0.5920629469014831,4,4,4
amazon:Baby_Products,valid,25962,12,2.91160888671875,4,10,10
amazon:Baby_Products,valid,26028,10,6.815112511586335,5,10,10
amazon:Baby_Products,valid,26050,8,0.3371496168233581,2,2,2
amazon:Baby_Products,valid,26064,4,2.8263329457428497,1,1,2
amazon:Baby_Products,valid,26268,20,14.492865921279131,2,2,18
amazon:Baby_Products,valid,26306,4,1.3220804505429025,1,1,1
amazon:Baby_Products,valid,26311,5,0.7310271699549789,2,3,3
amazon:Baby_Products,valid,26894,3,3.4236775026483053,2,3,3
amazon:Baby_Products,valid,27128,5,2.0174320544226694,2,4,4
amazon:Baby_Products,valid,27226,5,0.6731341863082627,5,5,5
amazon:Baby_Products,valid,27377,2,3.474180680614407,1,1,2
amazon:Baby_Products,valid,27447,3,1.6147216796875001,2,2,2
amazon:Baby_Products,valid,27455,3,2.8262180134401484,1,2,2
amazon:Baby_Products,valid,27648,4,0.5081089860301906,1,2,2
amazon:Baby_Products,valid,27654,5,2.2639596712791312,3,3,3
amazon:Baby_Products,valid,27976,8,3.3118633722854876,3,6,6
amazon:Baby_Products,valid,28117,3,0.303245415121822,3,3,3
amazon:Baby_Products,valid,28152,10,4.531289724576271,4,10,10
amazon:Baby_Products,valid,28277,10,1.324746755826271,5,7,7
amazon:Baby_Products,valid,28297,4,3.5215586516816737,3,3,4
amazon:Baby_Products,valid,28347,3,1.927326784295551,1,1,3
amazon:Baby_Products,valid,28365,3,1.8329591912738348,1,1,3
amazon:Baby_Products,valid,28409,3,2.0885622186175845,3,3,3
amazon:Baby_Products,valid,28539,8,2.1268310546875,6,8,8
amazon:Baby_Products,valid,28598,4,0.6217980336334745,4,4,4
amazon:Baby_Products,valid,28622,4,2.799459166445975,1,3,3
amazon:Baby_Products,valid,28776,4,3.5796105336334745,3,3,3
amazon:Baby_Products,valid,28960,9,7.2996157888638775,4,9,9
amazon:Baby_Products,valid,29038,5,1.0627346232786017,2,2,2
amazon:Baby_Products,valid,29130,5,2.6800632282838985,2,4,5
amazon:Baby_Products,valid,29186,4,1.6355975652145125,1,2,2
amazon:Baby_Products,valid,29189,3,0.2567104533567267,1,1,1
amazon:Baby_Products,valid,29220,9,2.886231710143009,7,8,9
amazon:Baby_Products,valid,29388,4,0.15313710358183266,4,4,4
amazon:Baby_Products,valid,30058,14,9.150305796477754,12,13,13
amazon:Baby_Products,valid,30239,3,1.4573775986493644,3,3,3
amazon:Baby_Products,valid,30340,4,1.4794840149960276,2,4,4
amazon:Baby_Products,valid,30382,4,0.1388373940677966,4,4,4
amazon:Baby_Products,valid,30394,3,2.6918641171212925,3,3,3
amazon:Baby_Products,valid,30398,6,3.9806317862817795,3,4,4
amazon:Baby_Products,valid,30441,8,5.463588908567266,1,4,6
amazon:Baby_Products,valid,30559,3,1.5530014813956567,2,3,3
amazon:Baby_Products,valid,30732,3,4.009395482984639,2,2,3
amazon:Baby_Products,valid,30822,2,0.6402867204051907,2,2,2
amazon:Baby_Products,valid,30830,3,0.830961789923199,1,1,1
amazon:Baby_Products,valid,30888,5,1.965689138638771,3,3,4
amazon:Baby_Products,valid,30987,4,1.5646376787605931,3,3,3
amazon:Baby_Products,valid,31120,8,1.9791344594147244,7,8,8
amazon:Baby_Products,valid,31161,8,9.90940375893803,4,8,8
amazon:Baby_Products,valid,31183,4,4.930576958090572,2,3,4
amazon:Baby_Products,valid,31488,4,4.753648454051907,2,2,2
amazon:Baby_Products,valid,31660,6,1.8052728168034957,4,5,5
amazon:Baby_Products,valid,31735,17,14.686000604144597,1,3,7
amazon:Baby_Products,valid,31762,4,3.6917565297272246,4,4,4
amazon:Baby_Products,valid,31828,4,0.16003024860963982,1,1,1
amazon:Baby_Products,valid,31839,19,4.062563724841102,9,16,16
amazon:Baby_Products,valid,32270,14,11.362693450410488,1,1,1
amazon:Baby_Products,valid,32361,3,2.5890440860037076,3,3,3
amazon:Baby_Products,valid,32604,3,0.10222850734904662,1,1,1
amazon:Baby_Products,valid,32653,8,2.7051019183659957,5,7,7
amazon:Baby_Products,valid,32743,3,34.02314722093485,2,3,3
amazon:Baby_Products,valid,32763,6,2.1846981759798725,5,5,5
amazon:Baby_Products,valid,32801,10,7.616516320180085,4,6,8
amazon:Baby_Products,valid,32937,3,0.7525742353019068,1,1,1
amazon:Baby_Products,valid,33087,3,3.6729701155323093,2,3,3
amazon:Baby_Products,valid,33104,5,1.6365435066869702,3,4,4
amazon:Baby_Products,valid,33274,5,1.5020700228416313,3,3,5
amazon:Baby_Products,valid,33341,4,0.652102092161017,4,4,4
amazon:Baby_Products,valid,33396,5,0.7583057468220339,5,5,5
amazon:Baby_Products,valid,33510,3,0.9904603085275423,2,2,3
amazon:Baby_Products,valid,33604,3,8.101699363579185,2,2,2
amazon:Baby_Products,valid,33918,4,3.9308225470074154,4,4,4
amazon:Baby_Products,valid,33987,5,3.377752375198623,4,5,5
amazon:Baby_Products,valid,33988,3,0.05025210623013776,3,3,3
amazon:Baby_Products,valid,34024,6,3.4959749900688557,5,6,6
amazon:Baby_Products,valid,34118,3,2.8606213585805085,2,2,2
amazon:Baby_Products,valid,34130,3,4.092884128376589,2,3,3
amazon:Baby_Products,valid,34328,12,4.404583843683792,4,12,12
amazon:Baby_Products,valid,34390,4,1.5510023214049258,3,4,4
amazon:Baby_Products,valid,34453,6,1.7004425566075212,4,5,5
amazon:Baby_Products,valid,34474,4,3.0040767346398307,4,4,4
amazon:Baby_Products,valid,34478,4,2.164521091267214,1,1,2
amazon:Baby_Products,valid,34578,3,0.6391982256355933,2,2,2
amazon:Baby_Products,valid,34644,9,4.634843418961865,5,9,9
amazon:Baby_Products,valid,34741,4,0.2076511189088983,1,1,1
amazon:Baby_Products,valid,34744,3,1.1227539062499998,1,2,2
amazon:Baby_Products,valid,34913,3,0.5425957114009534,3,3,3
amazon:Baby_Products,valid,35043,3,1.7218199649099575,2,3,3
amazon:Baby_Products,valid,35052,16,7.7137703588453395,13,13,15
amazon:Baby_Products,valid,35276,4,1.249338337526483,2,2,3
amazon:Baby_Products,valid,35324,13,4.112470516916049,9,9,12
amazon:Baby_Products,valid,35340,8,7.8674258474576275,5,7,8
amazon:Baby_Products,valid,35355,5,0.6139801542637712,4,4,5
amazon:Baby_Products,valid,35472,6,3.5719018968485168,3,6,6
amazon:Baby_Products,valid,35584,3,4.145431466829979,2,3,3
amazon:Baby_Products,valid,35647,3,4.058858580508475,2,2,2
amazon:Baby_Products,valid,35749,3,0.5800744008209746,1,1,2
amazon:Baby_Products,valid,35857,9,4.18117282673464,5,9,9
amazon:Baby_Products,valid,36098,27,12.531761867717162,16,17,21
amazon:Baby_Products,valid,36122,3,0.8577365681276483,2,2,2
amazon:Baby_Products,valid,36198,3,1.6262755313162076,3,3,3
amazon:Baby_Products,valid,36311,5,4.1041822530455505,3,4,4
amazon:Baby_Products,valid,36323,3,0.2704310530323093,1,1,1
amazon:Baby_Products,valid,36415,5,2.204563567597987,5,5,5
amazon:Baby_Products,valid,36432,3,0.7755694890426378,1,1,3
amazon:Baby_Products,valid,36504,3,2.2607171527409955,2,3,3
amazon:Baby_Products,valid,36558,5,1.5822213900291313,5,5,5
amazon:Baby_Products,valid,36570,3,0.18356685315148302,2,2,2
amazon:Baby_Products,valid,36588,4,2.1522603697695972,3,4,4
amazon:Baby_Products,valid,36835,6,3.653320519398835,4,4,5
amazon:Baby_Products,valid,37126,4,0.7516694666975634,3,4,4
amazon:Baby_Products,valid,37336,6,0.8051652294094279,4,4,4
amazon:Baby_Products,valid,37430,4,2.5285369355799787,2,3,4
amazon:Baby_Products,valid,37465,6,0.4592198258739406,5,5,5
amazon:Baby_Products,valid,37571,9,0.5645507812499999,9,9,9
amazon:Baby_Products,valid,37603,10,4.088541321835276,5,7,7
amazon:Baby_Products,valid,37695,3,2.3587201651880294,1,1,1
amazon:Baby_Products,valid,37786,4,3.3137219445180084,1,4,4
amazon:Baby_Products,valid,38031,2,1.3267125016551906,1,1,1
amazon:Baby_Products,valid,38250,4,3.122622732388771,2,4,4
amazon:Baby_Products,valid,38622,5,1.3072433213056145,3,4,4
amazon:Baby_Products,valid,38636,16,5.086520437466896,10,11,13
amazon:Baby_Products,valid,38646,4,0.9081177792306674,4,4,4
amazon:Baby_Products,valid,38747,3,1.6332068491790255,2,2,2
amazon:Baby_Products,valid,38749,3,1.6917633573887711,2,3,3
amazon:Baby_Products,valid,39044,4,1.4244757183527543,1,1,3
amazon:Baby_Products,valid,39091,3,1.2425903320312501,3,3,3
amazon:Baby_Products,valid,39190,9,2.487152616856462,2,2,2
amazon:Baby_Products,valid,39262,3,1.2614226777674786,3,3,3
amazon:Baby_Products,valid,39381,3,0.10155112056408898,1,1,1
amazon:Baby_Products,valid,39390,3,2.9460229905985167,2,2,3
amazon:Baby_Products,valid,39510,7,4.3347120382018005,6,6,6
amazon:Baby_Products,valid,39608,5,0.30342065843485166,1,1,4
amazon:Baby_Products,valid,39725,5,1.8651789261122882,4,5,5
amazon:Baby_Products,valid,39731,3,2.549144266419492,3,3,3
amazon:Baby_Products,valid,39807,7,1.6860471563824153,2,2,5
amazon:Baby_Products,valid,39833,2,3.4828115689552437,2,2,2
amazon:Baby_Products,valid,39909,4,13.148550880561439,2,3,3
amazon:Baby_Products,valid,40082,8,6.5040742518538135,2,2,4
amazon:Baby_Products,valid,40118,6,1.5913001108977753,4,6,6
amazon:Baby_Products,valid,40418,8,4.966070246292373,4,7,8
amazon:Baby_Products,valid,40450,71,11.445589537539725,31,55,58
amazon:Baby_Products,valid,40779,3,1.1450091863082628,1,2,2
amazon:Baby_Products,valid,40794,3,2.26733791545286,1,1,2
amazon:Baby_Products,valid,41084,6,0.7394947116657838,2,5,5
amazon:Baby_Products,valid,41112,4,0.9655589992717162,2,4,4
amazon:Baby_Products,valid,41187,4,34.21763667737024,2,4,4
amazon:Baby_Products,valid,41369,11,7.8835301286083155,7,7,10
amazon:Baby_Products,valid,41416,5,2.6503680730270127,4,5,5
amazon:Baby_Products,valid,41522,6,0.11309586864406779,2,2,2
amazon:Baby_Products,valid,41540,3,2.1558817200741522,3,3,3
amazon:Baby_Products,valid,41600,3,0.6099596961069914,3,3,3
amazon:Baby_Products,valid,41607,9,2.8389826370497886,7,9,9
amazon:Baby_Products,valid,41895,15,6.2102408716234105,4,4,4
amazon:Baby_Products,valid,41910,4,2.1510369769597455,1,4,4
amazon:Baby_Products,valid,41992,6,11.376348773503707,5,6,6
amazon:Baby_Products,valid,42084,4,1.3979872881355933,3,3,3
amazon:Baby_Products,valid,42130,4,3.5984692589711336,1,2,2
amazon:Baby_Products,valid,42156,2,0.25565413135593223,2,2,2
amazon:Baby_Products,valid,42505,4,2.1613589529263773,3,3,3
amazon:Baby_Products,valid,42554,6,0.47399819584216085,5,6,6
amazon:Baby_Products,valid,42645,3,0.9211258193193856,2,3,3
amazon:Baby_Products,valid,42699,9,1.1317173844676907,8,8,9
amazon:Baby_Products,valid,42781,4,1.7066371077198093,3,3,3
amazon:Baby_Products,valid,42978,3,1.596220785884534,2,2,2
amazon:Baby_Products,valid,42997,5,1.5527836169226694,2,2,2
amazon:Baby_Products,valid,43020,4,7.805282541048729,2,4,4
amazon:Baby_Products,valid,43091,6,3.5603445279396193,3,5,5
amazon:Baby_Products,valid,43220,4,0.8485374321371822,3,4,4
amazon:Baby_Products,valid,43292,3,0.9073449086334746,1,2,2
amazon:Baby_Products,valid,43303,3,1.043573308395127,2,2,2
amazon:Baby_Products,valid,43368,6,0.8212048546742584,6,6,6
amazon:Baby_Products,valid,43599,3,0.42592607918432196,3,3,3
amazon:Baby_Products,valid,43721,4,5.472891493975107,3,4,4
amazon:Baby_Products,valid,43729,4,1.3205417439088984,4,4,4
amazon:Baby_Products,valid,43747,12,7.38723537639036,1,6,6
amazon:Baby_Products,valid,43841,4,4.8074394614009535,4,4,4
amazon:Baby_Products,valid,43941,14,4.4032950708421605,9,10,10
amazon:Baby_Products,valid,43964,5,0.6614110914327331,3,4,4
amazon:Baby_Products,valid,44078,3,0.5463885808395126,3,3,3
amazon:Baby_Products,valid,44101,5,0.8627811755164195,1,1,4
amazon:Baby_Products,valid,44258,4,8.129343634136653,1,2,3
amazon:Baby_Products,valid,44394,3,0.01697439420021185,3,3,3
amazon:Baby_Products,valid,44739,9,14.121982587394069,6,6,6
amazon:Baby_Products,valid,44915,4,1.1477232852224577,3,3,3
amazon:Baby_Products,valid,44976,8,1.4651515120166843,4,8,8
amazon:Baby_Products,valid,45136,6,10.31650825112553,4,4,6
amazon:Baby_Products,valid,45175,6,2.614605609441208,3,5,6
amazon:Baby_Products,valid,45202,3,0.7871658583818857,3,3,3
amazon:Baby_Products,valid,45578,6,1.8591767909163135,4,5,6
amazon:Baby_Products,valid,45680,4,1.7932451668432203,1,1,2
amazon:Baby_Products,valid,45759,25,11.512842003773834,12,20,20
amazon:Baby_Products,valid,45976,3,1.0676966780323092,1,1,1
amazon:Baby_Products,valid,46003,2,0.8910909361758476,2,2,2
amazon:Baby_Products,valid,46235,13,1.2214504435911016,7,9,9
amazon:Baby_Products,valid,46403,4,1.6958396782309322,2,3,3
amazon:Baby_Products,valid,46406,3,2.0468549308130295,3,3,3
amazon:Baby_Products,valid,46436,3,1.1463100627317266,1,1,3
amazon:Baby_Products,valid,46468,11,3.118286856958422,10,10,11
amazon:Baby_Products,valid,46485,2,0.7449735997086865,2,2,2
amazon:Baby_Products,valid,46515,34,14.613560356528073,23,30,30
amazon:Baby_Products,valid,46654,15,3.2267396054025426,7,12,15
amazon:Baby_Products,valid,46661,2,0.8267445709745763,2,2,2
amazon:Baby_Products,valid,46774,4,1.8649625099311442,3,3,4
amazon:Baby_Products,valid,46900,2,0.2415065959348517,1,1,2
amazon:Baby_Products,valid,47058,19,2.3552500579316735,12,17,17
amazon:Baby_Products,valid,47168,4,1.4573457362288136,4,4,4
amazon:Baby_Products,valid,47417,5,0.2209327827065678,1,1,1
amazon:Baby_Products,valid,47527,7,1.1897189900026484,7,7,7
amazon:Baby_Products,valid,47571,6,8.60878554521981,6,6,6
amazon:Baby_Products,valid,47826,3,3.9149703720868647,2,3,3
amazon:Baby_Products,valid,48077,3,6.152262645656779,2,2,2
amazon:Baby_Products,valid,48079,3,1.9302661960407839,2,3,3
amazon:Baby_Products,valid,48128,3,1.07801513671875,1,1,3
amazon:Baby_Products,valid,48386,7,0.6450921527409957,7,7,7
amazon:Baby_Products,valid,48540,7,8.603524521649895,3,6,7
amazon:Baby_Products,valid,48582,2,2.7589238570908368,2,2,2
amazon:Baby_Products,valid,48612,4,0.063317043498411,1,1,1
amazon:Baby_Products,valid,48713,6,0.26497719974841094,6,6,6
amazon:Baby_Products,valid,48762,10,5.690339686506886,8,8,10
amazon:Baby_Products,valid,48928,9,2.75652683064089,2,7,7
amazon:Baby_Products,valid,49041,4,1.6999604823225636,1,3,3
amazon:Baby_Products,valid,49081,4,2.377088229939089,2,2,2
amazon:Baby_Products,valid,49173,2,1.2381186275158897,1,1,1
amazon:Baby_Products,valid,49324,7,1.1322733216366525,4,4,4
amazon:Baby_Products,valid,49546,3,1.1979260460805086,2,2,2
amazon:Baby_Products,valid,49901,4,0.6936392056739936,3,3,3
amazon:Baby_Products,valid,50002,3,0.9223670054290255,3,3,3
amazon:Baby_Products,valid,50174,4,4.515976521120233,1,3,4
amazon:Baby_Products,valid,50326,13,8.232576842227225,4,9,13
amazon:Baby_Products,valid,50430,6,3.489410503840042,3,4,5
amazon:Baby_Products,valid,50463,6,2.987478896318856,2,5,6
amazon:Baby_Products,valid,50485,6,3.20566840737553,5,6,6
amazon:Baby_Products,valid,50575,4,4.893597929356462,3,4,4
amazon:Baby_Products,valid,50745,7,1.5989919888771185,2,2,2
amazon:Baby_Products,valid,50808,6,2.835652186506885,4,4,5
amazon:Baby_Products,valid,51049,10,7.307526152012711,6,9,10
amazon:Baby_Products,valid,51060,3,3.6194054555084745,3,3,3
amazon:Baby_Products,valid,51263,3,11.698324533236228,1,1,1
amazon:Baby_Products,valid,51310,5,0.9713080971927966,2,3,3
amazon:Baby_Products,valid,51320,3,0.8693454548463982,1,1,2
amazon:Baby_Products,valid,51340,4,1.9090958934719278,3,3,3
amazon:Baby_Products,valid,51410,5,1.2448180117849577,1,1,1
amazon:Baby_Products,valid,51417,13,29.744021865068856,11,13,13
amazon:Baby_Products,valid,51447,3,0.7416181144067796,3,3,3
amazon:Baby_Products,valid,51978,4,1.5701705673993644,3,3,3
amazon:Baby_Products,valid,52024,6,3.0105818409030722,4,4,4
amazon:Baby_Products,valid,52060,10,2.8527958239539193,6,6,6
amazon:Baby_Products,valid,52068,3,0.2584576105667373,2,2,2
amazon:Baby_Products,valid,52071,8,8.439969337592691,3,6,8
amazon:Baby_Products,valid,52133,4,3.197889838784428,3,3,3
amazon:Baby_Products,valid,52184,8,2.3791023900953387,1,2,3
amazon:Baby_Products,valid,52268,3,1.006035239009534,2,3,3
amazon:Baby_Products,valid,52288,4,18.199810066869702,2,2,4
amazon:Baby_Products,valid,52292,4,2.7835503012447034,2,2,3
amazon:Baby_Products,valid,52410,4,0.2535512115995763,3,3,3
amazon:Baby_Products,valid,52446,6,1.819483042571504,2,6,6
amazon:Baby_Products,valid,52509,8,2.9244610285354873,2,6,6
amazon:Baby_Products,valid,52735,3,1.1631362139168433,3,3,3
amazon:Baby_Products,valid,52800,4,2.4860594668630824,1,2,2
amazon:Baby_Products,valid,52829,16,13.881502209679557,6,12,15
amazon:Baby_Products,valid,53062,5,2.72676608845339,1,1,1
amazon:Baby_Products,valid,53113,2,2.7394587112685382,1,2,2
amazon:Baby_Products,valid,53226,4,2.339720231395656,1,3,3
amazon:Baby_Products,valid,53261,9,2.4055620613744697,6,8,8
amazon:Baby_Products,valid,53441,5,14.093616964049259,4,4,4
amazon:Baby_Products,valid,53476,8,2.4057832362288134,4,6,6
amazon:Baby_Products,valid,53560,6,0.32310263423596397,3,5,5
amazon:Baby_Products,valid,53591,4,2.55526516154661,2,3,3
amazon:Baby_Products,valid,53716,5,4.079435704118114,2,4,4
amazon:Baby_Products,valid,54041,7,1.3852963205111228,3,3,3
amazon:Baby_Products,valid,54072,3,0.058465886520127075,3,3,3
amazon:Baby_Products,valid,54163,3,0.16258627681408894,3,3,3
amazon:Baby_Products,valid,54189,3,0.5854283219676908,1,1,2
amazon:Baby_Products,valid,54492,5,1.6257798017081568,1,2,2
amazon:Baby_Products,valid,54601,11,4.266283352092161,8,9,9
amazon:Baby_Products,valid,54800,3,0.3492406812764831,1,1,1
amazon:Baby_Products,valid,55093,4,2.646270441604873,2,2,3
amazon:Baby_Products,valid,55168,5,0.9643862966763771,3,3,3
amazon:Baby_Products,valid,55212,4,1.7721880379369703,2,4,4
amazon:Baby_Products,valid,55298,4,2.3396531961731992,4,4,4
amazon:Baby_Products,valid,55612,3,8.539665817002119,1,2,3
amazon:Baby_Products,valid,56072,5,2.4687338618908896,4,5,5
amazon:Baby_Products,valid,56112,4,2.6352971481064618,4,4,4
amazon:Baby_Products,valid,56156,11,2.7659417621159963,2,9,9
amazon:Baby_Products,valid,56306,7,2.6232299804687496,1,1,5
amazon:Baby_Products,valid,56332,3,0.3481757729740466,3,3,3
amazon:Baby_Products,valid,56490,6,3.8801818847656246,4,5,5
amazon:Baby_Products,valid,56605,4,1.0089500297934322,4,4,4
amazon:Baby_Products,valid,56784,3,3.204859846729343,3,3,3
amazon:Baby_Products,valid,56833,12,5.573279429290254,5,9,11
amazon:Baby_Products,valid,56852,9,0.855958479541843,8,9,9
amazon:Baby_Products,valid,56897,3,1.8194261453919491,3,3,3
amazon:Baby_Products,valid,56919,10,1.4967644125728286,7,8,10
amazon:Baby_Products,valid,56952,4,3.1255983514300847,3,3,4
amazon:Baby_Products,valid,57098,5,0.5872724112817795,3,3,3
amazon:Baby_Products,valid,57131,5,1.931298828125,4,5,5
amazon:Baby_Products,valid,57498,10,2.724546891551907,5,5,8
amazon:Baby_Products,valid,57538,2,1.2059764797404662,1,1,1
amazon:Baby_Products,valid,57652,3,1.5742044739804024,2,3,3
amazon:Baby_Products,valid,57705,32,9.658901201668431,13,16,22
amazon:Baby_Products,valid,57819,4,2.3069211798199154,3,4,4
amazon:Baby_Products,valid,57885,4,0.5903390658103814,3,3,3
amazon:Baby_Products,valid,58025,3,1.1037324549788137,1,1,3
amazon:Baby_Products,valid,58056,7,13.037980419094279,4,4,4
amazon:Baby_Products,valid,58101,5,1.3169582560911015,5,5,5
amazon:Baby_Products,valid,58102,5,1.6003351761122881,4,5,5
amazon:Baby_Products,valid,58115,23,15.1017191224179,8,19,22
amazon:Baby_Products,valid,58317,4,5.6037649380958685,1,1,3
amazon:Baby_Products,valid,58470,3,6.857906742419226,2,3,3
amazon:Baby_Products,valid,58593,3,1.1422396385063558,1,3,3
amazon:Baby_Products,valid,58674,3,1.0666832875397245,1,1,1
amazon:Baby_Products,valid,58737,3,0.5969240350238347,1,1,1
amazon:Baby_Products,valid,58779,10,2.8111009500794495,8,9,9
amazon:Baby_Products,valid,58803,9,1.2558911339711334,5,7,7
amazon:Baby_Products,valid,58840,7,2.7239731610831566,4,5,7
amazon:Baby_Products,valid,58928,6,2.58348781779661,1,5,5
amazon:Baby_Products,valid,58980,5,3.2374633789062504,1,4,5
amazon:Baby_Products,valid,59235,3,0.4975223864539195,2,2,2
amazon:Baby_Products,valid,59286,4,3.1160476943193856,3,4,4
amazon:Baby_Products,valid,59352,5,1.7443280753442796,1,1,3
amazon:Baby_Products,valid,59396,3,1.574495373742055,1,1,2
amazon:Baby_Products,valid,59397,6,5.926796916379766,2,4,5
amazon:Baby_Products,valid,59419,4,1.1071566306938558,1,1,1
amazon:Baby_Products,valid,59424,5,1.8860881223516948,4,5,5
amazon:Baby_Products,valid,59451,11,4.608523611295021,7,10,11
amazon:Baby_Products,valid,59526,3,0.8264085672669491,1,2,2
amazon:Baby_Products,valid,59603,7,3.0862488827462924,4,5,5
amazon:Baby_Products,valid,59703,4,0.6425957114009534,2,2,2
amazon:Baby_Products,valid,59719,3,0.35636751853813564,1,1,1
amazon:Baby_Products,valid,59802,4,2.5899565098649364,4,4,4
amazon:Baby_Products,valid,59811,6,1.4495895127118643,3,3,3
amazon:Baby_Products,valid,59878,3,0.15304844743114415,2,2,2
amazon:Baby_Products,valid,59909,15,5.133041950807733,9,10,14
amazon:Baby_Products,valid,60037,5,3.5328921560513775,1,1,3
amazon:Baby_Products,valid,60043,2,0.5230392197431144,2,2,2
amazon:Baby_Products,valid,60143,3,0.3020408501059322,1,1,1
amazon:Baby_Products,valid,60160,13,3.2728927353681145,7,11,11
amazon:Baby_Products,valid,60169,5,1.4429809570312502,4,5,5
amazon:Baby_Products,valid,60467,5,0.7344327247748941,3,3,3
amazon:Baby_Products,valid,60582,5,1.512273342326536,1,1,5
amazon:Baby_Products,valid,60617,6,6.3176826089115465,3,5,6
amazon:Baby_Products,valid,60685,4,1.352459199549788,1,1,1
amazon:Baby_Products,valid,60875,5,1.5030520681607522,3,5,5
amazon:Baby_Products,valid,61250,4,0.3352063195180085,2,2,2
amazon:Baby_Products,valid,61287,5,2.251639259467691,3,3,3
amazon:Baby_Products,valid,61508,3,0.6272876804157839,3,3,3
amazon:Baby_Products,valid,61545,3,0.6035540047338454,1,1,1
amazon:Baby_Products,valid,61595,3,1.4492723367981992,2,3,3
amazon:Baby_Products,valid,61778,5,5.7040479757018,1,3,3
amazon:Baby_Products,valid,61827,7,3.968545583951271,1,1,1
amazon:Baby_Products,valid,61999,1,0.30630565578654667,1,1,1
amazon:Baby_Products,valid,62003,5,1.6484132928363346,4,5,5
amazon:Baby_Products,valid,62120,4,1.7303526797537077,2,3,3
amazon:Baby_Products,valid,62168,5,2.8356194964909958,3,4,5
amazon:Baby_Products,valid,62216,4,4.605908410023834,1,1,1
amazon:Baby_Products,valid,62257,3,2.699986137778072,1,2,3
amazon:Baby_Products,valid,62274,6,0.7217833438162077,3,3,3
amazon:Baby_Products,valid,62275,7,2.565807070974576,2,5,5
amazon:Baby_Products,valid,62283,7,0.2380807650291314,7,7,7
amazon:Baby_Products,valid,62320,3,0.6816857289459746,1,1,1
amazon:Baby_Products,valid,62447,3,0.4590231685315148,1,2,2
amazon:Baby_Products,valid,62507,5,1.3520792298397777,2,5,5
amazon:Baby_Products,valid,62557,3,0.683828166379767,2,2,2
amazon:Baby_Products,valid,62986,5,6.663554563360699,3,4,5
amazon:Baby_Products,valid,63344,4,0.2993453720868644,4,4,4
amazon:Baby_Products,valid,63468,6,2.891872186175848,2,6,6
amazon:Baby_Products,valid,63503,11,1.255651027873411,1,4,10
amazon:Baby_Products,valid,63560,5,3.780756753177966,5,5,5
amazon:Baby_Products,valid,63671,8,0.6416714943061441,1,7,7
amazon:Baby_Products,valid,63722,3,2.1510415287341105,3,3,3
amazon:Baby_Products,valid,63740,12,2.3872651698225638,8,10,12
amazon:Baby_Products,valid,63761,6,2.0909856246689618,3,3,3
amazon:Baby_Products,valid,63845,4,2.862698002184852,1,1,1
amazon:Baby_Products,valid,64166,5,1.2328727075609112,2,3,5
amazon:Baby_Products,valid,64496,14,4.505283575542903,3,13,14
amazon:Baby_Products,valid,64598,3,2.009315620034428,2,2,2
amazon:Baby_Products,valid,64635,4,11.546946793895657,1,1,1
amazon:Baby_Products,valid,64789,6,0.6862910901085805,5,5,5
amazon:Baby_Products,valid,64853,4,2.4167652194782834,2,3,3
amazon:Baby_Products,valid,64944,3,0.2032954846398305,2,2,2
amazon:Baby_Products,valid,64977,6,2.321613479872881,3,5,5
amazon:Baby_Products,valid,65041,9,3.531239448159428,6,6,6
amazon:Baby_Products,valid,65185,9,4.758161745233051,9,9,9
amazon:Baby_Products,valid,65377,5,1.2056141998808263,3,3,3
amazon:Baby_Products,valid,65438,6,5.663105385990466,4,4,4
amazon:Baby_Products,valid,65518,5,7.103137620828919,1,4,4
amazon:Baby_Products,valid,65532,4,1.5218393099510064,2,4,4
amazon:Baby_Products,valid,65582,5,16.672243073027012,2,4,4
amazon:Baby_Products,valid,65720,4,0.3752147609904661,1,1,1
amazon:Baby_Products,valid,65957,3,3.045205119504767,1,3,3
amazon:Baby_Products,valid,65967,4,2.2850190760725635,3,4,4
amazon:Baby_Products,valid,65971,3,0.986244330971928,3,3,3
amazon:Baby_Products,valid,66025,5,0.8460194733183264,5,5,5
amazon:Baby_Products,valid,66425,3,3.5049411579713987,2,2,2
amazon:Baby_Products,valid,66480,15,0.838417182534428,3,3,3
amazon:Baby_Products,valid,66529,2,1.774321992518538,1,1,1
amazon:Baby_Products,valid,66632,5,0.549583305746822,5,5,5
amazon:Baby_Products,valid,66697,6,1.4541489423331566,6,6,6
amazon:Baby_Products,valid,66784,6,0.010542737023305104,2,2,2
amazon:Baby_Products,valid,66862,4,3.0163791462526484,2,2,2
amazon:Baby_Products,valid,66873,5,0.9354039079051906,2,5,5
amazon:Baby_Products,valid,66904,8,7.628121068922139,5,5,7
amazon:Baby_Products,valid,67093,3,0.6538050764698093,3,3,3
amazon:Baby_Products,valid,67118,3,0.78800441935911,3,3,3
amazon:Baby_Products,valid,67463,11,2.521228854939089,8,8,9
amazon:Baby_Products,valid,67507,4,2.9703689833818854,2,4,4
amazon:Baby_Products,valid,67614,4,0.2852272163003178,4,4,4
amazon:Baby_Products,valid,67659,3,1.6436285503840042,2,2,2
amazon:Baby_Products,valid,67698,4,4.471924241922669,2,2,3
amazon:Baby_Products,valid,67737,4,1.5898420948093221,3,3,3
amazon:Baby_Products,valid,67945,3,4.86397311970339,2,2,2
amazon:Baby_Products,valid,68009,6,1.2029104459083686,1,5,5
amazon:Baby_Products,valid,68100,3,5.845506571106991,2,2,3
amazon:Baby_Products,valid,68237,3,0.8603525969941738,3,3,3
amazon:Baby_Products,valid,68256,5,1.9564097259004238,3,5,5
amazon:Baby_Products,valid,68269,6,3.869277592028602,4,6,6
amazon:Baby_Products,valid,68562,1,1.0037823175979872,1,1,1
amazon:Baby_Products,valid,68590,2,0.48129862122616524,1,1,1
amazon:Baby_Products,valid,68663,3,0.6376638638771186,2,2,2
amazon:Baby_Products,valid,68756,3,0.9806597176244704,3,3,3
amazon:Baby_Products,valid,68868,3,3.204689155190678,1,1,3
amazon:Baby_Products,valid,69019,12,7.554296047404661,3,8,9
amazon:Baby_Products,valid,69047,8,4.178090240995763,5,7,8
amazon:Baby_Products,valid,69092,10,4.5999196198027015,4,7,8
amazon:Baby_Products,valid,69307,6,7.62335287837659,1,1,1
amazon:Baby_Products,valid,69504,3,1.8341598252118645,3,3,3
amazon:Baby_Products,valid,69674,22,15.578218518273305,13,14,14
amazon:Baby_Products,valid,69677,4,0.5721243130958686,2,4,4
amazon:Baby_Products,valid,69849,7,2.19822998046875,6,6,6
amazon:Baby_Products,valid,69889,3,0.33261718749999997,3,3,3
amazon:Baby_Products,valid,69903,3,0.9223440396583686,3,3,3
amazon:Baby_Products,valid,69962,10,5.318056888903601,8,9,9
amazon:Baby_Products,valid,69970,5,0.6786808337195445,5,5,5
amazon:Baby_Products,valid,69976,5,4.033183262711865,3,4,4
amazon:Baby_Products,valid,70004,3,1.8934727555614408,2,2,2
amazon:Baby_Products,valid,70168,6,0.05406473450741525,3,3,3
amazon:Baby_Products,valid,70212,12,4.527462509931143,4,8,9
amazon:Baby_Products,valid,70281,3,0.3325528419623941,2,2,3
amazon:Baby_Products,valid,70344,4,4.046642031912076,1,4,4
amazon:Baby_Products,valid,70482,46,17.365653345140363,18,36,45
amazon:Baby_Products,valid,70510,2,1.4424467442399365,2,2,2
amazon:Baby_Products,valid,70993,2,6.4514408434851696,1,1,1
amazon:Baby_Products,valid,71031,3,0.08161745233050866,1,1,1
amazon:Baby_Products,valid,71129,4,4.247611146054025,1,3,3
amazon:Baby_Products,valid,71228,11,0.37377019332627115,2,2,2
amazon:Baby_Products,valid,71357,5,2.456816282110699,4,5,5
amazon:Baby_Products,valid,71538,6,16.913434562036546,1,6,6
amazon:Baby_Products,valid,71931,4,1.3495419259798729,2,2,2
amazon:Baby_Products,valid,71934,4,0.574263440148305,1,1,2
amazon:Baby_Products,valid,71945,4,1.2514259467690678,3,3,3
amazon:Baby_Products,valid,71968,8,1.6209706451933263,6,6,6
amazon:Baby_Products,valid,72034,4,2.4558037192134536,1,4,4
amazon:Baby_Products,valid,72215,4,1.8248783434851696,2,3,3
amazon:Baby_Products,valid,72236,5,1.2322466316869705,3,3,3
amazon:Baby_Products,valid,72534,4,2.4056452347060384,1,4,4
amazon:Baby_Products,valid,72740,13,4.459390517412606,9,11,11
amazon:Baby_Products,valid,72876,3,1.660308320643538,3,3,3
amazon:Baby_Products,valid,72981,3,0.0034972110037076176,3,3,3
amazon:Baby_Products,valid,73037,4,2.6250535867981997,3,3,4
amazon:Baby_Products,valid,73163,3,0.5508897684388242,2,2,2
amazon:Baby_Products,valid,73181,4,0.9943624205508474,4,4,4
amazon:Baby_Products,valid,73274,9,0.3517474675582627,5,5,5
amazon:Baby_Products,valid,73342,3,1.1060404114804026,3,3,3
amazon:Baby_Products,valid,73513,4,1.8374685513771185,2,2,2
amazon:Baby_Products,valid,73518,3,0.8037802486096399,1,1,1
amazon:Baby_Products,valid,73593,3,0.7650858216366525,2,2,2
amazon:Baby_Products,valid,73636,3,10.18354099079714,2,3,3
amazon:Baby_Products,valid,73732,6,4.030425301244703,1,4,6
amazon:Baby_Products,valid,73883,4,0.6617311639300848,3,3,3
amazon:Baby_Products,valid,73997,2,0.44437876555879235,1,1,1
amazon:Baby_Products,valid,74086,5,1.2880371093749998,3,3,3
amazon:Baby_Products,valid,74224,2,0.22137802899894068,2,2,2
amazon:Baby_Products,valid,74277,3,0.4172069484904661,3,3,3
amazon:Baby_Products,valid,74388,5,1.9180939237950212,1,1,2
amazon:Baby_Products,valid,74396,49,15.92917914956303,25,35,43
amazon:Baby_Products,valid,74543,4,0.996994587526483,4,4,4
amazon:Baby_Products,valid,74677,4,1.291050590903072,2,4,4
amazon:Baby_Products,valid,74737,4,3.0115099890757415,2,4,4
amazon:Baby_Products,valid,74982,3,0.6971764516022245,2,2,2
amazon:Baby_Products,valid,75085,10,2.3368188890360173,2,9,9
amazon:Baby_Products,valid,75095,2,1.8489522643008476,1,2,2
amazon:Baby_Products,valid,75120,2,2.5913950774629235,1,1,1
amazon:Baby_Products,valid,75131,5,2.656893662274894,3,4,4
amazon:Baby_Products,valid,75253,3,5.679512049788136,2,2,2
amazon:Baby_Products,valid,75375,3,0.17221079680879237,3,3,3
amazon:Baby_Products,valid,75581,4,2.5844223798331565,3,4,4
amazon:Baby_Products,valid,75589,4,1.2568222821769068,1,2,2
amazon:Baby_Products,valid,75605,5,2.244415800450212,2,3,4
amazon:Baby_Products,valid,75705,4,1.3567165568723516,1,2,2
amazon:Baby_Products,valid,75740,6,3.019822770458157,1,3,3
amazon:Baby_Products,valid,75843,3,0.9233354988744704,3,3,3
amazon:Baby_Products,valid,75881,4,0.6860030869306144,2,2,2
amazon:Baby_Products,valid,75904,6,4.757946156647246,1,5,5
amazon:Baby_Products,valid,75921,3,3.067804472325212,2,2,2
amazon:Baby_Products,valid,75986,4,1.8089920302568856,1,4,4
amazon:Baby_Products,valid,76083,4,0.2608052916445975,2,2,2
amazon:Baby_Products,valid,76231,5,0.8396327131885593,1,4,4
amazon:Baby_Products,valid,76326,3,1.1452713271318855,1,1,1
amazon:Baby_Products,valid,76415,4,3.671652376853814,4,4,4
amazon:Baby_Products,valid,76420,3,1.5599768687102755,3,3,3
amazon:Baby_Products,valid,76424,7,1.9725258002846928,5,6,6
amazon:Baby_Products,valid,76575,3,1.2944664906647247,1,1,1
amazon:Baby_Products,valid,76862,5,0.15195664228019068,5,5,5
amazon:Baby_Products,valid,76901,15,5.271095612089513,11,14,14
amazon:Baby_Products,valid,77052,3,1.9570266982256357,2,3,3
amazon:Baby_Products,valid,77139,3,0.9146107819120761,3,3,3
amazon:Baby_Products,valid,77339,2,1.370063393802966,1,1,1
amazon:Baby_Products,valid,77450,5,1.373112668829449,4,4,4
amazon:Baby_Products,valid,77462,3,0.7126386222192796,2,2,2
amazon:Baby_Products,valid,77502,3,0.31017487089512713,3,3,3
amazon:Baby_Products,valid,77524,10,2.020045290154926,9,10,10
amazon:Baby_Products,valid,77599,3,1.12063815876589,1,1,1
amazon:Baby_Products,valid,77615,3,5.708922098450741,3,3,3
amazon:Baby_Products,valid,77687,2,1.5258054571636652,2,2,2
amazon:Baby_Products,valid,77934,3,0.6105555647510593,3,3,3
amazon:Baby_Products,valid,78070,3,0.5368277856859112,1,3,3
amazon:Baby_Products,valid,78206,11,2.5637027029263773,3,5,8
amazon:Baby_Products,valid,78419,7,3.5752300715042376,3,7,7
amazon:Baby_Products,valid,78470,3,2.8440278651350637,3,3,3
amazon:Baby_Products,valid,78477,3,3.4305949582891953,1,3,3
amazon:Baby_Products,valid,78637,4,1.3932853052171612,3,3,3
amazon:Baby_Products,valid,78833,5,2.6640734656382414,4,5,5
amazon:Baby_Products,valid,78844,3,0.8007164906647246,2,2,2
amazon:Baby_Products,valid,79016,12,2.275473384533898,2,8,9
amazon:Baby_Products,valid,79064,7,1.2872593766551907,2,7,7
amazon:Baby_Products,valid,79154,10,3.893899380958686,6,6,9
amazon:Baby_Products,valid,79321,6,1.70024807170286,4,4,4
amazon:Baby_Products,valid,79351,3,5.998423017081569,2,3,3
amazon:Baby_Products,valid,79494,13,10.011941373146186,8,13,13
amazon:Baby_Products,valid,79531,4,5.71716267213983,2,4,4
amazon:Baby_Products,valid,79674,3,2.9307449599443856,2,2,2
amazon:Baby_Products,valid,79713,3,1.2601924572960805,3,3,3
amazon:Baby_Products,valid,79797,6,0.636705715373411,3,4,6
amazon:Baby_Products,valid,79929,14,3.867474675582627,4,7,11
amazon:Baby_Products,valid,79966,3,1.09619140625,3,3,3
amazon:Baby_Products,valid,80155,4,4.203448175979872,4,4,4
amazon:Baby_Products,valid,80162,2,0.07860831567796611,1,1,1
amazon:Baby_Products,valid,80236,8,5.754406324483581,5,6,8
amazon:Baby_Products,valid,80250,3,0.5918355650820974,2,3,3
amazon:Baby_Products,valid,80399,6,2.5953896732653607,5,6,6
amazon:Baby_Products,valid,80567,3,2.33508693889036,1,3,3
amazon:Baby_Products,valid,80575,6,4.486380987652279,4,5,5
amazon:Baby_Products,valid,80598,3,2.7786629369703393,3,3,3
amazon:Baby_Products,valid,80684,3,1.1570556640625,3,3,3
amazon:Baby_Products,valid,80716,5,4.648110392942267,2,4,4
amazon:Baby_Products,valid,80767,5,4.188361319849046,4,5,5
amazon:Baby_Products,valid,80768,4,3.314371399960276,4,4,4
amazon:Baby_Products,valid,80773,7,4.9955287092823095,2,6,7
amazon:Baby_Products,valid,80816,6,2.8963157524496825,3,4,6
amazon:Baby_Products,valid,80889,4,1.1991005073159426,4,4,4
amazon:Baby_Products,valid,80904,5,0.7660516253972456,3,3,5
amazon:Baby_Products,valid,81015,4,2.602717202396716,2,3,3
amazon:Baby_Products,valid,81016,13,0.34080189850370757,11,13,13
amazon:Baby_Products,valid,81134,7,3.5239967475503176,5,6,6
amazon:Baby_Products,valid,81163,2,2.482590290651483,2,2,2
amazon:Baby_Products,valid,81179,8,2.5597399695444913,6,7,8
amazon:Baby_Products,valid,81340,4,0.6768653998940679,4,4,4
amazon:Baby_Products,valid,81407,4,1.5414246639962923,2,3,4
amazon:Baby_Products,valid,81452,5,6.344723148669226,3,5,5
amazon:Baby_Products,valid,81496,3,0.133387885659428,3,3,3
amazon:Baby_Products,valid,81611,8,4.178463486493644,5,7,7
amazon:Baby_Products,valid,81654,3,0.6140651896848517,2,2,3
amazon:Baby_Products,valid,81694,4,0.8515761553230934,4,4,4
amazon:Baby_Products,valid,81709,3,1.4555564751059322,3,3,3
amazon:Baby_Products,valid,81717,3,1.4440255892478815,2,2,2
amazon:Baby_Products,valid,81755,11,0.8926388498079978,6,6,6
amazon:Baby_Products,valid,81802,10,3.0290181822695974,3,7,7
amazon:Baby_Products,valid,82047,4,1.3155279644465043,4,4,4
amazon:Baby_Products,valid,82169,3,4.025845595537606,1,1,1
amazon:Baby_Products,valid,82297,4,0.9973411430746822,2,3,4
amazon:Baby_Products,valid,82306,4,1.0172907425185382,2,2,2
amazon:Baby_Products,valid,82405,34,25.944230419094282,16,28,31
amazon:Baby_Products,valid,82425,3,0.20515633275953393,3,3,3
amazon:Baby_Products,valid,82572,10,2.77805568889036,1,8,10
amazon:Baby_Products,valid,82673,10,3.0518118130958682,5,8,8
amazon:Baby_Products,valid,82852,5,1.4197805630958684,5,5,5
amazon:Baby_Products,valid,82964,4,1.2167503227621823,1,1,1
amazon:Baby_Products,valid,83077,3,1.9799426062632417,2,3,3
amazon:Baby_Products,valid,83095,5,2.006256620762712,4,5,5
amazon:Baby_Products,valid,83201,12,12.423325774629234,1,1,7
amazon:Baby_Products,valid,83223,6,1.0816410387976694,3,3,3
amazon:Baby_Products,valid,83240,3,0.9042828058792372,2,3,3
amazon:Baby_Products,valid,83247,2,11.308542852886651,1,1,1
amazon:Baby_Products,valid,83321,4,0.3228569418697034,1,2,2
amazon:Baby_Products,valid,83348,2,5.246952069815943,1,1,1
amazon:Baby_Products,valid,83461,4,12.641415456998146,1,1,1
amazon:Baby_Products,valid,83554,2,0.7401379601430084,1,2,2
amazon:Baby_Products,valid,83569,3,1.2397601628707626,3,3,3
amazon:Baby_Products,valid,83588,3,0.8265227754237289,1,1,1
amazon:Baby_Products,valid,83593,7,3.2186779992055086,6,6,6
amazon:Baby_Products,valid,83613,31,8.988101454912606,17,26,28
amazon:Baby_Products,valid,83746,4,4.052438923463983,2,4,4
amazon:Baby_Products,valid,83853,13,16.75837960970604,1,7,9
amazon:Baby_Products,valid,83922,4,3.6252079333289196,3,3,4
amazon:Baby_Products,valid,84019,3,0.23411844544491522,3,3,3
amazon:Baby_Products,valid,84088,3,2.1003951767743643,2,2,3
amazon:Baby_Products,valid,84191,4,1.6734354310116526,3,3,3
amazon:Baby_Products,valid,84235,4,3.1632001456567798,1,2,4
amazon:Baby_Products,valid,85025,4,0.8395677469544491,3,3,3
amazon:Baby_Products,valid,85093,3,7.466576113943327,1,2,2
amazon:Baby_Products,valid,85177,5,1.3731524968551378,3,3,3
amazon:Baby_Products,valid,85329,4,4.3997140658103815,1,4,4
amazon:Baby_Products,valid,85544,4,2.6153605832891946,4,4,4
amazon:Baby_Products,valid,85563,5,3.2764996027542375,3,4,4
amazon:Baby_Products,valid,85697,21,4.92063340009269,10,11,16
amazon:Baby_Products,valid,85783,5,0.4387240135063559,1,1,1
amazon:Baby_Products,valid,86135,5,0.2909603830111228,5,5,5
amazon:Baby_Products,valid,86218,6,7.8146205061573095,3,6,6
amazon:Baby_Products,valid,86267,8,1.7760450460143007,5,7,7
amazon:Baby_Products,valid,86637,14,5.970521467823094,12,13,14
amazon:Baby_Products,valid,86646,4,0.2933444782838983,1,1,1
amazon:Baby_Products,valid,86678,4,4.42334067134534,1,3,4
amazon:Baby_Products,valid,86701,4,1.323961574748411,2,3,3
amazon:Baby_Products,valid,86779,2,0.8267803644729873,2,2,2
amazon:Baby_Products,valid,87044,5,2.1274745100635597,1,5,5
amazon:Baby_Products,valid,87093,6,0.20729028734110172,4,4,4
amazon:Baby_Products,valid,87096,7,3.7247734457759534,7,7,7
amazon:Baby_Products,valid,87445,6,3.929997434454449,3,4,6
amazon:Baby_Products,valid,87520,3,1.5784485897775422,2,2,3
amazon:Baby_Products,valid,87790,8,6.0711595438294506,3,6,8
amazon:Baby_Products,valid,87799,5,2.3920232223252116,5,5,5
amazon:Baby_Products,valid,87834,10,6.102936515161547,4,7,10
amazon:Baby_Products,valid,87876,4,5.341296800516419,4,4,4
amazon:Baby_Products,valid,88121,6,1.2290818036612818,4,4,4
amazon:Baby_Products,valid,88143,6,1.28614108845339,6,6,6
amazon:Baby_Products,valid,88262,12,4.9071398718882415,9,10,10
amazon:Baby_Products,valid,88348,5,1.182101388704979,2,5,5
amazon:Baby_Products,valid,88449,3,4.068879932468221,1,2,3
amazon:Baby_Products,valid,88490,6,1.768499238612288,2,5,5
amazon:Baby_Products,valid,88492,3,0.062497517213983056,2,2,2
amazon:Baby_Products,valid,88613,4,0.13840456170550847,4,4,4
amazon:Baby_Products,valid,88623,4,5.730406887248412,2,2,3
amazon:Baby_Products,valid,88773,7,12.20645876092426,1,1,1
amazon:Baby_Products,valid,88831,4,0.1443785586599576,1,2,2
amazon:Baby_Products,valid,88886,3,0.8369883391816737,3,3,3
amazon:Baby_Products,valid,88978,5,3.7992164741128183,4,5,5
amazon:Baby_Products,valid,89005,5,1.4878316588320972,2,2,2
amazon:Baby_Products,valid,89176,8,7.949491546113612,8,8,8
amazon:Baby_Products,valid,89212,3,6.092568400754767,2,2,2
amazon:Baby_Products,valid,89311,6,1.2680904065148304,1,2,2
amazon:Baby_Products,valid,89329,6,1.7573800814353813,3,6,6
amazon:Baby_Products,valid,89426,4,2.4947233555680617,3,4,4
amazon:Baby_Products,valid,89542,9,4.333647957494704,5,5,5
amazon:Baby_Products,valid,89702,3,4.949090886520127,1,1,1
amazon:Baby_Products,valid,89838,8,2.9132152492717163,3,3,5
amazon:Baby_Products,valid,89839,3,0.5998771020921609,3,3,3
amazon:Baby_Products,valid,89865,9,4.361708198159428,5,7,7
amazon:Baby_Products,valid,89965,13,13.158029950675317,8,9,11
amazon:Baby_Products,valid,90001,5,0.9974855584613348,2,5,5
amazon:Baby_Products,valid,90310,3,2.6749809653072036,3,3,3
amazon:Baby_Products,valid,90315,11,2.3388543597722458,3,11,11
amazon:Baby_Products,valid,90364,3,0.7149443028336864,3,3,3
amazon:Baby_Products,valid,90467,5,0.31160909361758476,4,4,5
amazon:Baby_Products,valid,90524,3,10.769471663135594,3,3,3
amazon:Baby_Products,valid,90577,3,0.7815541412870762,3,3,3
amazon:Baby_Products,valid,90579,53,8.953692109706036,28,38,39
amazon:Baby_Products,valid,90857,3,1.1312783451403603,3,3,3
amazon:Baby_Products,valid,91006,3,2.8967587228548735,2,3,3
amazon:Baby_Products,valid,91091,10,5.464144431938559,4,9,9
amazon:Baby_Products,valid,91111,6,0.6850249726893538,3,3,4
amazon:Baby_Products,valid,91278,3,0.2766179488877118,1,1,1
amazon:Baby_Products,valid,91318,12,3.2356654280323096,12,12,12
amazon:Baby_Products,valid,91347,3,0.7304412324549788,3,3,3
amazon:Baby_Products,valid,91356,7,3.3840735483977755,4,7,7
amazon:Baby_Products,valid,91376,6,1.0686924821239407,5,5,5
amazon:Baby_Products,valid,91477,9,10.11594362420551,2,3,4
amazon:Baby_Products,valid,91505,4,0.4884023892677438,4,4,4
amazon:Baby_Products,valid,91676,4,0.16165709414724577,4,4,4
amazon:Baby_Products,valid,91771,3,1.2164400779594808,2,2,2
amazon:Baby_Products,valid,91813,6,2.354534808659958,3,5,5
amazon:Baby_Products,valid,91861,9,2.2003999354475634,4,5,5
amazon:Baby_Products,valid,92053,3,1.7350461798199153,2,2,2
amazon:Baby_Products,valid,92182,9,3.397624387579449,7,7,9
amazon:Baby_Products,valid,92336,4,5.349488339181674,2,2,4
amazon:Baby_Products,valid,92517,8,1.5241835771980932,3,7,7
amazon:Baby_Products,valid,92660,3,12.046140302237818,1,1,1
amazon:Baby_Products,valid,92714,4,0.7924053644729874,2,2,2
amazon:Baby_Products,valid,92778,7,0.7993313029661018,2,7,7
amazon:Baby_Products,valid,92865,4,1.8715892727092163,2,2,2
amazon:Baby_Products,valid,92873,13,4.190385411149364,2,5,8
amazon:Baby_Products,valid,92947,3,3.89182956501589,2,2,3
amazon:Baby_Products,valid,92985,4,1.791872599973517,2,2,4
amazon:Baby_Products,valid,93241,14,7.102113057799258,3,6,10
amazon:Baby_Products,valid,93483,8,1.6519293316340042,6,7,7
amazon:Baby_Products,valid,93624,5,0.4282276218220339,5,5,5
amazon:Baby_Products,valid,93630,3,0.13286256951800857,2,3,3
amazon:Baby_Products,valid,93863,6,0.8928245415121822,1,1,1
amazon:Baby_Products,valid,93864,3,0.719472697629767,1,1,2
amazon:Baby_Products,valid,93926,4,9.871499892412606,3,4,4
amazon:Baby_Products,valid,94006,6,1.477910859706038,5,6,6
amazon:Baby_Products,valid,94027,3,0.9791205971927965,3,3,3
amazon:Baby_Products,valid,94110,3,1.3502760030455507,2,2,2
amazon:Baby_Products,valid,94155,5,1.6319642147775424,4,4,4
amazon:Baby_Products,valid,94220,3,1.6956207792637712,1,2,3
amazon:Baby_Products,valid,94250,14,10.617454606395656,2,7,10
amazon:Baby_Products,valid,94320,6,3.2335436804819917,1,5,5
amazon:Baby_Products,valid,94325,5,1.0864992303363348,3,5,5
amazon:Baby_Products,valid,94421,3,0.9462800624006885,2,3,3
amazon:Baby_Products,valid,94442,16,5.191141005693856,10,10,10
amazon:Baby_Products,valid,94500,3,12.325986286745234,1,1,1
amazon:Baby_Products,valid,94521,5,3.339697265625,3,3,3
amazon:Baby_Products,valid,94657,7,4.227830996755827,2,3,3
amazon:Baby_Products,valid,94758,10,2.638072282176907,3,7,7
amazon:Baby_Products,valid,94956,4,1.8186107570842163,1,2,2
amazon:Baby_Products,valid,94999,10,1.7526238910222456,5,5,5
amazon:Baby_Products,valid,95022,7,4.308750165519068,2,3,4
amazon:Baby_Products,valid,95162,3,0.2009007340770657,3,3,3
amazon:Baby_Products,valid,95359,5,2.0291410801774363,4,5,5
amazon:Baby_Products,valid,95401,6,1.1881420070842161,4,5,5
amazon:Baby_Products,valid,95581,5,3.2027534096927965,5,5,5
amazon:Baby_Products,valid,95682,3,2.215267685712394,2,3,3
amazon:Baby_Products,valid,95869,4,1.6495185464115467,3,3,3
amazon:Baby_Products,valid,95891,4,0.7199800135725636,1,3,3
amazon:Baby_Products,valid,95943,4,3.748830607786017,3,3,3
amazon:Baby_Products,valid,96087,5,0.9174030885858051,3,5,5
amazon:Baby_Products,valid,96195,5,1.0226399049920551,1,1,2
amazon:Baby_Products,valid,96295,3,2.4227323887711862,3,3,3
amazon:Baby_Products,valid,96298,4,2.289776921676377,4,4,4
amazon:Baby_Products,valid,96488,3,1.6537506620762712,1,1,2
amazon:Baby_Products,valid,96644,6,4.715786587989937,6,6,6
amazon:Baby_Products,valid,96723,3,0.5618093716896186,2,2,2
amazon:Baby_Products,valid,97050,10,3.1777405819650424,8,10,10
amazon:Baby_Products,valid,97089,3,1.9335649910619703,1,2,2
amazon:Baby_Products,valid,97164,3,1.9267238810911018,3,3,3
amazon:Baby_Products,valid,97366,5,2.896323407706568,4,5,5
amazon:Baby_Products,valid,97585,10,2.0544158418299787,3,7,9
amazon:Baby_Products,valid,97620,5,1.926124702065678,5,5,5
amazon:Baby_Products,valid,97686,9,5.278906043101165,5,9,9
amazon:Baby_Products,valid,97778,2,1.2225004551774363,2,2,2
amazon:Baby_Products,valid,97872,7,0.7870535123146186,6,6,6
amazon:Baby_Products,valid,97958,16,5.832556979939089,10,11,12
amazon:Baby_Products,valid,97982,3,0.5169618768207098,2,2,2
amazon:Baby_Products,valid,98013,3,3.8677622649629235,2,2,3
amazon:Baby_Products,valid,98086,4,1.0447534593485168,4,4,4
amazon:Baby_Products,valid,98094,11,7.200597316935911,2,4,4
amazon:Baby_Products,valid,98529,3,0.5959536794888771,3,3,3
amazon:Baby_Products,valid,98548,13,25.047302452992586,3,9,9
amazon:Baby_Products,valid,98624,3,3.3521438857256354,3,3,3
amazon:Baby_Products,valid,98729,3,1.1322542869438559,2,2,2
amazon:Baby_Products,valid,98842,6,3.363200559454449,2,4,4
amazon:Baby_Products,valid,98892,2,0.9677339198225635,1,2,2
amazon:Baby_Products,valid,98961,16,1.8980306334414725,5,12,12
amazon:Baby_Products,valid,99079,3,0.18561515161546605,3,3,3
amazon:Baby_Products,valid,99170,9,4.8698062185513775,5,7,9
amazon:Baby_Products,valid,99292,5,1.02882907673464,5,5,5
amazon:Baby_Products,valid,99435,6,4.249005230402542,4,5,6
amazon:Baby_Products,valid,99606,2,1.427451958090572,1,2,2
amazon:Baby_Products,valid,99670,16,25.622540179753706,3,9,11
amazon:Baby_Products,valid,99704,4,2.8715325824284954,2,2,3
amazon:Baby_Products,valid,99791,47,5.855810029627913,15,33,36
amazon:Baby_Products,valid,99794,3,2.903728937698623,3,3,3
amazon:Baby_Products,valid,100035,22,7.182058974443857,7,13,13
amazon:Baby_Products,valid,100291,3,0.15825940148305084,3,3,3
amazon:Baby_Products,valid,100323,7,2.2821775274761653,3,4,6
amazon:Baby_Products,valid,100409,8,11.752805134401484,6,6,6
amazon:Baby_Products,valid,100481,9,3.3859873626191743,4,4,5
amazon:Baby_Products,valid,100630,3,6.027746788930084,1,1,1
amazon:Baby_Products,valid,100683,4,9.977546303959215,2,2,2
amazon:Baby_Products,valid,100778,6,2.934047686043432,3,6,6
amazon:Baby_Products,valid,100935,5,1.1298582949880827,1,1,3
amazon:Baby_Products,valid,101021,5,0.49565543481859115,4,5,5
amazon:Baby_Products,valid,101044,5,0.2834007133871823,1,5,5
amazon:Baby_Products,valid,101078,3,0.2906394829184322,1,3,3
amazon:Baby_Products,valid,101104,5,1.5930308196504237,4,4,4
amazon:Baby_Products,valid,101132,5,0.5853430796477754,3,3,3
amazon:Baby_Products,valid,101180,9,5.358724923861229,5,8,8
amazon:Baby_Products,valid,101186,4,3.5902271335407843,3,4,4
amazon:Baby_Products,valid,101325,16,4.724947033898305,6,10,10
amazon:Baby_Products,valid,101688,3,0.4658840373411017,2,2,2
amazon:Baby_Products,valid,101804,7,4.206197447695974,4,7,7
amazon:Baby_Products,valid,101957,5,0.7875897940942796,4,4,4
amazon:Baby_Products,valid,101984,10,10.153768662274894,2,3,3
amazon:Baby_Products,valid,102009,4,1.2843106544623941,3,3,3
amazon:Baby_Products,valid,102018,10,16.9850389383607,1,2,2
amazon:Baby_Products,valid,102111,3,0.2663903187897246,3,3,3
amazon:Baby_Products,valid,102157,2,1.7878509004237286,1,1,1
amazon:Baby_Products,valid,102190,3,1.6222256935248942,1,1,3
amazon:Baby_Products,valid,102639,7,0.47678326105667374,5,7,7
amazon:Baby_Products,valid,102663,3,1.0027140989141947,1,3,3
amazon:Baby_Products,valid,102798,6,2.383626853813559,3,6,6
amazon:Baby_Products,valid,102962,3,1.172815769001589,1,2,2
amazon:Baby_Products,valid,103286,14,1.7192002118644067,3,4,4
amazon:Baby_Products,valid,103353,8,0.3913731461864407,5,7,7
amazon:Baby_Products,valid,103408,6,13.982306425450213,2,3,5
amazon:Baby_Products,valid,103449,16,6.557120423397775,10,12,14
amazon:Baby_Products,valid,103464,5,0.7459159204515361,1,5,5
amazon:Baby_Products,valid,103491,3,1.301784709348517,1,1,1
amazon:Baby_Products,valid,103534,8,1.0631914559057203,1,2,2
amazon:Baby_Products,valid,103673,6,0.30915527343750004,3,3,5
amazon:Baby_Products,valid,103848,4,0.8335651979608051,1,3,3
amazon:Baby_Products,valid,103885,14,6.690883830442267,13,14,14
amazon:Baby_Products,valid,103891,5,1.297746457891949,1,3,5
amazon:Baby_Products,valid,104014,3,0.5236480195643538,2,2,2
amazon:Baby_Products,valid,104039,11,8.151994297868114,7,9,9
amazon:Baby_Products,valid,104381,9,2.881553520590572,8,9,9
amazon:Baby_Products,valid,104383,3,0.4424386751853814,1,1,1
amazon:Baby_Products,valid,104411,4,6.6706285379700745,3,3,3
amazon:Baby_Products,valid,104498,3,0.8721489340572035,3,3,3
amazon:Baby_Products,valid,104625,4,1.9218414823887713,4,4,4
amazon:Baby_Products,valid,104651,3,3.741541768736759,1,2,2
amazon:Baby_Products,valid,104658,4,1.5743834414724578,2,4,4
amazon:Baby_Products,valid,104694,5,23.85558088916843,3,4,5
amazon:Baby_Products,valid,104778,3,6.41227199748411,3,3,3
amazon:Baby_Products,valid,104854,5,2.67155327231197,3,3,3
amazon:Baby_Products,valid,104946,4,0.3868962692002119,2,4,4
amazon:Baby_Products,valid,104955,3,0.7398690951072564,2,2,2
amazon:Baby_Products,valid,105010,27,5.8562356205309865,6,23,27
amazon:Baby_Products,valid,105091,10,2.3126663466631356,6,9,10
amazon:Baby_Products,valid,105117,2,0.8428330243644068,2,2,2
amazon:Baby_Products,valid,105143,30,18.44647051277807,14,29,30
amazon:Baby_Products,valid,105207,5,0.6331280207229875,3,5,5
amazon:Baby_Products,valid,105368,4,0.5836607852224577,4,4,4
amazon:Baby_Products,valid,105448,3,2.7152134782176907,2,3,3
amazon:Baby_Products,valid,105625,9,0.9840466515492585,3,3,3
amazon:Baby_Products,valid,105704,4,0.465774484408104,4,4,4
amazon:Baby_Products,valid,105734,3,1.2446450443591102,2,3,3
amazon:Baby_Products,valid,105814,2,0.5407677601959747,2,2,2
amazon:Baby_Products,valid,106037,3,1.572332763671875,1,1,1
amazon:Baby_Products,valid,106153,5,1.791977497682733,4,4,4
amazon:Baby_Products,valid,106238,4,1.3957076767743644,4,4,4
amazon:Baby_Products,valid,106383,5,3.2895209878177964,2,5,5
amazon:Baby_Products,valid,106418,4,0.9210618875794492,1,2,2
amazon:Baby_Products,valid,106533,4,1.2271951966366523,2,2,3
amazon:Baby_Products,valid,106846,11,3.972993288201801,7,8,8
amazon:Baby_Products,valid,106865,4,0.19574512546345338,1,1,1
amazon:Baby_Products,valid,106889,2,0.5366055763373941,2,2,2
amazon:Baby_Products,valid,107443,7,2.07690036579714,3,4,4
amazon:Baby_Products,valid,107488,3,0.6201403601694915,3,3,3
amazon:Baby_Products,valid,107521,3,0.3702673960540254,1,1,1
amazon:Baby_Products,valid,107529,4,1.499996689618644,1,1,1
amazon:Baby_Products,valid,107620,3,1.5680566820047668,2,3,3
amazon:Baby_Products,valid,107657,11,8.777490337824418,5,6,8
amazon:Baby_Products,valid,107692,11,8.038213800979872,3,5,5
amazon:Baby_Products,valid,107732,3,0.439415676310911,1,2,2
amazon:Baby_Products,valid,107821,3,4.475827595338983,2,2,3
amazon:Baby_Products,valid,108103,5,2.896169474973517,2,4,5
amazon:Baby_Products,valid,108149,8,2.2312560000662076,4,4,4
amazon:Baby_Products,valid,108205,10,4.327704995365465,8,8,8
amazon:Baby_Products,valid,108258,3,0.7132388357388771,2,2,2
amazon:Baby_Products,valid,108337,3,1.1410193491790255,2,2,2
amazon:Baby_Products,valid,108575,5,1.6436271020921613,5,5,5
amazon:Baby_Products,valid,108702,17,9.983628302105402,6,10,12
amazon:Baby_Products,valid,108843,3,1.2990201271186441,1,3,3
amazon:Baby_Products,valid,109031,3,0.43333678164724554,3,3,3
amazon:Baby_Products,valid,109126,3,0.160219767942267,2,2,2
amazon:Baby_Products,valid,109137,5,0.506807075112553,4,5,5
amazon:Baby_Products,valid,109180,3,0.3090098235566737,1,1,1
amazon:Baby_Products,valid,109193,22,10.11483785338321,6,17,17
amazon:Baby_Products,valid,109265,3,2.7378310381355933,3,3,3
amazon:Baby_Products,valid,109266,13,6.160951569120764,11,12,12
amazon:Baby_Products,valid,109409,4,1.2205458818855932,2,3,4
amazon:Baby_Products,valid,109417,6,2.998341292041843,5,6,6
amazon:Baby_Products,valid,109489,3,1.371754584878178,1,2,2
amazon:Baby_Products,valid,109511,2,0.7175921941207626,2,2,2
amazon:Baby_Products,valid,109557,8,1.8240176443326273,5,6,8
amazon:Baby_Products,valid,109639,9,0.36661066604872883,8,8,8
amazon:Baby_Products,valid,109757,4,1.3822528386520128,2,2,2
amazon:Baby_Products,valid,109906,6,3.9328764317399365,3,6,6
amazon:Baby_Products,valid,110135,16,0.3591213420286017,10,10,10
amazon:Baby_Products,valid,110188,3,0.14088341664459744,2,2,2
amazon:Baby_Products,valid,110200,14,7.627778030654133,11,14,14
amazon:Baby_Products,valid,110274,3,1.1297237072960804,2,3,3
amazon:Baby_Products,valid,110296,11,2.235533012778072,9,11,11
amazon:Baby_Products,valid,110343,3,1.1189604161149365,2,2,2
amazon:Baby_Products,valid,110367,4,0.07917977025953388,3,3,3
amazon:Baby_Products,valid,110445,5,0.26678487486758473,3,3,3
amazon:Baby_Products,valid,110503,6,2.2240826105667373,1,1,2
amazon:Baby_Products,valid,110635,5,2.1820314568988346,5,5,5
amazon:Baby_Products,valid,110668,10,3.563836152674788,7,9,9
amazon:Baby_Products,valid,110827,17,7.773095496226166,8,8,8
amazon:Baby_Products,valid,111012,12,2.6586750612420547,1,2,2
amazon:Baby_Products,valid,111098,6,0.6657474841101695,3,3,3
amazon:Baby_Products,valid,111105,4,0.17550524695444913,1,1,1
amazon:Baby_Products,valid,111161,3,1.4262608414989408,3,3,3
amazon:Baby_Products,valid,111190,5,0.3931295103945974,1,4,4
amazon:Baby_Products,valid,111257,5,0.8877292439088982,5,5,5
amazon:Baby_Products,valid,111267,3,0.4875914492849578,2,2,3
amazon:Baby_Products,valid,111282,8,5.152005677304025,3,4,4
amazon:Baby_Products,valid,111469,7,16.170951817399366,7,7,7
amazon:Baby_Products,valid,111478,9,3.1670581882282836,5,7,7
amazon:Baby_Products,valid,111485,7,2.3827665684586865,5,7,7
amazon:Baby_Products,valid,111635,4,1.7895741608183262,1,1,3
amazon:Baby_Products,valid,111729,8,4.263122765492585,5,5,5
amazon:Baby_Products,valid,111811,7,1.4949140128442797,2,2,5
amazon:Baby_Products,valid,111859,3,2.985102456302966,3,3,3
amazon:Baby_Products,valid,112084,7,0.47868838552701265,3,3,3
amazon:Baby_Products,valid,112097,5,1.3124945171808793,3,4,5
amazon:Baby_Products,valid,112147,4,3.7853726661811438,2,2,2
amazon:Baby_Products,valid,112218,7,0.2889495332362288,1,1,1
amazon:Baby_Products,valid,112285,3,8.812620415121822,2,3,3
amazon:Baby_Products,valid,112333,4,1.1725966631355933,3,3,3
amazon:Baby_Products,valid,112516,13,2.4134047686043436,8,10,10
amazon:Baby_Products,valid,112828,6,3.0298406051377116,6,6,6
amazon:Baby_Products,valid,112986,5,2.289792645987818,3,4,4
amazon:Baby_Products,valid,113014,3,0.7269345041048729,2,2,2
amazon:Baby_Products,valid,113038,7,6.288499735169491,5,6,7
amazon:Baby_Products,valid,113191,6,1.2141800185381357,2,5,5
amazon:Baby_Products,valid,113374,8,2.950896699549788,8,8,8
amazon:Baby_Products,valid,113509,6,0.22485434322033898,6,6,6
amazon:Baby_Products,valid,113613,7,2.3339758921477753,1,5,5
amazon:Baby_Products,valid,113758,4,2.527775237519862,3,3,4
amazon:Baby_Products,valid,113806,5,0.7756033170021186,1,3,3
amazon:Baby_Products,valid,113828,4,1.891398801641949,1,3,3
amazon:Baby_Products,valid,113883,8,6.975059379965572,6,7,7
amazon:Baby_Products,valid,114004,3,0.8257313873808263,2,3,3
amazon:Baby_Products,valid,114165,3,0.9237502275887182,3,3,3
amazon:Baby_Products,valid,114209,7,2.0694795252913134,3,6,6
amazon:Baby_Products,valid,114291,13,17.521993759931146,8,8,8
amazon:Baby_Products,valid,114522,5,0.38700799457097457,3,4,4
amazon:Baby_Products,valid,114527,23,5.0348063840704445,12,18,19
amazon:Baby_Products,valid,114599,3,0.7601317324880825,3,3,3
amazon:Baby_Products,valid,114642,8,3.831002548993644,4,7,7
amazon:Baby_Products,valid,114944,4,0.9102197679422669,3,3,3
amazon:Baby_Products,valid,115074,5,1.8619223384533898,4,4,5
amazon:Baby_Products,valid,115325,4,1.3813135179422669,1,2,2
amazon:Baby_Products,valid,115486,3,0.8839076155323093,2,2,2
amazon:Baby_Products,valid,115497,6,0.5879597292108051,2,5,5
amazon:Baby_Products,valid,115751,3,0.5947971150026483,1,1,1
amazon:Baby_Products,valid,115810,2,0.44929302668167376,1,1,1
amazon:Baby_Products,valid,115976,5,0.33499962758209745,5,5,5
amazon:Baby_Products,valid,116009,6,1.3337358894994704,5,5,5
amazon:Baby_Products,valid,116103,6,1.4445935265492584,2,5,5
amazon:Baby_Products,valid,116133,5,1.905489026085805,3,4,4
amazon:Baby_Products,valid,116152,25,14.739086086467161,13,21,22
amazon:Baby_Products,valid,116167,3,1.323104806673729,3,3,3
amazon:Baby_Products,valid,116209,3,0.9632127664856993,3,3,3
amazon:Baby_Products,valid,116254,9,1.2310807567531779,3,3,3
amazon:Baby_Products,valid,116462,3,1.273602812168962,2,2,2
amazon:Baby_Products,valid,116545,3,2.2683248228945976,3,3,3
amazon:Baby_Products,valid,116564,10,1.9692866955773305,1,6,6
amazon:Baby_Products,valid,116606,10,10.585155008606993,3,7,10
amazon:Baby_Products,valid,116765,4,2.6138365664724574,3,3,4
amazon:Baby_Products,valid,116892,5,0.06921210854740473,5,5,5
amazon:Baby_Products,valid,116909,3,2.4400512695312497,2,3,3
amazon:Baby_Products,valid,116939,4,0.7225143173993644,3,3,3
amazon:Baby_Products,valid,116940,2,1.3636325642213984,1,1,1
amazon:Baby_Products,valid,117415,11,2.9033325195312503,10,10,10
amazon:Baby_Products,valid,117670,6,2.9044874288268003,3,3,3
amazon:Baby_Products,valid,117684,3,0.7971563824152542,1,2,2
amazon:Baby_Products,valid,117753,21,1.88423244670286,9,13,13
amazon:Baby_Products,valid,117868,2,0.36676687466896185,1,1,1
amazon:Baby_Products,valid,117958,6,3.0527198920815684,4,6,6
amazon:Baby_Products,valid,118107,5,3.615251340704449,3,3,3
amazon:Baby_Products,valid,118172,3,2.1677318508342163,3,3,3
amazon:Baby_Products,valid,118182,5,5.675404073424259,2,2,3
amazon:Baby_Products,valid,118402,5,3.017120257878707,2,3,3
amazon:Baby_Products,valid,118508,6,6.211445022841632,3,6,6
amazon:Baby_Products,valid,118748,5,0.7028777558924788,2,2,2
amazon:Baby_Products,valid,118879,4,0.13283939684851698,4,4,4
amazon:Baby_Products,valid,118901,4,2.6678357140492586,1,3,4
amazon:Baby_Products,valid,119077,3,0.9685433080640891,3,3,3
amazon:Baby_Products,valid,119158,2,0.9880197298728812,2,2,2
amazon:Baby_Products,valid,119343,4,0.7560360666048729,3,4,4
amazon:Baby_Products,valid,119366,4,0.9930610268802965,4,4,4
amazon:Baby_Products,valid,119438,3,2.4305767511917376,1,1,1
amazon:Baby_Products,valid,119548,2,1.9414592161016948,1,1,1
amazon:Baby_Products,valid,119924,3,5.806204792604608,2,3,3
amazon:Baby_Products,valid,119944,3,0.5123311705508475,3,3,3
amazon:Baby_Products,valid,120127,7,4.029456290552171,4,6,6
amazon:Baby_Products,valid,120136,3,0.38349361096398304,1,2,2
amazon:Baby_Products,valid,120196,6,1.5596913483183263,1,1,1
amazon:Baby_Products,valid,120490,4,2.774285578323623,1,1,2
amazon:Baby_Products,valid,120724,4,4.174194749735169,2,3,3
amazon:Baby_Products,valid,120821,6,2.25381252482786,1,4,5
amazon:Baby_Products,valid,120882,5,1.1803301277807203,5,5,5
amazon:Baby_Products,valid,121231,11,6.908563542770127,9,9,9
amazon:Baby_Products,valid,121322,3,7.655709580243645,3,3,3
amazon:Baby_Products,valid,121407,3,2.5793732206700213,3,3,3
amazon:Baby_Products,valid,121411,5,0.3222095036910755,5,5,5
amazon:Baby_Products,valid,121434,22,3.9504264184984113,13,21,21
amazon:Baby_Products,valid,121551,3,0.5557451668432203,3,3,3
amazon:Baby_Products,valid,121553,3,0.6780093435513771,1,1,1
amazon:Baby_Products,valid,121555,5,1.235612048132945,4,4,4
amazon:Baby_Products,valid,121584,3,3.2003662109375,2,3,3
amazon:Baby_Products,valid,121593,3,0.9557900638903603,1,1,1
amazon:Baby_Products,valid,121695,3,1.4460503012447035,1,2,2
amazon:Baby_Products,valid,121746,5,18.472742009567,5,5,5
amazon:Baby_Products,valid,121766,6,5.01850151449947,4,4,6
amazon:Baby_Products,valid,121960,3,0.776376911745233,3,3,3
amazon:Baby_Products,valid,122275,4,2.4414896302304028,1,2,2
amazon:Baby_Products,valid,122454,4,0.3305177850238349,3,3,3
amazon:Baby_Products,valid,122472,3,0.787840141684322,3,3,3
amazon:Baby_Products,valid,122489,6,0.25331741591631357,3,3,3
amazon:Baby_Products,valid,122542,3,1.6953969147245764,2,2,2
amazon:Baby_Products,valid,122548,4,1.2178890939486227,2,2,2
amazon:Baby_Products,valid,122630,14,3.4237412274894075,4,10,10
amazon:Baby_Products,valid,122691,32,5.483288677668167,24,30,31
amazon:Baby_Products,valid,122752,3,1.3364700576006356,3,3,3
amazon:Baby_Products,valid,122885,5,0.6718402409957627,5,5,5
amazon:Baby_Products,valid,122944,7,0.7971445891816737,6,6,6
amazon:Baby_Products,valid,123110,6,0.8411060397907839,3,3,3
amazon:Baby_Products,valid,123212,8,0.8996282027939618,2,6,7
amazon:Baby_Products,valid,123536,3,0.7829265012579449,2,2,2
amazon:Baby_Products,valid,123715,7,3.1929886122881355,5,5,5
amazon:Baby_Products,valid,124008,3,0.05013138076006357,3,3,3
amazon:Baby_Products,valid,124027,10,6.694487387447034,7,9,10
amazon:Baby_Products,valid,124102,11,8.899975172139833,7,9,10
amazon:Baby_Products,valid,124155,8,1.4132891121557203,4,8,8
amazon:Baby_Products,valid,124482,5,2.387690140029131,5,5,5
amazon:Baby_Products,valid,124539,5,1.5865101959745762,2,4,4
amazon:Baby_Products,valid,124555,4,0.3184731693591102,1,1,1
amazon:Baby_Products,valid,124568,7,2.992776127184851,3,3,3
amazon:Baby_Products,valid,124705,3,1.1431725453522246,1,2,2
amazon:Baby_Products,valid,124845,66,25.24308771682998,36,52,56
amazon:Baby_Products,valid,124944,5,1.1577527062367585,2,3,3
amazon:Baby_Products,valid,125083,4,1.7433839959613349,4,4,4
amazon:Baby_Products,valid,125292,10,0.7394485732256356,4,7,7
amazon:Baby_Products,valid,125307,32,11.146596307269597,19,31,32
amazon:Baby_Products,valid,125371,6,1.769487490896451,6,6,6
amazon:Baby_Products,valid,125382,3,0.13117758540783897,3,3,3
amazon:Baby_Products,valid,125400,3,0.04487511586334747,2,2,2
amazon:Baby_Products,valid,125442,14,3.808933270987818,9,11,11
amazon:Baby_Products,valid,125532,17,4.049196818723517,12,17,17
amazon:Baby_Products,valid,125589,3,1.196306235103284,1,3,3
amazon:Baby_Products,valid,125636,13,12.860145284361758,5,11,12
amazon:Baby_Products,valid,125748,4,3.6645861609507415,4,4,4
amazon:Baby_Products,valid,125780,3,3.0826186357918433,2,3,3
amazon:Baby_Products,valid,125784,5,0.9361388125662076,3,3,3
amazon:Baby_Products,valid,125871,14,8.737571793895658,4,8,12
amazon:Baby_Products,valid,125889,2,1.6367820610434323,2,2,2
amazon:Baby_Products,valid,126135,3,1.1253318657309324,3,3,3
amazon:Baby_Products,valid,126142,4,0.813893256753178,2,2,2
amazon:Baby_Products,valid,126151,4,2.781363380561441,2,4,4
amazon:Baby_Products,valid,126168,5,0.629269978151483,2,3,3
amazon:Baby_Products,valid,126178,3,0.17198196669756358,3,3,3
amazon:Baby_Products,valid,126179,4,2.322216176178496,1,2,2
amazon:Baby_Products,valid,126189,16,8.886643231925317,10,14,15
amazon:Baby_Products,valid,126198,3,0.23849973516949152,3,3,3
amazon:Baby_Products,valid,126222,3,0.04563567597987288,1,2,2
amazon:Baby_Products,valid,126224,3,0.7522748526880296,1,3,3
amazon:Baby_Products,valid,126272,8,2.857864017809852,5,5,7
amazon:Baby_Products,valid,126447,4,2.031608452231197,3,3,3
amazon:Baby_Products,valid,126712,4,1.370621296510858,3,3,3
amazon:Baby_Products,valid,126927,5,2.4795509467690677,3,4,5
amazon:Baby_Products,valid,127035,4,1.1778761007018008,3,3,3
amazon:Baby_Products,valid,127076,27,10.603297760527013,20,22,25
amazon:Baby_Products,valid,127141,5,4.670760022179555,1,2,2
amazon:Baby_Products,valid,127265,16,14.594603457693326,4,9,9
amazon:Baby_Products,valid,127341,4,8.141269076072565,1,3,4
amazon:Baby_Products,valid,127821,5,0.6143463652012712,5,5,5
amazon:Baby_Products,valid,127905,13,5.4496408236228815,6,8,12
amazon:Baby_Products,valid,128061,5,2.1581609176377117,2,3,3
amazon:Baby_Products,valid,128099,8,8.010769705045021,2,6,7
amazon:Baby_Products,valid,128137,14,3.4141875703456037,10,11,13
amazon:Baby_Products,valid,128165,4,0.2246772378177966,3,3,3
amazon:Baby_Products,valid,128384,13,7.019520698159428,9,13,13
amazon:Baby_Products,valid,128407,3,0.5387295997748941,1,2,3
amazon:Baby_Products,valid,128419,6,1.302259955971928,3,4,4
amazon:Baby_Products,valid,128588,3,2.4549999172404657,1,2,3
amazon:Baby_Products,valid,128709,4,0.25044855667372884,1,3,3
amazon:Baby_Products,valid,128965,5,3.0320014565677966,4,5,5
amazon:Baby_Products,valid,129151,4,2.0395267809851694,1,2,2
amazon:Baby_Products,valid,129368,5,2.9366630942134533,1,2,3
amazon:Baby_Products,valid,129379,3,1.0101636983580509,2,2,2
amazon:Baby_Products,valid,129427,8,3.052999619306144,5,7,8
amazon:Baby_Products,valid,129430,3,0.6189916578389831,1,1,1
amazon:Baby_Products,valid,129591,4,0.22007166975635595,3,3,3
amazon:Baby_Products,valid,130010,11,16.357313046212923,1,4,4
amazon:Baby_Products,valid,130042,4,4.153565280720338,4,4,4
amazon:Baby_Products,valid,130054,5,2.4494093038268003,3,5,5
amazon:Baby_Products,valid,130056,2,0.3692031084480932,2,2,2
amazon:Baby_Products,valid,130082,3,0.31286300400556144,3,3,3
amazon:Baby_Products,valid,130165,5,1.8593845173463985,3,3,5
amazon:Baby_Products,valid,130212,4,1.3623913781117583,4,4,4
amazon:Baby_Products,valid,130379,6,2.8061260675979876,1,5,5
amazon:Baby_Products,valid,130398,9,4.353301484706038,5,8,9
amazon:Baby_Products,valid,130419,5,1.2629677982653602,1,3,5
amazon:Baby_Products,valid,130430,3,0.49882957329184324,2,2,2
amazon:Baby_Products,valid,130547,8,0.28302301956435383,4,4,4
amazon:Baby_Products,valid,130623,4,1.044342558262712,2,3,3
amazon:Baby_Products,valid,130699,1,2.006826213254767,1,1,1
amazon:Baby_Products,valid,130709,6,2.9254675913665253,1,4,4
amazon:Baby_Products,valid,130719,6,1.2620785470736227,3,4,4
amazon:Baby_Products,valid,130817,4,1.8643306408898306,3,4,4
amazon:Baby_Products,valid,130902,14,0.9755311093087923,11,12,12
amazon:Baby_Products,valid,130955,5,4.188164559057204,2,5,5
amazon:Baby_Products,valid,130963,2,0.826172702595339,1,2,2
amazon:Baby_Products,valid,130977,2,2.172690595206568,2,2,2
amazon:Baby_Products,valid,131013,3,1.8294646699549788,2,3,3
amazon:Baby_Products,valid,131042,10,6.954513291181144,5,9,10
amazon:Baby_Products,valid,131107,19,9.927822100105931,16,17,19
amazon:Baby_Products,valid,131192,12,6.094041520458157,6,11,12
amazon:Baby_Products,valid,131201,3,0.6426724708686442,2,2,2
amazon:Baby_Products,valid,131291,5,1.631906490002648,1,4,5
amazon:Baby_Products,valid,131313,5,1.5532855534957628,1,3,4
amazon:Baby_Products,valid,131453,3,2.1160976603879766,1,3,3
amazon:Baby_Products,valid,131567,4,1.5107028767213984,2,4,4
amazon:Baby_Products,valid,131640,6,3.931275655455509,4,4,4
amazon:Baby_Products,valid,131939,3,2.215065131753178,1,3,3
amazon:Baby_Products,valid,132214,3,0.14293957726430084,3,3,3
amazon:Baby_Products,valid,132234,9,13.838578770524364,4,8,8
amazon:Baby_Products,valid,132301,4,1.6333148503707628,1,4,4
amazon:Baby_Products,valid,132412,3,31.729513291181142,2,3,3
amazon:Baby_Products,valid,132442,8,5.794909254171081,5,6,7
amazon:Baby_Products,valid,132521,12,2.963470976231462,9,10,10
amazon:Baby_Products,valid,132696,7,1.621728929422669,6,7,7
amazon:Baby_Products,valid,132903,9,7.519674837791312,3,7,8
amazon:Baby_Products,valid,132953,4,0.20432439254502116,4,4,4
amazon:Baby_Products,valid,132971,7,2.72178127482786,2,5,6
amazon:Baby_Products,valid,133041,4,0.9398858539128707,4,4,4
amazon:Baby_Products,valid,133199,12,18.748813435182733,1,6,8
amazon:Baby_Products,valid,133297,4,3.9342518951933263,2,4,4
amazon:Baby_Products,valid,133464,4,1.1660752118644067,3,3,3
amazon:Baby_Products,valid,133510,5,2.519072555283369,3,3,5
amazon:Baby_Products,valid,133513,9,4.102772340936175,7,9,9
amazon:Baby_Products,valid,133638,5,0.21549299854343218,5,5,5
amazon:Baby_Products,valid,133745,4,0.16520251257944915,1,1,1
amazon:Baby_Products,valid,133789,4,0.4094910702462924,3,3,3
amazon:Baby_Products,valid,133797,4,2.0358150158898307,2,2,2
amazon:Baby_Products,valid,133886,3,6.54960151284428,1,3,3
amazon:Baby_Products,valid,134020,4,4.143833794028072,2,2,2
amazon:Baby_Products,valid,134129,4,2.5380915237685384,3,4,4
amazon:Baby_Products,valid,134264,5,1.374771376787606,3,5,5
amazon:Baby_Products,valid,134303,9,1.90908834166446,4,5,6
amazon:Baby_Products,valid,134450,3,0.3415808726165254,3,3,3
amazon:Baby_Products,valid,134565,3,1.515803346795551,2,2,3
amazon:Baby_Products,valid,134587,2,2.0904309288930083,2,2,2
amazon:Baby_Products,valid,135091,39,14.60277451337394,15,32,37
amazon:Baby_Products,valid,135164,8,1.190674655720339,1,6,6
amazon:Baby_Products,valid,135227,4,5.100592144465042,3,4,4
amazon:Baby_Products,valid,135320,6,2.7306857868776486,2,4,4
amazon:Baby_Products,valid,135327,3,4.9616657838983045,2,3,3
amazon:Baby_Products,valid,135349,3,0.8409434173066737,3,3,3
amazon:Baby_Products,valid,135433,6,1.7880391783633476,2,4,4
amazon:Baby_Products,valid,135516,3,2.791543113579184,3,3,3
amazon:Baby_Products,valid,135586,5,2.0738072282176905,4,5,5
amazon:Baby_Products,valid,135644,8,13.180502267611228,8,8,8
amazon:Baby_Products,valid,135652,3,1.6222987288135595,3,3,3
amazon:Baby_Products,valid,135768,3,0.387230617717161,2,2,2
amazon:Baby_Products,valid,135777,5,2.1376477257680087,3,4,4
amazon:Baby_Products,valid,135794,4,1.7525086483712924,1,2,2
amazon:Baby_Products,valid,136095,5,0.9055562682070973,4,4,4
amazon:Baby_Products,valid,136232,5,1.9009893902277541,2,4,4
amazon:Baby_Products,valid,136248,5,4.141127557269598,2,4,5
amazon:Baby_Products,valid,136361,3,0.10869875115863353,3,3,3
amazon:Baby_Products,valid,136650,4,0.7361959166445975,1,1,3
amazon:Baby_Products,valid,136871,3,0.03099116955773304,3,3,3
amazon:Baby_Products,valid,136971,13,3.0872975494902013,11,13,13
amazon:Baby_Products,valid,136974,6,0.11605348748675848,6,6,6
amazon:Baby_Products,valid,137090,26,8.373487983315677,16,19,20
amazon:Baby_Products,valid,137203,18,7.582053388175318,3,7,17
amazon:Baby_Products,valid,137221,8,8.896622997219279,5,7,8
amazon:Baby_Products,valid,137325,9,2.62093898967161,5,7,8
amazon:Baby_Products,valid,137425,7,3.4047518455376062,5,5,6
amazon:Baby_Products,valid,137499,5,1.4374075162208686,5,5,5
amazon:Baby_Products,valid,137740,3,1.3619533732786016,2,3,3
amazon:Baby_Products,valid,137774,7,7.086841441009005,6,6,6
amazon:Baby_Products,valid,138368,4,0.20707283666578388,4,4,4
amazon:Baby_Products,valid,138545,4,0.8823202876721398,3,3,3
amazon:Baby_Products,valid,138718,5,2.5174437442068327,2,3,4
amazon:Baby_Products,valid,138741,9,2.6797255693855933,5,6,6
amazon:Baby_Products,valid,139018,6,6.715231478416313,6,6,6
amazon:Baby_Products,valid,139111,3,0.7869581319518009,2,3,3
amazon:Baby_Products,valid,139127,3,2.483592922404661,1,3,3
amazon:Baby_Products,valid,139350,3,8.80464777542373,2,3,3
amazon:Baby_Products,valid,139475,14,8.444617733712924,7,10,13
amazon:Baby_Products,valid,139494,4,0.9519167108050848,1,1,1
amazon:Baby_Products,valid,139730,4,0.06517106395656777,1,1,1
amazon:Baby_Products,valid,139809,4,0.16913379733845346,1,1,1
amazon:Baby_Products,valid,140287,3,0.17966463767876056,2,2,2
amazon:Baby_Products,valid,140372,3,0.35428487486758475,1,2,3
amazon:Baby_Products,valid,140476,4,1.8674444683527542,4,4,4
amazon:Baby_Products,valid,140483,4,0.059993006819385686,4,4,4
amazon:Baby_Products,valid,140492,4,2.537853590108581,2,3,4
amazon:Baby_Products,valid,140591,26,6.184864832991261,8,19,21
amazon:Baby_Products,valid,140621,2,2.067383433196504,2,2,2
amazon:Baby_Products,valid,140646,4,6.030822133209746,2,4,4
amazon:Baby_Products,valid,140678,5,10.448199359441208,3,4,5
amazon:Baby_Products,valid,140693,2,4.296908517611229,1,1,1
amazon:Baby_Products,valid,140723,8,3.805450956700212,5,6,6
amazon:Baby_Products,valid,140921,12,2.7756984904661017,8,10,11
amazon:Baby_Products,valid,140998,7,8.98419148073358,5,5,5
amazon:Baby_Products,valid,141021,6,5.249554546808792,2,2,4
amazon:Baby_Products,valid,141250,14,7.660043903932732,7,12,12
amazon:Baby_Products,valid,141495,3,1.3565864175052966,3,3,3
amazon:Baby_Products,valid,141893,5,4.748311912407309,1,2,3
amazon:Baby_Products,valid,141976,6,1.404310038938361,2,4,4
amazon:Baby_Products,valid,142027,4,1.9170120497881356,3,3,3
amazon:Baby_Products,valid,142170,3,1.350722490730932,2,3,3
amazon:Baby_Products,valid,142228,3,0.613819186970339,3,3,3
amazon:Baby_Products,valid,142247,2,0.7341875496557203,1,1,1
amazon:Baby_Products,valid,142265,4,4.268169855667373,3,3,3
amazon:Baby_Products,valid,142303,4,1.4934030306541315,2,2,2
amazon:Baby_Products,valid,142424,11,6.164780645855403,8,10,10
amazon:Baby_Products,valid,142468,4,2.185292803230932,3,4,4
amazon:Baby_Products,valid,142483,4,3.278866939221398,3,4,4
amazon:Baby_Products,valid,142749,3,1.3010396666445974,1,1,1
amazon:Baby_Products,valid,142872,3,0.6319180763373939,3,3,3
amazon:Baby_Products,valid,143325,8,2.457086491988877,2,2,2
amazon:Baby_Products,valid,143507,5,1.9963832014698093,1,3,5
amazon:Baby_Products,valid,143616,9,3.8388082213320973,3,3,4
amazon:Baby_Products,valid,143815,6,3.339141949152542,2,4,4
amazon:Baby_Products,valid,143829,7,6.7555397163003175,7,7,7
amazon:Baby_Products,valid,143861,11,7.230731304621292,5,9,10
amazon:Baby_Products,valid,144008,7,3.254544222556939,3,7,7
amazon:Baby_Products,valid,144093,21,8.9835252664857,10,17,20
amazon:Baby_Products,valid,144204,17,3.2669028072033894,4,13,13
amazon:Baby_Products,valid,144256,6,1.4444762149099577,1,6,6
amazon:Baby_Products,valid,144393,7,8.679959985765361,3,3,3
amazon:Baby_Products,valid,144483,6,2.79718017578125,3,6,6
amazon:Baby_Products,valid,144508,4,12.139297123278602,1,1,1
amazon:Baby_Products,valid,144581,5,1.7143349857653605,1,4,4
amazon:Baby_Products,valid,145077,2,0.6002780720338984,1,1,1
amazon:Baby_Products,valid,145157,3,0.6902931342690678,2,2,2
amazon:Baby_Products,valid,145388,4,7.24119086831303,3,3,4
amazon:Baby_Products,valid,145484,3,1.6220773470603813,1,1,1
amazon:Baby_Products,valid,145526,7,0.9508383540783899,5,5,5
amazon:Baby_Products,valid,145677,6,7.203441762115996,3,4,5
amazon:Baby_Products,valid,145706,6,3.7495460639565676,4,6,6
amazon:Baby_Products,valid,145837,3,0.8024380958686441,2,2,3
amazon:Baby_Products,valid,145878,5,3.278433693061441,2,3,3
amazon:Baby_Products,valid,145904,8,7.056982835672669,4,6,6
amazon:Baby_Products,valid,146093,3,1.3553926112288135,1,1,1
amazon:Baby_Products,valid,146142,4,3.620240706104343,1,1,3
amazon:Baby_Products,valid,146287,5,0.7725718352754238,5,5,5
amazon:Baby_Products,valid,146437,3,1.325594006554555,3,3,3
amazon:Baby_Products,valid,146449,6,2.1913985947431143,4,4,5
amazon:Baby_Products,valid,146575,8,2.331581245034428,5,6,6
amazon:Baby_Products,valid,146589,9,0.43077061539989414,8,8,8
amazon:Baby_Products,valid,146670,4,1.2656167240466103,3,4,4
amazon:Baby_Products,valid,146688,6,2.1962975453522247,4,6,6
amazon:Baby_Products,valid,146735,4,2.333438162076271,4,4,4
amazon:Baby_Products,valid,146832,12,7.62917087360964,10,11,12
amazon:Baby_Products,valid,147018,12,3.227550028138242,9,12,12
amazon:Baby_Products,valid,147087,8,1.896812102754237,5,7,7
amazon:Baby_Products,valid,147117,3,0.3965236857786017,2,3,3
amazon:Baby_Products,valid,147904,3,2.544057037870763,2,2,2
amazon:Baby_Products,valid,148075,6,1.0397014036016947,5,6,6
amazon:Baby_Products,valid,148084,6,3.300127656581038,2,3,6
amazon:Baby_Products,valid,148160,3,2.488930705442267,2,3,3
amazon:Baby_Products,valid,148182,4,4.656381173861229,1,2,2
amazon:Baby_Products,valid,148262,20,3.09484904661017,10,14,15
amazon:Baby_Products,valid,148278,3,3.855181988215042,2,3,3
amazon:Baby_Products,valid,148383,3,2.0574117369570972,3,3,3
amazon:Baby_Products,valid,148432,6,6.627786513506356,1,2,2
amazon:Baby_Products,valid,148629,4,1.4360130180746822,3,4,4
amazon:Baby_Products,valid,148695,20,6.335131835937499,10,16,18
amazon:Baby_Products,valid,148732,3,0.06447526317531777,1,1,1
amazon:Baby_Products,valid,148863,6,2.4545192912473515,6,6,6
amazon:Baby_Products,valid,148913,5,1.6408734855005298,2,2,2
amazon:Baby_Products,valid,149117,7,5.518960002317267,3,6,6
amazon:Baby_Products,valid,149120,3,0.9386441505561441,1,2,2
amazon:Baby_Products,valid,149121,10,3.805161919028072,5,8,9
amazon:Baby_Products,valid,149162,3,1.1651832709878178,2,3,3
amazon:Baby_Products,valid,149293,5,0.7450085656117585,3,3,3
amazon:Baby_Products,valid,149352,3,0.6141632597325213,3,3,3
amazon:Baby_Products,valid,149476,3,0.8854330806408899,1,3,3
amazon:Baby_Products,valid,149683,5,0.6657623808262713,3,3,3
amazon:Baby_Products,valid,149767,3,2.444117659229343,1,1,3
amazon:Baby_Products,valid,149837,8,1.6256691108315677,6,6,8
amazon:Baby_Products,valid,149980,4,0.38096220372086864,1,3,3
amazon:Baby_Products,valid,150242,5,1.332489530918962,2,2,2
amazon:Baby_Products,valid,150254,8,0.4775506488347458,8,8,8
amazon:Baby_Products,valid,150351,6,1.1319476628707628,2,2,2
amazon:Baby_Products,valid,150439,14,6.466774943723517,6,12,13
amazon:Baby_Products,valid,151123,14,2.753539314916578,5,7,7
amazon:Baby_Products,valid,151170,3,0.36454922950873947,1,1,1
amazon:Baby_Products,valid,151223,3,2.448462741657839,2,2,2
amazon:Baby_Products,valid,151255,3,2.3264892578125,2,2,2
amazon:Baby_Products,valid,151443,3,0.219408352092161,3,3,3
amazon:Baby_Products,valid,151444,3,2.908161331435381,3,3,3
amazon:Baby_Products,valid,151521,4,4.725860906051377,2,3,4
amazon:Baby_Products,valid,151597,5,1.3224824549788137,3,3,3
amazon:Baby_Products,valid,151666,8,1.6053266105005295,6,6,6
amazon:Baby_Products,valid,151800,8,0.8001144150556145,4,4,4
amazon:Baby_Products,valid,151865,4,1.3719815528998942,3,3,3
amazon:Baby_Products,valid,151914,3,1.4770331948490465,3,3,3
amazon:Baby_Products,valid,151980,4,1.8610539840439617,4,4,4
amazon:Baby_Products,valid,152001,13,4.244921254303495,5,11,11
amazon:Baby_Products,valid,152072,4,3.347740664724576,1,1,3
amazon:Baby_Products,valid,152142,8,2.434986799854343,7,8,8
amazon:Baby_Products,valid,152460,6,1.6221278303760593,4,4,4
amazon:Baby_Products,valid,152507,3,2.792705988479873,2,3,3
amazon:Baby_Products,valid,152538,4,0.9268422272245762,1,4,4
amazon:Baby_Products,valid,152540,4,5.22885855981859,1,2,4
amazon:Baby_Products,valid,152551,6,3.452900100966631,1,2,5
amazon:Baby_Products,valid,152570,3,1.439377400026483,3,3,3
amazon:Baby_Products,valid,152819,6,3.191118246822034,5,6,6
amazon:Baby_Products,valid,152848,3,0.7797570180084745,3,3,3
amazon:Baby_Products,valid,152926,12,3.818699309785488,10,11,12
amazon:Baby_Products,valid,153030,3,0.09706079515360166,1,1,1
amazon:Baby_Products,valid,153056,5,0.5329997434454448,1,1,4
amazon:Baby_Products,valid,153208,3,0.9082842293432203,2,2,2
amazon:Baby_Products,valid,153341,3,0.6237265376721399,3,3,3
amazon:Baby_Products,valid,153416,4,1.4875674490201272,3,4,4
amazon:Baby_Products,valid,153492,3,3.997325522212659,2,3,3
amazon:Baby_Products,valid,153691,5,2.619512629104873,3,5,5
amazon:Baby_Products,valid,153700,7,2.4334135411149367,5,5,7
amazon:Baby_Products,valid,153718,3,1.102717409295551,3,3,3
amazon:Baby_Products,valid,154076,6,1.0322292521848517,2,5,5
amazon:Baby_Products,valid,154262,5,2.8161598334878177,2,3,3
amazon:Baby_Products,valid,154398,8,1.4418028750662075,2,6,6
amazon:Baby_Products,valid,154473,11,2.398495224774894,6,10,10
amazon:Baby_Products,valid,154956,5,2.436290676310911,1,4,5
amazon:Baby_Products,valid,154980,8,2.5367861990201277,4,5,7
amazon:Baby_Products,valid,154988,9,2.8871538582494707,3,4,4
amazon:Baby_Products,valid,155017,8,1.863205731925318,7,7,7
amazon:Baby_Products,valid,155064,6,1.728606660487288,2,5,6
amazon:Baby_Products,valid,155462,15,7.128317622815149,6,8,13
amazon:Baby_Products,valid,155468,6,0.2955421577065678,3,3,3
amazon:Baby_Products,valid,155484,3,1.4603494935116528,1,1,1
amazon:Baby_Products,valid,155520,4,3.430690649000265,3,3,3
amazon:Baby_Products,valid,155529,7,0.33414141121557206,3,4,4
amazon:Baby_Products,valid,155559,3,2.974164128707627,1,3,3
amazon:Baby_Products,valid,155683,6,5.528955078125,1,2,4
amazon:Baby_Products,valid,155814,31,10.587282342425848,3,16,22
amazon:Baby_Products,valid,155967,5,9.346405960341631,4,5,5
amazon:Baby_Products,valid,155991,5,2.1790705276747877,5,5,5
amazon:Baby_Products,valid,155998,2,0.2639462228548729,2,2,2
amazon:Baby_Products,valid,156223,9,5.457079664327331,6,9,9
amazon:Baby_Products,valid,156308,9,1.5534807625463452,4,9,9
amazon:Baby_Products,valid,156424,3,2.018594618975106,1,2,2
amazon:Baby_Products,valid,156604,10,0.993123820676642,6,9,10
amazon:Baby_Products,valid,156666,4,1.3240352307335808,2,2,2
amazon:Baby_Products,valid,156681,4,0.41044818425582624,2,3,4
amazon:Baby_Products,valid,156723,3,0.19017902956170551,2,2,2
amazon:Baby_Products,valid,157089,3,0.125684421345339,2,2,2
amazon:Baby_Products,valid,157169,4,1.9977839065810379,1,3,3
amazon:Baby_Products,valid,157303,7,0.8897386453919492,2,4,4
amazon:Baby_Products,valid,157422,3,0.43769407110699154,1,1,1
amazon:Baby_Products,valid,157443,4,0.3340200650489936,4,4,4
amazon:Baby_Products,valid,157507,3,0.8757378012447035,3,3,3
amazon:Baby_Products,valid,157522,7,0.3826217392743644,5,6,6
amazon:Baby_Products,valid,157580,16,1.12500827595339,9,9,13
amazon:Baby_Products,valid,157687,5,1.551298083289195,5,5,5
amazon:Baby_Products,valid,157847,3,0.7112176410222457,1,1,1
amazon:Baby_Products,valid,157853,3,0.5939002085540254,2,2,2
amazon:Baby_Products,valid,158370,13,7.220513191869703,8,12,13
amazon:Baby_Products,valid,158453,4,2.2840075476694914,2,4,4
amazon:Baby_Products,valid,158521,4,3.4604459083686443,3,3,4
amazon:Baby_Products,valid,158580,3,3.419555043365996,2,3,3
amazon:Baby_Products,valid,158621,3,2.3555155091366524,1,2,2
amazon:Baby_Products,valid,158694,3,0.7421437408964513,2,2,2
amazon:Baby_Products,valid,158697,6,1.9792137016684321,2,6,6
amazon:Baby_Products,valid,158731,3,1.1603297346729342,1,1,1
amazon:Baby_Products,valid,158889,4,1.1791737701933263,3,3,3
amazon:Baby_Products,valid,158937,3,0.43427817134533897,1,1,1
amazon:Baby_Products,valid,158944,3,0.32355025986493646,2,3,3
amazon:Baby_Products,valid,158953,3,3.521931276483051,2,3,3
amazon:Baby_Products,valid,159032,4,0.8916708736096397,1,1,1
amazon:Baby_Products,valid,159126,4,1.4802906101032836,1,1,1
amazon:Baby_Products,valid,159137,6,1.2578707420219808,5,6,6
amazon:Baby_Products,valid,159140,2,0.3648807848914195,1,1,1
amazon:Baby_Products,valid,159351,3,0.8051622293763242,1,1,3
amazon:Baby_Products,valid,159744,3,0.8769566422801908,2,3,3
amazon:Baby_Products,valid,159755,3,2.7538847325211866,1,2,2
amazon:Baby_Products,valid,160274,6,6.204316737288136,5,6,6
amazon:Baby_Products,valid,160333,5,0.9345612089512711,1,4,5
amazon:Baby_Products,valid,160490,7,5.288236973649365,4,6,7
amazon:Baby_Products,valid,160519,5,0.5207883673199153,4,4,4
amazon:Baby_Products,valid,160546,3,0.12932418564618653,2,2,2
amazon:Baby_Products,valid,160651,3,1.1622951701536017,1,1,1
amazon:Baby_Products,valid,160842,5,0.6115224030058264,2,4,4
amazon:Baby_Products,valid,160905,35,25.918135510460807,20,26,28
amazon:Baby_Products,valid,160969,3,0.05570958024364406,3,3,3
amazon:Baby_Products,valid,160986,4,2.6497757216631355,2,4,4
amazon:Baby_Products,valid,161239,3,0.49808266849841104,1,1,1
amazon:Baby_Products,valid,161643,5,0.02062802072298725,5,5,5
amazon:Baby_Products,valid,161659,5,6.493864208156779,3,5,5
amazon:Baby_Products,valid,161779,3,1.7009742866128177,1,1,3
amazon:Baby_Products,valid,161911,12,3.743711930614407,5,12,12
amazon:Baby_Products,valid,161923,9,10.052256645590571,4,4,4
amazon:Baby_Products,valid,162026,5,3.14563815876589,5,5,5
amazon:Baby_Products,valid,162346,2,0.7871430995100636,1,1,1
amazon:Baby_Products,valid,162422,4,0.025134898040254233,3,3,3
amazon:Baby_Products,valid,162454,5,2.8632816637976695,4,4,5
amazon:Baby_Products,valid,162468,4,1.2452508441472459,1,1,3
amazon:Baby_Products,valid,162481,7,1.5197083554025421,6,7,7
amazon:Baby_Products,valid,162889,4,0.005791615631620672,3,3,3
amazon:Baby_Products,valid,162965,4,1.061973959712659,1,1,2
amazon:Baby_Products,valid,163024,7,0.9042019084348516,3,6,6
amazon:Baby_Products,valid,163133,10,4.362164616988877,3,6,10
amazon:Baby_Products,valid,163332,3,1.3430953720868644,3,3,3
amazon:Baby_Products,valid,163336,6,1.6328671212923729,6,6,6
amazon:Baby_Products,valid,163399,3,0.09220922437764828,1,1,1
amazon:Baby_Products,valid,163503,7,3.1186367228879766,4,5,5
amazon:Baby_Products,valid,163607,5,2.2916092177568856,1,3,3
amazon:Baby_Products,valid,163752,4,1.9397839562367585,2,2,2
amazon:Baby_Products,valid,163764,3,6.2046559479277015,3,3,3
amazon:Baby_Products,valid,163822,7,2.0724640409825215,2,3,3
amazon:Baby_Products,valid,163836,8,2.2871010990466103,3,7,7
amazon:Baby_Products,valid,164188,8,2.2614822646318857,5,8,8
amazon:Baby_Products,valid,164233,14,3.3403777558924785,8,8,9
amazon:Baby_Products,valid,164261,5,4.889435124801377,1,4,4
amazon:Baby_Products,valid,164269,3,0.39182811672404666,1,1,1
amazon:Baby_Products,valid,164515,6,1.258666164592161,5,6,6
amazon:Baby_Products,valid,164830,5,1.3176348152807202,5,5,5
amazon:Baby_Products,valid,164944,3,2.6474539029396187,2,2,2
amazon:Baby_Products,valid,164959,8,6.556086136122881,3,8,8
amazon:Baby_Products,valid,164987,4,1.2697722871424788,4,4,4
amazon:Baby_Products,valid,165211,11,14.603466589976165,2,8,9
amazon:Baby_Products,valid,165593,4,0.5529352737685381,1,4,4
amazon:Baby_Products,valid,165619,100,34.06851558362023,49,76,87
amazon:Baby_Products,valid,165793,3,1.5308055813029662,1,3,3
amazon:Baby_Products,valid,166059,3,0.5783520714711333,3,3,3
amazon:Baby_Products,valid,166131,11,5.306585693359375,8,9,11
amazon:Baby_Products,valid,166237,10,1.4151172702595338,4,4,4
amazon:Baby_Products,valid,166246,3,4.946957345736228,1,3,3
amazon:Baby_Products,valid,166304,13,3.2132663532838985,7,12,12
amazon:Baby_Products,valid,166349,20,7.727032056905455,10,16,20
amazon:Baby_Products,valid,166389,4,0.4230820478019067,3,3,3
amazon:Baby_Products,valid,166488,2,0.7849036265227753,1,1,1
amazon:Baby_Products,valid,166690,14,1.186345090704449,3,11,12
amazon:Baby_Products,valid,166818,3,1.1606275655455507,2,2,2
amazon:Baby_Products,valid,166914,4,1.3909690727621822,2,2,2
amazon:Baby_Products,valid,167065,6,10.254120183395127,3,3,3
amazon:Baby_Products,valid,167136,8,1.4177106437036546,3,6,6
amazon:Baby_Products,valid,167378,3,0.8118186821371822,1,2,2
amazon:Baby_Products,valid,167655,10,4.714068293167372,10,10,10
amazon:Baby_Products,valid,167676,3,2.913804704051907,2,2,2
amazon:Baby_Products,valid,167718,9,4.137690760725635,4,7,8
amazon:Baby_Products,valid,167913,5,13.704412117650953,2,3,3
amazon:Baby_Products,valid,167970,3,0.6398336119570975,1,1,1
amazon:Baby_Products,valid,168000,5,0.16885386321504237,2,2,2
amazon:Baby_Products,valid,168001,8,1.2047292935646183,6,6,6
amazon:Baby_Products,valid,168054,4,1.2541338387182204,4,4,4
amazon:Baby_Products,valid,168308,4,0.07251597259004237,3,3,3
amazon:Baby_Products,valid,168488,3,1.1317272121623412,3,3,3
amazon:Baby_Products,valid,168505,17,20.309538036281783,9,13,15
amazon:Baby_Products,valid,168515,58,17.987650001655194,28,45,50
amazon:Baby_Products,valid,168575,5,2.273537639036017,3,5,5
amazon:Baby_Products,valid,168582,3,0.11025038896980932,1,1,1
amazon:Baby_Products,valid,168781,4,0.76263427734375,2,3,3
amazon:Baby_Products,valid,168800,5,0.20460474046610172,3,3,3
amazon:Baby_Products,valid,169069,6,1.6043893587791316,5,5,5
amazon:Baby_Products,valid,169170,7,4.674130817995233,2,3,3
amazon:Baby_Products,valid,169383,4,1.654815363479873,4,4,4
amazon:Baby_Products,valid,169432,5,3.5352520441604876,1,1,1
amazon:Baby_Products,valid,169450,5,1.8019912978350108,1,2,2
amazon:Baby_Products,valid,169451,6,1.2296380511784957,4,4,4
amazon:Baby_Products,valid,169557,6,2.811972407971398,4,6,6
amazon:Baby_Products,valid,169575,9,1.4313505528336865,3,8,8
amazon:Baby_Products,valid,169642,6,0.3187671726032839,6,6,6
amazon:Baby_Products,valid,169724,4,0.7367175086069916,4,4,4
amazon:Baby_Products,valid,169921,4,0.5166162523172669,1,1,1
amazon:Baby_Products,valid,170064,3,2.9163096282441736,3,3,3
amazon:Baby_Products,valid,170108,3,2.116741012314619,2,2,3
amazon:Baby_Products,valid,170110,4,4.407031043101165,1,1,1
amazon:Baby_Products,valid,170341,3,0.4428439900026483,2,2,2
amazon:Baby_Products,valid,170408,7,3.4374112403998938,7,7,7
amazon:Baby_Products,valid,170488,4,0.9370679952330507,4,4,4
amazon:Baby_Products,valid,170533,5,0.822652939618644,4,5,5
amazon:Baby_Products,valid,170627,10,3.7630573854608054,7,10,10
amazon:Baby_Products,valid,170644,3,1.480168332891949,1,2,2
amazon:Baby_Products,valid,170971,3,0.02344205177436437,1,1,1
amazon:Baby_Products,valid,171005,7,3.2689895888506357,2,3,7
amazon:Baby_Products,valid,171095,2,0.20934789625264832,2,2,2
amazon:Baby_Products,valid,171149,3,0.9042110119835804,3,3,3
amazon:Baby_Products,valid,171219,3,1.3453236725370763,1,3,3
amazon:Baby_Products,valid,171236,27,8.315195891816737,19,23,23
amazon:Baby_Products,valid,171255,6,10.610525357521187,4,6,6
amazon:Baby_Products,valid,171295,2,0.4963807186837924,2,2,2
amazon:Baby_Products,valid,171451,3,1.8279731362552967,2,2,2
amazon:Baby_Products,valid,171653,5,2.4504533153469277,4,4,4
amazon:Baby_Products,valid,171948,3,0.03238442631091101,1,1,1
amazon:Baby_Products,valid,171957,4,0.6757988364009535,1,1,1
amazon:Baby_Products,valid,172144,6,2.1293870828919492,6,6,6
amazon:Baby_Products,valid,172169,6,5.802688236559852,5,6,6
amazon:Baby_Products,valid,172179,2,0.7316174523305085,1,1,2
amazon:Baby_Products,valid,172577,3,2.355963652012712,1,1,1
amazon:Baby_Products,valid,172673,6,1.706308345471398,3,6,6
amazon:Baby_Products,valid,172808,3,1.0631442829713984,3,3,3
amazon:Baby_Products,valid,172999,4,2.017783368644068,3,4,4
amazon:Baby_Products,valid,173151,5,0.045972093485169396,4,4,4
amazon:Baby_Products,valid,173156,3,1.8448124255164193,1,3,3
amazon:Baby_Products,valid,173193,3,1.2997579283633476,2,3,3
amazon:Baby_Products,valid,173288,4,2.4319704217425846,3,3,3
amazon:Baby_Products,valid,173289,2,0.23473769365730923,2,2,2
amazon:Baby_Products,valid,173323,7,1.54647847838321,5,6,6
amazon:Baby_Products,valid,173382,6,11.778289070775953,1,1,4
amazon:Baby_Products,valid,173457,10,6.794394489870234,5,8,9
amazon:Baby_Products,valid,173549,5,0.2823159427966102,5,5,5
amazon:Baby_Products,valid,173615,4,0.9056644762976696,3,4,4
amazon:Baby_Products,valid,173623,9,3.6409568657309324,1,5,5
amazon:Baby_Products,valid,173627,12,5.8714754783501055,4,8,12
amazon:Baby_Products,valid,173641,3,7.6860506736626055,1,2,2
amazon:Baby_Products,valid,173652,3,1.6710664393538135,2,3,3
amazon:Baby_Products,valid,173939,12,1.9670997748940677,2,7,7
amazon:Baby_Products,valid,174043,3,0.5862361584679555,1,1,2
amazon:Baby_Products,valid,174201,4,5.421913690082098,2,2,4
amazon:Baby_Products,valid,174280,3,0.6654632051112288,3,3,3
amazon:Baby_Products,valid,174281,2,3.152938687599311,1,1,1
amazon:Baby_Products,valid,174368,5,2.6570194567664194,3,3,3
amazon:Baby_Products,valid,174436,2,0.3389532574152542,1,1,1
amazon:Baby_Products,valid,174884,3,0.3747544110831568,3,3,3
amazon:Baby_Products,valid,174928,1,11.461832337460276,1,1,1
amazon:Baby_Products,valid,174949,4,1.0989710920948093,1,2,2
amazon:Baby_Products,valid,175041,3,1.0542145292637712,3,3,3
amazon:Baby_Products,valid,175042,8,5.820244016485699,4,6,6
amazon:Baby_Products,valid,175098,5,2.2797537076271186,4,5,5
amazon:Baby_Products,valid,175099,3,0.7052606097722458,3,3,3
amazon:Baby_Products,valid,175116,8,2.3168136338056144,4,5,5
amazon:Baby_Products,valid,175141,3,1.8590309272378178,2,2,2
amazon:Baby_Products,valid,175293,8,4.152654718948623,2,4,4
amazon:Baby_Products,valid,175360,9,1.6805856478416314,9,9,9
amazon:Baby_Products,valid,175381,3,0.6096767619504767,3,3,3
amazon:Baby_Products,valid,175502,3,3.8903338933395126,1,1,3
amazon:Baby_Products,valid,175607,3,0.24283074847722463,1,1,1
amazon:Baby_Products,valid,175634,6,7.239614712989937,3,6,6
amazon:Baby_Products,valid,175644,5,3.8488605046676376,3,4,4
amazon:Baby_Products,valid,175664,3,0.2985819153866526,3,3,3
amazon:Baby_Products,valid,175675,21,9.111072811837923,9,15,18
amazon:Baby_Products,valid,175785,3,3.5227723202462924,1,2,3
amazon:Baby_Products,valid,175811,13,1.8245897196106993,5,12,12
amazon:Baby_Products,valid,175898,4,1.6889594643802965,2,4,4
amazon:Baby_Products,valid,175986,6,1.7467982405323093,4,4,4
amazon:Baby_Products,valid,176154,3,3.3889304985434325,2,2,2
amazon:Baby_Products,valid,176190,3,2.0368598550052965,2,2,2
amazon:Baby_Products,valid,176204,3,0.6451858779131356,1,1,1
amazon:Baby_Products,valid,176264,4,1.5527289956302968,4,4,4
amazon:Baby_Products,valid,176329,3,0.6731774281647245,3,3,3
amazon:Baby_Products,valid,176537,3,0.0937920004634534,1,1,1
amazon:Baby_Products,valid,176599,6,0.8097962460275423,2,2,2
amazon:Baby_Products,valid,176606,7,1.0563644150556144,6,7,7
amazon:Baby_Products,valid,176641,3,34.265650034759005,2,3,3
amazon:Baby_Products,valid,176644,3,0.836358332229873,1,3,3
amazon:Baby_Products,valid,176886,5,1.2118799241922669,1,1,1
amazon:Baby_Products,valid,176946,3,0.9547286728681142,2,2,2
amazon:Baby_Products,valid,177019,4,3.391854392876059,1,1,3
amazon:Baby_Products,valid,177103,5,0.6010129766949153,2,2,2
amazon:Baby_Products,valid,177153,3,9.79569091796875,1,1,1
amazon:Baby_Products,valid,177232,4,1.6629866260593222,1,4,4
amazon:Baby_Products,valid,177392,3,5.738293250132416,1,2,2
amazon:Baby_Products,valid,177752,47,54.47062429654396,24,38,45
amazon:Baby_Products,valid,177806,7,3.306201171875,2,2,4
amazon:Baby_Products,valid,178057,7,3.6218025854078393,4,5,6
amazon:Baby_Products,valid,178165,3,2.4251346911414196,1,1,3
amazon:Baby_Products,valid,178189,7,6.340242650953389,4,5,6
amazon:Baby_Products,valid,178217,3,0.29615602654925843,3,3,3
amazon:Baby_Products,valid,178275,7,3.9266531216896183,4,5,6
amazon:Baby_Products,valid,178344,13,3.921692929025424,7,9,11
amazon:Baby_Products,valid,178383,4,0.6741943359375001,2,2,2
amazon:Baby_Products,valid,178448,4,1.6120377880031778,2,3,4
amazon:Baby_Products,valid,178520,3,6.286227158368645,3,3,3
amazon:Baby_Products,valid,178620,3,1.1954252598649362,3,3,3
amazon:Baby_Products,valid,178873,9,1.1519022278866526,2,8,9
amazon:Baby_Products,valid,178878,7,2.9276065115201266,6,6,6
amazon:Baby_Products,valid,178912,11,2.471824516684322,3,3,7
amazon:Baby_Products,valid,178949,9,0.3078631902145127,8,8,8
amazon:Baby_Products,valid,179018,9,6.125359176377119,6,7,8
amazon:Baby_Products,valid,179026,4,0.09036161778336864,3,3,3
amazon:Baby_Products,valid,179073,3,0.6019854012182204,3,3,3
amazon:Baby_Products,valid,179130,5,1.7009159411414196,5,5,5
amazon:Baby_Products,valid,179246,3,4.158363057799258,1,2,2
amazon:Baby_Products,valid,179345,9,1.9561879303495764,3,6,6
amazon:Baby_Products,valid,179365,8,1.0533324160818327,2,2,3
amazon:Baby_Products,valid,179737,4,0.5229260460805085,3,4,4
amazon:Baby_Products,valid,179751,4,0.8761904958951272,2,3,3
amazon:Baby_Products,valid,179862,3,1.0031895524364407,1,3,3
amazon:Baby_Products,valid,180181,2,1.2893331236758474,2,2,2
amazon:Baby_Products,valid,180227,5,0.565284858315678,2,4,4
amazon:Baby_Products,valid,180228,10,2.9664608712923726,9,10,10
amazon:Baby_Products,valid,180279,4,2.8209960937500003,3,3,3
amazon:Baby_Products,valid,180325,4,0.8709056789592161,3,4,4
amazon:Baby_Products,valid,180538,3,1.0373131703522245,3,3,3
amazon:Baby_Products,valid,180573,3,1.0074103921146715,1,2,3
amazon:Baby_Products,valid,180607,3,2.3364537125926907,1,1,1
amazon:Baby_Products,valid,180634,3,2.3732175665386652,1,1,1
amazon:Baby_Products,valid,180648,7,2.834492311639301,5,6,6
amazon:Baby_Products,valid,180772,3,1.2473715572033899,1,1,1
amazon:Baby_Products,valid,180824,12,5.276202496027542,2,8,10
amazon:Baby_Products,valid,181005,4,1.800039724576271,1,2,2
amazon:Baby_Products,valid,181247,6,1.4389677403336867,2,2,3
amazon:Baby_Products,valid,181258,5,4.439631678694386,4,5,5
amazon:Baby_Products,valid,181332,4,5.746305614406779,1,1,2
amazon:Baby_Products,valid,181336,4,2.144680424059852,3,3,3
amazon:Baby_Products,valid,181367,4,0.10435418597722462,1,1,1
amazon:Baby_Products,valid,181382,5,3.0631858696371825,4,5,5
amazon:Baby_Products,valid,181423,7,0.5456747798596399,1,3,3
amazon:Baby_Products,valid,181457,4,0.5301474361096398,4,4,4
amazon:Baby_Products,valid,181789,3,2.531351794226695,1,2,3
amazon:Baby_Products,valid,182104,6,5.7851405256885595,2,2,3
amazon:Baby_Products,valid,182167,2,0.9620643745034427,2,2,2
amazon:Baby_Products,valid,182323,4,2.4416669425317794,1,2,2
amazon:Baby_Products,valid,182328,4,2.0749685513771183,1,1,1
amazon:Baby_Products,valid,182412,6,14.091487975039726,1,1,2
amazon:Baby_Products,valid,182431,6,7.707948432534427,4,4,6
amazon:Baby_Products,valid,182434,8,2.7377296577065677,5,5,7
amazon:Baby_Products,valid,182498,5,2.5509493553032305,4,5,5
amazon:Baby_Products,valid,182517,4,0.12167037705243643,4,4,4
amazon:Baby_Products,valid,182692,3,0.7225660421080509,3,3,3
amazon:Baby_Products,valid,182775,18,3.708905960341631,10,14,18
amazon:Baby_Products,valid,182843,3,1.8007135940810384,2,2,2
amazon:Baby_Products,valid,182885,3,0.9272278866525424,1,1,1
amazon:Baby_Products,valid,182891,4,0.5581472623146186,4,4,4
amazon:Baby_Products,valid,182939,8,1.475261106329449,7,7,7
amazon:Baby_Products,valid,182962,2,10.685380735235698,1,1,1
amazon:Baby_Products,valid,183110,8,7.423088668564619,5,6,6
amazon:Baby_Products,valid,183134,4,1.2549899860963984,4,4,4
amazon:Baby_Products,valid,183250,16,9.594825046345338,12,14,15
amazon:Baby_Products,valid,183303,4,1.6645581261586337,2,2,2
amazon:Baby_Products,valid,183461,12,7.513032764499471,6,11,12
amazon:Baby_Products,valid,183517,3,2.6372945494570974,2,3,3
amazon:Baby_Products,valid,183634,4,1.1763529114804026,1,2,2
amazon:Baby_Products,valid,183697,4,2.373920815677966,4,4,4
amazon:Baby_Products,valid,183698,5,0.1562459654727225,4,4,4
amazon:Baby_Products,valid,183709,2,0.6921415684586862,2,2,2
amazon:Baby_Products,valid,183729,3,0.8261658749337922,2,2,3
amazon:Baby_Products,valid,183879,5,0.9450948424258474,3,3,3
amazon:Baby_Products,valid,183895,3,1.6669272212658894,2,2,2
amazon:Baby_Products,valid,183918,4,1.2711835440942796,2,2,3
amazon:Baby_Products,valid,184070,6,4.940595413466632,4,4,4
amazon:Baby_Products,valid,184183,15,2.6155327231197036,5,10,15
amazon:Baby_Products,valid,184272,5,1.1679455773305083,4,4,4
amazon:Baby_Products,valid,184339,3,1.908025192002119,3,3,3
amazon:Baby_Products,valid,184381,10,3.806569658699682,6,9,10
amazon:Baby_Products,valid,184542,3,0.4574400820974576,3,3,3
amazon:Baby_Products,valid,184574,6,1.3380145574020126,1,5,5
amazon:Baby_Products,valid,184707,10,4.625977183196504,5,8,9
amazon:Baby_Products,valid,184809,7,1.7943469031382415,2,7,7
amazon:Baby_Products,test,3,4,4.60662014201536,1,2,2
amazon:Baby_Products,test,170,11,4.782714016154661,11,11,11
amazon:Baby_Products,test,234,9,1.3943969726562502,5,7,7
amazon:Baby_Products,test,570,10,3.9195652848583156,5,5,5
amazon:Baby_Products,test,747,4,2.291299697100106,2,4,4
amazon:Baby_Products,test,749,7,1.8901180978548728,5,5,6
amazon:Baby_Products,test,771,6,2.742870266154661,3,4,4
amazon:Baby_Products,test,877,7,2.678873353085275,6,6,7
amazon:Baby_Products,test,957,4,1.7269653320312504,2,2,2
amazon:Baby_Products,test,993,5,4.922374764135329,3,4,4
amazon:Baby_Products,test,1043,4,3.1551552982653597,1,1,2
amazon:Baby_Products,test,1160,8,2.429371979277013,6,8,8
amazon:Baby_Products,test,1173,4,2.714946785619704,2,3,3
amazon:Baby_Products,test,1179,5,0.9359221894862289,5,5,5
amazon:Baby_Products,test,1303,42,72.94512132547669,15,24,29
amazon:Baby_Products,test,1365,6,2.9691840737552964,6,6,6
amazon:Baby_Products,test,1615,54,13.379045906713454,38,47,51
amazon:Baby_Products,test,1748,4,0.5564343468617584,1,1,4
amazon:Baby_Products,test,1784,20,7.271222441075212,8,11,15
amazon:Baby_Products,test,1846,9,1.8431686142743642,7,8,8
amazon:Baby_Products,test,1875,4,0.2690555895789195,4,4,4
amazon:Baby_Products,test,1941,6,0.7557360115697828,4,6,6
amazon:Baby_Products,test,1974,8,3.915976728019068,1,1,5
amazon:Baby_Products,test,2073,5,15.135703083620232,5,5,5
amazon:Baby_Products,test,2222,4,44.55631269034693,3,4,4
amazon:Baby_Products,test,2583,8,2.7417693574549786,5,6,7
amazon:Baby_Products,test,2669,17,6.167550297106726,9,14,14
amazon:Baby_Products,test,2739,6,4.310443011784958,3,5,5
amazon:Baby_Products,test,2757,6,12.176447464247882,4,6,6
amazon:Baby_Products,test,3026,5,2.9088056144067793,3,4,4
amazon:Baby_Products,test,3144,4,1.737814279329979,1,4,4
amazon:Baby_Products,test,3150,3,0.06304186804819917,3,3,3
amazon:Baby_Products,test,3177,5,2.3591104798397775,5,5,5
amazon:Baby_Products,test,3229,15,3.023715468584481,5,8,8
amazon:Baby_Products,test,3456,4,1.688431251655191,3,4,4
amazon:Baby_Products,test,3642,8,1.7714645127118644,1,4,8
amazon:Baby_Products,test,3757,3,0.46089032706567795,1,3,3
amazon:Baby_Products,test,4368,7,0.23360243975105932,2,2,4
amazon:Baby_Products,test,4525,6,1.053994802701271,1,4,6
amazon:Baby_Products,test,4744,4,1.5186877234507414,4,4,4
amazon:Baby_Products,test,4940,4,1.9190719345868643,1,1,1
amazon:Baby_Products,test,4981,5,2.06202785685911,2,5,5
amazon:Baby_Products,test,5006,11,1.8795863264698092,4,8,8
amazon:Baby_Products,test,5203,4,0.39198349774894065,4,4,4
amazon:Baby_Products,test,5232,3,0.40106904627913137,2,2,2
amazon:Baby_Products,test,5430,5,12.252342715505826,1,1,1
amazon:Baby_Products,test,5669,5,2.2766295352224573,4,4,4
amazon:Baby_Products,test,5818,3,0.4359697762182203,3,3,3
amazon:Baby_Products,test,5982,4,1.2783858994306145,3,3,3
amazon:Baby_Products,test,6046,3,1.8760396666445975,1,3,3
amazon:Baby_Products,test,6053,9,2.7354343220338984,6,6,6
amazon:Baby_Products,test,6102,7,1.853109689486229,2,2,2
amazon:Baby_Products,test,6108,4,0.5345574847722457,1,1,1
amazon:Baby_Products,test,6233,26,3.9727116988877116,17,18,21
amazon:Baby_Products,test,6266,6,2.719709700244968,2,6,6
amazon:Baby_Products,test,6293,5,1.18634033203125,5,5,5
amazon:Baby_Products,test,6328,4,1.4846387960143008,2,2,2
amazon:Baby_Products,test,6348,8,0.05772684388241525,6,6,6
amazon:Baby_Products,test,6430,4,0.56871337890625,1,3,3
amazon:Baby_Products,test,6961,6,0.09469801046080506,5,5,5
amazon:Baby_Products,test,7114,4,2.2258979409427964,3,3,3
amazon:Baby_Products,test,7145,4,6.465116028866525,1,2,2
amazon:Baby_Products,test,7195,12,2.0764253260725636,2,6,10
amazon:Baby_Products,test,7226,4,2.188667116326801,1,3,3
amazon:Baby_Products,test,7339,5,3.2493542687367585,2,2,2
amazon:Baby_Products,test,7420,3,2.3116500595868645,2,3,3
amazon:Baby_Products,test,7441,9,1.4851643190545551,6,8,8
amazon:Baby_Products,test,7576,4,3.335582461599576,3,3,3
amazon:Baby_Products,test,7619,7,2.645391535354873,4,4,4
amazon:Baby_Products,test,7667,4,0.00988624702065678,1,1,1
amazon:Baby_Products,test,7747,2,0.8121685480667373,2,2,2
amazon:Baby_Products,test,8165,9,1.6764650506488348,4,4,4
amazon:Baby_Products,test,8181,5,0.7242762678760593,2,2,2
amazon:Baby_Products,test,8430,3,1.5114268157441737,3,3,3
amazon:Baby_Products,test,8645,4,1.0650866492319915,1,1,1
amazon:Baby_Products,test,8860,4,2.241496871689618,3,4,4
amazon:Baby_Products,test,8897,6,2.7396906448622884,2,5,5
amazon:Baby_Products,test,9261,7,37.621323614605394,2,3,3
amazon:Baby_Products,test,9302,4,0.7685720670021187,2,2,2
amazon:Baby_Products,test,9358,21,6.533795786712129,13,17,19
amazon:Baby_Products,test,9398,11,2.1154431359242585,1,7,11
amazon:Baby_Products,test,9466,5,0.9146600238347459,4,4,4
amazon:Baby_Products,test,9492,4,1.2916439767611227,3,3,3
amazon:Baby_Products,test,9507,4,0.689457262976695,4,4,4
amazon:Baby_Products,test,9763,9,3.2012842210672665,5,7,7
amazon:Baby_Products,test,9766,4,0.13461334745762715,2,2,2
amazon:Baby_Products,test,9806,7,8.494300144001588,4,7,7
amazon:Baby_Products,test,9889,5,2.3531947249073095,4,5,5
amazon:Baby_Products,test,9995,4,4.326204151218221,1,3,3
amazon:Baby_Products,test,10013,3,0.9429799225370762,3,3,3
amazon:Baby_Products,test,10177,4,0.2513113248146187,4,4,4
amazon:Baby_Products,test,10231,4,5.989480642545021,1,1,2
amazon:Baby_Products,test,10346,4,0.06698846332097463,2,2,2
amazon:Baby_Products,test,10348,11,3.1310368942002116,3,5,9
amazon:Baby_Products,test,10540,10,4.384263895325741,6,10,10
amazon:Baby_Products,test,10991,5,5.502595338983051,5,5,5
amazon:Baby_Products,test,11016,4,1.5467283087261654,1,2,2
amazon:Baby_Products,test,11121,8,2.3924618478548725,6,7,7
amazon:Baby_Products,test,11144,7,3.4526054770259536,5,6,6
amazon:Baby_Products,test,11223,4,8.370449673927435,2,3,4
amazon:Baby_Products,test,11246,10,3.903391485699152,7,8,9
amazon:Baby_Products,test,11383,5,2.146556789592161,4,4,4
amazon:Baby_Products,test,11531,3,2.43330905720339,2,2,3
amazon:Baby_Products,test,11731,5,1.6648596812102754,2,2,5
amazon:Baby_Products,test,11768,14,6.674475304555084,7,13,14
amazon:Baby_Products,test,11936,5,2.0885187698622882,4,5,5
amazon:Baby_Products,test,11994,6,2.7700230485301907,3,5,5
amazon:Baby_Products,test,12012,4,1.2845703125,4,4,4
amazon:Baby_Products,test,12156,5,1.6841699632547669,2,4,4
amazon:Baby_Products,test,12258,4,0.38783931408898287,1,1,1
amazon:Baby_Products,test,12265,5,27.220494984772245,2,2,3
amazon:Baby_Products,test,12540,4,1.1822127002780722,2,3,4
amazon:Baby_Products,test,12592,9,2.6327284990730933,5,6,6
amazon:Baby_Products,test,12698,27,34.12327032574152,9,18,20
amazon:Baby_Products,test,12803,4,3.8080860202595335,2,2,2
amazon:Baby_Products,test,12830,7,20.255345645193323,1,6,7
amazon:Baby_Products,test,12831,7,2.354546601893538,4,5,5
amazon:Baby_Products,test,12864,4,2.459775969941737,4,4,4
amazon:Baby_Products,test,12910,4,5.063355940479343,3,3,3
amazon:Baby_Products,test,12979,4,0.6609482587394068,3,3,3
amazon:Baby_Products,test,13019,4,3.560802188162077,3,4,4
amazon:Baby_Products,test,13086,4,0.8487771761619437,3,4,4
amazon:Baby_Products,test,13252,7,4.1855305299920555,6,6,6
amazon:Baby_Products,test,13329,17,4.240986659163136,3,6,16
amazon:Baby_Products,test,13431,6,0.9823174945378708,6,6,6
amazon:Baby_Products,test,13662,4,2.2060242733712925,2,2,2
amazon:Baby_Products,test,13789,4,2.1614352985963983,1,2,4
amazon:Baby_Products,test,13915,6,1.6661839372020657,1,4,4
amazon:Baby_Products,test,13963,8,1.6003397278866525,5,7,7
amazon:Baby_Products,test,13980,8,2.1735577082229876,6,6,6
amazon:Baby_Products,test,14067,4,1.4029673430879237,2,3,3
amazon:Baby_Products,test,14175,5,1.3255718683792372,4,5,5
amazon:Baby_Products,test,14407,5,0.424071438029661,5,5,5
amazon:Baby_Products,test,14410,5,3.1857018422272247,5,5,5
amazon:Baby_Products,test,14499,7,1.2315500033103812,3,4,4
amazon:Baby_Products,test,14865,4,0.4793560480667373,2,2,2
amazon:Baby_Products,test,14882,3,4.321983621888242,3,3,3
amazon:Baby_Products,test,15099,4,2.209021823689089,3,3,4
amazon:Baby_Products,test,15156,8,1.4322830458818858,4,8,8
amazon:Baby_Products,test,15302,11,9.610762256686971,5,8,8
amazon:Baby_Products,test,15423,4,9.963406216896185,1,1,1
amazon:Baby_Products,test,15531,7,6.385618668895657,3,3,3
amazon:Baby_Products,test,15726,4,1.6763235318458685,4,4,4
amazon:Baby_Products,test,15728,9,2.353222449351165,2,7,7
amazon:Baby_Products,test,15729,4,3.11483547404661,4,4,4
amazon:Baby_Products,test,15803,9,7.294620009600106,4,4,4
amazon:Baby_Products,test,15805,4,0.30488901946504243,2,2,2
amazon:Baby_Products,test,15826,7,1.8193092475503176,7,7,7
amazon:Baby_Products,test,15912,11,8.109130238678496,5,11,11
amazon:Baby_Products,test,16178,8,0.7011099087989936,5,6,6
amazon:Baby_Products,test,16403,6,3.06943359375,4,5,5
amazon:Baby_Products,test,16536,5,1.9085918879104875,4,4,5
amazon:Baby_Products,test,16566,5,1.6263053247484112,4,4,4
amazon:Baby_Products,test,16620,4,11.102044160487289,1,3,3
amazon:Baby_Products,test,16731,3,0.886454333289195,1,3,3
amazon:Baby_Products,test,16787,5,1.1805508888373941,1,2,2
amazon:Baby_Products,test,16825,5,8.383469817597987,3,3,5
amazon:Baby_Products,test,16866,4,3.714233605336335,2,3,3
amazon:Baby_Products,test,16882,12,3.642415709414725,3,3,5
amazon:Baby_Products,test,17037,13,5.5716906531382415,6,12,13
amazon:Baby_Products,test,17062,5,0.7487135030455507,3,3,3
amazon:Baby_Products,test,17261,4,0.148573432534428,4,4,4
amazon:Baby_Products,test,17306,4,0.9241124039989407,1,4,4
amazon:Baby_Products,test,17413,5,1.610671428098517,3,3,4
amazon:Baby_Products,test,17484,7,20.594345454846398,2,3,3
amazon:Baby_Products,test,17494,4,0.4178568177304026,4,4,4
amazon:Baby_Products,test,17506,5,0.6693404892743644,1,1,2
amazon:Baby_Products,test,17627,11,2.0137149099576273,7,10,10
amazon:Baby_Products,test,17631,4,0.4556484416379767,2,2,2
amazon:Baby_Products,test,17644,4,1.0032450013241525,2,4,4
amazon:Baby_Products,test,17694,17,5.908584646451271,4,13,17
amazon:Baby_Products,test,17710,8,1.296485512943591,5,6,7
amazon:Baby_Products,test,17805,5,11.05985417770127,1,2,2
amazon:Baby_Products,test,17984,5,2.7537899728548725,2,5,5
amazon:Baby_Products,test,18028,4,1.064330847788665,1,4,4
amazon:Baby_Products,test,18104,8,2.336438815876589,3,5,5
amazon:Baby_Products,test,18121,11,7.156918283236228,3,6,8
amazon:Baby_Products,test,18180,4,1.197975288003178,1,3,3
amazon:Baby_Products,test,18236,7,3.462831865730932,3,4,6
amazon:Baby_Products,test,18266,10,2.780901789261123,3,9,9
amazon:Baby_Products,test,18825,6,2.0412715588585804,1,3,3
amazon:Baby_Products,test,18855,6,0.9782759326999471,2,2,3
amazon:Baby_Products,test,19013,6,4.6067757299390895,3,5,5
amazon:Baby_Products,test,19214,8,2.6764253260725637,5,5,8
amazon:Baby_Products,test,19474,4,46.70388473252119,3,4,4
amazon:Baby_Products,test,19656,4,0.8557104078389831,4,4,4
amazon:Baby_Products,test,19695,8,3.32876762778072,5,5,6
amazon:Baby_Products,test,19698,4,1.828040585275424,2,2,2
amazon:Baby_Products,test,19875,38,7.888683461334746,23,33,36
amazon:Baby_Products,test,19986,10,3.0142971232786024,6,8,8
amazon:Baby_Products,test,19996,6,1.3124656547934321,3,3,3
amazon:Baby_Products,test,20067,5,0.711238537804555,3,3,3
amazon:Baby_Products,test,20068,7,2.7249702065677965,5,6,6
amazon:Baby_Products,test,20104,7,4.660033972788665,4,4,7
amazon:Baby_Products,test,20122,11,4.306125240002649,7,10,11
amazon:Baby_Products,test,20149,6,2.0370742021980934,4,4,4
amazon:Baby_Products,test,20225,4,4.18868801310911,4,4,4
amazon:Baby_Products,test,20287,5,0.6403281001721399,5,5,5
amazon:Baby_Products,test,20539,7,7.677760651152013,2,2,6
amazon:Baby_Products,test,20636,4,3.3570970438294494,1,1,1
amazon:Baby_Products,test,20901,4,1.7372624801377117,3,4,4
amazon:Baby_Products,test,20938,4,7.293385030455509,3,3,4
amazon:Baby_Products,test,21546,6,1.7406657590704449,4,4,4
amazon:Baby_Products,test,21590,5,0.4759881488347457,2,4,4
amazon:Baby_Products,test,21716,3,1.869732148768538,1,1,2
amazon:Baby_Products,test,21864,13,4.739524194749735,3,5,11
amazon:Baby_Products,test,21890,7,4.976037804555084,6,7,7
amazon:Baby_Products,test,22088,9,3.80267685712394,9,9,9
amazon:Baby_Products,test,22144,10,4.796965207891949,5,8,10
amazon:Baby_Products,test,22318,4,4.205227919756356,3,3,4
amazon:Baby_Products,test,22336,5,1.0794646699549786,4,4,4
amazon:Baby_Products,test,22392,4,1.491447836665784,1,1,3
amazon:Baby_Products,test,22715,5,6.578183138572562,4,5,5
amazon:Baby_Products,test,22727,3,0.10014524298199153,1,1,1
amazon:Baby_Products,test,22911,5,0.711831096067267,1,4,5
amazon:Baby_Products,test,22916,6,2.9422832941604873,3,6,6
amazon:Baby_Products,test,23011,4,0.6160642462261653,4,4,4
amazon:Baby_Products,test,23032,11,2.486041363215042,7,7,8
amazon:Baby_Products,test,23041,5,1.283213883739407,4,4,4
amazon:Baby_Products,test,23087,4,0.8860210871292372,2,2,2
amazon:Baby_Products,test,23148,5,1.1374079300185382,3,3,3
amazon:Baby_Products,test,23200,5,8.199574615995763,3,4,4
amazon:Baby_Products,test,23295,6,1.5034527277542373,2,2,6
amazon:Baby_Products,test,23362,28,7.331480899099577,13,22,23
amazon:Baby_Products,test,23547,4,9.451090460308528,2,3,3
amazon:Baby_Products,test,23593,6,1.9203236725370765,5,5,5
amazon:Baby_Products,test,23627,7,5.271812102754238,1,3,7
amazon:Baby_Products,test,23646,4,1.035602323887712,3,3,3
amazon:Baby_Products,test,23832,11,5.1266723632812505,9,11,11
amazon:Baby_Products,test,23882,14,8.961638887049787,9,13,14
amazon:Baby_Products,test,23959,8,0.8829999503442796,5,5,5
amazon:Baby_Products,test,24253,14,7.9843891725701805,12,13,13
amazon:Baby_Products,test,24275,4,7.144545319120763,1,2,4
amazon:Baby_Products,test,24336,5,3.56636528403072,2,4,4
amazon:Baby_Products,test,24419,5,1.9677525407176908,2,3,3
amazon:Baby_Products,test,24587,4,1.8019601595603814,3,3,3
amazon:Baby_Products,test,24645,5,1.3000686904131356,2,5,5
amazon:Baby_Products,test,24714,14,4.992411778336865,9,12,14
amazon:Baby_Products,test,24785,4,4.122560042041844,4,4,4
amazon:Baby_Products,test,24837,7,2.55710883706303,6,6,7
amazon:Baby_Products,test,24879,5,1.9302684719279664,1,4,4
amazon:Baby_Products,test,25006,7,0.4545066704184322,7,7,7
amazon:Baby_Products,test,25106,4,5.496682790982521,4,4,4
amazon:Baby_Products,test,25179,7,2.827841341697564,3,5,7
amazon:Baby_Products,test,25330,8,2.202809479277013,2,2,2
amazon:Baby_Products,test,25471,6,2.546829275357521,4,6,6
amazon:Baby_Products,test,25482,5,0.8374737238479874,5,5,5
amazon:Baby_Products,test,25575,3,0.010841292041843142,2,2,2
amazon:Baby_Products,test,25582,4,0.31601459050582625,1,1,1
amazon:Baby_Products,test,25614,8,5.404071769067797,1,5,7
amazon:Baby_Products,test,25791,6,1.9701618776483052,1,6,6
amazon:Baby_Products,test,25962,13,9.642415295617056,7,10,11
amazon:Baby_Products,test,26028,11,5.38477152161679,3,11,11
amazon:Baby_Products,test,26050,9,1.058558163400424,5,7,7
amazon:Baby_Products,test,26064,5,1.3993977174920553,4,4,4
amazon:Baby_Products,test,26268,21,26.88516473285222,2,3,14
amazon:Baby_Products,test,26306,5,1.267074326337394,2,3,3
amazon:Baby_Products,test,26311,6,0.28968443789724585,4,4,4
amazon:Baby_Products,test,26713,4,0.011874958620233078,3,3,3
amazon:Baby_Products,test,27069,5,0.442026325807733,1,1,1
amazon:Baby_Products,test,27128,6,2.5899722341763773,2,4,4
amazon:Baby_Products,test,27226,6,2.208170124635858,5,6,6
amazon:Baby_Products,test,27377,3,2.619091796875,1,3,3
amazon:Baby_Products,test,27447,4,1.9339082362288136,3,3,3
amazon:Baby_Products,test,27455,4,10.652075402211336,2,2,3
amazon:Baby_Products,test,27648,5,3.7191422801906784,4,5,5
amazon:Baby_Products,test,27654,6,2.6860908120365465,6,6,6
amazon:Baby_Products,test,27976,9,2.867668953588453,4,7,7
amazon:Baby_Products,test,28117,4,13.687134409759004,4,4,4
amazon:Baby_Products,test,28152,11,7.976704432600636,4,4,9
amazon:Baby_Products,test,28277,11,2.9470194153866527,4,4,9
amazon:Baby_Products,test,28297,5,1.9487201238082625,3,5,5
amazon:Baby_Products,test,28347,4,4.124029023768538,3,4,4
amazon:Baby_Products,test,28365,4,0.4287105237023305,4,4,4
amazon:Baby_Products,test,28539,9,2.23800876423464,6,7,7
amazon:Baby_Products,test,28598,5,1.7818344892081566,3,3,3
amazon:Baby_Products,test,28622,5,3.4814846232786016,5,5,5
amazon:Baby_Products,test,28776,5,0.7561277227886651,3,3,3
amazon:Baby_Products,test,28902,4,1.389072224245233,1,1,1
amazon:Baby_Products,test,28960,10,2.811521575410487,5,5,10
amazon:Baby_Products,test,29038,6,0.7931336483712924,1,3,3
amazon:Baby_Products,test,29130,6,3.7954192597987286,6,6,6
amazon:Baby_Products,test,29186,5,6.567258673199152,3,3,3
amazon:Baby_Products,test,29189,4,0.11520499536546613,1,1,1
amazon:Baby_Products,test,29220,10,0.8901900986493646,9,9,9
amazon:Baby_Products,test,29388,5,1.4386598748675845,1,5,5
amazon:Baby_Products,test,29830,6,1.401764433262712,1,5,5
amazon:Baby_Products,test,30058,15,4.482292563228285,4,7,8
amazon:Baby_Products,test,30239,4,0.6491026797537076,4,4,4
amazon:Baby_Products,test,30340,5,0.9325979459083686,2,4,4
amazon:Baby_Products,test,30382,5,0.8780188608977755,1,1,1
amazon:Baby_Products,test,30394,4,13.412168134269068,1,1,4
amazon:Baby_Products,test,30398,7,4.958712509931144,4,6,6
amazon:Baby_Products,test,30441,9,1.8258266642942267,1,8,8
amazon:Baby_Products,test,30559,4,3.7939049672272245,4,4,4
amazon:Baby_Products,test,30732,4,14.305796891551907,3,3,4
amazon:Baby_Products,test,30822,3,4.06557265459481,2,2,2
amazon:Baby_Products,test,30830,4,7.1231031514830505,2,3,3
amazon:Baby_Products,test,30888,6,1.269657561738612,4,4,4
amazon:Baby_Products,test,30987,5,3.775003310381356,2,2,5
amazon:Baby_Products,test,31120,9,3.5874224129369696,8,8,9
amazon:Baby_Products,test,31161,9,7.832248286877649,5,7,8
amazon:Baby_Products,test,31183,5,16.770844436904135,1,3,3
amazon:Baby_Products,test,31488,5,0.49695610434322024,2,4,4
amazon:Baby_Products,test,31660,7,0.9513580839512713,3,4,4
amazon:Baby_Products,test,31735,18,17.787720761056672,2,9,9
amazon:Baby_Products,test,31762,5,0.7447441489009533,2,2,2
amazon:Baby_Products,test,31828,5,3.551427188162076,1,4,4
amazon:Baby_Products,test,31839,20,7.185576254634533,9,17,17
amazon:Baby_Products,test,32270,15,3.5331267793299785,3,11,13
amazon:Baby_Products,test,32295,4,0.1266208454713983,1,1,1
amazon:Baby_Products,test,32361,4,1.6175901251324154,2,3,4
amazon:Baby_Products,test,32604,4,1.2209735417770124,2,2,2
amazon:Baby_Products,test,32653,9,2.7113978499073093,6,7,9
amazon:Baby_Products,test,32743,4,44.970374776549264,2,4,4
amazon:Baby_Products,test,32763,7,4.939633540783898,6,7,7
amazon:Baby_Products,test,32801,11,1.9373024116128177,7,8,8
amazon:Baby_Products,test,32937,4,0.8162063857256356,1,1,1
amazon:Baby_Products,test,33087,4,6.231020549192267,2,4,4
amazon:Baby_Products,test,33104,6,0.42756326966366526,4,4,4
amazon:Baby_Products,test,33274,6,2.211013224973517,3,4,5
amazon:Baby_Products,test,33291,5,2.1014691886255297,5,5,5
amazon:Baby_Products,test,33341,5,0.6301236427436441,1,1,5
amazon:Baby_Products,test,33396,6,1.4300232968087923,3,3,3
amazon:Baby_Products,test,33419,5,0.47690098649364404,1,1,1
amazon:Baby_Products,test,33510,4,2.891824185646186,1,3,3
amazon:Baby_Products,test,33604,4,0.2341598252118644,4,4,4
amazon:Baby_Products,test,33918,5,3.30226657673464,1,4,5
amazon:Baby_Products,test,33987,6,2.962668415651483,3,6,6
amazon:Baby_Products,test,33988,4,0.4378192449020127,1,3,3
amazon:Baby_Products,test,34024,7,1.8034349344544491,6,7,7
amazon:Baby_Products,test,34118,4,1.3010727704581568,1,4,4
amazon:Baby_Products,test,34130,4,6.16332573324947,1,3,4
amazon:Baby_Products,test,34328,13,3.228668523238877,6,13,13
amazon:Baby_Products,test,34390,5,0.30967686539989403,3,3,3
amazon:Baby_Products,test,34453,7,0.9771333338850635,6,6,6
amazon:Baby_Products,test,34474,5,4.118219304488877,1,3,5
amazon:Baby_Products,test,34478,5,3.1232759120100635,4,4,4
amazon:Baby_Products,test,34644,10,2.2423668812897244,6,10,10
amazon:Baby_Products,test,34741,5,0.7065353134931144,2,2,2
amazon:Baby_Products,test,34744,4,1.7020774711996822,2,2,2
amazon:Baby_Products,test,34913,4,4.225226761122881,2,3,3
amazon:Baby_Products,test,35043,4,2.05580661579714,3,3,4
amazon:Baby_Products,test,35052,17,5.469298592260328,9,12,15
amazon:Baby_Products,test,35276,5,1.8937013787738346,5,5,5
amazon:Baby_Products,test,35324,14,6.496657549324682,12,13,13
amazon:Baby_Products,test,35340,9,10.802729409427966,4,6,7
amazon:Baby_Products,test,35355,6,0.6027707891949152,3,3,3
amazon:Baby_Products,test,35472,7,1.169515939486229,6,7,7
amazon:Baby_Products,test,35584,4,2.6646496788930083,4,4,4
amazon:Baby_Products,test,35616,8,1.841702322232521,1,1,4
amazon:Baby_Products,test,35647,4,0.9141040866657838,4,4,4
amazon:Baby_Products,test,35857,10,2.7542675988148835,5,10,10
amazon:Baby_Products,test,36098,28,11.986125157243116,16,22,28
amazon:Baby_Products,test,36122,4,2.9337832693326273,1,3,3
amazon:Baby_Products,test,36198,4,2.790217409295551,4,4,4
amazon:Baby_Products,test,36311,6,2.7531074135990465,2,4,6
amazon:Baby_Products,test,36323,4,0.1433014433262712,1,1,1
amazon:Baby_Products,test,36415,6,2.165761967028602,6,6,6
amazon:Baby_Products,test,36432,4,0.5027662374205508,4,4,4
amazon:Baby_Products,test,36504,4,1.2602843203787075,4,4,4
amazon:Baby_Products,test,36558,6,2.6246838585805086,1,5,6
amazon:Baby_Products,test,36588,5,14.05712973384534,1,1,4
amazon:Baby_Products,test,36835,7,2.965416445974576,4,4,5
amazon:Baby_Products,test,37126,5,0.9492197844941738,4,4,4
amazon:Baby_Products,test,37336,7,1.3558477886652542,1,5,5
amazon:Baby_Products,test,37430,5,3.379308461334746,4,5,5
amazon:Baby_Products,test,37465,7,1.636347573490466,7,7,7
amazon:Baby_Products,test,37571,10,6.510181905455509,3,7,8
amazon:Baby_Products,test,37603,11,1.0209499553098518,6,7,7
amazon:Baby_Products,test,37631,3,0.5705038814221399,1,1,1
amazon:Baby_Products,test,37695,4,1.9341004452462922,3,3,4
amazon:Baby_Products,test,37786,5,2.1916419077727753,4,4,5
amazon:Baby_Products,test,38031,3,5.6050048828125005,1,1,2
amazon:Baby_Products,test,38250,5,4.140187822762182,5,5,5
amazon:Baby_Products,test,38622,6,2.667017222259004,6,6,6
amazon:Baby_Products,test,38636,17,3.8089945130429026,11,16,16
amazon:Baby_Products,test,38646,5,4.042928715075476,3,3,5
amazon:Baby_Products,test,38747,4,2.8140440860037077,1,3,3
amazon:Baby_Products,test,38749,4,1.5327938791048727,3,3,4
amazon:Baby_Products,test,39044,5,4.13403754800053,1,1,2
amazon:Baby_Products,test,39091,4,0.3549697100105931,2,2,2
amazon:Baby_Products,test,39190,10,2.8411236261917376,4,8,8
amazon:Baby_Products,test,39262,4,0.40880126953124996,4,4,4
amazon:Baby_Products,test,39381,4,0.9559555829581567,3,3,3
amazon:Baby_Products,test,39390,4,0.5358108779131355,2,3,3
amazon:Baby_Products,test,39510,8,2.9582357115664726,7,7,7
amazon:Baby_Products,test,39608,6,0.6050239175052966,2,2,2
amazon:Baby_Products,test,39725,6,1.8620934437897247,4,5,5
amazon:Baby_Products,test,39731,4,1.2611622955839512,2,4,4
amazon:Baby_Products,test,39807,8,3.1882109043961866,4,6,6
amazon:Baby_Products,test,39833,3,2.3923161910752118,3,3,3
amazon:Baby_Products,test,39909,5,17.154622326867056,3,4,4
amazon:Baby_Products,test,40082,9,0.019335523702330493,5,5,5
amazon:Baby_Products,test,40118,7,3.3259504932468222,5,7,7
amazon:Baby_Products,test,40418,9,16.443209373344807,1,4,5
amazon:Baby_Products,test,40450,72,25.501953125,30,58,66
amazon:Baby_Products,test,40627,4,1.83259473897643,2,2,4
amazon:Baby_Products,test,40779,4,1.2184580657441737,2,2,3
amazon:Baby_Products,test,40794,4,1.3389124983448095,1,1,2
amazon:Baby_Products,test,41084,7,3.568975312831038,2,5,5
amazon:Baby_Products,test,41112,5,2.5561072398040254,3,5,5
amazon:Baby_Products,test,41187,5,46.40846267958818,2,4,5
amazon:Baby_Products,test,41369,12,7.369027451337395,5,8,8
amazon:Baby_Products,test,41416,6,12.795449673927436,1,4,5
amazon:Baby_Products,test,41522,7,0.08618267511917371,4,4,4
amazon:Baby_Products,test,41540,4,1.1592438261387712,4,4,4
amazon:Baby_Products,test,41600,4,1.3078880180746824,1,2,2
amazon:Baby_Products,test,41607,10,2.1799043299788137,8,8,8
amazon:Baby_Products,test,41895,16,5.590597896252648,14,15,15
amazon:Baby_Products,test,41910,5,2.7680930961996824,2,3,3
amazon:Baby_Products,test,41992,7,3.186511437367585,7,7,7
amazon:Baby_Products,test,41996,3,0.26040970107256356,1,1,3
amazon:Baby_Products,test,42084,5,0.3569230419094279,3,4,4
amazon:Baby_Products,test,42130,5,1.9102106643935381,4,4,4
amazon:Baby_Products,test,42505,5,0.5473506604210805,4,4,4
amazon:Baby_Products,test,42554,7,0.7704593981726695,6,6,6
amazon:Baby_Products,test,42645,4,0.907064250364142,3,3,3
amazon:Baby_Products,test,42699,10,2.2748919988082625,7,9,9
amazon:Baby_Products,test,42781,5,1.9589914095603813,3,5,5
amazon:Baby_Products,test,42978,4,4.17372219279661,3,3,3
amazon:Baby_Products,test,42997,6,3.1753798662605934,3,6,6
amazon:Baby_Products,test,43020,5,18.01988525390625,1,4,5
amazon:Baby_Products,test,43091,7,1.415740449549788,1,7,7
amazon:Baby_Products,test,43220,5,3.4511360815015886,5,5,5
amazon:Baby_Products,test,43292,4,3.0278150655455507,1,2,2
amazon:Baby_Products,test,43303,4,0.7868377168299787,2,2,2
amazon:Baby_Products,test,43368,7,3.8478425624006882,5,5,7
amazon:Baby_Products,test,43599,4,2.5502767271914726,1,2,2
amazon:Baby_Products,test,43721,5,5.846052577131886,3,5,5
amazon:Baby_Products,test,43729,5,3.164390434653072,2,3,5
amazon:Baby_Products,test,43747,13,2.5147276797537073,7,12,12
amazon:Baby_Products,test,43841,5,6.059197067002119,4,5,5
amazon:Baby_Products,test,43941,15,15.914216225834217,1,9,10
amazon:Baby_Products,test,43964,6,2.7215346514168433,1,1,1
amazon:Baby_Products,test,44078,4,0.5042719436904132,3,3,3
amazon:Baby_Products,test,44101,6,6.3580973996954455,2,3,3
amazon:Baby_Products,test,44258,5,8.660561771716102,2,3,3
amazon:Baby_Products,test,44394,4,7.216046866724047,1,1,1
amazon:Baby_Products,test,44739,10,14.982330632613877,5,8,8
amazon:Baby_Products,test,44915,5,3.9144645044359105,1,4,4
amazon:Baby_Products,test,44976,9,2.2698643571239403,7,8,9
amazon:Baby_Products,test,45175,7,0.2931433726165255,4,4,4
amazon:Baby_Products,test,45202,4,1.3456143653998942,4,4,4
amazon:Baby_Products,test,45578,7,14.70975972838321,1,1,5
amazon:Baby_Products,test,45759,26,13.14570271120233,17,23,25
amazon:Baby_Products,test,45976,4,2.431112826072564,2,2,2
amazon:Baby_Products,test,46003,3,11.42879162804555,1,1,1
amazon:Baby_Products,test,46235,14,5.45328524314751,6,13,13
amazon:Baby_Products,test,46403,5,1.8450255313162076,4,4,4
amazon:Baby_Products,test,46406,4,1.6000825526350637,2,4,4
amazon:Baby_Products,test,46436,4,0.17098388671874998,3,3,3
amazon:Baby_Products,test,46468,12,5.135426873675847,5,11,12
amazon:Baby_Products,test,46485,3,0.45815657276218225,3,3,3
amazon:Baby_Products,test,46515,35,12.374858067399366,17,30,31
amazon:Baby_Products,test,46654,16,4.262694174556409,1,6,7
amazon:Baby_Products,test,46661,3,0.7593909312102755,3,3,3
amazon:Baby_Products,test,46774,5,2.885704945709746,3,5,5
amazon:Baby_Products,test,46900,3,0.3591523768538136,2,2,2
amazon:Baby_Products,test,47058,20,3.74990234375,17,19,19
amazon:Baby_Products,test,47168,5,1.0135357355667372,1,5,5
amazon:Baby_Products,test,47417,6,3.6611456402277547,1,1,4
amazon:Baby_Products,test,47527,8,3.1245568226959746,7,8,8
amazon:Baby_Products,test,47571,7,11.456814937268273,6,6,6
amazon:Baby_Products,test,47826,4,4.763203249139301,3,4,4
amazon:Baby_Products,test,48077,4,0.127504924192267,4,4,4
amazon:Baby_Products,test,48079,4,0.5760926327462924,3,3,3
amazon:Baby_Products,test,48128,4,1.8601932848914193,2,2,2
amazon:Baby_Products,test,48386,8,2.70308362023305,3,3,7
amazon:Baby_Products,test,48540,8,6.857006629038665,5,7,8
amazon:Baby_Products,test,48612,5,11.964936854475635,1,1,1
amazon:Baby_Products,test,48713,7,5.112897038863878,3,3,3
amazon:Baby_Products,test,48762,11,3.84651706501589,3,9,9
amazon:Baby_Products,test,48928,10,3.356262620828919,3,8,10
amazon:Baby_Products,test,49041,5,1.381684177204714,2,4,4
amazon:Baby_Products,test,49081,5,0.5479388738082627,1,3,3
amazon:Baby_Products,test,49173,3,2.2979819087658897,2,3,3
amazon:Baby_Products,test,49324,8,1.408395334017479,5,5,5
amazon:Baby_Products,test,49546,4,0.9272287142478813,3,4,4
amazon:Baby_Products,test,49846,4,1.652954308461335,3,3,3
amazon:Baby_Products,test,49901,5,1.2534808659957628,4,5,5
amazon:Baby_Products,test,50002,4,2.2228488728151485,2,4,4
amazon:Baby_Products,test,50110,4,0.5018331236758474,1,1,1
amazon:Baby_Products,test,50174,5,2.404548257084216,5,5,5
amazon:Baby_Products,test,50326,14,7.856110343286547,7,9,13
amazon:Baby_Products,test,50430,7,1.1572131140757413,6,6,6
amazon:Baby_Products,test,50463,7,2.477264507746292,7,7,7
amazon:Baby_Products,test,50485,7,3.478882663532839,6,7,7
amazon:Baby_Products,test,50575,5,2.3142041222523835,5,5,5
amazon:Baby_Products,test,50745,8,5.7117845438294506,4,8,8
amazon:Baby_Products,test,50782,5,0.8878693144200211,3,3,3
amazon:Baby_Products,test,50808,7,4.929967434123411,2,5,6
amazon:Baby_Products,test,51049,11,3.7209403345140357,6,10,11
amazon:Baby_Products,test,51060,4,3.6963219594147247,2,4,4
amazon:Baby_Products,test,51263,4,0.3708371954449152,3,3,3
amazon:Baby_Products,test,51310,6,1.1393858828787076,2,4,4
amazon:Baby_Products,test,51320,4,1.4990072993908896,1,2,4
amazon:Baby_Products,test,51340,5,1.2824390476032836,3,4,5
amazon:Baby_Products,test,51410,6,2.386017156051377,1,2,2
amazon:Baby_Products,test,51417,14,10.73514052568856,8,13,14
amazon:Baby_Products,test,51447,4,2.405585234043962,1,4,4
amazon:Baby_Products,test,51798,6,1.741472561076536,4,5,5
amazon:Baby_Products,test,51963,5,9.594699251853815,1,1,1
amazon:Baby_Products,test,51978,5,5.836014776714778,3,3,3
amazon:Baby_Products,test,52021,3,2.0547938460010595,3,3,3
amazon:Baby_Products,test,52024,7,0.4543041164592161,5,5,5
amazon:Baby_Products,test,52060,11,3.688915394928496,9,9,9
amazon:Baby_Products,test,52068,4,0.8891096729343221,2,3,3
amazon:Baby_Products,test,52071,9,1.2680904065148304,2,2,4
amazon:Baby_Products,test,52133,5,0.9504343841035486,3,3,3
amazon:Baby_Products,test,52184,9,3.192851645259534,7,9,9
amazon:Baby_Products,test,52268,4,0.6999515856726695,4,4,4
amazon:Baby_Products,test,52288,5,28.24659237619174,2,3,4
amazon:Baby_Products,test,52292,5,2.3705620199947033,2,4,4
amazon:Baby_Products,test,52410,5,10.31720322431144,1,1,1
amazon:Baby_Products,test,52446,7,1.7555873030323093,3,7,7
amazon:Baby_Products,test,52509,9,1.7040345272775423,4,5,5
amazon:Baby_Products,test,52735,4,1.0924152956170552,4,4,4
amazon:Baby_Products,test,52800,5,3.110022179555085,3,4,4
amazon:Baby_Products,test,52829,17,18.06581638142214,12,15,15
amazon:Baby_Products,test,53062,6,2.130750960010593,2,2,2
amazon:Baby_Products,test,53113,3,1.048563708289195,1,1,2
amazon:Baby_Products,test,53226,5,1.6878908318988346,2,3,4
amazon:Baby_Products,test,53261,10,9.481961731991525,4,7,9
amazon:Baby_Products,test,53278,6,0.9414768025026483,1,6,6
amazon:Baby_Products,test,53441,6,3.7888862221927964,2,4,5
amazon:Baby_Products,test,53476,9,1.8175321934586863,5,7,7
amazon:Baby_Products,test,53560,7,3.433664509401483,4,4,4
amazon:Baby_Products,test,53591,5,0.7889971199682203,3,5,5
amazon:Baby_Products,test,53716,6,2.389232157044491,3,3,3
amazon:Baby_Products,test,54041,8,6.19014064982786,5,8,8
amazon:Baby_Products,test,54072,4,0.6772599559719279,1,4,4
amazon:Baby_Products,test,54163,4,4.397745423397775,2,2,3
amazon:Baby_Products,test,54189,4,3.3449951171874996,4,4,4
amazon:Baby_Products,test,54432,4,0.8502554166114936,4,4,4
amazon:Baby_Products,test,54492,6,0.8540563033798995,4,4,4
amazon:Baby_Products,test,54601,12,2.4688872773768535,8,10,10
amazon:Baby_Products,test,54800,4,3.4504109010858053,2,3,3
amazon:Baby_Products,test,55093,5,14.015731552899894,1,1,2
amazon:Baby_Products,test,55168,6,1.9550768836069916,4,4,4
amazon:Baby_Products,test,55212,5,4.256990490929556,3,5,5
amazon:Baby_Products,test,55298,5,2.2611845372086865,5,5,5
amazon:Baby_Products,test,55406,4,1.504832536083157,4,4,4
amazon:Baby_Products,test,56072,6,4.886699922206038,2,5,5
amazon:Baby_Products,test,56112,5,1.1217769299523304,5,5,5
amazon:Baby_Products,test,56156,12,3.010996052370233,10,12,12
amazon:Baby_Products,test,56306,8,1.3558568922139833,3,6,6
amazon:Baby_Products,test,56332,4,1.5163176972987287,2,3,3
amazon:Baby_Products,test,56490,7,16.651005321438028,1,3,5
amazon:Baby_Products,test,56605,5,1.2405643786414196,2,2,2
amazon:Baby_Products,test,56784,4,3.332596290717691,3,3,4
amazon:Baby_Products,test,56833,13,4.144653527211334,9,10,10
amazon:Baby_Products,test,56852,10,5.319471870034428,3,9,9
amazon:Baby_Products,test,56897,4,2.8348123841366526,3,3,4
amazon:Baby_Products,test,56919,11,1.960971017611229,2,10,10
amazon:Baby_Products,test,56952,5,1.1386747715836862,3,5,5
amazon:Baby_Products,test,57098,6,1.8147748526880298,1,1,1
amazon:Baby_Products,test,57131,6,6.459601761122881,1,5,6
amazon:Baby_Products,test,57498,11,4.625012310480667,5,6,6
amazon:Baby_Products,test,57538,3,0.9653055481991526,1,2,2
amazon:Baby_Products,test,57652,4,6.324580409163136,2,2,3
amazon:Baby_Products,test,57705,33,9.785727704581568,14,20,23
amazon:Baby_Products,test,57819,5,4.66588093385858,1,1,1
amazon:Baby_Products,test,57885,5,1.053573349774894,1,2,2
amazon:Baby_Products,test,58025,4,1.6928212311308262,2,3,3
amazon:Baby_Products,test,58056,8,3.975109552932998,2,5,5
amazon:Baby_Products,test,58101,6,0.1237865383342161,3,3,3
amazon:Baby_Products,test,58102,6,1.9468923795021187,1,1,1
amazon:Baby_Products,test,58115,24,6.011078398106462,13,20,23
amazon:Baby_Products,test,58198,5,1.3388336698887713,1,1,3
amazon:Baby_Products,test,58317,5,7.224477580442267,2,2,4
amazon:Baby_Products,test,58470,4,15.858287539724577,4,4,4
amazon:Baby_Products,test,58593,4,5.089969130693857,2,2,2
amazon:Baby_Products,test,58674,4,0.9916390111890888,3,3,3
amazon:Baby_Products,test,58689,4,0.7047912597656251,2,3,3
amazon:Baby_Products,test,58779,11,2.8934762728416317,6,6,9
amazon:Baby_Products,test,58803,10,1.9060797222590042,7,7,7
amazon:Baby_Products,test,58840,8,3.981568831104343,6,6,8
amazon:Baby_Products,test,58928,7,1.7874046196371824,1,6,7
amazon:Baby_Products,test,58980,6,1.6324767031912075,6,6,6
amazon:Baby_Products,test,59235,4,1.0104470463122353,2,2,2
amazon:Baby_Products,test,59286,5,0.9341840323755297,5,5,5
amazon:Baby_Products,test,59352,6,1.5756615590240997,5,5,5
amazon:Baby_Products,test,59396,4,0.8975439039327331,1,1,1
amazon:Baby_Products,test,59397,7,5.359743486824682,4,5,5
amazon:Baby_Products,test,59419,5,0.48373257911811446,1,1,1
amazon:Baby_Products,test,59424,6,1.5152153403072035,2,2,2
amazon:Baby_Products,test,59451,12,11.816084729210804,1,11,12
amazon:Baby_Products,test,59526,4,0.5280823788400424,2,4,4
amazon:Baby_Products,test,59603,8,1.9331602969412076,2,6,6
amazon:Baby_Products,test,59703,5,0.27100043862552964,3,5,5
amazon:Baby_Products,test,59719,4,9.608150779594808,1,1,1
amazon:Baby_Products,test,59802,5,1.2953358795683263,5,5,5
amazon:Baby_Products,test,59811,7,3.9788967326536016,5,7,7
amazon:Baby_Products,test,59878,4,1.2122202727754239,4,4,4
amazon:Baby_Products,test,59909,16,3.7867899231991524,5,10,11
amazon:Baby_Products,test,60037,6,0.5967756885593221,4,4,6
amazon:Baby_Products,test,60043,3,0.14566712460275424,3,3,3
amazon:Baby_Products,test,60160,14,6.0020094014830505,6,12,13
amazon:Baby_Products,test,60169,6,0.7105611510195975,6,6,6
amazon:Baby_Products,test,60467,6,0.4575559454449152,3,4,4
amazon:Baby_Products,test,60582,6,0.5739475056276484,2,2,2
amazon:Baby_Products,test,60617,7,9.70368735103284,5,6,6
amazon:Baby_Products,test,60685,5,0.9327812582759534,3,3,3
amazon:Baby_Products,test,60875,6,0.5681996490995762,3,6,6
amazon:Baby_Products,test,61097,2,0.2061215158236229,1,1,1
amazon:Baby_Products,test,61250,5,1.691781357587394,1,4,4
amazon:Baby_Products,test,61287,6,0.20020834712658897,3,3,3
amazon:Baby_Products,test,61508,4,0.3151824433924788,2,2,2
amazon:Baby_Products,test,61595,4,0.7907325873940678,2,2,2
amazon:Baby_Products,test,61778,6,4.370595123808263,4,5,5
amazon:Baby_Products,test,61827,8,3.5199239439883474,6,6,6
amazon:Baby_Products,test,61999,2,0.5085302320577331,1,2,2
amazon:Baby_Products,test,62003,6,4.889801542637711,5,5,6
amazon:Baby_Products,test,62120,5,2.201925814353814,3,3,3
amazon:Baby_Products,test,62168,6,1.553537763175318,2,6,6
amazon:Baby_Products,test,62216,5,5.594991186109641,2,4,4
amazon:Baby_Products,test,62257,4,1.7369252350370763,2,3,3
amazon:Baby_Products,test,62274,7,0.6488563666909428,4,4,4
amazon:Baby_Products,test,62275,8,2.143060613082627,4,5,6
amazon:Baby_Products,test,62283,8,5.326495050979873,1,8,8
amazon:Baby_Products,test,62320,4,1.1009852522510593,2,4,4
amazon:Baby_Products,test,62447,4,2.14577243610964,3,4,4
amazon:Baby_Products,test,62507,6,3.0313082420219812,2,4,4
amazon:Baby_Products,test,62557,4,1.172885080111229,2,2,2
amazon:Baby_Products,test,62986,6,4.042774058196504,4,6,6
amazon:Baby_Products,test,63344,5,0.8871238579184322,3,3,3
amazon:Baby_Products,test,63468,7,0.5958171262579449,4,4,4
amazon:Baby_Products,test,63503,12,4.0673480534957624,2,4,6
amazon:Baby_Products,test,63560,6,1.4927703340174787,3,3,6
amazon:Baby_Products,test,63577,5,6.469820080773305,5,5,5
amazon:Baby_Products,test,63671,9,1.345065048993644,6,8,8
amazon:Baby_Products,test,63740,13,6.445654917571504,9,11,12
amazon:Baby_Products,test,63761,7,7.435267768471928,1,4,4
amazon:Baby_Products,test,63845,5,4.3153030654131355,3,5,5
amazon:Baby_Products,test,64166,6,6.020526226496292,2,5,5
amazon:Baby_Products,test,64203,4,0.3370487536414195,4,4,4
amazon:Baby_Products,test,64496,15,3.6153112379171075,6,13,15
amazon:Baby_Products,test,64598,4,1.0425176070908369,2,4,4
amazon:Baby_Products,test,64635,5,23.46577313956568,2,2,2
amazon:Baby_Products,test,64789,7,1.2788727323887712,7,7,7
amazon:Baby_Products,test,64853,5,1.3858044640492584,2,4,4
amazon:Baby_Products,test,64910,5,0.8779096183130296,4,4,4
amazon:Baby_Products,test,64944,4,0.5826513258077328,4,4,4
amazon:Baby_Products,test,64977,7,1.9359797073622882,3,4,4
amazon:Baby_Products,test,65017,4,1.7954652947894598,1,2,2
amazon:Baby_Products,test,65041,10,2.631196930448888,3,8,9
amazon:Baby_Products,test,65185,10,3.2066906945180085,3,6,8
amazon:Baby_Products,test,65377,6,0.4511553230932204,4,4,4
amazon:Baby_Products,test,65438,7,3.1235481908765887,3,5,5
amazon:Baby_Products,test,65518,6,2.736893786414195,3,5,5
amazon:Baby_Products,test,65532,5,0.5531411381091101,4,5,5
amazon:Baby_Products,test,65582,6,8.744512215307203,4,5,5
amazon:Baby_Products,test,65720,5,2.552556028204449,4,4,4
amazon:Baby_Products,test,65957,4,1.060617117154396,4,4,4
amazon:Baby_Products,test,65967,5,0.6983191538665254,3,3,3
amazon:Baby_Products,test,65971,4,0.18312098616260594,2,2,2
amazon:Baby_Products,test,66025,6,0.9037301790916314,6,6,6
amazon:Baby_Products,test,66342,4,0.898743503376589,4,4,4
amazon:Baby_Products,test,66425,4,5.816257903535487,1,2,2
amazon:Baby_Products,test,66480,16,3.5939612437102753,8,9,15
amazon:Baby_Products,test,66529,3,1.3793399099576271,1,3,3
amazon:Baby_Products,test,66632,6,0.050432625463453395,4,4,4
amazon:Baby_Products,test,66697,7,5.352383060778602,6,6,7
amazon:Baby_Products,test,66784,7,1.4107585325079448,3,3,3
amazon:Baby_Products,test,66862,5,1.6855317713850635,3,4,4
amazon:Baby_Products,test,66873,6,5.782613670219809,3,4,4
amazon:Baby_Products,test,66904,9,1.839344089314089,2,4,4
amazon:Baby_Products,test,67093,4,1.0227590787208687,4,4,4
amazon:Baby_Products,test,67118,4,8.445124428959215,3,3,3
amazon:Baby_Products,test,67463,12,4.850900630627649,8,9,9
amazon:Baby_Products,test,67507,5,1.1282683808924787,3,5,5
amazon:Baby_Products,test,67614,5,0.8176017114671611,1,2,2
amazon:Baby_Products,test,67659,4,1.185364597126589,2,3,3
amazon:Baby_Products,test,67698,5,1.5892002946239405,3,3,3
amazon:Baby_Products,test,67737,5,3.2995642710540256,4,5,5
amazon:Baby_Products,test,67945,4,1.013058213056144,3,4,4
amazon:Baby_Products,test,68009,7,1.2675005379369706,2,6,7
amazon:Baby_Products,test,68100,4,0.4593323788400424,4,4,4
amazon:Baby_Products,test,68237,4,0.4574682203389831,1,3,4
amazon:Baby_Products,test,68256,6,3.1363568839380296,4,5,5
amazon:Baby_Products,test,68269,7,1.6754057286149364,4,5,6
amazon:Baby_Products,test,68562,2,0.08337826486361233,1,1,1
amazon:Baby_Products,test,68590,3,1.238785565909693,2,2,2
amazon:Baby_Products,test,68663,4,0.7976272841631356,4,4,4
amazon:Baby_Products,test,68756,4,0.9760713221663133,2,2,2
amazon:Baby_Products,test,68868,4,1.241336318193856,2,4,4
amazon:Baby_Products,test,69019,13,8.912839314088984,5,8,12
amazon:Baby_Products,test,69047,9,2.3172561904131355,6,9,9
amazon:Baby_Products,test,69092,11,1.2364243329581568,5,9,9
amazon:Baby_Products,test,69307,7,2.001637190479343,4,5,6
amazon:Baby_Products,test,69504,4,0.8196947000794491,1,4,4
amazon:Baby_Products,test,69674,23,12.783552784030721,9,14,18
amazon:Baby_Products,test,69677,5,1.4231228068723518,5,5,5
amazon:Baby_Products,test,69849,8,3.301268289856992,6,7,7
amazon:Baby_Products,test,69889,4,5.022854045286016,1,1,1
amazon:Baby_Products,test,69903,4,1.7934030306541313,1,2,4
amazon:Baby_Products,test,69962,11,10.983169400489937,9,9,9
amazon:Baby_Products,test,69970,6,2.1577887066340042,4,5,5
amazon:Baby_Products,test,69976,6,0.06703977423199153,1,1,1
amazon:Baby_Products,test,70004,4,3.010489564022776,4,4,4
amazon:Baby_Products,test,70168,7,1.2753614522643009,1,1,7
amazon:Baby_Products,test,70212,13,4.436014880164195,6,7,8
amazon:Baby_Products,test,70281,4,2.5793196338718216,2,2,3
amazon:Baby_Products,test,70344,5,1.3231888076006355,4,4,4
amazon:Baby_Products,test,70482,47,19.414555126125528,22,35,37
amazon:Baby_Products,test,70510,3,1.6206344345868642,3,3,3
amazon:Baby_Products,test,70993,3,2.090016820875265,2,2,2
amazon:Baby_Products,test,71031,4,1.2548604674258474,4,4,4
amazon:Baby_Products,test,71129,5,3.6979223219014834,3,5,5
amazon:Baby_Products,test,71228,12,1.7935420666710806,6,9,9
amazon:Baby_Products,test,71357,6,1.0892562607587393,6,6,6
amazon:Baby_Products,test,71538,7,18.912255652476162,2,7,7
amazon:Baby_Products,test,71931,5,1.2137939453125002,2,2,3
amazon:Baby_Products,test,71934,5,1.478821628376589,1,2,4
amazon:Baby_Products,test,71945,5,0.24275678214380292,4,4,4
amazon:Baby_Products,test,71968,9,2.8782916311490334,4,5,5
amazon:Baby_Products,test,72034,5,5.391935704118114,2,4,4
amazon:Baby_Products,test,72215,5,0.9717055498543431,4,4,4
amazon:Baby_Products,test,72236,6,1.2985984672934323,4,4,4
amazon:Baby_Products,test,72534,5,2.515228168034958,2,3,3
amazon:Baby_Products,test,72740,14,4.455706683659957,9,12,14
amazon:Baby_Products,test,72876,4,4.754050044690148,1,4,4
amazon:Baby_Products,test,72981,4,0.6570941472457625,3,4,4
amazon:Baby_Products,test,73037,5,3.080149918895657,4,5,5
amazon:Baby_Products,test,73181,5,2.2241126108977753,3,3,3
amazon:Baby_Products,test,73274,10,2.327130023503708,1,3,6
amazon:Baby_Products,test,73342,4,3.157006629038665,4,4,4
amazon:Baby_Products,test,73513,5,1.6907176906779662,3,4,4
amazon:Baby_Products,test,73518,4,0.7568121441340042,4,4,4
amazon:Baby_Products,test,73593,4,0.7473018322960805,4,4,4
amazon:Baby_Products,test,73636,4,1.1767654677568855,4,4,4
amazon:Baby_Products,test,73732,7,0.7403223070047669,7,7,7
amazon:Baby_Products,test,73883,5,0.4796628790386652,2,2,2
amazon:Baby_Products,test,73997,3,0.4231808419954979,1,1,1
amazon:Baby_Products,test,74086,6,0.6564815197960806,1,1,1
amazon:Baby_Products,test,74224,3,1.3901920641882946,3,3,3
amazon:Baby_Products,test,74277,4,0.3178173000529661,4,4,4
amazon:Baby_Products,test,74388,6,3.2547886735301907,3,6,6
amazon:Baby_Products,test,74396,50,13.916375835871293,31,39,43
amazon:Baby_Products,test,74543,5,2.299307302701271,3,5,5
amazon:Baby_Products,test,74677,5,0.6935391700873941,1,3,3
amazon:Baby_Products,test,74737,5,1.0288880429025424,1,1,4
amazon:Baby_Products,test,74982,4,3.4291688046212925,2,2,2
amazon:Baby_Products,test,75085,11,2.5244630975238347,5,9,9
amazon:Baby_Products,test,75095,3,4.512642967094809,2,2,3
amazon:Baby_Products,test,75120,3,2.804039492849576,2,2,3
amazon:Baby_Products,test,75131,6,1.964569195246292,4,5,5
amazon:Baby_Products,test,75253,4,0.36882406978283894,3,3,3
amazon:Baby_Products,test,75291,5,0.2107734292240466,4,4,4
amazon:Baby_Products,test,75375,4,0.9880613165386652,1,1,1
amazon:Baby_Products,test,75581,5,3.0611110881223516,4,5,5
amazon:Baby_Products,test,75605,6,2.29807522014036,4,5,5
amazon:Baby_Products,test,75705,5,3.516071901483051,3,3,3
amazon:Baby_Products,test,75740,7,4.211863165386653,5,5,5
amazon:Baby_Products,test,75843,4,0.6948188393802966,1,4,4
amazon:Baby_Products,test,75881,5,0.9334568864208157,4,5,5
amazon:Baby_Products,test,75904,7,4.539001051046081,2,3,3
amazon:Baby_Products,test,75921,4,3.149499304819915,2,3,4
amazon:Baby_Products,test,75986,5,4.001800847457628,2,2,3
amazon:Baby_Products,test,76083,5,1.0968038268008473,3,3,3
amazon:Baby_Products,test,76231,6,3.321647825079449,3,4,4
amazon:Baby_Products,test,76326,4,1.6924527443061443,1,2,2
amazon:Baby_Products,test,76415,5,1.9873543432203389,4,5,5
amazon:Baby_Products,test,76420,4,0.21076908434851693,3,3,3
amazon:Baby_Products,test,76424,8,0.7300882630429025,7,7,7
amazon:Baby_Products,test,76484,4,0.22087940280720342,3,3,3
amazon:Baby_Products,test,76575,4,0.43242870266154654,4,4,4
amazon:Baby_Products,test,76862,6,1.5817494537870764,3,3,3
amazon:Baby_Products,test,76901,16,3.712860624668962,12,13,14
amazon:Baby_Products,test,77052,4,0.42774927171610155,2,2,2
amazon:Baby_Products,test,77139,4,1.252965274099576,2,2,2
amazon:Baby_Products,test,77339,3,2.0567403502383472,2,2,2
amazon:Baby_Products,test,77450,6,2.1792517710540253,4,5,5
amazon:Baby_Products,test,77462,4,0.41501485533633475,3,3,3
amazon:Baby_Products,test,77502,4,0.7087431309586865,4,4,4
amazon:Baby_Products,test,77524,11,1.3941834530587924,7,7,8
amazon:Baby_Products,test,77599,4,1.9878184173066735,2,2,3
amazon:Baby_Products,test,77615,4,1.1211879924192267,2,3,4
amazon:Baby_Products,test,77687,3,1.1845591399629236,1,2,2
amazon:Baby_Products,test,77934,4,2.3745992369570974,3,3,3
amazon:Baby_Products,test,78070,4,0.9661441091763772,2,4,4
amazon:Baby_Products,test,78206,12,4.263367733712923,4,10,11
amazon:Baby_Products,test,78419,8,2.007814672437765,1,4,4
amazon:Baby_Products,test,78470,4,1.5743910967293433,2,3,3
amazon:Baby_Products,test,78477,4,1.009043134269068,3,4,4
amazon:Baby_Products,test,78637,5,1.8844242419226696,4,4,5
amazon:Baby_Products,test,78833,6,0.6881155240333687,2,2,6
amazon:Baby_Products,test,78844,4,1.9265004303495763,3,3,3
amazon:Baby_Products,test,78879,2,0.9883377333818855,1,1,1
amazon:Baby_Products,test,78988,4,0.16887372550317797,1,1,1
amazon:Baby_Products,test,79016,13,8.473446810447562,3,11,12
amazon:Baby_Products,test,79064,8,1.9789025258209745,5,8,8
amazon:Baby_Products,test,79154,11,8.183389333951272,9,10,11
amazon:Baby_Products,test,79321,7,4.454026665121822,5,7,7
amazon:Baby_Products,test,79351,4,0.4214603747351695,1,4,4
amazon:Baby_Products,test,79494,14,3.100454349841102,7,12,13
amazon:Baby_Products,test,79531,5,0.06556665452860155,3,3,3
amazon:Baby_Products,test,79674,4,1.2024627168299789,3,3,3
amazon:Baby_Products,test,79713,4,2.5199833239539196,2,2,4
amazon:Baby_Products,test,79797,7,2.34248046875,6,7,7
amazon:Baby_Products,test,79929,15,15.86556117170948,1,2,5
amazon:Baby_Products,test,80155,5,6.534141618114407,2,5,5
amazon:Baby_Products,test,80162,3,1.2647833355402542,2,2,2
amazon:Baby_Products,test,80236,9,10.337646898172668,6,8,9
amazon:Baby_Products,test,80250,4,3.4181218551377124,3,3,4
amazon:Baby_Products,test,80399,7,2.0048169152211335,7,7,7
amazon:Baby_Products,test,80567,4,1.8967098947298728,2,4,4
amazon:Baby_Products,test,80575,7,1.5961720612089514,5,6,6
amazon:Baby_Products,test,80598,4,0.8079341565148305,4,4,4
amazon:Baby_Products,test,80684,4,5.029430531647245,1,1,4
amazon:Baby_Products,test,80716,6,4.0470028634798725,4,5,5
amazon:Baby_Products,test,80767,6,3.6494161314883478,2,5,6
amazon:Baby_Products,test,80768,5,1.0738848152807203,5,5,5
amazon:Baby_Products,test,80773,8,4.621884724245232,4,7,7
amazon:Baby_Products,test,80816,7,2.6174541925979873,5,5,7
amazon:Baby_Products,test,80889,5,2.341910048662606,2,4,5
amazon:Baby_Products,test,80904,6,1.5712218203787076,4,4,4
amazon:Baby_Products,test,81015,5,0.17966618942002122,1,1,1
amazon:Baby_Products,test,81016,14,3.7494045451536016,9,13,14
amazon:Baby_Products,test,81134,8,5.495848988678495,8,8,8
amazon:Baby_Products,test,81163,3,4.85423935712394,3,3,3
amazon:Baby_Products,test,81179,9,0.8851142495365466,2,5,5
amazon:Baby_Products,test,81340,5,1.9338099592823093,1,4,4
amazon:Baby_Products,test,81452,6,1.6346764516022247,2,4,4
amazon:Baby_Products,test,81496,4,0.5996655480336335,1,1,1
amazon:Baby_Products,test,81611,9,2.5033457610566736,1,6,6
amazon:Baby_Products,test,81654,4,4.366097970736229,3,3,3
amazon:Baby_Products,test,81690,3,0.04429745431673726,2,2,2
amazon:Baby_Products,test,81694,5,2.6541191489009535,2,5,5
amazon:Baby_Products,test,81709,4,1.8470723814883476,2,2,2
amazon:Baby_Products,test,81717,4,2.957966432733051,1,1,3
amazon:Baby_Products,test,81755,12,0.8877118644067796,7,7,7
amazon:Baby_Products,test,81802,11,5.446535892809852,6,8,9
amazon:Baby_Products,test,82047,5,0.5113246077198094,1,1,1
amazon:Baby_Products,test,82125,4,1.831571520789195,1,1,1
amazon:Baby_Products,test,82169,4,1.6385181491657839,3,3,3
amazon:Baby_Products,test,82297,5,1.864991889565678,1,2,2
amazon:Baby_Products,test,82306,5,0.5867384053893009,4,4,4
amazon:Baby_Products,test,82405,35,35.96982442564884,15,27,29
amazon:Baby_Products,test,82425,4,2.1887875314486234,2,4,4
amazon:Baby_Products,test,82515,4,0.3275149587857521,1,1,1
amazon:Baby_Products,test,82572,11,4.697601628707627,7,11,11
amazon:Baby_Products,test,82673,11,0.8474097300384005,9,9,9
amazon:Baby_Products,test,82852,6,7.696107405323093,2,2,2
amazon:Baby_Products,test,82964,5,0.13888663599046608,5,5,5
amazon:Baby_Products,test,83095,6,3.018739241260594,6,6,6
amazon:Baby_Products,test,83201,13,23.446779826536016,2,2,5
amazon:Baby_Products,test,83223,7,2.5095032772775423,4,4,4
amazon:Baby_Products,test,83240,4,1.8994239936440678,3,4,4
amazon:Baby_Products,test,83247,3,1.9061144812632416,3,3,3
amazon:Baby_Products,test,83321,5,0.5700979459083686,1,1,1
amazon:Baby_Products,test,83348,3,0.8302080574682202,3,3,3
amazon:Baby_Products,test,83461,5,0.6190110028800317,4,4,4
amazon:Baby_Products,test,83554,3,1.1507742154396188,1,1,1
amazon:Baby_Products,test,83569,4,2.6651939262778073,2,3,3
amazon:Baby_Products,test,83588,4,0.9560904809984111,1,2,2
amazon:Baby_Products,test,83593,8,1.0252168299788136,4,6,6
amazon:Baby_Products,test,83613,32,7.816055142677436,17,25,27
amazon:Baby_Products,test,83746,5,5.177647270590572,1,5,5
amazon:Baby_Products,test,83853,14,27.727667339777536,2,3,9
amazon:Baby_Products,test,83922,5,5.100416280455509,3,4,4
amazon:Baby_Products,test,84019,4,1.0434727555614407,4,4,4
amazon:Baby_Products,test,84088,4,4.150601868710275,3,4,4
amazon:Baby_Products,test,84191,5,2.8040334927833683,3,5,5
amazon:Baby_Products,test,84235,5,5.140290237685381,3,3,4
amazon:Baby_Products,test,84959,4,4.365408997616525,1,1,1
amazon:Baby_Products,test,85025,5,1.2642791230799788,4,5,5
amazon:Baby_Products,test,85093,4,1.0715493412341102,3,4,4
amazon:Baby_Products,test,85177,6,0.21284386586334747,6,6,6
amazon:Baby_Products,test,85329,5,1.869496077198093,2,5,5
amazon:Baby_Products,test,85544,5,1.8894491939221396,2,3,4
amazon:Baby_Products,test,85563,6,2.8083971961069913,5,5,5
amazon:Baby_Products,test,85697,22,5.897044657044491,12,15,15
amazon:Baby_Products,test,85783,6,2.6165330789856993,1,1,1
amazon:Baby_Products,test,85862,4,2.415398031978284,1,1,1
amazon:Baby_Products,test,85963,5,4.125497591697563,4,4,4
amazon:Baby_Products,test,86135,6,1.763508218021716,4,6,6
amazon:Baby_Products,test,86218,7,4.5879665568723516,4,7,7
amazon:Baby_Products,test,86267,9,3.632242390260858,5,6,8
amazon:Baby_Products,test,86637,15,3.6869452007746295,7,11,11
amazon:Baby_Products,test,86646,5,2.182739464711335,1,3,3
amazon:Baby_Products,test,86678,5,8.394191935911017,2,4,4
amazon:Baby_Products,test,86701,5,1.7461887165651482,3,3,3
amazon:Baby_Products,test,87044,6,2.246100577661547,5,6,6
amazon:Baby_Products,test,87093,7,3.730325576006356,2,6,7
amazon:Baby_Products,test,87096,8,4.377479268736758,5,8,8
amazon:Baby_Products,test,87435,4,0.636975925251589,3,3,3
amazon:Baby_Products,test,87445,7,4.3720148636122875,5,7,7
amazon:Baby_Products,test,87520,4,0.12912349377648308,3,3,3
amazon:Baby_Products,test,87666,4,4.92071491823358,1,1,1
amazon:Baby_Products,test,87790,9,4.483156986559852,4,9,9
amazon:Baby_Products,test,87799,6,3.772154934123411,1,6,6
amazon:Baby_Products,test,87834,11,6.580313368975106,5,8,11
amazon:Baby_Products,test,87876,5,5.164137811175848,5,5,5
amazon:Baby_Products,test,88121,7,1.2937123444120764,4,4,4
amazon:Baby_Products,test,88143,7,1.7718358961202332,5,7,7
amazon:Baby_Products,test,88217,5,0.6954935364804027,2,2,2
amazon:Baby_Products,test,88262,13,7.797897907838983,9,10,11
amazon:Baby_Products,test,88348,6,1.2408064502780722,3,6,6
amazon:Baby_Products,test,88449,4,0.26600455591234107,2,2,2
amazon:Baby_Products,test,88490,7,1.9526898917505298,4,4,4
amazon:Baby_Products,test,88492,4,1.062783865201271,3,3,3
amazon:Baby_Products,test,88613,5,1.8528930664062502,5,5,5
amazon:Baby_Products,test,88623,5,3.820496639962924,4,4,4
amazon:Baby_Products,test,88729,4,0.5153845835540254,3,3,3
amazon:Baby_Products,test,88773,8,2.034035479012182,3,6,6
amazon:Baby_Products,test,88831,5,6.7046055680614405,2,4,4
amazon:Baby_Products,test,88886,4,1.50723049357786,3,4,4
amazon:Baby_Products,test,88978,6,1.5481605659096926,4,6,6
amazon:Baby_Products,test,89005,6,1.5950795319120763,3,4,5
amazon:Baby_Products,test,89176,9,2.687477965274099,4,7,7
amazon:Baby_Products,test,89212,4,3.278664799059852,2,3,3
amazon:Baby_Products,test,89311,7,0.7374896550582627,6,6,6
amazon:Baby_Products,test,89329,7,0.409287895590572,4,4,4
amazon:Baby_Products,test,89426,5,2.5639778783765887,4,5,5
amazon:Baby_Products,test,89542,10,2.128642350536282,3,8,8
amazon:Baby_Products,test,89702,4,3.0306581658832092,1,2,2
amazon:Baby_Products,test,89838,9,9.773832262976695,3,5,7
amazon:Baby_Products,test,89839,4,0.9923675019862289,4,4,4
amazon:Baby_Products,test,89865,10,1.2101874917240467,7,8,8
amazon:Baby_Products,test,89965,14,14.699243577860168,9,14,14
amazon:Baby_Products,test,90001,6,12.023404603085273,1,1,1
amazon:Baby_Products,test,90310,4,0.4924645375397245,2,4,4
amazon:Baby_Products,test,90315,12,3.5581011238744704,9,11,11
amazon:Baby_Products,test,90364,4,1.8661912821106992,4,4,4
amazon:Baby_Products,test,90467,6,0.5405546543961866,2,2,2
amazon:Baby_Products,test,90478,5,4.277432302701271,3,5,5
amazon:Baby_Products,test,90524,4,0.4675299175715043,2,2,2
amazon:Baby_Products,test,90577,4,2.568361237089513,4,4,4
amazon:Baby_Products,test,90579,54,9.304233357057733,38,49,50
amazon:Baby_Products,test,91006,4,5.230496888241525,3,4,4
amazon:Baby_Products,test,91091,11,2.1768455376059324,9,10,10
amazon:Baby_Products,test,91111,7,2.078866318524894,5,5,5
amazon:Baby_Products,test,91278,4,3.9788037316273837,2,2,2
amazon:Baby_Products,test,91318,13,3.751260944948358,13,13,13
amazon:Baby_Products,test,91347,4,1.3629740052304027,1,1,1
amazon:Baby_Products,test,91356,8,3.466947911149364,5,6,8
amazon:Baby_Products,test,91376,7,3.112234341896186,2,6,7
amazon:Baby_Products,test,91429,3,3.62449516684322,3,3,3
amazon:Baby_Products,test,91477,10,2.67202541545286,5,6,9
amazon:Baby_Products,test,91505,5,3.7081474692134533,3,4,4
amazon:Baby_Products,test,91676,5,1.0354208736096397,3,4,4
amazon:Baby_Products,test,91771,4,1.737604277012712,3,3,3
amazon:Baby_Products,test,91813,7,1.2494370282706568,3,4,4
amazon:Baby_Products,test,91861,10,3.1603012860831567,6,8,8
amazon:Baby_Products,test,92053,4,1.4225703869835806,3,4,4
amazon:Baby_Products,test,92182,10,2.1237770209878177,7,7,8
amazon:Baby_Products,test,92276,3,2.945456811937235,2,2,3
amazon:Baby_Products,test,92336,5,5.673113910222456,2,3,5
amazon:Baby_Products,test,92517,9,2.991495216498941,4,4,6
amazon:Baby_Products,test,92660,4,2.0061031018273305,3,4,4
amazon:Baby_Products,test,92714,5,1.3793943243511653,3,5,5
amazon:Baby_Products,test,92778,8,8.204323151152014,3,5,5
amazon:Baby_Products,test,92865,5,1.111899372682733,3,3,3
amazon:Baby_Products,test,92873,14,5.0181013721530725,3,9,14
amazon:Baby_Products,test,92947,4,0.5275167174258474,4,4,4
amazon:Baby_Products,test,92985,5,0.5303336450609111,1,1,1
amazon:Baby_Products,test,93241,15,5.1988264698093225,4,5,5
amazon:Baby_Products,test,93468,5,3.120180084745763,2,3,3
amazon:Baby_Products,test,93483,9,14.60358059123411,1,1,7
amazon:Baby_Products,test,93624,6,0.5263911877648304,1,1,1
amazon:Baby_Products,test,93630,4,1.4356058411679027,4,4,4
amazon:Baby_Products,test,93863,7,1.7462118892346399,4,6,6
amazon:Baby_Products,test,93926,5,1.043341064453125,4,5,5
amazon:Baby_Products,test,94006,7,0.4436774819584216,1,6,6
amazon:Baby_Products,test,94027,4,1.124708686440678,4,4,4
amazon:Baby_Products,test,94110,4,1.2078122931011652,2,2,2
amazon:Baby_Products,test,94155,6,4.8309280654131355,2,4,6
amazon:Baby_Products,test,94220,4,5.51616645425053,2,2,2
amazon:Baby_Products,test,94250,15,10.220088014764302,4,8,11
amazon:Baby_Products,test,94320,7,0.20381542141154663,6,6,6
amazon:Baby_Products,test,94325,6,2.469110624668962,4,5,5
amazon:Baby_Products,test,94421,4,3.7197604939088986,2,3,3
amazon:Baby_Products,test,94442,17,6.410524529925848,8,12,12
amazon:Baby_Products,test,94500,4,0.5456814006223517,4,4,4
amazon:Baby_Products,test,94521,6,3.578957560911017,2,4,4
amazon:Baby_Products,test,94657,8,1.4667317018670551,5,8,8
amazon:Baby_Products,test,94758,11,2.2130424887447036,4,11,11
amazon:Baby_Products,test,94870,3,0.543297512248411,1,1,1
amazon:Baby_Products,test,94999,11,2.6986752267611225,3,6,6
amazon:Baby_Products,test,95022,8,0.8338126489671609,4,4,4
amazon:Baby_Products,test,95162,4,2.3898176807468223,2,4,4
amazon:Baby_Products,test,95359,6,0.9122662043167373,3,4,5
amazon:Baby_Products,test,95401,7,1.8360531564486227,2,3,6
amazon:Baby_Products,test,95581,6,5.639190156581039,3,6,6
amazon:Baby_Products,test,95582,4,1.1575570833885063,4,4,4
amazon:Baby_Products,test,95682,4,1.4595301741260593,3,3,3
amazon:Baby_Products,test,95869,5,0.4110889499470339,5,5,5
amazon:Baby_Products,test,95891,5,2.945407880362818,4,4,4
amazon:Baby_Products,test,95943,5,5.029191770391948,3,3,4
amazon:Baby_Products,test,96087,6,5.85229885295286,2,3,4
amazon:Baby_Products,test,96195,6,2.0667223914194914,4,5,5
amazon:Baby_Products,test,96295,4,0.13434375827595346,3,3,3
amazon:Baby_Products,test,96298,5,4.870588916843221,3,4,5
amazon:Baby_Products,test,96397,6,2.149029230667373,4,6,6
amazon:Baby_Products,test,96488,4,1.609589760990466,1,3,3
amazon:Baby_Products,test,96513,4,1.360139904992055,1,1,1
amazon:Baby_Products,test,96644,7,3.188539045948094,5,7,7
amazon:Baby_Products,test,96723,4,0.11454643637447032,3,3,3
amazon:Baby_Products,test,97050,11,4.8529814122086865,6,9,9
amazon:Baby_Products,test,97089,4,0.7099613512976695,1,2,2
amazon:Baby_Products,test,97164,4,0.9540070097325213,3,3,3
amazon:Baby_Products,test,97366,6,1.7629225908699684,5,5,5
amazon:Baby_Products,test,97585,11,3.2752658650026483,6,8,8
amazon:Baby_Products,test,97686,10,2.6192170741194385,7,10,10
amazon:Baby_Products,test,97778,3,2.032889466366526,3,3,3
amazon:Baby_Products,test,97833,5,2.0957917811506888,1,1,2
amazon:Baby_Products,test,97872,8,1.5525012000132414,1,2,2
amazon:Baby_Products,test,97958,17,4.302631753177967,8,11,11
amazon:Baby_Products,test,97982,4,2.2670821884931143,4,4,4
amazon:Baby_Products,test,98013,4,1.5516578803628178,3,3,3
amazon:Baby_Products,test,98086,5,1.6732446702860169,5,5,5
amazon:Baby_Products,test,98094,12,3.385905016882945,6,6,8
amazon:Baby_Products,test,98315,4,0.5075671179819915,1,1,1
amazon:Baby_Products,test,98529,4,0.13580529164459743,3,3,3
amazon:Baby_Products,test,98548,14,2.351970711400954,8,14,14
amazon:Baby_Products,test,98624,4,3.5724841101694915,4,4,4
amazon:Baby_Products,test,98729,4,1.3661947993908896,3,3,3
amazon:Baby_Products,test,98842,7,0.40348272808527536,6,6,6
amazon:Baby_Products,test,98892,3,0.6430879237288135,1,1,1
amazon:Baby_Products,test,98961,17,2.699748617915784,15,17,17
amazon:Baby_Products,test,99079,4,2.3608644647113346,1,1,3
amazon:Baby_Products,test,99143,4,1.1870770987817796,2,2,2
amazon:Baby_Products,test,99170,10,7.147938666909427,6,8,10
amazon:Baby_Products,test,99292,6,0.0012840141684322126,1,1,1
amazon:Baby_Products,test,99435,7,15.118547032243116,1,4,6
amazon:Baby_Products,test,99606,3,2.484614381951801,2,3,3
amazon:Baby_Products,test,99670,17,5.198497500662077,7,10,10
amazon:Baby_Products,test,99704,5,2.487934280654131,3,3,3
amazon:Baby_Products,test,99791,48,27.55380735235699,34,46,46
amazon:Baby_Products,test,99794,4,1.5116140591896186,2,2,2
amazon:Baby_Products,test,100035,23,8.055396335407838,8,14,15
amazon:Baby_Products,test,100227,4,1.1865832312632414,1,4,4
amazon:Baby_Products,test,100291,4,0.3627569683527542,3,3,3
amazon:Baby_Products,test,100323,8,6.76092332742982,3,5,7
amazon:Baby_Products,test,100409,9,4.13768310546875,3,5,7
amazon:Baby_Products,test,100481,10,0.32621253062102756,6,6,6
amazon:Baby_Products,test,100630,4,0.15188360699152542,1,1,1
amazon:Baby_Products,test,100683,5,0.4896411960407839,3,4,4
amazon:Baby_Products,test,100697,4,2.7422057070974573,1,2,2
amazon:Baby_Products,test,100778,7,0.8929751638638772,4,4,4
amazon:Baby_Products,test,100935,6,3.9927204713983055,2,4,6
amazon:Baby_Products,test,101021,6,0.3096412788003178,6,6,6
amazon:Baby_Products,test,101044,6,3.7750665179753704,6,6,6
amazon:Baby_Products,test,101078,4,1.476002114506091,4,4,4
amazon:Baby_Products,test,101104,6,3.9771546444650423,3,5,5
amazon:Baby_Products,test,101132,6,1.2362387447033898,5,6,6
amazon:Baby_Products,test,101180,10,2.248089289261123,2,8,8
amazon:Baby_Products,test,101186,5,15.403040171477755,1,3,4
amazon:Baby_Products,test,101325,17,8.59222019001589,11,13,16
amazon:Baby_Products,test,101757,3,0.48739427469544483,3,3,3
amazon:Baby_Products,test,101804,8,8.223805573027013,3,7,8
amazon:Baby_Products,test,101957,6,1.5309224791445977,5,6,6
amazon:Baby_Products,test,101984,11,2.3570723194186973,5,8,11
amazon:Baby_Products,test,102009,5,0.6979881157309322,3,3,3
amazon:Baby_Products,test,102018,11,5.321042025291313,6,10,10
amazon:Baby_Products,test,102111,4,2.9354055630958684,3,3,3
amazon:Baby_Products,test,102157,3,2.6887645656779657,2,3,3
amazon:Baby_Products,test,102190,4,0.17456923662605928,1,1,1
amazon:Baby_Products,test,102639,8,1.625227174920551,4,6,6
amazon:Baby_Products,test,102663,4,0.6003277277542374,4,4,4
amazon:Baby_Products,test,102798,7,1.8918699102886651,3,5,7
amazon:Baby_Products,test,102962,4,1.9371689618644068,1,1,4
amazon:Baby_Products,test,103286,15,3.7243811655852754,6,10,10
amazon:Baby_Products,test,103353,9,1.8113552287473516,7,9,9
amazon:Baby_Products,test,103408,7,12.167011635990466,3,6,6
amazon:Baby_Products,test,103449,17,7.709095893471928,11,13,13
amazon:Baby_Products,test,103464,6,0.8685650324417373,2,6,6
amazon:Baby_Products,test,103491,4,2.468226752846928,2,2,2
amazon:Baby_Products,test,103534,9,2.332963536149365,7,8,8
amazon:Baby_Products,test,103673,7,1.465482653601695,1,6,6
amazon:Baby_Products,test,103848,5,2.230323093220339,2,3,5
amazon:Baby_Products,test,103866,4,2.3837903038930084,4,4,4
amazon:Baby_Products,test,103885,15,1.8487612966763771,2,11,11
amazon:Baby_Products,test,103891,6,4.53320746987553,2,6,6
amazon:Baby_Products,test,104014,4,0.4294919806011652,3,3,3
amazon:Baby_Products,test,104039,12,1.8117441985566738,4,8,8
amazon:Baby_Products,test,104217,5,3.103758627681409,1,4,4
amazon:Baby_Products,test,104381,10,1.992522262314619,1,7,8
amazon:Baby_Products,test,104383,4,1.0301364704713982,2,2,2
amazon:Baby_Products,test,104411,5,7.4437504137976696,3,4,4
amazon:Baby_Products,test,104498,4,0.4290454929157839,1,2,2
amazon:Baby_Products,test,104625,5,12.966440388307733,1,1,4
amazon:Baby_Products,test,104651,4,1.316071073887712,1,3,3
amazon:Baby_Products,test,104658,5,1.2537241790254239,3,5,5
amazon:Baby_Products,test,104694,6,5.89652575476695,4,6,6
amazon:Baby_Products,test,104778,4,18.195776160288666,1,4,4
amazon:Baby_Products,test,104854,6,5.707208355402543,5,5,5
amazon:Baby_Products,test,104946,5,2.7575806698556677,1,3,3
amazon:Baby_Products,test,104955,4,0.17927887480137716,2,2,2
amazon:Baby_Products,test,105010,28,8.90576999470339,10,28,28
amazon:Baby_Products,test,105091,11,3.6745127532441737,10,11,11
amazon:Baby_Products,test,105117,3,1.5599408683130296,1,3,3
amazon:Baby_Products,test,105143,31,17.516214868577862,19,25,31
amazon:Baby_Products,test,105207,6,2.698427155058263,6,6,6
amazon:Baby_Products,test,105368,5,0.2448668399099576,3,3,3
amazon:Baby_Products,test,105448,4,3.82090236857786,2,2,3
amazon:Baby_Products,test,105625,10,0.1611837096133475,1,1,1
amazon:Baby_Products,test,105704,5,12.696196992518537,1,1,1
amazon:Baby_Products,test,105734,4,1.9033136917372881,3,4,4
amazon:Baby_Products,test,105814,3,0.6947604939088983,2,3,3
amazon:Baby_Products,test,106037,4,1.4317602125264832,4,4,4
amazon:Baby_Products,test,106153,6,1.545598847987288,4,5,5
amazon:Baby_Products,test,106238,5,0.6434150307865466,2,2,2
amazon:Baby_Products,test,106383,6,4.440727621822035,4,5,6
amazon:Baby_Products,test,106418,5,0.1635318044888771,2,2,2
amazon:Baby_Products,test,106533,5,1.0699467028601695,3,3,3
amazon:Baby_Products,test,106814,4,1.4661087294756359,1,2,4
amazon:Baby_Products,test,106846,12,6.842986750198623,7,9,10
amazon:Baby_Products,test,106889,3,0.6893194683527544,1,1,1
amazon:Baby_Products,test,107443,8,0.17047077760858048,3,3,3
amazon:Baby_Products,test,107488,4,1.5957745050979872,1,1,1
amazon:Baby_Products,test,107521,4,0.47466627217955504,2,2,2
amazon:Baby_Products,test,107529,5,0.5728730799788136,4,4,4
amazon:Baby_Products,test,107620,4,1.5646382994570975,2,3,3
amazon:Baby_Products,test,107657,12,5.455383921477754,6,8,9
amazon:Baby_Products,test,107692,12,12.515867899231992,8,11,12
amazon:Baby_Products,test,107732,4,0.7439198639433263,4,4,4
amazon:Baby_Products,test,107821,4,0.8841418250132415,2,3,3
amazon:Baby_Products,test,108103,6,7.504671775688561,6,6,6
amazon:Baby_Products,test,108149,9,5.308411265227754,6,9,9
amazon:Baby_Products,test,108205,11,6.096159440380031,7,9,10
amazon:Baby_Products,test,108258,4,1.226254013837394,1,1,1
amazon:Baby_Products,test,108337,4,1.2888253939353813,3,4,4
amazon:Baby_Products,test,108575,6,0.7650775456832628,5,6,6
amazon:Baby_Products,test,108702,18,10.675104070113875,7,10,13
amazon:Baby_Products,test,108843,4,0.7231720487950213,4,4,4
amazon:Baby_Products,test,109031,4,1.3929755776615464,3,4,4
amazon:Baby_Products,test,109126,4,2.561104674258474,1,3,3
amazon:Baby_Products,test,109137,6,1.3236270193326272,3,5,5
amazon:Baby_Products,test,109180,4,2.3406734143273304,3,4,4
amazon:Baby_Products,test,109193,23,17.105789856991525,10,13,18
amazon:Baby_Products,test,109265,4,2.662437930349576,3,3,4
amazon:Baby_Products,test,109266,14,7.676746639962923,7,11,11
amazon:Baby_Products,test,109409,5,1.0947863562632416,2,3,3
amazon:Baby_Products,test,109410,4,3.1665399066472455,1,1,1
amazon:Baby_Products,test,109417,7,2.6787080409163133,5,5,5
amazon:Baby_Products,test,109489,4,1.919061589645127,4,4,4
amazon:Baby_Products,test,109511,3,0.6691784874867586,3,3,3
amazon:Baby_Products,test,109557,9,2.2554443359375,4,7,8
amazon:Baby_Products,test,109639,10,3.2520302982653604,5,6,6
amazon:Baby_Products,test,109757,5,2.4107941191075213,4,5,5
amazon:Baby_Products,test,109906,7,3.6802901963056143,5,6,7
amazon:Baby_Products,test,110135,17,12.262045753608316,9,11,11
amazon:Baby_Products,test,110188,4,0.10023379568326285,4,4,4
amazon:Baby_Products,test,110200,15,6.57973001771054,10,13,14
amazon:Baby_Products,test,110274,4,1.6944797321901486,3,4,4
amazon:Baby_Products,test,110296,12,4.1406506554555085,3,10,11
amazon:Baby_Products,test,110336,4,1.1871985483977752,4,4,4
amazon:Baby_Products,test,110343,4,0.9750024827860169,1,3,3
amazon:Baby_Products,test,110367,5,1.9354485980534957,4,4,4
amazon:Baby_Products,test,110445,6,0.8134953902939619,1,4,4
amazon:Baby_Products,test,110503,7,1.4299748824814618,3,6,6
amazon:Baby_Products,test,110635,6,3.9533573473914196,6,6,6
amazon:Baby_Products,test,110668,11,4.624727721133475,8,11,11
amazon:Baby_Products,test,110749,4,0.016626080011917344,3,3,3
amazon:Baby_Products,test,110827,18,4.8302562648967164,2,5,6
amazon:Baby_Products,test,111012,13,13.323175772974045,1,2,3
amazon:Baby_Products,test,111098,7,1.4483801890227754,5,6,7
amazon:Baby_Products,test,111105,5,5.629822191141419,2,3,3
amazon:Baby_Products,test,111161,4,6.511707163665254,2,4,4
amazon:Baby_Products,test,111190,6,2.4067881438691736,5,5,6
amazon:Baby_Products,test,111257,6,2.9507605601165254,4,5,5
amazon:Baby_Products,test,111267,4,2.8312390343617584,4,4,4
amazon:Baby_Products,test,111282,9,4.9409839694782836,5,6,8
amazon:Baby_Products,test,111478,10,3.597981701867055,10,10,10
amazon:Baby_Products,test,111485,8,3.4999499304819914,1,6,8
amazon:Baby_Products,test,111635,5,2.5706915386652542,1,2,2
amazon:Baby_Products,test,111729,9,0.9582782292770129,1,5,5
amazon:Baby_Products,test,111811,8,2.9075294623940677,2,6,7
amazon:Baby_Products,test,111859,4,3.4912930763373944,2,3,4
amazon:Baby_Products,test,112084,8,4.5239307468220336,4,5,5
amazon:Baby_Products,test,112097,6,4.312701105667373,5,6,6
amazon:Baby_Products,test,112147,5,14.532762637380825,1,2,3
amazon:Baby_Products,test,112218,8,13.108341954118114,2,2,3
amazon:Baby_Products,test,112285,4,0.9872823424258474,4,4,4
amazon:Baby_Products,test,112333,5,0.9874306888903601,2,2,2
amazon:Baby_Products,test,112516,14,5.608108572232521,10,13,14
amazon:Baby_Products,test,112828,7,3.640786174192267,3,5,5
amazon:Baby_Products,test,112986,6,1.673675433659958,5,5,6
amazon:Baby_Products,test,113014,4,2.4624503442796613,1,1,1
amazon:Baby_Products,test,113038,8,3.7198732537738346,4,7,8
amazon:Baby_Products,test,113191,7,0.8400901665121823,7,7,7
amazon:Baby_Products,test,113374,9,3.254151425119174,6,6,9
amazon:Baby_Products,test,113509,7,1.4813025523040255,2,4,4
amazon:Baby_Products,test,113613,8,9.690793001853812,6,6,6
amazon:Baby_Products,test,113758,5,0.24253715903072035,3,4,4
amazon:Baby_Products,test,113806,6,0.9684822729078391,3,5,6
amazon:Baby_Products,test,113828,5,10.550383383540783,4,4,4
amazon:Baby_Products,test,113883,9,13.780671097060383,7,7,7
amazon:Baby_Products,test,114004,4,0.68070068359375,2,2,2
amazon:Baby_Products,test,114165,4,2.1492876473119704,1,1,1
amazon:Baby_Products,test,114209,8,1.4822172520524364,4,7,7
amazon:Baby_Products,test,114291,14,7.391202040850105,4,11,11
amazon:Baby_Products,test,114522,6,0.488621391684322,1,1,1
amazon:Baby_Products,test,114527,24,19.146337373377914,5,13,23
amazon:Baby_Products,test,114599,4,0.6728596315545551,4,4,4
amazon:Baby_Products,test,114642,9,3.846837758209746,3,5,8
amazon:Baby_Products,test,114944,5,2.668697447695975,1,5,5
amazon:Baby_Products,test,115074,6,3.4960136801509534,5,6,6
amazon:Baby_Products,test,115325,5,1.634951006355932,3,3,5
amazon:Baby_Products,test,115486,4,1.260816257282839,3,3,3
amazon:Baby_Products,test,115497,7,2.9654689982786016,5,6,7
amazon:Baby_Products,test,115751,4,0.4914699748411018,2,2,2
amazon:Baby_Products,test,115976,6,0.9348317291777013,6,6,6
amazon:Baby_Products,test,116009,7,1.276793812897246,6,6,6
amazon:Baby_Products,test,116012,4,0.5002987619173729,3,3,3
amazon:Baby_Products,test,116103,7,12.170204085010592,1,1,3
amazon:Baby_Products,test,116133,6,0.4880416611493644,5,5,5
amazon:Baby_Products,test,116152,26,15.347295211533371,13,20,23
amazon:Baby_Products,test,116167,4,4.743580342955509,1,3,4
amazon:Baby_Products,test,116209,4,0.7140383962857522,2,2,2
amazon:Baby_Products,test,116254,10,1.3744093038268008,4,6,6
amazon:Baby_Products,test,116462,4,1.20548095703125,4,4,4
amazon:Baby_Products,test,116545,4,2.0154675499867585,3,4,4
amazon:Baby_Products,test,116564,11,3.3669585664393535,8,11,11
amazon:Baby_Products,test,116605,5,0.8201877400026483,3,5,5
amazon:Baby_Products,test,116606,11,6.473401292703919,3,5,8
amazon:Baby_Products,test,116676,4,0.4829658120365466,4,4,4
amazon:Baby_Products,test,116765,5,3.379243495100636,4,5,5
amazon:Baby_Products,test,116835,4,1.2254847639698092,1,1,2
amazon:Baby_Products,test,116892,6,0.7687073788400424,6,6,6
amazon:Baby_Products,test,116909,4,0.9279861708818855,3,4,4
amazon:Baby_Products,test,116939,5,0.01814668299788133,1,1,1
amazon:Baby_Products,test,117415,12,3.3269872633077333,8,11,11
amazon:Baby_Products,test,117670,7,1.2074589098914195,3,5,5
amazon:Baby_Products,test,117753,22,12.687367998543433,9,17,19
amazon:Baby_Products,test,117868,3,0.49109031547934323,3,3,3
amazon:Baby_Products,test,117958,7,0.3505470405190678,4,4,4
amazon:Baby_Products,test,118107,6,0.39279712741657824,6,6,6
amazon:Baby_Products,test,118172,4,1.0217963784427966,4,4,4
amazon:Baby_Products,test,118182,6,1.626442912473517,5,5,5
amazon:Baby_Products,test,118402,6,2.652816720736229,4,4,4
amazon:Baby_Products,test,118508,7,1.0803450244968222,4,6,6
amazon:Baby_Products,test,118576,4,2.424305854409428,2,4,4
amazon:Baby_Products,test,118748,6,0.8357415668034958,1,1,6
amazon:Baby_Products,test,118879,5,1.297405488612288,3,3,3
amazon:Baby_Products,test,118901,5,6.730243644067796,4,4,5
amazon:Baby_Products,test,119077,4,0.6967560331700212,2,3,3
amazon:Baby_Products,test,119158,3,0.47150630627648304,2,3,3
amazon:Baby_Products,test,119343,5,0.9354357703257415,1,1,1
amazon:Baby_Products,test,119366,5,1.8874331716763773,5,5,5
amazon:Baby_Products,test,119438,4,2.595418846001059,2,2,4
amazon:Baby_Products,test,119548,3,2.8598270739539196,1,2,2
amazon:Baby_Products,test,119944,4,1.906540796312235,3,3,3
amazon:Baby_Products,test,120127,8,1.8805157160354873,3,4,6
amazon:Baby_Products,test,120136,4,2.7912775589247882,2,3,3
amazon:Baby_Products,test,120196,7,0.7310834464380296,5,7,7
amazon:Baby_Products,test,120490,5,7.744964703058793,2,3,3
amazon:Baby_Products,test,120724,5,1.1375747939287606,2,3,3
amazon:Baby_Products,test,120821,7,3.8136762198755303,4,6,6
amazon:Baby_Products,test,120882,6,0.9557176492981991,5,5,5
amazon:Baby_Products,test,121231,12,8.823855021848518,8,8,8
amazon:Baby_Products,test,121322,4,16.607887811175846,3,4,4
amazon:Baby_Products,test,121407,4,0.999801377118644,2,2,2
amazon:Baby_Products,test,121411,6,1.8474768687102754,6,6,6
amazon:Baby_Products,test,121434,23,4.933806028204449,10,20,22
amazon:Baby_Products,test,121551,4,0.8002462096133474,4,4,4
amazon:Baby_Products,test,121553,4,0.7648441637976694,3,3,3
amazon:Baby_Products,test,121555,6,2.476555879237288,4,5,5
amazon:Baby_Products,test,121584,4,0.5708872649629236,3,4,4
amazon:Baby_Products,test,121593,4,1.1170993610963984,4,4,4
amazon:Baby_Products,test,121695,4,1.9882533186573097,2,4,4
amazon:Baby_Products,test,121746,6,2.4731399794756355,4,6,6
amazon:Baby_Products,test,121766,7,2.816343559653072,4,5,7
amazon:Baby_Products,test,121960,4,3.1031615176443332,1,2,4
amazon:Baby_Products,test,122275,5,0.92073974609375,1,4,4
amazon:Baby_Products,test,122454,5,5.4344016899496825,3,3,4
amazon:Baby_Products,test,122472,4,4.293150614075742,2,2,4
amazon:Baby_Products,test,122489,7,0.9266967773437501,1,1,4
amazon:Baby_Products,test,122542,4,3.737970487950212,2,3,3
amazon:Baby_Products,test,122548,5,1.8948231842558263,2,5,5
amazon:Baby_Products,test,122630,15,7.545056979939089,7,10,14
amazon:Baby_Products,test,122691,33,6.992480882547669,16,30,30
amazon:Baby_Products,test,122752,4,0.6808680647510594,2,2,3
amazon:Baby_Products,test,122944,8,5.708746751688295,1,1,1
amazon:Baby_Products,test,123110,7,5.156606900489936,6,7,7
amazon:Baby_Products,test,123212,9,0.5436949649099576,3,3,3
amazon:Baby_Products,test,123536,4,2.3159349344544493,2,3,3
amazon:Baby_Products,test,123567,4,0.5114098500397246,3,3,3
amazon:Baby_Products,test,123715,8,1.9992050946769067,3,8,8
amazon:Baby_Products,test,124008,4,0.28073916677701266,4,4,4
amazon:Baby_Products,test,124027,11,2.275290692862818,3,5,5
amazon:Baby_Products,test,124102,12,4.072683146848517,3,8,9
amazon:Baby_Products,test,124155,9,5.811472126588983,1,5,7
amazon:Baby_Products,test,124482,6,0.810701118081303,4,5,5
amazon:Baby_Products,test,124539,6,1.2704308461334743,4,4,5
amazon:Baby_Products,test,124555,5,4.537495862023305,3,5,5
amazon:Baby_Products,test,124568,8,2.706033376920021,2,2,2
amazon:Baby_Products,test,124705,4,0.6861119157176907,1,1,1
amazon:Baby_Products,test,124845,67,28.070428156448624,33,44,52
amazon:Baby_Products,test,124944,6,2.1098156945180087,4,4,4
amazon:Baby_Products,test,125083,5,1.5824435993776484,2,5,5
amazon:Baby_Products,test,125292,11,2.2372775837526486,8,8,9
amazon:Baby_Products,test,125307,33,16.194276143736758,19,32,33
amazon:Baby_Products,test,125371,7,1.9701149116128176,7,7,7
amazon:Baby_Products,test,125382,4,1.41354152873411,1,1,1
amazon:Baby_Products,test,125442,15,5.939185811705508,10,13,14
amazon:Baby_Products,test,125532,18,11.122549490201271,7,10,15
amazon:Baby_Products,test,125589,4,0.9035971431408898,4,4,4
amazon:Baby_Products,test,125636,14,3.726560017213983,12,14,14
amazon:Baby_Products,test,125748,5,0.9141142247086864,1,1,1
amazon:Baby_Products,test,125780,4,3.3353650109242583,2,3,3
amazon:Baby_Products,test,125784,6,4.1827446371822035,4,5,6
amazon:Baby_Products,test,125871,15,3.716943566273835,3,12,13
amazon:Baby_Products,test,125889,3,4.339923406051377,1,3,3
amazon:Baby_Products,test,126135,4,3.717115913003178,2,4,4
amazon:Baby_Products,test,126142,5,3.579126804157839,3,4,4
amazon:Baby_Products,test,126151,5,2.3395232637049785,2,4,4
amazon:Baby_Products,test,126168,6,1.4091263076006357,3,3,5
amazon:Baby_Products,test,126178,4,0.6812168961864407,3,3,3
amazon:Baby_Products,test,126179,5,1.8201153254104872,3,4,4
amazon:Baby_Products,test,126189,17,13.975397245762714,12,15,16
amazon:Baby_Products,test,126198,4,0.002397543697033905,4,4,4
amazon:Baby_Products,test,126222,4,0.07832320908368645,1,1,1
amazon:Baby_Products,test,126224,4,0.6164033534163136,2,2,2
amazon:Baby_Products,test,126272,9,3.324341027211335,3,6,6
amazon:Baby_Products,test,126447,5,0.8318289029396188,4,4,4
amazon:Baby_Products,test,126712,5,0.8420703952595339,4,4,4
amazon:Baby_Products,test,126927,6,1.7887349791445972,3,6,6
amazon:Baby_Products,test,127035,5,1.25446384235964,2,2,2
amazon:Baby_Products,test,127076,28,9.41732529462394,21,23,25
amazon:Baby_Products,test,127141,6,1.663020143670551,3,6,6
amazon:Baby_Products,test,127265,17,16.659652037539725,6,11,12
amazon:Baby_Products,test,127341,5,6.406652521682998,1,2,2
amazon:Baby_Products,test,127798,5,12.343028854111493,1,1,1
amazon:Baby_Products,test,127821,6,1.3281141378111758,1,3,3
amazon:Baby_Products,test,127905,14,4.223976057666843,6,8,13
amazon:Baby_Products,test,128061,6,2.0244827529131357,6,6,6
amazon:Baby_Products,test,128099,9,4.213890980865996,5,5,9
amazon:Baby_Products,test,128137,15,10.750926906779661,12,14,15
amazon:Baby_Products,test,128165,5,2.6636348401085805,2,4,4
amazon:Baby_Products,test,128384,14,2.9202404992055087,6,9,10
amazon:Baby_Products,test,128407,4,0.8178607488082628,4,4,4
amazon:Baby_Products,test,128419,7,4.404196735963983,4,5,5
amazon:Baby_Products,test,128431,3,3.2474207991260595,2,3,3
amazon:Baby_Products,test,128588,4,4.891669425317797,1,2,4
amazon:Baby_Products,test,128709,5,1.8847279694120764,2,2,2
amazon:Baby_Products,test,128965,6,3.1013518769862287,2,6,6
amazon:Baby_Products,test,129151,5,14.540991728184586,1,1,2
amazon:Baby_Products,test,129368,6,8.348881504899364,2,2,5
amazon:Baby_Products,test,129379,4,1.5455218816207628,2,2,2
amazon:Baby_Products,test,129427,9,5.270142842955508,5,8,9
amazon:Baby_Products,test,129430,4,3.2374321371822035,1,1,1
amazon:Baby_Products,test,129591,5,0.897447075278072,4,4,4
amazon:Baby_Products,test,129814,4,1.1959481966697565,2,2,2
amazon:Baby_Products,test,130010,12,7.167373915850106,4,9,11
amazon:Baby_Products,test,130042,5,4.300763456700212,4,4,4
amazon:Baby_Products,test,130054,6,3.8069373179290253,4,4,4
amazon:Baby_Products,test,130056,3,3.1972720388638773,2,2,3
amazon:Baby_Products,test,130165,6,2.447280521716102,2,5,5
amazon:Baby_Products,test,130212,5,13.840115408170021,2,2,3
amazon:Baby_Products,test,130379,7,2.8197815975900427,5,5,5
amazon:Baby_Products,test,130398,10,3.399939171742584,3,4,10
amazon:Baby_Products,test,130419,6,0.7489690231064619,4,6,6
amazon:Baby_Products,test,130430,4,2.335438666909428,3,4,4
amazon:Baby_Products,test,130542,4,1.4168460134732523,2,4,4
amazon:Baby_Products,test,130547,9,7.641655252747617,5,7,8
amazon:Baby_Products,test,130623,5,2.902805961996822,4,4,4
amazon:Baby_Products,test,130709,7,1.3212613380561438,5,5,7
amazon:Baby_Products,test,130719,7,0.794912978350106,7,7,7
amazon:Baby_Products,test,130817,5,2.8553617833024365,2,4,4
amazon:Baby_Products,test,130902,15,4.067981784626589,12,14,14
amazon:Baby_Products,test,130955,6,3.4507344908633475,6,6,6
amazon:Baby_Products,test,130963,3,1.5062843452065677,3,3,3
amazon:Baby_Products,test,130977,3,2.6622616525423726,3,3,3
amazon:Baby_Products,test,131013,4,1.8543142545021187,3,4,4
amazon:Baby_Products,test,131042,11,1.7148754055217161,2,4,9
amazon:Baby_Products,test,131107,20,9.544678355071504,10,14,14
amazon:Baby_Products,test,131192,13,18.00965017545021,1,6,9
amazon:Baby_Products,test,131201,4,2.0197942184189617,1,1,1
amazon:Baby_Products,test,131291,6,1.8955671924655721,6,6,6
amazon:Baby_Products,test,131313,6,2.0919216349973517,5,5,5
amazon:Baby_Products,test,131346,5,0.8209394034692796,2,2,3
amazon:Baby_Products,test,131404,5,0.7962877176575741,5,5,5
amazon:Baby_Products,test,131453,4,0.5656899662341102,3,3,3
amazon:Baby_Products,test,131551,4,2.7566891427767475,1,1,1
amazon:Baby_Products,test,131567,5,3.9255246954449152,4,4,5
amazon:Baby_Products,test,131635,2,0.7494244074417373,2,2,2
amazon:Baby_Products,test,131640,7,4.100792215638242,5,6,7
amazon:Baby_Products,test,131939,4,3.7123235152939618,3,4,4
amazon:Baby_Products,test,132234,10,1.3493565446239406,1,2,4
amazon:Baby_Products,test,132301,5,1.3742092326536017,2,5,5
amazon:Baby_Products,test,132412,4,42.55496971001059,3,4,4
amazon:Baby_Products,test,132442,9,10.317288259732521,5,7,7
amazon:Baby_Products,test,132521,13,3.49262302204714,10,10,11
amazon:Baby_Products,test,132696,8,2.8237430895789197,4,4,4
amazon:Baby_Products,test,132903,10,6.877482165320446,4,6,7
amazon:Baby_Products,test,132953,5,0.34976827330508475,3,3,3
amazon:Baby_Products,test,132971,8,0.4687731726694914,6,6,6
amazon:Baby_Products,test,133041,5,0.08115151615466099,5,5,5
amazon:Baby_Products,test,133199,13,2.9640958107123945,6,12,12
amazon:Baby_Products,test,133297,5,16.414899405786546,1,2,4
amazon:Baby_Products,test,133464,5,1.4339627540717692,3,4,4
amazon:Baby_Products,test,133510,6,1.7923627433130296,2,4,5
amazon:Baby_Products,test,133513,10,6.167397916114936,3,8,9
amazon:Baby_Products,test,133638,6,1.2807164079051907,6,6,6
amazon:Baby_Products,test,133745,5,7.707875190346928,5,5,5
amazon:Baby_Products,test,133789,5,1.076500637248411,5,5,5
amazon:Baby_Products,test,133797,5,0.8873990333686442,4,4,4
amazon:Baby_Products,test,133874,4,0.4288675599179025,4,4,4
amazon:Baby_Products,test,133886,4,8.166704805018536,2,3,4
amazon:Baby_Products,test,134020,5,1.479502946239407,2,3,3
amazon:Baby_Products,test,134129,5,2.2824580822960807,4,5,5
amazon:Baby_Products,test,134264,6,1.486177502648305,6,6,6
amazon:Baby_Products,test,134303,10,2.968382961467161,6,10,10
amazon:Baby_Products,test,134450,4,2.9553154379634536,2,4,4
amazon:Baby_Products,test,134565,4,1.9654034113479875,3,4,4
amazon:Baby_Products,test,134587,3,0.9837164410090042,3,3,3
amazon:Baby_Products,test,135091,40,21.828449831170552,16,27,34
amazon:Baby_Products,test,135164,9,1.7247262728416313,3,3,3
amazon:Baby_Products,test,135227,5,15.41414236295021,1,4,4
amazon:Baby_Products,test,135320,7,2.1129162804555084,4,5,7
amazon:Baby_Products,test,135327,4,3.056345794160488,4,4,4
amazon:Baby_Products,test,135433,7,5.355621855137712,4,5,5
amazon:Baby_Products,test,135516,4,0.6978225966631356,3,3,4
amazon:Baby_Products,test,135586,6,2.929603705971928,4,5,5
amazon:Baby_Products,test,135644,9,4.0864913681806145,5,9,9
amazon:Baby_Products,test,135652,4,3.650364762645657,4,4,4
amazon:Baby_Products,test,135768,4,0.27914873543432206,2,2,2
amazon:Baby_Products,test,135777,6,3.3168185993776484,4,5,5
amazon:Baby_Products,test,135794,5,12.701096150026483,1,1,1
amazon:Baby_Products,test,136095,6,0.7853888042902544,6,6,6
amazon:Baby_Products,test,136232,6,1.964634575278072,6,6,6
amazon:Baby_Products,test,136248,6,1.3474510063559324,5,6,6
amazon:Baby_Products,test,136650,5,0.8279704465704449,1,1,1
amazon:Baby_Products,test,136971,14,5.295092152740995,7,13,13
amazon:Baby_Products,test,136974,7,1.281809868246822,2,2,5
amazon:Baby_Products,test,137090,27,10.073350188691737,15,16,19
amazon:Baby_Products,test,137203,19,9.041934462725106,12,16,18
amazon:Baby_Products,test,137221,9,19.18857690843485,1,6,7
amazon:Baby_Products,test,137325,10,4.986782267942267,6,8,8
amazon:Baby_Products,test,137425,8,1.9813419665320442,6,7,7
amazon:Baby_Products,test,137499,6,0.5042817713850636,5,6,6
amazon:Baby_Products,test,137740,4,1.810394804356462,3,3,3
amazon:Baby_Products,test,137774,8,12.419669251522775,3,7,7
amazon:Baby_Products,test,138169,4,1.7410385907706567,2,2,3
amazon:Baby_Products,test,138368,5,2.9962431309586863,2,5,5
amazon:Baby_Products,test,138539,4,1.022874321371822,2,2,2
amazon:Baby_Products,test,138545,5,2.178782110699153,4,5,5
amazon:Baby_Products,test,138718,6,0.9050506074549789,5,5,5
amazon:Baby_Products,test,138741,10,1.2319338006488345,2,3,6
amazon:Baby_Products,test,139018,7,1.4354171494306143,2,2,2
amazon:Baby_Products,test,139111,4,0.2871812723450742,3,3,3
amazon:Baby_Products,test,139127,4,1.4731153585143009,2,4,4
amazon:Baby_Products,test,139350,4,8.15261271848517,3,4,4
amazon:Baby_Products,test,139475,15,18.711316952462923,4,6,9
amazon:Baby_Products,test,139494,5,1.027369198556674,2,5,5
amazon:Baby_Products,test,139723,4,1.1183130296610169,1,3,3
amazon:Baby_Products,test,139730,5,1.3390736725370762,5,5,5
amazon:Baby_Products,test,139809,5,1.5999867584745762,3,4,4
amazon:Baby_Products,test,140287,4,1.349424614340572,4,4,4
amazon:Baby_Products,test,140372,4,2.626805813029661,4,4,4
amazon:Baby_Products,test,140476,5,0.9154337220272775,5,5,5
amazon:Baby_Products,test,140483,5,1.775376142081568,1,1,1
amazon:Baby_Products,test,140492,5,4.537161720405191,4,4,4
amazon:Baby_Products,test,140591,27,4.025486522609905,6,20,20
amazon:Baby_Products,test,140621,3,5.580548043978417,2,3,3
amazon:Baby_Products,test,140678,6,1.7787841796875,4,4,4
amazon:Baby_Products,test,140723,9,1.0748725503177965,9,9,9
amazon:Baby_Products,test,140921,13,3.1086353366657837,6,12,13
amazon:Baby_Products,test,140998,8,0.9710902327198093,3,3,3
amazon:Baby_Products,test,141021,7,3.106869455111229,7,7,7
amazon:Baby_Products,test,141250,15,4.5939686920683265,8,12,13
amazon:Baby_Products,test,141495,4,1.8291474940413135,2,4,4
amazon:Baby_Products,test,141893,6,1.516181247517214,2,4,4
amazon:Baby_Products,test,141976,7,3.345479881157309,5,7,7
amazon:Baby_Products,test,142027,5,0.7389625678628179,1,1,1
amazon:Baby_Products,test,142170,4,4.380312955177437,1,3,4
amazon:Baby_Products,test,142228,4,2.0673039840439618,4,4,4
amazon:Baby_Products,test,142247,3,1.5962689933130298,2,2,2
amazon:Baby_Products,test,142265,5,2.6949111162605934,3,3,3
amazon:Baby_Products,test,142303,5,0.2032495530985169,3,3,3
amazon:Baby_Products,test,142424,12,5.895693193855932,9,9,11
amazon:Baby_Products,test,142468,5,2.9274920964645124,3,5,5
amazon:Baby_Products,test,142483,5,2.3115213685116522,4,5,5
amazon:Baby_Products,test,142749,4,2.8218958967823093,2,3,3
amazon:Baby_Products,test,142872,4,3.8783118296477754,2,2,4
amazon:Baby_Products,test,143325,9,13.498135634600107,1,1,3
amazon:Baby_Products,test,143507,6,2.222837700278072,3,4,6
amazon:Baby_Products,test,143616,10,1.6402813410354873,6,7,7
amazon:Baby_Products,test,143815,7,4.8180467508607,3,7,7
amazon:Baby_Products,test,143829,8,4.077147609904661,2,3,5
amazon:Baby_Products,test,143861,12,6.043055647510593,6,9,10
amazon:Baby_Products,test,144008,8,4.18155165850106,3,6,6
amazon:Baby_Products,test,144093,22,11.969684562036548,12,15,16
amazon:Baby_Products,test,144204,18,2.7168048923298462,15,17,17
amazon:Baby_Products,test,144256,7,2.4613798497086865,2,7,7
amazon:Baby_Products,test,144393,8,2.202157127251059,2,4,4
amazon:Baby_Products,test,144483,7,2.7545544640492583,7,7,7
amazon:Baby_Products,test,144508,5,24.416356387380826,2,2,2
amazon:Baby_Products,test,144581,6,4.4435066869703395,2,5,5
amazon:Baby_Products,test,144831,5,1.951136081501589,2,3,3
amazon:Baby_Products,test,145077,3,2.527189817266949,1,2,2
amazon:Baby_Products,test,145157,4,0.6629024182335805,1,1,1
amazon:Baby_Products,test,145388,5,1.4746507547669494,4,5,5
amazon:Baby_Products,test,145484,4,1.692619711665784,2,2,4
amazon:Baby_Products,test,145526,8,1.6181442002118644,5,6,6
amazon:Baby_Products,test,145677,7,6.703885560116526,7,7,7
amazon:Baby_Products,test,145706,7,1.2833891270524367,5,6,6
amazon:Baby_Products,test,145837,4,1.4820674572960806,3,3,3
amazon:Baby_Products,test,145878,6,3.9078468452065676,3,3,3
amazon:Baby_Products,test,145904,9,3.857118147510593,5,7,7
amazon:Baby_Products,test,146093,4,0.940892727092161,2,2,2
amazon:Baby_Products,test,146142,5,1.2396128509004238,5,5,5
amazon:Baby_Products,test,146287,6,2.5800638489804024,1,6,6
amazon:Baby_Products,test,146437,4,0.3368706137447034,1,1,4
amazon:Baby_Products,test,146449,7,2.920045807402013,5,6,6
amazon:Baby_Products,test,146575,9,4.063390492584746,5,7,9
amazon:Baby_Products,test,146589,10,0.7081247103416314,4,4,4
amazon:Baby_Products,test,146670,5,0.9736857786016949,3,3,3
amazon:Baby_Products,test,146688,7,1.6392133292505295,2,4,5
amazon:Baby_Products,test,146735,5,1.82474799721928,4,5,5
amazon:Baby_Products,test,146832,13,3.0260092525158893,11,13,13
amazon:Baby_Products,test,147018,13,5.210864671610169,10,13,13
amazon:Baby_Products,test,147087,9,1.873601777674788,6,6,6
amazon:Baby_Products,test,147904,4,1.4636298745365466,1,3,3
amazon:Baby_Products,test,148075,7,1.0442900059586864,6,6,6
amazon:Baby_Products,test,148084,7,1.8644071934586863,3,4,4
amazon:Baby_Products,test,148160,4,2.5381610417770126,3,3,3
amazon:Baby_Products,test,148182,5,2.724163301112288,4,4,4
amazon:Baby_Products,test,148262,21,5.088482148768538,9,11,17
amazon:Baby_Products,test,148278,4,0.9797046726032839,3,3,3
amazon:Baby_Products,test,148383,4,5.311534610037077,2,3,4
amazon:Baby_Products,test,148432,7,10.213419665320446,2,3,3
amazon:Baby_Products,test,148629,5,0.33934595140360163,5,5,5
amazon:Baby_Products,test,148695,21,2.7320994748907577,8,17,18
amazon:Baby_Products,test,148732,4,2.4897673008805614,2,4,4
amazon:Baby_Products,test,148863,7,2.1728410106594276,2,7,7
amazon:Baby_Products,test,148913,6,1.567338949947034,3,3,3
amazon:Baby_Products,test,149117,8,10.599483994306144,1,4,7
amazon:Baby_Products,test,149120,4,1.022683974443856,2,2,2
amazon:Baby_Products,test,149121,11,8.342932749602754,3,5,10
amazon:Baby_Products,test,149162,4,2.066987015029131,3,4,4
amazon:Baby_Products,test,149293,6,2.361142743644068,4,4,4
amazon:Baby_Products,test,149352,4,11.943080475370763,3,3,3
amazon:Baby_Products,test,149476,4,0.5649850619041312,2,2,2
amazon:Baby_Products,test,149683,6,1.3936715853416315,4,5,5
amazon:Baby_Products,test,149767,4,0.20834216101694913,2,2,2
amazon:Baby_Products,test,149837,9,0.1557284080376059,1,1,1
amazon:Baby_Products,test,149980,5,2.566827082229873,5,5,5
amazon:Baby_Products,test,150242,6,0.9038195593882414,3,3,5
amazon:Baby_Products,test,150254,9,3.3348187980005295,5,7,7
amazon:Baby_Products,test,150351,7,1.4602216300317798,1,5,5
amazon:Baby_Products,test,150439,15,7.393116268869173,8,13,13
amazon:Baby_Products,test,150441,3,2.078040378376589,3,3,3
amazon:Baby_Products,test,151123,15,2.0428595074152542,12,12,15
amazon:Baby_Products,test,151170,4,1.4641378111758474,1,2,2
amazon:Baby_Products,test,151223,4,1.195048910884534,3,3,3
amazon:Baby_Products,test,151255,4,5.109113066075212,2,2,3
amazon:Baby_Products,test,151443,4,2.242057360632945,4,4,4
amazon:Baby_Products,test,151444,4,3.0273000943458683,2,4,4
amazon:Baby_Products,test,151521,5,2.3354454945709744,2,3,4
amazon:Baby_Products,test,151597,6,2.6668068061440673,1,2,5
amazon:Baby_Products,test,151666,9,1.0320600089380294,2,2,2
amazon:Baby_Products,test,151800,9,2.7026427188162074,5,9,9
amazon:Baby_Products,test,151826,4,0.11914548712261663,3,3,3
amazon:Baby_Products,test,151865,5,4.866634873212394,2,4,4
amazon:Baby_Products,test,151914,4,2.484398379568326,1,4,4
amazon:Baby_Products,test,151980,5,4.092266328456038,3,5,5
amazon:Baby_Products,test,152001,14,4.835930879237288,11,14,14
amazon:Baby_Products,test,152072,5,6.859985972259005,2,2,3
amazon:Baby_Products,test,152142,9,13.57072319418697,1,1,8
amazon:Baby_Products,test,152460,7,1.9064523470603816,4,5,6
amazon:Baby_Products,test,152507,4,3.786606610831568,1,3,3
amazon:Baby_Products,test,152538,5,0.9385887016684321,2,2,2
amazon:Baby_Products,test,152540,5,5.435081352621822,4,5,5
amazon:Baby_Products,test,152551,7,10.810235699152543,3,3,3
amazon:Baby_Products,test,152819,7,9.808599129369703,2,7,7
amazon:Baby_Products,test,152848,4,0.33454403634798724,3,3,3
amazon:Baby_Products,test,152926,13,4.194385593220339,10,11,13
amazon:Baby_Products,test,153030,4,2.8607248079978818,2,4,4
amazon:Baby_Products,test,153056,6,2.1719150349245235,4,4,4
amazon:Baby_Products,test,153208,4,1.0285359010858048,3,3,3
amazon:Baby_Products,test,153341,4,1.3176861261917372,3,3,3
amazon:Baby_Products,test,153416,5,1.0729326668432204,4,5,5
amazon:Baby_Products,test,153492,4,3.0723812814486227,1,2,2
amazon:Baby_Products,test,153691,6,1.7455187781382415,4,5,5
amazon:Baby_Products,test,153700,8,3.8791973566604874,4,6,8
amazon:Baby_Products,test,153718,4,1.3197635973914195,1,4,4
amazon:Baby_Products,test,154262,6,4.405145574020127,3,6,6
amazon:Baby_Products,test,154398,9,3.0835492667505298,4,6,6
amazon:Baby_Products,test,154473,12,5.953129758673199,7,10,10
amazon:Baby_Products,test,154956,6,2.85927734375,6,6,6
amazon:Baby_Products,test,154980,9,0.8228100792836335,6,6,6
amazon:Baby_Products,test,154988,10,3.3454633292505296,3,5,6
amazon:Baby_Products,test,155017,9,2.4224369372351693,8,9,9
amazon:Baby_Products,test,155064,7,3.5218778965836868,6,7,7
amazon:Baby_Products,test,155462,16,9.638421734308793,7,9,10
amazon:Baby_Products,test,155468,7,1.2038369388903603,6,6,6
amazon:Baby_Products,test,155484,4,2.405242402674788,1,1,2
amazon:Baby_Products,test,155520,5,2.211549506753178,2,4,4
amazon:Baby_Products,test,155529,8,3.6777778237552967,4,5,8
amazon:Baby_Products,test,155559,4,1.8779770673331566,2,4,4
amazon:Baby_Products,test,155683,7,2.4869753045550844,4,7,7
amazon:Baby_Products,test,155814,32,12.011231089446504,17,30,31
amazon:Baby_Products,test,155967,6,2.5107955673993647,3,4,4
amazon:Baby_Products,test,155991,6,3.065323341498941,4,4,4
amazon:Baby_Products,test,155998,3,0.6993534411414195,3,3,3
amazon:Baby_Products,test,156223,10,6.1096634169756365,5,10,10
amazon:Baby_Products,test,156308,10,4.428953836731991,1,4,5
amazon:Baby_Products,test,156424,4,5.451896848516949,2,3,3
amazon:Baby_Products,test,156604,11,12.666360525357522,1,1,1
amazon:Baby_Products,test,156666,5,1.7278146517478814,4,4,4
amazon:Baby_Products,test,156681,5,0.7437475172139831,3,3,4
amazon:Baby_Products,test,156723,4,0.14425793663930084,3,3,3
amazon:Baby_Products,test,157089,4,0.6791270110566737,4,4,4
amazon:Baby_Products,test,157169,5,3.8066983497748943,1,2,3
amazon:Baby_Products,test,157303,8,2.675976459050583,5,5,5
amazon:Baby_Products,test,157422,4,3.4266645011255297,2,3,3
amazon:Baby_Products,test,157443,5,1.3899254750397245,1,5,5
amazon:Baby_Products,test,157507,4,0.10850643869173729,4,4,4
amazon:Baby_Products,test,157522,8,0.8323399430614407,5,8,8
amazon:Baby_Products,test,157580,17,4.0769090555481995,12,14,17
amazon:Baby_Products,test,157687,6,2.197562111030191,4,6,6
amazon:Baby_Products,test,157847,4,0.48300553661281787,3,3,3
amazon:Baby_Products,test,157853,4,0.7155242402674787,2,3,3
amazon:Baby_Products,test,158370,14,3.9610328803628176,8,10,13
amazon:Baby_Products,test,158453,5,5.832306632349047,4,5,5
amazon:Baby_Products,test,158521,5,1.7198610467425848,2,4,5
amazon:Baby_Products,test,158580,4,2.600546833620233,4,4,4
amazon:Baby_Products,test,158621,4,3.0094176211599577,2,3,3
amazon:Baby_Products,test,158694,4,0.04724762480137712,2,2,2
amazon:Baby_Products,test,158697,7,1.152821479409428,4,4,4
amazon:Baby_Products,test,158731,4,2.8208965754104876,2,3,3
amazon:Baby_Products,test,158889,5,3.081035239009534,2,4,5
amazon:Baby_Products,test,158937,4,0.6738560563426907,4,4,4
amazon:Baby_Products,test,158944,4,0.735885361493644,4,4,4
amazon:Baby_Products,test,158953,4,1.0700235657772774,4,4,4
amazon:Baby_Products,test,159032,5,13.45751953125,3,3,3
amazon:Baby_Products,test,159126,5,2.762575104277013,5,5,5
amazon:Baby_Products,test,159137,7,13.490017338122351,1,1,2
amazon:Baby_Products,test,159140,3,0.42788644564353806,3,3,3
amazon:Baby_Products,test,159188,6,21.371562996557202,2,4,4
amazon:Baby_Products,test,159351,4,0.45462522345074163,4,4,4
amazon:Baby_Products,test,159744,4,1.9225910768670549,2,3,4
amazon:Baby_Products,test,159755,4,1.829024182335805,3,3,4
amazon:Baby_Products,test,160274,7,1.921841482388771,2,4,6
amazon:Baby_Products,test,160333,6,1.4754351082494703,5,6,6
amazon:Baby_Products,test,160490,8,0.9090685828257414,8,8,8
amazon:Baby_Products,test,160519,6,0.9207635394597458,5,5,5
amazon:Baby_Products,test,160546,4,2.592648263704979,3,4,4
amazon:Baby_Products,test,160661,4,1.1622097209348516,1,1,1
amazon:Baby_Products,test,160728,4,1.4881898007150425,3,4,4
amazon:Baby_Products,test,160842,6,0.7256986973649364,5,5,5
amazon:Baby_Products,test,160905,36,20.60454680879237,11,28,33
amazon:Baby_Products,test,160969,4,0.41983539128707625,2,4,4
amazon:Baby_Products,test,160986,5,0.4234246722722458,2,2,2
amazon:Baby_Products,test,161239,4,1.5111421229475632,2,3,3
amazon:Baby_Products,test,161643,6,1.4762020822298727,2,6,6
amazon:Baby_Products,test,161659,6,0.8761504609706037,4,5,5
amazon:Baby_Products,test,161716,5,12.179351806640625,1,1,1
amazon:Baby_Products,test,161779,4,0.25933630991790246,4,4,4
amazon:Baby_Products,test,161911,13,3.403522245762712,9,13,13
amazon:Baby_Products,test,161923,10,7.488478010791844,4,7,7
amazon:Baby_Products,test,162026,6,2.460267147775424,3,6,6
amazon:Baby_Products,test,162346,3,3.180225023172669,2,2,2
amazon:Baby_Products,test,162422,5,4.403364485401219,2,2,2
amazon:Baby_Products,test,162454,6,2.9835033352092157,5,5,6
amazon:Baby_Products,test,162468,5,0.5877108299126059,3,3,3
amazon:Baby_Products,test,162481,8,1.0253283484507416,4,7,7
amazon:Baby_Products,test,162889,5,0.8312185513771188,5,5,5
amazon:Baby_Products,test,162965,5,0.5901464429952332,4,5,5
amazon:Baby_Products,test,163024,8,3.1103165965969275,1,3,4
amazon:Baby_Products,test,163133,11,6.38877511751854,4,8,11
amazon:Baby_Products,test,163332,4,0.15450025655455518,4,4,4
amazon:Baby_Products,test,163336,7,1.7909227274231991,3,7,7
amazon:Baby_Products,test,163399,4,1.0513501183461336,2,2,2
amazon:Baby_Products,test,163503,8,6.4923050185381355,5,7,7
amazon:Baby_Products,test,163607,6,14.227998377913137,1,1,2
amazon:Baby_Products,test,163752,5,0.9123404809984111,1,2,3
amazon:Baby_Products,test,163764,4,12.526338842359639,2,2,2
amazon:Baby_Products,test,163822,8,6.039265053959216,1,3,4
amazon:Baby_Products,test,163836,9,8.214510849774895,4,5,8
amazon:Baby_Products,test,164188,9,5.787519862288136,6,6,7
amazon:Baby_Products,test,164233,15,1.857528738248146,4,15,15
amazon:Baby_Products,test,164261,6,0.32589773404396194,4,4,4
amazon:Baby_Products,test,164269,4,1.479344875529661,4,4,4
amazon:Baby_Products,test,164515,7,2.7573917712195444,3,5,5
amazon:Baby_Products,test,164578,4,0.4594482421875,1,1,1
amazon:Baby_Products,test,164619,4,0.927851479740466,2,3,3
amazon:Baby_Products,test,164652,3,0.3697929770259534,1,1,1
amazon:Baby_Products,test,164830,6,1.75334079548464,6,6,6
amazon:Baby_Products,test,164944,4,0.4150038896980932,3,3,3
amazon:Baby_Products,test,164959,9,6.433033571404926,4,9,9
amazon:Baby_Products,test,164987,5,1.5327551890227755,5,5,5
amazon:Baby_Products,test,165211,12,2.884339723748676,9,12,12
amazon:Baby_Products,test,165593,5,1.6843738620564088,4,4,4
amazon:Baby_Products,test,165619,100,36.55517267776749,43,77,89
amazon:Baby_Products,test,165793,4,2.24087307170286,2,3,3
amazon:Baby_Products,test,166059,4,3.839367468882415,1,2,4
amazon:Baby_Products,test,166131,12,3.951995746159957,9,10,12
amazon:Baby_Products,test,166237,11,3.202937342756885,4,5,5
amazon:Baby_Products,test,166246,4,0.6736323987023304,1,2,2
amazon:Baby_Products,test,166304,14,4.9929151632018005,9,14,14
amazon:Baby_Products,test,166349,21,4.524284336930615,16,19,21
amazon:Baby_Products,test,166389,5,4.733973823159428,1,1,1
amazon:Baby_Products,test,166488,3,0.7860328803628178,1,1,2
amazon:Baby_Products,test,166690,15,7.46011569782839,4,7,11
amazon:Baby_Products,test,166818,4,1.1930461301641948,1,1,3
amazon:Baby_Products,test,166914,5,13.144460076800849,1,1,2
amazon:Baby_Products,test,167065,7,2.432014284295551,6,6,6
amazon:Baby_Products,test,167136,9,4.793243925450213,7,8,8
amazon:Baby_Products,test,167191,4,0.3576680846133474,3,3,3
amazon:Baby_Products,test,167378,4,1.1125281382415253,3,3,3
amazon:Baby_Products,test,167655,11,0.8369639251191737,6,6,6
amazon:Baby_Products,test,167676,4,0.9126300359176378,1,3,3
amazon:Baby_Products,test,167718,10,2.8009773900953387,9,10,10
amazon:Baby_Products,test,167913,6,0.905926824020127,5,5,5
amazon:Baby_Products,test,167943,3,2.4297129485566735,1,1,1
amazon:Baby_Products,test,167970,4,3.2224394200211863,2,3,4
amazon:Baby_Products,test,168000,6,1.6529017561573094,1,3,3
amazon:Baby_Products,test,168001,9,0.031624486890889814,3,3,3
amazon:Baby_Products,test,168054,5,0.5330994686837923,3,3,3
amazon:Baby_Products,test,168290,5,0.5757100768008474,5,5,5
amazon:Baby_Products,test,168308,5,11.955079987089512,1,1,1
amazon:Baby_Products,test,168488,4,0.18528638936705505,2,2,2
amazon:Baby_Products,test,168505,18,11.987151996159959,13,16,16
amazon:Baby_Products,test,168515,59,19.723962816141416,37,50,56
amazon:Baby_Products,test,168575,6,7.4086763026350635,3,5,6
amazon:Baby_Products,test,168582,4,0.6622881355932204,2,3,3
amazon:Baby_Products,test,168781,5,0.7651791330111228,1,3,3
amazon:Baby_Products,test,168800,6,1.2172527765823622,6,6,6
amazon:Baby_Products,test,169069,7,2.392415916313559,2,6,6
amazon:Baby_Products,test,169170,8,5.432081526416843,3,4,6
amazon:Baby_Products,test,169383,5,2.8347668663930086,3,5,5
amazon:Baby_Products,test,169432,6,8.997563559322035,6,6,6
amazon:Baby_Products,test,169450,6,0.7965545137049789,1,2,2
amazon:Baby_Products,test,169451,7,3.415263547735699,2,6,6
amazon:Baby_Products,test,169557,7,0.46624259302171606,5,5,5
amazon:Baby_Products,test,169575,10,1.707844362420551,9,10,10
amazon:Baby_Products,test,169642,7,4.3579149149231995,4,7,7
amazon:Baby_Products,test,169724,5,1.9827944998013771,5,5,5
amazon:Baby_Products,test,169772,4,1.7703981561175848,4,4,4
amazon:Baby_Products,test,169921,5,0.6135467012049788,2,2,2
amazon:Baby_Products,test,170064,4,0.05354997020656782,2,2,2
amazon:Baby_Products,test,170108,4,1.9564457262976696,3,4,4
amazon:Baby_Products,test,170110,5,15.429529222391421,1,2,2
amazon:Baby_Products,test,170341,4,0.7304776466498941,1,1,1
amazon:Baby_Products,test,170408,8,3.4726483878442793,1,4,4
amazon:Baby_Products,test,170488,5,1.1948438741393008,5,5,5
amazon:Baby_Products,test,170533,6,1.4162115581965042,5,5,5
amazon:Baby_Products,test,170627,11,3.789886784957627,9,11,11
amazon:Baby_Products,test,170644,4,0.9334116790254237,3,3,3
amazon:Baby_Products,test,170971,4,3.207554704051907,3,4,4
amazon:Baby_Products,test,171005,8,0.6015754311771716,5,5,5
amazon:Baby_Products,test,171095,3,0.1331654694120763,2,2,2
amazon:Baby_Products,test,171149,4,3.461963511321504,1,1,1
amazon:Baby_Products,test,171219,4,1.5023594743114406,2,4,4
amazon:Baby_Products,test,171236,28,7.395478329416049,16,23,28
amazon:Baby_Products,test,171255,7,14.037931590969281,2,6,7
amazon:Baby_Products,test,171295,3,0.009580243644067732,2,3,3
amazon:Baby_Products,test,171653,6,2.170305879237288,4,5,5
amazon:Baby_Products,test,171948,4,0.9220303810248941,1,1,2
amazon:Baby_Products,test,171957,5,1.32996826171875,1,1,1
amazon:Baby_Products,test,172144,7,4.326124908964513,3,4,4
amazon:Baby_Products,test,172169,7,16.516642735368116,1,6,7
amazon:Baby_Products,test,172179,3,0.7321820792505297,3,3,3
amazon:Baby_Products,test,172577,4,12.688843394134004,1,1,2
amazon:Baby_Products,test,172673,7,2.143911794888771,2,4,4
amazon:Baby_Products,test,172808,4,1.9817686953787077,4,4,4
amazon:Baby_Products,test,172934,4,0.5537181789592162,1,1,1
amazon:Baby_Products,test,172999,5,2.53108696371822,3,5,5
amazon:Baby_Products,test,173038,7,1.0735190181408898,3,3,5
amazon:Baby_Products,test,173151,6,0.054169218418961856,3,3,3
amazon:Baby_Products,test,173156,4,1.809503897974047,2,4,4
amazon:Baby_Products,test,173193,4,0.7925890906382417,1,4,4
amazon:Baby_Products,test,173288,5,3.0791685977224574,2,4,4
amazon:Baby_Products,test,173323,8,2.780424680548199,4,6,6
amazon:Baby_Products,test,173382,7,3.350106139102224,7,7,7
amazon:Baby_Products,test,173457,11,4.794371730998412,3,10,10
amazon:Baby_Products,test,173549,6,1.9109629485566737,6,6,6
amazon:Baby_Products,test,173615,5,2.2877366922669493,3,5,5
amazon:Baby_Products,test,173623,10,2.9343680688890363,2,4,6
amazon:Baby_Products,test,173627,13,6.041751150357521,8,11,12
amazon:Baby_Products,test,173652,4,1.1406905869306143,3,3,3
amazon:Baby_Products,test,173939,13,2.764456745729608,7,8,8
amazon:Baby_Products,test,174043,4,1.7767000877251062,2,4,4
amazon:Baby_Products,test,174201,5,11.015549481925317,1,3,5
amazon:Baby_Products,test,174234,4,1.2231979111493645,2,2,3
amazon:Baby_Products,test,174280,4,2.8961020259533896,1,1,4
amazon:Baby_Products,test,174281,3,0.9966867220603814,3,3,3
amazon:Baby_Products,test,174368,6,2.8120123394465044,4,6,6
amazon:Baby_Products,test,174436,3,1.3849450062897246,2,2,2
amazon:Baby_Products,test,174928,2,23.31056032342426,2,2,2
amazon:Baby_Products,test,174949,5,0.891228730799788,3,3,5
amazon:Baby_Products,test,174987,3,1.983084365068856,1,1,1
amazon:Baby_Products,test,175041,4,3.7457761602886657,3,4,4
amazon:Baby_Products,test,175042,9,11.036824475304556,5,8,8
amazon:Baby_Products,test,175098,6,0.8306148205773305,5,6,6
amazon:Baby_Products,test,175099,4,0.8765809139962925,2,2,2
amazon:Baby_Products,test,175116,9,0.19576933262711868,5,5,5
amazon:Baby_Products,test,175141,4,3.3253008309057206,1,3,3
amazon:Baby_Products,test,175293,9,4.061973339016155,2,3,4
amazon:Baby_Products,test,175360,10,7.48893215373411,3,10,10
amazon:Baby_Products,test,175381,4,0.1644545732918432,4,4,4
amazon:Baby_Products,test,175502,4,1.702601752846928,4,4,4
amazon:Baby_Products,test,175607,4,2.820718849311441,1,2,2
amazon:Baby_Products,test,175634,7,10.507164906647244,2,4,4
amazon:Baby_Products,test,175644,6,0.5148557501324152,2,6,6
amazon:Baby_Products,test,175664,4,1.580104194253178,2,4,4
amazon:Baby_Products,test,175675,22,5.592299225370763,11,18,19
amazon:Baby_Products,test,175785,4,2.510981569451801,3,3,3
amazon:Baby_Products,test,175811,14,6.31252358646716,8,11,12
amazon:Baby_Products,test,175898,5,0.34091879634533906,5,5,5
amazon:Baby_Products,test,175986,7,4.144858770855403,4,6,6
amazon:Baby_Products,test,176154,4,4.694328696040784,1,3,4
amazon:Baby_Products,test,176190,4,3.586505230402542,4,4,4
amazon:Baby_Products,test,176204,4,1.4866297835010593,4,4,4
amazon:Baby_Products,test,176264,5,2.7578371209613346,5,5,5
amazon:Baby_Products,test,176329,4,1.644344834149894,1,4,4
amazon:Baby_Products,test,176537,4,1.5409442449020128,4,4,4
amazon:Baby_Products,test,176599,7,1.4817798679157839,6,6,6
amazon:Baby_Products,test,176606,8,1.3840286513506355,1,7,7
amazon:Baby_Products,test,176641,4,45.53646322993909,3,4,4
amazon:Baby_Products,test,176644,4,2.3480448060116528,2,4,4
amazon:Baby_Products,test,176886,6,1.1573095289327329,4,4,4
amazon:Baby_Products,test,176946,4,0.19568946967690676,4,4,4
amazon:Baby_Products,test,177019,5,1.2067924887447032,3,3,3
amazon:Baby_Products,test,177103,6,0.8176426774364407,3,3,3
amazon:Baby_Products,test,177153,4,20.40157118975106,2,2,2
amazon:Baby_Products,test,177232,5,2.3404911364539194,3,3,5
amazon:Baby_Products,test,177392,4,6.341596596927966,1,2,2
amazon:Baby_Products,test,177627,4,0.231315793829449,2,2,2
amazon:Baby_Products,test,177752,48,28.66026735467426,30,39,41
amazon:Baby_Products,test,177806,8,2.9446586996822033,3,4,6
amazon:Baby_Products,test,178057,8,1.6347812458620232,7,8,8
amazon:Baby_Products,test,178165,4,0.8133648371292372,1,1,1
amazon:Baby_Products,test,178189,8,3.699039782507945,7,7,8
amazon:Baby_Products,test,178217,4,1.4258782855534957,3,4,4
amazon:Baby_Products,test,178275,8,2.997216796875,7,8,8
amazon:Baby_Products,test,178344,14,4.53035061076536,9,10,12
amazon:Baby_Products,test,178383,5,3.4421956725039724,1,3,4
amazon:Baby_Products,test,178448,5,0.6064074500132415,4,5,5
amazon:Baby_Products,test,178520,4,1.419664699748411,4,4,4
amazon:Baby_Products,test,178620,4,1.767119844081038,1,3,3
amazon:Baby_Products,test,178873,10,2.647185348252119,8,10,10
amazon:Baby_Products,test,178878,8,1.9486162605932202,4,7,7
amazon:Baby_Products,test,178912,12,2.267678264036017,4,7,7
amazon:Baby_Products,test,178949,10,0.2656537589380298,10,10,10
amazon:Baby_Products,test,179018,10,8.467158947960804,3,8,8
amazon:Baby_Products,test,179026,5,0.44705458818855925,5,5,5
amazon:Baby_Products,test,179073,4,1.232518910553496,2,3,3
amazon:Baby_Products,test,179120,4,1.9987878831766417,2,2,2
amazon:Baby_Products,test,179130,6,0.4892836748543432,6,6,6
amazon:Baby_Products,test,179246,4,1.5853563211731991,3,3,3
amazon:Baby_Products,test,179345,10,1.0239334365068855,9,9,9
amazon:Baby_Products,test,179365,9,13.232884914592162,1,1,1
amazon:Baby_Products,test,179751,5,1.6129011768405723,2,2,2
amazon:Baby_Products,test,179862,4,0.8135462874073094,2,2,2
amazon:Baby_Products,test,180061,8,2.060141663632151,8,8,8
amazon:Baby_Products,test,180181,3,0.38436713784427967,3,3,3
amazon:Baby_Products,test,180226,2,0.2848912125926907,1,1,1
amazon:Baby_Products,test,180227,6,0.686380263506356,1,6,6
amazon:Baby_Products,test,180228,11,5.03444472490731,7,7,11
amazon:Baby_Products,test,180279,5,2.3306922007415256,5,5,5
amazon:Baby_Products,test,180538,4,1.951217392743644,3,3,4
amazon:Baby_Products,test,180573,4,1.073618950278072,2,4,4
amazon:Baby_Products,test,180607,4,0.28770172636387714,1,1,1
amazon:Baby_Products,test,180634,4,1.3709818177304025,4,4,4
amazon:Baby_Products,test,180648,8,3.5236801923331567,5,7,8
amazon:Baby_Products,test,180772,4,0.4133137331170551,1,1,1
amazon:Baby_Products,test,180824,13,9.370532019663667,6,13,13
amazon:Baby_Products,test,181005,5,7.656542658401747,1,3,3
amazon:Baby_Products,test,181247,7,2.2288528701006354,1,1,1
amazon:Baby_Products,test,181258,6,1.380890409825212,1,4,6
amazon:Baby_Products,test,181332,5,1.6899078886387713,3,4,5
amazon:Baby_Products,test,181336,5,5.775345727952861,4,4,5
amazon:Baby_Products,test,181367,5,1.1102568028336863,1,2,2
amazon:Baby_Products,test,181382,6,2.4699032541048727,6,6,6
amazon:Baby_Products,test,181423,8,0.7814310364804025,5,6,6
amazon:Baby_Products,test,181457,5,0.15451184288930084,3,3,3
amazon:Baby_Products,test,181789,4,1.3119074417372878,1,2,2
amazon:Baby_Products,test,181991,9,3.0996983414989403,2,4,4
amazon:Baby_Products,test,182104,7,1.9193818690413136,4,5,5
amazon:Baby_Products,test,182323,5,4.141338180283369,2,2,3
amazon:Baby_Products,test,182328,5,0.815370514433263,1,4,4
amazon:Baby_Products,test,182412,7,5.033511404263772,3,7,7
amazon:Baby_Products,test,182419,6,1.7618083371954447,1,1,1
amazon:Baby_Products,test,182431,7,3.1378529694120765,3,7,7
amazon:Baby_Products,test,182434,9,2.467601090770657,4,7,9
amazon:Baby_Products,test,182498,6,4.045664228019068,3,3,4
amazon:Baby_Products,test,182517,5,0.9144322282176907,3,3,5
amazon:Baby_Products,test,182692,4,0.41098322464247883,3,3,3
amazon:Baby_Products,test,182775,19,1.6570614572298727,4,7,7
amazon:Baby_Products,test,182843,4,2.754795708090572,1,3,3
amazon:Baby_Products,test,182885,4,0.1413723185911017,2,2,2
amazon:Baby_Products,test,182891,5,0.3671618445444915,5,5,5
amazon:Baby_Products,test,182939,9,4.693298753641419,3,4,8
amazon:Baby_Products,test,182962,3,3.8219356213585804,2,2,2
amazon:Baby_Products,test,182984,4,0.30575489108845344,1,1,1
amazon:Baby_Products,test,183055,4,0.79278564453125,2,2,2
amazon:Baby_Products,test,183110,9,5.042575435315149,6,8,8
amazon:Baby_Products,test,183134,5,1.784809797901218,1,4,5
amazon:Baby_Products,test,183250,17,5.290572861493644,15,16,17
amazon:Baby_Products,test,183303,5,2.3724344544491527,3,5,5
amazon:Baby_Products,test,183461,13,3.18839504435911,5,13,13
amazon:Baby_Products,test,183517,4,2.653977836996822,3,4,4
amazon:Baby_Products,test,183634,5,3.391409974179026,4,4,4
amazon:Baby_Products,test,183697,5,3.871795137049788,4,5,5
amazon:Baby_Products,test,183698,6,0.5667097705905721,5,5,5
amazon:Baby_Products,test,183709,3,1.808299332958157,1,3,3
amazon:Baby_Products,test,183729,4,2.730979997020657,1,4,4
amazon:Baby_Products,test,183879,6,1.520939196570445,3,6,6
amazon:Baby_Products,test,183895,4,2.092181499933792,1,2,3
amazon:Baby_Products,test,183918,5,5.444784287274894,4,5,5
amazon:Baby_Products,test,184061,6,0.7258149745100636,6,6,6
amazon:Baby_Products,test,184070,7,3.4009331137447036,3,4,5
amazon:Baby_Products,test,184183,16,4.431307724774895,9,11,14
amazon:Baby_Products,test,184272,6,0.6664270433328918,5,5,5
amazon:Baby_Products,test,184339,4,2.942765368445445,2,2,4
amazon:Baby_Products,test,184381,11,5.781370828919492,8,8,10
amazon:Baby_Products,test,184542,4,2.067201362221928,4,4,4
amazon:Baby_Products,test,184574,7,0.9985223285222458,6,6,6
amazon:Baby_Products,test,184707,11,5.3815158650026484,6,7,9
amazon:Baby_Products,test,184809,8,1.7141032590704446,5,5,8
