dataset,split,cohort,lag_bin,lag_start,lag_end,metric,mean,ci_low,ci_high,n_users,n_positions,units,status
amazon-sports-and-outdoors,valid,all_available,1,1,1,raw_cosine,0.17351719707995653,0.1684025286662276,0.17900817755684256,2000,2000,cosine,estimated
amazon-sports-and-outdoors,valid,all_available,1,1,1,random_cosine,0.1275162135157734,0.1261522966493387,0.12896450945371762,2000,2000,cosine,estimated
amazon-sports-and-outdoors,valid,all_available,1,1,1,excess_cosine,0.04600098356418312,0.040960423335956876,0.051335674077027944,2000,2000,cosine,estimated
amazon-sports-and-outdoors,valid,all_available,1,1,1,raw_cluster_match,0.157,0.14073750000000002,0.176,2000,2000,probability_difference,estimated
amazon-sports-and-outdoors,valid,all_available,1,1,1,random_cluster_match,0.06280000000000001,0.05952375,0.06575,2000,2000,probability_difference,estimated
amazon-sports-and-outdoors,valid,all_available,1,1,1,excess_cluster_match,0.09419999999999999,0.079069375,0.11274312499999999,2000,2000,probability_difference,estimated
amazon-sports-and-outdoors,valid,all_available,2,2,2,raw_cosine,0.1628635050811036,0.15805307714371455,0.16839324323227628,1928,1928,cosine,estimated
amazon-sports-and-outdoors,valid,all_available,2,2,2,random_cosine,0.12792092086206272,0.12656490061798276,0.12925841325243811,1928,1928,cosine,estimated
amazon-sports-and-outdoors,valid,all_available,2,2,2,excess_cosine,0.03494258421904087,0.030543174179965493,0.03993761798251455,1928,1928,cosine,estimated
amazon-sports-and-outdoors,valid,all_available,2,2,2,raw_cluster_match,0.13226141078838174,0.1164289419087137,0.14678423236514523,1928,1928,probability_difference,estimated
amazon-sports-and-outdoors,valid,all_available,2,2,2,random_cluster_match,0.061799792531120334,0.05872471473029046,0.06503047199170124,1928,1928,probability_difference,estimated
amazon-sports-and-outdoors,valid,all_available,2,2,2,excess_cluster_match,0.0704616182572614,0.05551867219917012,0.08587979771784232,1928,1928,probability_difference,estimated
amazon-sports-and-outdoors,valid,all_available,3-4,3,4,raw_cosine,0.1500936751245851,0.14648191664767818,0.15414761120646048,1735,2929,cosine,estimated
amazon-sports-and-outdoors,valid,all_available,3-4,3,4,random_cosine,0.12841966482958292,0.12702436228537722,0.12983034505860436,1735,2929,cosine,estimated
amazon-sports-and-outdoors,valid,all_available,3-4,3,4,excess_cosine,0.021674010295002193,0.018222669742401602,0.02547746285814282,1735,2929,cosine,estimated
amazon-sports-and-outdoors,valid,all_available,3-4,3,4,raw_cluster_match,0.10720461095100864,0.09567723342939481,0.11974783861671469,1735,2929,probability_difference,estimated
amazon-sports-and-outdoors,valid,all_available,3-4,3,4,random_cluster_match,0.06001440922190202,0.057305475504322766,0.06306376080691643,1735,2929,probability_difference,estimated
amazon-sports-and-outdoors,valid,all_available,3-4,3,4,excess_cluster_match,0.04719020172910663,0.03568876080691642,0.0601743515850144,1735,2929,probability_difference,estimated
amazon-sports-and-outdoors,valid,all_available,5-8,5,8,raw_cosine,0.1492772764628257,0.144795027664092,0.1543211711196461,845,2318,cosine,estimated
amazon-sports-and-outdoors,valid,all_available,5-8,5,8,random_cosine,0.12819253067564976,0.1263778968141699,0.13019786070279146,845,2318,cosine,estimated
amazon-sports-and-outdoors,valid,all_available,5-8,5,8,excess_cosine,0.021084745787175948,0.016915603331317742,0.026148517588674706,845,2318,cosine,estimated
amazon-sports-and-outdoors,valid,all_available,5-8,5,8,raw_cluster_match,0.133629191321499,0.11749753451676528,0.15222633136094674,845,2318,probability_difference,estimated
amazon-sports-and-outdoors,valid,all_available,5-8,5,8,random_cluster_match,0.05924063116370809,0.05536686390532545,0.06295747041420119,845,2318,probability_difference,estimated
amazon-sports-and-outdoors,valid,all_available,5-8,5,8,excess_cluster_match,0.07438856015779091,0.05699321992110454,0.09279573471400393,845,2318,probability_difference,estimated
amazon-sports-and-outdoors,valid,all_available,9-16,9,16,raw_cosine,0.1420221176117075,0.13639079745817384,0.14873504171465488,316,1498,cosine,estimated
amazon-sports-and-outdoors,valid,all_available,9-16,9,16,random_cosine,0.1296930183256393,0.12648159375909948,0.13282142141717382,316,1498,cosine,estimated
amazon-sports-and-outdoors,valid,all_available,9-16,9,16,excess_cosine,0.012329099286068202,0.007859289528436144,0.017113654087659354,316,1498,cosine,estimated
amazon-sports-and-outdoors,valid,all_available,9-16,9,16,raw_cluster_match,0.1101190476190476,0.09174653405666065,0.13436313291139237,316,1498,probability_difference,estimated
amazon-sports-and-outdoors,valid,all_available,9-16,9,16,random_cluster_match,0.05992898583484027,0.05435645531946956,0.06583720897377938,316,1498,probability_difference,estimated
amazon-sports-and-outdoors,valid,all_available,9-16,9,16,excess_cluster_match,0.050190061784207346,0.03208649318113321,0.07367847253616636,316,1498,probability_difference,estimated
amazon-sports-and-outdoors,valid,all_available,17-32,17,32,raw_cosine,0.1466126702936123,0.1357593837239954,0.15773095196499518,84,728,cosine,exploratory_n_lt_100
amazon-sports-and-outdoors,valid,all_available,17-32,17,32,random_cosine,0.12883976930551302,0.12281238435526592,0.1346873622211356,84,728,cosine,exploratory_n_lt_100
amazon-sports-and-outdoors,valid,all_available,17-32,17,32,excess_cosine,0.01777290098809926,0.010132830663338189,0.027109833004305244,84,728,cosine,exploratory_n_lt_100
amazon-sports-and-outdoors,valid,all_available,17-32,17,32,raw_cluster_match,0.0835712567855425,0.05544549985398199,0.1173928431852539,84,728,probability_difference,exploratory_n_lt_100
amazon-sports-and-outdoors,valid,all_available,17-32,17,32,random_cluster_match,0.05659387817869961,0.045417267070726894,0.06844836535405732,84,728,probability_difference,exploratory_n_lt_100
amazon-sports-and-outdoors,valid,all_available,17-32,17,32,excess_cluster_match,0.026977378606842895,-0.003651313716045858,0.05947686411637304,84,728,probability_difference,exploratory_n_lt_100
amazon-sports-and-outdoors,valid,all_available,33-64,33,64,raw_cosine,0.15853659397953157,0.13832667162527304,0.1813328545922829,22,339,cosine,exploratory_n_lt_100
amazon-sports-and-outdoors,valid,all_available,33-64,33,64,random_cosine,0.132606020602163,0.122275924943882,0.14409935703336255,22,339,cosine,exploratory_n_lt_100
amazon-sports-and-outdoors,valid,all_available,33-64,33,64,excess_cosine,0.025930573377368562,0.012484897422818487,0.04100640422694226,22,339,cosine,exploratory_n_lt_100
amazon-sports-and-outdoors,valid,all_available,33-64,33,64,raw_cluster_match,0.14518669627820346,0.08719301295295613,0.21701259379077859,22,339,probability_difference,exploratory_n_lt_100
amazon-sports-and-outdoors,valid,all_available,33-64,33,64,random_cluster_match,0.05382098264574342,0.03999888098469513,0.0682495314817758,22,339,probability_difference,exploratory_n_lt_100
amazon-sports-and-outdoors,valid,all_available,33-64,33,64,excess_cluster_match,0.09136571363246003,0.03567850627119092,0.155006237252331,22,339,probability_difference,exploratory_n_lt_100
amazon-sports-and-outdoors,valid,all_available,65-100,65,100,raw_cosine,0.1551648272457768,0.11185555954256819,0.19847409494898538,4,87,cosine,exploratory_n_lt_100
amazon-sports-and-outdoors,valid,all_available,65-100,65,100,random_cosine,0.14655496222390368,0.1274504918191168,0.16844817478623655,4,87,cosine,exploratory_n_lt_100
amazon-sports-and-outdoors,valid,all_available,65-100,65,100,excess_cosine,0.00860986502187308,-0.020671100944816837,0.032814662320294764,4,87,cosine,exploratory_n_lt_100
amazon-sports-and-outdoors,valid,all_available,65-100,65,100,raw_cluster_match,0.013888888888888888,0.0,0.041666666666666664,4,87,probability_difference,exploratory_n_lt_100
amazon-sports-and-outdoors,valid,all_available,65-100,65,100,random_cluster_match,0.033396464646464646,0.022222222222222223,0.04583333333333334,4,87,probability_difference,exploratory_n_lt_100
amazon-sports-and-outdoors,valid,all_available,65-100,65,100,excess_cluster_match,-0.01950757575757576,-0.03213383838383839,-0.004166666666666672,4,87,probability_difference,exploratory_n_lt_100
amazon-sports-and-outdoors,valid,fixed_K8,1,1,1,raw_cosine,0.17158897367159004,0.1607350334887834,0.18678404819195796,380,380,cosine,estimated
amazon-sports-and-outdoors,valid,fixed_K8,1,1,1,random_cosine,0.12957080168355453,0.1268389199828533,0.13251285868084156,380,380,cosine,estimated
amazon-sports-and-outdoors,valid,fixed_K8,1,1,1,excess_cosine,0.0420181719880355,0.03119567811023444,0.05572265275790797,380,380,cosine,estimated
amazon-sports-and-outdoors,valid,fixed_K8,1,1,1,raw_cluster_match,0.13421052631578947,0.1,0.17105263157894737,380,380,probability_difference,estimated
amazon-sports-and-outdoors,valid,fixed_K8,1,1,1,random_cluster_match,0.056184210526315795,0.04900986842105263,0.06342105263157895,380,380,probability_difference,estimated
amazon-sports-and-outdoors,valid,fixed_K8,1,1,1,excess_cluster_match,0.07802631578947368,0.04565131578947368,0.11396710526315786,380,380,probability_difference,estimated
amazon-sports-and-outdoors,valid,fixed_K8,2,2,2,raw_cosine,0.16869894164173227,0.1582071858607723,0.17832560749847048,380,380,cosine,estimated
amazon-sports-and-outdoors,valid,fixed_K8,2,2,2,random_cosine,0.12942807461674277,0.1262618115468343,0.13235024871696768,380,380,cosine,estimated
amazon-sports-and-outdoors,valid,fixed_K8,2,2,2,excess_cosine,0.039270867024989504,0.029348741308173262,0.048783429745633745,380,380,cosine,estimated
amazon-sports-and-outdoors,valid,fixed_K8,2,2,2,raw_cluster_match,0.14473684210526316,0.11052631578947368,0.17894736842105263,380,380,probability_difference,estimated
amazon-sports-and-outdoors,valid,fixed_K8,2,2,2,random_cluster_match,0.05499999999999999,0.04828947368421053,0.0618421052631579,380,380,probability_difference,estimated
amazon-sports-and-outdoors,valid,fixed_K8,2,2,2,excess_cluster_match,0.08973684210526314,0.053746710526315786,0.1236907894736842,380,380,probability_difference,estimated
amazon-sports-and-outdoors,valid,fixed_K8,3-4,3,4,raw_cosine,0.151964391584165,0.14477420218393058,0.1591742143526943,380,760,cosine,estimated
amazon-sports-and-outdoors,valid,fixed_K8,3-4,3,4,random_cosine,0.12940804047117893,0.12640150613764203,0.13192097062367553,380,760,cosine,estimated
amazon-sports-and-outdoors,valid,fixed_K8,3-4,3,4,excess_cosine,0.02255635111298608,0.0160783417125257,0.028926067510190858,380,760,cosine,estimated
amazon-sports-and-outdoors,valid,fixed_K8,3-4,3,4,raw_cluster_match,0.11315789473684211,0.08947368421052632,0.14078947368421052,380,760,probability_difference,estimated
amazon-sports-and-outdoors,valid,fixed_K8,3-4,3,4,random_cluster_match,0.05697368421052632,0.05092105263157895,0.06286348684210527,380,760,probability_difference,estimated
amazon-sports-and-outdoors,valid,fixed_K8,3-4,3,4,excess_cluster_match,0.05618421052631578,0.030786184210526313,0.08260032894736842,380,760,probability_difference,estimated
amazon-sports-and-outdoors,valid,fixed_K8,5-8,5,8,raw_cosine,0.15042278082538887,0.14453643708031833,0.1562229156087606,380,1520,cosine,estimated
amazon-sports-and-outdoors,valid,fixed_K8,5-8,5,8,random_cosine,0.12928880284246252,0.12631492891434679,0.13224228648303418,380,1520,cosine,estimated
amazon-sports-and-outdoors,valid,fixed_K8,5-8,5,8,excess_cosine,0.02113397798292633,0.016918064502043355,0.02593907868281301,380,1520,cosine,estimated
amazon-sports-and-outdoors,valid,fixed_K8,5-8,5,8,raw_cluster_match,0.12697368421052632,0.10820723684210527,0.14802631578947367,380,1520,probability_difference,estimated
amazon-sports-and-outdoors,valid,fixed_K8,5-8,5,8,random_cluster_match,0.05776315789473685,0.052351151315789476,0.06327549342105263,380,1520,probability_difference,estimated
amazon-sports-and-outdoors,valid,fixed_K8,5-8,5,8,excess_cluster_match,0.06921052631578947,0.05175904605263157,0.08858717105263157,380,1520,probability_difference,estimated
amazon-sports-and-outdoors,valid,fixed_K8,9-16,9,16,raw_cosine,0.1420221176117075,0.13639079745817384,0.14873504171465488,316,1498,cosine,estimated
amazon-sports-and-outdoors,valid,fixed_K8,9-16,9,16,random_cosine,0.1296930183256393,0.12648159375909948,0.13282142141717382,316,1498,cosine,estimated
amazon-sports-and-outdoors,valid,fixed_K8,9-16,9,16,excess_cosine,0.012329099286068202,0.007859289528436144,0.017113654087659354,316,1498,cosine,estimated
amazon-sports-and-outdoors,valid,fixed_K8,9-16,9,16,raw_cluster_match,0.1101190476190476,0.09174653405666065,0.13436313291139237,316,1498,probability_difference,estimated
amazon-sports-and-outdoors,valid,fixed_K8,9-16,9,16,random_cluster_match,0.05992898583484027,0.05435645531946956,0.06583720897377938,316,1498,probability_difference,estimated
amazon-sports-and-outdoors,valid,fixed_K8,9-16,9,16,excess_cluster_match,0.050190061784207346,0.03208649318113321,0.07367847253616636,316,1498,probability_difference,estimated
amazon-sports-and-outdoors,valid,fixed_K8,17-32,17,32,raw_cosine,0.1466126702936123,0.1357593837239954,0.15773095196499518,84,728,cosine,exploratory_n_lt_100
amazon-sports-and-outdoors,valid,fixed_K8,17-32,17,32,random_cosine,0.12883976930551302,0.12281238435526592,0.1346873622211356,84,728,cosine,exploratory_n_lt_100
amazon-sports-and-outdoors,valid,fixed_K8,17-32,17,32,excess_cosine,0.01777290098809926,0.010132830663338189,0.027109833004305244,84,728,cosine,exploratory_n_lt_100
amazon-sports-and-outdoors,valid,fixed_K8,17-32,17,32,raw_cluster_match,0.0835712567855425,0.05544549985398199,0.1173928431852539,84,728,probability_difference,exploratory_n_lt_100
amazon-sports-and-outdoors,valid,fixed_K8,17-32,17,32,random_cluster_match,0.05659387817869961,0.045417267070726894,0.06844836535405732,84,728,probability_difference,exploratory_n_lt_100
amazon-sports-and-outdoors,valid,fixed_K8,17-32,17,32,excess_cluster_match,0.026977378606842895,-0.003651313716045858,0.05947686411637304,84,728,probability_difference,exploratory_n_lt_100
amazon-sports-and-outdoors,valid,fixed_K8,33-64,33,64,raw_cosine,0.15853659397953157,0.13832667162527304,0.1813328545922829,22,339,cosine,exploratory_n_lt_100
amazon-sports-and-outdoors,valid,fixed_K8,33-64,33,64,random_cosine,0.132606020602163,0.122275924943882,0.14409935703336255,22,339,cosine,exploratory_n_lt_100
amazon-sports-and-outdoors,valid,fixed_K8,33-64,33,64,excess_cosine,0.025930573377368562,0.012484897422818487,0.04100640422694226,22,339,cosine,exploratory_n_lt_100
amazon-sports-and-outdoors,valid,fixed_K8,33-64,33,64,raw_cluster_match,0.14518669627820346,0.08719301295295613,0.21701259379077859,22,339,probability_difference,exploratory_n_lt_100
amazon-sports-and-outdoors,valid,fixed_K8,33-64,33,64,random_cluster_match,0.05382098264574342,0.03999888098469513,0.0682495314817758,22,339,probability_difference,exploratory_n_lt_100
amazon-sports-and-outdoors,valid,fixed_K8,33-64,33,64,excess_cluster_match,0.09136571363246003,0.03567850627119092,0.155006237252331,22,339,probability_difference,exploratory_n_lt_100
amazon-sports-and-outdoors,valid,fixed_K8,65-100,65,100,raw_cosine,0.1551648272457768,0.11185555954256819,0.19847409494898538,4,87,cosine,exploratory_n_lt_100
amazon-sports-and-outdoors,valid,fixed_K8,65-100,65,100,random_cosine,0.14655496222390368,0.1274504918191168,0.16844817478623655,4,87,cosine,exploratory_n_lt_100
amazon-sports-and-outdoors,valid,fixed_K8,65-100,65,100,excess_cosine,0.00860986502187308,-0.020671100944816837,0.032814662320294764,4,87,cosine,exploratory_n_lt_100
amazon-sports-and-outdoors,valid,fixed_K8,65-100,65,100,raw_cluster_match,0.013888888888888888,0.0,0.041666666666666664,4,87,probability_difference,exploratory_n_lt_100
amazon-sports-and-outdoors,valid,fixed_K8,65-100,65,100,random_cluster_match,0.033396464646464646,0.022222222222222223,0.04583333333333334,4,87,probability_difference,exploratory_n_lt_100
amazon-sports-and-outdoors,valid,fixed_K8,65-100,65,100,excess_cluster_match,-0.01950757575757576,-0.03213383838383839,-0.004166666666666672,4,87,probability_difference,exploratory_n_lt_100
amazon-sports-and-outdoors,valid,fixed_K16,1,1,1,raw_cosine,0.1641712374985218,0.14475218381599655,0.18921865292976855,98,98,cosine,exploratory_n_lt_100
amazon-sports-and-outdoors,valid,fixed_K16,1,1,1,random_cosine,0.12690016931417036,0.1208976943254927,0.13244365395750016,98,98,cosine,exploratory_n_lt_100
amazon-sports-and-outdoors,valid,fixed_K16,1,1,1,excess_cosine,0.037271068184351434,0.018545273608737152,0.06326930035684938,98,98,cosine,exploratory_n_lt_100
amazon-sports-and-outdoors,valid,fixed_K16,1,1,1,raw_cluster_match,0.05102040816326531,0.01020408163265306,0.09183673469387756,98,98,probability_difference,exploratory_n_lt_100
amazon-sports-and-outdoors,valid,fixed_K16,1,1,1,random_cluster_match,0.059693877551020416,0.04540816326530612,0.07653061224489797,98,98,probability_difference,exploratory_n_lt_100
amazon-sports-and-outdoors,valid,fixed_K16,1,1,1,excess_cluster_match,-0.008673469387755107,-0.05026785714285715,0.03243622448979588,98,98,probability_difference,exploratory_n_lt_100
amazon-sports-and-outdoors,valid,fixed_K16,2,2,2,raw_cosine,0.162941218258775,0.1467751397760775,0.1807803453022272,98,98,cosine,exploratory_n_lt_100
amazon-sports-and-outdoors,valid,fixed_K16,2,2,2,random_cosine,0.12725010719530436,0.12097154825697748,0.13318188406565057,98,98,cosine,exploratory_n_lt_100
amazon-sports-and-outdoors,valid,fixed_K16,2,2,2,excess_cosine,0.03569111106347064,0.022324266829242816,0.051666365401363185,98,98,cosine,exploratory_n_lt_100
amazon-sports-and-outdoors,valid,fixed_K16,2,2,2,raw_cluster_match,0.05102040816326531,0.01020408163265306,0.09183673469387756,98,98,probability_difference,exploratory_n_lt_100
amazon-sports-and-outdoors,valid,fixed_K16,2,2,2,random_cluster_match,0.05357142857142857,0.04258928571428571,0.06761479591836733,98,98,probability_difference,exploratory_n_lt_100
amazon-sports-and-outdoors,valid,fixed_K16,2,2,2,excess_cluster_match,-0.002551020408163272,-0.04392857142857143,0.04059948979591832,98,98,probability_difference,exploratory_n_lt_100
amazon-sports-and-outdoors,valid,fixed_K16,3-4,3,4,raw_cosine,0.16310344931042317,0.1498110271643429,0.1781133102699734,98,196,cosine,exploratory_n_lt_100
amazon-sports-and-outdoors,valid,fixed_K16,3-4,3,4,random_cosine,0.12810819660674552,0.12229548836963214,0.1335238519257733,98,196,cosine,exploratory_n_lt_100
amazon-sports-and-outdoors,valid,fixed_K16,3-4,3,4,excess_cosine,0.034995252703677635,0.02257332302278326,0.04859383581823916,98,196,cosine,exploratory_n_lt_100
amazon-sports-and-outdoors,valid,fixed_K16,3-4,3,4,raw_cluster_match,0.12755102040816327,0.07653061224489796,0.18124999999999988,98,196,probability_difference,exploratory_n_lt_100
amazon-sports-and-outdoors,valid,fixed_K16,3-4,3,4,random_cluster_match,0.06071428571428573,0.04859056122448979,0.07270408163265306,98,196,probability_difference,exploratory_n_lt_100
amazon-sports-and-outdoors,valid,fixed_K16,3-4,3,4,excess_cluster_match,0.06683673469387753,0.014030612244897952,0.12067602040816323,98,196,probability_difference,exploratory_n_lt_100
amazon-sports-and-outdoors,valid,fixed_K16,5-8,5,8,raw_cosine,0.16125252809166452,0.14663882702933528,0.17613720401541844,98,392,cosine,exploratory_n_lt_100
amazon-sports-and-outdoors,valid,fixed_K16,5-8,5,8,random_cosine,0.12710008867161007,0.12093049311649283,0.13262830866234643,98,392,cosine,exploratory_n_lt_100
amazon-sports-and-outdoors,valid,fixed_K16,5-8,5,8,excess_cosine,0.034152439420054456,0.021614043521385982,0.04722419267624844,98,392,cosine,exploratory_n_lt_100
amazon-sports-and-outdoors,valid,fixed_K16,5-8,5,8,raw_cluster_match,0.1326530612244898,0.09438775510204081,0.1760204081632653,98,392,probability_difference,exploratory_n_lt_100
amazon-sports-and-outdoors,valid,fixed_K16,5-8,5,8,random_cluster_match,0.05765306122448979,0.048469387755102046,0.06754145408163265,98,392,probability_difference,exploratory_n_lt_100
amazon-sports-and-outdoors,valid,fixed_K16,5-8,5,8,excess_cluster_match,0.07500000000000001,0.03654017857142857,0.11933354591836734,98,392,probability_difference,exploratory_n_lt_100
amazon-sports-and-outdoors,valid,fixed_K16,9-16,9,16,raw_cosine,0.14719981024854303,0.13955034765843136,0.15476216107238042,98,784,cosine,exploratory_n_lt_100
amazon-sports-and-outdoors,valid,fixed_K16,9-16,9,16,random_cosine,0.12801035985407627,0.12260057975892072,0.13351949025361268,98,784,cosine,exploratory_n_lt_100
amazon-sports-and-outdoors,valid,fixed_K16,9-16,9,16,excess_cosine,0.019189450394466748,0.013000816124674332,0.02510436313928874,98,784,cosine,exploratory_n_lt_100
amazon-sports-and-outdoors,valid,fixed_K16,9-16,9,16,raw_cluster_match,0.13010204081632654,0.09821428571428571,0.16265943877551017,98,784,probability_difference,exploratory_n_lt_100
amazon-sports-and-outdoors,valid,fixed_K16,9-16,9,16,random_cluster_match,0.057206632653061223,0.048812181122448985,0.06700733418367345,98,784,probability_difference,exploratory_n_lt_100
amazon-sports-and-outdoors,valid,fixed_K16,9-16,9,16,excess_cluster_match,0.0728954081632653,0.04272321428571429,0.10365433673469387,98,784,probability_difference,exploratory_n_lt_100
amazon-sports-and-outdoors,valid,fixed_K16,17-32,17,32,raw_cosine,0.1466126702936123,0.1357593837239954,0.15773095196499518,84,728,cosine,exploratory_n_lt_100
amazon-sports-and-outdoors,valid,fixed_K16,17-32,17,32,random_cosine,0.12883976930551302,0.12281238435526592,0.1346873622211356,84,728,cosine,exploratory_n_lt_100
amazon-sports-and-outdoors,valid,fixed_K16,17-32,17,32,excess_cosine,0.01777290098809926,0.010132830663338189,0.027109833004305244,84,728,cosine,exploratory_n_lt_100
amazon-sports-and-outdoors,valid,fixed_K16,17-32,17,32,raw_cluster_match,0.0835712567855425,0.05544549985398199,0.1173928431852539,84,728,probability_difference,exploratory_n_lt_100
amazon-sports-and-outdoors,valid,fixed_K16,17-32,17,32,random_cluster_match,0.05659387817869961,0.045417267070726894,0.06844836535405732,84,728,probability_difference,exploratory_n_lt_100
amazon-sports-and-outdoors,valid,fixed_K16,17-32,17,32,excess_cluster_match,0.026977378606842895,-0.003651313716045858,0.05947686411637304,84,728,probability_difference,exploratory_n_lt_100
amazon-sports-and-outdoors,valid,fixed_K16,33-64,33,64,raw_cosine,0.15853659397953157,0.13832667162527304,0.1813328545922829,22,339,cosine,exploratory_n_lt_100
amazon-sports-and-outdoors,valid,fixed_K16,33-64,33,64,random_cosine,0.132606020602163,0.122275924943882,0.14409935703336255,22,339,cosine,exploratory_n_lt_100
amazon-sports-and-outdoors,valid,fixed_K16,33-64,33,64,excess_cosine,0.025930573377368562,0.012484897422818487,0.04100640422694226,22,339,cosine,exploratory_n_lt_100
amazon-sports-and-outdoors,valid,fixed_K16,33-64,33,64,raw_cluster_match,0.14518669627820346,0.08719301295295613,0.21701259379077859,22,339,probability_difference,exploratory_n_lt_100
amazon-sports-and-outdoors,valid,fixed_K16,33-64,33,64,random_cluster_match,0.05382098264574342,0.03999888098469513,0.0682495314817758,22,339,probability_difference,exploratory_n_lt_100
amazon-sports-and-outdoors,valid,fixed_K16,33-64,33,64,excess_cluster_match,0.09136571363246003,0.03567850627119092,0.155006237252331,22,339,probability_difference,exploratory_n_lt_100
amazon-sports-and-outdoors,valid,fixed_K16,65-100,65,100,raw_cosine,0.1551648272457768,0.11185555954256819,0.19847409494898538,4,87,cosine,exploratory_n_lt_100
amazon-sports-and-outdoors,valid,fixed_K16,65-100,65,100,random_cosine,0.14655496222390368,0.1274504918191168,0.16844817478623655,4,87,cosine,exploratory_n_lt_100
amazon-sports-and-outdoors,valid,fixed_K16,65-100,65,100,excess_cosine,0.00860986502187308,-0.020671100944816837,0.032814662320294764,4,87,cosine,exploratory_n_lt_100
amazon-sports-and-outdoors,valid,fixed_K16,65-100,65,100,raw_cluster_match,0.013888888888888888,0.0,0.041666666666666664,4,87,probability_difference,exploratory_n_lt_100
amazon-sports-and-outdoors,valid,fixed_K16,65-100,65,100,random_cluster_match,0.033396464646464646,0.022222222222222223,0.04583333333333334,4,87,probability_difference,exploratory_n_lt_100
amazon-sports-and-outdoors,valid,fixed_K16,65-100,65,100,excess_cluster_match,-0.01950757575757576,-0.03213383838383839,-0.004166666666666672,4,87,probability_difference,exploratory_n_lt_100
amazon-sports-and-outdoors,valid,fixed_K32,1,1,1,raw_cosine,0.16996386954965798,0.14582315024555376,0.19572779136993315,23,23,cosine,exploratory_n_lt_100
amazon-sports-and-outdoors,valid,fixed_K32,1,1,1,random_cosine,0.12912173277657965,0.1154818268087895,0.14139726515859363,23,23,cosine,exploratory_n_lt_100
amazon-sports-and-outdoors,valid,fixed_K32,1,1,1,excess_cosine,0.04084213677307834,0.020188805570259042,0.06314819988430194,23,23,cosine,exploratory_n_lt_100
amazon-sports-and-outdoors,valid,fixed_K32,1,1,1,raw_cluster_match,0.043478260869565216,0.0,0.13043478260869565,23,23,probability_difference,exploratory_n_lt_100
amazon-sports-and-outdoors,valid,fixed_K32,1,1,1,random_cluster_match,0.06304347826086958,0.04130434782608696,0.092445652173913,23,23,probability_difference,exploratory_n_lt_100
amazon-sports-and-outdoors,valid,fixed_K32,1,1,1,excess_cluster_match,-0.01956521739130435,-0.0782608695652174,0.07940217391304344,23,23,probability_difference,exploratory_n_lt_100
amazon-sports-and-outdoors,valid,fixed_K32,2,2,2,raw_cosine,0.1669854787380799,0.13890169751223014,0.19718949257841573,23,23,cosine,exploratory_n_lt_100
amazon-sports-and-outdoors,valid,fixed_K32,2,2,2,random_cosine,0.1278235445851865,0.11710991313600022,0.13705454199858333,23,23,cosine,exploratory_n_lt_100
amazon-sports-and-outdoors,valid,fixed_K32,2,2,2,excess_cosine,0.039161934152893395,0.014870678617254548,0.0646002618514973,23,23,cosine,exploratory_n_lt_100
amazon-sports-and-outdoors,valid,fixed_K32,2,2,2,raw_cluster_match,0.0,0.0,0.0,23,23,probability_difference,exploratory_n_lt_100
amazon-sports-and-outdoors,valid,fixed_K32,2,2,2,random_cluster_match,0.03695652173913044,0.01956521739130435,0.058695652173913045,23,23,probability_difference,exploratory_n_lt_100
amazon-sports-and-outdoors,valid,fixed_K32,2,2,2,excess_cluster_match,-0.03695652173913044,-0.058695652173913045,-0.01956521739130435,23,23,probability_difference,exploratory_n_lt_100
amazon-sports-and-outdoors,valid,fixed_K32,3-4,3,4,raw_cosine,0.1765523997499891,0.13942882206048007,0.22261937651580763,23,46,cosine,exploratory_n_lt_100
amazon-sports-and-outdoors,valid,fixed_K32,3-4,3,4,random_cosine,0.1281557990157086,0.11827974404086884,0.13844805491440323,23,46,cosine,exploratory_n_lt_100
amazon-sports-and-outdoors,valid,fixed_K32,3-4,3,4,excess_cosine,0.0483966007342805,0.015691982655097608,0.09414900707526375,23,46,cosine,exploratory_n_lt_100
amazon-sports-and-outdoors,valid,fixed_K32,3-4,3,4,raw_cluster_match,0.13043478260869565,0.021739130434782608,0.2722826086956517,23,46,probability_difference,exploratory_n_lt_100
amazon-sports-and-outdoors,valid,fixed_K32,3-4,3,4,random_cluster_match,0.056521739130434775,0.037472826086956526,0.07717391304347826,23,46,probability_difference,exploratory_n_lt_100
amazon-sports-and-outdoors,valid,fixed_K32,3-4,3,4,excess_cluster_match,0.07391304347826087,-0.036440217391304354,0.21195652173913043,23,46,probability_difference,exploratory_n_lt_100
amazon-sports-and-outdoors,valid,fixed_K32,5-8,5,8,raw_cosine,0.15655836815257435,0.13316438058694904,0.180684241449015,23,92,cosine,exploratory_n_lt_100
amazon-sports-and-outdoors,valid,fixed_K32,5-8,5,8,random_cosine,0.12909537893922432,0.11743108891962988,0.14085503706060673,23,92,cosine,exploratory_n_lt_100
amazon-sports-and-outdoors,valid,fixed_K32,5-8,5,8,excess_cosine,0.027462989213350025,0.008952607372370752,0.04597875487828708,23,92,cosine,exploratory_n_lt_100
amazon-sports-and-outdoors,valid,fixed_K32,5-8,5,8,raw_cluster_match,0.11956521739130435,0.05434782608695652,0.21222826086956498,23,92,probability_difference,exploratory_n_lt_100
amazon-sports-and-outdoors,valid,fixed_K32,5-8,5,8,random_cluster_match,0.04945652173913044,0.03504076086956523,0.06550271739130434,23,92,probability_difference,exploratory_n_lt_100
amazon-sports-and-outdoors,valid,fixed_K32,5-8,5,8,excess_cluster_match,0.07010869565217391,0.00025815217391303934,0.15926630434782607,23,92,probability_difference,exploratory_n_lt_100
amazon-sports-and-outdoors,valid,fixed_K32,9-16,9,16,raw_cosine,0.1515085776336491,0.1322130989101108,0.1682000791826083,23,184,cosine,exploratory_n_lt_100
amazon-sports-and-outdoors,valid,fixed_K32,9-16,9,16,random_cosine,0.12854194373864195,0.11798368478092648,0.13854278538770892,23,184,cosine,exploratory_n_lt_100
amazon-sports-and-outdoors,valid,fixed_K32,9-16,9,16,excess_cosine,0.022966633895007166,0.010264848957202682,0.03468427165543012,23,184,cosine,exploratory_n_lt_100
amazon-sports-and-outdoors,valid,fixed_K32,9-16,9,16,raw_cluster_match,0.10326086956521739,0.04062500000000001,0.17391304347826086,23,184,probability_difference,exploratory_n_lt_100
amazon-sports-and-outdoors,valid,fixed_K32,9-16,9,16,random_cluster_match,0.05326086956521738,0.037887228260869564,0.07255434782608695,23,184,probability_difference,exploratory_n_lt_100
amazon-sports-and-outdoors,valid,fixed_K32,9-16,9,16,excess_cluster_match,0.049999999999999996,-0.010326086956521744,0.11757472826086952,23,184,probability_difference,exploratory_n_lt_100
amazon-sports-and-outdoors,valid,fixed_K32,17-32,17,32,raw_cosine,0.15818978322204202,0.13518545410871688,0.18403886640178668,23,368,cosine,exploratory_n_lt_100
amazon-sports-and-outdoors,valid,fixed_K32,17-32,17,32,random_cosine,0.12975704661853935,0.11863782744925551,0.1414790948675743,23,368,cosine,exploratory_n_lt_100
amazon-sports-and-outdoors,valid,fixed_K32,17-32,17,32,excess_cosine,0.02843273660350267,0.012741661915155736,0.04934117444765591,23,368,cosine,exploratory_n_lt_100
amazon-sports-and-outdoors,valid,fixed_K32,17-32,17,32,raw_cluster_match,0.11956521739130435,0.07336956521739131,0.1766304347826087,23,368,probability_difference,exploratory_n_lt_100
amazon-sports-and-outdoors,valid,fixed_K32,17-32,17,32,random_cluster_match,0.051222826086956524,0.0380366847826087,0.06528872282608696,23,368,probability_difference,exploratory_n_lt_100
amazon-sports-and-outdoors,valid,fixed_K32,17-32,17,32,excess_cluster_match,0.06834239130434783,0.017663043478260868,0.126898777173913,23,368,probability_difference,exploratory_n_lt_100
amazon-sports-and-outdoors,valid,fixed_K32,33-64,33,64,raw_cosine,0.15853659397953157,0.13832667162527304,0.1813328545922829,22,339,cosine,exploratory_n_lt_100
amazon-sports-and-outdoors,valid,fixed_K32,33-64,33,64,random_cosine,0.132606020602163,0.122275924943882,0.14409935703336255,22,339,cosine,exploratory_n_lt_100
amazon-sports-and-outdoors,valid,fixed_K32,33-64,33,64,excess_cosine,0.025930573377368562,0.012484897422818487,0.04100640422694226,22,339,cosine,exploratory_n_lt_100
amazon-sports-and-outdoors,valid,fixed_K32,33-64,33,64,raw_cluster_match,0.14518669627820346,0.08719301295295613,0.21701259379077859,22,339,probability_difference,exploratory_n_lt_100
amazon-sports-and-outdoors,valid,fixed_K32,33-64,33,64,random_cluster_match,0.05382098264574342,0.03999888098469513,0.0682495314817758,22,339,probability_difference,exploratory_n_lt_100
amazon-sports-and-outdoors,valid,fixed_K32,33-64,33,64,excess_cluster_match,0.09136571363246003,0.03567850627119092,0.155006237252331,22,339,probability_difference,exploratory_n_lt_100
amazon-sports-and-outdoors,valid,fixed_K32,65-100,65,100,raw_cosine,0.1551648272457768,0.11185555954256819,0.19847409494898538,4,87,cosine,exploratory_n_lt_100
amazon-sports-and-outdoors,valid,fixed_K32,65-100,65,100,random_cosine,0.14655496222390368,0.1274504918191168,0.16844817478623655,4,87,cosine,exploratory_n_lt_100
amazon-sports-and-outdoors,valid,fixed_K32,65-100,65,100,excess_cosine,0.00860986502187308,-0.020671100944816837,0.032814662320294764,4,87,cosine,exploratory_n_lt_100
amazon-sports-and-outdoors,valid,fixed_K32,65-100,65,100,raw_cluster_match,0.013888888888888888,0.0,0.041666666666666664,4,87,probability_difference,exploratory_n_lt_100
amazon-sports-and-outdoors,valid,fixed_K32,65-100,65,100,random_cluster_match,0.033396464646464646,0.022222222222222223,0.04583333333333334,4,87,probability_difference,exploratory_n_lt_100
amazon-sports-and-outdoors,valid,fixed_K32,65-100,65,100,excess_cluster_match,-0.01950757575757576,-0.03213383838383839,-0.004166666666666672,4,87,probability_difference,exploratory_n_lt_100
amazon-sports-and-outdoors,test,all_available,1,1,1,raw_cosine,0.19084680133499204,0.18369815291520208,0.19796166264713974,2000,2000,cosine,estimated
amazon-sports-and-outdoors,test,all_available,1,1,1,random_cosine,0.1294071982037276,0.12809877388565802,0.13062308592428454,2000,2000,cosine,estimated
amazon-sports-and-outdoors,test,all_available,1,1,1,excess_cosine,0.061439603131264446,0.05434037707869429,0.06824834242820507,2000,2000,cosine,estimated
amazon-sports-and-outdoors,test,all_available,1,1,1,raw_cluster_match,0.164,0.1475,0.1805,2000,2000,probability_difference,estimated
amazon-sports-and-outdoors,test,all_available,1,1,1,random_cluster_match,0.063225,0.059825,0.06615375,2000,2000,probability_difference,estimated
amazon-sports-and-outdoors,test,all_available,1,1,1,excess_cluster_match,0.100775,0.08416625,0.11753124999999999,2000,2000,probability_difference,estimated
amazon-sports-and-outdoors,test,all_available,2,2,2,raw_cosine,0.16386012284178286,0.15870650031783154,0.16911067492064322,2000,2000,cosine,estimated
amazon-sports-and-outdoors,test,all_available,2,2,2,random_cosine,0.12969947885349392,0.12828360743105877,0.13092414129937532,2000,2000,cosine,estimated
amazon-sports-and-outdoors,test,all_available,2,2,2,excess_cosine,0.03416064398828894,0.029396238362486473,0.03924255764214322,2000,2000,cosine,estimated
amazon-sports-and-outdoors,test,all_available,2,2,2,raw_cluster_match,0.122,0.108,0.136,2000,2000,probability_difference,estimated
amazon-sports-and-outdoors,test,all_available,2,2,2,random_cluster_match,0.063725,0.060136875000000006,0.066964375,2000,2000,probability_difference,estimated
amazon-sports-and-outdoors,test,all_available,2,2,2,excess_cluster_match,0.058275,0.04441125,0.07185124999999999,2000,2000,probability_difference,estimated
amazon-sports-and-outdoors,test,all_available,3-4,3,4,raw_cosine,0.15583198810579774,0.15211297149146344,0.15959732931257511,1928,3663,cosine,estimated
amazon-sports-and-outdoors,test,all_available,3-4,3,4,random_cosine,0.1301101456315129,0.12876740471728984,0.13156905056284626,1928,3663,cosine,estimated
amazon-sports-and-outdoors,test,all_available,3-4,3,4,excess_cosine,0.025721842474284818,0.022241268645396217,0.029308729045864974,1928,3663,cosine,estimated
amazon-sports-and-outdoors,test,all_available,3-4,3,4,raw_cluster_match,0.1146265560165975,0.10217842323651452,0.125,1928,3663,probability_difference,estimated
amazon-sports-and-outdoors,test,all_available,3-4,3,4,random_cluster_match,0.06365404564315354,0.060976076244813285,0.06648891338174273,1928,3663,probability_difference,estimated
amazon-sports-and-outdoors,test,all_available,3-4,3,4,excess_cluster_match,0.05097251037344399,0.03916331690871369,0.06128501037344397,1928,3663,probability_difference,estimated
amazon-sports-and-outdoors,test,all_available,5-8,5,8,raw_cosine,0.1487587249552725,0.14492649475522318,0.1527148334953464,1194,3132,cosine,estimated
amazon-sports-and-outdoors,test,all_available,5-8,5,8,random_cosine,0.13154801422530407,0.12998121900334206,0.1333158421061053,1194,3132,cosine,estimated
amazon-sports-and-outdoors,test,all_available,5-8,5,8,excess_cosine,0.01721071072996842,0.013676229971191573,0.0208101309916511,1194,3132,cosine,estimated
amazon-sports-and-outdoors,test,all_available,5-8,5,8,raw_cluster_match,0.11474036850921274,0.10125628140703517,0.12847396705750974,1194,3132,probability_difference,estimated
amazon-sports-and-outdoors,test,all_available,5-8,5,8,random_cluster_match,0.06451353992183138,0.06064785734226689,0.06864932300390843,1194,3132,probability_difference,estimated
amazon-sports-and-outdoors,test,all_available,5-8,5,8,excess_cluster_match,0.05022682858738135,0.037299954634282526,0.06387937953657173,1194,3132,probability_difference,estimated
amazon-sports-and-outdoors,test,all_available,9-16,9,16,raw_cosine,0.14213903921041554,0.13760452770072845,0.14802134955630375,380,1780,cosine,estimated
amazon-sports-and-outdoors,test,all_available,9-16,9,16,random_cosine,0.13121091178812105,0.1286086888953102,0.13392459404371057,380,1780,cosine,estimated
amazon-sports-and-outdoors,test,all_available,9-16,9,16,excess_cosine,0.010928127422294508,0.006911189497467688,0.015430130924814411,380,1780,cosine,estimated
amazon-sports-and-outdoors,test,all_available,9-16,9,16,raw_cluster_match,0.09958646616541353,0.08051119987468672,0.12016525689223055,380,1780,probability_difference,estimated
amazon-sports-and-outdoors,test,all_available,9-16,9,16,random_cluster_match,0.0668765664160401,0.06091974859022556,0.07345218123433583,380,1780,probability_difference,estimated
amazon-sports-and-outdoors,test,all_available,9-16,9,16,excess_cluster_match,0.032709899749373425,0.014559288847117791,0.05064872337092731,380,1780,probability_difference,estimated
amazon-sports-and-outdoors,test,all_available,17-32,17,32,raw_cosine,0.1502229653433321,0.14183744296555123,0.1601375739555093,98,803,cosine,exploratory_n_lt_100
amazon-sports-and-outdoors,test,all_available,17-32,17,32,random_cosine,0.13296945923124684,0.127742810379097,0.1384098743571774,98,803,cosine,exploratory_n_lt_100
amazon-sports-and-outdoors,test,all_available,17-32,17,32,excess_cosine,0.01725350611208526,0.008863611305308022,0.026666295715801917,98,803,cosine,exploratory_n_lt_100
amazon-sports-and-outdoors,test,all_available,17-32,17,32,raw_cluster_match,0.11318698308494227,0.0789652556202301,0.15538893610641055,98,803,probability_difference,exploratory_n_lt_100
amazon-sports-and-outdoors,test,all_available,17-32,17,32,random_cluster_match,0.06242328462353972,0.05157174559071881,0.07367414489209768,98,803,probability_difference,exploratory_n_lt_100
amazon-sports-and-outdoors,test,all_available,17-32,17,32,excess_cluster_match,0.05076369846140255,0.012279874780831411,0.09436238941755518,98,803,probability_difference,exploratory_n_lt_100
amazon-sports-and-outdoors,test,all_available,33-64,33,64,raw_cosine,0.1534490826345099,0.14025271468914924,0.16754216618949247,23,358,cosine,exploratory_n_lt_100
amazon-sports-and-outdoors,test,all_available,33-64,33,64,random_cosine,0.1381229850209689,0.12726940598388795,0.14887823585531662,23,358,cosine,exploratory_n_lt_100
amazon-sports-and-outdoors,test,all_available,33-64,33,64,excess_cosine,0.015326097613541027,0.005765114996307566,0.025737365715601278,23,358,cosine,exploratory_n_lt_100
amazon-sports-and-outdoors,test,all_available,33-64,33,64,raw_cluster_match,0.09815437568768566,0.05368829423264907,0.14745513852544004,23,358,probability_difference,exploratory_n_lt_100
amazon-sports-and-outdoors,test,all_available,33-64,33,64,random_cluster_match,0.042978844597930006,0.028717407372500524,0.060283169550352775,23,358,probability_difference,exploratory_n_lt_100
amazon-sports-and-outdoors,test,all_available,33-64,33,64,excess_cluster_match,0.05517553108975565,0.012408011504040604,0.10006727709097757,23,358,probability_difference,exploratory_n_lt_100
amazon-sports-and-outdoors,test,all_available,65-100,65,100,raw_cosine,0.16918782739796573,0.13596830423921347,0.202407350556718,4,89,cosine,exploratory_n_lt_100
amazon-sports-and-outdoors,test,all_available,65-100,65,100,random_cosine,0.1509174753083951,0.12293579385926326,0.17889915675752693,4,89,cosine,exploratory_n_lt_100
amazon-sports-and-outdoors,test,all_available,65-100,65,100,excess_cosine,0.018270352089570625,-0.0183314370094902,0.0535252065397799,4,89,cosine,exploratory_n_lt_100
amazon-sports-and-outdoors,test,all_available,65-100,65,100,raw_cluster_match,0.020833333333333332,0.0,0.0625,4,89,probability_difference,exploratory_n_lt_100
amazon-sports-and-outdoors,test,all_available,65-100,65,100,random_cluster_match,0.027222222222222224,0.021111111111111115,0.03680555555555556,4,89,probability_difference,exploratory_n_lt_100
amazon-sports-and-outdoors,test,all_available,65-100,65,100,excess_cluster_match,-0.006388888888888892,-0.023684027777777783,0.025694444444444443,4,89,probability_difference,exploratory_n_lt_100
amazon-sports-and-outdoors,test,fixed_K8,1,1,1,raw_cosine,0.20675291101090937,0.19178104102914173,0.22257729420317357,477,477,cosine,estimated
amazon-sports-and-outdoors,test,fixed_K8,1,1,1,random_cosine,0.1307810866186079,0.12810665276311572,0.13339663898197454,477,477,cosine,estimated
amazon-sports-and-outdoors,test,fixed_K8,1,1,1,excess_cosine,0.07597182439230148,0.06092894035069354,0.09188156861214423,477,477,cosine,estimated
amazon-sports-and-outdoors,test,fixed_K8,1,1,1,raw_cluster_match,0.1970649895178197,0.16242138364779873,0.2348008385744235,477,477,probability_difference,estimated
amazon-sports-and-outdoors,test,fixed_K8,1,1,1,random_cluster_match,0.06897274633123691,0.06268343815513626,0.07621069182389938,477,477,probability_difference,estimated
amazon-sports-and-outdoors,test,fixed_K8,1,1,1,excess_cluster_match,0.1280922431865828,0.09554245283018868,0.16468553459119495,477,477,probability_difference,estimated
amazon-sports-and-outdoors,test,fixed_K8,2,2,2,raw_cosine,0.16643938778721937,0.15669806905284103,0.17729176323689066,477,477,cosine,estimated
amazon-sports-and-outdoors,test,fixed_K8,2,2,2,random_cosine,0.12980265795512894,0.12724077996594804,0.13260462239747808,477,477,cosine,estimated
amazon-sports-and-outdoors,test,fixed_K8,2,2,2,excess_cosine,0.036636729832090424,0.027761707794159433,0.04654111982493093,477,477,cosine,estimated
amazon-sports-and-outdoors,test,fixed_K8,2,2,2,raw_cluster_match,0.09433962264150944,0.06918238993710692,0.12159329140461216,477,477,probability_difference,estimated
amazon-sports-and-outdoors,test,fixed_K8,2,2,2,random_cluster_match,0.06341719077568134,0.057232704402515724,0.0700759958071279,477,477,probability_difference,estimated
amazon-sports-and-outdoors,test,fixed_K8,2,2,2,excess_cluster_match,0.03092243186582809,0.0037368972746331195,0.0591299790356394,477,477,probability_difference,estimated
amazon-sports-and-outdoors,test,fixed_K8,3-4,3,4,raw_cosine,0.1590178187163371,0.15253639325408747,0.1654029530815466,477,954,cosine,estimated
amazon-sports-and-outdoors,test,fixed_K8,3-4,3,4,random_cosine,0.13112596645795074,0.12863630922823613,0.13397986886874466,477,954,cosine,estimated
amazon-sports-and-outdoors,test,fixed_K8,3-4,3,4,excess_cosine,0.027891852258386352,0.021950710496613346,0.033894918345679294,477,954,cosine,estimated
amazon-sports-and-outdoors,test,fixed_K8,3-4,3,4,raw_cluster_match,0.11006289308176101,0.0870020964360587,0.129979035639413,477,954,probability_difference,estimated
amazon-sports-and-outdoors,test,fixed_K8,3-4,3,4,random_cluster_match,0.0659329140461216,0.059743186582809235,0.07169811320754718,477,954,probability_difference,estimated
amazon-sports-and-outdoors,test,fixed_K8,3-4,3,4,excess_cluster_match,0.04412997903563941,0.023207547169811316,0.06457809224318659,477,954,probability_difference,estimated
amazon-sports-and-outdoors,test,fixed_K8,5-8,5,8,raw_cosine,0.14868315482322728,0.14412412461982133,0.15378447544132065,477,1908,cosine,estimated
amazon-sports-and-outdoors,test,fixed_K8,5-8,5,8,random_cosine,0.13083399675856783,0.12842387277261985,0.13339124087252083,477,1908,cosine,estimated
amazon-sports-and-outdoors,test,fixed_K8,5-8,5,8,excess_cosine,0.01784915806465944,0.014018826647473703,0.022550198083877194,477,1908,cosine,estimated
amazon-sports-and-outdoors,test,fixed_K8,5-8,5,8,raw_cluster_match,0.12264150943396226,0.10611897274633124,0.14181079664570226,477,1908,probability_difference,estimated
amazon-sports-and-outdoors,test,fixed_K8,5-8,5,8,random_cluster_match,0.06417714884696016,0.059420204402515726,0.06912997903563942,477,1908,probability_difference,estimated
amazon-sports-and-outdoors,test,fixed_K8,5-8,5,8,excess_cluster_match,0.05846436058700209,0.042057127882599576,0.0776107180293501,477,1908,probability_difference,estimated
amazon-sports-and-outdoors,test,fixed_K8,9-16,9,16,raw_cosine,0.14213903921041554,0.13760452770072845,0.14802134955630375,380,1780,cosine,estimated
amazon-sports-and-outdoors,test,fixed_K8,9-16,9,16,random_cosine,0.13121091178812105,0.1286086888953102,0.13392459404371057,380,1780,cosine,estimated
amazon-sports-and-outdoors,test,fixed_K8,9-16,9,16,excess_cosine,0.010928127422294508,0.006911189497467688,0.015430130924814411,380,1780,cosine,estimated
amazon-sports-and-outdoors,test,fixed_K8,9-16,9,16,raw_cluster_match,0.09958646616541353,0.08051119987468672,0.12016525689223055,380,1780,probability_difference,estimated
amazon-sports-and-outdoors,test,fixed_K8,9-16,9,16,random_cluster_match,0.0668765664160401,0.06091974859022556,0.07345218123433583,380,1780,probability_difference,estimated
amazon-sports-and-outdoors,test,fixed_K8,9-16,9,16,excess_cluster_match,0.032709899749373425,0.014559288847117791,0.05064872337092731,380,1780,probability_difference,estimated
amazon-sports-and-outdoors,test,fixed_K8,17-32,17,32,raw_cosine,0.1502229653433321,0.14183744296555123,0.1601375739555093,98,803,cosine,exploratory_n_lt_100
amazon-sports-and-outdoors,test,fixed_K8,17-32,17,32,random_cosine,0.13296945923124684,0.127742810379097,0.1384098743571774,98,803,cosine,exploratory_n_lt_100
amazon-sports-and-outdoors,test,fixed_K8,17-32,17,32,excess_cosine,0.01725350611208526,0.008863611305308022,0.026666295715801917,98,803,cosine,exploratory_n_lt_100
amazon-sports-and-outdoors,test,fixed_K8,17-32,17,32,raw_cluster_match,0.11318698308494227,0.0789652556202301,0.15538893610641055,98,803,probability_difference,exploratory_n_lt_100
amazon-sports-and-outdoors,test,fixed_K8,17-32,17,32,random_cluster_match,0.06242328462353972,0.05157174559071881,0.07367414489209768,98,803,probability_difference,exploratory_n_lt_100
amazon-sports-and-outdoors,test,fixed_K8,17-32,17,32,excess_cluster_match,0.05076369846140255,0.012279874780831411,0.09436238941755518,98,803,probability_difference,exploratory_n_lt_100
amazon-sports-and-outdoors,test,fixed_K8,33-64,33,64,raw_cosine,0.1534490826345099,0.14025271468914924,0.16754216618949247,23,358,cosine,exploratory_n_lt_100
amazon-sports-and-outdoors,test,fixed_K8,33-64,33,64,random_cosine,0.1381229850209689,0.12726940598388795,0.14887823585531662,23,358,cosine,exploratory_n_lt_100
amazon-sports-and-outdoors,test,fixed_K8,33-64,33,64,excess_cosine,0.015326097613541027,0.005765114996307566,0.025737365715601278,23,358,cosine,exploratory_n_lt_100
amazon-sports-and-outdoors,test,fixed_K8,33-64,33,64,raw_cluster_match,0.09815437568768566,0.05368829423264907,0.14745513852544004,23,358,probability_difference,exploratory_n_lt_100
amazon-sports-and-outdoors,test,fixed_K8,33-64,33,64,random_cluster_match,0.042978844597930006,0.028717407372500524,0.060283169550352775,23,358,probability_difference,exploratory_n_lt_100
amazon-sports-and-outdoors,test,fixed_K8,33-64,33,64,excess_cluster_match,0.05517553108975565,0.012408011504040604,0.10006727709097757,23,358,probability_difference,exploratory_n_lt_100
amazon-sports-and-outdoors,test,fixed_K8,65-100,65,100,raw_cosine,0.16918782739796573,0.13596830423921347,0.202407350556718,4,89,cosine,exploratory_n_lt_100
amazon-sports-and-outdoors,test,fixed_K8,65-100,65,100,random_cosine,0.1509174753083951,0.12293579385926326,0.17889915675752693,4,89,cosine,exploratory_n_lt_100
amazon-sports-and-outdoors,test,fixed_K8,65-100,65,100,excess_cosine,0.018270352089570625,-0.0183314370094902,0.0535252065397799,4,89,cosine,exploratory_n_lt_100
amazon-sports-and-outdoors,test,fixed_K8,65-100,65,100,raw_cluster_match,0.020833333333333332,0.0,0.0625,4,89,probability_difference,exploratory_n_lt_100
amazon-sports-and-outdoors,test,fixed_K8,65-100,65,100,random_cluster_match,0.027222222222222224,0.021111111111111115,0.03680555555555556,4,89,probability_difference,exploratory_n_lt_100
amazon-sports-and-outdoors,test,fixed_K8,65-100,65,100,excess_cluster_match,-0.006388888888888892,-0.023684027777777783,0.025694444444444443,4,89,probability_difference,exploratory_n_lt_100
amazon-sports-and-outdoors,test,fixed_K16,1,1,1,raw_cosine,0.2440378393062897,0.20305369453128883,0.2909116889962829,114,114,cosine,estimated
amazon-sports-and-outdoors,test,fixed_K16,1,1,1,random_cosine,0.13189148517292842,0.12718584731776725,0.13710726876661442,114,114,cosine,estimated
amazon-sports-and-outdoors,test,fixed_K16,1,1,1,excess_cosine,0.11214635413336127,0.07122516752171673,0.15932549866194134,114,114,cosine,estimated
amazon-sports-and-outdoors,test,fixed_K16,1,1,1,raw_cluster_match,0.22807017543859648,0.14912280701754385,0.30701754385964913,114,114,probability_difference,estimated
amazon-sports-and-outdoors,test,fixed_K16,1,1,1,random_cluster_match,0.06929824561403508,0.05701754385964912,0.0818092105263158,114,114,probability_difference,estimated
amazon-sports-and-outdoors,test,fixed_K16,1,1,1,excess_cluster_match,0.1587719298245614,0.0793859649122807,0.24168859649122804,114,114,probability_difference,estimated
amazon-sports-and-outdoors,test,fixed_K16,2,2,2,raw_cosine,0.16311495388416866,0.14753381206343572,0.1789178135461713,114,114,cosine,estimated
amazon-sports-and-outdoors,test,fixed_K16,2,2,2,random_cosine,0.13134337484575154,0.12613039346281113,0.13643331322655605,114,114,cosine,estimated
amazon-sports-and-outdoors,test,fixed_K16,2,2,2,excess_cosine,0.03177157903841713,0.017299192165138953,0.04656804874130901,114,114,cosine,estimated
amazon-sports-and-outdoors,test,fixed_K16,2,2,2,raw_cluster_match,0.06140350877192982,0.017543859649122806,0.10526315789473684,114,114,probability_difference,estimated
amazon-sports-and-outdoors,test,fixed_K16,2,2,2,random_cluster_match,0.06666666666666667,0.0537171052631579,0.08026315789473686,114,114,probability_difference,estimated
amazon-sports-and-outdoors,test,fixed_K16,2,2,2,excess_cluster_match,-0.005263157894736847,-0.05025219298245614,0.043859649122807015,114,114,probability_difference,estimated
amazon-sports-and-outdoors,test,fixed_K16,3-4,3,4,raw_cosine,0.16677295584885174,0.1546052971401399,0.18186777842582383,114,228,cosine,estimated
amazon-sports-and-outdoors,test,fixed_K16,3-4,3,4,random_cosine,0.13266303293864457,0.12775775207933693,0.13775550395233982,114,228,cosine,estimated
amazon-sports-and-outdoors,test,fixed_K16,3-4,3,4,excess_cosine,0.034109922910207195,0.022354026682258242,0.04826834423287783,114,228,cosine,estimated
amazon-sports-and-outdoors,test,fixed_K16,3-4,3,4,raw_cluster_match,0.10087719298245613,0.06140350877192982,0.14035087719298245,114,228,probability_difference,estimated
amazon-sports-and-outdoors,test,fixed_K16,3-4,3,4,random_cluster_match,0.0662280701754386,0.05592105263157895,0.07653508771929826,114,228,probability_difference,estimated
amazon-sports-and-outdoors,test,fixed_K16,3-4,3,4,excess_cluster_match,0.03464912280701754,-0.005378289473684215,0.07272478070175435,114,228,probability_difference,estimated
amazon-sports-and-outdoors,test,fixed_K16,5-8,5,8,raw_cosine,0.15772906408988333,0.14788599147485865,0.16831359680876823,114,456,cosine,estimated
amazon-sports-and-outdoors,test,fixed_K16,5-8,5,8,random_cosine,0.13149970657143153,0.12673303729960728,0.13612954857301685,114,456,cosine,estimated
amazon-sports-and-outdoors,test,fixed_K16,5-8,5,8,excess_cosine,0.02622935751845178,0.017849845823366194,0.03487789075241604,114,456,cosine,estimated
amazon-sports-and-outdoors,test,fixed_K16,5-8,5,8,raw_cluster_match,0.14692982456140352,0.1118421052631579,0.18421052631578946,114,456,probability_difference,estimated
amazon-sports-and-outdoors,test,fixed_K16,5-8,5,8,random_cluster_match,0.06304824561403509,0.052025767543859645,0.07385142543859649,114,456,probability_difference,estimated
amazon-sports-and-outdoors,test,fixed_K16,5-8,5,8,excess_cluster_match,0.08388157894736843,0.04728892543859649,0.1249287280701754,114,456,probability_difference,estimated
amazon-sports-and-outdoors,test,fixed_K16,9-16,9,16,raw_cosine,0.1461822408621134,0.13873272027977102,0.15326344988169965,114,912,cosine,estimated
amazon-sports-and-outdoors,test,fixed_K16,9-16,9,16,random_cosine,0.13137441998543709,0.12652398788210886,0.1360351282996003,114,912,cosine,estimated
amazon-sports-and-outdoors,test,fixed_K16,9-16,9,16,excess_cosine,0.014807820876676328,0.009128299470696793,0.02124567978306706,114,912,cosine,estimated
amazon-sports-and-outdoors,test,fixed_K16,9-16,9,16,raw_cluster_match,0.11842105263157894,0.09100877192982457,0.14473684210526316,114,912,probability_difference,estimated
amazon-sports-and-outdoors,test,fixed_K16,9-16,9,16,random_cluster_match,0.06644736842105263,0.05632538377192983,0.07675027412280701,114,912,probability_difference,estimated
amazon-sports-and-outdoors,test,fixed_K16,9-16,9,16,excess_cluster_match,0.05197368421052631,0.024438048245614033,0.0796080043859649,114,912,probability_difference,estimated
amazon-sports-and-outdoors,test,fixed_K16,17-32,17,32,raw_cosine,0.1502229653433321,0.14183744296555123,0.1601375739555093,98,803,cosine,exploratory_n_lt_100
amazon-sports-and-outdoors,test,fixed_K16,17-32,17,32,random_cosine,0.13296945923124684,0.127742810379097,0.1384098743571774,98,803,cosine,exploratory_n_lt_100
amazon-sports-and-outdoors,test,fixed_K16,17-32,17,32,excess_cosine,0.01725350611208526,0.008863611305308022,0.026666295715801917,98,803,cosine,exploratory_n_lt_100
amazon-sports-and-outdoors,test,fixed_K16,17-32,17,32,raw_cluster_match,0.11318698308494227,0.0789652556202301,0.15538893610641055,98,803,probability_difference,exploratory_n_lt_100
amazon-sports-and-outdoors,test,fixed_K16,17-32,17,32,random_cluster_match,0.06242328462353972,0.05157174559071881,0.07367414489209768,98,803,probability_difference,exploratory_n_lt_100
amazon-sports-and-outdoors,test,fixed_K16,17-32,17,32,excess_cluster_match,0.05076369846140255,0.012279874780831411,0.09436238941755518,98,803,probability_difference,exploratory_n_lt_100
amazon-sports-and-outdoors,test,fixed_K16,33-64,33,64,raw_cosine,0.1534490826345099,0.14025271468914924,0.16754216618949247,23,358,cosine,exploratory_n_lt_100
amazon-sports-and-outdoors,test,fixed_K16,33-64,33,64,random_cosine,0.1381229850209689,0.12726940598388795,0.14887823585531662,23,358,cosine,exploratory_n_lt_100
amazon-sports-and-outdoors,test,fixed_K16,33-64,33,64,excess_cosine,0.015326097613541027,0.005765114996307566,0.025737365715601278,23,358,cosine,exploratory_n_lt_100
amazon-sports-and-outdoors,test,fixed_K16,33-64,33,64,raw_cluster_match,0.09815437568768566,0.05368829423264907,0.14745513852544004,23,358,probability_difference,exploratory_n_lt_100
amazon-sports-and-outdoors,test,fixed_K16,33-64,33,64,random_cluster_match,0.042978844597930006,0.028717407372500524,0.060283169550352775,23,358,probability_difference,exploratory_n_lt_100
amazon-sports-and-outdoors,test,fixed_K16,33-64,33,64,excess_cluster_match,0.05517553108975565,0.012408011504040604,0.10006727709097757,23,358,probability_difference,exploratory_n_lt_100
amazon-sports-and-outdoors,test,fixed_K16,65-100,65,100,raw_cosine,0.16918782739796573,0.13596830423921347,0.202407350556718,4,89,cosine,exploratory_n_lt_100
amazon-sports-and-outdoors,test,fixed_K16,65-100,65,100,random_cosine,0.1509174753083951,0.12293579385926326,0.17889915675752693,4,89,cosine,exploratory_n_lt_100
amazon-sports-and-outdoors,test,fixed_K16,65-100,65,100,excess_cosine,0.018270352089570625,-0.0183314370094902,0.0535252065397799,4,89,cosine,exploratory_n_lt_100
amazon-sports-and-outdoors,test,fixed_K16,65-100,65,100,raw_cluster_match,0.020833333333333332,0.0,0.0625,4,89,probability_difference,exploratory_n_lt_100
amazon-sports-and-outdoors,test,fixed_K16,65-100,65,100,random_cluster_match,0.027222222222222224,0.021111111111111115,0.03680555555555556,4,89,probability_difference,exploratory_n_lt_100
amazon-sports-and-outdoors,test,fixed_K16,65-100,65,100,excess_cluster_match,-0.006388888888888892,-0.023684027777777783,0.025694444444444443,4,89,probability_difference,exploratory_n_lt_100
amazon-sports-and-outdoors,test,fixed_K32,1,1,1,raw_cosine,0.2419943522948485,0.16095108919991896,0.34915441582695794,26,26,cosine,exploratory_n_lt_100
amazon-sports-and-outdoors,test,fixed_K32,1,1,1,random_cosine,0.1403207263121238,0.1300613349590164,0.14966989361609404,26,26,cosine,exploratory_n_lt_100
amazon-sports-and-outdoors,test,fixed_K32,1,1,1,excess_cosine,0.1016736259827247,0.023432490358558985,0.20689718165219972,26,26,cosine,exploratory_n_lt_100
amazon-sports-and-outdoors,test,fixed_K32,1,1,1,raw_cluster_match,0.2692307692307692,0.11538461538461539,0.46153846153846156,26,26,probability_difference,exploratory_n_lt_100
amazon-sports-and-outdoors,test,fixed_K32,1,1,1,random_cluster_match,0.06153846153846154,0.036538461538461534,0.08846153846153845,26,26,probability_difference,exploratory_n_lt_100
amazon-sports-and-outdoors,test,fixed_K32,1,1,1,excess_cluster_match,0.2076923076923077,0.035528846153846154,0.41081730769230745,26,26,probability_difference,exploratory_n_lt_100
amazon-sports-and-outdoors,test,fixed_K32,2,2,2,raw_cosine,0.2002413568015282,0.16892196096193332,0.23814029687155894,26,26,cosine,exploratory_n_lt_100
amazon-sports-and-outdoors,test,fixed_K32,2,2,2,random_cosine,0.13638646585436967,0.12488653029386815,0.14845711704916678,26,26,cosine,exploratory_n_lt_100
amazon-sports-and-outdoors,test,fixed_K32,2,2,2,excess_cosine,0.06385489094715852,0.03509658994869544,0.0968032696069433,26,26,cosine,exploratory_n_lt_100
amazon-sports-and-outdoors,test,fixed_K32,2,2,2,raw_cluster_match,0.11538461538461539,0.0,0.2692307692307692,26,26,probability_difference,exploratory_n_lt_100
amazon-sports-and-outdoors,test,fixed_K32,2,2,2,random_cluster_match,0.05384615384615386,0.028846153846153848,0.07692307692307694,26,26,probability_difference,exploratory_n_lt_100
amazon-sports-and-outdoors,test,fixed_K32,2,2,2,excess_cluster_match,0.06153846153846154,-0.049086538461538466,0.1952403846153846,26,26,probability_difference,exploratory_n_lt_100
amazon-sports-and-outdoors,test,fixed_K32,3-4,3,4,raw_cosine,0.18020806869921777,0.15252468703278843,0.21407334003239298,26,52,cosine,exploratory_n_lt_100
amazon-sports-and-outdoors,test,fixed_K32,3-4,3,4,random_cosine,0.13824056303845003,0.12828467678851807,0.14791523202035864,26,52,cosine,exploratory_n_lt_100
amazon-sports-and-outdoors,test,fixed_K32,3-4,3,4,excess_cosine,0.04196750566076774,0.017616313758592766,0.07475230855007585,26,52,cosine,exploratory_n_lt_100
amazon-sports-and-outdoors,test,fixed_K32,3-4,3,4,raw_cluster_match,0.11538461538461539,0.038461538461538464,0.21153846153846154,26,52,probability_difference,exploratory_n_lt_100
amazon-sports-and-outdoors,test,fixed_K32,3-4,3,4,random_cluster_match,0.05,0.03365384615384615,0.0649278846153846,26,52,probability_difference,exploratory_n_lt_100
amazon-sports-and-outdoors,test,fixed_K32,3-4,3,4,excess_cluster_match,0.06538461538461539,-0.013509615384615384,0.1727644230769229,26,52,probability_difference,exploratory_n_lt_100
amazon-sports-and-outdoors,test,fixed_K32,5-8,5,8,raw_cosine,0.17633118767004746,0.15241305655889356,0.20244544118714444,26,104,cosine,exploratory_n_lt_100
amazon-sports-and-outdoors,test,fixed_K32,5-8,5,8,random_cosine,0.137052147434308,0.12759156500598273,0.14728418269481222,26,104,cosine,exploratory_n_lt_100
amazon-sports-and-outdoors,test,fixed_K32,5-8,5,8,excess_cosine,0.039279040235739485,0.017633258807472886,0.06569977840856434,26,104,cosine,exploratory_n_lt_100
amazon-sports-and-outdoors,test,fixed_K32,5-8,5,8,raw_cluster_match,0.20192307692307693,0.11538461538461539,0.2980769230769231,26,104,probability_difference,exploratory_n_lt_100
amazon-sports-and-outdoors,test,fixed_K32,5-8,5,8,random_cluster_match,0.0514423076923077,0.03365384615384615,0.07211538461538462,26,104,probability_difference,exploratory_n_lt_100
amazon-sports-and-outdoors,test,fixed_K32,5-8,5,8,excess_cluster_match,0.15048076923076922,0.06407451923076923,0.2531370192307692,26,104,probability_difference,exploratory_n_lt_100
amazon-sports-and-outdoors,test,fixed_K32,9-16,9,16,raw_cosine,0.15859557350631803,0.1442649956241859,0.17212342773138797,26,208,cosine,exploratory_n_lt_100
amazon-sports-and-outdoors,test,fixed_K32,9-16,9,16,random_cosine,0.13502322026313499,0.12546198673528403,0.14507810700899706,26,208,cosine,exploratory_n_lt_100
amazon-sports-and-outdoors,test,fixed_K32,9-16,9,16,excess_cosine,0.023572353243183058,0.013182645639888227,0.03586093167116185,26,208,cosine,exploratory_n_lt_100
amazon-sports-and-outdoors,test,fixed_K32,9-16,9,16,raw_cluster_match,0.125,0.0673076923076923,0.19230769230769232,26,208,probability_difference,exploratory_n_lt_100
amazon-sports-and-outdoors,test,fixed_K32,9-16,9,16,random_cluster_match,0.052403846153846155,0.032211538461538465,0.07490985576923075,26,208,probability_difference,exploratory_n_lt_100
amazon-sports-and-outdoors,test,fixed_K32,9-16,9,16,excess_cluster_match,0.07259615384615384,0.014663461538461533,0.14377403846153844,26,208,probability_difference,exploratory_n_lt_100
amazon-sports-and-outdoors,test,fixed_K32,17-32,17,32,raw_cosine,0.16380744909670633,0.14264049899502423,0.18658000726192345,26,416,cosine,exploratory_n_lt_100
amazon-sports-and-outdoors,test,fixed_K32,17-32,17,32,random_cosine,0.13725586488054922,0.1265800839791504,0.1477751004303662,26,416,cosine,exploratory_n_lt_100
amazon-sports-and-outdoors,test,fixed_K32,17-32,17,32,excess_cosine,0.026551584216157116,0.006744991987383961,0.04877458371450372,26,416,cosine,exploratory_n_lt_100
amazon-sports-and-outdoors,test,fixed_K32,17-32,17,32,raw_cluster_match,0.14423076923076922,0.07692307692307693,0.22355769230769232,26,416,probability_difference,exploratory_n_lt_100
amazon-sports-and-outdoors,test,fixed_K32,17-32,17,32,random_cluster_match,0.05348557692307692,0.0360516826923077,0.07458834134615383,26,416,probability_difference,exploratory_n_lt_100
amazon-sports-and-outdoors,test,fixed_K32,17-32,17,32,excess_cluster_match,0.0907451923076923,0.01646634615384615,0.17487980769230774,26,416,probability_difference,exploratory_n_lt_100
amazon-sports-and-outdoors,test,fixed_K32,33-64,33,64,raw_cosine,0.1534490826345099,0.14025271468914924,0.16754216618949247,23,358,cosine,exploratory_n_lt_100
amazon-sports-and-outdoors,test,fixed_K32,33-64,33,64,random_cosine,0.1381229850209689,0.12726940598388795,0.14887823585531662,23,358,cosine,exploratory_n_lt_100
amazon-sports-and-outdoors,test,fixed_K32,33-64,33,64,excess_cosine,0.015326097613541027,0.005765114996307566,0.025737365715601278,23,358,cosine,exploratory_n_lt_100
amazon-sports-and-outdoors,test,fixed_K32,33-64,33,64,raw_cluster_match,0.09815437568768566,0.05368829423264907,0.14745513852544004,23,358,probability_difference,exploratory_n_lt_100
amazon-sports-and-outdoors,test,fixed_K32,33-64,33,64,random_cluster_match,0.042978844597930006,0.028717407372500524,0.060283169550352775,23,358,probability_difference,exploratory_n_lt_100
amazon-sports-and-outdoors,test,fixed_K32,33-64,33,64,excess_cluster_match,0.05517553108975565,0.012408011504040604,0.10006727709097757,23,358,probability_difference,exploratory_n_lt_100
amazon-sports-and-outdoors,test,fixed_K32,65-100,65,100,raw_cosine,0.16918782739796573,0.13596830423921347,0.202407350556718,4,89,cosine,exploratory_n_lt_100
amazon-sports-and-outdoors,test,fixed_K32,65-100,65,100,random_cosine,0.1509174753083951,0.12293579385926326,0.17889915675752693,4,89,cosine,exploratory_n_lt_100
amazon-sports-and-outdoors,test,fixed_K32,65-100,65,100,excess_cosine,0.018270352089570625,-0.0183314370094902,0.0535252065397799,4,89,cosine,exploratory_n_lt_100
amazon-sports-and-outdoors,test,fixed_K32,65-100,65,100,raw_cluster_match,0.020833333333333332,0.0,0.0625,4,89,probability_difference,exploratory_n_lt_100
amazon-sports-and-outdoors,test,fixed_K32,65-100,65,100,random_cluster_match,0.027222222222222224,0.021111111111111115,0.03680555555555556,4,89,probability_difference,exploratory_n_lt_100
amazon-sports-and-outdoors,test,fixed_K32,65-100,65,100,excess_cluster_match,-0.006388888888888892,-0.023684027777777783,0.025694444444444443,4,89,probability_difference,exploratory_n_lt_100
amazon-toys-and-games,valid,all_available,1,1,1,raw_cosine,0.21278478331537917,0.2064176240268862,0.22084991431350354,2000,2000,cosine,estimated
amazon-toys-and-games,valid,all_available,1,1,1,random_cosine,0.13599748246744275,0.13459774248548784,0.13724417521720753,2000,2000,cosine,estimated
amazon-toys-and-games,valid,all_available,1,1,1,excess_cosine,0.07678730084793642,0.07007834691813913,0.0847779958211584,2000,2000,cosine,estimated
amazon-toys-and-games,valid,all_available,1,1,1,raw_cluster_match,0.231,0.2115,0.248,2000,2000,probability_difference,estimated
amazon-toys-and-games,valid,all_available,1,1,1,random_cluster_match,0.07265,0.06942375,0.07600125,2000,2000,probability_difference,estimated
amazon-toys-and-games,valid,all_available,1,1,1,excess_cluster_match,0.15835000000000002,0.138025,0.17585000000000003,2000,2000,probability_difference,estimated
amazon-toys-and-games,valid,all_available,2,2,2,raw_cosine,0.1853030487912083,0.18049258757697972,0.1909780547407986,1964,1964,cosine,estimated
amazon-toys-and-games,valid,all_available,2,2,2,random_cosine,0.13744109643664962,0.13587435411949417,0.13882278096084455,1964,1964,cosine,estimated
amazon-toys-and-games,valid,all_available,2,2,2,excess_cosine,0.04786195235455868,0.043120413252435597,0.05330251514746394,1964,1964,cosine,estimated
amazon-toys-and-games,valid,all_available,2,2,2,raw_cluster_match,0.17973523421588594,0.1629327902240326,0.1962958248472505,1964,1964,probability_difference,estimated
amazon-toys-and-games,valid,all_available,2,2,2,random_cluster_match,0.07059572301425662,0.06718431771894093,0.07430053462321794,1964,1964,probability_difference,estimated
amazon-toys-and-games,valid,all_available,2,2,2,excess_cluster_match,0.10913951120162932,0.09144475560081466,0.12564154786150714,1964,1964,probability_difference,estimated
amazon-toys-and-games,valid,all_available,3-4,3,4,raw_cosine,0.17737990256208006,0.17258144568042944,0.18208692061604725,1844,3168,cosine,estimated
amazon-toys-and-games,valid,all_available,3-4,3,4,random_cosine,0.1377921790700737,0.13642911199879795,0.1393014539633433,1844,3168,cosine,estimated
amazon-toys-and-games,valid,all_available,3-4,3,4,excess_cosine,0.03958772349200634,0.03467894785451892,0.044299443853918534,1844,3168,cosine,estimated
amazon-toys-and-games,valid,all_available,3-4,3,4,raw_cluster_match,0.1822125813449024,0.16702819956616052,0.19821041214750543,1844,3168,probability_difference,estimated
amazon-toys-and-games,valid,all_available,3-4,3,4,random_cluster_match,0.07174620390455531,0.06880931399132321,0.07494136388286335,1844,3168,probability_difference,estimated
amazon-toys-and-games,valid,all_available,3-4,3,4,excess_cluster_match,0.11046637744034707,0.09512405097613882,0.12679229934924077,1844,3168,probability_difference,estimated
amazon-toys-and-games,valid,all_available,5-8,5,8,raw_cosine,0.1705317308813441,0.16565070930007544,0.17565784210037855,980,2833,cosine,estimated
amazon-toys-and-games,valid,all_available,5-8,5,8,random_cosine,0.13841787022221708,0.13632329969072945,0.14037368612837514,980,2833,cosine,estimated
amazon-toys-and-games,valid,all_available,5-8,5,8,excess_cosine,0.03211386065912706,0.027524613646230486,0.03684884759615496,980,2833,cosine,estimated
amazon-toys-and-games,valid,all_available,5-8,5,8,raw_cluster_match,0.16590136054421767,0.14752551020408164,0.18462585034013604,980,2833,probability_difference,estimated
amazon-toys-and-games,valid,all_available,5-8,5,8,random_cluster_match,0.06996173469387755,0.06611607142857143,0.07370429421768708,980,2833,probability_difference,estimated
amazon-toys-and-games,valid,all_available,5-8,5,8,excess_cluster_match,0.09593962585034015,0.07886479591836734,0.11380590986394556,980,2833,probability_difference,estimated
amazon-toys-and-games,valid,all_available,9-16,9,16,raw_cosine,0.16242742115097505,0.15614343125977084,0.16930162061116394,397,1850,cosine,estimated
amazon-toys-and-games,valid,all_available,9-16,9,16,random_cosine,0.13900174156713396,0.1362075617981886,0.142175545514476,397,1850,cosine,estimated
amazon-toys-and-games,valid,all_available,9-16,9,16,excess_cosine,0.023425679583841088,0.018227076131257132,0.029157469360269493,397,1850,cosine,estimated
amazon-toys-and-games,valid,all_available,9-16,9,16,raw_cluster_match,0.15485486385990166,0.1307879033225381,0.18001154492023508,397,1850,probability_difference,estimated
amazon-toys-and-games,valid,all_available,9-16,9,16,random_cluster_match,0.07335477389948424,0.06716834592779176,0.08030353019671345,397,1850,probability_difference,estimated
amazon-toys-and-games,valid,all_available,9-16,9,16,excess_cluster_match,0.0815000899604174,0.059461620636919746,0.10605617278397506,397,1850,probability_difference,estimated
amazon-toys-and-games,valid,all_available,17-32,17,32,raw_cosine,0.164636622868539,0.15252123132415515,0.1788325441295791,123,1034,cosine,estimated
amazon-toys-and-games,valid,all_available,17-32,17,32,random_cosine,0.13854064717807477,0.13350104253543765,0.14416448356483208,123,1034,cosine,estimated
amazon-toys-and-games,valid,all_available,17-32,17,32,excess_cosine,0.026095975690464245,0.015004627998111038,0.038619103912147366,123,1034,cosine,estimated
amazon-toys-and-games,valid,all_available,17-32,17,32,raw_cluster_match,0.17984430880772345,0.1365658858418005,0.222060995407032,123,1034,probability_difference,estimated
amazon-toys-and-games,valid,all_available,17-32,17,32,random_cluster_match,0.07508625859235615,0.06403326198981689,0.08690231496710156,123,1034,probability_difference,estimated
amazon-toys-and-games,valid,all_available,17-32,17,32,excess_cluster_match,0.10475805021536727,0.06279535647561563,0.1489367887363314,123,1034,probability_difference,estimated
amazon-toys-and-games,valid,all_available,33-64,33,64,raw_cosine,0.16760307457608623,0.14841962473979398,0.18444441695325628,30,371,cosine,exploratory_n_lt_100
amazon-toys-and-games,valid,all_available,33-64,33,64,random_cosine,0.14103590140408057,0.13261697988902935,0.14848850124211577,30,371,cosine,exploratory_n_lt_100
amazon-toys-and-games,valid,all_available,33-64,33,64,excess_cosine,0.026567173172005645,0.01067583176546746,0.041793094045404273,30,371,cosine,exploratory_n_lt_100
amazon-toys-and-games,valid,all_available,33-64,33,64,raw_cluster_match,0.17051237161531277,0.09054166666666666,0.270437718837535,30,371,probability_difference,exploratory_n_lt_100
amazon-toys-and-games,valid,all_available,33-64,33,64,random_cluster_match,0.0796614331338596,0.05797309690921823,0.10256191789215686,30,371,probability_difference,exploratory_n_lt_100
amazon-toys-and-games,valid,all_available,33-64,33,64,excess_cluster_match,0.09085093848145319,0.010479136029411758,0.18821431482630932,30,371,probability_difference,exploratory_n_lt_100
amazon-toys-and-games,valid,all_available,65-100,65,100,raw_cosine,0.16288467794438022,0.13562448991073436,0.195679880015129,7,155,cosine,exploratory_n_lt_100
amazon-toys-and-games,valid,all_available,65-100,65,100,random_cosine,0.14549481705515285,0.12553742887889344,0.1627541270808155,7,155,cosine,exploratory_n_lt_100
amazon-toys-and-games,valid,all_available,65-100,65,100,excess_cosine,0.017389860889227362,-0.008991919824150214,0.04071637696932242,7,155,cosine,exploratory_n_lt_100
amazon-toys-and-games,valid,all_available,65-100,65,100,raw_cluster_match,0.09404761904761906,0.028571428571428574,0.17976190476190476,7,155,probability_difference,exploratory_n_lt_100
amazon-toys-and-games,valid,all_available,65-100,65,100,random_cluster_match,0.07947021116138762,0.03658329966602026,0.12610416666666663,7,155,probability_difference,exploratory_n_lt_100
amazon-toys-and-games,valid,all_available,65-100,65,100,excess_cluster_match,0.014577407886231412,-0.04478621256194786,0.07504408846872074,7,155,probability_difference,exploratory_n_lt_100
amazon-toys-and-games,valid,fixed_K8,1,1,1,raw_cosine,0.21269966781975821,0.19947475009789523,0.2270697894144083,481,481,cosine,estimated
amazon-toys-and-games,valid,fixed_K8,1,1,1,random_cosine,0.13903002897877703,0.13624955224930435,0.14163133840845304,481,481,cosine,estimated
amazon-toys-and-games,valid,fixed_K8,1,1,1,excess_cosine,0.07366963884098118,0.05991933713502516,0.0877922181113625,481,481,cosine,estimated
amazon-toys-and-games,valid,fixed_K8,1,1,1,raw_cluster_match,0.23284823284823286,0.19750519750519752,0.2681912681912682,481,481,probability_difference,estimated
amazon-toys-and-games,valid,fixed_K8,1,1,1,random_cluster_match,0.07484407484407485,0.06761694386694386,0.08207120582120582,481,481,probability_difference,estimated
amazon-toys-and-games,valid,fixed_K8,1,1,1,excess_cluster_match,0.158004158004158,0.12353170478170478,0.19433731808731808,481,481,probability_difference,estimated
amazon-toys-and-games,valid,fixed_K8,2,2,2,raw_cosine,0.1855936964524604,0.1745190665397886,0.1973723042965915,481,481,cosine,estimated
amazon-toys-and-games,valid,fixed_K8,2,2,2,random_cosine,0.13934781517748276,0.13641234762606497,0.14207437229197542,481,481,cosine,estimated
amazon-toys-and-games,valid,fixed_K8,2,2,2,excess_cosine,0.04624588127497762,0.03557181669376876,0.05791726044215564,481,481,cosine,estimated
amazon-toys-and-games,valid,fixed_K8,2,2,2,raw_cluster_match,0.1787941787941788,0.14553014553014554,0.21107068607068605,481,481,probability_difference,estimated
amazon-toys-and-games,valid,fixed_K8,2,2,2,random_cluster_match,0.06860706860706861,0.06226611226611227,0.07583419958419958,481,481,probability_difference,estimated
amazon-toys-and-games,valid,fixed_K8,2,2,2,excess_cluster_match,0.1101871101871102,0.07779885654885654,0.14380977130977124,481,481,probability_difference,estimated
amazon-toys-and-games,valid,fixed_K8,3-4,3,4,raw_cosine,0.18105484243857978,0.17304118889961934,0.18858318736032717,481,962,cosine,estimated
amazon-toys-and-games,valid,fixed_K8,3-4,3,4,random_cosine,0.13906212823306696,0.13629624583756478,0.14167144470489942,481,962,cosine,estimated
amazon-toys-and-games,valid,fixed_K8,3-4,3,4,excess_cosine,0.04199271420551282,0.03461424075038,0.04913853102326374,481,962,cosine,estimated
amazon-toys-and-games,valid,fixed_K8,3-4,3,4,raw_cluster_match,0.1787941787941788,0.15072765072765074,0.20582120582120583,481,962,probability_difference,estimated
amazon-toys-and-games,valid,fixed_K8,3-4,3,4,random_cluster_match,0.07437629937629939,0.06850051975051975,0.08129158004158005,481,962,probability_difference,estimated
amazon-toys-and-games,valid,fixed_K8,3-4,3,4,excess_cluster_match,0.1044178794178794,0.07602910602910602,0.13107588357588354,481,962,probability_difference,estimated
amazon-toys-and-games,valid,fixed_K8,5-8,5,8,raw_cosine,0.1713202724943863,0.16493473699654737,0.17836315049668833,481,1924,cosine,estimated
amazon-toys-and-games,valid,fixed_K8,5-8,5,8,random_cosine,0.13891092023140367,0.13609137524199127,0.1417220198731819,481,1924,cosine,estimated
amazon-toys-and-games,valid,fixed_K8,5-8,5,8,excess_cosine,0.032409352262982645,0.02689826463788686,0.03931857531618233,481,1924,cosine,estimated
amazon-toys-and-games,valid,fixed_K8,5-8,5,8,raw_cluster_match,0.16476091476091476,0.14525727650727652,0.1865904365904366,481,1924,probability_difference,estimated
amazon-toys-and-games,valid,fixed_K8,5-8,5,8,random_cluster_match,0.07138773388773388,0.06586343555093556,0.07661057692307692,481,1924,probability_difference,estimated
amazon-toys-and-games,valid,fixed_K8,5-8,5,8,excess_cluster_match,0.09337318087318087,0.07355054573804574,0.1146264293139293,481,1924,probability_difference,estimated
amazon-toys-and-games,valid,fixed_K8,9-16,9,16,raw_cosine,0.16242742115097505,0.15614343125977084,0.16930162061116394,397,1850,cosine,estimated
amazon-toys-and-games,valid,fixed_K8,9-16,9,16,random_cosine,0.13900174156713396,0.1362075617981886,0.142175545514476,397,1850,cosine,estimated
amazon-toys-and-games,valid,fixed_K8,9-16,9,16,excess_cosine,0.023425679583841088,0.018227076131257132,0.029157469360269493,397,1850,cosine,estimated
amazon-toys-and-games,valid,fixed_K8,9-16,9,16,raw_cluster_match,0.15485486385990166,0.1307879033225381,0.18001154492023508,397,1850,probability_difference,estimated
amazon-toys-and-games,valid,fixed_K8,9-16,9,16,random_cluster_match,0.07335477389948424,0.06716834592779176,0.08030353019671345,397,1850,probability_difference,estimated
amazon-toys-and-games,valid,fixed_K8,9-16,9,16,excess_cluster_match,0.0815000899604174,0.059461620636919746,0.10605617278397506,397,1850,probability_difference,estimated
amazon-toys-and-games,valid,fixed_K8,17-32,17,32,raw_cosine,0.164636622868539,0.15252123132415515,0.1788325441295791,123,1034,cosine,estimated
amazon-toys-and-games,valid,fixed_K8,17-32,17,32,random_cosine,0.13854064717807477,0.13350104253543765,0.14416448356483208,123,1034,cosine,estimated
amazon-toys-and-games,valid,fixed_K8,17-32,17,32,excess_cosine,0.026095975690464245,0.015004627998111038,0.038619103912147366,123,1034,cosine,estimated
amazon-toys-and-games,valid,fixed_K8,17-32,17,32,raw_cluster_match,0.17984430880772345,0.1365658858418005,0.222060995407032,123,1034,probability_difference,estimated
amazon-toys-and-games,valid,fixed_K8,17-32,17,32,random_cluster_match,0.07508625859235615,0.06403326198981689,0.08690231496710156,123,1034,probability_difference,estimated
amazon-toys-and-games,valid,fixed_K8,17-32,17,32,excess_cluster_match,0.10475805021536727,0.06279535647561563,0.1489367887363314,123,1034,probability_difference,estimated
amazon-toys-and-games,valid,fixed_K8,33-64,33,64,raw_cosine,0.16760307457608623,0.14841962473979398,0.18444441695325628,30,371,cosine,exploratory_n_lt_100
amazon-toys-and-games,valid,fixed_K8,33-64,33,64,random_cosine,0.14103590140408057,0.13261697988902935,0.14848850124211577,30,371,cosine,exploratory_n_lt_100
amazon-toys-and-games,valid,fixed_K8,33-64,33,64,excess_cosine,0.026567173172005645,0.01067583176546746,0.041793094045404273,30,371,cosine,exploratory_n_lt_100
amazon-toys-and-games,valid,fixed_K8,33-64,33,64,raw_cluster_match,0.17051237161531277,0.09054166666666666,0.270437718837535,30,371,probability_difference,exploratory_n_lt_100
amazon-toys-and-games,valid,fixed_K8,33-64,33,64,random_cluster_match,0.0796614331338596,0.05797309690921823,0.10256191789215686,30,371,probability_difference,exploratory_n_lt_100
amazon-toys-and-games,valid,fixed_K8,33-64,33,64,excess_cluster_match,0.09085093848145319,0.010479136029411758,0.18821431482630932,30,371,probability_difference,exploratory_n_lt_100
amazon-toys-and-games,valid,fixed_K8,65-100,65,100,raw_cosine,0.16288467794438022,0.13562448991073436,0.195679880015129,7,155,cosine,exploratory_n_lt_100
amazon-toys-and-games,valid,fixed_K8,65-100,65,100,random_cosine,0.14549481705515285,0.12553742887889344,0.1627541270808155,7,155,cosine,exploratory_n_lt_100
amazon-toys-and-games,valid,fixed_K8,65-100,65,100,excess_cosine,0.017389860889227362,-0.008991919824150214,0.04071637696932242,7,155,cosine,exploratory_n_lt_100
amazon-toys-and-games,valid,fixed_K8,65-100,65,100,raw_cluster_match,0.09404761904761906,0.028571428571428574,0.17976190476190476,7,155,probability_difference,exploratory_n_lt_100
amazon-toys-and-games,valid,fixed_K8,65-100,65,100,random_cluster_match,0.07947021116138762,0.03658329966602026,0.12610416666666663,7,155,probability_difference,exploratory_n_lt_100
amazon-toys-and-games,valid,fixed_K8,65-100,65,100,excess_cluster_match,0.014577407886231412,-0.04478621256194786,0.07504408846872074,7,155,probability_difference,exploratory_n_lt_100
amazon-toys-and-games,valid,fixed_K16,1,1,1,raw_cosine,0.20703714979934867,0.1802308229430422,0.2326891657094179,137,137,cosine,estimated
amazon-toys-and-games,valid,fixed_K16,1,1,1,random_cosine,0.13908611248879538,0.13407283034039674,0.14377759392815131,137,137,cosine,estimated
amazon-toys-and-games,valid,fixed_K16,1,1,1,excess_cosine,0.0679510373105533,0.04212348874535983,0.09373110186607733,137,137,cosine,estimated
amazon-toys-and-games,valid,fixed_K16,1,1,1,raw_cluster_match,0.25547445255474455,0.18594890510948905,0.3357664233576642,137,137,probability_difference,estimated
amazon-toys-and-games,valid,fixed_K16,1,1,1,random_cluster_match,0.07700729927007299,0.06459854014598541,0.0905109489051095,137,137,probability_difference,estimated
amazon-toys-and-games,valid,fixed_K16,1,1,1,excess_cluster_match,0.17846715328467155,0.10927919708029196,0.2613503649635036,137,137,probability_difference,estimated
amazon-toys-and-games,valid,fixed_K16,2,2,2,raw_cosine,0.18582035756132897,0.1703191985124654,0.2046114659025232,137,137,cosine,estimated
amazon-toys-and-games,valid,fixed_K16,2,2,2,random_cosine,0.1398845617353481,0.13457722432340366,0.14506677865546985,137,137,cosine,estimated
amazon-toys-and-games,valid,fixed_K16,2,2,2,excess_cosine,0.045935795825980875,0.02967910054717621,0.06495181651595623,137,137,cosine,estimated
amazon-toys-and-games,valid,fixed_K16,2,2,2,raw_cluster_match,0.18248175182481752,0.12408759124087591,0.24817518248175183,137,137,probability_difference,estimated
amazon-toys-and-games,valid,fixed_K16,2,2,2,random_cluster_match,0.072992700729927,0.06204379562043796,0.08505474452554744,137,137,probability_difference,estimated
amazon-toys-and-games,valid,fixed_K16,2,2,2,excess_cluster_match,0.1094890510948905,0.05125,0.17391423357664232,137,137,probability_difference,estimated
amazon-toys-and-games,valid,fixed_K16,3-4,3,4,raw_cosine,0.1828459629748207,0.16876566045217378,0.19719271253570098,137,274,cosine,estimated
amazon-toys-and-games,valid,fixed_K16,3-4,3,4,random_cosine,0.14022085870051906,0.13483642821274971,0.14506932392811578,137,274,cosine,estimated
amazon-toys-and-games,valid,fixed_K16,3-4,3,4,excess_cosine,0.042625104274301634,0.02896236532374564,0.056525543838209145,137,274,cosine,estimated
amazon-toys-and-games,valid,fixed_K16,3-4,3,4,raw_cluster_match,0.20072992700729927,0.14233576642335766,0.26277372262773724,137,274,probability_difference,estimated
amazon-toys-and-games,valid,fixed_K16,3-4,3,4,random_cluster_match,0.072992700729927,0.06332116788321168,0.08394160583941605,137,274,probability_difference,estimated
amazon-toys-and-games,valid,fixed_K16,3-4,3,4,excess_cluster_match,0.12773722627737227,0.06768248175182481,0.1900684306569343,137,274,probability_difference,estimated
amazon-toys-and-games,valid,fixed_K16,5-8,5,8,raw_cosine,0.18509115941183518,0.17314882004849383,0.19940497629033455,137,548,cosine,estimated
amazon-toys-and-games,valid,fixed_K16,5-8,5,8,random_cosine,0.1393312616205781,0.13449254708065495,0.1443459369344161,137,548,cosine,estimated
amazon-toys-and-games,valid,fixed_K16,5-8,5,8,excess_cosine,0.04575989779125709,0.03488667530430834,0.05824047651254048,137,548,cosine,estimated
amazon-toys-and-games,valid,fixed_K16,5-8,5,8,raw_cluster_match,0.2062043795620438,0.16510036496350364,0.25,137,548,probability_difference,estimated
amazon-toys-and-games,valid,fixed_K16,5-8,5,8,random_cluster_match,0.07144160583941607,0.06322992700729926,0.0808485401459854,137,548,probability_difference,estimated
amazon-toys-and-games,valid,fixed_K16,5-8,5,8,excess_cluster_match,0.13476277372262774,0.0955155109489051,0.17788093065693428,137,548,probability_difference,estimated
amazon-toys-and-games,valid,fixed_K16,9-16,9,16,raw_cosine,0.1735464887231262,0.16249149110946587,0.18540277229367083,137,1096,cosine,estimated
amazon-toys-and-games,valid,fixed_K16,9-16,9,16,random_cosine,0.14054394400522222,0.13581251999682808,0.1449652881774521,137,1096,cosine,estimated
amazon-toys-and-games,valid,fixed_K16,9-16,9,16,excess_cosine,0.03300254471790399,0.022960390474980386,0.04401751846622295,137,1096,cosine,estimated
amazon-toys-and-games,valid,fixed_K16,9-16,9,16,raw_cluster_match,0.17974452554744524,0.14315693430656937,0.2198905109489051,137,1096,probability_difference,estimated
amazon-toys-and-games,valid,fixed_K16,9-16,9,16,random_cluster_match,0.07011861313868613,0.06133097627737226,0.0780155109489051,137,1096,probability_difference,estimated
amazon-toys-and-games,valid,fixed_K16,9-16,9,16,excess_cluster_match,0.10962591240875912,0.0716286496350365,0.14843065693430654,137,1096,probability_difference,estimated
amazon-toys-and-games,valid,fixed_K16,17-32,17,32,raw_cosine,0.164636622868539,0.15252123132415515,0.1788325441295791,123,1034,cosine,estimated
amazon-toys-and-games,valid,fixed_K16,17-32,17,32,random_cosine,0.13854064717807477,0.13350104253543765,0.14416448356483208,123,1034,cosine,estimated
amazon-toys-and-games,valid,fixed_K16,17-32,17,32,excess_cosine,0.026095975690464245,0.015004627998111038,0.038619103912147366,123,1034,cosine,estimated
amazon-toys-and-games,valid,fixed_K16,17-32,17,32,raw_cluster_match,0.17984430880772345,0.1365658858418005,0.222060995407032,123,1034,probability_difference,estimated
amazon-toys-and-games,valid,fixed_K16,17-32,17,32,random_cluster_match,0.07508625859235615,0.06403326198981689,0.08690231496710156,123,1034,probability_difference,estimated
amazon-toys-and-games,valid,fixed_K16,17-32,17,32,excess_cluster_match,0.10475805021536727,0.06279535647561563,0.1489367887363314,123,1034,probability_difference,estimated
amazon-toys-and-games,valid,fixed_K16,33-64,33,64,raw_cosine,0.16760307457608623,0.14841962473979398,0.18444441695325628,30,371,cosine,exploratory_n_lt_100
amazon-toys-and-games,valid,fixed_K16,33-64,33,64,random_cosine,0.14103590140408057,0.13261697988902935,0.14848850124211577,30,371,cosine,exploratory_n_lt_100
amazon-toys-and-games,valid,fixed_K16,33-64,33,64,excess_cosine,0.026567173172005645,0.01067583176546746,0.041793094045404273,30,371,cosine,exploratory_n_lt_100
amazon-toys-and-games,valid,fixed_K16,33-64,33,64,raw_cluster_match,0.17051237161531277,0.09054166666666666,0.270437718837535,30,371,probability_difference,exploratory_n_lt_100
amazon-toys-and-games,valid,fixed_K16,33-64,33,64,random_cluster_match,0.0796614331338596,0.05797309690921823,0.10256191789215686,30,371,probability_difference,exploratory_n_lt_100
amazon-toys-and-games,valid,fixed_K16,33-64,33,64,excess_cluster_match,0.09085093848145319,0.010479136029411758,0.18821431482630932,30,371,probability_difference,exploratory_n_lt_100
amazon-toys-and-games,valid,fixed_K16,65-100,65,100,raw_cosine,0.16288467794438022,0.13562448991073436,0.195679880015129,7,155,cosine,exploratory_n_lt_100
amazon-toys-and-games,valid,fixed_K16,65-100,65,100,random_cosine,0.14549481705515285,0.12553742887889344,0.1627541270808155,7,155,cosine,exploratory_n_lt_100
amazon-toys-and-games,valid,fixed_K16,65-100,65,100,excess_cosine,0.017389860889227362,-0.008991919824150214,0.04071637696932242,7,155,cosine,exploratory_n_lt_100
amazon-toys-and-games,valid,fixed_K16,65-100,65,100,raw_cluster_match,0.09404761904761906,0.028571428571428574,0.17976190476190476,7,155,probability_difference,exploratory_n_lt_100
amazon-toys-and-games,valid,fixed_K16,65-100,65,100,random_cluster_match,0.07947021116138762,0.03658329966602026,0.12610416666666663,7,155,probability_difference,exploratory_n_lt_100
amazon-toys-and-games,valid,fixed_K16,65-100,65,100,excess_cluster_match,0.014577407886231412,-0.04478621256194786,0.07504408846872074,7,155,probability_difference,exploratory_n_lt_100
amazon-toys-and-games,valid,fixed_K32,1,1,1,raw_cosine,0.21637580035762352,0.17523312069136987,0.26565223961052564,33,33,cosine,exploratory_n_lt_100
amazon-toys-and-games,valid,fixed_K32,1,1,1,random_cosine,0.13798686387864026,0.12978813436559655,0.14695272930530887,33,33,cosine,exploratory_n_lt_100
amazon-toys-and-games,valid,fixed_K32,1,1,1,excess_cosine,0.07838893647898328,0.039727385361876456,0.1264133460989052,33,33,cosine,exploratory_n_lt_100
amazon-toys-and-games,valid,fixed_K32,1,1,1,raw_cluster_match,0.3333333333333333,0.18181818181818182,0.5007575757575751,33,33,probability_difference,exploratory_n_lt_100
amazon-toys-and-games,valid,fixed_K32,1,1,1,random_cluster_match,0.06969696969696969,0.045454545454545456,0.09848484848484848,33,33,probability_difference,exploratory_n_lt_100
amazon-toys-and-games,valid,fixed_K32,1,1,1,excess_cluster_match,0.2636363636363636,0.12575757575757573,0.42734848484848476,33,33,probability_difference,exploratory_n_lt_100
amazon-toys-and-games,valid,fixed_K32,2,2,2,raw_cosine,0.19348375058986925,0.15828171758206958,0.23718372244444305,33,33,cosine,exploratory_n_lt_100
amazon-toys-and-games,valid,fixed_K32,2,2,2,random_cosine,0.1397948298941959,0.12919056499659112,0.15228493784300304,33,33,cosine,exploratory_n_lt_100
amazon-toys-and-games,valid,fixed_K32,2,2,2,excess_cosine,0.05368892069567333,0.02315166732014129,0.09002434557134455,33,33,cosine,exploratory_n_lt_100
amazon-toys-and-games,valid,fixed_K32,2,2,2,raw_cluster_match,0.30303030303030304,0.15151515151515152,0.45454545454545453,33,33,probability_difference,exploratory_n_lt_100
amazon-toys-and-games,valid,fixed_K32,2,2,2,random_cluster_match,0.08484848484848485,0.05606060606060606,0.11443181818181815,33,33,probability_difference,exploratory_n_lt_100
amazon-toys-and-games,valid,fixed_K32,2,2,2,excess_cluster_match,0.2181818181818182,0.08022727272727272,0.37662878787878773,33,33,probability_difference,exploratory_n_lt_100
amazon-toys-and-games,valid,fixed_K32,3-4,3,4,raw_cosine,0.17392195541072974,0.15067971329148294,0.1977073369463059,33,66,cosine,exploratory_n_lt_100
amazon-toys-and-games,valid,fixed_K32,3-4,3,4,random_cosine,0.1368507260851788,0.12893729251103872,0.14430545844194112,33,66,cosine,exploratory_n_lt_100
amazon-toys-and-games,valid,fixed_K32,3-4,3,4,excess_cosine,0.03707122932555097,0.014675767004320567,0.061371580001926336,33,66,cosine,exploratory_n_lt_100
amazon-toys-and-games,valid,fixed_K32,3-4,3,4,raw_cluster_match,0.10606060606060606,0.030303030303030304,0.21212121212121213,33,66,probability_difference,exploratory_n_lt_100
amazon-toys-and-games,valid,fixed_K32,3-4,3,4,random_cluster_match,0.06363636363636364,0.049999999999999996,0.07803030303030303,33,66,probability_difference,exploratory_n_lt_100
amazon-toys-and-games,valid,fixed_K32,3-4,3,4,excess_cluster_match,0.042424242424242406,-0.03979166666666667,0.150435606060606,33,66,probability_difference,exploratory_n_lt_100
amazon-toys-and-games,valid,fixed_K32,5-8,5,8,raw_cosine,0.19508565567208058,0.16752011704427952,0.22438774921112892,33,132,cosine,exploratory_n_lt_100
amazon-toys-and-games,valid,fixed_K32,5-8,5,8,random_cosine,0.13700060794750848,0.12940408257682892,0.14553127393380486,33,132,cosine,exploratory_n_lt_100
amazon-toys-and-games,valid,fixed_K32,5-8,5,8,excess_cosine,0.0580850477245721,0.03180098978407455,0.08573878975443991,33,132,cosine,exploratory_n_lt_100
amazon-toys-and-games,valid,fixed_K32,5-8,5,8,raw_cluster_match,0.21212121212121213,0.12121212121212122,0.3106060606060606,33,132,probability_difference,exploratory_n_lt_100
amazon-toys-and-games,valid,fixed_K32,5-8,5,8,random_cluster_match,0.06401515151515151,0.048863636363636366,0.08106060606060606,33,132,probability_difference,exploratory_n_lt_100
amazon-toys-and-games,valid,fixed_K32,5-8,5,8,excess_cluster_match,0.1481060606060606,0.0652935606060606,0.2421212121212121,33,132,probability_difference,exploratory_n_lt_100
amazon-toys-and-games,valid,fixed_K32,9-16,9,16,raw_cosine,0.18370731158012693,0.1615910396935898,0.20962265931091018,33,264,cosine,exploratory_n_lt_100
amazon-toys-and-games,valid,fixed_K32,9-16,9,16,random_cosine,0.13802864439221044,0.12945075555436425,0.14610258731920497,33,264,cosine,exploratory_n_lt_100
amazon-toys-and-games,valid,fixed_K32,9-16,9,16,excess_cosine,0.04567866718791651,0.026196576665847026,0.07264511591162194,33,264,cosine,exploratory_n_lt_100
amazon-toys-and-games,valid,fixed_K32,9-16,9,16,raw_cluster_match,0.1856060606060606,0.10785984848484849,0.2689393939393939,33,264,probability_difference,exploratory_n_lt_100
amazon-toys-and-games,valid,fixed_K32,9-16,9,16,random_cluster_match,0.06818181818181818,0.049900568181818185,0.08750000000000001,33,264,probability_difference,exploratory_n_lt_100
amazon-toys-and-games,valid,fixed_K32,9-16,9,16,excess_cluster_match,0.11742424242424243,0.04393939393939394,0.1986931818181818,33,264,probability_difference,exploratory_n_lt_100
amazon-toys-and-games,valid,fixed_K32,17-32,17,32,raw_cosine,0.1708819962805137,0.15247106682782582,0.19463311091531066,33,528,cosine,exploratory_n_lt_100
amazon-toys-and-games,valid,fixed_K32,17-32,17,32,random_cosine,0.13833667064142047,0.12983898391213383,0.14638367910326147,33,528,cosine,exploratory_n_lt_100
amazon-toys-and-games,valid,fixed_K32,17-32,17,32,excess_cosine,0.03254532563909324,0.016210810519193975,0.053899780891405305,33,528,cosine,exploratory_n_lt_100
amazon-toys-and-games,valid,fixed_K32,17-32,17,32,raw_cluster_match,0.16856060606060605,0.09659090909090909,0.2537878787878788,33,528,probability_difference,exploratory_n_lt_100
amazon-toys-and-games,valid,fixed_K32,17-32,17,32,random_cluster_match,0.06363636363636364,0.0468063446969697,0.08311316287878785,33,528,probability_difference,exploratory_n_lt_100
amazon-toys-and-games,valid,fixed_K32,17-32,17,32,excess_cluster_match,0.10492424242424242,0.03794981060606061,0.18599668560606053,33,528,probability_difference,exploratory_n_lt_100
amazon-toys-and-games,valid,fixed_K32,33-64,33,64,raw_cosine,0.16760307457608623,0.14841962473979398,0.18444441695325628,30,371,cosine,exploratory_n_lt_100
amazon-toys-and-games,valid,fixed_K32,33-64,33,64,random_cosine,0.14103590140408057,0.13261697988902935,0.14848850124211577,30,371,cosine,exploratory_n_lt_100
amazon-toys-and-games,valid,fixed_K32,33-64,33,64,excess_cosine,0.026567173172005645,0.01067583176546746,0.041793094045404273,30,371,cosine,exploratory_n_lt_100
amazon-toys-and-games,valid,fixed_K32,33-64,33,64,raw_cluster_match,0.17051237161531277,0.09054166666666666,0.270437718837535,30,371,probability_difference,exploratory_n_lt_100
amazon-toys-and-games,valid,fixed_K32,33-64,33,64,random_cluster_match,0.0796614331338596,0.05797309690921823,0.10256191789215686,30,371,probability_difference,exploratory_n_lt_100
amazon-toys-and-games,valid,fixed_K32,33-64,33,64,excess_cluster_match,0.09085093848145319,0.010479136029411758,0.18821431482630932,30,371,probability_difference,exploratory_n_lt_100
amazon-toys-and-games,valid,fixed_K32,65-100,65,100,raw_cosine,0.16288467794438022,0.13562448991073436,0.195679880015129,7,155,cosine,exploratory_n_lt_100
amazon-toys-and-games,valid,fixed_K32,65-100,65,100,random_cosine,0.14549481705515285,0.12553742887889344,0.1627541270808155,7,155,cosine,exploratory_n_lt_100
amazon-toys-and-games,valid,fixed_K32,65-100,65,100,excess_cosine,0.017389860889227362,-0.008991919824150214,0.04071637696932242,7,155,cosine,exploratory_n_lt_100
amazon-toys-and-games,valid,fixed_K32,65-100,65,100,raw_cluster_match,0.09404761904761906,0.028571428571428574,0.17976190476190476,7,155,probability_difference,exploratory_n_lt_100
amazon-toys-and-games,valid,fixed_K32,65-100,65,100,random_cluster_match,0.07947021116138762,0.03658329966602026,0.12610416666666663,7,155,probability_difference,exploratory_n_lt_100
amazon-toys-and-games,valid,fixed_K32,65-100,65,100,excess_cluster_match,0.014577407886231412,-0.04478621256194786,0.07504408846872074,7,155,probability_difference,exploratory_n_lt_100
amazon-toys-and-games,test,all_available,1,1,1,raw_cosine,0.22213353746570647,0.21447290980224498,0.2302231860054424,2000,2000,cosine,estimated
amazon-toys-and-games,test,all_available,1,1,1,random_cosine,0.13909933681041003,0.13775458975243382,0.14042095837155358,2000,2000,cosine,estimated
amazon-toys-and-games,test,all_available,1,1,1,excess_cosine,0.08303420065529644,0.07550724476175383,0.09083035734004806,2000,2000,cosine,estimated
amazon-toys-and-games,test,all_available,1,1,1,raw_cluster_match,0.225,0.2065,0.2432625,2000,2000,probability_difference,estimated
amazon-toys-and-games,test,all_available,1,1,1,random_cluster_match,0.0731,0.06988312500000002,0.07638937500000001,2000,2000,probability_difference,estimated
amazon-toys-and-games,test,all_available,1,1,1,excess_cluster_match,0.1519,0.1339225,0.17089687499999998,2000,2000,probability_difference,estimated
amazon-toys-and-games,test,all_available,2,2,2,raw_cosine,0.19754474725574256,0.19155079802572728,0.2037838365873089,2000,2000,cosine,estimated
amazon-toys-and-games,test,all_available,2,2,2,random_cosine,0.1394805026669055,0.1381875255498104,0.14080186184230262,2000,2000,cosine,estimated
amazon-toys-and-games,test,all_available,2,2,2,excess_cosine,0.05806424458883703,0.05237143973200582,0.06393189840684645,2000,2000,cosine,estimated
amazon-toys-and-games,test,all_available,2,2,2,raw_cluster_match,0.1965,0.1807375,0.214,2000,2000,probability_difference,estimated
amazon-toys-and-games,test,all_available,2,2,2,random_cluster_match,0.07072500000000001,0.06731187500000001,0.07360125,2000,2000,probability_difference,estimated
amazon-toys-and-games,test,all_available,2,2,2,excess_cluster_match,0.125775,0.10901187500000001,0.14375749999999998,2000,2000,probability_difference,estimated
amazon-toys-and-games,test,all_available,3-4,3,4,raw_cosine,0.17788501141062707,0.17379928586163793,0.1828265133859635,1964,3808,cosine,estimated
amazon-toys-and-games,test,all_available,3-4,3,4,random_cosine,0.14006268999837113,0.13888796126034184,0.14145555603057108,1964,3808,cosine,estimated
amazon-toys-and-games,test,all_available,3-4,3,4,excess_cosine,0.03782232141225597,0.0337728437847271,0.04255227318148924,1964,3808,cosine,estimated
amazon-toys-and-games,test,all_available,3-4,3,4,raw_cluster_match,0.17387983706720977,0.15948956211812626,0.18966395112016293,1964,3808,probability_difference,estimated
amazon-toys-and-games,test,all_available,3-4,3,4,random_cluster_match,0.0717286150712831,0.06880919042769858,0.07479697046843177,1964,3808,probability_difference,estimated
amazon-toys-and-games,test,all_available,3-4,3,4,excess_cluster_match,0.10215122199592667,0.0874143966395112,0.11798911659877799,1964,3808,probability_difference,estimated
amazon-toys-and-games,test,all_available,5-8,5,8,raw_cosine,0.1717933773614484,0.16716873874117408,0.17650599922937768,1324,3676,cosine,estimated
amazon-toys-and-games,test,all_available,5-8,5,8,random_cosine,0.1412433313669155,0.13966213779769932,0.14298084462842317,1324,3676,cosine,estimated
amazon-toys-and-games,test,all_available,5-8,5,8,excess_cosine,0.030550045994532926,0.026167443318847378,0.035181321846840294,1324,3676,cosine,estimated
amazon-toys-and-games,test,all_available,5-8,5,8,raw_cluster_match,0.15816968781470292,0.14230551359516616,0.17441150553877138,1324,3676,probability_difference,estimated
amazon-toys-and-games,test,all_available,5-8,5,8,random_cluster_match,0.07456256294058408,0.07088148288016113,0.07821374622356496,1324,3676,probability_difference,estimated
amazon-toys-and-games,test,all_available,5-8,5,8,excess_cluster_match,0.08360712487411882,0.06712715571500504,0.10051029078549847,1324,3676,probability_difference,estimated
amazon-toys-and-games,test,all_available,9-16,9,16,raw_cosine,0.1672587957713973,0.16114746349819015,0.17464031688001713,481,2194,cosine,estimated
amazon-toys-and-games,test,all_available,9-16,9,16,random_cosine,0.14136015011065697,0.13879199020286387,0.14410993639891687,481,2194,cosine,estimated
amazon-toys-and-games,test,all_available,9-16,9,16,excess_cosine,0.025898645660740304,0.020257626424524937,0.03214086668476515,481,2194,cosine,estimated
amazon-toys-and-games,test,all_available,9-16,9,16,raw_cluster_match,0.15635333135333135,0.13067524255024254,0.17757678695178694,481,2194,probability_difference,estimated
amazon-toys-and-games,test,all_available,9-16,9,16,random_cluster_match,0.0738371200871201,0.06789803608553609,0.07984810291060292,481,2194,probability_difference,estimated
amazon-toys-and-games,test,all_available,9-16,9,16,excess_cluster_match,0.08251621126621127,0.05529954336204337,0.10311141842391841,481,2194,probability_difference,estimated
amazon-toys-and-games,test,all_available,17-32,17,32,raw_cosine,0.16603873490627932,0.15333441148755203,0.1786352752497222,137,1138,cosine,estimated
amazon-toys-and-games,test,all_available,17-32,17,32,random_cosine,0.1423041178826954,0.1370396741352923,0.14666858145428924,137,1138,cosine,estimated
amazon-toys-and-games,test,all_available,17-32,17,32,excess_cosine,0.023734617023583936,0.012246480851810158,0.03503029535196016,137,1138,cosine,estimated
amazon-toys-and-games,test,all_available,17-32,17,32,raw_cluster_match,0.15853037878585322,0.11789572045958906,0.203667345681488,137,1138,probability_difference,estimated
amazon-toys-and-games,test,all_available,17-32,17,32,random_cluster_match,0.0681039550473857,0.0598010136406578,0.07714926081623162,137,1138,probability_difference,estimated
amazon-toys-and-games,test,all_available,17-32,17,32,excess_cluster_match,0.09042642373846753,0.04948432256358807,0.13532092826070924,137,1138,probability_difference,estimated
amazon-toys-and-games,test,all_available,33-64,33,64,raw_cosine,0.17859017819720546,0.16017403814788678,0.19815125619500057,33,397,cosine,exploratory_n_lt_100
amazon-toys-and-games,test,all_available,33-64,33,64,random_cosine,0.14661672181008453,0.139175791906726,0.1539703864502572,33,397,cosine,exploratory_n_lt_100
amazon-toys-and-games,test,all_available,33-64,33,64,excess_cosine,0.0319734563871209,0.015288720189899454,0.04996479588245721,33,397,cosine,exploratory_n_lt_100
amazon-toys-and-games,test,all_available,33-64,33,64,raw_cluster_match,0.18437243111156154,0.07843258392171436,0.303916814113825,33,397,probability_difference,exploratory_n_lt_100
amazon-toys-and-games,test,all_available,33-64,33,64,random_cluster_match,0.060494214722475584,0.04197084732145874,0.081171425268572,33,397,probability_difference,exploratory_n_lt_100
amazon-toys-and-games,test,all_available,33-64,33,64,excess_cluster_match,0.12387821638908596,0.024021368999358132,0.2419314653819409,33,397,probability_difference,exploratory_n_lt_100
amazon-toys-and-games,test,all_available,65-100,65,100,raw_cosine,0.1788640830005396,0.14839817653947696,0.21401119425320517,7,160,cosine,exploratory_n_lt_100
amazon-toys-and-games,test,all_available,65-100,65,100,random_cosine,0.1610694153408916,0.14610867072143874,0.1758837364177204,7,160,cosine,exploratory_n_lt_100
amazon-toys-and-games,test,all_available,65-100,65,100,excess_cosine,0.017794667659648003,-0.008094276627356354,0.04180297461260202,7,160,cosine,exploratory_n_lt_100
amazon-toys-and-games,test,all_available,65-100,65,100,raw_cluster_match,0.10923933209647495,0.03168831168831169,0.20919294990723553,7,160,probability_difference,exploratory_n_lt_100
amazon-toys-and-games,test,all_available,65-100,65,100,random_cluster_match,0.05740806019377448,0.023844217687074832,0.09250410997732424,7,160,probability_difference,exploratory_n_lt_100
amazon-toys-and-games,test,all_available,65-100,65,100,excess_cluster_match,0.051831271902700475,-0.00818290043290043,0.12972170686456402,7,160,probability_difference,exploratory_n_lt_100
amazon-toys-and-games,test,fixed_K8,1,1,1,raw_cosine,0.2282550600758254,0.21248397106745756,0.24378456222155553,604,604,cosine,estimated
amazon-toys-and-games,test,fixed_K8,1,1,1,random_cosine,0.13922181956790733,0.1366401027590468,0.1417642380038449,604,604,cosine,estimated
amazon-toys-and-games,test,fixed_K8,1,1,1,excess_cosine,0.08903324050791808,0.07424080629065163,0.10426645634729809,604,604,cosine,estimated
amazon-toys-and-games,test,fixed_K8,1,1,1,raw_cluster_match,0.23178807947019867,0.20198675496688742,0.26490066225165565,604,604,probability_difference,estimated
amazon-toys-and-games,test,fixed_K8,1,1,1,random_cluster_match,0.07367549668874172,0.0672578642384106,0.08025869205298013,604,604,probability_difference,estimated
amazon-toys-and-games,test,fixed_K8,1,1,1,excess_cluster_match,0.15811258278145696,0.12674048013245032,0.18966473509933773,604,604,probability_difference,estimated
amazon-toys-and-games,test,fixed_K8,2,2,2,raw_cosine,0.19921080122967036,0.1882886333932286,0.21252733715254787,604,604,cosine,estimated
amazon-toys-and-games,test,fixed_K8,2,2,2,random_cosine,0.13965830168014529,0.13711601285424255,0.14194978633895516,604,604,cosine,estimated
amazon-toys-and-games,test,fixed_K8,2,2,2,excess_cosine,0.059552499549525066,0.04871855318432193,0.07300323892110305,604,604,cosine,estimated
amazon-toys-and-games,test,fixed_K8,2,2,2,raw_cluster_match,0.20695364238410596,0.1779387417218543,0.24006622516556292,604,604,probability_difference,estimated
amazon-toys-and-games,test,fixed_K8,2,2,2,random_cluster_match,0.06895695364238412,0.06262210264900661,0.07508692052980132,604,604,probability_difference,estimated
amazon-toys-and-games,test,fixed_K8,2,2,2,excess_cluster_match,0.13799668874172186,0.10753311258278143,0.1692094370860927,604,604,probability_difference,estimated
amazon-toys-and-games,test,fixed_K8,3-4,3,4,raw_cosine,0.17869126950683603,0.1711169354724374,0.186046755928658,604,1208,cosine,estimated
amazon-toys-and-games,test,fixed_K8,3-4,3,4,random_cosine,0.14038305222642739,0.13805604660459517,0.14258157698698157,604,1208,cosine,estimated
amazon-toys-and-games,test,fixed_K8,3-4,3,4,excess_cosine,0.03830821728040865,0.03079059671532341,0.04549206898270933,604,1208,cosine,estimated
amazon-toys-and-games,test,fixed_K8,3-4,3,4,raw_cluster_match,0.16390728476821192,0.14029387417218542,0.19000413907284766,604,1208,probability_difference,estimated
amazon-toys-and-games,test,fixed_K8,3-4,3,4,random_cluster_match,0.0716887417218543,0.06639072847682119,0.07620653973509935,604,1208,probability_difference,estimated
amazon-toys-and-games,test,fixed_K8,3-4,3,4,excess_cluster_match,0.09221854304635763,0.06710782284768213,0.1181415562913907,604,1208,probability_difference,estimated
amazon-toys-and-games,test,fixed_K8,5-8,5,8,raw_cosine,0.17298806514529302,0.16751863906074807,0.18029716558066744,604,2416,cosine,estimated
amazon-toys-and-games,test,fixed_K8,5-8,5,8,random_cosine,0.14042709085670924,0.13812014175245896,0.1428392682336687,604,2416,cosine,estimated
amazon-toys-and-games,test,fixed_K8,5-8,5,8,excess_cosine,0.03256097428858379,0.02704022040893054,0.039247484784303475,604,2416,cosine,estimated
amazon-toys-and-games,test,fixed_K8,5-8,5,8,raw_cluster_match,0.14031456953642385,0.12105753311258279,0.16000620860927148,604,2416,probability_difference,estimated
amazon-toys-and-games,test,fixed_K8,5-8,5,8,random_cluster_match,0.07175082781456954,0.06755846440397352,0.07655318708609271,604,2416,probability_difference,estimated
amazon-toys-and-games,test,fixed_K8,5-8,5,8,excess_cluster_match,0.0685637417218543,0.048067052980132446,0.08748137417218543,604,2416,probability_difference,estimated
amazon-toys-and-games,test,fixed_K8,9-16,9,16,raw_cosine,0.1672587957713973,0.16114746349819015,0.17464031688001713,481,2194,cosine,estimated
amazon-toys-and-games,test,fixed_K8,9-16,9,16,random_cosine,0.14136015011065697,0.13879199020286387,0.14410993639891687,481,2194,cosine,estimated
amazon-toys-and-games,test,fixed_K8,9-16,9,16,excess_cosine,0.025898645660740304,0.020257626424524937,0.03214086668476515,481,2194,cosine,estimated
amazon-toys-and-games,test,fixed_K8,9-16,9,16,raw_cluster_match,0.15635333135333135,0.13067524255024254,0.17757678695178694,481,2194,probability_difference,estimated
amazon-toys-and-games,test,fixed_K8,9-16,9,16,random_cluster_match,0.0738371200871201,0.06789803608553609,0.07984810291060292,481,2194,probability_difference,estimated
amazon-toys-and-games,test,fixed_K8,9-16,9,16,excess_cluster_match,0.08251621126621127,0.05529954336204337,0.10311141842391841,481,2194,probability_difference,estimated
amazon-toys-and-games,test,fixed_K8,17-32,17,32,raw_cosine,0.16603873490627932,0.15333441148755203,0.1786352752497222,137,1138,cosine,estimated
amazon-toys-and-games,test,fixed_K8,17-32,17,32,random_cosine,0.1423041178826954,0.1370396741352923,0.14666858145428924,137,1138,cosine,estimated
amazon-toys-and-games,test,fixed_K8,17-32,17,32,excess_cosine,0.023734617023583936,0.012246480851810158,0.03503029535196016,137,1138,cosine,estimated
amazon-toys-and-games,test,fixed_K8,17-32,17,32,raw_cluster_match,0.15853037878585322,0.11789572045958906,0.203667345681488,137,1138,probability_difference,estimated
amazon-toys-and-games,test,fixed_K8,17-32,17,32,random_cluster_match,0.0681039550473857,0.0598010136406578,0.07714926081623162,137,1138,probability_difference,estimated
amazon-toys-and-games,test,fixed_K8,17-32,17,32,excess_cluster_match,0.09042642373846753,0.04948432256358807,0.13532092826070924,137,1138,probability_difference,estimated
amazon-toys-and-games,test,fixed_K8,33-64,33,64,raw_cosine,0.17859017819720546,0.16017403814788678,0.19815125619500057,33,397,cosine,exploratory_n_lt_100
amazon-toys-and-games,test,fixed_K8,33-64,33,64,random_cosine,0.14661672181008453,0.139175791906726,0.1539703864502572,33,397,cosine,exploratory_n_lt_100
amazon-toys-and-games,test,fixed_K8,33-64,33,64,excess_cosine,0.0319734563871209,0.015288720189899454,0.04996479588245721,33,397,cosine,exploratory_n_lt_100
amazon-toys-and-games,test,fixed_K8,33-64,33,64,raw_cluster_match,0.18437243111156154,0.07843258392171436,0.303916814113825,33,397,probability_difference,exploratory_n_lt_100
amazon-toys-and-games,test,fixed_K8,33-64,33,64,random_cluster_match,0.060494214722475584,0.04197084732145874,0.081171425268572,33,397,probability_difference,exploratory_n_lt_100
amazon-toys-and-games,test,fixed_K8,33-64,33,64,excess_cluster_match,0.12387821638908596,0.024021368999358132,0.2419314653819409,33,397,probability_difference,exploratory_n_lt_100
amazon-toys-and-games,test,fixed_K8,65-100,65,100,raw_cosine,0.1788640830005396,0.14839817653947696,0.21401119425320517,7,160,cosine,exploratory_n_lt_100
amazon-toys-and-games,test,fixed_K8,65-100,65,100,random_cosine,0.1610694153408916,0.14610867072143874,0.1758837364177204,7,160,cosine,exploratory_n_lt_100
amazon-toys-and-games,test,fixed_K8,65-100,65,100,excess_cosine,0.017794667659648003,-0.008094276627356354,0.04180297461260202,7,160,cosine,exploratory_n_lt_100
amazon-toys-and-games,test,fixed_K8,65-100,65,100,raw_cluster_match,0.10923933209647495,0.03168831168831169,0.20919294990723553,7,160,probability_difference,exploratory_n_lt_100
amazon-toys-and-games,test,fixed_K8,65-100,65,100,random_cluster_match,0.05740806019377448,0.023844217687074832,0.09250410997732424,7,160,probability_difference,exploratory_n_lt_100
amazon-toys-and-games,test,fixed_K8,65-100,65,100,excess_cluster_match,0.051831271902700475,-0.00818290043290043,0.12972170686456402,7,160,probability_difference,exploratory_n_lt_100
amazon-toys-and-games,test,fixed_K16,1,1,1,raw_cosine,0.22341732797371286,0.19545696564969056,0.2539468776041857,147,147,cosine,estimated
amazon-toys-and-games,test,fixed_K16,1,1,1,random_cosine,0.14218983084571604,0.13739800007545017,0.14710235718739073,147,147,cosine,estimated
amazon-toys-and-games,test,fixed_K16,1,1,1,excess_cosine,0.08122749712799682,0.05508790478414419,0.11005971219745418,147,147,cosine,estimated
amazon-toys-and-games,test,fixed_K16,1,1,1,raw_cluster_match,0.272108843537415,0.20051020408163267,0.3401360544217687,147,147,probability_difference,estimated
amazon-toys-and-games,test,fixed_K16,1,1,1,random_cluster_match,0.07551020408163266,0.06258503401360543,0.08673469387755102,147,147,probability_difference,estimated
amazon-toys-and-games,test,fixed_K16,1,1,1,excess_cluster_match,0.1965986394557823,0.12327380952380951,0.2660204081632653,147,147,probability_difference,estimated
amazon-toys-and-games,test,fixed_K16,2,2,2,raw_cosine,0.192516526929578,0.17442629572739002,0.21414232134666977,147,147,cosine,estimated
amazon-toys-and-games,test,fixed_K16,2,2,2,random_cosine,0.14092805264454308,0.1362107129165662,0.14582932537649662,147,147,cosine,estimated
amazon-toys-and-games,test,fixed_K16,2,2,2,excess_cosine,0.05158847428503491,0.03488511960560671,0.0718357517434677,147,147,cosine,estimated
amazon-toys-and-games,test,fixed_K16,2,2,2,raw_cluster_match,0.19047619047619047,0.1360544217687075,0.25170068027210885,147,147,probability_difference,estimated
amazon-toys-and-games,test,fixed_K16,2,2,2,random_cluster_match,0.06462585034013606,0.05442176870748299,0.0761904761904762,147,147,probability_difference,estimated
amazon-toys-and-games,test,fixed_K16,2,2,2,excess_cluster_match,0.12585034013605442,0.07210884353741495,0.18947278911564625,147,147,probability_difference,estimated
amazon-toys-and-games,test,fixed_K16,3-4,3,4,raw_cosine,0.18181082769138676,0.1675872087770072,0.19839838487840555,147,294,cosine,estimated
amazon-toys-and-games,test,fixed_K16,3-4,3,4,random_cosine,0.14134201958623469,0.13657484353602337,0.14590694991979417,147,294,cosine,estimated
amazon-toys-and-games,test,fixed_K16,3-4,3,4,excess_cosine,0.040468808105152076,0.026876135130862698,0.056332021933619164,147,294,cosine,estimated
amazon-toys-and-games,test,fixed_K16,3-4,3,4,raw_cluster_match,0.1326530612244898,0.09183673469387756,0.17346938775510204,147,294,probability_difference,estimated
amazon-toys-and-games,test,fixed_K16,3-4,3,4,random_cluster_match,0.07227891156462585,0.06198554421768708,0.08317176870748298,147,294,probability_difference,estimated
amazon-toys-and-games,test,fixed_K16,3-4,3,4,excess_cluster_match,0.060374149659863936,0.017993197278911563,0.10332908163265304,147,294,probability_difference,estimated
amazon-toys-and-games,test,fixed_K16,5-8,5,8,raw_cosine,0.1727073314048502,0.16279237212701925,0.18370200664052092,147,588,cosine,estimated
amazon-toys-and-games,test,fixed_K16,5-8,5,8,random_cosine,0.14170913130906568,0.13716358138140622,0.1463537910310108,147,588,cosine,estimated
amazon-toys-and-games,test,fixed_K16,5-8,5,8,excess_cosine,0.030998200095784502,0.022185339083812726,0.0402504370695132,147,588,cosine,estimated
amazon-toys-and-games,test,fixed_K16,5-8,5,8,raw_cluster_match,0.1326530612244898,0.10204081632653061,0.17006802721088435,147,588,probability_difference,estimated
amazon-toys-and-games,test,fixed_K16,5-8,5,8,random_cluster_match,0.07108843537414967,0.06258503401360543,0.08065688775510203,147,588,probability_difference,estimated
amazon-toys-and-games,test,fixed_K16,5-8,5,8,excess_cluster_match,0.06156462585034014,0.030012755102040815,0.09890731292517005,147,588,probability_difference,estimated
amazon-toys-and-games,test,fixed_K16,9-16,9,16,raw_cosine,0.17318695746710663,0.16218529590282774,0.1851305711232791,147,1176,cosine,estimated
amazon-toys-and-games,test,fixed_K16,9-16,9,16,random_cosine,0.14172519255606902,0.1373366013433797,0.1461977348605893,147,1176,cosine,estimated
amazon-toys-and-games,test,fixed_K16,9-16,9,16,excess_cosine,0.031461764911037624,0.02124368830039134,0.04203272835790262,147,1176,cosine,estimated
amazon-toys-and-games,test,fixed_K16,9-16,9,16,raw_cluster_match,0.16581632653061223,0.13180272108843538,0.20157312925170065,147,1176,probability_difference,estimated
amazon-toys-and-games,test,fixed_K16,9-16,9,16,random_cluster_match,0.07164115646258504,0.06360331632653062,0.08023384353741497,147,1176,probability_difference,estimated
amazon-toys-and-games,test,fixed_K16,9-16,9,16,excess_cluster_match,0.09417517006802721,0.06099702380952381,0.12707589285714285,147,1176,probability_difference,estimated
amazon-toys-and-games,test,fixed_K16,17-32,17,32,raw_cosine,0.16603873490627932,0.15333441148755203,0.1786352752497222,137,1138,cosine,estimated
amazon-toys-and-games,test,fixed_K16,17-32,17,32,random_cosine,0.1423041178826954,0.1370396741352923,0.14666858145428924,137,1138,cosine,estimated
amazon-toys-and-games,test,fixed_K16,17-32,17,32,excess_cosine,0.023734617023583936,0.012246480851810158,0.03503029535196016,137,1138,cosine,estimated
amazon-toys-and-games,test,fixed_K16,17-32,17,32,raw_cluster_match,0.15853037878585322,0.11789572045958906,0.203667345681488,137,1138,probability_difference,estimated
amazon-toys-and-games,test,fixed_K16,17-32,17,32,random_cluster_match,0.0681039550473857,0.0598010136406578,0.07714926081623162,137,1138,probability_difference,estimated
amazon-toys-and-games,test,fixed_K16,17-32,17,32,excess_cluster_match,0.09042642373846753,0.04948432256358807,0.13532092826070924,137,1138,probability_difference,estimated
amazon-toys-and-games,test,fixed_K16,33-64,33,64,raw_cosine,0.17859017819720546,0.16017403814788678,0.19815125619500057,33,397,cosine,exploratory_n_lt_100
amazon-toys-and-games,test,fixed_K16,33-64,33,64,random_cosine,0.14661672181008453,0.139175791906726,0.1539703864502572,33,397,cosine,exploratory_n_lt_100
amazon-toys-and-games,test,fixed_K16,33-64,33,64,excess_cosine,0.0319734563871209,0.015288720189899454,0.04996479588245721,33,397,cosine,exploratory_n_lt_100
amazon-toys-and-games,test,fixed_K16,33-64,33,64,raw_cluster_match,0.18437243111156154,0.07843258392171436,0.303916814113825,33,397,probability_difference,exploratory_n_lt_100
amazon-toys-and-games,test,fixed_K16,33-64,33,64,random_cluster_match,0.060494214722475584,0.04197084732145874,0.081171425268572,33,397,probability_difference,exploratory_n_lt_100
amazon-toys-and-games,test,fixed_K16,33-64,33,64,excess_cluster_match,0.12387821638908596,0.024021368999358132,0.2419314653819409,33,397,probability_difference,exploratory_n_lt_100
amazon-toys-and-games,test,fixed_K16,65-100,65,100,raw_cosine,0.1788640830005396,0.14839817653947696,0.21401119425320517,7,160,cosine,exploratory_n_lt_100
amazon-toys-and-games,test,fixed_K16,65-100,65,100,random_cosine,0.1610694153408916,0.14610867072143874,0.1758837364177204,7,160,cosine,exploratory_n_lt_100
amazon-toys-and-games,test,fixed_K16,65-100,65,100,excess_cosine,0.017794667659648003,-0.008094276627356354,0.04180297461260202,7,160,cosine,exploratory_n_lt_100
amazon-toys-and-games,test,fixed_K16,65-100,65,100,raw_cluster_match,0.10923933209647495,0.03168831168831169,0.20919294990723553,7,160,probability_difference,exploratory_n_lt_100
amazon-toys-and-games,test,fixed_K16,65-100,65,100,random_cluster_match,0.05740806019377448,0.023844217687074832,0.09250410997732424,7,160,probability_difference,exploratory_n_lt_100
amazon-toys-and-games,test,fixed_K16,65-100,65,100,excess_cluster_match,0.051831271902700475,-0.00818290043290043,0.12972170686456402,7,160,probability_difference,exploratory_n_lt_100
amazon-toys-and-games,test,fixed_K32,1,1,1,raw_cosine,0.24504046919090408,0.1914843033041273,0.3056067188829184,35,35,cosine,exploratory_n_lt_100
amazon-toys-and-games,test,fixed_K32,1,1,1,random_cosine,0.14460674609456745,0.1369097800180316,0.1526809272808688,35,35,cosine,exploratory_n_lt_100
amazon-toys-and-games,test,fixed_K32,1,1,1,excess_cosine,0.10043372309633664,0.04587236660931792,0.15933192244863933,35,35,cosine,exploratory_n_lt_100
amazon-toys-and-games,test,fixed_K32,1,1,1,raw_cluster_match,0.2857142857142857,0.11428571428571428,0.42857142857142855,35,35,probability_difference,exploratory_n_lt_100
amazon-toys-and-games,test,fixed_K32,1,1,1,random_cluster_match,0.06714285714285713,0.04782142857142858,0.09,35,35,probability_difference,exploratory_n_lt_100
amazon-toys-and-games,test,fixed_K32,1,1,1,excess_cluster_match,0.21857142857142856,0.05564285714285714,0.3629999999999999,35,35,probability_difference,exploratory_n_lt_100
amazon-toys-and-games,test,fixed_K32,2,2,2,raw_cosine,0.19700166189244817,0.1613729637728206,0.23716330213472242,35,35,cosine,exploratory_n_lt_100
amazon-toys-and-games,test,fixed_K32,2,2,2,random_cosine,0.1442134222814015,0.1352561678737402,0.15309972476746356,35,35,cosine,exploratory_n_lt_100
amazon-toys-and-games,test,fixed_K32,2,2,2,excess_cosine,0.05278823961104665,0.017378348974244937,0.09306670146329062,35,35,cosine,exploratory_n_lt_100
amazon-toys-and-games,test,fixed_K32,2,2,2,raw_cluster_match,0.17142857142857143,0.05714285714285714,0.2857142857142857,35,35,probability_difference,exploratory_n_lt_100
amazon-toys-and-games,test,fixed_K32,2,2,2,random_cluster_match,0.06571428571428573,0.046392857142857145,0.08646428571428567,35,35,probability_difference,exploratory_n_lt_100
amazon-toys-and-games,test,fixed_K32,2,2,2,excess_cluster_match,0.1057142857142857,-0.007892857142857144,0.23360714285714282,35,35,probability_difference,exploratory_n_lt_100
amazon-toys-and-games,test,fixed_K32,3-4,3,4,raw_cosine,0.18862406302775656,0.16654626258249794,0.21620708225028856,35,70,cosine,exploratory_n_lt_100
amazon-toys-and-games,test,fixed_K32,3-4,3,4,random_cosine,0.14698900165302412,0.13862775629652396,0.1553234004202698,35,70,cosine,exploratory_n_lt_100
amazon-toys-and-games,test,fixed_K32,3-4,3,4,excess_cosine,0.04163506137473243,0.019349941156272376,0.0685216779474701,35,70,cosine,exploratory_n_lt_100
amazon-toys-and-games,test,fixed_K32,3-4,3,4,raw_cluster_match,0.17142857142857143,0.07142857142857142,0.2714285714285714,35,70,probability_difference,exploratory_n_lt_100
amazon-toys-and-games,test,fixed_K32,3-4,3,4,random_cluster_match,0.0607142857142857,0.042482142857142864,0.08142857142857143,35,70,probability_difference,exploratory_n_lt_100
amazon-toys-and-games,test,fixed_K32,3-4,3,4,excess_cluster_match,0.11071428571428572,0.02,0.2021785714285714,35,70,probability_difference,exploratory_n_lt_100
amazon-toys-and-games,test,fixed_K32,5-8,5,8,raw_cosine,0.19570542366376945,0.1726832536328584,0.22145105189244663,35,140,cosine,exploratory_n_lt_100
amazon-toys-and-games,test,fixed_K32,5-8,5,8,random_cosine,0.1447771716862917,0.1368643060699105,0.153068121591849,35,140,cosine,exploratory_n_lt_100
amazon-toys-and-games,test,fixed_K32,5-8,5,8,excess_cosine,0.05092825197747775,0.0304025134843375,0.0763604787165033,35,140,cosine,exploratory_n_lt_100
amazon-toys-and-games,test,fixed_K32,5-8,5,8,raw_cluster_match,0.16428571428571428,0.08571428571428572,0.2571428571428571,35,140,probability_difference,exploratory_n_lt_100
amazon-toys-and-games,test,fixed_K32,5-8,5,8,random_cluster_match,0.06107142857142859,0.045526785714285714,0.07590178571428571,35,140,probability_difference,exploratory_n_lt_100
amazon-toys-and-games,test,fixed_K32,5-8,5,8,excess_cluster_match,0.1032142857142857,0.02552678571428571,0.20377678571428565,35,140,probability_difference,exploratory_n_lt_100
amazon-toys-and-games,test,fixed_K32,9-16,9,16,raw_cosine,0.18897516667576772,0.16609500757219003,0.21395602623499663,35,280,cosine,exploratory_n_lt_100
amazon-toys-and-games,test,fixed_K32,9-16,9,16,random_cosine,0.1451426477836711,0.1373739647047062,0.15335653986914882,35,280,cosine,exploratory_n_lt_100
amazon-toys-and-games,test,fixed_K32,9-16,9,16,excess_cosine,0.04383251889209662,0.021731949337824647,0.06634242153227594,35,280,cosine,exploratory_n_lt_100
amazon-toys-and-games,test,fixed_K32,9-16,9,16,raw_cluster_match,0.18571428571428572,0.10883928571428571,0.2804464285714285,35,280,probability_difference,exploratory_n_lt_100
amazon-toys-and-games,test,fixed_K32,9-16,9,16,random_cluster_match,0.06196428571428572,0.04901339285714286,0.07598660714285714,35,280,probability_difference,exploratory_n_lt_100
amazon-toys-and-games,test,fixed_K32,9-16,9,16,excess_cluster_match,0.12375000000000003,0.047678571428571424,0.2169687499999999,35,280,probability_difference,exploratory_n_lt_100
amazon-toys-and-games,test,fixed_K32,17-32,17,32,raw_cosine,0.1736841891975408,0.15312628601598718,0.19381715160258214,35,560,cosine,exploratory_n_lt_100
amazon-toys-and-games,test,fixed_K32,17-32,17,32,random_cosine,0.14460071257448623,0.13682738665724173,0.15264701974677986,35,560,cosine,exploratory_n_lt_100
amazon-toys-and-games,test,fixed_K32,17-32,17,32,excess_cosine,0.029083476623054594,0.013902383459249644,0.04613288920464193,35,560,cosine,exploratory_n_lt_100
amazon-toys-and-games,test,fixed_K32,17-32,17,32,raw_cluster_match,0.16071428571428573,0.09191964285714285,0.24022321428571425,35,560,probability_difference,exploratory_n_lt_100
amazon-toys-and-games,test,fixed_K32,17-32,17,32,random_cluster_match,0.06053571428571428,0.04548883928571429,0.07634374999999999,35,560,probability_difference,exploratory_n_lt_100
amazon-toys-and-games,test,fixed_K32,17-32,17,32,excess_cluster_match,0.10017857142857144,0.03429464285714286,0.17698214285714287,35,560,probability_difference,exploratory_n_lt_100
amazon-toys-and-games,test,fixed_K32,33-64,33,64,raw_cosine,0.17859017819720546,0.16017403814788678,0.19815125619500057,33,397,cosine,exploratory_n_lt_100
amazon-toys-and-games,test,fixed_K32,33-64,33,64,random_cosine,0.14661672181008453,0.139175791906726,0.1539703864502572,33,397,cosine,exploratory_n_lt_100
amazon-toys-and-games,test,fixed_K32,33-64,33,64,excess_cosine,0.0319734563871209,0.015288720189899454,0.04996479588245721,33,397,cosine,exploratory_n_lt_100
amazon-toys-and-games,test,fixed_K32,33-64,33,64,raw_cluster_match,0.18437243111156154,0.07843258392171436,0.303916814113825,33,397,probability_difference,exploratory_n_lt_100
amazon-toys-and-games,test,fixed_K32,33-64,33,64,random_cluster_match,0.060494214722475584,0.04197084732145874,0.081171425268572,33,397,probability_difference,exploratory_n_lt_100
amazon-toys-and-games,test,fixed_K32,33-64,33,64,excess_cluster_match,0.12387821638908596,0.024021368999358132,0.2419314653819409,33,397,probability_difference,exploratory_n_lt_100
amazon-toys-and-games,test,fixed_K32,65-100,65,100,raw_cosine,0.1788640830005396,0.14839817653947696,0.21401119425320517,7,160,cosine,exploratory_n_lt_100
amazon-toys-and-games,test,fixed_K32,65-100,65,100,random_cosine,0.1610694153408916,0.14610867072143874,0.1758837364177204,7,160,cosine,exploratory_n_lt_100
amazon-toys-and-games,test,fixed_K32,65-100,65,100,excess_cosine,0.017794667659648003,-0.008094276627356354,0.04180297461260202,7,160,cosine,exploratory_n_lt_100
amazon-toys-and-games,test,fixed_K32,65-100,65,100,raw_cluster_match,0.10923933209647495,0.03168831168831169,0.20919294990723553,7,160,probability_difference,exploratory_n_lt_100
amazon-toys-and-games,test,fixed_K32,65-100,65,100,random_cluster_match,0.05740806019377448,0.023844217687074832,0.09250410997732424,7,160,probability_difference,exploratory_n_lt_100
amazon-toys-and-games,test,fixed_K32,65-100,65,100,excess_cluster_match,0.051831271902700475,-0.00818290043290043,0.12972170686456402,7,160,probability_difference,exploratory_n_lt_100
