dataset,split,user,history_length,positive_signal_total,items_for_50pct,items_for_80pct,items_for_90pct
amazon-all-beauty,valid,0,14,3.5228787354328928,11,11,11
amazon-all-beauty,valid,1,1,2.1731393726167565,1,1,1
amazon-all-beauty,valid,3,3,0.8195364431677975,3,3,3
amazon-all-beauty,valid,4,7,7.284224154532677,3,5,6
amazon-all-beauty,valid,5,8,4.730502930978355,2,5,5
amazon-all-beauty,valid,6,2,0.30464021893461024,2,2,2
amazon-all-beauty,valid,7,4,37.978579216006594,2,4,4
amazon-all-beauty,valid,8,15,3.0247013698082856,9,14,15
amazon-all-beauty,valid,9,5,4.631723732388146,2,3,3
amazon-all-beauty,valid,10,5,1.4263617321378241,3,3,3
amazon-all-beauty,valid,11,5,1.5174581811610237,5,5,5
amazon-all-beauty,valid,13,11,2.665928831894089,8,9,10
amazon-all-beauty,valid,14,14,4.271515372459447,4,7,12
amazon-all-beauty,valid,15,25,20.31684155362921,13,25,25
amazon-all-beauty,valid,16,8,21.108329247140734,4,5,5
amazon-all-beauty,valid,17,10,2.054038370362926,9,9,9
amazon-all-beauty,valid,18,6,5.046122653196328,5,5,6
amazon-all-beauty,valid,19,2,0.27762908649171836,1,1,1
amazon-all-beauty,valid,20,2,1.0673753908933514,1,1,1
amazon-all-beauty,valid,23,4,15.179403966254656,1,1,1
amazon-all-beauty,valid,24,4,14.049694011540385,4,4,4
amazon-all-beauty,valid,26,2,1.377885993821864,1,1,1
amazon-all-beauty,valid,27,3,1.771264894835292,1,1,1
amazon-all-beauty,valid,28,6,8.751587310257348,5,6,6
amazon-all-beauty,valid,29,3,1.0674316976390184,1,1,1
amazon-all-beauty,valid,30,1,4.049106973140995,1,1,1
amazon-all-beauty,valid,31,4,6.45633414994761,1,2,3
amazon-all-beauty,valid,32,1,1.0776857677833651,1,1,1
amazon-all-beauty,valid,33,37,4.278351086292584,18,32,33
amazon-all-beauty,valid,34,19,39.51970708007387,9,17,18
amazon-all-beauty,valid,36,23,13.233315240681687,9,20,21
amazon-all-beauty,valid,37,3,44.02420203759255,2,3,3
amazon-all-beauty,valid,38,3,1.2706115305852685,3,3,3
amazon-all-beauty,valid,39,1,1.3310093171433752,1,1,1
amazon-all-beauty,valid,41,4,5.415614260089098,3,3,3
amazon-all-beauty,valid,42,7,4.027729261935297,4,5,5
amazon-all-beauty,valid,44,6,4.8428279594828645,5,5,5
amazon-all-beauty,valid,45,2,14.846757196510856,1,1,1
amazon-all-beauty,valid,46,6,1.4827797179606346,5,6,6
amazon-all-beauty,valid,47,4,2.2735591450238912,3,3,3
amazon-all-beauty,valid,48,3,46.84601746820026,2,3,3
amazon-all-beauty,valid,51,6,1.513155147244949,5,5,6
amazon-all-beauty,valid,52,2,1.514125221333265,2,2,2
amazon-all-beauty,valid,53,3,13.944132471919195,2,3,3
amazon-all-beauty,valid,54,2,2.9964593544263063,2,2,2
amazon-all-beauty,valid,55,3,46.517087068519125,2,3,3
amazon-all-beauty,valid,56,4,4.495050655783193,3,4,4
amazon-all-beauty,valid,57,2,0.6414354599533877,1,1,1
amazon-all-beauty,valid,59,2,0.21752294640340658,1,2,2
amazon-all-beauty,valid,62,3,0.104771996695256,3,3,3
amazon-all-beauty,valid,63,4,2.94650827949495,1,1,1
amazon-all-beauty,valid,64,6,6.192511764645294,3,4,6
amazon-all-beauty,valid,65,2,0.24902575908765595,1,1,1
amazon-all-beauty,valid,66,3,0.9079079453375112,2,2,2
amazon-all-beauty,valid,67,3,43.21819769098646,2,3,3
amazon-all-beauty,valid,68,6,6.828908707226459,5,5,5
amazon-all-beauty,valid,70,4,15.186671157056805,1,1,1
amazon-all-beauty,valid,72,2,17.799543615723316,2,2,2
amazon-all-beauty,valid,75,3,1.1975669493136287,2,2,2
amazon-all-beauty,valid,76,9,4.596394058577118,5,6,7
amazon-all-beauty,valid,77,3,44.79840331048707,2,3,3
amazon-all-beauty,valid,78,4,13.51224187929694,1,2,2
amazon-all-beauty,valid,79,2,0.2756232679199183,1,1,1
amazon-all-beauty,valid,80,2,1.363274455745676,1,1,2
amazon-all-beauty,valid,81,40,6.813819997571694,28,37,38
amazon-all-beauty,valid,83,3,1.7229347300569093,1,1,1
amazon-all-beauty,valid,84,2,4.382391719537473,1,1,1
amazon-all-beauty,valid,85,5,6.105913550418103,4,5,5
amazon-all-beauty,valid,86,5,2.2218862822222687,5,5,5
amazon-all-beauty,valid,88,4,0.1421604249099295,2,2,2
amazon-all-beauty,valid,91,2,0.5916660398223529,2,2,2
amazon-all-beauty,valid,93,19,4.283725571408908,4,15,15
amazon-all-beauty,valid,94,4,6.45299232586499,1,1,1
amazon-all-beauty,valid,95,2,1.21646541582875,1,1,1
amazon-all-beauty,valid,97,8,5.414320078879383,3,6,7
amazon-all-beauty,valid,98,10,1.7598733285495491,8,10,10
amazon-all-beauty,valid,99,26,3.3631553501240212,21,22,22
amazon-all-beauty,valid,100,2,1.470729200447333,2,2,2
amazon-all-beauty,valid,101,4,59.51157169168998,3,4,4
amazon-all-beauty,valid,103,5,1.8990799590121847,3,4,4
amazon-all-beauty,valid,104,2,0.17234358725782095,2,2,2
amazon-all-beauty,valid,105,3,44.879061787289714,2,3,3
amazon-all-beauty,valid,106,3,2.92294709007425,1,1,3
amazon-all-beauty,valid,107,4,1.6508303840438416,2,4,4
amazon-all-beauty,valid,108,4,0.43794762536288045,2,3,3
amazon-all-beauty,valid,109,12,4.264817241849645,8,12,12
amazon-all-beauty,valid,110,14,7.814413590525735,6,11,13
amazon-all-beauty,valid,111,4,15.885224005026407,3,3,3
amazon-all-beauty,valid,112,3,46.26873549219555,2,3,3
amazon-all-beauty,valid,113,4,60.33609421579279,2,4,4
amazon-all-beauty,valid,114,2,0.03243093762280036,1,1,1
amazon-all-beauty,valid,116,3,2.030873700286434,2,2,2
amazon-all-beauty,valid,117,3,6.067999322071776,2,2,2
amazon-all-beauty,valid,118,3,2.97751818966946,2,2,3
amazon-all-beauty,valid,120,6,12.622034727279027,1,1,1
amazon-all-beauty,valid,121,5,3.285276379039283,4,5,5
amazon-all-beauty,valid,122,3,2.1112630033780926,2,3,3
amazon-all-beauty,valid,123,3,3.2416451432778826,3,3,3
amazon-all-beauty,valid,124,12,4.240703721957041,2,9,9
amazon-all-beauty,valid,125,5,13.796288561459408,3,3,4
amazon-all-beauty,valid,126,3,6.59448674559807,2,3,3
amazon-all-beauty,valid,127,3,44.540310417465825,2,3,3
amazon-all-beauty,valid,128,5,0.24462521836810938,3,3,3
amazon-all-beauty,valid,129,3,0.16471920443936866,3,3,3
amazon-all-beauty,valid,130,6,1.4504008422290604,6,6,6
amazon-all-beauty,valid,131,3,44.87468359448032,2,3,3
amazon-all-beauty,valid,133,6,3.018532972062927,3,4,4
amazon-all-beauty,valid,136,3,5.87489290325883,1,3,3
amazon-all-beauty,valid,137,4,0.9234444871357501,4,4,4
amazon-all-beauty,valid,138,3,1.2508585998410053,1,3,3
amazon-all-beauty,valid,139,2,0.16556442986766978,1,1,1
amazon-all-beauty,valid,140,14,7.617344974638556,6,14,14
amazon-all-beauty,valid,143,1,0.27292191746317507,1,1,1
amazon-all-beauty,valid,144,3,2.1305358910245986,1,2,3
amazon-all-beauty,valid,145,4,3.424923662847442,2,3,3
amazon-all-beauty,valid,146,8,1.271508443358816,5,6,6
amazon-all-beauty,valid,147,5,1.3643756209270075,4,4,4
amazon-all-beauty,valid,148,6,0.17352465558156221,3,3,3
amazon-all-beauty,valid,149,4,21.09854373401742,1,2,3
amazon-all-beauty,valid,150,5,76.93857539563759,3,4,5
amazon-all-beauty,valid,151,5,9.169470507469228,3,4,4
amazon-all-beauty,valid,152,3,0.7566612846490146,2,3,3
amazon-all-beauty,valid,155,1,3.8320484637528445,1,1,1
amazon-all-beauty,valid,156,9,9.177655585619807,7,9,9
amazon-all-beauty,valid,157,3,2.968429956312333,2,3,3
amazon-all-beauty,valid,158,4,1.1062319145011408,2,2,2
amazon-all-beauty,valid,159,6,0.9090584257395489,5,5,5
amazon-all-beauty,valid,160,1,1.3159353396304918,1,1,1
amazon-all-beauty,valid,161,4,0.5374536304273663,3,3,3
amazon-all-beauty,valid,162,10,1.2912265413269353,4,7,7
amazon-all-beauty,valid,163,11,2.254698133106775,7,9,9
amazon-all-beauty,valid,164,2,2.0186577582986125,2,2,2
amazon-all-beauty,valid,165,4,3.6354460327621614,4,4,4
amazon-all-beauty,valid,166,3,1.210872071011421,1,1,1
amazon-all-beauty,valid,167,7,1.7920961434561042,6,7,7
amazon-all-beauty,valid,168,1,14.64663228542651,1,1,1
amazon-all-beauty,valid,170,26,16.843251945532273,18,21,22
amazon-all-beauty,valid,171,3,1.5189455032477819,2,3,3
amazon-all-beauty,valid,172,16,1.272737079022023,14,14,14
amazon-all-beauty,valid,173,9,1.4306035902104917,4,6,6
amazon-all-beauty,valid,174,4,2.9678009063388475,3,4,4
amazon-all-beauty,valid,175,3,1.0881799219009207,3,3,3
amazon-all-beauty,valid,176,6,4.550403307990096,3,4,4
amazon-all-beauty,valid,177,4,2.074570231897022,1,3,3
amazon-all-beauty,valid,178,2,1.3291080593243378,1,2,2
amazon-all-beauty,valid,179,8,2.069593889157487,7,8,8
amazon-all-beauty,valid,180,3,1.6527990601392875,2,2,2
amazon-all-beauty,valid,181,10,10.716199706668075,5,6,6
amazon-all-beauty,valid,182,5,78.1574542609131,3,5,5
amazon-all-beauty,valid,183,45,19.63127059417662,16,34,36
amazon-all-beauty,valid,184,22,16.438158619598305,15,20,20
amazon-all-beauty,valid,185,3,0.34643805212369133,2,2,2
amazon-all-beauty,valid,186,2,2.8895910238807394,2,2,2
amazon-all-beauty,valid,187,2,10.407993185760136,2,2,2
amazon-all-beauty,valid,188,4,2.854791207782816,2,2,4
amazon-all-beauty,valid,189,3,2.889900523708917,1,1,2
amazon-all-beauty,valid,190,4,0.17767799595427916,4,4,4
amazon-all-beauty,valid,191,3,2.081012048207813,2,3,3
amazon-all-beauty,valid,192,3,44.006015707834166,2,3,3
amazon-all-beauty,valid,193,4,0.5339421370157862,3,3,3
amazon-all-beauty,valid,195,7,1.7948544249018143,6,7,7
amazon-all-beauty,valid,196,3,0.08743051781918107,2,2,3
amazon-all-beauty,valid,197,6,13.938177939928442,2,2,5
amazon-all-beauty,valid,198,6,1.379223622365264,1,1,1
amazon-all-beauty,valid,199,3,0.8554455396099541,3,3,3
amazon-all-beauty,valid,200,4,3.5103623451447445,4,4,4
amazon-all-beauty,valid,201,3,6.86442765160607,2,3,3
amazon-all-beauty,valid,203,6,1.8827872088802355,5,5,5
amazon-all-beauty,valid,204,3,47.53196041423537,2,3,3
amazon-all-beauty,valid,205,6,37.93228033892665,2,3,5
amazon-all-beauty,valid,206,4,2.771495303037349,2,3,3
amazon-all-beauty,valid,208,4,0.9754337164418506,4,4,4
amazon-all-beauty,valid,210,2,0.1804326567888488,2,2,2
amazon-all-beauty,valid,211,3,1.695188114157869,2,3,3
amazon-all-beauty,valid,213,4,1.8140781221762743,1,1,1
amazon-all-beauty,valid,214,38,101.77958393559807,11,27,31
amazon-all-beauty,valid,215,2,0.5516788867494684,1,2,2
amazon-all-beauty,valid,216,3,44.78159743236246,2,3,3
amazon-all-beauty,valid,218,7,1.1612019055650977,3,3,3
amazon-all-beauty,valid,219,3,46.26159527248064,2,3,3
amazon-all-beauty,valid,220,2,3.017038408753889,1,1,2
amazon-all-beauty,valid,221,3,1.780793094870312,2,3,3
amazon-all-beauty,valid,222,1,0.08145014215580548,1,1,1
amazon-all-beauty,valid,223,4,1.2717309236709626,2,2,4
amazon-all-beauty,valid,224,5,2.719466371857364,3,3,3
amazon-all-beauty,valid,226,10,4.082959437606727,1,9,9
amazon-all-beauty,valid,227,5,11.309205747158368,2,4,4
amazon-all-beauty,valid,228,6,4.248744849602622,5,6,6
amazon-all-beauty,valid,229,2,4.804330750318598,1,1,1
amazon-all-beauty,valid,230,2,2.2860907044242307,1,1,2
amazon-all-beauty,valid,231,2,1.102999582693354,2,2,2
amazon-all-beauty,valid,232,6,2.210838424297547,4,4,4
amazon-all-beauty,valid,233,3,0.05498434865985887,1,1,1
amazon-all-beauty,valid,234,1,2.946969220747725,1,1,1
amazon-all-beauty,valid,235,3,45.04029758926601,2,3,3
amazon-all-beauty,valid,236,4,59.46687025321493,2,4,4
amazon-all-beauty,valid,237,2,0.4558842578012465,1,2,2
amazon-all-beauty,valid,238,11,5.27295912236386,2,3,7
amazon-all-beauty,valid,239,9,2.198029451174654,5,9,9
amazon-all-beauty,valid,240,9,5.110159341223561,5,9,9
amazon-all-beauty,valid,241,3,0.7048301137464931,1,1,1
amazon-all-beauty,valid,243,3,19.299084141442293,1,2,2
amazon-all-beauty,valid,245,3,45.66528523705171,2,3,3
amazon-all-beauty,valid,246,2,8.955056292700192,1,1,1
amazon-all-beauty,valid,247,3,5.125566477385695,2,3,3
amazon-all-beauty,valid,248,70,10.577752905150287,31,51,69
amazon-all-beauty,valid,250,15,21.349539480111453,12,15,15
amazon-all-beauty,valid,252,3,46.26170301687423,2,3,3
amazon-all-beauty,valid,254,2,0.06823828240704471,1,1,1
amazon-all-beauty,valid,255,4,1.0787813147749963,4,4,4
amazon-all-beauty,valid,256,9,1.6085050652661976,1,9,9
amazon-all-beauty,valid,258,4,24.113197408516363,1,3,4
amazon-all-beauty,valid,261,3,47.83617433742036,2,3,3
amazon-all-beauty,valid,262,4,5.716125109593714,2,3,3
amazon-all-beauty,valid,264,1,5.999450166501294,1,1,1
amazon-all-beauty,valid,266,5,1.9045313509030772,3,4,4
amazon-all-beauty,valid,267,6,2.8216083066807456,4,5,5
amazon-all-beauty,valid,268,3,0.7813069719549333,3,3,3
amazon-all-beauty,valid,269,3,0.8155104484282958,1,3,3
amazon-all-beauty,valid,270,4,1.1071165921060064,3,4,4
amazon-all-beauty,valid,271,2,2.5587867706614387,1,1,1
amazon-all-beauty,valid,272,5,0.9761101464818114,1,1,1
amazon-all-beauty,valid,273,36,17.72978717361049,28,29,30
amazon-all-beauty,valid,276,12,11.785677049601436,5,11,12
amazon-all-beauty,valid,277,57,21.26236565113726,18,43,52
amazon-all-beauty,valid,278,2,0.2706875009948878,1,1,1
amazon-all-beauty,valid,279,2,0.1838265427626949,2,2,2
amazon-all-beauty,valid,280,12,5.920032061135892,5,7,9
amazon-all-beauty,valid,281,10,4.654674911256011,8,9,10
amazon-all-beauty,valid,282,3,0.956147095442743,3,3,3
amazon-all-beauty,valid,283,6,4.478858408822555,1,5,5
amazon-all-beauty,valid,284,4,3.592294840098518,1,2,2
amazon-all-beauty,valid,285,5,46.81138632264202,3,4,5
amazon-all-beauty,valid,286,6,4.893277180567681,5,5,5
amazon-all-beauty,valid,287,15,13.086927689840973,7,13,13
amazon-all-beauty,valid,290,6,0.25495582074104545,5,6,6
amazon-all-beauty,valid,291,3,0.6836033445707532,1,3,3
amazon-all-beauty,valid,292,4,15.529318928711103,1,1,1
amazon-all-beauty,valid,293,4,11.501835244090053,1,2,2
amazon-all-beauty,valid,294,7,24.975583534833866,3,5,7
amazon-all-beauty,valid,295,3,45.085725022699044,2,3,3
amazon-all-beauty,valid,296,5,1.8899793656377162,4,5,5
amazon-all-beauty,valid,297,4,60.929805401514855,2,4,4
amazon-all-beauty,valid,298,9,3.7538412655409266,3,8,8
amazon-all-beauty,valid,301,3,0.06774488050266567,1,1,1
amazon-all-beauty,valid,302,3,17.96423173284634,2,3,3
amazon-all-beauty,valid,303,3,46.77142051868999,2,3,3
amazon-all-beauty,valid,304,11,8.726581746688936,4,8,8
amazon-all-beauty,valid,305,9,10.934285595679487,4,7,7
amazon-all-beauty,valid,306,2,0.1629831838218609,1,2,2
amazon-all-beauty,valid,307,7,5.1620060557842535,3,4,5
amazon-all-beauty,valid,309,3,1.643985681107183,3,3,3
amazon-all-beauty,valid,310,1,3.126510707801387,1,1,1
amazon-all-beauty,valid,311,3,0.3458722379965037,2,2,3
amazon-all-beauty,valid,312,3,0.4084446385147503,3,3,3
amazon-all-beauty,valid,313,2,3.442383310980221,2,2,2
amazon-all-beauty,valid,314,14,7.617617644112028,8,13,13
amazon-all-beauty,valid,315,3,11.559580745714804,2,3,3
amazon-all-beauty,valid,317,5,15.936647295356659,3,4,5
amazon-all-beauty,valid,318,4,45.01516842552418,2,4,4
amazon-all-beauty,valid,319,2,0.5876938548553176,1,1,1
amazon-all-beauty,valid,320,1,14.921649912496694,1,1,1
amazon-all-beauty,valid,321,7,4.3828360559184665,2,3,5
amazon-all-beauty,valid,324,23,5.8062820100259716,14,17,21
amazon-all-beauty,valid,326,2,2.995411499622801,1,1,1
amazon-all-beauty,valid,327,1,3.2995645590860327,1,1,1
amazon-all-beauty,valid,329,2,3.4442596614915857,1,1,1
amazon-all-beauty,valid,330,14,4.382098013064788,11,12,12
amazon-all-beauty,valid,332,14,18.60098724077907,9,11,11
amazon-all-beauty,valid,333,4,59.49645102077825,3,4,4
amazon-all-beauty,valid,335,19,6.356510467467716,2,16,16
amazon-all-beauty,valid,336,20,11.313877584016126,14,19,19
amazon-all-beauty,valid,337,6,7.475926899861075,5,5,5
amazon-all-beauty,valid,338,2,11.461449948640382,1,2,2
amazon-all-beauty,valid,339,3,0.027475944004127506,2,2,2
amazon-all-beauty,valid,341,3,8.775414677021198,1,2,2
amazon-all-beauty,valid,342,5,9.411163779905547,2,2,5
amazon-all-beauty,valid,343,6,3.1551360085696123,2,4,4
amazon-all-beauty,valid,344,2,17.182663140524344,1,2,2
amazon-all-beauty,valid,345,5,0.8126969214505291,1,2,3
amazon-all-beauty,valid,346,4,0.9313213139447526,2,2,2
amazon-all-beauty,valid,347,13,3.7603620486291773,6,8,11
amazon-all-beauty,valid,348,3,45.86911103696488,2,3,3
amazon-all-beauty,valid,349,4,3.7190609258339657,2,2,2
amazon-all-beauty,valid,351,8,1.613129209935831,5,8,8
amazon-all-beauty,valid,352,20,2.4986838766382875,14,15,19
amazon-all-beauty,valid,355,13,8.842992634865425,9,11,12
amazon-all-beauty,valid,356,1,2.102790024217519,1,1,1
amazon-all-beauty,valid,357,3,46.17374900862361,2,3,3
amazon-all-beauty,valid,358,3,8.317242068130538,2,2,2
amazon-all-beauty,valid,360,10,12.214485378505243,8,10,10
amazon-all-beauty,valid,361,3,0.8111558520156348,2,2,2
amazon-all-beauty,valid,362,22,12.205984433244826,11,16,17
amazon-all-beauty,valid,363,2,0.321897674662495,2,2,2
amazon-all-beauty,valid,364,4,3.2770648329727807,3,4,4
amazon-all-beauty,valid,365,3,0.8022738686448521,2,3,3
amazon-all-beauty,valid,368,6,7.396586450362202,3,5,6
amazon-all-beauty,valid,369,6,6.8452817350467985,5,6,6
amazon-all-beauty,valid,370,2,5.869883475624391,1,2,2
amazon-all-beauty,valid,371,4,2.51099095814792,3,3,4
amazon-all-beauty,valid,373,7,5.178832658786428,7,7,7
amazon-all-beauty,valid,374,3,1.66109581541625,2,3,3
amazon-all-beauty,valid,375,4,4.1168620912337826,4,4,4
amazon-all-beauty,valid,376,6,19.872556360586653,3,4,4
amazon-all-beauty,valid,378,2,2.162791541128738,1,1,1
amazon-all-beauty,valid,379,11,6.32636813063165,6,8,8
amazon-all-beauty,valid,380,5,6.329923820468875,4,5,5
amazon-all-beauty,valid,381,5,0.7541870339048384,1,1,1
amazon-all-beauty,valid,382,3,0.6102731095649991,3,3,3
amazon-all-beauty,valid,383,2,2.9370372601462167,1,1,1
amazon-all-beauty,valid,384,1,8.904427539242274,1,1,1
amazon-all-beauty,valid,387,8,50.30390997912219,2,3,4
amazon-all-beauty,valid,388,10,1.5330581460785502,5,6,7
amazon-all-beauty,valid,389,3,1.150238570183206,3,3,3
amazon-all-beauty,valid,390,11,3.371807986506357,7,7,10
amazon-all-beauty,valid,391,5,3.1899645398593393,1,2,4
amazon-all-beauty,valid,393,5,19.107614613410806,2,5,5
amazon-all-beauty,valid,394,1,0.39603293382802535,1,1,1
amazon-all-beauty,valid,396,3,0.0559246463427614,2,2,2
amazon-all-beauty,valid,397,12,5.938936770084013,4,10,10
amazon-all-beauty,valid,398,4,59.1108463209753,2,4,4
amazon-all-beauty,valid,399,1,1.557761451041066,1,1,1
amazon-all-beauty,valid,400,3,2.4589762597151767,1,1,1
amazon-all-beauty,valid,401,5,1.7724892856440582,2,3,3
amazon-all-beauty,valid,403,1,1.5487326456461057,1,1,1
amazon-all-beauty,valid,404,5,0.770631350310046,3,3,3
amazon-all-beauty,valid,405,2,1.0582941490611848,1,1,1
amazon-all-beauty,valid,407,9,7.021647946130301,3,8,8
amazon-all-beauty,valid,408,16,4.751207645482242,7,10,10
amazon-all-beauty,valid,409,3,0.007025483796360615,2,2,2
amazon-all-beauty,valid,410,2,1.151065442858485,1,1,1
amazon-all-beauty,valid,411,3,1.4755166471642656,1,1,1
amazon-all-beauty,valid,412,30,7.450025672005715,28,29,29
amazon-all-beauty,valid,414,3,6.112847769843992,1,1,2
amazon-all-beauty,valid,415,3,47.51506464507555,2,3,3
amazon-all-beauty,valid,417,2,0.8338845505713542,2,2,2
amazon-all-beauty,valid,418,5,0.3915361347916073,4,4,4
amazon-all-beauty,valid,419,94,11.740018021904072,67,67,91
amazon-all-beauty,valid,420,5,2.2409043537536846,5,5,5
amazon-all-beauty,valid,421,5,75.45427127553819,3,4,5
amazon-all-beauty,valid,423,11,4.43318315079939,2,8,10
amazon-all-beauty,valid,424,3,0.5195565750142249,2,2,2
amazon-all-beauty,valid,425,16,0.9659308606848136,4,11,11
amazon-all-beauty,valid,427,6,7.868171675646926,4,4,5
amazon-all-beauty,valid,429,1,2.5104871938047597,1,1,1
amazon-all-beauty,valid,430,6,1.3877510355416043,2,5,5
amazon-all-beauty,valid,431,4,10.246832542677174,3,3,4
amazon-all-beauty,valid,432,47,42.98250402090716,30,39,42
amazon-all-beauty,valid,433,1,5.972967518436246,1,1,1
amazon-all-beauty,valid,434,10,1.5525392812899614,3,4,4
amazon-all-beauty,valid,435,5,0.425925073949422,5,5,5
amazon-all-beauty,valid,437,2,2.2461883235914963,1,2,2
amazon-all-beauty,valid,439,1,1.8875272131063625,1,1,1
amazon-all-beauty,valid,441,33,42.518123686943234,11,19,24
amazon-all-beauty,valid,444,3,0.8926564330300863,1,1,1
amazon-all-beauty,valid,445,4,0.15709544586421648,3,3,3
amazon-all-beauty,valid,446,4,0.44864066339583974,4,4,4
amazon-all-beauty,valid,447,4,5.256938105340433,3,4,4
amazon-all-beauty,valid,449,3,0.34647750430025603,2,2,2
amazon-all-beauty,valid,450,4,4.478668638859332,2,2,4
amazon-all-beauty,valid,451,6,0.7351458653713202,6,6,6
amazon-all-beauty,valid,452,3,0.2747981431258796,3,3,3
amazon-all-beauty,valid,453,3,5.284833790539531,3,3,3
amazon-all-beauty,valid,454,13,3.27296430358325,11,11,11
amazon-all-beauty,valid,456,5,6.750781661854271,4,5,5
amazon-all-beauty,valid,457,3,0.3932745275336553,2,3,3
amazon-all-beauty,valid,458,2,1.5972709331407335,1,1,1
amazon-all-beauty,valid,459,11,1.583802010001002,3,3,3
amazon-all-beauty,valid,461,4,1.2194719588349,1,1,1
amazon-all-beauty,valid,462,19,2.204312584838566,15,15,18
amazon-all-beauty,valid,463,3,2.22206394186547,3,3,3
amazon-all-beauty,valid,464,21,10.257734265245348,13,16,18
amazon-all-beauty,valid,465,12,12.256019905870353,7,10,11
amazon-all-beauty,valid,466,6,2.0755988600068855,3,3,3
amazon-all-beauty,valid,467,1,0.20363203479282455,1,1,1
amazon-all-beauty,valid,468,4,1.549075917036817,3,3,3
amazon-all-beauty,valid,469,2,1.2357319361935954,1,1,1
amazon-all-beauty,valid,470,2,1.5055551099151996,2,2,2
amazon-all-beauty,valid,471,15,3.5561004644682277,3,7,9
amazon-all-beauty,valid,472,1,0.27259131821145555,1,1,1
amazon-all-beauty,valid,473,2,10.588183386451236,1,1,1
amazon-all-beauty,valid,474,3,1.768943271577984,1,3,3
amazon-all-beauty,valid,475,1,0.2935034063396277,1,1,1
amazon-all-beauty,valid,476,3,44.741085540371536,2,3,3
amazon-all-beauty,valid,478,4,1.6422726326431176,2,2,3
amazon-all-beauty,valid,479,3,4.098501972140645,2,2,3
amazon-all-beauty,valid,481,4,15.274071960894902,1,1,1
amazon-all-beauty,valid,484,4,4.539926133290302,2,4,4
amazon-all-beauty,valid,485,1,2.5732767061427726,1,1,1
amazon-all-beauty,valid,486,2,1.088601161279811,2,2,2
amazon-all-beauty,valid,487,4,0.7813518550482088,2,2,2
amazon-all-beauty,valid,489,6,1.9074677913866283,5,5,5
amazon-all-beauty,valid,490,16,40.90056047684697,10,12,14
amazon-all-beauty,valid,491,3,2.182488289975995,3,3,3
amazon-all-beauty,valid,492,3,3.886178098486241,1,2,2
amazon-all-beauty,valid,493,2,7.342785542150624,2,2,2
amazon-all-beauty,valid,494,5,0.8638300010705773,4,4,4
amazon-all-beauty,valid,495,2,3.654488075236299,2,2,2
amazon-all-beauty,valid,496,5,5.111121612270625,4,4,5
amazon-all-beauty,valid,497,3,46.77638880869097,2,3,3
amazon-all-beauty,valid,498,3,0.8381707299183271,1,1,1
amazon-all-beauty,valid,499,6,0.7535360729915206,2,2,2
amazon-all-beauty,valid,500,3,2.125292871547271,1,1,1
amazon-all-beauty,valid,502,3,1.3817197216249428,1,1,2
amazon-all-beauty,valid,505,2,1.5833159741675638,2,2,2
amazon-all-beauty,valid,506,4,0.4380285272945701,2,2,2
amazon-all-beauty,valid,507,17,10.272167207313384,8,11,17
amazon-all-beauty,valid,509,6,9.974131732190886,1,1,1
amazon-all-beauty,valid,510,4,0.5199945441135574,1,1,1
amazon-all-beauty,valid,511,3,3.8563943270017376,2,2,3
amazon-all-beauty,valid,513,3,9.14859656060669,3,3,3
amazon-all-beauty,valid,515,2,1.1452126625256447,1,1,1
amazon-all-beauty,valid,517,9,7.830786368648752,3,3,5
amazon-all-beauty,valid,518,3,0.9044902132696022,2,2,2
amazon-all-beauty,valid,519,2,4.155323219135305,1,1,1
amazon-all-beauty,valid,520,7,2.7868324615255444,2,2,6
amazon-all-beauty,valid,522,3,11.806265717275839,1,1,1
amazon-all-beauty,valid,523,8,1.4106760586151972,3,8,8
amazon-all-beauty,valid,524,3,0.9526457147726239,1,1,2
amazon-all-beauty,valid,525,2,0.9087007343286061,1,1,1
amazon-all-beauty,valid,527,8,1.0320122576414403,3,3,8
amazon-all-beauty,valid,528,4,0.2329733426262353,4,4,4
amazon-all-beauty,valid,529,3,0.22449611861122096,1,1,1
amazon-all-beauty,valid,530,2,7.099368109719499,1,1,1
amazon-all-beauty,valid,531,2,2.4372474740775165,2,2,2
amazon-all-beauty,valid,532,3,46.95703720396432,2,3,3
amazon-all-beauty,valid,533,3,8.91056272724407,3,3,3
amazon-all-beauty,valid,534,3,2.508265636748454,3,3,3
amazon-all-beauty,valid,535,2,0.27162411564231986,2,2,2
amazon-all-beauty,valid,538,5,2.188575286395023,5,5,5
amazon-all-beauty,valid,539,5,2.382146766466524,4,5,5
amazon-all-beauty,valid,541,5,1.424862674277025,5,5,5
amazon-all-beauty,valid,542,3,44.36979074428217,2,3,3
amazon-all-beauty,valid,543,2,1.0918226312541766,1,1,1
amazon-all-beauty,valid,544,2,3.985419923786136,2,2,2
amazon-all-beauty,valid,545,3,20.116113498668334,2,3,3
amazon-all-beauty,valid,546,3,4.669480963544503,3,3,3
amazon-all-beauty,valid,548,5,46.56139885432627,2,3,4
amazon-all-beauty,valid,551,20,35.93268472373644,7,12,16
amazon-all-beauty,valid,552,27,51.725463789362834,11,20,24
amazon-all-beauty,valid,554,3,6.024901689483279,1,2,2
amazon-all-beauty,valid,555,6,8.454658743354539,3,4,4
amazon-all-beauty,valid,556,2,0.49127635594228125,2,2,2
amazon-all-beauty,valid,557,5,8.572757585414431,3,4,4
amazon-all-beauty,valid,560,3,26.91574594421325,2,3,3
amazon-all-beauty,valid,561,5,3.1771543182498467,5,5,5
amazon-all-beauty,valid,562,3,46.380993039999325,2,3,3
amazon-all-beauty,valid,563,12,4.490978342190825,8,11,11
amazon-all-beauty,valid,564,1,2.0140927918938263,1,1,1
amazon-all-beauty,valid,565,3,3.9559903479500944,2,2,2
amazon-all-beauty,valid,566,7,2.5680813788535715,4,4,5
amazon-all-beauty,valid,567,3,7.0620643913206465,3,3,3
amazon-all-beauty,valid,568,6,1.0083113625701845,3,6,6
amazon-all-beauty,valid,570,3,4.835836684219347,1,1,1
amazon-all-beauty,valid,571,19,6.390291518499918,14,15,18
amazon-all-beauty,valid,572,3,4.389742933487812,2,2,2
amazon-all-beauty,valid,573,1,2.406360539833121,1,1,1
amazon-all-beauty,valid,575,2,2.4598307239443185,2,2,2
amazon-all-beauty,valid,576,7,1.5062281690413402,1,3,7
amazon-all-beauty,valid,577,10,14.193793211291688,2,5,9
amazon-all-beauty,valid,580,4,3.3431549693356084,2,4,4
amazon-all-beauty,valid,581,2,2.0542635973455923,2,2,2
amazon-all-beauty,valid,582,7,2.645339976946695,6,6,6
amazon-all-beauty,valid,583,2,0.7321950672918671,2,2,2
amazon-all-beauty,valid,584,2,13.831620232848994,1,2,2
amazon-all-beauty,valid,585,15,5.111936499474543,2,15,15
amazon-all-beauty,valid,586,3,1.0469930980539528,1,1,1
amazon-all-beauty,valid,587,22,5.335307856507689,10,15,15
amazon-all-beauty,valid,589,2,0.09071815758335441,1,1,1
amazon-all-beauty,valid,591,1,0.5850195965577976,1,1,1
amazon-all-beauty,valid,592,4,60.43789668710959,2,4,4
amazon-all-beauty,valid,594,5,3.350321282420466,2,4,4
amazon-all-beauty,valid,597,3,3.521422375813818,1,2,2
amazon-all-beauty,valid,599,8,0.44470755605938916,5,5,5
amazon-all-beauty,valid,600,1,0.9010980751769964,1,1,1
amazon-all-beauty,valid,602,9,19.5528401665606,5,8,8
amazon-all-beauty,valid,605,8,15.045256453193144,1,1,7
amazon-all-beauty,valid,606,3,46.77303187792048,2,3,3
amazon-all-beauty,valid,607,7,1.028440212629753,6,7,7
amazon-all-beauty,valid,608,2,1.4192235724258002,1,1,1
amazon-all-beauty,valid,610,3,3.409743501549216,2,3,3
amazon-all-beauty,valid,611,2,4.0513190416991405,1,2,2
amazon-all-beauty,valid,612,3,2.09736609903183,3,3,3
amazon-all-beauty,valid,613,4,1.629594625764581,2,4,4
amazon-all-beauty,valid,614,6,48.80666492086623,2,4,5
amazon-all-beauty,valid,615,5,7.9112436518357905,1,1,3
amazon-all-beauty,valid,616,2,0.9857015199387992,1,1,1
amazon-all-beauty,valid,617,19,19.383150487268715,16,18,19
amazon-all-beauty,valid,619,2,2.6232056828613066,1,1,1
amazon-all-beauty,valid,620,2,6.077181067075255,1,2,2
amazon-all-beauty,valid,622,3,5.392523500419336,2,2,2
amazon-all-beauty,valid,623,6,1.6721236975553695,5,6,6
amazon-all-beauty,valid,624,4,6.4915615102817545,4,4,4
amazon-all-beauty,valid,625,3,2.5998733410344146,2,3,3
amazon-all-beauty,valid,626,4,16.756742311429363,1,1,1
amazon-all-beauty,valid,627,1,0.21020569128859112,1,1,1
amazon-all-beauty,valid,628,1,6.103459088186539,1,1,1
amazon-all-beauty,valid,629,1,1.283084910510041,1,1,1
amazon-all-beauty,valid,630,4,5.7762077781339425,3,3,3
amazon-all-beauty,valid,631,6,29.934844231008725,1,2,2
amazon-all-beauty,valid,632,4,0.5382484169970214,3,3,3
amazon-all-beauty,valid,633,4,3.219761420453145,2,4,4
amazon-all-beauty,valid,634,2,4.138569028355939,1,2,2
amazon-all-beauty,valid,635,17,8.216545880790129,6,10,12
amazon-all-beauty,valid,636,40,29.796085120567913,1,24,30
amazon-all-beauty,valid,637,22,3.49970395261494,11,18,18
amazon-all-beauty,valid,638,3,0.5682760179145343,1,1,1
amazon-all-beauty,valid,639,4,61.2094873745232,3,4,4
amazon-all-beauty,valid,640,7,3.0425529803091815,2,2,2
amazon-all-beauty,valid,641,3,47.08401197423498,2,3,3
amazon-all-beauty,valid,642,1,0.5983097364163878,1,1,1
amazon-all-beauty,valid,643,6,2.0552888545416352,3,3,3
amazon-all-beauty,valid,644,5,12.096144080347603,2,5,5
amazon-all-beauty,valid,645,19,2.786716289847401,1,17,19
amazon-all-beauty,valid,646,4,0.8476265177305385,4,4,4
amazon-all-beauty,valid,647,21,4.442078243279475,10,14,14
amazon-all-beauty,valid,648,7,2.6909274663618694,5,5,5
amazon-all-beauty,valid,649,2,0.6936783817366388,2,2,2
amazon-all-beauty,valid,650,10,4.705425766703423,7,9,10
amazon-all-beauty,valid,651,3,46.015597467944325,2,3,3
amazon-all-beauty,valid,652,4,2.644061276970822,3,3,3
amazon-all-beauty,valid,653,4,17.89884486898538,3,4,4
amazon-all-beauty,valid,654,3,44.09605256627981,2,3,3
amazon-all-beauty,valid,656,3,0.19942538404228122,2,2,2
amazon-all-beauty,valid,658,2,1.2173225018797527,2,2,2
amazon-all-beauty,valid,659,4,1.9707122522417357,3,3,3
amazon-all-beauty,valid,661,3,0.21530825602340167,3,3,3
amazon-all-beauty,valid,662,10,0.5521219746438614,10,10,10
amazon-all-beauty,valid,663,4,3.0242467958371715,1,2,2
amazon-all-beauty,valid,664,3,1.4158090239987215,1,3,3
amazon-all-beauty,valid,665,8,2.0000576800809267,3,3,3
amazon-all-beauty,valid,666,7,0.6854875605476985,1,1,1
amazon-all-beauty,valid,667,10,4.787407264756253,3,7,7
amazon-all-beauty,valid,669,1,4.512676664755442,1,1,1
amazon-all-beauty,valid,671,28,10.623338272138241,7,22,24
amazon-all-beauty,valid,673,3,1.7997502402556402,1,2,3
amazon-all-beauty,valid,674,24,6.122381525644383,8,11,24
amazon-all-beauty,valid,675,4,10.998793025579305,1,1,4
amazon-all-beauty,valid,676,3,0.7387194085669277,3,3,3
amazon-all-beauty,valid,677,3,4.032812100581825,3,3,3
amazon-all-beauty,valid,678,10,35.85989158766608,2,2,7
amazon-all-beauty,valid,679,2,0.16556511653529987,1,1,1
amazon-all-beauty,valid,680,7,1.7036112162787673,4,4,4
amazon-all-beauty,valid,683,2,5.749531864343191,1,1,1
amazon-all-beauty,valid,684,1,4.256701080159394,1,1,1
amazon-all-beauty,valid,686,7,3.5901606771042225,2,5,5
amazon-all-beauty,valid,687,3,1.1024138552048937,3,3,3
amazon-all-beauty,valid,689,4,14.204441553504362,4,4,4
amazon-all-beauty,valid,690,1,0.24286397832127868,1,1,1
amazon-all-beauty,valid,691,1,1.4788675851990665,1,1,1
amazon-all-beauty,valid,692,9,4.273661895471084,6,9,9
amazon-all-beauty,valid,695,3,1.7237999312708128,2,3,3
amazon-all-beauty,valid,696,7,0.6272665103769525,5,5,5
amazon-all-beauty,valid,697,33,9.794873152200818,25,32,32
amazon-all-beauty,valid,698,13,3.605997604778458,7,13,13
amazon-all-beauty,valid,699,2,14.691253883183478,2,2,2
amazon-all-beauty,valid,704,10,19.547626611367033,3,8,9
amazon-all-beauty,valid,705,4,0.6810950101423929,3,3,3
amazon-all-beauty,valid,706,2,1.919480854301926,2,2,2
amazon-all-beauty,valid,707,3,4.891054499873435,1,1,3
amazon-all-beauty,valid,708,27,6.835948423770061,15,16,17
amazon-all-beauty,valid,709,10,2.7593703757226784,4,8,8
amazon-all-beauty,valid,710,2,0.0198635466570366,1,1,1
amazon-all-beauty,valid,711,3,0.4665784194721461,1,1,1
amazon-all-beauty,valid,713,3,22.54340903635874,2,3,3
amazon-all-beauty,valid,714,2,1.7450135913372509,1,1,1
amazon-all-beauty,valid,715,10,5.3328539560950965,2,2,2
amazon-all-beauty,valid,717,3,3.4919700775216542,2,2,2
amazon-all-beauty,valid,718,2,0.6524965518360712,1,1,1
amazon-all-beauty,valid,719,11,12.05698854419908,9,9,9
amazon-all-beauty,valid,721,4,22.17666172786176,2,3,4
amazon-all-beauty,valid,722,2,0.6024052718595178,2,2,2
amazon-all-beauty,valid,723,7,0.836030074793711,6,6,6
amazon-all-beauty,valid,725,16,10.81813482968614,2,12,12
amazon-all-beauty,valid,726,3,1.9947478353583266,3,3,3
amazon-all-beauty,valid,727,11,4.491375860324313,2,9,9
amazon-all-beauty,valid,728,3,0.10228875684755884,3,3,3
amazon-all-beauty,valid,729,2,1.7329166301224235,1,1,1
amazon-all-beauty,valid,730,3,1.6242923031737466,2,2,2
amazon-all-beauty,valid,731,14,4.609519086082839,8,9,14
amazon-all-beauty,valid,732,1,0.3513901742231838,1,1,1
amazon-all-beauty,valid,733,3,45.243790043256936,2,3,3
amazon-all-beauty,valid,734,10,4.064298558091613,3,7,8
amazon-all-beauty,valid,737,3,46.118122688153946,2,3,3
amazon-all-beauty,valid,739,5,2.8545142934549026,4,4,4
amazon-all-beauty,valid,742,15,3.3226635587673568,8,8,15
amazon-all-beauty,valid,743,1,3.250871708950307,1,1,1
amazon-all-beauty,valid,744,10,8.672578458799475,7,10,10
amazon-all-beauty,valid,745,6,6.996813799772089,5,5,6
amazon-all-beauty,valid,748,2,2.267435817644799,1,1,1
amazon-all-beauty,valid,749,3,0.6581578143244486,2,2,2
amazon-all-beauty,valid,752,4,8.484629787829066,2,2,2
amazon-all-beauty,valid,753,4,12.704455567766448,2,3,4
amazon-all-beauty,valid,754,3,2.097666984302466,1,1,2
amazon-all-beauty,valid,756,4,3.869680908673517,1,4,4
amazon-all-beauty,valid,757,2,0.7959732561685382,2,2,2
amazon-all-beauty,valid,759,28,19.377874757442463,16,21,28
amazon-all-beauty,valid,760,2,0.5971973348556547,2,2,2
amazon-all-beauty,valid,761,3,8.834737766313896,1,2,2
amazon-all-beauty,valid,763,3,0.09074075519081713,2,2,2
amazon-all-beauty,valid,764,3,2.559314505947322,2,3,3
amazon-all-beauty,valid,765,2,1.9339715388752197,1,2,2
amazon-all-beauty,valid,766,3,0.6825941928518524,2,2,2
amazon-all-beauty,valid,767,2,0.10952504760635468,1,1,1
amazon-all-beauty,valid,769,1,2.916707154046704,1,1,1
amazon-all-beauty,valid,770,18,10.410511133535318,10,17,17
amazon-all-beauty,valid,771,2,0.21138126627129178,2,2,2
amazon-all-beauty,valid,772,2,1.9862792571130186,2,2,2
amazon-all-beauty,valid,775,11,0.16680917100801873,6,6,6
amazon-all-beauty,valid,776,5,2.4087693698794492,3,3,3
amazon-all-beauty,valid,777,5,76.03208947653766,3,4,5
amazon-all-beauty,valid,778,1,3.1797660273686987,1,1,1
amazon-all-beauty,valid,779,2,2.191635951295289,1,1,1
amazon-all-beauty,valid,780,3,3.215664574099084,2,2,2
amazon-all-beauty,valid,781,6,4.669514298136727,4,4,4
amazon-all-beauty,valid,783,11,3.7549781374390228,5,8,8
amazon-all-beauty,valid,784,3,1.5689713625264874,1,1,1
amazon-all-beauty,valid,786,4,3.0943705427077615,4,4,4
amazon-all-beauty,valid,787,3,0.8740608493641614,2,2,2
amazon-all-beauty,valid,788,2,0.4374622137727422,2,2,2
amazon-all-beauty,valid,789,2,2.293932948154409,2,2,2
amazon-all-beauty,valid,790,61,36.51720299049995,40,52,56
amazon-all-beauty,valid,792,5,4.721242718592057,4,4,5
amazon-all-beauty,valid,793,2,10.917399689563808,1,2,2
amazon-all-beauty,valid,794,1,1.2233447018442332,1,1,1
amazon-all-beauty,valid,795,1,5.555953892141369,1,1,1
amazon-all-beauty,valid,796,4,61.56452387871077,3,4,4
amazon-all-beauty,valid,797,4,15.67832018624923,1,1,1
amazon-all-beauty,valid,798,2,0.672368400928999,1,2,2
amazon-all-beauty,valid,799,5,4.477502427526134,5,5,5
amazon-all-beauty,valid,800,2,6.796926600536413,1,1,1
amazon-all-beauty,valid,802,1,0.19137888790431848,1,1,1
amazon-all-beauty,valid,803,3,1.11149253763953,3,3,3
amazon-all-beauty,valid,804,2,5.4457241362735616,1,2,2
amazon-all-beauty,valid,807,3,0.9170222720645818,2,2,2
amazon-all-beauty,valid,809,6,3.867963240809032,1,3,3
amazon-all-beauty,valid,810,4,0.6086751715654679,3,3,3
amazon-all-beauty,valid,814,9,1.60802052761668,9,9,9
amazon-all-beauty,valid,815,2,1.1857796127756386,2,2,2
amazon-all-beauty,valid,816,21,2.8973323898936263,8,20,20
amazon-all-beauty,valid,817,25,12.162023097626344,5,13,23
amazon-all-beauty,valid,818,6,2.389923090104214,4,4,6
amazon-all-beauty,valid,821,2,2.032146032980646,2,2,2
amazon-all-beauty,valid,822,3,0.23103456778486328,3,3,3
amazon-all-beauty,valid,823,3,46.77881105996825,2,3,3
amazon-all-beauty,valid,824,3,4.1380118287862935,2,2,2
amazon-all-beauty,valid,825,5,74.02181143545059,3,5,5
amazon-all-beauty,valid,826,3,2.7911878070301657,2,2,2
amazon-all-beauty,valid,828,15,16.718365830919332,13,15,15
amazon-all-beauty,valid,829,28,2.974919714508569,23,24,26
amazon-all-beauty,valid,830,8,1.2644744698535744,6,6,6
amazon-all-beauty,valid,831,15,15.520713609970912,7,7,8
amazon-all-beauty,valid,832,4,1.5154784559591667,2,3,3
amazon-all-beauty,valid,833,3,2.2903263200638975,2,3,3
amazon-all-beauty,valid,834,3,5.405473927074025,3,3,3
amazon-all-beauty,valid,835,4,27.02442358153975,1,3,4
amazon-all-beauty,valid,836,6,1.6603684471230031,4,4,4
amazon-all-beauty,valid,837,1,0.8826263413818063,1,1,1
amazon-all-beauty,valid,838,1,0.23551064194371885,1,1,1
amazon-all-beauty,valid,839,3,0.8512100488189474,2,2,2
amazon-all-beauty,valid,840,40,5.387953227946499,16,31,32
amazon-all-beauty,valid,841,2,1.100235932755263,2,2,2
amazon-all-beauty,valid,842,2,2.7654547503198463,1,1,1
amazon-all-beauty,valid,843,3,45.965409305407604,2,3,3
amazon-all-beauty,valid,844,3,4.192000259685213,1,3,3
amazon-all-beauty,valid,845,1,14.685648865016438,1,1,1
amazon-all-beauty,valid,846,9,12.413492269839155,1,4,9
amazon-all-beauty,valid,847,3,44.29132336146278,2,3,3
amazon-all-beauty,valid,848,9,1.0878690487374836,4,8,8
amazon-all-beauty,valid,849,2,0.5487071140951327,2,2,2
amazon-all-beauty,valid,850,16,1.5648282597438916,6,6,14
amazon-all-beauty,valid,852,2,1.0965878549096266,2,2,2
amazon-all-beauty,valid,853,3,1.1905264836780667,2,2,3
amazon-all-beauty,valid,854,4,1.9754960783475282,3,3,3
amazon-all-beauty,valid,855,15,5.920776533695561,13,14,14
amazon-all-beauty,valid,856,7,0.2596582455205081,3,7,7
amazon-all-beauty,valid,857,3,0.3265551539243523,2,2,2
amazon-all-beauty,valid,859,2,3.1066064604811854,2,2,2
amazon-all-beauty,valid,864,6,0.8927377095077561,2,2,3
amazon-all-beauty,valid,865,100,55.79739659331704,53,75,81
amazon-all-beauty,valid,867,5,16.254207977267555,1,1,1
amazon-all-beauty,valid,868,2,11.999014694375163,1,2,2
amazon-all-beauty,valid,869,3,3.539884995656827,2,3,3
amazon-all-beauty,valid,870,22,9.695268391846259,5,13,16
amazon-all-beauty,valid,871,3,47.87114650709343,2,3,3
amazon-all-beauty,valid,872,3,23.337201061588154,2,3,3
amazon-all-beauty,valid,874,8,43.32494554257511,2,3,3
amazon-all-beauty,valid,876,12,7.334823318858172,7,10,10
amazon-all-beauty,valid,879,2,4.720535950327712,2,2,2
amazon-all-beauty,valid,880,3,0.46560085446422916,3,3,3
amazon-all-beauty,valid,881,7,7.233079027016938,2,2,2
amazon-all-beauty,valid,883,4,7.053053876254378,1,1,4
amazon-all-beauty,valid,885,21,8.660545669795894,13,16,18
amazon-all-beauty,valid,886,10,4.210301075664843,5,6,6
amazon-all-beauty,valid,888,1,1.9588090561472515,1,1,1
amazon-all-beauty,valid,890,4,0.07274094933048347,2,2,2
amazon-all-beauty,valid,891,6,9.482088430930132,6,6,6
amazon-all-beauty,valid,892,1,2.5103250153954004,1,1,1
amazon-all-beauty,valid,893,4,2.1723170569175676,2,2,2
amazon-all-beauty,valid,894,2,7.310172325484203,2,2,2
amazon-all-beauty,valid,895,2,2.7025884560559246,1,1,2
amazon-all-beauty,valid,896,6,4.680246164102952,3,5,5
amazon-all-beauty,valid,897,18,3.2564035033782486,9,16,18
amazon-all-beauty,valid,898,1,0.07445062688072802,1,1,1
amazon-all-beauty,valid,899,3,21.08858081094823,2,3,3
amazon-all-beauty,valid,901,4,2.547407377120047,2,4,4
amazon-all-beauty,valid,902,6,5.3328729330914175,3,4,4
amazon-all-beauty,valid,903,7,0.31224525021076016,4,4,4
amazon-all-beauty,valid,904,4,1.0313615464254424,1,4,4
amazon-all-beauty,valid,905,2,3.161537498763218,1,2,2
amazon-all-beauty,valid,906,3,0.39400276976752246,3,3,3
amazon-all-beauty,valid,907,3,2.865414330566167,1,3,3
amazon-all-beauty,valid,909,17,1.4319053871884675,9,10,13
amazon-all-beauty,valid,910,3,2.8786409224568095,1,1,1
amazon-all-beauty,valid,911,1,0.9861247568962498,1,1,1
amazon-all-beauty,valid,912,26,5.83953226698012,15,26,26
amazon-all-beauty,valid,913,2,5.681474237947189,2,2,2
amazon-all-beauty,valid,914,3,3.5429836145497378,3,3,3
amazon-all-beauty,valid,915,3,3.596664792896361,1,1,1
amazon-all-beauty,valid,916,2,7.641010912085007,1,2,2
amazon-all-beauty,valid,917,4,0.2524223917320223,3,3,3
amazon-all-beauty,valid,918,4,1.5380171348543439,2,4,4
amazon-all-beauty,valid,919,5,0.6700596370836727,2,2,2
amazon-all-beauty,valid,920,11,5.9915370087322275,4,4,7
amazon-all-beauty,valid,922,9,2.0690225816892585,2,4,4
amazon-all-beauty,valid,923,4,0.20451059481334966,1,1,1
amazon-all-beauty,valid,924,2,1.973021016087062,2,2,2
amazon-all-beauty,valid,926,4,1.346192537233772,4,4,4
amazon-all-beauty,valid,927,7,10.58252125002224,3,5,5
amazon-all-beauty,valid,928,2,1.350930668729999,2,2,2
amazon-all-beauty,valid,929,3,0.9728925468159066,3,3,3
amazon-all-beauty,valid,931,3,5.598110665227994,3,3,3
amazon-all-beauty,valid,932,5,2.0092467911553467,2,4,4
amazon-all-beauty,valid,933,3,3.538218266045628,1,1,1
amazon-all-beauty,valid,934,6,1.55929496713203,2,2,2
amazon-all-beauty,valid,936,3,0.7610425986749187,2,3,3
amazon-all-beauty,valid,937,4,0.9209126811593071,4,4,4
amazon-all-beauty,valid,938,1,0.5603994408028519,1,1,1
amazon-all-beauty,valid,939,4,57.35960140816803,3,4,4
amazon-all-beauty,valid,940,3,0.6629246610124789,1,1,1
amazon-all-beauty,valid,941,3,1.0706520439754437,3,3,3
amazon-all-beauty,valid,944,4,5.610304134457013,1,4,4
amazon-all-beauty,valid,945,28,9.136626945025078,8,20,25
amazon-all-beauty,valid,946,3,0.2325826911690485,1,1,1
amazon-all-beauty,valid,947,7,3.8544354515261032,2,4,5
amazon-all-beauty,valid,948,3,1.5642773026072458,2,2,2
amazon-all-beauty,valid,950,3,0.6021432145221465,3,3,3
amazon-all-beauty,valid,951,4,1.686804776335186,2,2,2
amazon-all-beauty,valid,952,33,6.336966720653308,25,27,33
amazon-all-beauty,valid,953,9,2.1574998306740047,2,7,9
amazon-all-beauty,valid,954,5,1.261706699909703,3,3,5
amazon-all-beauty,valid,957,5,3.976997882878848,3,5,5
amazon-all-beauty,valid,958,4,0.04161680263205944,1,1,1
amazon-all-beauty,valid,959,2,0.9196811739769198,2,2,2
amazon-all-beauty,valid,960,3,6.620924073599534,1,1,2
amazon-all-beauty,valid,961,7,7.532873994305028,4,4,4
amazon-all-beauty,valid,963,10,6.152048813329093,8,10,10
amazon-all-beauty,valid,964,5,1.0438176972351327,4,4,4
amazon-all-beauty,valid,968,3,46.918120815424054,2,3,3
amazon-all-beauty,valid,970,3,0.48632173686958835,1,1,1
amazon-all-beauty,valid,971,4,1.876239083935442,3,4,4
amazon-all-beauty,valid,977,2,0.04665369697170212,2,2,2
amazon-all-beauty,valid,978,3,7.154658087899075,1,3,3
amazon-all-beauty,valid,979,4,4.904095067260656,2,2,2
amazon-all-beauty,valid,980,5,1.19013658131284,2,2,2
amazon-all-beauty,valid,981,2,0.5476380350194249,2,2,2
amazon-all-beauty,valid,984,4,0.9459322277776409,2,2,2
amazon-all-beauty,valid,985,5,78.03442589436118,3,5,5
amazon-all-beauty,valid,986,5,4.681134212621638,1,2,4
amazon-all-beauty,valid,987,1,5.872102910253477,1,1,1
amazon-all-beauty,valid,988,10,2.2417536991877656,5,8,10
amazon-all-beauty,valid,989,2,6.898158138930965,2,2,2
amazon-all-beauty,valid,990,12,4.305347236896275,2,6,11
amazon-all-beauty,valid,991,1,0.8934413565556003,1,1,1
amazon-all-beauty,valid,992,8,4.722380089884792,3,8,8
amazon-all-beauty,valid,993,2,0.26371176938954316,1,1,2
amazon-all-beauty,valid,994,17,2.909592341034103,9,14,15
amazon-all-beauty,valid,995,2,1.819706924013048,1,1,1
amazon-all-beauty,valid,997,5,0.006769544043329967,3,3,3
amazon-all-beauty,valid,998,6,8.569356333369644,6,6,6
amazon-all-beauty,valid,999,14,10.030985065291167,3,8,13
amazon-all-beauty,valid,1001,6,0.2700274261293888,1,5,5
amazon-all-beauty,valid,1002,3,43.63842180057362,2,3,3
amazon-all-beauty,valid,1003,4,0.23717275215449773,4,4,4
amazon-all-beauty,valid,1004,2,2.123452102904011,1,2,2
amazon-all-beauty,valid,1005,4,0.22616422155768054,2,2,2
amazon-all-beauty,valid,1006,2,1.3678166996943393,2,2,2
amazon-all-beauty,valid,1008,4,1.2789275749802038,1,4,4
amazon-all-beauty,valid,1009,4,1.3852830272304293,2,4,4
amazon-all-beauty,valid,1011,5,9.731179985261615,3,5,5
amazon-all-beauty,valid,1012,13,6.3952316551280495,5,11,12
amazon-all-beauty,valid,1013,5,1.5074348313403845,3,3,3
amazon-all-beauty,valid,1014,20,5.709247072064832,17,18,20
amazon-all-beauty,valid,1015,4,1.1230565199247537,3,4,4
amazon-all-beauty,valid,1016,15,8.822075989761162,9,13,15
amazon-all-beauty,valid,1017,2,2.028489340577469,1,1,1
amazon-all-beauty,valid,1018,3,0.4394076055930951,3,3,3
amazon-all-beauty,valid,1019,1,0.46628465057513097,1,1,1
amazon-all-beauty,valid,1020,6,3.7093781631578473,3,5,5
amazon-all-beauty,valid,1023,1,0.4312457492932786,1,1,1
amazon-all-beauty,valid,1024,5,0.6167924568936592,1,2,4
amazon-all-beauty,valid,1025,4,4.9255662901127035,2,3,4
amazon-all-beauty,valid,1026,4,3.488742614811608,1,1,1
amazon-all-beauty,valid,1028,4,0.04209072814547615,3,3,3
amazon-all-beauty,valid,1029,2,0.36734683176237304,1,1,1
amazon-all-beauty,valid,1030,3,1.030497156727829,2,2,2
amazon-all-beauty,valid,1031,3,0.5801458794167945,2,3,3
amazon-all-beauty,valid,1032,5,1.188241441078143,5,5,5
amazon-all-beauty,valid,1034,26,2.443278538296858,15,18,24
amazon-all-beauty,valid,1036,4,23.56331896429297,1,3,3
amazon-all-beauty,valid,1037,4,1.2156362958775908,1,3,3
amazon-all-beauty,valid,1038,3,0.9011214218764191,2,2,2
amazon-all-beauty,valid,1039,2,11.751383619668534,1,1,2
amazon-all-beauty,valid,1040,8,1.266800400389653,5,5,8
amazon-all-beauty,valid,1041,2,5.636869557183651,2,2,2
amazon-all-beauty,valid,1042,4,0.35918996940895703,3,3,3
amazon-all-beauty,valid,1043,1,3.8061878117119905,1,1,1
amazon-all-beauty,valid,1044,11,2.289318666528917,6,6,7
amazon-all-beauty,valid,1045,1,5.674505435442475,1,1,1
amazon-all-beauty,valid,1046,4,0.10690965545203174,2,2,2
amazon-all-beauty,valid,1048,14,4.59581713291919,5,11,14
amazon-all-beauty,valid,1049,12,6.846693773391568,6,7,7
amazon-all-beauty,valid,1050,4,0.07626030820764451,4,4,4
amazon-all-beauty,valid,1051,2,8.746768401678091,1,2,2
amazon-all-beauty,valid,1052,2,1.1116432299721681,1,1,1
amazon-all-beauty,valid,1053,35,12.55729214492807,16,31,35
amazon-all-beauty,valid,1054,3,2.0568534579489426,1,2,2
amazon-all-beauty,valid,1055,3,45.25952933927904,2,3,3
amazon-all-beauty,valid,1056,3,0.4166550609433127,1,1,1
amazon-all-beauty,valid,1058,2,0.694767499022279,1,1,1
amazon-all-beauty,valid,1061,2,0.3530899887292872,1,1,1
amazon-all-beauty,valid,1062,3,0.16217928330002476,3,3,3
amazon-all-beauty,valid,1063,2,0.37829880591620346,2,2,2
amazon-all-beauty,valid,1064,6,7.188984977272862,3,3,3
amazon-all-beauty,valid,1065,2,1.2933257466964265,1,1,1
amazon-all-beauty,valid,1066,16,4.36974142906146,5,10,12
amazon-all-beauty,valid,1067,4,1.5224373954197397,4,4,4
amazon-all-beauty,valid,1068,3,19.909798341323125,2,3,3
amazon-all-beauty,valid,1070,3,2.6138736200711703,2,3,3
amazon-all-beauty,valid,1072,6,3.1519623556320324,6,6,6
amazon-all-beauty,valid,1075,1,1.8798251744213812,1,1,1
amazon-all-beauty,valid,1076,3,3.0180494332026893,2,2,2
amazon-all-beauty,valid,1077,3,9.669310857245232,1,1,1
amazon-all-beauty,valid,1078,5,1.410648529485664,3,3,3
amazon-all-beauty,valid,1079,3,44.66212775201561,2,3,3
amazon-all-beauty,valid,1080,2,0.0036935227578819285,2,2,2
amazon-all-beauty,valid,1081,25,7.612381990705641,12,23,23
amazon-all-beauty,valid,1082,5,4.3789457716724005,5,5,5
amazon-all-beauty,valid,1084,16,19.864607620949478,3,12,13
amazon-all-beauty,valid,1085,3,0.7655171122255242,1,1,1
amazon-all-beauty,valid,1087,11,5.212723951185422,7,11,11
amazon-all-beauty,valid,1088,4,5.000434535761182,1,2,2
amazon-all-beauty,valid,1090,8,1.9208161107207857,3,7,8
amazon-all-beauty,valid,1091,4,16.98286346019934,2,4,4
amazon-all-beauty,valid,1092,2,3.1353330135126827,1,1,1
amazon-all-beauty,valid,1093,2,13.668457641502691,1,1,1
amazon-all-beauty,valid,1094,13,2.257200474799454,2,2,4
amazon-all-beauty,valid,1096,4,0.5936412080481192,1,1,1
amazon-all-beauty,valid,1097,12,2.9789966475013565,10,10,10
amazon-all-beauty,valid,1098,5,0.5146793621107414,1,1,4
amazon-all-beauty,valid,1099,15,5.512552128217077,5,7,12
amazon-all-beauty,valid,1102,9,8.080891319553578,3,8,8
amazon-all-beauty,valid,1103,3,3.6745900204096342,2,2,3
amazon-all-beauty,valid,1104,3,5.98403298002203,1,1,1
amazon-all-beauty,valid,1105,5,0.14221211225517572,1,1,1
amazon-all-beauty,valid,1106,3,0.6685200034083684,1,1,1
amazon-all-beauty,valid,1107,8,4.237158020012616,1,8,8
amazon-all-beauty,valid,1108,3,0.05504377662202599,2,2,2
amazon-all-beauty,valid,1110,7,2.3675591993330585,3,6,6
amazon-all-beauty,valid,1111,3,46.032480252843506,2,3,3
amazon-all-beauty,valid,1112,2,4.16255520261533,1,1,1
amazon-all-beauty,valid,1113,1,0.5025392032595488,1,1,1
amazon-all-beauty,valid,1114,3,2.1525402176549115,1,1,1
amazon-all-beauty,valid,1115,3,4.080798681847847,1,2,3
amazon-all-beauty,valid,1116,7,5.0426005476486475,7,7,7
amazon-all-beauty,valid,1117,5,1.2137528289926056,4,5,5
amazon-all-beauty,valid,1118,12,3.9731912472349924,2,2,2
amazon-all-beauty,valid,1119,3,2.2296420058310567,3,3,3
amazon-all-beauty,valid,1120,7,3.429380447888325,4,6,7
amazon-all-beauty,valid,1121,3,1.575577729371178,2,2,2
amazon-all-beauty,valid,1122,1,4.610885492242373,1,1,1
amazon-all-beauty,valid,1124,10,2.492484391576586,6,6,6
amazon-all-beauty,valid,1126,4,8.337744715078191,2,3,4
amazon-all-beauty,valid,1128,2,0.0750877295927842,2,2,2
amazon-all-beauty,valid,1129,2,0.08430505646436709,2,2,2
amazon-all-beauty,valid,1131,14,7.403631098427875,9,11,11
amazon-all-beauty,valid,1133,3,2.9395678176360596,2,2,3
amazon-all-beauty,valid,1134,5,25.39114910394556,3,4,5
amazon-all-beauty,valid,1135,2,10.181073380112046,1,2,2
amazon-all-beauty,valid,1136,3,2.8789213325472023,2,3,3
amazon-all-beauty,valid,1138,1,0.7274165472541254,1,1,1
amazon-all-beauty,valid,1139,14,8.929117984792809,7,10,12
amazon-all-beauty,valid,1140,4,30.42783950330209,2,3,4
amazon-all-beauty,valid,1141,3,3.5424165519359496,2,2,2
amazon-all-beauty,valid,1143,16,5.493420694102368,4,4,4
amazon-all-beauty,valid,1144,22,8.663750534898478,9,13,17
amazon-all-beauty,valid,1145,5,0.5717882604180745,3,3,3
amazon-all-beauty,valid,1146,1,3.4308519141952614,1,1,1
amazon-all-beauty,valid,1147,3,44.51455089283959,2,3,3
amazon-all-beauty,valid,1148,5,1.5113720586826158,3,3,3
amazon-all-beauty,valid,1150,2,0.024749873512701318,2,2,2
amazon-all-beauty,valid,1151,3,14.758231256548703,1,1,1
amazon-all-beauty,valid,1152,5,2.442357779429248,2,2,2
amazon-all-beauty,valid,1153,2,4.2914603204428134,2,2,2
amazon-all-beauty,valid,1155,5,8.208750330458797,2,5,5
amazon-all-beauty,valid,1156,4,25.110123322385146,3,4,4
amazon-all-beauty,valid,1159,2,0.11592272991583016,2,2,2
amazon-all-beauty,valid,1160,1,0.8171676895413341,1,1,1
amazon-all-beauty,valid,1161,2,0.7199324319051998,2,2,2
amazon-all-beauty,valid,1162,2,6.7638568123203155,1,2,2
amazon-all-beauty,valid,1163,2,6.224181499987983,2,2,2
amazon-all-beauty,valid,1164,8,1.4374732004548236,4,6,6
amazon-all-beauty,valid,1165,23,9.69493017682628,16,17,18
amazon-all-beauty,valid,1167,2,0.4260903735752817,2,2,2
amazon-all-beauty,valid,1168,1,2.573600688415511,1,1,1
amazon-all-beauty,valid,1169,3,7.4477033620807775,1,1,1
amazon-all-beauty,valid,1170,4,12.513608535153793,2,2,2
amazon-all-beauty,valid,1171,11,9.92294340703878,3,4,4
amazon-all-beauty,valid,1172,3,3.241721613082142,1,1,1
amazon-all-beauty,valid,1173,2,0.5312626350745455,1,1,1
amazon-all-beauty,valid,1174,3,1.7546440424248233,2,2,2
amazon-all-beauty,valid,1175,5,6.888897864120336,1,4,5
amazon-all-beauty,valid,1176,1,6.59840924079842,1,1,1
amazon-all-beauty,valid,1177,23,6.473759589547545,15,18,20
amazon-all-beauty,valid,1178,4,3.6214911986376515,1,1,1
amazon-all-beauty,valid,1179,2,0.03417632188980918,1,1,1
amazon-all-beauty,valid,1180,3,8.355360236762998,1,2,2
amazon-all-beauty,valid,1182,1,1.493213195629423,1,1,1
amazon-all-beauty,valid,1183,4,1.1535585457503232,4,4,4
amazon-all-beauty,valid,1185,4,0.24230240904853148,3,3,3
amazon-all-beauty,valid,1186,2,4.630358637139542,2,2,2
amazon-all-beauty,valid,1187,1,0.5451182145143434,1,1,1
amazon-all-beauty,valid,1188,2,0.44790505509103185,1,1,1
amazon-all-beauty,valid,1190,5,1.2038919072786456,2,4,4
amazon-all-beauty,valid,1191,1,0.5398932980927182,1,1,1
amazon-all-beauty,valid,1192,46,44.20339644537138,29,37,41
amazon-all-beauty,valid,1193,2,0.9160816622600292,2,2,2
amazon-all-beauty,valid,1194,5,3.269835845860596,5,5,5
amazon-all-beauty,valid,1195,2,3.409429382320618,2,2,2
amazon-all-beauty,valid,1196,3,0.47984333990141326,1,1,1
amazon-all-beauty,valid,1197,4,2.1804546301530117,3,3,3
amazon-all-beauty,valid,1199,4,59.85584087289189,2,4,4
amazon-all-beauty,valid,1200,3,0.25526332299066223,2,2,2
amazon-all-beauty,valid,1201,15,3.915359350337513,9,9,14
amazon-all-beauty,valid,1202,1,0.4868212563583082,1,1,1
amazon-all-beauty,valid,1203,2,0.6443788919618999,1,1,1
amazon-all-beauty,valid,1204,4,0.371216016584896,4,4,4
amazon-all-beauty,valid,1205,3,3.6374667083245025,1,2,2
amazon-all-beauty,valid,1206,1,14.085794875524325,1,1,1
amazon-all-beauty,valid,1207,2,2.2809252159647726,2,2,2
amazon-all-beauty,valid,1208,66,40.16965559560769,34,48,57
amazon-all-beauty,valid,1209,4,1.4460773955570732,4,4,4
amazon-all-beauty,valid,1211,1,0.23689221721544418,1,1,1
amazon-all-beauty,valid,1212,5,4.231889032014006,4,5,5
amazon-all-beauty,valid,1213,12,9.716497533146539,8,9,9
amazon-all-beauty,valid,1214,4,1.6469749325739205,2,2,2
amazon-all-beauty,valid,1215,8,10.653930813242322,2,8,8
amazon-all-beauty,valid,1216,3,6.821091807774264,1,2,3
amazon-all-beauty,valid,1217,3,4.3156420077037865,2,2,3
amazon-all-beauty,valid,1218,14,24.55097074514986,2,8,13
amazon-all-beauty,valid,1219,3,0.7117818119847846,2,2,2
amazon-all-beauty,valid,1220,4,1.0764433987675563,4,4,4
amazon-all-beauty,valid,1221,8,0.1985012542608507,7,7,8
amazon-all-beauty,valid,1222,8,5.164336480872093,3,5,5
amazon-all-beauty,valid,1223,3,6.915621345250554,3,3,3
amazon-all-beauty,valid,1224,3,8.385599705856556,2,2,3
amazon-all-beauty,valid,1225,49,14.151799615403702,26,40,44
amazon-all-beauty,valid,1226,1,2.448748907184073,1,1,1
amazon-all-beauty,valid,1228,1,0.4301521998802077,1,1,1
amazon-all-beauty,valid,1229,3,0.05255716586050846,2,2,2
amazon-all-beauty,valid,1231,5,0.5651011164903543,3,3,3
amazon-all-beauty,valid,1233,14,3.5827974776825213,4,7,14
amazon-all-beauty,valid,1234,1,0.5807948427515521,1,1,1
amazon-all-beauty,valid,1235,10,3.76899277407168,10,10,10
amazon-all-beauty,valid,1236,1,0.30153548245735873,1,1,1
amazon-all-beauty,valid,1238,4,11.509795220106627,3,4,4
amazon-all-beauty,valid,1239,3,47.08190153248609,2,3,3
amazon-all-beauty,valid,1240,3,9.6727193505123,2,3,3
amazon-all-beauty,valid,1241,3,3.468752596461976,3,3,3
amazon-all-beauty,valid,1243,3,2.371632948685016,2,3,3
amazon-all-beauty,valid,1244,3,3.2169560710626084,2,3,3
amazon-all-beauty,valid,1245,16,3.49903707349747,12,12,12
amazon-all-beauty,valid,1246,5,6.855981889453378,4,4,4
amazon-all-beauty,valid,1247,1,2.5471656076899283,1,1,1
amazon-all-beauty,valid,1248,5,0.7486089206240311,5,5,5
amazon-all-beauty,valid,1249,9,18.226967997230858,3,5,5
amazon-all-beauty,valid,1250,3,0.7431264414167951,3,3,3
amazon-all-beauty,valid,1251,26,8.75368969926767,19,21,25
amazon-all-beauty,valid,1253,2,1.6085631198931045,2,2,2
amazon-all-beauty,valid,1255,2,0.8513431374905231,2,2,2
amazon-all-beauty,valid,1257,7,4.446696644910747,6,6,7
amazon-all-beauty,valid,1258,14,3.5099694464116777,4,4,13
amazon-all-beauty,valid,1259,10,4.084088069493261,8,10,10
amazon-all-beauty,valid,1260,8,4.415028782297958,5,7,7
amazon-all-beauty,valid,1261,4,3.535293811033438,2,2,4
amazon-all-beauty,valid,1262,3,44.91500696499462,2,3,3
amazon-all-beauty,valid,1263,4,1.9860193222028673,4,4,4
amazon-all-beauty,valid,1265,9,1.6537433529793106,2,2,9
amazon-all-beauty,valid,1267,3,15.065859478463452,1,2,3
amazon-all-beauty,valid,1268,7,1.4472666414680457,3,5,5
amazon-all-beauty,valid,1269,1,2.4206043986055654,1,1,1
amazon-all-beauty,valid,1270,1,0.31445263694415426,1,1,1
amazon-all-beauty,valid,1272,4,2.6623533535442507,2,2,2
amazon-all-beauty,valid,1273,2,0.4631900268393407,2,2,2
amazon-all-beauty,valid,1274,2,1.53238870756355,2,2,2
amazon-all-beauty,valid,1275,3,3.727246378530525,2,3,3
amazon-all-beauty,valid,1276,2,10.7129076972008,1,2,2
amazon-all-beauty,valid,1277,13,5.72812500097538,7,9,13
amazon-all-beauty,valid,1278,8,7.12018674862565,7,8,8
amazon-all-beauty,valid,1279,3,1.7838073160690524,2,2,2
amazon-all-beauty,valid,1280,5,1.0668484046994284,2,5,5
amazon-all-beauty,valid,1281,1,2.1962821941777455,1,1,1
amazon-all-beauty,valid,1282,2,8.261725115087055,2,2,2
amazon-all-beauty,valid,1283,6,0.042039040800229965,5,5,5
amazon-all-beauty,valid,1284,5,5.35520373896767,5,5,5
amazon-all-beauty,valid,1286,8,7.736201585640407,7,8,8
amazon-all-beauty,valid,1288,2,0.05804975780920568,1,1,1
amazon-all-beauty,valid,1292,3,1.0070772335659368,1,1,2
amazon-all-beauty,valid,1293,3,1.638830180540526,2,2,2
amazon-all-beauty,valid,1294,21,6.8342203934667936,11,15,20
amazon-all-beauty,valid,1295,3,43.24521618950029,2,3,3
amazon-all-beauty,valid,1296,3,5.26661687285943,3,3,3
amazon-all-beauty,valid,1298,28,32.35235500466778,12,21,21
amazon-all-beauty,valid,1299,5,0.6332543769599288,1,1,1
amazon-all-beauty,valid,1301,3,1.1368847575080083,1,1,1
amazon-all-beauty,valid,1302,6,92.29304477478706,3,5,6
amazon-all-beauty,valid,1303,9,25.6739217679569,2,9,9
amazon-all-beauty,valid,1305,18,10.704629357101188,11,16,17
amazon-all-beauty,valid,1308,4,15.892815802344595,1,1,1
amazon-all-beauty,valid,1310,3,2.2740972427485557,1,1,2
amazon-all-beauty,valid,1311,2,5.620364064935037,1,2,2
amazon-all-beauty,valid,1313,6,3.4095061642465274,5,5,5
amazon-all-beauty,valid,1314,3,2.049797261382218,2,2,2
amazon-all-beauty,valid,1315,4,3.2642672210779495,3,4,4
amazon-all-beauty,valid,1318,2,13.556515461414117,1,2,2
amazon-all-beauty,valid,1320,5,2.8350719861767564,3,5,5
amazon-all-beauty,valid,1322,4,0.5259021330081443,2,2,2
amazon-all-beauty,valid,1323,2,9.451386023005238,1,2,2
amazon-all-beauty,valid,1324,3,15.247271697838777,2,2,3
amazon-all-beauty,valid,1325,3,4.127063600092264,1,3,3
amazon-all-beauty,valid,1327,64,29.176869538456355,19,20,24
amazon-all-beauty,valid,1328,2,0.1979757662508478,2,2,2
amazon-all-beauty,valid,1330,6,3.7240863340968873,5,5,6
amazon-all-beauty,valid,1331,12,8.131911723257963,9,11,11
amazon-all-beauty,valid,1333,3,6.370885542181837,1,1,1
amazon-all-beauty,valid,1334,2,4.500441995468618,2,2,2
amazon-all-beauty,valid,1336,17,6.542091758146922,12,14,14
amazon-all-beauty,valid,1337,1,5.3982400708641,1,1,1
amazon-all-beauty,valid,1338,9,6.0265762845600594,8,9,9
amazon-all-beauty,valid,1339,4,8.074274028451137,3,4,4
amazon-all-beauty,valid,1340,5,3.9509806706183346,2,5,5
amazon-all-beauty,valid,1341,2,0.01644394185922754,2,2,2
amazon-all-beauty,valid,1342,3,1.5824320456546581,2,2,2
amazon-all-beauty,valid,1343,10,2.0519801153539197,4,4,4
amazon-all-beauty,valid,1344,4,1.805472678587425,3,4,4
amazon-all-beauty,valid,1345,1,15.69227439613044,1,1,1
amazon-all-beauty,valid,1346,1,14.063569816463106,1,1,1
amazon-all-beauty,valid,1347,2,1.0461377598841906,1,2,2
amazon-all-beauty,valid,1348,4,5.378877666728362,3,3,3
amazon-all-beauty,valid,1349,2,0.3313424757926251,2,2,2
amazon-all-beauty,valid,1351,1,4.309645526563269,1,1,1
amazon-all-beauty,valid,1352,5,0.4946204273007814,5,5,5
amazon-all-beauty,valid,1353,3,7.95545125143615,2,3,3
amazon-all-beauty,valid,1354,14,10.847514778179825,8,9,9
amazon-all-beauty,valid,1355,1,7.504925373274085,1,1,1
amazon-all-beauty,valid,1358,3,0.7086659639767918,3,3,3
amazon-all-beauty,valid,1359,35,31.655888003261047,7,22,28
amazon-all-beauty,valid,1360,5,16.133329754338412,1,1,1
amazon-all-beauty,valid,1361,3,1.8221424716726193,3,3,3
amazon-all-beauty,valid,1362,1,0.3710462224072757,1,1,1
amazon-all-beauty,valid,1363,34,14.58922487397308,18,27,29
amazon-all-beauty,valid,1364,3,5.945942902338072,1,1,1
amazon-all-beauty,valid,1365,1,4.255191909557134,1,1,1
amazon-all-beauty,valid,1366,3,45.708019435190906,2,3,3
amazon-all-beauty,valid,1367,7,3.608314046816375,5,5,5
amazon-all-beauty,valid,1368,2,0.5613883670388301,2,2,2
amazon-all-beauty,valid,1369,2,0.05700976847128121,2,2,2
amazon-all-beauty,valid,1370,4,61.86360208984172,2,4,4
amazon-all-beauty,valid,1372,5,0.10514704206994085,1,1,1
amazon-all-beauty,valid,1373,3,45.984161698990505,2,3,3
amazon-all-beauty,valid,1375,3,0.2690958054283573,1,1,1
amazon-all-beauty,valid,1376,1,0.6485201220145954,1,1,1
amazon-all-beauty,valid,1377,2,1.4803863691481483,1,2,2
amazon-all-beauty,valid,1380,2,0.2927311549531053,2,2,2
amazon-all-beauty,valid,1381,2,3.158828282840894,2,2,2
amazon-all-beauty,valid,1383,3,0.0418404065821462,2,2,2
amazon-all-beauty,valid,1385,6,1.5977659580776926,4,4,4
amazon-all-beauty,valid,1386,5,11.932996720537822,3,4,5
amazon-all-beauty,valid,1388,4,6.722161355032446,1,2,2
amazon-all-beauty,valid,1389,3,2.6242102151797866,1,1,1
amazon-all-beauty,valid,1391,8,0.6411109158616789,8,8,8
amazon-all-beauty,valid,1393,2,1.5648758270833574,2,2,2
amazon-all-beauty,valid,1394,2,0.721529870510091,2,2,2
amazon-all-beauty,valid,1395,4,1.0310431823424044,2,2,2
amazon-all-beauty,valid,1396,4,2.5607430243152125,3,3,3
amazon-all-beauty,valid,1398,3,2.8288988441823175,1,2,2
amazon-all-beauty,valid,1399,6,91.94344954974892,4,5,6
amazon-all-beauty,valid,1400,3,1.9397353645377993,1,2,2
amazon-all-beauty,valid,1401,2,1.2600788606560984,1,2,2
amazon-all-beauty,valid,1402,2,0.686996481452639,1,1,1
amazon-all-beauty,valid,1403,4,0.6865370383837841,4,4,4
amazon-all-beauty,valid,1406,2,0.7488230360759567,2,2,2
amazon-all-beauty,valid,1408,5,0.7721603718492489,3,3,3
amazon-all-beauty,valid,1409,6,30.450049705372766,2,2,2
amazon-all-beauty,valid,1410,8,122.91267691445276,5,7,8
amazon-all-beauty,valid,1412,4,0.8304148814608792,3,4,4
amazon-all-beauty,valid,1413,4,0.1870300345300182,3,3,3
amazon-all-beauty,valid,1414,4,3.4656277593504625,4,4,4
amazon-all-beauty,valid,1415,3,3.5258637420451895,1,1,1
amazon-all-beauty,valid,1416,4,0.8496197265876769,1,4,4
amazon-all-beauty,valid,1417,4,5.183933787761648,3,3,4
amazon-all-beauty,valid,1419,6,3.065262701868579,3,3,4
amazon-all-beauty,valid,1420,4,1.8055600726494352,3,3,3
amazon-all-beauty,valid,1423,1,0.07279388516232979,1,1,1
amazon-all-beauty,valid,1424,3,0.5973643823627546,2,2,2
amazon-all-beauty,valid,1428,7,1.786344740235196,1,4,4
amazon-all-beauty,valid,1429,10,6.308220004563218,5,5,5
amazon-all-beauty,valid,1430,3,1.0856664686775,2,2,2
amazon-all-beauty,valid,1432,10,3.0530426398749766,8,10,10
amazon-all-beauty,valid,1433,2,0.6049952573115277,2,2,2
amazon-all-beauty,valid,1434,2,0.07378331079294817,2,2,2
amazon-all-beauty,valid,1435,4,61.74243222044278,2,4,4
amazon-all-beauty,valid,1436,4,15.8251553195361,1,1,1
amazon-all-beauty,valid,1438,3,0.8178398747268545,1,1,1
amazon-all-beauty,valid,1439,2,0.406243182092707,1,2,2
amazon-all-beauty,valid,1440,4,0.5891368556677703,4,4,4
amazon-all-beauty,valid,1441,4,1.1110626837030986,2,3,3
amazon-all-beauty,valid,1442,2,11.499703702917618,1,2,2
amazon-all-beauty,valid,1444,1,0.011302049796512292,1,1,1
amazon-all-beauty,valid,1445,2,1.8860461334526055,1,1,1
amazon-all-beauty,valid,1446,1,1.6090365460118812,1,1,1
amazon-all-beauty,valid,1447,2,1.117693520885152,2,2,2
amazon-all-beauty,valid,1448,8,1.2240712586211902,8,8,8
amazon-all-beauty,valid,1450,2,1.2517945278208071,2,2,2
amazon-all-beauty,valid,1451,1,1.9915191553738454,1,1,1
amazon-all-beauty,valid,1452,2,1.4052614346546795,1,1,2
amazon-all-beauty,valid,1453,13,25.122715558234255,4,11,11
amazon-all-beauty,valid,1454,5,1.3343525145612554,2,2,2
amazon-all-beauty,valid,1458,1,0.12803061538840882,1,1,1
amazon-all-beauty,valid,1459,5,13.946205833616066,1,2,2
amazon-all-beauty,valid,1460,2,2.4028223288082975,2,2,2
amazon-all-beauty,valid,1461,9,5.314394332619927,2,4,9
amazon-all-beauty,valid,1462,4,1.4459899390707327,2,2,2
amazon-all-beauty,valid,1464,4,62.49415149573376,2,4,4
amazon-all-beauty,valid,1465,3,0.16033064919118356,1,1,1
amazon-all-beauty,valid,1466,33,18.876699650642237,18,28,32
amazon-all-beauty,valid,1467,33,18.771801182254386,18,28,32
amazon-all-beauty,valid,1468,35,17.333264833035205,15,30,32
amazon-all-beauty,valid,1469,2,0.002512204736820585,2,2,2
amazon-all-beauty,valid,1470,4,5.970351876584603,2,2,4
amazon-all-beauty,valid,1471,3,2.4400377167801905,2,2,2
amazon-all-beauty,valid,1472,7,0.03265179490236678,3,3,3
amazon-all-beauty,valid,1473,6,1.0264084255366699,1,1,1
amazon-all-beauty,valid,1475,4,60.47225915835149,2,4,4
amazon-all-beauty,valid,1476,6,29.66333135552248,1,2,2
amazon-all-beauty,valid,1477,7,1.6674566673710212,6,7,7
amazon-all-beauty,valid,1478,2,0.5587249081504014,1,1,1
amazon-all-beauty,valid,1480,6,9.019122757132838,1,4,4
amazon-all-beauty,valid,1481,3,1.6289816188439075,1,1,1
amazon-all-beauty,valid,1482,2,14.04554653905469,2,2,2
amazon-all-beauty,valid,1483,6,4.143685451292011,5,6,6
amazon-all-beauty,valid,1486,5,2.0066972566691814,2,4,4
amazon-all-beauty,valid,1487,2,3.5092437635753413,2,2,2
amazon-all-beauty,valid,1488,11,9.582849914119727,1,1,1
amazon-all-beauty,valid,1489,3,1.8029816981228068,2,3,3
amazon-all-beauty,valid,1490,8,2.5489403313920405,4,5,5
amazon-all-beauty,valid,1491,3,46.460394165946965,2,3,3
amazon-all-beauty,valid,1492,6,3.3241304056738716,2,6,6
amazon-all-beauty,valid,1493,3,1.356341359957726,1,1,1
amazon-all-beauty,valid,1494,3,0.6761863353765856,1,3,3
amazon-all-beauty,valid,1495,3,43.94308911166745,2,3,3
amazon-all-beauty,valid,1497,3,1.450295594808668,1,1,1
amazon-all-beauty,valid,1498,3,6.92353063271116,1,3,3
amazon-all-beauty,valid,1499,4,2.120207785624863,4,4,4
amazon-all-beauty,valid,1503,10,4.322565552569245,8,10,10
amazon-all-beauty,valid,1504,4,62.927412801794326,2,4,4
amazon-all-beauty,valid,1506,11,7.27756116882067,4,8,8
amazon-all-beauty,valid,1507,2,1.352510253976508,1,1,1
amazon-all-beauty,valid,1508,5,1.8705256971315083,1,1,1
amazon-all-beauty,valid,1509,10,12.750792773385012,5,7,8
amazon-all-beauty,valid,1510,15,72.51839398429216,7,12,13
amazon-all-beauty,valid,1511,4,62.658488413576165,3,4,4
amazon-all-beauty,valid,1512,4,0.20507615924321734,2,2,2
amazon-all-beauty,valid,1513,10,13.020056125715108,5,8,8
amazon-all-beauty,valid,1514,26,28.508381371456288,13,17,25
amazon-all-beauty,valid,1515,5,1.021613987294776,3,4,4
amazon-all-beauty,valid,1516,3,44.52993149866147,2,3,3
amazon-all-beauty,valid,1517,2,13.673590919007864,1,2,2
amazon-all-beauty,valid,1518,11,1.994959609897877,7,9,9
amazon-all-beauty,valid,1519,3,2.551014317332209,3,3,3
amazon-all-beauty,valid,1520,5,0.437768467535759,4,4,4
amazon-all-beauty,valid,1522,4,13.663347460999619,4,4,4
amazon-all-beauty,valid,1523,2,1.7882463101758836,2,2,2
amazon-all-beauty,valid,1524,5,1.7214370455313701,2,3,3
amazon-all-beauty,valid,1526,3,0.8955469292067523,3,3,3
amazon-all-beauty,valid,1527,4,16.977561761851806,1,1,1
amazon-all-beauty,valid,1528,8,0.6939190899531474,7,7,7
amazon-all-beauty,valid,1529,4,2.4975134204506473,3,4,4
amazon-all-beauty,valid,1530,4,0.7247810544655401,4,4,4
amazon-all-beauty,valid,1531,1,0.6228031707814183,1,1,1
amazon-all-beauty,valid,1533,4,0.2857857615721443,1,3,3
amazon-all-beauty,valid,1534,3,1.2594240918586501,2,3,3
amazon-all-beauty,valid,1535,4,20.8666205558949,2,3,4
amazon-all-beauty,valid,1536,6,90.76755070962417,4,5,6
amazon-all-beauty,valid,1537,3,46.379232049649815,2,3,3
amazon-all-beauty,valid,1539,4,10.67612940438762,3,4,4
amazon-all-beauty,valid,1540,37,26.023996287000855,22,31,33
amazon-all-beauty,valid,1541,6,31.40024127003548,2,2,2
amazon-all-beauty,valid,1542,6,2.3156090476575426,2,2,2
amazon-all-beauty,valid,1544,3,0.16639005405634855,2,2,2
amazon-all-beauty,valid,1546,9,5.746399536312077,8,8,8
amazon-all-beauty,valid,1547,1,0.1221629780650268,1,1,1
amazon-all-beauty,valid,1548,4,62.263786366463904,2,4,4
amazon-all-beauty,valid,1549,3,3.9315720724783922,2,2,2
amazon-all-beauty,valid,1551,3,1.4078037279185636,1,1,1
amazon-all-beauty,valid,1553,1,1.1511755593766182,1,1,1
amazon-all-beauty,valid,1554,7,7.516102574410581,4,4,7
amazon-all-beauty,valid,1555,2,0.36123499046000174,2,2,2
amazon-all-beauty,valid,1556,5,78.45844309351259,3,5,5
amazon-all-beauty,valid,1557,10,2.7144268556958613,6,9,9
amazon-all-beauty,valid,1559,3,13.729303509901591,3,3,3
amazon-all-beauty,valid,1560,4,1.5096610077971109,3,4,4
amazon-all-beauty,valid,1562,4,2.7584919405508135,2,2,3
amazon-all-beauty,valid,1564,25,11.074584839190244,11,16,20
amazon-all-beauty,valid,1565,3,4.880094160859383,2,2,2
amazon-all-beauty,valid,1566,3,0.659364976018133,1,1,1
amazon-all-beauty,valid,1567,3,0.39770365859634527,1,1,1
amazon-all-beauty,valid,1568,2,12.961147783670981,1,2,2
amazon-all-beauty,valid,1570,1,9.285049279326715,1,1,1
amazon-all-beauty,valid,1571,3,0.019975535905070074,3,3,3
amazon-all-beauty,valid,1572,5,2.0193197058940116,5,5,5
amazon-all-beauty,valid,1573,3,0.6575038570432904,1,3,3
amazon-all-beauty,valid,1574,5,0.665834134185467,5,5,5
amazon-all-beauty,valid,1576,3,46.26464232887696,2,3,3
amazon-all-beauty,valid,1577,1,6.863747226408988,1,1,1
amazon-all-beauty,valid,1578,5,4.306490351227371,4,5,5
amazon-all-beauty,valid,1579,2,3.439847010452018,2,2,2
amazon-all-beauty,valid,1580,52,17.27320638513502,23,45,45
amazon-all-beauty,valid,1581,5,0.34793985665501104,5,5,5
amazon-all-beauty,valid,1583,7,2.9440676130403176,4,7,7
amazon-all-beauty,valid,1586,1,0.397007877014082,1,1,1
amazon-all-beauty,valid,1587,27,13.688777385163423,11,21,24
amazon-all-beauty,valid,1588,2,0.5820257256906394,2,2,2
amazon-all-beauty,valid,1589,6,5.756724395646652,4,4,4
amazon-all-beauty,valid,1593,3,0.8305106403831106,3,3,3
amazon-all-beauty,valid,1594,2,0.407254456238828,1,1,1
amazon-all-beauty,valid,1595,1,0.35818306496593666,1,1,1
amazon-all-beauty,valid,1596,5,0.39034264402619445,2,2,2
amazon-all-beauty,valid,1597,3,0.023663939867891393,2,2,2
amazon-all-beauty,valid,1599,1,1.5438523115261218,1,1,1
amazon-all-beauty,valid,1600,2,2.801221144743606,2,2,2
amazon-all-beauty,valid,1601,3,3.541222998746208,1,3,3
amazon-all-beauty,valid,1602,1,0.986635637613031,1,1,1
amazon-all-beauty,test,0,15,4.074767804901496,5,8,13
amazon-all-beauty,test,1,2,0.8456541585996225,1,2,2
amazon-all-beauty,test,3,4,1.551266698898429,4,4,4
amazon-all-beauty,test,4,8,3.4021739272925102,3,7,7
amazon-all-beauty,test,5,9,1.498821522285954,5,9,9
amazon-all-beauty,test,6,3,1.3428638222604536,1,3,3
amazon-all-beauty,test,7,5,53.90740037311022,2,4,5
amazon-all-beauty,test,8,16,5.265120811366472,11,12,15
amazon-all-beauty,test,9,6,2.0103255460022056,6,6,6
amazon-all-beauty,test,10,6,0.7278906600405322,4,4,4
amazon-all-beauty,test,11,6,0.6931826077077193,5,5,5
amazon-all-beauty,test,13,12,3.9362331723513906,7,10,10
amazon-all-beauty,test,14,15,3.775778298743492,12,15,15
amazon-all-beauty,test,15,26,27.010926817148835,10,19,21
amazon-all-beauty,test,16,9,2.0788755130889776,4,7,9
amazon-all-beauty,test,17,11,3.1757427792997177,8,10,11
amazon-all-beauty,test,18,7,3.1629758801752494,4,6,6
amazon-all-beauty,test,19,3,0.003065596422336725,1,1,1
amazon-all-beauty,test,20,3,2.8673253890050154,3,3,3
amazon-all-beauty,test,23,5,30.93740081944418,2,2,2
amazon-all-beauty,test,24,5,11.008369666894412,4,4,4
amazon-all-beauty,test,25,4,1.9649397495972853,3,3,3
amazon-all-beauty,test,26,3,2.7141362080153466,1,1,1
amazon-all-beauty,test,27,4,1.835678563391439,1,2,2
amazon-all-beauty,test,28,7,8.307075142350882,5,6,7
amazon-all-beauty,test,29,4,3.06092570911698,3,3,4
amazon-all-beauty,test,30,2,0.3106203449006657,2,2,2
amazon-all-beauty,test,31,5,9.33196091363001,2,3,3
amazon-all-beauty,test,32,2,4.983431147056428,1,1,1
amazon-all-beauty,test,33,38,26.169790931555156,18,27,34
amazon-all-beauty,test,34,20,2.0255274309672746,3,19,19
amazon-all-beauty,test,35,3,9.50019666785169,2,2,2
amazon-all-beauty,test,36,24,17.826791461225596,21,22,22
amazon-all-beauty,test,37,4,58.157391961431756,2,4,4
amazon-all-beauty,test,38,4,4.6261655948929405,4,4,4
amazon-all-beauty,test,39,2,6.413735849574843,2,2,2
amazon-all-beauty,test,40,4,1.903610841732787,1,4,4
amazon-all-beauty,test,42,8,3.328334060056575,3,7,7
amazon-all-beauty,test,43,2,1.4638949847981149,2,2,2
amazon-all-beauty,test,44,7,2.261253436849519,5,5,5
amazon-all-beauty,test,45,3,0.20893660465953925,3,3,3
amazon-all-beauty,test,46,7,5.4403616366286,2,3,5
amazon-all-beauty,test,47,5,0.43320899447201344,2,2,2
amazon-all-beauty,test,48,4,61.97616988656562,3,4,4
amazon-all-beauty,test,49,7,2.4931000203191194,1,7,7
amazon-all-beauty,test,51,7,3.7811977918017505,5,6,7
amazon-all-beauty,test,52,3,0.7624515158031874,2,2,2
amazon-all-beauty,test,53,4,14.076012109071534,3,4,4
amazon-all-beauty,test,54,3,0.1210296643537412,1,3,3
amazon-all-beauty,test,55,4,62.349001444811115,3,4,4
amazon-all-beauty,test,56,5,4.808400566937765,2,4,4
amazon-all-beauty,test,57,3,0.8688706408700203,2,3,3
amazon-all-beauty,test,58,4,0.12492381890826712,2,2,2
amazon-all-beauty,test,59,3,15.468272553364217,1,1,1
amazon-all-beauty,test,60,4,3.5142358372460385,3,3,3
amazon-all-beauty,test,62,4,0.5196606987966774,2,2,2
amazon-all-beauty,test,63,5,3.6626722794462587,1,2,2
amazon-all-beauty,test,64,7,4.1043090578639205,2,4,4
amazon-all-beauty,test,66,4,1.7220596657988645,3,3,3
amazon-all-beauty,test,67,4,58.000844850882324,2,4,4
amazon-all-beauty,test,68,7,1.7366189547108364,2,3,3
amazon-all-beauty,test,69,3,3.8394471201939897,1,1,1
amazon-all-beauty,test,70,5,30.61830150264726,2,2,2
amazon-all-beauty,test,72,3,0.10076073409763603,3,3,3
amazon-all-beauty,test,74,3,1.1989004578512485,2,3,3
amazon-all-beauty,test,75,4,1.9721210445213444,3,4,4
amazon-all-beauty,test,76,10,1.3791295488999429,7,7,8
amazon-all-beauty,test,77,4,58.97201086557888,3,4,4
amazon-all-beauty,test,78,5,0.608198499381531,2,5,5
amazon-all-beauty,test,79,3,7.714865886008804,1,1,1
amazon-all-beauty,test,80,3,2.0626450000140455,3,3,3
amazon-all-beauty,test,81,41,16.411168336881637,21,37,39
amazon-all-beauty,test,82,2,0.6419842946628134,2,2,2
amazon-all-beauty,test,83,4,1.081169794489742,3,3,3
amazon-all-beauty,test,85,6,15.37049732527352,5,6,6
amazon-all-beauty,test,86,6,1.9901973826102672,2,5,5
amazon-all-beauty,test,87,4,1.264112596012521,3,4,4
amazon-all-beauty,test,89,2,1.4176859987533863,1,1,1
amazon-all-beauty,test,91,3,0.47195852277816985,2,2,2
amazon-all-beauty,test,93,20,5.866562688540983,10,11,11
amazon-all-beauty,test,94,5,1.9200911145520791,2,2,4
amazon-all-beauty,test,95,3,3.2652022126928015,2,2,2
amazon-all-beauty,test,97,9,7.2239688202956485,3,7,7
amazon-all-beauty,test,98,11,0.9850739057249042,10,10,10
amazon-all-beauty,test,99,27,46.8225695165142,13,18,19
amazon-all-beauty,test,100,3,2.326803852455102,2,2,2
amazon-all-beauty,test,101,5,73.14959397655154,3,4,5
amazon-all-beauty,test,102,3,14.936415888365323,1,1,1
amazon-all-beauty,test,103,6,3.6067461973439072,5,5,5
amazon-all-beauty,test,104,3,0.2994583753006902,3,3,3
amazon-all-beauty,test,105,4,60.154966901059616,2,4,4
amazon-all-beauty,test,106,4,2.7188759625441534,3,4,4
amazon-all-beauty,test,107,5,1.005107246559561,1,3,3
amazon-all-beauty,test,109,13,8.967942921689612,6,10,13
amazon-all-beauty,test,110,15,10.961001461041443,11,12,14
amazon-all-beauty,test,111,5,0.39602956291420494,1,1,4
amazon-all-beauty,test,112,4,61.48629945138377,2,4,4
amazon-all-beauty,test,113,5,76.17712529093639,3,5,5
amazon-all-beauty,test,114,3,1.6524415560013346,2,2,2
amazon-all-beauty,test,116,4,0.10658454954135285,2,2,2
amazon-all-beauty,test,117,4,2.39824175632101,4,4,4
amazon-all-beauty,test,118,4,1.8468748663729184,2,2,2
amazon-all-beauty,test,120,7,4.691487537450697,7,7,7
amazon-all-beauty,test,121,6,3.651687969489484,2,6,6
amazon-all-beauty,test,122,4,3.127739093767274,2,3,4
amazon-all-beauty,test,123,4,2.4666077589072497,4,4,4
amazon-all-beauty,test,124,13,4.947353629771911,8,12,13
amazon-all-beauty,test,126,4,15.136765027643055,2,3,4
amazon-all-beauty,test,127,4,59.58866536470322,3,4,4
amazon-all-beauty,test,128,6,1.7872904688348092,1,1,1
amazon-all-beauty,test,129,4,2.1708089475289176,4,4,4
amazon-all-beauty,test,130,7,6.179253710892328,4,5,6
amazon-all-beauty,test,131,4,59.364349153011084,3,4,4
amazon-all-beauty,test,132,2,0.2247546801861119,2,2,2
amazon-all-beauty,test,133,7,1.4500826029946823,4,7,7
amazon-all-beauty,test,136,4,2.32703532187077,2,4,4
amazon-all-beauty,test,137,5,0.16477226511987503,3,3,3
amazon-all-beauty,test,138,4,1.5459296683801105,2,2,2
amazon-all-beauty,test,139,3,0.764329489347132,3,3,3
amazon-all-beauty,test,140,15,4.996205287403176,2,3,3
amazon-all-beauty,test,141,3,0.6434900319269236,1,1,1
amazon-all-beauty,test,143,2,1.6147066727551198,2,2,2
amazon-all-beauty,test,144,4,0.12207152642156587,4,4,4
amazon-all-beauty,test,146,9,4.037933142918319,4,7,8
amazon-all-beauty,test,147,6,4.020585421609243,3,3,5
amazon-all-beauty,test,148,7,2.5336159074671674,5,5,5
amazon-all-beauty,test,149,5,35.30976993825297,2,2,4
amazon-all-beauty,test,150,6,92.2138291739482,4,5,6
amazon-all-beauty,test,151,6,0.70380260927457,5,5,5
amazon-all-beauty,test,152,4,0.5524399641809195,1,1,1
amazon-all-beauty,test,153,3,0.46889810757522365,2,3,3
amazon-all-beauty,test,154,2,2.169295781769536,1,1,1
amazon-all-beauty,test,155,2,7.334764889685285,2,2,2
amazon-all-beauty,test,156,10,3.60886175788786,8,10,10
amazon-all-beauty,test,157,4,8.534866329221547,2,2,2
amazon-all-beauty,test,158,5,4.8887621536269,2,4,4
amazon-all-beauty,test,159,7,5.773981227131237,2,3,3
amazon-all-beauty,test,161,5,3.062420022728698,3,3,3
amazon-all-beauty,test,162,11,15.764565640587552,6,10,10
amazon-all-beauty,test,163,12,14.654682651872932,7,11,11
amazon-all-beauty,test,164,3,2.9290646744149824,3,3,3
amazon-all-beauty,test,165,5,1.7866462497491324,2,2,2
amazon-all-beauty,test,166,4,2.3889847275755423,3,3,3
amazon-all-beauty,test,167,8,0.3572474491077846,8,8,8
amazon-all-beauty,test,168,2,28.785668872014202,2,2,2
amazon-all-beauty,test,170,27,11.120270272379202,14,25,27
amazon-all-beauty,test,171,4,1.6690162144075977,4,4,4
amazon-all-beauty,test,172,17,11.445647728893633,12,16,16
amazon-all-beauty,test,173,10,1.8884917938536383,5,6,6
amazon-all-beauty,test,174,5,2.931291974509649,2,3,5
amazon-all-beauty,test,175,4,1.0663955786095543,1,4,4
amazon-all-beauty,test,176,7,3.492501183721358,2,4,7
amazon-all-beauty,test,177,5,3.0623177716761463,4,5,5
amazon-all-beauty,test,178,3,2.5872673094083765,2,2,3
amazon-all-beauty,test,179,9,2.0416844706057877,2,6,9
amazon-all-beauty,test,180,4,0.48523954868457886,4,4,4
amazon-all-beauty,test,181,11,6.939641103799488,5,6,6
amazon-all-beauty,test,182,6,92.45312635090151,3,5,6
amazon-all-beauty,test,183,46,17.90934189462211,27,34,39
amazon-all-beauty,test,184,23,11.35578828039386,15,20,22
amazon-all-beauty,test,185,4,0.5793793086443026,3,3,3
amazon-all-beauty,test,187,3,18.94710411972487,2,3,3
amazon-all-beauty,test,188,5,1.4272260594111077,4,5,5
amazon-all-beauty,test,189,4,1.5449231384830702,2,3,4
amazon-all-beauty,test,191,4,2.18545781535445,1,3,3
amazon-all-beauty,test,192,4,60.22667510227446,2,4,4
amazon-all-beauty,test,193,5,9.609980277032935,4,4,5
amazon-all-beauty,test,195,8,6.981858803032199,1,7,7
amazon-all-beauty,test,196,4,3.1567509259869055,4,4,4
amazon-all-beauty,test,197,7,8.696545031819241,3,5,5
amazon-all-beauty,test,198,7,5.200548585012106,2,5,5
amazon-all-beauty,test,199,4,1.2778879601882593,1,1,1
amazon-all-beauty,test,200,5,4.454595819629892,2,3,3
amazon-all-beauty,test,201,4,4.549464570915443,4,4,4
amazon-all-beauty,test,203,7,2.3125330263720945,2,6,6
amazon-all-beauty,test,204,4,63.94356266263489,3,4,4
amazon-all-beauty,test,205,7,53.2025325550684,2,3,5
amazon-all-beauty,test,206,5,4.5888478310198355,5,5,5
amazon-all-beauty,test,207,3,1.91123934455702,3,3,3
amazon-all-beauty,test,208,5,7.3246481530669545,2,4,4
amazon-all-beauty,test,209,3,1.4659060470136358,2,2,2
amazon-all-beauty,test,210,3,0.9960781914672807,1,1,1
amazon-all-beauty,test,211,4,0.8198635466570365,2,2,2
amazon-all-beauty,test,212,3,2.2070917160104986,1,2,2
amazon-all-beauty,test,213,5,8.571727958515288,1,1,2
amazon-all-beauty,test,214,39,89.66824714666191,13,30,33
amazon-all-beauty,test,215,3,0.43596914864762365,3,3,3
amazon-all-beauty,test,216,4,59.93949084843716,2,4,4
amazon-all-beauty,test,217,4,12.765021650318255,3,4,4
amazon-all-beauty,test,218,8,2.7107042432001958,4,5,5
amazon-all-beauty,test,219,4,61.06332892097361,3,4,4
amazon-all-beauty,test,220,3,0.4610003061913387,3,3,3
amazon-all-beauty,test,221,4,1.4094617181235618,2,3,3
amazon-all-beauty,test,222,2,6.374951488492543,2,2,2
amazon-all-beauty,test,223,5,0.7949307698574135,3,3,3
amazon-all-beauty,test,224,6,4.971435687802192,3,3,4
amazon-all-beauty,test,226,11,2.101382605273171,4,4,4
amazon-all-beauty,test,227,6,1.6062535445314885,3,5,5
amazon-all-beauty,test,228,7,6.491420805841917,1,4,4
amazon-all-beauty,test,229,3,5.884426097240252,1,2,2
amazon-all-beauty,test,230,3,0.01981061082519034,3,3,3
amazon-all-beauty,test,231,3,5.057378009593995,3,3,3
amazon-all-beauty,test,232,7,5.641137758323583,4,5,6
amazon-all-beauty,test,233,4,1.2709955650634746,1,3,3
amazon-all-beauty,test,234,2,9.567859585209055,1,2,2
amazon-all-beauty,test,235,4,58.873769827137664,3,4,4
amazon-all-beauty,test,236,5,74.98843707892838,3,4,5
amazon-all-beauty,test,238,12,15.097592012682128,8,11,12
amazon-all-beauty,test,239,10,4.094954022920342,2,5,6
amazon-all-beauty,test,240,10,23.354980759260883,6,9,10
amazon-all-beauty,test,241,4,6.4072650683749295,2,3,3
amazon-all-beauty,test,242,10,1.9006205914767693,8,10,10
amazon-all-beauty,test,243,4,0.20548379011816617,2,2,2
amazon-all-beauty,test,245,4,61.37611601436883,2,4,4
amazon-all-beauty,test,247,4,3.38027584687187,3,3,3
amazon-all-beauty,test,248,71,43.157546711345844,37,57,65
amazon-all-beauty,test,250,16,1.9685719716630996,9,14,14
amazon-all-beauty,test,252,4,61.307072458104685,3,4,4
amazon-all-beauty,test,253,2,4.766275006016145,2,2,2
amazon-all-beauty,test,255,5,2.9513892378582334,1,1,1
amazon-all-beauty,test,256,10,4.48106847980214,8,9,9
amazon-all-beauty,test,258,5,39.50345652878901,2,3,4
amazon-all-beauty,test,259,3,1.297875980959331,1,1,1
amazon-all-beauty,test,261,4,64.01587419499924,2,4,4
amazon-all-beauty,test,262,5,4.752184336549538,3,3,5
amazon-all-beauty,test,264,2,13.480747930867551,2,2,2
amazon-all-beauty,test,265,3,0.605023223411371,2,2,2
amazon-all-beauty,test,266,6,4.008863505769101,6,6,6
amazon-all-beauty,test,267,7,8.06862905871289,5,5,7
amazon-all-beauty,test,268,4,0.059232574014187134,3,3,3
amazon-all-beauty,test,269,4,0.5743893574008258,2,2,3
amazon-all-beauty,test,271,3,0.3137057298356149,2,2,2
amazon-all-beauty,test,272,6,7.500553422897681,4,4,5
amazon-all-beauty,test,273,37,24.760621608993347,29,30,31
amazon-all-beauty,test,274,2,0.1128966480943881,2,2,2
amazon-all-beauty,test,276,13,10.329222982515883,4,12,12
amazon-all-beauty,test,277,58,11.830427553599872,28,51,56
amazon-all-beauty,test,278,3,2.622015875131364,3,3,3
amazon-all-beauty,test,279,3,6.624041419791446,3,3,3
amazon-all-beauty,test,280,13,9.88573825665701,5,12,12
amazon-all-beauty,test,281,11,1.8493143467652804,7,7,8
amazon-all-beauty,test,282,4,0.6205065796804436,3,3,3
amazon-all-beauty,test,283,7,2.129351077241057,5,6,6
amazon-all-beauty,test,284,5,0.9588087440256015,5,5,5
amazon-all-beauty,test,285,6,61.54097367597217,3,5,6
amazon-all-beauty,test,286,7,0.7262910990084207,6,6,6
amazon-all-beauty,test,287,16,4.7041975055861975,5,10,12
amazon-all-beauty,test,289,2,5.421576407848111,1,1,1
amazon-all-beauty,test,290,7,1.1454900762481979,3,7,7
amazon-all-beauty,test,291,4,3.4321433487344555,2,2,2
amazon-all-beauty,test,292,5,31.477322208485404,2,2,2
amazon-all-beauty,test,293,5,27.161177060681755,1,3,3
amazon-all-beauty,test,295,4,60.73264714428978,3,4,4
amazon-all-beauty,test,296,6,1.9635813961763224,5,5,5
amazon-all-beauty,test,297,5,76.26279594204401,3,4,5
amazon-all-beauty,test,298,10,10.754264190376729,1,4,8
amazon-all-beauty,test,299,6,6.118255776825529,5,5,6
amazon-all-beauty,test,300,6,6.2118475760164475,1,1,1
amazon-all-beauty,test,301,4,2.3106322055233672,1,1,1
amazon-all-beauty,test,302,4,27.06201413973499,3,4,4
amazon-all-beauty,test,303,4,62.208383587520004,3,4,4
amazon-all-beauty,test,304,12,3.7884257177003247,6,6,6
amazon-all-beauty,test,305,10,7.0906815145016395,4,6,9
amazon-all-beauty,test,306,3,1.1402635367939924,3,3,3
amazon-all-beauty,test,307,8,4.638728990701583,6,8,8
amazon-all-beauty,test,308,3,4.960098056137575,2,3,3
amazon-all-beauty,test,309,4,1.9061722368416536,3,3,3
amazon-all-beauty,test,310,2,5.273171052964235,2,2,2
amazon-all-beauty,test,311,4,2.266151374630565,3,3,3
amazon-all-beauty,test,312,4,1.5775408497012529,2,2,4
amazon-all-beauty,test,313,3,19.230632617523945,1,1,2
amazon-all-beauty,test,314,15,15.443206687893019,8,13,15
amazon-all-beauty,test,316,3,1.9832282055595734,2,2,2
amazon-all-beauty,test,317,6,11.795231592703718,4,5,6
amazon-all-beauty,test,318,5,61.07334065986886,2,4,5
amazon-all-beauty,test,319,3,0.747948221515232,3,3,3
amazon-all-beauty,test,320,2,30.62600878497596,1,2,2
amazon-all-beauty,test,321,8,1.6425713330622038,8,8,8
amazon-all-beauty,test,322,4,1.9554274053420868,4,4,4
amazon-all-beauty,test,323,4,0.9740313538682328,2,2,2
amazon-all-beauty,test,324,24,2.1035898047335744,15,16,18
amazon-all-beauty,test,326,3,0.8275119004182119,1,3,3
amazon-all-beauty,test,327,2,0.24492036060038475,2,2,2
amazon-all-beauty,test,329,3,0.42777745351806357,3,3,3
amazon-all-beauty,test,330,15,3.5586395116669514,10,10,10
amazon-all-beauty,test,332,15,1.374267505108651,13,13,13
amazon-all-beauty,test,333,5,74.32660546793434,3,4,5
amazon-all-beauty,test,334,6,2.449077259159912,3,3,5
amazon-all-beauty,test,335,20,11.71758658800785,7,10,10
amazon-all-beauty,test,336,21,13.73747710197545,12,19,20
amazon-all-beauty,test,337,7,3.5169423064978425,6,7,7
amazon-all-beauty,test,338,3,15.289819871474545,2,2,3
amazon-all-beauty,test,339,4,1.3944524122165662,1,1,2
amazon-all-beauty,test,340,8,1.6881465248843668,2,3,3
amazon-all-beauty,test,341,4,16.264804944256635,2,3,3
amazon-all-beauty,test,342,6,6.283487984408898,5,6,6
amazon-all-beauty,test,343,7,2.508743182873011,5,5,5
amazon-all-beauty,test,344,3,23.99717255239664,2,3,3
amazon-all-beauty,test,345,6,2.5354063621004412,3,4,4
amazon-all-beauty,test,346,5,1.5481140205357318,4,4,4
amazon-all-beauty,test,347,14,1.5472264714116857,2,12,12
amazon-all-beauty,test,348,4,60.659356236611934,2,4,4
amazon-all-beauty,test,349,5,6.625379922275467,3,3,3
amazon-all-beauty,test,350,4,13.449404799619462,1,1,1
amazon-all-beauty,test,351,9,2.2929121855101267,2,5,5
amazon-all-beauty,test,352,21,4.081078717392262,8,16,16
amazon-all-beauty,test,354,2,0.9590127467360657,2,2,2
amazon-all-beauty,test,355,14,5.031803385833236,6,6,6
amazon-all-beauty,test,357,4,61.03236214601113,3,4,4
amazon-all-beauty,test,358,4,1.0677252168387132,1,3,3
amazon-all-beauty,test,360,11,13.719579172621689,8,11,11
amazon-all-beauty,test,361,4,2.060686311811401,4,4,4
amazon-all-beauty,test,362,23,28.622622389921716,11,15,18
amazon-all-beauty,test,363,3,4.502181012453966,1,1,1
amazon-all-beauty,test,364,5,4.041751888882196,3,3,4
amazon-all-beauty,test,365,4,9.390784108888008,3,4,4
amazon-all-beauty,test,367,4,2.694202121865401,2,4,4
amazon-all-beauty,test,368,7,0.9214977219801372,6,7,7
amazon-all-beauty,test,369,7,0.7495504043692037,6,6,6
amazon-all-beauty,test,370,3,6.1598981110085615,2,2,3
amazon-all-beauty,test,371,5,0.3312373532208926,5,5,5
amazon-all-beauty,test,372,3,5.404016943211651,2,3,3
amazon-all-beauty,test,373,8,3.0959323370202183,4,6,7
amazon-all-beauty,test,374,4,1.3560160043497271,2,3,3
amazon-all-beauty,test,375,5,2.873495659480274,1,3,3
amazon-all-beauty,test,376,7,0.35885525015145703,4,4,4
amazon-all-beauty,test,377,4,0.0990800214365149,3,3,3
amazon-all-beauty,test,378,3,0.07847830707713993,3,3,3
amazon-all-beauty,test,379,12,7.3092754127106545,7,10,10
amazon-all-beauty,test,380,6,1.5288390728863355,3,5,5
amazon-all-beauty,test,381,6,0.8653500335062592,4,4,4
amazon-all-beauty,test,382,4,6.52226491699593,1,4,4
amazon-all-beauty,test,384,2,18.105097664424903,1,2,2
amazon-all-beauty,test,386,4,1.8539711393595077,4,4,4
amazon-all-beauty,test,387,9,66.07527462803684,3,4,4
amazon-all-beauty,test,388,11,3.150246810194767,7,9,9
amazon-all-beauty,test,389,4,0.8675667214648244,2,2,4
amazon-all-beauty,test,390,12,2.1869433895599677,2,6,6
amazon-all-beauty,test,392,3,0.920535138811422,1,1,1
amazon-all-beauty,test,393,6,29.638577362004,2,4,6
amazon-all-beauty,test,394,2,0.41725158784086414,2,2,2
amazon-all-beauty,test,396,4,3.6874430026851823,3,3,3
amazon-all-beauty,test,397,13,7.312883164439107,6,10,10
amazon-all-beauty,test,398,5,74.35344168740455,3,5,5
amazon-all-beauty,test,399,2,3.943427076990111,1,1,2
amazon-all-beauty,test,400,4,0.3574879076269734,2,2,2
amazon-all-beauty,test,401,6,5.686099880800742,2,3,3
amazon-all-beauty,test,402,3,0.23428400385907205,1,1,1
amazon-all-beauty,test,403,2,0.11072328262084796,2,2,2
amazon-all-beauty,test,404,6,0.4679240383297872,2,2,2
amazon-all-beauty,test,405,3,3.1760000923880085,3,3,3
amazon-all-beauty,test,407,10,1.2175836852765038,3,3,3
amazon-all-beauty,test,408,17,4.493428372294959,8,16,16
amazon-all-beauty,test,409,4,0.49720641759567075,3,3,3
amazon-all-beauty,test,410,3,1.4358888085349042,2,2,2
amazon-all-beauty,test,411,4,1.2348398925177886,2,2,2
amazon-all-beauty,test,412,31,14.148210216428275,12,24,29
amazon-all-beauty,test,413,3,2.379639680524764,2,2,2
amazon-all-beauty,test,414,4,3.1142991355166654,3,3,3
amazon-all-beauty,test,415,4,63.80953038488657,3,4,4
amazon-all-beauty,test,416,3,0.06080778955759564,2,2,2
amazon-all-beauty,test,417,3,1.92528182244086,3,3,3
amazon-all-beauty,test,418,6,3.768207600848846,1,1,4
amazon-all-beauty,test,419,95,38.70910543126004,44,62,75
amazon-all-beauty,test,420,6,1.8239151977961714,1,1,1
amazon-all-beauty,test,421,6,91.20232393295751,3,5,6
amazon-all-beauty,test,423,12,1.5490309090948815,2,12,12
amazon-all-beauty,test,425,17,1.8101694227528569,8,8,8
amazon-all-beauty,test,426,6,5.116545849577965,3,3,3
amazon-all-beauty,test,427,7,23.986853685797747,1,5,5
amazon-all-beauty,test,428,2,1.2785666375041003,1,1,2
amazon-all-beauty,test,429,2,5.482123138857616,1,2,2
amazon-all-beauty,test,430,7,5.922655630877446,2,6,6
amazon-all-beauty,test,431,5,1.5240684183141748,5,5,5
amazon-all-beauty,test,432,48,15.626284138695626,21,40,43
amazon-all-beauty,test,433,2,16.987484608501134,1,2,2
amazon-all-beauty,test,434,11,16.22522673296963,1,1,1
amazon-all-beauty,test,435,6,0.8358569097022702,4,4,6
amazon-all-beauty,test,436,3,5.000985368049168,1,1,1
amazon-all-beauty,test,437,3,12.625782684052675,1,3,3
amazon-all-beauty,test,441,34,12.175009980089762,2,10,24
amazon-all-beauty,test,442,3,5.753082310536697,1,1,1
amazon-all-beauty,test,443,3,15.29402814525767,1,1,1
amazon-all-beauty,test,444,4,5.919108181051782,3,4,4
amazon-all-beauty,test,445,5,6.708013005484915,4,5,5
amazon-all-beauty,test,446,5,10.031609807985882,1,1,1
amazon-all-beauty,test,449,4,0.4754074670110825,3,3,3
amazon-all-beauty,test,450,5,1.7258131159135537,4,4,4
amazon-all-beauty,test,451,7,0.9038515499492958,2,3,3
amazon-all-beauty,test,452,4,0.1403493702477528,2,2,2
amazon-all-beauty,test,453,4,1.8058150136131859,1,4,4
amazon-all-beauty,test,454,14,12.122223841786784,10,12,12
amazon-all-beauty,test,456,6,1.235452712165472,5,6,6
amazon-all-beauty,test,457,4,0.5045918400788544,2,2,2
amazon-all-beauty,test,458,3,1.9204072313592366,2,2,2
amazon-all-beauty,test,459,12,3.8260566020127476,1,4,5
amazon-all-beauty,test,461,5,6.4174389856795475,5,5,5
amazon-all-beauty,test,462,20,1.6423080896625621,10,16,18
amazon-all-beauty,test,463,4,1.5566358155223714,2,2,2
amazon-all-beauty,test,464,22,10.802799481503513,16,19,19
amazon-all-beauty,test,465,13,3.300368959002509,10,11,11
amazon-all-beauty,test,466,7,1.656064039871668,1,3,3
amazon-all-beauty,test,468,5,0.85825438476297,5,5,5
amazon-all-beauty,test,469,3,0.06482005094449571,2,2,2
amazon-all-beauty,test,470,3,0.1159337790222415,3,3,3
amazon-all-beauty,test,471,16,5.169639302857568,9,11,12
amazon-all-beauty,test,472,2,0.9695667033617688,2,2,2
amazon-all-beauty,test,473,3,14.151679386144108,1,2,2
amazon-all-beauty,test,474,4,0.3784548667412222,4,4,4
amazon-all-beauty,test,475,2,6.346909855209888,2,2,2
amazon-all-beauty,test,476,4,59.252588502874175,2,4,4
amazon-all-beauty,test,478,5,16.27782734616382,1,1,1
amazon-all-beauty,test,479,4,6.3871847844441065,3,3,3
amazon-all-beauty,test,480,2,9.11867520589885,1,1,1
amazon-all-beauty,test,481,5,30.818855518576076,2,2,2
amazon-all-beauty,test,482,3,3.1851738470772464,1,3,3
amazon-all-beauty,test,484,5,0.1324414561224066,1,1,1
amazon-all-beauty,test,485,2,7.53380823682792,1,2,2
amazon-all-beauty,test,486,3,0.4481107432584065,2,3,3
amazon-all-beauty,test,487,5,1.069134570937292,3,3,3
amazon-all-beauty,test,488,3,1.1703275935202297,2,2,2
amazon-all-beauty,test,489,7,2.3339450709592966,3,3,6
amazon-all-beauty,test,490,17,20.31976232560593,8,15,16
amazon-all-beauty,test,491,4,2.1533102841898835,2,2,2
amazon-all-beauty,test,492,4,7.520815111931505,1,3,3
amazon-all-beauty,test,493,3,11.934607517949335,1,3,3
amazon-all-beauty,test,494,6,2.222528254032065,2,4,4
amazon-all-beauty,test,495,3,1.1752998162539845,3,3,3
amazon-all-beauty,test,496,6,6.8859675412211265,4,4,5
amazon-all-beauty,test,497,4,62.51933965046745,2,4,4
amazon-all-beauty,test,498,4,1.2362913830391222,3,3,3
amazon-all-beauty,test,499,7,2.7509033892977857,6,6,6
amazon-all-beauty,test,500,4,1.7686459444941582,3,4,4
amazon-all-beauty,test,502,4,0.14581799125372716,2,2,2
amazon-all-beauty,test,503,7,1.2829970170533906,5,7,7
amazon-all-beauty,test,505,3,0.006557051623984567,3,3,3
amazon-all-beauty,test,506,5,16.238371236866307,1,1,1
amazon-all-beauty,test,507,18,6.876829243551333,9,15,17
amazon-all-beauty,test,508,2,1.6460639119017917,1,2,2
amazon-all-beauty,test,509,7,4.20995399639,4,5,6
amazon-all-beauty,test,510,5,5.653781556669275,2,4,4
amazon-all-beauty,test,511,4,1.0942267170514242,3,3,3
amazon-all-beauty,test,512,2,0.22357585913825087,1,1,1
amazon-all-beauty,test,513,4,21.347608570735662,3,4,4
amazon-all-beauty,test,514,2,1.615034899882299,1,1,1
amazon-all-beauty,test,515,3,0.4148703493483992,2,2,2
amazon-all-beauty,test,516,3,0.6540581588755381,3,3,3
amazon-all-beauty,test,517,10,9.726519509631917,4,4,4
amazon-all-beauty,test,518,4,5.688718206898575,1,1,3
amazon-all-beauty,test,519,3,4.868983004664033,1,2,2
amazon-all-beauty,test,520,8,3.358704245697169,3,7,8
amazon-all-beauty,test,521,2,1.5265080859795268,1,1,1
amazon-all-beauty,test,522,4,0.8338293674636277,4,4,4
amazon-all-beauty,test,523,9,2.0801613294384715,6,8,9
amazon-all-beauty,test,524,4,1.8245709029585697,4,4,4
amazon-all-beauty,test,525,3,2.4506202637490366,1,2,2
amazon-all-beauty,test,526,2,5.152406692013026,1,1,1
amazon-all-beauty,test,527,9,1.9989460276121538,3,8,9
amazon-all-beauty,test,528,5,0.6842461903211701,4,5,5
amazon-all-beauty,test,529,4,1.1360491454265285,1,4,4
amazon-all-beauty,test,530,3,15.97193277274204,1,2,2
amazon-all-beauty,test,531,3,0.9166758170330402,1,1,1
amazon-all-beauty,test,532,4,63.156115134185775,3,4,4
amazon-all-beauty,test,533,4,3.741530937966134,4,4,4
amazon-all-beauty,test,534,4,1.5007116061499202,1,1,1
amazon-all-beauty,test,535,3,0.29800963144987686,2,2,2
amazon-all-beauty,test,536,5,1.4365123027430187,1,2,2
amazon-all-beauty,test,538,6,1.949125794076493,5,5,5
amazon-all-beauty,test,539,6,2.3699001117083385,6,6,6
amazon-all-beauty,test,540,2,0.8425810088333548,1,1,1
amazon-all-beauty,test,541,6,3.0899146940318283,1,1,1
amazon-all-beauty,test,542,4,59.92612043089018,3,4,4
amazon-all-beauty,test,543,3,1.367837674269222,2,2,2
amazon-all-beauty,test,544,3,7.065127615618443,2,2,3
amazon-all-beauty,test,545,4,38.98016217216693,3,4,4
amazon-all-beauty,test,546,4,2.4690557914328224,4,4,4
amazon-all-beauty,test,547,2,2.2282224765666867,1,1,1
amazon-all-beauty,test,548,6,64.62807540484519,3,4,5
amazon-all-beauty,test,550,3,3.6378578591763295,3,3,3
amazon-all-beauty,test,551,21,47.60558610359505,6,12,14
amazon-all-beauty,test,552,28,27.564233480727577,11,21,23
amazon-all-beauty,test,554,4,7.433807955918434,2,3,3
amazon-all-beauty,test,555,7,24.69699454941962,1,3,4
amazon-all-beauty,test,556,3,5.618161235177733,1,2,2
amazon-all-beauty,test,560,4,41.165269350059724,2,4,4
amazon-all-beauty,test,561,6,0.49053687732901274,1,2,2
amazon-all-beauty,test,562,4,61.87689285394361,2,4,4
amazon-all-beauty,test,563,13,9.665508216758498,2,7,8
amazon-all-beauty,test,564,2,2.8402058879252308,2,2,2
amazon-all-beauty,test,565,4,2.5311070736441668,4,4,4
amazon-all-beauty,test,567,4,9.24187711208819,2,4,4
amazon-all-beauty,test,568,7,2.1875662595247825,3,6,6
amazon-all-beauty,test,570,4,0.6433363432264452,3,4,4
amazon-all-beauty,test,571,20,6.666037138106652,13,19,19
amazon-all-beauty,test,572,4,0.9420044889335708,4,4,4
amazon-all-beauty,test,573,2,5.394998625104131,2,2,2
amazon-all-beauty,test,575,3,5.380731669329585,2,3,3
amazon-all-beauty,test,576,8,8.032115819604924,5,7,7
amazon-all-beauty,test,577,11,2.4529855216130194,3,6,6
amazon-all-beauty,test,580,5,0.2843991299296884,2,2,2
amazon-all-beauty,test,581,3,0.06965881046069466,3,3,3
amazon-all-beauty,test,582,8,1.8835992245649726,1,4,8
amazon-all-beauty,test,583,3,3.9874505872412787,2,3,3
amazon-all-beauty,test,584,3,16.892957193452062,2,2,3
amazon-all-beauty,test,585,16,3.7879315667039863,1,14,16
amazon-all-beauty,test,586,4,2.9960280023059545,3,4,4
amazon-all-beauty,test,587,23,7.131726635119491,19,23,23
amazon-all-beauty,test,589,3,2.299756139354826,2,2,2
amazon-all-beauty,test,590,3,11.74376148412596,1,1,1
amazon-all-beauty,test,591,2,4.939612763153665,2,2,2
amazon-all-beauty,test,592,5,74.72939134093392,3,5,5
amazon-all-beauty,test,593,2,0.4731926517824175,2,2,2
amazon-all-beauty,test,594,6,1.6418707448065297,2,4,4
amazon-all-beauty,test,597,4,1.257516654030942,4,4,4
amazon-all-beauty,test,599,9,3.2878837184550354,4,5,5
amazon-all-beauty,test,601,3,0.9975461620117363,2,3,3
amazon-all-beauty,test,602,10,2.3452572334972697,4,7,7
amazon-all-beauty,test,604,3,3.272319335405613,1,3,3
amazon-all-beauty,test,605,9,2.5664228892539325,8,9,9
amazon-all-beauty,test,606,4,62.589693618267106,3,4,4
amazon-all-beauty,test,607,8,3.6044938026685776,7,8,8
amazon-all-beauty,test,608,3,2.7062146853860582,3,3,3
amazon-all-beauty,test,609,3,0.8240092712614926,2,2,2
amazon-all-beauty,test,611,3,6.459684775860761,1,2,3
amazon-all-beauty,test,612,4,3.4952595900157277,1,1,1
amazon-all-beauty,test,613,5,6.596511666014853,4,4,5
amazon-all-beauty,test,614,7,64.22020575683415,3,5,6
amazon-all-beauty,test,615,6,6.925722850332362,4,6,6
amazon-all-beauty,test,616,3,1.280809793378589,2,2,2
amazon-all-beauty,test,617,20,28.215146826706004,14,18,19
amazon-all-beauty,test,619,3,2.79415308755418,2,3,3
amazon-all-beauty,test,620,3,0.5764426184634314,2,2,2
amazon-all-beauty,test,622,4,0.981939829812549,1,3,3
amazon-all-beauty,test,623,7,2.026026076515374,7,7,7
amazon-all-beauty,test,624,5,14.722532155552692,3,5,5
amazon-all-beauty,test,625,4,0.7684476223977248,4,4,4
amazon-all-beauty,test,626,5,32.250990502450314,2,2,2
amazon-all-beauty,test,628,2,4.425172361378191,1,2,2
amazon-all-beauty,test,629,2,3.7815290777210997,1,2,2
amazon-all-beauty,test,630,5,3.22147915074196,3,3,4
amazon-all-beauty,test,631,7,45.00485967166675,2,3,3
amazon-all-beauty,test,632,5,2.6462653552147257,3,3,5
amazon-all-beauty,test,633,5,1.7517002358703309,3,3,3
amazon-all-beauty,test,634,3,16.210749844173264,3,3,3
amazon-all-beauty,test,635,18,3.809082303045777,9,11,18
amazon-all-beauty,test,636,41,43.46744312129141,2,8,26
amazon-all-beauty,test,637,23,19.891825128227374,1,3,18
amazon-all-beauty,test,638,4,0.6461683478058942,4,4,4
amazon-all-beauty,test,639,5,77.82183565609064,3,5,5
amazon-all-beauty,test,640,8,6.798007540234822,3,8,8
amazon-all-beauty,test,641,4,62.884598700512726,3,4,4
amazon-all-beauty,test,642,2,0.7594256836790654,1,1,1
amazon-all-beauty,test,643,7,1.8696910838393086,7,7,7
amazon-all-beauty,test,644,6,2.0208295007395725,5,6,6
amazon-all-beauty,test,645,20,17.558686329914455,1,1,2
amazon-all-beauty,test,646,5,6.073680310648435,5,5,5
amazon-all-beauty,test,647,22,5.562582482047543,9,11,21
amazon-all-beauty,test,648,8,5.500221949705342,1,1,4
amazon-all-beauty,test,649,3,1.031300120884715,1,1,1
amazon-all-beauty,test,650,11,6.391175322164164,10,11,11
amazon-all-beauty,test,651,4,61.60076307501001,3,4,4
amazon-all-beauty,test,652,5,0.3574550724293895,1,5,5
amazon-all-beauty,test,653,5,21.947041570546205,2,4,5
amazon-all-beauty,test,654,4,59.56015929440531,3,4,4
amazon-all-beauty,test,655,4,0.5388667924100754,4,4,4
amazon-all-beauty,test,656,4,0.011810433540093118,2,2,2
amazon-all-beauty,test,657,4,2.420509888169934,2,2,2
amazon-all-beauty,test,658,3,0.1960353683768956,1,1,1
amazon-all-beauty,test,659,5,10.859484893156075,1,2,4
amazon-all-beauty,test,661,4,1.9066822436178144,3,3,3
amazon-all-beauty,test,662,11,3.1079435896299454,8,8,8
amazon-all-beauty,test,663,5,0.6627260267943952,2,5,5
amazon-all-beauty,test,664,4,3.336447599924966,1,2,2
amazon-all-beauty,test,665,9,2.610996732398446,7,7,7
amazon-all-beauty,test,666,8,1.2896671815633487,2,5,5
amazon-all-beauty,test,667,11,3.713348100849002,5,5,10
amazon-all-beauty,test,669,2,8.797564452340428,1,2,2
amazon-all-beauty,test,671,29,10.423755953330321,18,20,22
amazon-all-beauty,test,673,4,2.669683592919708,2,2,3
amazon-all-beauty,test,674,25,10.90255967843979,8,24,24
amazon-all-beauty,test,675,5,9.852051216665798,2,4,5
amazon-all-beauty,test,676,4,5.218626046738969,1,4,4
amazon-all-beauty,test,677,4,0.5772262935023451,2,2,2
amazon-all-beauty,test,678,11,51.559663270679074,2,3,7
amazon-all-beauty,test,679,3,3.657141483807597,3,3,3
amazon-all-beauty,test,680,8,1.1721224178566043,8,8,8
amazon-all-beauty,test,683,3,0.012471382346212201,1,1,1
amazon-all-beauty,test,684,2,8.527222033041822,1,2,2
amazon-all-beauty,test,686,8,3.5382083405771567,4,7,8
amazon-all-beauty,test,687,4,0.08063762707642828,2,2,2
amazon-all-beauty,test,688,4,6.120864988971182,2,2,2
amazon-all-beauty,test,689,5,0.5927392389038413,4,4,4
amazon-all-beauty,test,691,2,1.5385096628181028,2,2,2
amazon-all-beauty,test,692,10,2.408224904873124,8,8,8
amazon-all-beauty,test,693,4,0.13583446815563255,2,2,2
amazon-all-beauty,test,695,4,2.9360654381766604,4,4,4
amazon-all-beauty,test,696,8,1.5271630420499651,7,7,7
amazon-all-beauty,test,697,34,10.453295645684499,13,20,20
amazon-all-beauty,test,698,14,0.7558763611235007,4,13,13
amazon-all-beauty,test,699,3,2.1566463652341428,2,3,3
amazon-all-beauty,test,701,3,15.285182367998292,1,1,1
amazon-all-beauty,test,702,3,2.418838414309654,1,1,1
amazon-all-beauty,test,703,3,0.26179915034244416,3,3,3
amazon-all-beauty,test,704,11,18.692569101392408,4,7,8
amazon-all-beauty,test,705,5,4.551341982640418,4,4,4
amazon-all-beauty,test,706,3,15.609613346821149,1,1,3
amazon-all-beauty,test,707,4,1.85482685207525,3,3,3
amazon-all-beauty,test,708,28,17.385224473208883,9,23,24
amazon-all-beauty,test,709,11,1.3339171672837833,11,11,11
amazon-all-beauty,test,710,3,13.444899635722821,1,1,1
amazon-all-beauty,test,711,4,6.507584337610753,2,3,3
amazon-all-beauty,test,713,4,28.323045158696694,3,4,4
amazon-all-beauty,test,714,3,1.1436556748865985,1,1,1
amazon-all-beauty,test,715,11,12.860751357963268,3,3,5
amazon-all-beauty,test,716,4,4.886527112915313,4,4,4
amazon-all-beauty,test,717,4,5.795460440297527,3,3,4
amazon-all-beauty,test,719,12,18.13713289421979,3,10,10
amazon-all-beauty,test,720,3,8.303852923284555,1,1,1
amazon-all-beauty,test,721,5,14.800434473336852,3,5,5
amazon-all-beauty,test,723,8,1.3746328122878548,6,7,7
amazon-all-beauty,test,725,17,12.200250883382301,14,14,14
amazon-all-beauty,test,726,4,2.566175938604423,2,2,3
amazon-all-beauty,test,727,12,5.651769121118495,8,11,11
amazon-all-beauty,test,728,4,4.750239568972487,1,1,1
amazon-all-beauty,test,729,3,3.6930613172345144,3,3,3
amazon-all-beauty,test,731,15,3.5295208089943473,5,8,9
amazon-all-beauty,test,732,2,16.442437994693307,2,2,2
amazon-all-beauty,test,733,4,60.88642311398152,2,4,4
amazon-all-beauty,test,734,11,3.790237271757142,8,10,10
amazon-all-beauty,test,735,3,4.848424987335664,2,2,3
amazon-all-beauty,test,736,3,4.158505611479085,1,2,2
amazon-all-beauty,test,737,4,61.42462346424443,3,4,4
amazon-all-beauty,test,739,6,5.909744906096641,5,5,5
amazon-all-beauty,test,742,16,8.120121140654813,10,15,16
amazon-all-beauty,test,743,2,0.5121451215854281,2,2,2
amazon-all-beauty,test,744,11,9.000113175310304,8,11,11
amazon-all-beauty,test,745,7,3.4436233078714897,7,7,7
amazon-all-beauty,test,748,3,0.4301424616847266,1,2,3
amazon-all-beauty,test,752,5,15.723487934469437,2,3,5
amazon-all-beauty,test,753,5,28.480506660832074,1,3,4
amazon-all-beauty,test,754,4,1.101871575050119,2,3,3
amazon-all-beauty,test,755,2,0.9045922146248344,2,2,2
amazon-all-beauty,test,756,5,16.86660850799921,5,5,5
amazon-all-beauty,test,757,3,1.7529025284662747,1,3,3
amazon-all-beauty,test,758,4,0.904738474830042,3,3,3
amazon-all-beauty,test,759,29,34.569438483787934,12,18,22
amazon-all-beauty,test,761,4,0.25935111781687137,4,4,4
amazon-all-beauty,test,762,4,0.03559023296447836,2,2,2
amazon-all-beauty,test,763,4,3.275419202785124,2,2,4
amazon-all-beauty,test,764,4,1.0583494570175715,3,3,3
amazon-all-beauty,test,765,3,16.496729495714412,3,3,3
amazon-all-beauty,test,766,4,1.9948668473434856,2,3,4
amazon-all-beauty,test,767,3,0.1483727693836128,2,2,2
amazon-all-beauty,test,768,2,0.6334909651706573,2,2,2
amazon-all-beauty,test,769,2,5.409726397282794,2,2,2
amazon-all-beauty,test,770,19,5.212481495087674,14,17,17
amazon-all-beauty,test,771,3,0.8825400709577359,1,1,1
amazon-all-beauty,test,772,3,6.77818644212219,3,3,3
amazon-all-beauty,test,775,12,4.147589718587999,1,1,1
amazon-all-beauty,test,776,6,2.011496564008816,6,6,6
amazon-all-beauty,test,777,6,90.29694217540674,4,5,6
amazon-all-beauty,test,778,2,1.0213559251145252,2,2,2
amazon-all-beauty,test,779,3,3.5089772116862092,3,3,3
amazon-all-beauty,test,780,4,1.131459209289739,4,4,4
amazon-all-beauty,test,781,7,6.956435745544697,5,6,7
amazon-all-beauty,test,783,12,2.1114298011878727,9,9,11
amazon-all-beauty,test,784,4,0.4103058199139231,1,1,1
amazon-all-beauty,test,785,3,1.2949834872041048,3,3,3
amazon-all-beauty,test,786,5,0.15863458014488063,3,3,3
amazon-all-beauty,test,787,4,4.172484791092297,2,2,2
amazon-all-beauty,test,788,3,15.84756353158156,1,1,1
amazon-all-beauty,test,789,3,3.616734839237062,3,3,3
amazon-all-beauty,test,790,62,22.52604171381004,33,53,57
amazon-all-beauty,test,791,2,2.237307214161334,1,1,1
amazon-all-beauty,test,792,6,1.5980327596641446,6,6,6
amazon-all-beauty,test,793,3,1.500226444257102,2,3,3
amazon-all-beauty,test,794,2,1.8089418483032598,2,2,2
amazon-all-beauty,test,795,2,4.09302236445259,2,2,2
amazon-all-beauty,test,796,5,76.97981415652714,3,5,5
amazon-all-beauty,test,797,5,31.458874383208602,2,2,2
amazon-all-beauty,test,798,3,0.534199699801397,3,3,3
amazon-all-beauty,test,799,6,0.11896928691751463,6,6,6
amazon-all-beauty,test,800,3,2.463082407294408,2,2,2
amazon-all-beauty,test,803,4,9.783695576518339,2,3,3
amazon-all-beauty,test,804,3,0.012577129161244871,3,3,3
amazon-all-beauty,test,807,4,2.773331327431529,2,2,4
amazon-all-beauty,test,808,4,0.9786309657761733,1,1,1
amazon-all-beauty,test,809,7,24.55757436532403,5,7,7
amazon-all-beauty,test,810,5,3.390853899288956,3,5,5
amazon-all-beauty,test,811,2,0.48778433892166334,2,2,2
amazon-all-beauty,test,812,2,1.2838333782268307,2,2,2
amazon-all-beauty,test,813,3,3.0524667130063277,1,1,1
amazon-all-beauty,test,814,10,17.281283718892006,4,5,5
amazon-all-beauty,test,815,3,0.5373099296196892,2,2,2
amazon-all-beauty,test,816,22,5.019090421329895,1,21,21
amazon-all-beauty,test,817,26,3.144645724760517,6,12,24
amazon-all-beauty,test,818,7,4.280088417821023,4,5,5
amazon-all-beauty,test,820,5,5.601141116752537,5,5,5
amazon-all-beauty,test,821,3,0.8907631655252897,2,2,2
amazon-all-beauty,test,822,4,1.5467463034652682,1,2,2
amazon-all-beauty,test,823,4,62.88034354605776,2,4,4
amazon-all-beauty,test,824,4,4.954881254878851,3,3,3
amazon-all-beauty,test,825,6,87.61918774086038,3,5,6
amazon-all-beauty,test,826,4,0.14094652138860425,4,4,4
amazon-all-beauty,test,827,3,3.4312379462520277,1,1,1
amazon-all-beauty,test,828,16,3.741723829145857,4,15,16
amazon-all-beauty,test,829,29,17.152258871199567,1,1,3
amazon-all-beauty,test,830,9,1.3543065764968027,7,7,7
amazon-all-beauty,test,831,16,3.957517122213417,12,13,15
amazon-all-beauty,test,832,5,4.855805103750797,2,2,2
amazon-all-beauty,test,833,4,2.4110429264026516,2,3,3
amazon-all-beauty,test,834,4,2.445111940869178,3,3,3
amazon-all-beauty,test,835,5,42.801509420299574,2,3,4
amazon-all-beauty,test,836,7,0.4084170469608871,1,1,1
amazon-all-beauty,test,837,2,2.594362770878676,1,1,1
amazon-all-beauty,test,839,4,2.77275115570844,1,1,1
amazon-all-beauty,test,840,41,23.173568415036897,21,35,38
amazon-all-beauty,test,841,3,1.0800045819458224,3,3,3
amazon-all-beauty,test,842,3,3.3867819602425686,1,3,3
amazon-all-beauty,test,843,4,61.49141824644439,2,4,4
amazon-all-beauty,test,844,4,0.48788958634205604,3,3,3
amazon-all-beauty,test,845,2,29.956342296322674,2,2,2
amazon-all-beauty,test,846,10,0.26772596593067355,2,2,2
amazon-all-beauty,test,847,4,59.06254786775655,2,4,4
amazon-all-beauty,test,848,10,3.168696945171775,5,9,9
amazon-all-beauty,test,849,3,0.13036453623872812,3,3,3
amazon-all-beauty,test,850,17,4.814636133262211,17,17,17
amazon-all-beauty,test,852,3,0.48140132632973964,2,2,2
amazon-all-beauty,test,854,5,1.6149230354829258,2,2,3
amazon-all-beauty,test,855,16,3.368646693586119,4,14,15
amazon-all-beauty,test,856,8,1.828686039641322,5,8,8
amazon-all-beauty,test,859,3,2.9071018599641247,1,3,3
amazon-all-beauty,test,860,2,0.828967635793986,2,2,2
amazon-all-beauty,test,863,3,2.4331250961724837,1,1,1
amazon-all-beauty,test,864,7,1.23735958817421,1,2,2
amazon-all-beauty,test,865,100,15.649133878027232,58,89,92
amazon-all-beauty,test,867,6,0.7289154178419348,6,6,6
amazon-all-beauty,test,868,3,20.839807807972775,2,3,3
amazon-all-beauty,test,869,4,17.825564448594967,1,1,3
amazon-all-beauty,test,870,23,15.596763548186434,9,17,18
amazon-all-beauty,test,871,4,64.20476865699361,2,4,4
amazon-all-beauty,test,872,4,1.8379305210964585,2,4,4
amazon-all-beauty,test,874,9,58.41772738608418,3,4,4
amazon-all-beauty,test,875,3,15.320573217652727,1,1,1
amazon-all-beauty,test,876,13,2.4662915796757616,4,13,13
amazon-all-beauty,test,877,3,1.0400026967310563,2,2,2
amazon-all-beauty,test,878,2,1.065909667624776,1,1,1
amazon-all-beauty,test,879,3,2.2026633340397686,1,3,3
amazon-all-beauty,test,880,4,1.7375127462678837,4,4,4
amazon-all-beauty,test,881,8,0.5405539347771873,2,8,8
amazon-all-beauty,test,882,2,4.025707337886356,2,2,2
amazon-all-beauty,test,883,5,1.3871289146687502,4,5,5
amazon-all-beauty,test,884,3,13.669476593841404,3,3,3
amazon-all-beauty,test,885,22,3.7567622247906365,9,14,15
amazon-all-beauty,test,886,11,2.388639583454931,3,8,9
amazon-all-beauty,test,887,5,1.9464466666812323,2,4,4
amazon-all-beauty,test,888,2,1.5113113822338484,2,2,2
amazon-all-beauty,test,890,5,0.6674781413405436,5,5,5
amazon-all-beauty,test,891,7,8.399266264425092,7,7,7
amazon-all-beauty,test,893,5,4.874739401831342,3,4,5
amazon-all-beauty,test,894,3,22.593177208003173,1,2,3
amazon-all-beauty,test,895,3,11.35811708244912,1,2,2
amazon-all-beauty,test,896,7,9.422327247689442,4,5,7
amazon-all-beauty,test,897,19,3.387620318994569,14,18,19
amazon-all-beauty,test,898,2,0.6029758302357862,2,2,2
amazon-all-beauty,test,899,4,20.037839880969287,2,4,4
amazon-all-beauty,test,901,5,2.15954522627103,1,3,3
amazon-all-beauty,test,902,7,1.7276241705757303,2,2,2
amazon-all-beauty,test,903,8,6.884616928417085,3,6,6
amazon-all-beauty,test,904,5,0.44479788406491,4,4,4
amazon-all-beauty,test,905,3,0.6556924278351337,2,2,2
amazon-all-beauty,test,906,4,1.3373808436585777,4,4,4
amazon-all-beauty,test,907,4,5.53079763624032,2,3,4
amazon-all-beauty,test,909,18,4.354403521481304,3,10,11
amazon-all-beauty,test,910,4,2.870404032112324,3,3,3
amazon-all-beauty,test,912,27,8.007821643701277,20,21,21
amazon-all-beauty,test,913,3,0.22639906188716866,3,3,3
amazon-all-beauty,test,915,4,0.5134217615584109,1,1,1
amazon-all-beauty,test,916,3,5.016455802481929,1,2,3
amazon-all-beauty,test,917,5,3.0056774303898495,3,4,4
amazon-all-beauty,test,918,5,1.2303664401807932,3,5,5
amazon-all-beauty,test,919,6,0.24020869702008096,5,6,6
amazon-all-beauty,test,920,12,8.738826029322581,3,5,11
amazon-all-beauty,test,921,4,4.719198446632972,4,4,4
amazon-all-beauty,test,922,10,0.1325581896195206,10,10,10
amazon-all-beauty,test,923,5,0.0835482238873565,1,1,1
amazon-all-beauty,test,924,3,0.8870516645603657,3,3,3
amazon-all-beauty,test,926,5,3.041006355108917,1,5,5
amazon-all-beauty,test,927,8,3.49527881670937,7,7,7
amazon-all-beauty,test,929,4,0.7684380090509035,3,4,4
amazon-all-beauty,test,930,4,1.4392335041367041,3,4,4
amazon-all-beauty,test,931,4,1.9176841572356507,3,3,3
amazon-all-beauty,test,932,6,0.5910699498951115,3,3,6
amazon-all-beauty,test,933,4,2.360909510003343,4,4,4
amazon-all-beauty,test,934,7,3.279239322084261,3,5,7
amazon-all-beauty,test,935,3,9.04570890473704,3,3,3
amazon-all-beauty,test,936,4,1.2960996342246383,4,4,4
amazon-all-beauty,test,937,5,6.452727209735449,2,3,3
amazon-all-beauty,test,939,5,72.0723365645207,3,4,5
amazon-all-beauty,test,940,4,0.38984868030284536,1,4,4
amazon-all-beauty,test,941,4,1.432277061649332,4,4,4
amazon-all-beauty,test,944,5,4.146444606678342,4,5,5
amazon-all-beauty,test,945,29,11.692065586746565,16,20,25
amazon-all-beauty,test,946,4,6.60167253507389,1,2,4
amazon-all-beauty,test,947,8,4.067152848156875,8,8,8
amazon-all-beauty,test,948,4,1.6803600260808853,4,4,4
amazon-all-beauty,test,949,2,0.8488068369623197,1,1,1
amazon-all-beauty,test,950,4,5.981385813883732,1,1,1
amazon-all-beauty,test,951,5,0.7768448184216694,5,5,5
amazon-all-beauty,test,952,34,28.69303803295942,7,22,31
amazon-all-beauty,test,953,10,1.6892818985985425,7,8,9
amazon-all-beauty,test,954,6,0.18221037685880145,3,3,3
amazon-all-beauty,test,955,3,14.792908845808471,1,1,1
amazon-all-beauty,test,956,3,2.34400175537216,1,1,1
amazon-all-beauty,test,957,6,0.38023995288211576,4,6,6
amazon-all-beauty,test,958,5,2.347704392082223,5,5,5
amazon-all-beauty,test,959,3,16.118614342177093,1,1,1
amazon-all-beauty,test,960,4,3.065999433811327,2,2,2
amazon-all-beauty,test,961,8,2.4524830681807894,6,6,6
amazon-all-beauty,test,962,3,2.986978596882092,3,3,3
amazon-all-beauty,test,963,11,18.7097350430525,7,10,10
amazon-all-beauty,test,964,6,1.1432231991283066,5,5,5
amazon-all-beauty,test,965,5,2.4737730107784968,1,1,1
amazon-all-beauty,test,967,3,0.4333005085398044,2,2,2
amazon-all-beauty,test,968,4,63.10928096847603,3,4,4
amazon-all-beauty,test,970,4,2.2294679667989956,2,2,2
amazon-all-beauty,test,974,4,0.94592561079866,1,1,1
amazon-all-beauty,test,975,2,0.8745919555638649,2,2,2
amazon-all-beauty,test,977,3,10.744808901959157,2,2,2
amazon-all-beauty,test,978,4,8.164410453703152,2,4,4
amazon-all-beauty,test,979,5,0.8221881662821848,5,5,5
amazon-all-beauty,test,980,6,5.726481805336594,4,6,6
amazon-all-beauty,test,981,3,0.5386818915445932,2,2,2
amazon-all-beauty,test,982,2,0.9292318467707426,1,1,1
amazon-all-beauty,test,983,3,2.772559762712637,2,2,2
amazon-all-beauty,test,984,5,0.17900413842095783,5,5,5
amazon-all-beauty,test,985,6,94.03931552970633,3,5,6
amazon-all-beauty,test,986,6,0.22008821182073354,3,3,3
amazon-all-beauty,test,987,2,5.569209074375156,1,2,2
amazon-all-beauty,test,988,11,5.965585092320902,1,5,9
amazon-all-beauty,test,989,3,12.037665467391246,1,2,3
amazon-all-beauty,test,990,13,19.75822195532353,1,2,6
amazon-all-beauty,test,991,2,0.031109289707882237,1,1,1
amazon-all-beauty,test,992,9,7.267597309386527,5,9,9
amazon-all-beauty,test,993,3,0.1831097866055491,2,2,2
amazon-all-beauty,test,994,18,23.057617344475247,11,15,18
amazon-all-beauty,test,995,3,0.2042770653947918,1,1,1
amazon-all-beauty,test,996,3,1.8586795568746508,3,3,3
amazon-all-beauty,test,997,6,0.521470629820914,5,5,6
amazon-all-beauty,test,999,15,1.6237407217938007,8,10,15
amazon-all-beauty,test,1001,7,4.314720499744216,4,4,4
amazon-all-beauty,test,1002,4,57.70360715869732,2,4,4
amazon-all-beauty,test,1003,5,2.269360110041609,5,5,5
amazon-all-beauty,test,1004,3,5.866999097032066,3,3,3
amazon-all-beauty,test,1005,5,7.509457754178606,4,5,5
amazon-all-beauty,test,1006,3,1.4091912959259698,3,3,3
amazon-all-beauty,test,1008,5,0.7043811579650792,3,3,3
amazon-all-beauty,test,1009,5,2.678131040529308,3,4,4
amazon-all-beauty,test,1011,6,3.8781811672663045,3,4,5
amazon-all-beauty,test,1012,14,12.175282524714572,6,8,9
amazon-all-beauty,test,1013,6,3.602995493899739,3,5,5
amazon-all-beauty,test,1014,21,6.355169592859156,20,20,20
amazon-all-beauty,test,1015,5,2.556580569990315,2,2,2
amazon-all-beauty,test,1016,16,7.31642661910765,7,13,15
amazon-all-beauty,test,1018,4,2.595333219512972,2,4,4
amazon-all-beauty,test,1019,2,0.42618263673503276,2,2,2
amazon-all-beauty,test,1020,7,2.896546342730172,5,6,6
amazon-all-beauty,test,1021,4,1.721152640283856,3,3,3
amazon-all-beauty,test,1024,6,12.024689446761254,4,4,4
amazon-all-beauty,test,1025,5,21.063271740287316,1,2,3
amazon-all-beauty,test,1026,5,1.4164197212191845,5,5,5
amazon-all-beauty,test,1028,5,16.266514746655538,1,1,1
amazon-all-beauty,test,1029,3,2.19013339767201,3,3,3
amazon-all-beauty,test,1030,4,3.333783953763547,4,4,4
amazon-all-beauty,test,1031,4,0.4384814782331043,4,4,4
amazon-all-beauty,test,1032,6,3.67295980903149,1,1,1
amazon-all-beauty,test,1034,27,9.74883758094485,12,24,25
amazon-all-beauty,test,1035,3,0.07774038907212161,2,2,2
amazon-all-beauty,test,1036,5,38.69134121482116,2,3,4
amazon-all-beauty,test,1037,5,2.434342183334639,3,5,5
amazon-all-beauty,test,1038,4,1.3485645369253958,1,1,1
amazon-all-beauty,test,1039,3,1.1457456414552485,2,3,3
amazon-all-beauty,test,1040,9,1.0386038923442489,1,9,9
amazon-all-beauty,test,1041,3,0.5822742993727291,1,1,1
amazon-all-beauty,test,1042,5,5.070354904164608,3,5,5
amazon-all-beauty,test,1043,2,6.349046140631403,1,2,2
amazon-all-beauty,test,1044,12,5.044981161897812,8,8,9
amazon-all-beauty,test,1046,5,2.621936845929575,4,4,4
amazon-all-beauty,test,1048,15,3.153606862181749,11,12,14
amazon-all-beauty,test,1049,13,4.959239097356672,4,8,8
amazon-all-beauty,test,1050,5,0.24674752073970335,5,5,5
amazon-all-beauty,test,1051,3,18.065482685207524,2,3,3
amazon-all-beauty,test,1053,36,15.97725507111848,21,32,36
amazon-all-beauty,test,1054,4,0.845198336141908,1,1,3
amazon-all-beauty,test,1055,4,61.01663040333296,2,4,4
amazon-all-beauty,test,1059,2,2.529201883092339,2,2,2
amazon-all-beauty,test,1060,3,3.122849146300469,3,3,3
amazon-all-beauty,test,1061,3,0.8326581621840274,2,3,3
amazon-all-beauty,test,1062,4,7.338205219360656,1,4,4
amazon-all-beauty,test,1063,3,1.0028124033398265,3,3,3
amazon-all-beauty,test,1064,7,14.59848377544845,4,4,4
amazon-all-beauty,test,1066,17,2.970295070444296,17,17,17
amazon-all-beauty,test,1067,5,6.676278848233657,1,5,5
amazon-all-beauty,test,1068,4,23.86387850477499,2,4,4
amazon-all-beauty,test,1069,4,0.6647669278396594,1,1,1
amazon-all-beauty,test,1070,4,15.096558265777201,4,4,4
amazon-all-beauty,test,1071,3,3.4405234404919787,1,3,3
amazon-all-beauty,test,1072,7,4.792589732633473,6,6,6
amazon-all-beauty,test,1073,2,0.8009658292338755,2,2,2
amazon-all-beauty,test,1074,3,15.489611936031292,1,1,1
amazon-all-beauty,test,1075,2,2.697075326502655,2,2,2
amazon-all-beauty,test,1076,4,0.827864722731414,2,2,2
amazon-all-beauty,test,1077,4,11.645142903336863,1,2,2
amazon-all-beauty,test,1078,6,2.2970586592065434,3,5,5
amazon-all-beauty,test,1079,4,59.27709604513778,2,4,4
amazon-all-beauty,test,1081,26,10.442526512393258,12,24,25
amazon-all-beauty,test,1082,6,3.123325194241106,6,6,6
amazon-all-beauty,test,1084,17,18.823422482559423,4,14,15
amazon-all-beauty,test,1086,2,14.580248754712647,1,1,1
amazon-all-beauty,test,1087,12,6.110381322141068,12,12,12
amazon-all-beauty,test,1088,5,1.8330428833298635,1,2,2
amazon-all-beauty,test,1090,9,1.1035099640154948,7,9,9
amazon-all-beauty,test,1091,5,27.38497177952101,2,3,5
amazon-all-beauty,test,1092,3,1.174919402386919,3,3,3
amazon-all-beauty,test,1093,3,0.716564389603977,3,3,3
amazon-all-beauty,test,1094,14,2.122963632521703,12,14,14
amazon-all-beauty,test,1095,2,0.31926037156833953,1,1,1
amazon-all-beauty,test,1096,5,3.0375177090021186,2,4,4
amazon-all-beauty,test,1097,13,1.3243813514805023,5,8,8
amazon-all-beauty,test,1098,6,4.903036850018369,5,5,5
amazon-all-beauty,test,1099,16,12.526771641500819,16,16,16
amazon-all-beauty,test,1102,10,7.003689215479111,8,8,10
amazon-all-beauty,test,1103,4,1.19465160825362,3,3,3
amazon-all-beauty,test,1104,4,0.4531867776529638,1,1,1
amazon-all-beauty,test,1105,6,0.1594241230708151,4,4,4
amazon-all-beauty,test,1106,4,2.8057477201854377,4,4,4
amazon-all-beauty,test,1107,9,3.538680705482323,9,9,9
amazon-all-beauty,test,1108,4,2.789153522963882,1,3,3
amazon-all-beauty,test,1110,8,2.355886973259602,7,8,8
amazon-all-beauty,test,1111,4,62.10761798432463,2,4,4
amazon-all-beauty,test,1112,3,5.956428192200766,1,2,2
amazon-all-beauty,test,1115,4,4.549857095102531,2,3,4
amazon-all-beauty,test,1116,8,3.933980340705751,3,8,8
amazon-all-beauty,test,1117,6,1.3996998013969941,5,5,5
amazon-all-beauty,test,1118,13,8.198856573547252,1,3,3
amazon-all-beauty,test,1119,4,0.37725806748631896,3,3,3
amazon-all-beauty,test,1120,8,3.071486906964963,5,5,5
amazon-all-beauty,test,1121,4,0.7152477356354594,4,4,4
amazon-all-beauty,test,1122,2,9.77175130521471,1,2,2
amazon-all-beauty,test,1124,11,2.9076174225056564,2,3,8
amazon-all-beauty,test,1125,4,0.22780498264759685,3,3,3
amazon-all-beauty,test,1126,5,8.010053313499043,2,4,4
amazon-all-beauty,test,1128,3,0.2285266079024832,3,3,3
amazon-all-beauty,test,1129,3,0.7644019015699407,1,3,3
amazon-all-beauty,test,1131,15,6.437699426226771,6,11,11
amazon-all-beauty,test,1133,4,3.576690880023871,3,4,4
amazon-all-beauty,test,1134,6,2.916861841536462,5,6,6
amazon-all-beauty,test,1135,3,15.933125814052278,2,3,3
amazon-all-beauty,test,1136,4,1.520216712304054,3,3,3
amazon-all-beauty,test,1138,2,1.6031104795156121,2,2,2
amazon-all-beauty,test,1139,15,5.126566140606434,11,11,13
amazon-all-beauty,test,1140,5,46.667592003318475,2,4,5
amazon-all-beauty,test,1141,4,1.7083454150422035,3,4,4
amazon-all-beauty,test,1143,17,6.032387989683755,13,14,15
amazon-all-beauty,test,1144,23,3.1613393015154445,1,8,8
amazon-all-beauty,test,1145,6,5.764775261487715,5,5,6
amazon-all-beauty,test,1146,2,0.1378420346086728,2,2,2
amazon-all-beauty,test,1147,4,59.684253244270465,2,4,4
amazon-all-beauty,test,1148,6,3.526920211406236,3,5,6
amazon-all-beauty,test,1150,3,3.2628520615166803,3,3,3
amazon-all-beauty,test,1151,4,29.391102972365683,2,2,2
amazon-all-beauty,test,1152,6,1.3685846438020912,4,4,4
amazon-all-beauty,test,1153,3,12.90806325707057,1,3,3
amazon-all-beauty,test,1154,2,0.49622123681949293,1,1,1
amazon-all-beauty,test,1155,6,2.0293318193352494,5,5,5
amazon-all-beauty,test,1156,5,38.92189361708105,4,5,5
amazon-all-beauty,test,1159,3,5.355975178837903,2,3,3
amazon-all-beauty,test,1160,2,0.28082571158274083,2,2,2
amazon-all-beauty,test,1161,3,4.450295282687018,2,2,2
amazon-all-beauty,test,1162,3,12.508542675925026,2,2,3
amazon-all-beauty,test,1164,9,3.493865030483361,7,9,9
amazon-all-beauty,test,1165,24,15.13238833301757,11,18,19
amazon-all-beauty,test,1166,2,0.11599027304089823,2,2,2
amazon-all-beauty,test,1168,2,9.556276750776167,1,1,2
amazon-all-beauty,test,1169,4,1.3591759239347054,4,4,4
amazon-all-beauty,test,1170,5,28.26493915656615,1,3,3
amazon-all-beauty,test,1171,12,19.71784102957696,11,12,12
amazon-all-beauty,test,1172,4,6.703528566465837,1,1,2
amazon-all-beauty,test,1173,3,3.6981889765499885,2,2,2
amazon-all-beauty,test,1174,4,0.4135759184413643,4,4,4
amazon-all-beauty,test,1175,6,4.4078512328337,5,6,6
amazon-all-beauty,test,1176,2,9.629110962055684,1,2,2
amazon-all-beauty,test,1177,24,21.539947170289516,15,19,19
amazon-all-beauty,test,1178,5,2.0667930343187115,3,4,4
amazon-all-beauty,test,1179,3,3.1730535391629955,2,3,3
amazon-all-beauty,test,1180,4,6.196127631536647,4,4,4
amazon-all-beauty,test,1182,2,0.031080075121438677,1,1,1
amazon-all-beauty,test,1183,5,0.44330263408824117,2,2,2
amazon-all-beauty,test,1185,5,0.7667804558162152,4,4,4
amazon-all-beauty,test,1186,3,10.702453744351768,1,3,3
amazon-all-beauty,test,1187,2,0.32239419778337447,2,2,2
amazon-all-beauty,test,1188,3,6.72936849362913,3,3,3
amazon-all-beauty,test,1189,5,0.5291312187507705,3,5,5
amazon-all-beauty,test,1190,6,0.24718923529883619,5,5,5
amazon-all-beauty,test,1192,47,72.20323770030018,26,40,42
amazon-all-beauty,test,1193,3,1.719982558642196,3,3,3
amazon-all-beauty,test,1194,6,2.4651085761977902,1,1,1
amazon-all-beauty,test,1195,3,1.202131416323775,2,2,2
amazon-all-beauty,test,1196,4,1.834986776966296,2,2,2
amazon-all-beauty,test,1197,5,6.055395038326978,2,3,5
amazon-all-beauty,test,1199,5,74.89684360738967,3,5,5
amazon-all-beauty,test,1200,4,1.4382052505728211,1,1,1
amazon-all-beauty,test,1201,16,10.548294738971103,12,16,16
amazon-all-beauty,test,1203,3,0.11199318076618997,1,1,1
amazon-all-beauty,test,1204,5,1.0876354568945956,4,4,4
amazon-all-beauty,test,1205,4,6.689287828909894,2,3,3
amazon-all-beauty,test,1206,2,27.72570999092038,1,2,2
amazon-all-beauty,test,1207,3,1.0612726635431613,1,1,1
amazon-all-beauty,test,1208,67,13.146459963063524,21,45,53
amazon-all-beauty,test,1209,5,1.3649172144141521,4,4,4
amazon-all-beauty,test,1210,7,2.4247794626451245,5,5,5
amazon-all-beauty,test,1211,2,3.369509897221462,2,2,2
amazon-all-beauty,test,1212,6,7.868742358871855,2,5,6
amazon-all-beauty,test,1213,13,10.349124420741234,7,11,11
amazon-all-beauty,test,1214,5,1.4856392516696169,3,4,4
amazon-all-beauty,test,1215,9,4.212090281811517,7,7,9
amazon-all-beauty,test,1216,4,2.674259046611935,3,4,4
amazon-all-beauty,test,1217,4,2.480242730764801,4,4,4
amazon-all-beauty,test,1218,15,4.757265364890497,13,15,15
amazon-all-beauty,test,1219,4,2.8978857191548117,2,2,2
amazon-all-beauty,test,1220,5,3.7582798851017785,3,4,4
amazon-all-beauty,test,1221,9,0.10697707372843981,3,7,7
amazon-all-beauty,test,1222,9,5.670676077342497,4,6,6
amazon-all-beauty,test,1223,4,0.02658702154482112,2,2,2
amazon-all-beauty,test,1224,4,4.56614859674788,3,4,4
amazon-all-beauty,test,1225,50,15.850215129847289,22,34,45
amazon-all-beauty,test,1226,2,3.731240287164402,2,2,2
amazon-all-beauty,test,1227,3,1.2495099846155238,1,1,1
amazon-all-beauty,test,1228,2,8.54517227398413,1,1,1
amazon-all-beauty,test,1230,6,1.0822965536463767,3,3,3
amazon-all-beauty,test,1231,6,2.309528418520175,4,6,6
amazon-all-beauty,test,1233,15,6.252608541084105,3,5,5
amazon-all-beauty,test,1234,2,3.857448299389583,2,2,2
amazon-all-beauty,test,1235,11,7.322925241558748,6,6,6
amazon-all-beauty,test,1237,5,0.45943869915187185,3,3,3
amazon-all-beauty,test,1238,5,26.2849676907274,1,4,4
amazon-all-beauty,test,1239,4,61.72101280978464,3,4,4
amazon-all-beauty,test,1240,4,3.0965748706489853,2,3,3
amazon-all-beauty,test,1241,4,7.771224818415428,4,4,4
amazon-all-beauty,test,1243,4,0.14970690216453242,1,1,1
amazon-all-beauty,test,1244,4,5.012930887839397,2,4,4
amazon-all-beauty,test,1245,17,2.599307776604547,11,11,11
amazon-all-beauty,test,1246,6,2.744345214035861,6,6,6
amazon-all-beauty,test,1247,2,7.699853833431288,1,2,2
amazon-all-beauty,test,1248,6,5.315790265487554,1,5,5
amazon-all-beauty,test,1249,10,4.574730818485966,6,10,10
amazon-all-beauty,test,1251,27,5.625624563224766,15,16,18
amazon-all-beauty,test,1252,6,1.2729182344277048,3,3,3
amazon-all-beauty,test,1253,3,1.898140597694233,1,2,3
amazon-all-beauty,test,1255,3,8.306284725484327,2,2,2
amazon-all-beauty,test,1256,3,0.3406666731171808,1,1,1
amazon-all-beauty,test,1257,8,8.72353231816807,5,7,7
amazon-all-beauty,test,1258,15,8.824691943734454,10,12,13
amazon-all-beauty,test,1259,11,5.738856429971294,11,11,11
amazon-all-beauty,test,1260,9,6.105287247115138,6,9,9
amazon-all-beauty,test,1261,5,19.355555375218604,1,1,3
amazon-all-beauty,test,1262,4,58.82183902700445,2,4,4
amazon-all-beauty,test,1263,5,0.30544998734346707,2,2,2
amazon-all-beauty,test,1264,2,0.07019940515855927,1,1,1
amazon-all-beauty,test,1265,10,12.733934583671857,8,9,9
amazon-all-beauty,test,1266,3,0.17470822087850388,1,1,1
amazon-all-beauty,test,1267,4,10.603236763935218,2,2,3
amazon-all-beauty,test,1268,8,4.247412339854282,4,8,8
amazon-all-beauty,test,1269,2,3.7672885898624764,1,2,2
amazon-all-beauty,test,1272,5,0.38512927610562075,1,1,1
amazon-all-beauty,test,1273,3,1.5903274749140026,3,3,3
amazon-all-beauty,test,1274,3,1.0085151155833287,3,3,3
amazon-all-beauty,test,1275,4,9.782243212056386,2,3,4
amazon-all-beauty,test,1276,3,1.167998541767651,3,3,3
amazon-all-beauty,test,1277,14,0.34414420769323684,9,13,13
amazon-all-beauty,test,1278,9,12.537353876348014,4,7,7
amazon-all-beauty,test,1279,4,0.5118517896587231,3,3,3
amazon-all-beauty,test,1280,6,7.6461327035134605,5,6,6
amazon-all-beauty,test,1281,2,8.155133074626102,1,2,2
amazon-all-beauty,test,1282,3,7.089905767352637,2,3,3
amazon-all-beauty,test,1283,7,1.4861572487600188,6,7,7
amazon-all-beauty,test,1284,6,0.40765621922675604,4,4,4
amazon-all-beauty,test,1285,3,1.5319875688189224,1,2,2
amazon-all-beauty,test,1286,9,1.3879028515121825,4,8,8
amazon-all-beauty,test,1288,3,0.8508127803827796,2,2,2
amazon-all-beauty,test,1292,4,0.39234440501654405,1,1,1
amazon-all-beauty,test,1293,4,2.811625407825951,1,3,3
amazon-all-beauty,test,1294,22,18.684375845654596,15,21,21
amazon-all-beauty,test,1295,4,57.241046618801775,2,4,4
amazon-all-beauty,test,1296,4,4.7357512565237325,4,4,4
amazon-all-beauty,test,1297,3,2.6591365029703056,2,2,2
amazon-all-beauty,test,1298,29,35.165045246714996,13,22,22
amazon-all-beauty,test,1299,6,2.9171472455732568,3,3,3
amazon-all-beauty,test,1300,2,1.8529854591886898,1,1,1
amazon-all-beauty,test,1301,4,0.9305301479862379,2,2,2
amazon-all-beauty,test,1302,7,107.72287992149515,4,6,7
amazon-all-beauty,test,1303,10,2.798457245108195,5,9,9
amazon-all-beauty,test,1305,19,5.557372547465119,5,12,18
amazon-all-beauty,test,1306,4,1.923348478516199,3,4,4
amazon-all-beauty,test,1307,2,1.0233894600888485,1,1,1
amazon-all-beauty,test,1308,5,31.67714486096385,1,2,2
amazon-all-beauty,test,1309,3,0.06484164976267834,1,1,1
amazon-all-beauty,test,1310,4,0.7480046531095587,1,1,1
amazon-all-beauty,test,1311,3,0.4068931442167447,1,1,1
amazon-all-beauty,test,1312,2,2.4649224268457077,1,1,2
amazon-all-beauty,test,1313,7,0.9107566172130721,5,5,5
amazon-all-beauty,test,1315,5,17.847875028988298,1,1,3
amazon-all-beauty,test,1316,4,0.25841749953727966,3,3,3
amazon-all-beauty,test,1318,3,19.565291011302236,2,3,3
amazon-all-beauty,test,1320,6,2.2344207131417884,5,6,6
amazon-all-beauty,test,1321,3,15.540799886637418,1,1,1
amazon-all-beauty,test,1322,5,0.9027275374631814,2,4,4
amazon-all-beauty,test,1323,3,0.21183821236694644,3,3,3
amazon-all-beauty,test,1324,4,15.856366173628903,2,3,3
amazon-all-beauty,test,1325,4,12.170062602239348,2,4,4
amazon-all-beauty,test,1327,65,45.27592477743386,19,21,24
amazon-all-beauty,test,1330,7,0.40306715703058704,5,5,5
amazon-all-beauty,test,1331,13,6.931296094515429,2,10,10
amazon-all-beauty,test,1333,4,20.08506850602036,1,2,2
amazon-all-beauty,test,1334,3,4.905568406297491,2,3,3
amazon-all-beauty,test,1336,18,13.699309867819602,13,15,15
amazon-all-beauty,test,1338,10,3.6327694023401005,5,10,10
amazon-all-beauty,test,1339,5,14.722107045865343,3,4,5
amazon-all-beauty,test,1341,3,2.5577135715799506,3,3,3
amazon-all-beauty,test,1342,4,3.5939444654432955,1,2,2
amazon-all-beauty,test,1343,11,6.082082625467441,6,11,11
amazon-all-beauty,test,1344,5,16.403387393843527,1,1,1
amazon-all-beauty,test,1345,2,31.358007340476966,2,2,2
amazon-all-beauty,test,1346,2,28.988400498270998,2,2,2
amazon-all-beauty,test,1347,3,3.1882963120642196,2,2,3
amazon-all-beauty,test,1348,5,8.49611524030714,1,4,4
amazon-all-beauty,test,1350,4,0.40407393662494745,2,2,2
amazon-all-beauty,test,1351,2,1.6953482949886685,2,2,2
amazon-all-beauty,test,1352,6,1.5902501935934534,6,6,6
amazon-all-beauty,test,1354,15,11.115272330821481,7,14,14
amazon-all-beauty,test,1355,2,1.0406938589128991,1,2,2
amazon-all-beauty,test,1358,4,0.19687166712600568,3,3,3
amazon-all-beauty,test,1359,36,7.529940300491997,11,26,30
amazon-all-beauty,test,1360,6,1.9790929682425582,3,3,4
amazon-all-beauty,test,1361,4,0.5137072904438651,1,4,4
amazon-all-beauty,test,1362,2,5.283964469319847,1,1,1
amazon-all-beauty,test,1363,35,7.83835719139206,12,32,35
amazon-all-beauty,test,1364,4,5.038588411110407,3,3,4
amazon-all-beauty,test,1365,2,0.594959547473547,2,2,2
amazon-all-beauty,test,1366,4,61.46275611532146,2,4,4
amazon-all-beauty,test,1367,8,4.751594426630969,4,6,8
amazon-all-beauty,test,1368,3,0.6251787910841826,2,2,2
amazon-all-beauty,test,1369,3,14.942185394641932,1,1,1
amazon-all-beauty,test,1370,5,76.82591308847806,3,5,5
amazon-all-beauty,test,1371,2,0.37783749011744827,1,1,1
amazon-all-beauty,test,1372,6,2.2397981322016216,4,5,5
amazon-all-beauty,test,1373,4,60.76069377151884,3,4,4
amazon-all-beauty,test,1374,2,0.41378653813080957,1,1,1
amazon-all-beauty,test,1375,4,0.3412010253820447,4,4,4
amazon-all-beauty,test,1376,2,2.493905419024876,2,2,2
amazon-all-beauty,test,1377,3,0.7364019677397305,2,2,2
amazon-all-beauty,test,1378,5,1.7037386867606423,4,4,4
amazon-all-beauty,test,1379,3,8.481741663776939,1,1,1
amazon-all-beauty,test,1380,3,0.1215219426201801,2,2,2
amazon-all-beauty,test,1381,3,7.918378440633994,2,3,3
amazon-all-beauty,test,1383,4,0.3664781347859891,3,3,3
amazon-all-beauty,test,1385,7,0.43729866202812284,4,4,4
amazon-all-beauty,test,1386,6,6.15419558603805,4,6,6
amazon-all-beauty,test,1388,5,0.49806231758440317,1,3,3
amazon-all-beauty,test,1389,4,2.594209831270157,3,3,3
amazon-all-beauty,test,1391,9,10.22139937244821,4,7,8
amazon-all-beauty,test,1393,3,4.317218846279776,1,3,3
amazon-all-beauty,test,1394,3,0.5416544132908889,1,1,1
amazon-all-beauty,test,1395,5,1.7690163704684227,1,1,3
amazon-all-beauty,test,1396,5,2.9884770304995913,4,4,4
amazon-all-beauty,test,1398,4,3.067271391959559,1,2,2
amazon-all-beauty,test,1399,7,106.7552006801755,4,6,7
amazon-all-beauty,test,1400,4,0.03409204904429912,3,3,3
amazon-all-beauty,test,1401,3,1.282271022095404,1,3,3
amazon-all-beauty,test,1402,3,1.2653798723360028,3,3,3
amazon-all-beauty,test,1403,5,2.720471278721824,1,1,1
amazon-all-beauty,test,1404,5,4.524392837557224,4,5,5
amazon-all-beauty,test,1405,3,0.3946710846445824,2,2,2
amazon-all-beauty,test,1406,3,1.4837481690163705,3,3,3
amazon-all-beauty,test,1407,4,2.3508112509866947,4,4,4
amazon-all-beauty,test,1408,6,1.9148689448009741,2,6,6
amazon-all-beauty,test,1409,7,46.75315041548073,2,3,3
amazon-all-beauty,test,1410,9,138.3129014547678,5,8,9
amazon-all-beauty,test,1412,5,5.690504541526069,4,5,5
amazon-all-beauty,test,1413,5,8.286526426247683,1,1,1
amazon-all-beauty,test,1414,5,0.932922123463464,5,5,5
amazon-all-beauty,test,1415,4,0.24733611974734374,3,3,3
amazon-all-beauty,test,1416,5,1.8791626025826818,5,5,5
amazon-all-beauty,test,1417,5,6.170539274423285,3,4,5
amazon-all-beauty,test,1419,7,2.090383812871835,3,3,3
amazon-all-beauty,test,1420,5,3.3220157190705395,4,4,4
amazon-all-beauty,test,1424,4,1.5691384100335872,3,3,3
amazon-all-beauty,test,1426,3,1.058386974039906,2,3,3
amazon-all-beauty,test,1427,4,2.948734331103016,1,1,1
amazon-all-beauty,test,1428,8,2.7914950595824624,1,2,2
amazon-all-beauty,test,1429,11,0.15318655916780877,5,5,5
amazon-all-beauty,test,1430,4,0.6254213720305917,2,2,2
amazon-all-beauty,test,1431,2,0.8540427400660262,2,2,2
amazon-all-beauty,test,1432,11,0.09242802240658898,11,11,11
amazon-all-beauty,test,1433,3,2.4860456964822952,3,3,3
amazon-all-beauty,test,1434,3,3.2300257906119425,3,3,3
amazon-all-beauty,test,1435,5,77.63870520703185,3,4,5
amazon-all-beauty,test,1436,5,30.951295975909204,2,2,2
amazon-all-beauty,test,1437,7,3.1140647945818176,1,1,1
amazon-all-beauty,test,1439,3,2.774385050122055,2,3,3
amazon-all-beauty,test,1440,5,3.3493130046421853,3,3,3
amazon-all-beauty,test,1441,5,2.391381821847829,4,5,5
amazon-all-beauty,test,1442,3,7.353599683383798,2,2,3
amazon-all-beauty,test,1443,3,1.9016424777589913,1,3,3
amazon-all-beauty,test,1444,2,0.7338434441500443,1,1,1
amazon-all-beauty,test,1445,3,2.6728401415908656,2,2,3
amazon-all-beauty,test,1446,2,1.742715002657716,1,2,2
amazon-all-beauty,test,1448,9,3.332229213400381,2,2,4
amazon-all-beauty,test,1450,3,2.4244748319146883,1,2,2
amazon-all-beauty,test,1451,2,0.31762472927348384,2,2,2
amazon-all-beauty,test,1452,3,3.7239391375267292,1,3,3
amazon-all-beauty,test,1453,14,23.29458734240588,5,12,12
amazon-all-beauty,test,1455,6,6.277550182138588,2,3,3
amazon-all-beauty,test,1458,2,1.704965449693949,1,1,1
amazon-all-beauty,test,1459,6,23.172825815207126,2,3,3
amazon-all-beauty,test,1460,3,5.872781962115298,3,3,3
amazon-all-beauty,test,1461,10,3.4165827111448337,2,3,8
amazon-all-beauty,test,1462,5,0.6144059747574737,2,5,5
amazon-all-beauty,test,1464,5,76.64337935358982,3,4,5
amazon-all-beauty,test,1465,4,2.241155798954954,2,2,2
amazon-all-beauty,test,1466,34,11.509012231735342,24,29,32
amazon-all-beauty,test,1467,34,11.662873410637543,24,30,32
amazon-all-beauty,test,1468,36,5.2823064791148475,24,31,36
amazon-all-beauty,test,1469,3,1.0025163871669311,1,3,3
amazon-all-beauty,test,1470,5,4.281967764700227,4,4,4
amazon-all-beauty,test,1471,4,1.795845286292023,1,3,3
amazon-all-beauty,test,1472,8,4.074253241149243,5,8,8
amazon-all-beauty,test,1473,7,1.039063335413104,7,7,7
amazon-all-beauty,test,1474,3,2.507349622129924,2,2,2
amazon-all-beauty,test,1475,5,75.49940156916038,3,5,5
amazon-all-beauty,test,1476,7,44.752131400717694,2,3,3
amazon-all-beauty,test,1477,8,5.124925629213837,1,2,2
amazon-all-beauty,test,1478,3,3.861292639328764,3,3,3
amazon-all-beauty,test,1479,4,0.8900648245454963,3,3,3
amazon-all-beauty,test,1480,7,2.1167176413341453,7,7,7
amazon-all-beauty,test,1481,4,5.553438316490729,4,4,4
amazon-all-beauty,test,1483,7,2.0008908576135367,7,7,7
amazon-all-beauty,test,1485,7,2.401033996602244,3,3,7
amazon-all-beauty,test,1486,6,0.6901093330927914,1,1,1
amazon-all-beauty,test,1487,3,4.208000739104067,1,2,3
amazon-all-beauty,test,1488,12,1.3710131999367017,8,8,10
amazon-all-beauty,test,1489,4,2.3041750328273944,1,2,2
amazon-all-beauty,test,1490,9,6.164848422802484,4,6,6
amazon-all-beauty,test,1491,4,61.23313121375682,2,4,4
amazon-all-beauty,test,1492,7,2.9787644289937294,4,6,7
amazon-all-beauty,test,1493,4,0.9950858943174821,2,4,4
amazon-all-beauty,test,1494,4,1.4387563325581272,4,4,4
amazon-all-beauty,test,1495,4,58.73640096895045,2,4,4
amazon-all-beauty,test,1496,4,1.5089299564683933,4,4,4
amazon-all-beauty,test,1497,4,7.60669301181474,2,2,2
amazon-all-beauty,test,1498,4,1.917366417395913,2,3,3
amazon-all-beauty,test,1499,5,1.0063993053420557,2,2,2
amazon-all-beauty,test,1500,3,1.6767032712533776,2,3,3
amazon-all-beauty,test,1501,2,0.9198043996043546,1,1,1
amazon-all-beauty,test,1502,2,0.8503852985708886,1,1,1
amazon-all-beauty,test,1503,11,6.175984923275817,6,10,11
amazon-all-beauty,test,1504,5,79.54880224877407,3,5,5
amazon-all-beauty,test,1505,3,1.6052758546749113,1,1,1
amazon-all-beauty,test,1506,12,4.6351312268659335,7,12,12
amazon-all-beauty,test,1507,3,1.8354198769678882,2,2,2
amazon-all-beauty,test,1508,6,10.403384272627026,1,2,4
amazon-all-beauty,test,1509,11,4.796813362801778,5,7,7
amazon-all-beauty,test,1510,16,68.31458990804583,8,13,14
amazon-all-beauty,test,1511,5,77.5649809496551,3,4,5
amazon-all-beauty,test,1512,5,2.565745834970672,5,5,5
amazon-all-beauty,test,1513,11,10.143375951463835,4,8,9
amazon-all-beauty,test,1514,27,15.272831464608995,16,23,25
amazon-all-beauty,test,1515,6,1.5432384306648288,1,1,1
amazon-all-beauty,test,1516,4,59.374363264030876,3,4,4
amazon-all-beauty,test,1517,3,24.165695396112028,2,3,3
amazon-all-beauty,test,1518,12,4.4257384252027,10,12,12
amazon-all-beauty,test,1519,4,2.8765881607888435,1,4,4
amazon-all-beauty,test,1520,6,0.6378395688476375,1,2,2
amazon-all-beauty,test,1522,5,9.857291052502294,2,2,3
amazon-all-beauty,test,1523,3,0.5871175534406887,1,2,2
amazon-all-beauty,test,1524,6,0.6337556443298888,3,3,3
amazon-all-beauty,test,1526,4,14.962102001979474,1,1,1
amazon-all-beauty,test,1527,5,32.159446595829614,2,2,2
amazon-all-beauty,test,1528,9,1.7699067911116493,5,5,8
amazon-all-beauty,test,1529,5,18.09786237245539,1,1,4
amazon-all-beauty,test,1530,5,2.4534449646818746,3,3,3
amazon-all-beauty,test,1531,2,0.7595044631835347,2,2,2
amazon-all-beauty,test,1532,4,0.35894077148356723,4,4,4
amazon-all-beauty,test,1533,5,3.907671669248433,3,5,5
amazon-all-beauty,test,1534,4,2.6476383159289103,1,3,4
amazon-all-beauty,test,1535,5,29.94049475651234,3,4,4
amazon-all-beauty,test,1536,7,105.03369022363205,4,6,7
amazon-all-beauty,test,1537,4,61.81368909375167,2,4,4
amazon-all-beauty,test,1538,2,2.029796506047825,1,2,2
amazon-all-beauty,test,1539,5,7.373493817962538,3,5,5
amazon-all-beauty,test,1540,38,14.496326983634525,33,36,36
amazon-all-beauty,test,1541,7,47.39961671461376,2,3,3
amazon-all-beauty,test,1542,7,0.05661050245655347,7,7,7
amazon-all-beauty,test,1544,4,0.9582484232394545,3,3,3
amazon-all-beauty,test,1546,10,13.028716752411686,1,6,7
amazon-all-beauty,test,1547,2,0.9659590764819771,2,2,2
amazon-all-beauty,test,1548,5,77.09459664363105,3,5,5
amazon-all-beauty,test,1549,4,0.16713202964281737,4,4,4
amazon-all-beauty,test,1550,2,0.12098197216561551,2,2,2
amazon-all-beauty,test,1551,4,2.420743729710142,3,3,3
amazon-all-beauty,test,1552,3,0.05639370275843747,2,2,2
amazon-all-beauty,test,1554,8,4.05273482550371,4,4,4
amazon-all-beauty,test,1555,3,3.535187876945415,2,2,2
amazon-all-beauty,test,1556,6,93.83245316068428,3,5,6
amazon-all-beauty,test,1557,11,6.428841413798711,4,5,7
amazon-all-beauty,test,1560,5,5.442830394031734,3,5,5
amazon-all-beauty,test,1562,5,1.7939533296981565,3,5,5
amazon-all-beauty,test,1563,4,3.0699299193259173,3,3,3
amazon-all-beauty,test,1564,26,7.164783189377626,9,26,26
amazon-all-beauty,test,1565,4,5.241239509981495,3,3,3
amazon-all-beauty,test,1566,4,4.7918910795320295,3,3,3
amazon-all-beauty,test,1567,4,10.340291128347857,1,2,4
amazon-all-beauty,test,1568,3,20.241281022160948,2,3,3
amazon-all-beauty,test,1569,3,1.2459278268623752,1,1,1
amazon-all-beauty,test,1570,2,2.7977277543877284,2,2,2
amazon-all-beauty,test,1571,4,2.6389840565139946,4,4,4
amazon-all-beauty,test,1572,6,3.684045371251536,4,4,4
amazon-all-beauty,test,1574,6,14.88658828875872,1,1,1
amazon-all-beauty,test,1576,4,61.52454596443873,3,4,4
amazon-all-beauty,test,1577,2,0.7210933371703488,1,2,2
amazon-all-beauty,test,1578,6,2.78453874194375,4,4,6
amazon-all-beauty,test,1579,3,8.603237013632537,1,3,3
amazon-all-beauty,test,1580,53,14.68466549454583,29,48,51
amazon-all-beauty,test,1581,6,0.7032466581915234,4,6,6
amazon-all-beauty,test,1583,8,4.39206337068285,6,7,7
amazon-all-beauty,test,1584,2,0.20157977251949902,2,2,2
amazon-all-beauty,test,1585,3,0.8799353533638443,1,1,1
amazon-all-beauty,test,1586,2,0.47951398913629384,2,2,2
amazon-all-beauty,test,1587,28,18.27229243051938,14,22,25
amazon-all-beauty,test,1588,3,0.10844804064073581,3,3,3
amazon-all-beauty,test,1589,7,5.229965051738845,1,3,3
amazon-all-beauty,test,1590,3,1.8460963101290653,1,2,2
amazon-all-beauty,test,1591,3,0.6272923540495755,2,2,2
amazon-all-beauty,test,1592,5,2.4230690360029206,2,2,3
amazon-all-beauty,test,1594,3,0.29939526430305263,2,2,2
amazon-all-beauty,test,1595,2,0.08723675269883789,2,2,2
amazon-all-beauty,test,1596,6,1.828366676769004,4,4,4
amazon-all-beauty,test,1597,4,1.3952131151020373,4,4,4
amazon-all-beauty,test,1600,3,0.5975721305330195,2,3,3
amazon-all-beauty,test,1601,4,0.6805631548507294,3,3,3
amazon-all-beauty,test,1602,2,1.9102411795202001,2,2,2
