/workspace/P78123011/MediaTek_2026_project/Reproduce/LLaRA/.venv/lib/python3.10/site-packages/transformers/utils/hub.py:111: FutureWarning: Using `TRANSFORMERS_CACHE` is deprecated and will be removed in v5 of Transformers. Use `HF_HOME` instead.
  warnings.warn(
Seed set to 1234
Loading full review dataset:   0%|          | 0/1 [00:00<?, ?dataset/s]
Generating full split: 0 examples [00:00, ? examples/s][A
Generating full split: 16000 examples [00:00, 156880.72 examples/s][A
Generating full split: 33000 examples [00:00, 162336.53 examples/s][A
Generating full split: 58455 examples [00:00, 166403.06 examples/s][A
Generating full split: 83096 examples [00:00, 164731.42 examples/s][A
Generating full split: 100604 examples [00:00, 167782.28 examples/s][A
Generating full split: 118000 examples [00:00, 169219.06 examples/s][A
Generating full split: 136000 examples [00:00, 170765.28 examples/s][A
Generating full split: 154000 examples [00:00, 171543.30 examples/s][A
Generating full split: 172000 examples [00:01, 172346.60 examples/s][A
Generating full split: 190000 examples [00:01, 173062.11 examples/s][A
Generating full split: 209329 examples [00:01, 123526.30 examples/s][A
Generating full split: 226733 examples [00:01, 134627.71 examples/s][A
Generating full split: 244000 examples [00:01, 143703.26 examples/s][A
Generating full split: 262000 examples [00:01, 152060.54 examples/s][A
Generating full split: 280000 examples [00:01, 158702.46 examples/s][A
Generating full split: 298000 examples [00:01, 163186.47 examples/s][A
Generating full split: 316000 examples [00:01, 166530.64 examples/s][A
Generating full split: 334000 examples [00:02, 168191.00 examples/s][A
Generating full split: 360000 examples [00:02, 169465.50 examples/s][A
Generating full split: 377434 examples [00:02, 170745.88 examples/s][A
Generating full split: 395000 examples [00:02, 171397.91 examples/s][A
Generating full split: 412715 examples [00:02, 172498.25 examples/s][A
Generating full split: 439000 examples [00:02, 173237.58 examples/s][A
Generating full split: 459551 examples [00:02, 181070.86 examples/s][A
Generating full split: 479900 examples [00:02, 187166.08 examples/s][A
Generating full split: 500471 examples [00:02, 191911.25 examples/s][A
Generating full split: 528617 examples [00:03, 145213.01 examples/s][A
Generating full split: 549393 examples [00:03, 158070.17 examples/s][A
Generating full split: 570000 examples [00:03, 168916.73 examples/s][A
Generating full split: 591000 examples [00:03, 178307.03 examples/s][A
Generating full split: 612000 examples [00:03, 185746.30 examples/s][A
Generating full split: 632677 examples [00:03, 191451.43 examples/s][A
Generating full split: 653671 examples [00:03, 195762.35 examples/s][A
Generating full split: 674000 examples [00:03, 197297.68 examples/s][A
Generating full split: 694250 examples [00:04, 198797.25 examples/s][A
Generating full split: 714727 examples [00:04, 200539.20 examples/s][A
Generating full split: 735490 examples [00:04, 201526.81 examples/s][A
Generating full split: 764000 examples [00:04, 196332.69 examples/s][A
Generating full split: 794000 examples [00:04, 196849.42 examples/s][A
Generating full split: 814654 examples [00:04, 199285.15 examples/s][A
Generating full split: 835702 examples [00:04, 201151.78 examples/s][A
Generating full split: 856574 examples [00:04, 202308.17 examples/s][A
Generating full split: 877387 examples [00:04, 203189.63 examples/s][A
Generating full split: 900461 examples [00:05, 147499.77 examples/s][A
Generating full split: 921403 examples [00:05, 160543.23 examples/s][A
Generating full split: 942000 examples [00:05, 171066.88 examples/s][A
Generating full split: 963000 examples [00:05, 180120.07 examples/s][A
Generating full split: 983928 examples [00:05, 187868.51 examples/s][A
Generating full split: 1005000 examples [00:05, 192717.58 examples/s][A
Generating full split: 1025825 examples [00:05, 197075.97 examples/s][A
Generating full split: 1046548 examples [00:05, 199325.42 examples/s][A
Generating full split: 1067485 examples [00:06, 201206.55 examples/s][A
Generating full split: 1088688 examples [00:06, 203216.50 examples/s][A
Generating full split: 1109740 examples [00:06, 204997.19 examples/s][A
Generating full split: 1136789 examples [00:06, 195491.11 examples/s][A
Generating full split: 1163000 examples [00:06, 186476.43 examples/s][A
Generating full split: 1190000 examples [00:06, 182813.70 examples/s][A
Generating full split: 1217000 examples [00:06, 180717.86 examples/s][A
Generating full split: 1244000 examples [00:07, 179249.15 examples/s][A
Generating full split: 1270823 examples [00:07, 178487.03 examples/s][A
Generating full split: 1293000 examples [00:07, 135122.46 examples/s][A
Generating full split: 1310918 examples [00:07, 143077.91 examples/s][A
Generating full split: 1328373 examples [00:07, 149732.49 examples/s][A
Generating full split: 1345481 examples [00:07, 154682.50 examples/s][A
Generating full split: 1363000 examples [00:07, 158389.37 examples/s][A
Generating full split: 1380874 examples [00:07, 163692.49 examples/s][A
Generating full split: 1398000 examples [00:08, 164881.55 examples/s][A
Generating full split: 1424000 examples [00:08, 167854.68 examples/s][A
Generating full split: 1442000 examples [00:08, 170150.92 examples/s][A
Generating full split: 1460000 examples [00:08, 172300.08 examples/s][A
Generating full split: 1478000 examples [00:08, 173514.69 examples/s][A
Generating full split: 1496000 examples [00:08, 173747.79 examples/s][A
Generating full split: 1514000 examples [00:08, 174622.49 examples/s][A
Generating full split: 1532000 examples [00:08, 175085.52 examples/s][A
Generating full split: 1550000 examples [00:08, 175524.19 examples/s][A
Generating full split: 1568000 examples [00:09, 175750.38 examples/s][A
Generating full split: 1585987 examples [00:09, 176615.27 examples/s][A
Generating full split: 1612128 examples [00:09, 175711.13 examples/s][A
Generating full split: 1630000 examples [00:09, 175492.34 examples/s][A
Generating full split: 1652350 examples [00:09, 127323.38 examples/s][A
Generating full split: 1670147 examples [00:09, 137796.63 examples/s][A
Generating full split: 1690008 examples [00:09, 134870.30 examples/s][A
Generating full split: 1708000 examples [00:10, 144648.25 examples/s][A
Generating full split: 1726000 examples [00:10, 152907.62 examples/s][A
Generating full split: 1747000 examples [00:10, 166917.55 examples/s][A
Generating full split: 1768001 examples [00:10, 178482.27 examples/s][A
Generating full split: 1789000 examples [00:10, 186633.75 examples/s][A
Generating full split: 1809945 examples [00:10, 193090.57 examples/s][A
Generating full split: 1830441 examples [00:10, 196090.48 examples/s][A
Generating full split: 1851000 examples [00:10, 198636.23 examples/s][A
Generating full split: 1872000 examples [00:10, 201155.61 examples/s][A
Generating full split: 1892889 examples [00:10, 203432.56 examples/s][A
Generating full split: 1913907 examples [00:11, 205429.62 examples/s][A
Generating full split: 1934643 examples [00:11, 205544.79 examples/s][A
Generating full split: 1955419 examples [00:11, 205473.68 examples/s][A
Generating full split: 1976688 examples [00:11, 206563.10 examples/s][A
Generating full split: 1997911 examples [00:11, 207471.43 examples/s][A
Generating full split: 2029000 examples [00:11, 206384.87 examples/s][A
Generating full split: 2050000 examples [00:11, 206199.47 examples/s][A
Generating full split: 2076791 examples [00:11, 152563.38 examples/s][A
Generating full split: 2097721 examples [00:12, 164201.97 examples/s][A
Generating full split: 2118796 examples [00:12, 174244.04 examples/s][A
Generating full split: 2139786 examples [00:12, 182548.51 examples/s][A
Generating full split: 2160726 examples [00:12, 188987.08 examples/s][A
Generating full split: 2181000 examples [00:12, 192580.83 examples/s][A
Generating full split: 2202000 examples [00:12, 197279.96 examples/s][A
Generating full split: 2223000 examples [00:12, 200440.09 examples/s][A
Generating full split: 2244000 examples [00:12, 202982.69 examples/s][A
Generating full split: 2265000 examples [00:12, 204401.00 examples/s][A
Generating full split: 2286447 examples [00:12, 206230.66 examples/s][A
Generating full split: 2315000 examples [00:13, 197897.41 examples/s][A
Generating full split: 2342000 examples [00:13, 189147.87 examples/s][A
Generating full split: 2369000 examples [00:13, 184476.35 examples/s][A
Generating full split: 2395996 examples [00:13, 181421.99 examples/s][A
Generating full split: 2422000 examples [00:13, 178083.82 examples/s][A
Generating full split: 2445763 examples [00:13, 136632.42 examples/s][A
Generating full split: 2463000 examples [00:14, 142273.29 examples/s][A
Generating full split: 2481000 examples [00:14, 149128.15 examples/s][A
Generating full split: 2499000 examples [00:14, 155388.02 examples/s][A
Generating full split: 2516728 examples [00:14, 160451.49 examples/s][A
Generating full split: 2534015 examples [00:14, 163678.99 examples/s][A
Generating full split: 2552000 examples [00:14, 166173.79 examples/s][A
Generating full split: 2570000 examples [00:14, 169249.83 examples/s][A
Generating full split: 2589115 examples [00:14, 153131.62 examples/s][A
Generating full split: 2607000 examples [00:14, 159038.38 examples/s][A
Generating full split: 2625000 examples [00:15, 163515.91 examples/s][A
Generating full split: 2643000 examples [00:15, 166645.48 examples/s][A
Generating full split: 2661000 examples [00:15, 169075.40 examples/s][A
Generating full split: 2679000 examples [00:15, 170512.03 examples/s][A
Generating full split: 2698000 examples [00:15, 174523.86 examples/s][A
Generating full split: 2718835 examples [00:15, 184309.20 examples/s][A
Generating full split: 2739928 examples [00:15, 192020.45 examples/s][A
Generating full split: 2767000 examples [00:15, 186193.07 examples/s][A
Generating full split: 2794000 examples [00:15, 182469.86 examples/s][A
Generating full split: 2821000 examples [00:16, 180122.84 examples/s][A
Generating full split: 2841431 examples [00:16, 134651.02 examples/s][A
Generating full split: 2858871 examples [00:16, 142529.60 examples/s][A
Generating full split: 2876195 examples [00:16, 149315.84 examples/s][A
Generating full split: 2894000 examples [00:16, 156131.83 examples/s][A
Generating full split: 2912000 examples [00:16, 161527.93 examples/s][A
Generating full split: 2930000 examples [00:16, 165956.94 examples/s][A
Generating full split: 2956000 examples [00:17, 166457.46 examples/s][A
Generating full split: 2974000 examples [00:17, 168809.05 examples/s][A
Generating full split: 2992000 examples [00:17, 170722.81 examples/s][A
Generating full split: 3010000 examples [00:17, 172261.15 examples/s][A
Generating full split: 3036000 examples [00:17, 172283.53 examples/s][A
Generating full split: 3062000 examples [00:17, 171794.54 examples/s][A
Generating full split: 3088000 examples [00:17, 171736.42 examples/s][A
Generating full split: 3114000 examples [00:17, 171782.56 examples/s][A
Generating full split: 3134000 examples [00:18, 178314.89 examples/s][A
Generating full split: 3154000 examples [00:18, 183566.77 examples/s][A
Generating full split: 3181756 examples [00:18, 143152.98 examples/s][A
Generating full split: 3202000 examples [00:18, 154999.81 examples/s][A
Generating full split: 3222587 examples [00:18, 166225.86 examples/s][A
Generating full split: 3242763 examples [00:18, 174775.41 examples/s][A
Generating full split: 3263000 examples [00:18, 181513.73 examples/s][A
Generating full split: 3284000 examples [00:18, 188888.16 examples/s][A
Generating full split: 3305000 examples [00:19, 194100.07 examples/s][A
Generating full split: 3326000 examples [00:19, 198290.44 examples/s][A
Generating full split: 3347000 examples [00:19, 201308.15 examples/s][A
Generating full split: 3368000 examples [00:19, 203560.39 examples/s][A
Generating full split: 3388967 examples [00:19, 205351.11 examples/s][A
Generating full split: 3409839 examples [00:19, 206068.95 examples/s][A
Generating full split: 3430797 examples [00:19, 207109.49 examples/s][A
Generating full split: 3451727 examples [00:19, 207634.36 examples/s][A
Generating full split: 3472634 examples [00:19, 207925.24 examples/s][A
Generating full split: 3493675 examples [00:19, 207958.97 examples/s][A
Generating full split: 3514938 examples [00:20, 208749.81 examples/s][A
Generating full split: 3546000 examples [00:20, 207624.17 examples/s][A
Generating full split: 3574000 examples [00:20, 153178.57 examples/s][A
Generating full split: 3595000 examples [00:20, 164840.20 examples/s][A
Generating full split: 3616000 examples [00:20, 175031.55 examples/s][A
Generating full split: 3637014 examples [00:20, 183642.18 examples/s][A
Generating full split: 3658000 examples [00:20, 190140.40 examples/s][A
Generating full split: 3679017 examples [00:20, 195549.25 examples/s][A
Generating full split: 3700000 examples [00:21, 199523.77 examples/s][A
Generating full split: 3721000 examples [00:21, 201986.16 examples/s][A
Generating full split: 3742000 examples [00:21, 203895.07 examples/s][A
Generating full split: 3763000 examples [00:21, 205426.20 examples/s][A
Generating full split: 3784000 examples [00:21, 206444.24 examples/s][A
Generating full split: 3805000 examples [00:21, 206868.83 examples/s][A
Generating full split: 3826000 examples [00:21, 206615.63 examples/s][A
Generating full split: 3847000 examples [00:21, 207112.50 examples/s][A
Generating full split: 3868000 examples [00:21, 207601.99 examples/s][A
Generating full split: 3889037 examples [00:21, 208423.82 examples/s][A
Generating full split: 3910000 examples [00:22, 208226.10 examples/s][A
Generating full split: 3931000 examples [00:22, 208038.87 examples/s][A
Generating full split: 3952000 examples [00:22, 207933.44 examples/s][A
Generating full split: 3978000 examples [00:22, 149836.83 examples/s][A
Generating full split: 3999000 examples [00:22, 162944.28 examples/s][A
Generating full split: 4020000 examples [00:22, 173487.68 examples/s][A
Generating full split: 4041000 examples [00:22, 182036.26 examples/s][A
Generating full split: 4062000 examples [00:22, 188524.74 examples/s][A
Generating full split: 4083000 examples [00:23, 194295.23 examples/s][A
Generating full split: 4104000 examples [00:23, 198044.40 examples/s][A
Generating full split: 4125000 examples [00:23, 200779.27 examples/s][A
Generating full split: 4146000 examples [00:23, 202376.21 examples/s][A
Generating full split: 4167000 examples [00:23, 203805.82 examples/s][A
Generating full split: 4188000 examples [00:23, 204668.29 examples/s][A
Generating full split: 4209000 examples [00:23, 205463.48 examples/s][A
Generating full split: 4230000 examples [00:23, 205901.83 examples/s][A
Generating full split: 4251000 examples [00:23, 206260.54 examples/s][A
Generating full split: 4272000 examples [00:23, 207185.88 examples/s][A
Generating full split: 4293000 examples [00:24, 207922.39 examples/s][A
Generating full split: 4314000 examples [00:24, 208246.23 examples/s][A
Generating full split: 4340000 examples [00:24, 150000.74 examples/s][A
Generating full split: 4361000 examples [00:24, 162806.01 examples/s][A
Generating full split: 4382026 examples [00:24, 174211.14 examples/s][A
Generating full split: 4403000 examples [00:24, 182808.58 examples/s][A
Generating full split: 4430000 examples [00:24, 173277.06 examples/s][A
Generating full split: 4451000 examples [00:25, 182055.47 examples/s][A
Generating full split: 4472000 examples [00:25, 189116.79 examples/s][A
Generating full split: 4493210 examples [00:25, 195292.07 examples/s][A
Generating full split: 4514104 examples [00:25, 199075.89 examples/s][A
Generating full split: 4535998 examples [00:25, 203708.05 examples/s][A
Generating full split: 4556764 examples [00:25, 204042.42 examples/s][A
Generating full split: 4577956 examples [00:25, 205936.98 examples/s][A
Generating full split: 4598751 examples [00:25, 206514.39 examples/s][A
Generating full split: 4619731 examples [00:25, 207239.70 examples/s][A
Generating full split: 4640861 examples [00:25, 208066.57 examples/s][A
Generating full split: 4662000 examples [00:26, 207444.65 examples/s][A
Generating full split: 4686222 examples [00:26, 149648.42 examples/s][A
Generating full split: 4717929 examples [00:26, 168399.28 examples/s][A
Generating full split: 4738692 examples [00:26, 176864.41 examples/s][A
Generating full split: 4759667 examples [00:26, 184294.77 examples/s][A
Generating full split: 4780791 examples [00:26, 191013.70 examples/s][A
Generating full split: 4801000 examples [00:26, 193239.36 examples/s][A
Generating full split: 4828000 examples [00:26, 186961.95 examples/s][A
Generating full split: 4854282 examples [00:27, 182962.05 examples/s][A
Generating full split: 4881000 examples [00:27, 180944.54 examples/s][A
Generating full split: 4908000 examples [00:27, 179416.46 examples/s][A
Generating full split: 4935000 examples [00:27, 178252.35 examples/s][A
Generating full split: 4962000 examples [00:27, 177633.90 examples/s][A
Generating full split: 4980000 examples [00:27, 176854.90 examples/s][A
Generating full split: 4998000 examples [00:27, 176567.76 examples/s][A
Generating full split: 5016000 examples [00:28, 175798.75 examples/s][A
Generating full split: 5034000 examples [00:28, 175649.60 examples/s][A
Generating full split: 5054440 examples [00:28, 127162.57 examples/s][A
Generating full split: 5071973 examples [00:28, 137425.90 examples/s][A
Generating full split: 5089000 examples [00:28, 144945.59 examples/s][A
Generating full split: 5107000 examples [00:28, 152706.88 examples/s][A
Generating full split: 5125000 examples [00:28, 158284.65 examples/s][A
Generating full split: 5143000 examples [00:28, 163349.00 examples/s][A
Generating full split: 5161000 examples [00:29, 166185.36 examples/s][A
Generating full split: 5181574 examples [00:29, 177329.71 examples/s][A
Generating full split: 5202424 examples [00:29, 185468.47 examples/s][A
Generating full split: 5223068 examples [00:29, 191545.93 examples/s][A
Generating full split: 5244000 examples [00:29, 196312.05 examples/s][A
Generating full split: 5264949 examples [00:29, 200192.56 examples/s][A
Generating full split: 5285646 examples [00:29, 201978.80 examples/s][A
Generating full split: 5306504 examples [00:29, 203592.94 examples/s][A
Generating full split: 5335928 examples [00:29, 184126.26 examples/s][A
Generating full split: 5356498 examples [00:30, 189328.08 examples/s][A
Generating full split: 5377799 examples [00:30, 194727.44 examples/s][A
Generating full split: 5398609 examples [00:30, 197846.00 examples/s][A
Generating full split: 5419109 examples [00:30, 199070.35 examples/s][A
Generating full split: 5442600 examples [00:30, 145042.86 examples/s][A
Generating full split: 5463580 examples [00:30, 158894.35 examples/s][A
Generating full split: 5484775 examples [00:30, 170811.08 examples/s][A
Generating full split: 5505737 examples [00:30, 180114.90 examples/s][A
Generating full split: 5526605 examples [00:30, 187155.68 examples/s][A
Generating full split: 5547675 examples [00:31, 192621.56 examples/s][A
Generating full split: 5568760 examples [00:31, 196785.21 examples/s][A
Generating full split: 5589918 examples [00:31, 200631.24 examples/s][A
Generating full split: 5610730 examples [00:31, 202582.94 examples/s][A
Generating full split: 5631434 examples [00:31, 203271.34 examples/s][A
Generating full split: 5652702 examples [00:31, 205012.45 examples/s][A
Generating full split: 5673684 examples [00:31, 205592.06 examples/s][A
Generating full split: 5704991 examples [00:31, 206357.23 examples/s][A
Generating full split: 5736000 examples [00:31, 205581.68 examples/s][A
Generating full split: 5766000 examples [00:32, 203446.60 examples/s][A
Generating full split: 5795000 examples [00:32, 153819.83 examples/s][A
Generating full split: 5815240 examples [00:32, 163123.65 examples/s][A
Generating full split: 5836000 examples [00:32, 172241.93 examples/s][A
Generating full split: 5857000 examples [00:32, 180673.32 examples/s][A
Generating full split: 5878000 examples [00:32, 187290.91 examples/s][A
Generating full split: 5899000 examples [00:32, 192776.85 examples/s][A
Generating full split: 5919990 examples [00:33, 197440.09 examples/s][A
Generating full split: 5940621 examples [00:33, 199320.76 examples/s][A
Generating full split: 5961635 examples [00:33, 201776.77 examples/s][A
Generating full split: 5992733 examples [00:33, 203488.60 examples/s][A
Generating full split: 6013439 examples [00:33, 203924.52 examples/s][A
Generating full split: 6034000 examples [00:33, 203542.01 examples/s][A
Generating full split: 6055000 examples [00:33, 204700.65 examples/s][A
Generating full split: 6076000 examples [00:33, 205318.85 examples/s][A
Generating full split: 6097000 examples [00:33, 205493.25 examples/s][A
Generating full split: 6118000 examples [00:33, 206166.24 examples/s][A
Generating full split: 6140820 examples [00:34, 149061.90 examples/s][A
Generating full split: 6161551 examples [00:34, 161995.10 examples/s][A
Generating full split: 6182675 examples [00:34, 173516.01 examples/s][A
Generating full split: 6203081 examples [00:34, 180561.50 examples/s][A
Generating full split: 6224504 examples [00:34, 188679.27 examples/s][A
Generating full split: 6245545 examples [00:34, 194017.39 examples/s][A
Generating full split: 6266535 examples [00:34, 197691.48 examples/s][A
Generating full split: 6287905 examples [00:34, 201227.75 examples/s][A
Generating full split: 6308555 examples [00:35, 202209.01 examples/s][A
Generating full split: 6329568 examples [00:35, 203369.13 examples/s][A
Generating full split: 6350631 examples [00:35, 204561.34 examples/s][A
Generating full split: 6371810 examples [00:35, 206126.73 examples/s][A
Generating full split: 6392851 examples [00:35, 206476.60 examples/s][A
Generating full split: 6413786 examples [00:35, 206762.17 examples/s][A
Generating full split: 6434798 examples [00:35, 207374.46 examples/s][A
Generating full split: 6455866 examples [00:35, 207937.79 examples/s][A
Generating full split: 6486249 examples [00:36, 152380.57 examples/s][A
Generating full split: 6507000 examples [00:36, 164098.11 examples/s][A
Generating full split: 6527890 examples [00:36, 174619.42 examples/s][A
Generating full split: 6548691 examples [00:36, 182876.80 examples/s][A
Generating full split: 6569873 examples [00:36, 189950.08 examples/s][A
Generating full split: 6590002 examples [00:36, 192551.14 examples/s][A
Generating full split: 6611000 examples [00:36, 196444.36 examples/s][A
Generating full split: 6632000 examples [00:36, 199286.94 examples/s][A
Generating full split: 6653000 examples [00:36, 201518.68 examples/s][A
Generating full split: 6674000 examples [00:36, 203412.96 examples/s][A
Generating full split: 6695000 examples [00:37, 204386.61 examples/s][A
Generating full split: 6715855 examples [00:37, 205610.63 examples/s][A
Generating full split: 6736574 examples [00:37, 205430.42 examples/s][A
Generating full split: 6757658 examples [00:37, 205968.54 examples/s][A
Generating full split: 6778421 examples [00:37, 205651.31 examples/s][A
Generating full split: 6799527 examples [00:37, 206247.12 examples/s][A
Generating full split: 6820600 examples [00:37, 206229.14 examples/s][A
Generating full split: 6841538 examples [00:37, 205938.02 examples/s][A
Generating full split: 6862482 examples [00:37, 206079.73 examples/s][A
Generating full split: 6890271 examples [00:38, 150621.25 examples/s][A
Generating full split: 6911000 examples [00:38, 162579.13 examples/s][A
Generating full split: 6931950 examples [00:38, 173737.48 examples/s][A
Generating full split: 6952590 examples [00:38, 181898.33 examples/s][A
Generating full split: 6973114 examples [00:38, 187262.22 examples/s][A
Generating full split: 6994000 examples [00:38, 192775.31 examples/s][A
Generating full split: 7015000 examples [00:38, 197006.66 examples/s][A
Generating full split: 7036000 examples [00:38, 200351.95 examples/s][A
Generating full split: 7056757 examples [00:38, 202440.75 examples/s][A
Generating full split: 7087000 examples [00:39, 200291.77 examples/s][A
Generating full split: 7107779 examples [00:39, 202281.39 examples/s][A
Generating full split: 7128391 examples [00:39, 203055.23 examples/s][A
Generating full split: 7149000 examples [00:39, 202977.57 examples/s][A
Generating full split: 7170000 examples [00:39, 204805.45 examples/s][A
Generating full split: 7191000 examples [00:39, 205780.92 examples/s][A
Generating full split: 7212000 examples [00:39, 206133.51 examples/s][A
Generating full split: 7233000 examples [00:39, 206443.58 examples/s][A
Generating full split: 7254000 examples [00:39, 206367.68 examples/s][A
Generating full split: 7275000 examples [00:40, 206572.88 examples/s][A
Generating full split: 7298999 examples [00:40, 148576.49 examples/s][A
Generating full split: 7319866 examples [00:40, 162085.14 examples/s][A
Generating full split: 7340782 examples [00:40, 173377.94 examples/s][A
Generating full split: 7361404 examples [00:40, 181127.96 examples/s][A
Generating full split: 7382756 examples [00:40, 189264.92 examples/s][A
Generating full split: 7404000 examples [00:40, 194351.70 examples/s][A
Generating full split: 7425000 examples [00:40, 197933.41 examples/s][A
Generating full split: 7445762 examples [00:40, 200690.71 examples/s][A
Generating full split: 7466722 examples [00:41, 202614.58 examples/s][A
Generating full split: 7487793 examples [00:41, 204298.12 examples/s][A
Generating full split: 7508437 examples [00:41, 204493.66 examples/s][A
Generating full split: 7529669 examples [00:41, 205770.76 examples/s][A
Generating full split: 7550645 examples [00:41, 206444.36 examples/s][A
Generating full split: 7571713 examples [00:41, 206499.47 examples/s][A
Generating full split: 7592664 examples [00:41, 206766.94 examples/s][A
Generating full split: 7613803 examples [00:41, 207711.25 examples/s][A
Generating full split: 7634624 examples [00:41, 207755.33 examples/s][A
Generating full split: 7655860 examples [00:41, 208273.30 examples/s][A
Generating full split: 7676742 examples [00:42, 208176.93 examples/s][A
Generating full split: 7703002 examples [00:42, 148329.07 examples/s][A
Generating full split: 7724000 examples [00:42, 161555.34 examples/s][A
Generating full split: 7744563 examples [00:42, 172056.57 examples/s][A
Generating full split: 7765000 examples [00:42, 179754.62 examples/s][A
Generating full split: 7785838 examples [00:42, 187362.85 examples/s][A
Generating full split: 7806436 examples [00:42, 191690.63 examples/s][A
Generating full split: 7827377 examples [00:42, 195608.01 examples/s][A
Generating full split: 7848406 examples [00:43, 198710.19 examples/s][A
Generating full split: 7869737 examples [00:43, 201792.32 examples/s][A
Generating full split: 7890618 examples [00:43, 203038.90 examples/s][A
Generating full split: 7911443 examples [00:43, 203736.19 examples/s][A
Generating full split: 7932000 examples [00:43, 203844.73 examples/s][A
Generating full split: 7953000 examples [00:43, 204810.94 examples/s][A
Generating full split: 7974000 examples [00:43, 205597.46 examples/s][A
Generating full split: 7995000 examples [00:43, 206737.51 examples/s][A
Generating full split: 8016000 examples [00:43, 207304.36 examples/s][A
Generating full split: 8037000 examples [00:43, 207560.91 examples/s][A
Generating full split: 8058000 examples [00:44, 207786.77 examples/s][A
Generating full split: 8079000 examples [00:44, 207612.69 examples/s][A
Generating full split: 8106439 examples [00:44, 150609.21 examples/s][A
Generating full split: 8127107 examples [00:44, 162299.49 examples/s][A
Generating full split: 8148000 examples [00:44, 173316.01 examples/s][A
Generating full split: 8168987 examples [00:44, 182592.82 examples/s][A
Generating full split: 8197000 examples [00:44, 171876.79 examples/s][A
Generating full split: 8218000 examples [00:45, 180524.54 examples/s][A
Generating full split: 8239000 examples [00:45, 187269.61 examples/s][A
Generating full split: 8260000 examples [00:45, 192915.90 examples/s][A
Generating full split: 8281000 examples [00:45, 196606.19 examples/s][A
Generating full split: 8308000 examples [00:45, 189678.86 examples/s][A
Generating full split: 8335000 examples [00:45, 185174.36 examples/s][A
Generating full split: 8362000 examples [00:45, 182171.35 examples/s][A
Generating full split: 8389000 examples [00:45, 180551.97 examples/s][A
Generating full split: 8416000 examples [00:46, 179107.96 examples/s][A
Generating full split: 8443000 examples [00:46, 178537.31 examples/s][A
Generating full split: 8469000 examples [00:46, 137874.85 examples/s][A
Generating full split: 8487000 examples [00:46, 145111.87 examples/s][A
Generating full split: 8505000 examples [00:46, 151791.54 examples/s][A
Generating full split: 8523000 examples [00:46, 157609.10 examples/s][A
Generating full split: 8541000 examples [00:46, 161908.86 examples/s][A
Generating full split: 8559000 examples [00:47, 166089.75 examples/s][A
Generating full split: 8577000 examples [00:47, 168442.14 examples/s][A
Generating full split: 8595000 examples [00:47, 169874.81 examples/s][A
Generating full split: 8613000 examples [00:47, 171227.20 examples/s][A
Generating full split: 8631000 examples [00:47, 171691.93 examples/s][A
Generating full split: 8648516 examples [00:47, 172684.20 examples/s][A
Generating full split: 8669793 examples [00:47, 183732.38 examples/s][A
Generating full split: 8690903 examples [00:47, 191617.39 examples/s][A
Generating full split: 8718155 examples [00:47, 187788.40 examples/s][A
Generating full split: 8745000 examples [00:48, 183574.42 examples/s][A
Generating full split: 8772000 examples [00:48, 180910.31 examples/s][A
Generating full split: 8799000 examples [00:48, 179205.45 examples/s][A
Generating full split: 8824156 examples [00:48, 175108.31 examples/s][A
Generating full split: 8849318 examples [00:48, 131846.88 examples/s][A
Generating full split: 8865706 examples [00:48, 137706.77 examples/s][A
Generating full split: 8883000 examples [00:49, 144578.52 examples/s][A
Generating full split: 8901000 examples [00:49, 151761.65 examples/s][A
Generating full split: 8919000 examples [00:49, 157553.56 examples/s][A
Generating full split: 8936000 examples [00:49, 159958.54 examples/s][A
Generating full split: 8954000 examples [00:49, 164242.77 examples/s][A
Generating full split: 8972000 examples [00:49, 167541.43 examples/s][A
Generating full split: 8990000 examples [00:49, 169750.92 examples/s][A
Generating full split: 9008000 examples [00:49, 171374.05 examples/s][A
Generating full split: 9034000 examples [00:49, 156322.79 examples/s][A
Generating full split: 9052000 examples [00:50, 161253.78 examples/s][A
Generating full split: 9070000 examples [00:50, 164880.96 examples/s][A
Generating full split: 9088000 examples [00:50, 167430.55 examples/s][A
Generating full split: 9107000 examples [00:50, 172381.80 examples/s][A
Generating full split: 9128000 examples [00:50, 182323.69 examples/s][A
Generating full split: 9148553 examples [00:50, 188953.06 examples/s][A
Generating full split: 9174792 examples [00:50, 142536.98 examples/s][A
Generating full split: 9195337 examples [00:50, 156169.88 examples/s][A
Generating full split: 9216640 examples [00:51, 168978.55 examples/s][A
Generating full split: 9237000 examples [00:51, 177313.90 examples/s][A
Generating full split: 9258000 examples [00:51, 185220.33 examples/s][A
Generating full split: 9279000 examples [00:51, 191307.21 examples/s][A
Generating full split: 9300000 examples [00:51, 195817.69 examples/s][A
Generating full split: 9321000 examples [00:51, 199638.91 examples/s][A
Generating full split: 9342000 examples [00:51, 201859.33 examples/s][A
Generating full split: 9362503 examples [00:51, 202782.58 examples/s][A
Generating full split: 9393000 examples [00:51, 202321.13 examples/s][A
Generating full split: 9423811 examples [00:52, 203294.22 examples/s][A
Generating full split: 9454000 examples [00:52, 200495.82 examples/s][A
Generating full split: 9475000 examples [00:52, 201957.09 examples/s][A
Generating full split: 9496000 examples [00:52, 203175.14 examples/s][A
Generating full split: 9516715 examples [00:52, 204232.47 examples/s][A
Generating full split: 9539641 examples [00:52, 148055.43 examples/s][A
Generating full split: 9560554 examples [00:52, 160659.89 examples/s][A
Generating full split: 9581688 examples [00:52, 171854.10 examples/s][A
Generating full split: 9601879 examples [00:53, 178685.94 examples/s][A
Generating full split: 9622775 examples [00:53, 186281.64 examples/s][A
Generating full split: 9643716 examples [00:53, 192130.17 examples/s][A
Generating full split: 9664000 examples [00:53, 194837.75 examples/s][A
Generating full split: 9685000 examples [00:53, 199015.29 examples/s][A
Generating full split: 9706000 examples [00:53, 201619.74 examples/s][A
Generating full split: 9727000 examples [00:53, 203112.28 examples/s][A
Generating full split: 9748000 examples [00:53, 204261.76 examples/s][A
Generating full split: 9769000 examples [00:53, 205438.60 examples/s][A
Generating full split: 9790000 examples [00:53, 206114.19 examples/s][A
Generating full split: 9811000 examples [00:54, 206493.95 examples/s][A
Generating full split: 9832000 examples [00:54, 206785.30 examples/s][A
Generating full split: 9853000 examples [00:54, 206749.32 examples/s][A
Generating full split: 9874000 examples [00:54, 207444.74 examples/s][A
Generating full split: 9898677 examples [00:54, 148541.89 examples/s][A
Generating full split: 9919497 examples [00:54, 161531.92 examples/s][A
Generating full split: 9946574 examples [00:54, 159539.82 examples/s][A
Generating full split: 9967699 examples [00:54, 170717.59 examples/s][A
Generating full split: 9988973 examples [00:55, 180753.12 examples/s][A
Generating full split: 10009721 examples [00:55, 187411.10 examples/s][A
Generating full split: 10030038 examples [00:55, 191652.28 examples/s][A
Generating full split: 10051000 examples [00:55, 196395.65 examples/s][A
Generating full split: 10072000 examples [00:55, 199572.38 examples/s][A
Generating full split: 10093020 examples [00:55, 202629.31 examples/s][A
Generating full split: 10113967 examples [00:55, 204621.45 examples/s][A
Generating full split: 10134709 examples [00:55, 205294.68 examples/s][A
Generating full split: 10155596 examples [00:55, 205901.21 examples/s][A
Generating full split: 10176826 examples [00:55, 206852.88 examples/s][A
Generating full split: 10208000 examples [00:56, 205771.05 examples/s][A
Generating full split: 10239000 examples [00:56, 205669.07 examples/s][A
Generating full split: 10260000 examples [00:56, 206187.37 examples/s][A
Generating full split: 10281000 examples [00:56, 206784.74 examples/s][A
Generating full split: 10301728 examples [00:56, 149917.80 examples/s][A
Generating full split: 10322000 examples [00:56, 160895.70 examples/s][A
Generating full split: 10343756 examples [00:56, 173633.44 examples/s][A
Generating full split: 10364749 examples [00:57, 182570.87 examples/s][A
Generating full split: 10385751 examples [00:57, 189508.76 examples/s][A
Generating full split: 10406652 examples [00:57, 194169.84 examples/s][A
Generating full split: 10427846 examples [00:57, 198781.32 examples/s][A
Generating full split: 10449000 examples [00:57, 200900.71 examples/s][A
Generating full split: 10470000 examples [00:57, 203009.46 examples/s][A
Generating full split: 10491000 examples [00:57, 204370.73 examples/s][A
Generating full split: 10512000 examples [00:57, 204765.30 examples/s][A
Generating full split: 10533000 examples [00:57, 205686.32 examples/s][A
Generating full split: 10554000 examples [00:57, 206441.18 examples/s][A
Generating full split: 10584074 examples [00:58, 203824.35 examples/s][A
Generating full split: 10604962 examples [00:58, 205183.01 examples/s][A
Generating full split: 10636000 examples [00:58, 204894.91 examples/s][A
Generating full split: 10657000 examples [00:58, 205599.70 examples/s][A
Generating full split: 10678000 examples [00:58, 205637.91 examples/s][A
Generating full split: 10703000 examples [00:58, 151779.40 examples/s][A
Generating full split: 10723173 examples [00:58, 162540.53 examples/s][A
Generating full split: 10743331 examples [00:59, 171727.32 examples/s][A
Generating full split: 10763935 examples [00:59, 180360.42 examples/s][A
Generating full split: 10784030 examples [00:59, 185532.93 examples/s][A
Generating full split: 10804654 examples [00:59, 191202.01 examples/s][A
Generating full split: 10825000 examples [00:59, 194399.39 examples/s][A
Generating full split: 10846000 examples [00:59, 198778.04 examples/s][A
Generating full split: 10867000 examples [00:59, 201462.09 examples/s][A
Generating full split: 10888000 examples [00:59, 202821.69 examples/s][A
Generating full split: 10914573 examples [00:59, 183639.64 examples/s][A
Generating full split: 10935833 examples [00:59, 190399.31 examples/s][A
Generating full split: 10956916 examples [01:00, 195518.13 examples/s][A
Generating full split: 10978000 examples [01:00, 198759.73 examples/s][A
Generating full split: 10999000 examples [01:00, 201887.70 examples/s][A
Generating full split: 11020041 examples [01:00, 204337.36 examples/s][A
Generating full split: 11051000 examples [01:00, 151711.57 examples/s][A
Generating full split: 11072000 examples [01:00, 163675.49 examples/s][A
Generating full split: 11093000 examples [01:00, 174134.45 examples/s][A
Generating full split: 11114000 examples [01:00, 182666.49 examples/s][A
Generating full split: 11135000 examples [01:01, 189547.16 examples/s][A
Generating full split: 11156000 examples [01:01, 194474.80 examples/s][A
Generating full split: 11177000 examples [01:01, 198552.19 examples/s][A
Generating full split: 11198093 examples [01:01, 202075.83 examples/s][A
Generating full split: 11219121 examples [01:01, 204446.71 examples/s][A
Generating full split: 11240000 examples [01:01, 205229.91 examples/s][A
Generating full split: 11261000 examples [01:01, 206064.81 examples/s][A
Generating full split: 11282000 examples [01:01, 206617.63 examples/s][A
Generating full split: 11303000 examples [01:01, 206730.11 examples/s][A
Generating full split: 11324000 examples [01:01, 207488.92 examples/s][A
Generating full split: 11345000 examples [01:02, 208128.37 examples/s][A
Generating full split: 11366000 examples [01:02, 207928.36 examples/s][A
Generating full split: 11387137 examples [01:02, 208951.53 examples/s][A
Generating full split: 11411602 examples [01:02, 147749.37 examples/s][A
Generating full split: 11432924 examples [01:02, 162079.56 examples/s][A
Generating full split: 11454000 examples [01:02, 172914.90 examples/s][A
Generating full split: 11475000 examples [01:02, 182306.04 examples/s][A
Generating full split: 11496000 examples [01:02, 189554.85 examples/s][A
Generating full split: 11517000 examples [01:03, 194910.87 examples/s][A
Generating full split: 11538035 examples [01:03, 199272.71 examples/s][A
Generating full split: 11559000 examples [01:03, 201437.49 examples/s][A
Generating full split: 11580000 examples [01:03, 203221.66 examples/s][A
Generating full split: 11601000 examples [01:03, 204556.71 examples/s][A
Generating full split: 11622000 examples [01:03, 205900.46 examples/s][A
Generating full split: 11643000 examples [01:03, 206582.82 examples/s][A
Generating full split: 11664000 examples [01:03, 207451.70 examples/s][A
Generating full split: 11685000 examples [01:03, 207720.52 examples/s][A
Generating full split: 11706000 examples [01:03, 208086.97 examples/s][A
Generating full split: 11727122 examples [01:04, 209019.19 examples/s][A
Generating full split: 11758806 examples [01:04, 209543.63 examples/s][A
Generating full split: 11779874 examples [01:04, 209595.97 examples/s][A
Generating full split: 11800940 examples [01:04, 209731.18 examples/s][A
Generating full split: 11831843 examples [01:04, 208280.11 examples/s][A
Generating full split: 11858338 examples [01:04, 155166.87 examples/s][A
Generating full split: 11879000 examples [01:04, 165408.94 examples/s][A
Generating full split: 11900000 examples [01:05, 174714.67 examples/s][A
Generating full split: 11921090 examples [01:05, 183558.69 examples/s][A
Generating full split: 11942915 examples [01:05, 191633.70 examples/s][A
Generating full split: 11963992 examples [01:05, 196499.29 examples/s][A
Generating full split: 11984538 examples [01:05, 198981.60 examples/s][A
Generating full split: 12005841 examples [01:05, 201723.36 examples/s][A
Generating full split: 12026771 examples [01:05, 203885.60 examples/s][A
Generating full split: 12047899 examples [01:05, 206012.80 examples/s][A
Generating full split: 12068927 examples [01:05, 206536.95 examples/s][A
Generating full split: 12089765 examples [01:05, 207078.88 examples/s][A
Generating full split: 12111000 examples [01:06, 207285.37 examples/s][A
Generating full split: 12132000 examples [01:06, 207924.82 examples/s][A
Generating full split: 12153000 examples [01:06, 207272.72 examples/s][A
Generating full split: 12173872 examples [01:06, 207682.43 examples/s][A
Generating full split: 12198597 examples [01:06, 147773.83 examples/s][A
Generating full split: 12219838 examples [01:06, 161847.16 examples/s][A
Generating full split: 12240685 examples [01:06, 173077.99 examples/s][A
Generating full split: 12261959 examples [01:06, 182635.98 examples/s][A
Generating full split: 12282924 examples [01:07, 189802.76 examples/s][A
Generating full split: 12304000 examples [01:07, 194743.87 examples/s][A
Generating full split: 12325000 examples [01:07, 198978.70 examples/s][A
Generating full split: 12346818 examples [01:07, 203312.59 examples/s][A
Generating full split: 12368000 examples [01:07, 204502.95 examples/s][A
Generating full split: 12389154 examples [01:07, 206552.58 examples/s][A
Generating full split: 12410048 examples [01:07, 206336.75 examples/s][A
Generating full split: 12431000 examples [01:07, 206648.37 examples/s][A
Generating full split: 12452000 examples [01:07, 206954.65 examples/s][A
Generating full split: 12473000 examples [01:07, 206966.20 examples/s][A
Generating full split: 12494000 examples [01:08, 207257.61 examples/s][A
Generating full split: 12515000 examples [01:08, 207545.81 examples/s][A
Generating full split: 12536000 examples [01:08, 207864.45 examples/s][A
Generating full split: 12557000 examples [01:08, 208380.76 examples/s][A
Generating full split: 12578000 examples [01:08, 208847.90 examples/s][A
Generating full split: 12599000 examples [01:08, 207931.57 examples/s][A
Generating full split: 12623000 examples [01:08, 147817.79 examples/s][A
Generating full split: 12644000 examples [01:08, 161726.17 examples/s][A
Generating full split: 12665165 examples [01:08, 173839.35 examples/s][A
Generating full split: 12686423 examples [01:09, 182889.62 examples/s][A
Generating full split: 12707000 examples [01:09, 188052.21 examples/s][A
Generating full split: 12728010 examples [01:09, 194130.12 examples/s][A
Generating full split: 12749954 examples [01:09, 200163.69 examples/s][A
Generating full split: 12771000 examples [01:09, 202410.69 examples/s][A
Generating full split: 12792026 examples [01:09, 204683.40 examples/s][A
Generating full split: 12813000 examples [01:09, 205664.77 examples/s][A
Generating full split: 12834000 examples [01:09, 206261.73 examples/s][A
Generating full split: 12856796 examples [01:09, 184817.51 examples/s][A
Generating full split: 12878000 examples [01:10, 190897.22 examples/s][A
Generating full split: 12899000 examples [01:10, 196051.89 examples/s][A
Generating full split: 12920250 examples [01:10, 200697.76 examples/s][A
Generating full split: 12941630 examples [01:10, 203360.70 examples/s][A
Generating full split: 12962981 examples [01:10, 206050.97 examples/s][A
Generating full split: 12994000 examples [01:10, 205660.16 examples/s][A
Generating full split: 13017712 examples [01:10, 152236.27 examples/s][A
Generating full split: 13038725 examples [01:10, 164356.53 examples/s][A
Generating full split: 13059721 examples [01:11, 174739.41 examples/s][A
Generating full split: 13080738 examples [01:11, 182719.30 examples/s][A
Generating full split: 13101851 examples [01:11, 189866.58 examples/s][A
Generating full split: 13123000 examples [01:11, 194721.75 examples/s][A
Generating full split: 13144000 examples [01:11, 198676.02 examples/s][A
Generating full split: 13165000 examples [01:11, 201873.64 examples/s][A
Generating full split: 13186086 examples [01:11, 204467.88 examples/s][A
Generating full split: 13207000 examples [01:11, 205755.80 examples/s][A
Generating full split: 13228000 examples [01:11, 206617.87 examples/s][A
Generating full split: 13249000 examples [01:11, 207463.93 examples/s][A
Generating full split: 13270000 examples [01:12, 208212.73 examples/s][A
Generating full split: 13291000 examples [01:12, 208507.82 examples/s][A
Generating full split: 13312000 examples [01:12, 208745.95 examples/s][A
Generating full split: 13333000 examples [01:12, 208033.15 examples/s][A
Generating full split: 13354000 examples [01:12, 208187.94 examples/s][A
Generating full split: 13384564 examples [01:12, 152536.65 examples/s][A
Generating full split: 13405875 examples [01:12, 164899.92 examples/s][A
Generating full split: 13426944 examples [01:12, 175373.30 examples/s][A
Generating full split: 13447309 examples [01:13, 182365.76 examples/s][A
Generating full split: 13474974 examples [01:13, 182330.85 examples/s][A
Generating full split: 13495962 examples [01:13, 189182.63 examples/s][A
Generating full split: 13516862 examples [01:13, 194377.61 examples/s][A
Generating full split: 13538000 examples [01:13, 197997.43 examples/s][A
Generating full split: 13559000 examples [01:13, 200972.37 examples/s][A
Generating full split: 13580000 examples [01:13, 202622.51 examples/s][A
Generating full split: 13601000 examples [01:13, 204588.31 examples/s][A
Generating full split: 13622000 examples [01:13, 206002.33 examples/s][A
Generating full split: 13643941 examples [01:14, 208728.42 examples/s][A
Generating full split: 13675000 examples [01:14, 207684.96 examples/s][A
Generating full split: 13696000 examples [01:14, 208022.21 examples/s][A
Generating full split: 13717000 examples [01:14, 208491.36 examples/s][A
Generating full split: 13738000 examples [01:14, 208447.75 examples/s][A
Generating full split: 13759000 examples [01:14, 208185.57 examples/s][A
Generating full split: 13780000 examples [01:14, 208073.17 examples/s][A
Generating full split: 13802411 examples [01:14, 149317.59 examples/s][A
Generating full split: 13823998 examples [01:15, 163880.01 examples/s][A
Generating full split: 13844928 examples [01:15, 174966.71 examples/s][A
Generating full split: 13865712 examples [01:15, 183313.11 examples/s][A
Generating full split: 13886875 examples [01:15, 190535.92 examples/s][A
Generating full split: 13907905 examples [01:15, 196021.47 examples/s][A
Generating full split: 13928977 examples [01:15, 200192.69 examples/s][A
Generating full split: 13950000 examples [01:15, 202045.39 examples/s][A
Generating full split: 13971000 examples [01:15, 203486.20 examples/s][A
Generating full split: 13992000 examples [01:15, 205019.04 examples/s][A
Generating full split: 14013000 examples [01:15, 205366.52 examples/s][A
Generating full split: 14034000 examples [01:16, 205414.82 examples/s][A
Generating full split: 14055000 examples [01:16, 206286.31 examples/s][A
Generating full split: 14076100 examples [01:16, 207680.09 examples/s][A
Generating full split: 14097975 examples [01:16, 209602.98 examples/s][A
Generating full split: 14119000 examples [01:16, 208757.30 examples/s][A
Generating full split: 14140000 examples [01:16, 208508.54 examples/s][A
Generating full split: 14161000 examples [01:16, 208632.47 examples/s][A
Generating full split: 14182747 examples [01:16, 149011.20 examples/s][A
Generating full split: 14203000 examples [01:16, 161127.11 examples/s][A
Generating full split: 14224943 examples [01:17, 174677.74 examples/s][A
Generating full split: 14245860 examples [01:17, 183655.98 examples/s][A
Generating full split: 14267000 examples [01:17, 190393.04 examples/s][A
Generating full split: 14288000 examples [01:17, 195744.31 examples/s][A
Generating full split: 14309759 examples [01:17, 200785.94 examples/s][A
Generating full split: 14330738 examples [01:17, 202861.33 examples/s][A
Generating full split: 14351848 examples [01:17, 205157.31 examples/s][A
Generating full split: 14372855 examples [01:17, 206377.03 examples/s][A
Generating full split: 14393924 examples [01:17, 207546.19 examples/s][A
Generating full split: 14414852 examples [01:17, 207847.81 examples/s][A
Generating full split: 14436000 examples [01:18, 207687.16 examples/s][A
Generating full split: 14457000 examples [01:18, 208179.90 examples/s][A
Generating full split: 14478000 examples [01:18, 208212.68 examples/s][A
Generating full split: 14499000 examples [01:18, 208494.98 examples/s][A
Generating full split: 14520000 examples [01:18, 208730.44 examples/s][A
Generating full split: 14541000 examples [01:18, 208096.26 examples/s][A
Generating full split: 14562005 examples [01:18, 208676.66 examples/s][A
Generating full split: 14583000 examples [01:18, 208483.61 examples/s][A
Generating full split: 14608000 examples [01:19, 150746.55 examples/s][A
Generating full split: 14629240 examples [01:19, 164641.51 examples/s][A
Generating full split: 14650940 examples [01:19, 176811.66 examples/s][A
Generating full split: 14671935 examples [01:19, 185344.00 examples/s][A
Generating full split: 14692973 examples [01:19, 192062.83 examples/s][A
Generating full split: 14713961 examples [01:19, 197007.00 examples/s][A
Generating full split: 14735000 examples [01:19, 199576.10 examples/s][A
Generating full split: 14756036 examples [01:19, 202672.09 examples/s][A
Generating full split: 14780879 examples [01:19, 183768.21 examples/s][A
Generating full split: 14801876 examples [01:20, 190184.51 examples/s][A
Generating full split: 14822942 examples [01:20, 195288.02 examples/s][A
Generating full split: 14843874 examples [01:20, 199075.73 examples/s][A
Generating full split: 14865000 examples [01:20, 201171.79 examples/s][A
Generating full split: 14886000 examples [01:20, 203705.60 examples/s][A
Generating full split: 14907134 examples [01:20, 205927.40 examples/s][A
Generating full split: 14928041 examples [01:20, 206847.81 examples/s][A
Generating full split: 14949000 examples [01:20, 207570.02 examples/s][A
Generating full split: 14970000 examples [01:20, 208127.23 examples/s][A
Generating full split: 14991138 examples [01:20, 209092.34 examples/s][A
Generating full split: 15012753 examples [01:21, 148160.46 examples/s][A
Generating full split: 15033000 examples [01:21, 160475.60 examples/s][A
Generating full split: 15054000 examples [01:21, 172621.39 examples/s][A
Generating full split: 15075291 examples [01:21, 183131.53 examples/s][A
Generating full split: 15096965 examples [01:21, 191282.86 examples/s][A
Generating full split: 15117807 examples [01:21, 195966.21 examples/s][A
Generating full split: 15138877 examples [01:21, 200009.38 examples/s][A
Generating full split: 15159951 examples [01:21, 203008.44 examples/s][A
Generating full split: 15180984 examples [01:21, 205144.43 examples/s][A
Generating full split: 15202000 examples [01:22, 205309.51 examples/s][A
Generating full split: 15223000 examples [01:22, 206665.25 examples/s][A
Generating full split: 15244030 examples [01:22, 207740.59 examples/s][A
Generating full split: 15265063 examples [01:22, 208509.44 examples/s][A
Generating full split: 15286084 examples [01:22, 209015.17 examples/s][A
Generating full split: 15317504 examples [01:22, 209021.21 examples/s][A
Generating full split: 15348850 examples [01:22, 209001.19 examples/s][A
Generating full split: 15380000 examples [01:22, 208116.32 examples/s][A
Generating full split: 15401000 examples [01:23, 208569.82 examples/s][A
Generating full split: 15423497 examples [01:23, 155069.92 examples/s][A
Generating full split: 15445000 examples [01:23, 166945.81 examples/s][A
Generating full split: 15466000 examples [01:23, 176801.03 examples/s][A
Generating full split: 15487919 examples [01:23, 186412.20 examples/s][A
Generating full split: 15508893 examples [01:23, 192495.27 examples/s][A
Generating full split: 15529877 examples [01:23, 197158.63 examples/s][A
Generating full split: 15550896 examples [01:23, 200797.95 examples/s][A
Generating full split: 15571744 examples [01:23, 202955.50 examples/s][A
Generating full split: 15592693 examples [01:24, 204343.07 examples/s][A
Generating full split: 15613756 examples [01:24, 205532.27 examples/s][A
Generating full split: 15634807 examples [01:24, 206992.92 examples/s][A
Generating full split: 15655891 examples [01:24, 208101.99 examples/s][A
Generating full split: 15676839 examples [01:24, 208211.39 examples/s][A
Generating full split: 15708000 examples [01:24, 207034.18 examples/s][A
Generating full split: 15729000 examples [01:24, 207506.05 examples/s][A
Generating full split: 15760000 examples [01:25, 154228.90 examples/s][A
Generating full split: 15781002 examples [01:25, 165707.06 examples/s][A
Generating full split: 15802171 examples [01:25, 176151.62 examples/s][A
Generating full split: 15823058 examples [01:25, 184167.20 examples/s][A
Generating full split: 15844052 examples [01:25, 190848.63 examples/s][A
Generating full split: 15865000 examples [01:25, 195701.40 examples/s][A
Generating full split: 15886000 examples [01:25, 199249.36 examples/s][A
Generating full split: 15907000 examples [01:25, 202249.18 examples/s][A
Generating full split: 15928001 examples [01:25, 204484.79 examples/s][A
Generating full split: 15949000 examples [01:25, 205478.33 examples/s][A
Generating full split: 15970000 examples [01:26, 206512.96 examples/s][A
Generating full split: 15991000 examples [01:26, 206904.79 examples/s][A
Generating full split: 16012000 examples [01:26, 207594.89 examples/s][A
Generating full split: 16033000 examples [01:26, 208244.19 examples/s][A
Generating full split: 16054000 examples [01:26, 208466.08 examples/s][A
Generating full split: 16075000 examples [01:26, 207775.99 examples/s][A
Generating full split: 16096000 examples [01:26, 207884.62 examples/s][A
Generating full split: 16117000 examples [01:26, 208214.32 examples/s][A
Generating full split: 16138000 examples [01:26, 208287.48 examples/s][A
Generating full split: 16167834 examples [01:27, 151808.79 examples/s][A
Generating full split: 16188868 examples [01:27, 164284.77 examples/s][A
Generating full split: 16209731 examples [01:27, 174539.78 examples/s][A
Generating full split: 16230841 examples [01:27, 183209.65 examples/s][A
Generating full split: 16251652 examples [01:27, 189539.84 examples/s][A
Generating full split: 16272914 examples [01:27, 195534.40 examples/s][A
Generating full split: 16304000 examples [01:27, 198823.16 examples/s][A
Generating full split: 16325000 examples [01:27, 201075.77 examples/s][A
Generating full split: 16346000 examples [01:27, 202962.29 examples/s][A
Generating full split: 16367000 examples [01:28, 204220.95 examples/s][A
Generating full split: 16387872 examples [01:28, 205493.22 examples/s][A
Generating full split: 16408685 examples [01:28, 205866.08 examples/s][A
Generating full split: 16429638 examples [01:28, 206394.72 examples/s][A
Generating full split: 16450778 examples [01:28, 207359.31 examples/s][A
Generating full split: 16482000 examples [01:28, 206155.99 examples/s][A
Generating full split: 16503000 examples [01:28, 206949.50 examples/s][A
Generating full split: 16524000 examples [01:28, 207682.42 examples/s][A
Generating full split: 16545000 examples [01:28, 207950.02 examples/s][A
Generating full split: 16566000 examples [01:29, 207989.81 examples/s][A
Generating full split: 16587000 examples [01:29, 207836.29 examples/s][A
Generating full split: 16616626 examples [01:29, 152707.22 examples/s][A
Generating full split: 16637775 examples [01:29, 164970.68 examples/s][A
Generating full split: 16658788 examples [01:29, 175408.21 examples/s][A
Generating full split: 16679705 examples [01:29, 183665.40 examples/s][A
Generating full split: 16700019 examples [01:29, 188258.76 examples/s][A
Generating full split: 16726000 examples [01:29, 175504.05 examples/s][A
Generating full split: 16746402 examples [01:30, 182564.34 examples/s][A
Generating full split: 16767000 examples [01:30, 188039.08 examples/s][A
Generating full split: 16788000 examples [01:30, 193398.58 examples/s][A
Generating full split: 16809000 examples [01:30, 197479.16 examples/s][A
Generating full split: 16830000 examples [01:30, 200408.89 examples/s][A
Generating full split: 16850815 examples [01:30, 202630.17 examples/s][A
Generating full split: 16871781 examples [01:30, 204381.38 examples/s][A
Generating full split: 16892792 examples [01:30, 205815.16 examples/s][A
Generating full split: 16913864 examples [01:30, 206432.63 examples/s][A
Generating full split: 16934905 examples [01:30, 207131.12 examples/s][A
Generating full split: 16958393 examples [01:31, 149294.32 examples/s][A
Generating full split: 16978952 examples [01:31, 162075.75 examples/s][A
Generating full split: 16999792 examples [01:31, 173276.45 examples/s][A
Generating full split: 17020835 examples [01:31, 182667.70 examples/s][A
Generating full split: 17041733 examples [01:31, 189599.50 examples/s][A
Generating full split: 17062852 examples [01:31, 195315.02 examples/s][A
Generating full split: 17083846 examples [01:31, 199467.72 examples/s][A
Generating full split: 17104757 examples [01:31, 202040.89 examples/s][A
Generating full split: 17125740 examples [01:32, 204033.09 examples/s][A
Generating full split: 17146712 examples [01:32, 204891.85 examples/s][A
Generating full split: 17167978 examples [01:32, 206679.86 examples/s][A
Generating full split: 17188853 examples [01:32, 207068.50 examples/s][A
Generating full split: 17209792 examples [01:32, 207450.58 examples/s][A
Generating full split: 17240659 examples [01:32, 206352.19 examples/s][A
Generating full split: 17261770 examples [01:32, 206971.95 examples/s][A
Generating full split: 17282677 examples [01:32, 207229.48 examples/s][A
Generating full split: 17303745 examples [01:32, 207097.01 examples/s][A
Generating full split: 17324787 examples [01:32, 207650.13 examples/s][A
Generating full split: 17345726 examples [01:33, 207451.57 examples/s][A
Generating full split: 17377000 examples [01:33, 151949.10 examples/s][A
Generating full split: 17398000 examples [01:33, 163633.17 examples/s][A
Generating full split: 17419000 examples [01:33, 173645.95 examples/s][A
Generating full split: 17440000 examples [01:33, 182063.27 examples/s][A
Generating full split: 17461000 examples [01:33, 188872.48 examples/s][A
Generating full split: 17482000 examples [01:33, 194101.82 examples/s][A
Generating full split: 17503000 examples [01:33, 198511.78 examples/s][A
Generating full split: 17524000 examples [01:34, 201517.20 examples/s][A
Generating full split: 17545000 examples [01:34, 203545.24 examples/s][A
Generating full split: 17566000 examples [01:34, 205009.63 examples/s][A
Generating full split: 17587000 examples [01:34, 206126.01 examples/s][A
Generating full split: 17608000 examples [01:34, 207047.28 examples/s][A
Generating full split: 17638988 examples [01:34, 206531.19 examples/s][A
Generating full split: 17670000 examples [01:34, 206177.26 examples/s][A
Generating full split: 17698000 examples [01:34, 186185.31 examples/s][A
Generating full split: 17723290 examples [01:35, 148173.84 examples/s][A
Generating full split: 17744000 examples [01:35, 159616.46 examples/s][A
Generating full split: 17765089 examples [01:35, 170769.77 examples/s][A
Generating full split: 17787000 examples [01:35, 180545.15 examples/s][A
Generating full split: 17808143 examples [01:35, 188304.60 examples/s][A
Generating full split: 17829078 examples [01:35, 193862.07 examples/s][A
Generating full split: 17850000 examples [01:35, 197511.70 examples/s][A
Generating full split: 17871000 examples [01:35, 200740.08 examples/s][A
Generating full split: 17892138 examples [01:36, 203782.08 examples/s][A
Generating full split: 17913120 examples [01:36, 205529.88 examples/s][A
Generating full split: 17934507 examples [01:36, 206799.59 examples/s][A
Generating full split: 17955755 examples [01:36, 207488.35 examples/s][A
Generating full split: 17976859 examples [01:36, 208420.52 examples/s][A
Generating full split: 18008000 examples [01:36, 207582.78 examples/s][A
Generating full split: 18029000 examples [01:36, 207970.26 examples/s][A
Generating full split: 18050000 examples [01:36, 208210.40 examples/s][A
Generating full split: 18071000 examples [01:36, 208669.32 examples/s][A
Generating full split: 18092000 examples [01:36, 208748.62 examples/s][A
Generating full split: 18116000 examples [01:37, 149417.72 examples/s][A
Generating full split: 18137000 examples [01:37, 162617.15 examples/s][A
Generating full split: 18158000 examples [01:37, 173932.28 examples/s][A
Generating full split: 18179000 examples [01:37, 183071.37 examples/s][A
Generating full split: 18200000 examples [01:37, 189896.02 examples/s][A
Generating full split: 18221000 examples [01:37, 195125.37 examples/s][A
Generating full split: 18242933 examples [01:37, 200925.72 examples/s][A
Generating full split: 18263881 examples [01:37, 203354.86 examples/s][A
Generating full split: 18285000 examples [01:38, 204255.13 examples/s][A
Generating full split: 18306000 examples [01:38, 205848.37 examples/s][A
Generating full split: 18327000 examples [01:38, 206633.40 examples/s][A
Generating full split: 18348000 examples [01:38, 207588.28 examples/s][A
Generating full split: 18369000 examples [01:38, 208229.02 examples/s][A
Generating full split: 18390000 examples [01:38, 208292.22 examples/s][A
Generating full split: 18411085 examples [01:38, 209053.15 examples/s][A
Generating full split: 18442895 examples [01:38, 210224.86 examples/s][A
Generating full split: 18464000 examples [01:38, 209294.79 examples/s][A
Generating full split: 18485032 examples [01:39, 209578.88 examples/s][A
Generating full split: 18506086 examples [01:39, 209850.94 examples/s][A
Generating full split: 18537705 examples [01:39, 209641.75 examples/s][A
Generating full split: 18569000 examples [01:39, 208116.55 examples/s][A
Generating full split: 18595764 examples [01:39, 156562.28 examples/s][A
Generating full split: 18616776 examples [01:39, 166845.64 examples/s][A
Generating full split: 18636482 examples [01:39, 159838.85 examples/s][A
Generating full split: 18657793 examples [01:40, 171420.72 examples/s][A
Generating full split: 18678832 examples [01:40, 180490.81 examples/s][A
Generating full split: 18699480 examples [01:40, 186925.80 examples/s][A
Generating full split: 18720000 examples [01:40, 191623.60 examples/s][A
Generating full split: 18741000 examples [01:40, 196343.87 examples/s][A
Generating full split: 18762000 examples [01:40, 199533.12 examples/s][A
Generating full split: 18783000 examples [01:40, 202263.28 examples/s][A
Generating full split: 18804000 examples [01:40, 203539.93 examples/s][A
Generating full split: 18825000 examples [01:40, 204751.30 examples/s][A
Generating full split: 18846000 examples [01:40, 205357.87 examples/s][A
Generating full split: 18867000 examples [01:41, 206218.39 examples/s][A
Generating full split: 18888000 examples [01:41, 206573.58 examples/s][A
Generating full split: 18909000 examples [01:41, 207184.53 examples/s][A
Generating full split: 18930000 examples [01:41, 206729.36 examples/s][A
Generating full split: 18951000 examples [01:41, 207297.39 examples/s][A
Generating full split: 18972000 examples [01:41, 207820.44 examples/s][A
Generating full split: 18996947 examples [01:41, 149143.14 examples/s][A
Generating full split: 19017850 examples [01:41, 162337.57 examples/s][A
Generating full split: 19038769 examples [01:42, 173505.58 examples/s][A
Generating full split: 19059796 examples [01:42, 182630.22 examples/s][A
Generating full split: 19080879 examples [01:42, 190094.78 examples/s][A
Generating full split: 19101796 examples [01:42, 195169.78 examples/s][A
Generating full split: 19122739 examples [01:42, 198915.35 examples/s][A
Generating full split: 19143710 examples [01:42, 201509.34 examples/s][A
Generating full split: 19164803 examples [01:42, 203420.50 examples/s][A
Generating full split: 19185850 examples [01:42, 205156.44 examples/s][A
Generating full split: 19206804 examples [01:42, 206272.21 examples/s][A
Generating full split: 19227819 examples [01:42, 207050.65 examples/s][A
Generating full split: 19248817 examples [01:43, 207624.91 examples/s][A
Generating full split: 19269888 examples [01:43, 207946.68 examples/s][A
Generating full split: 19301000 examples [01:43, 206792.20 examples/s][A
Generating full split: 19322000 examples [01:43, 206896.50 examples/s][A
Generating full split: 19343000 examples [01:43, 207396.33 examples/s][A
Generating full split: 19364000 examples [01:43, 207856.69 examples/s][A
Generating full split: 19390000 examples [01:43, 150993.81 examples/s][A
Generating full split: 19411000 examples [01:43, 163610.13 examples/s][A
Generating full split: 19432000 examples [01:44, 174320.03 examples/s][A
Generating full split: 19453000 examples [01:44, 182775.81 examples/s][A
Generating full split: 19474000 examples [01:44, 189478.73 examples/s][A
Generating full split: 19495000 examples [01:44, 194920.68 examples/s][A
Generating full split: 19516000 examples [01:44, 198724.58 examples/s][A
Generating full split: 19537000 examples [01:44, 201484.29 examples/s][A
Generating full split: 19558000 examples [01:44, 203789.66 examples/s][A
Generating full split: 19595170 examples [01:44, 186956.08 examples/s]
Loading full review dataset: 100%|██████████| 1/1 [02:34<00:00, 154.26s/dataset]
Loading full item metadata dataset:   0%|          | 0/1 [00:00<?, ?dataset/s]
Generating full split: 0 examples [00:00, ? examples/s][A
Generating full split: 1266 examples [00:00, 12631.22 examples/s][A
Generating full split: 2728 examples [00:00, 13211.58 examples/s][A
Generating full split: 4730 examples [00:00, 13044.25 examples/s][A
Generating full split: 6710 examples [00:00, 12755.33 examples/s][A
Generating full split: 8542 examples [00:00, 12544.13 examples/s][A
Generating full split: 9890 examples [00:00, 12790.26 examples/s][A
Generating full split: 11841 examples [00:00, 12864.49 examples/s][A
Generating full split: 13749 examples [00:01, 9422.64 examples/s] [A
Generating full split: 15000 examples [00:01, 9932.67 examples/s][A
Generating full split: 16356 examples [00:01, 10708.43 examples/s][A
Generating full split: 17760 examples [00:01, 11435.80 examples/s][A
Generating full split: 19734 examples [00:01, 11988.83 examples/s][A
Generating full split: 21000 examples [00:01, 12034.19 examples/s][A
Generating full split: 22348 examples [00:01, 12399.54 examples/s][A
Generating full split: 23742 examples [00:01, 12699.26 examples/s][A
Generating full split: 25276 examples [00:02, 9138.04 examples/s] [A
Generating full split: 26551 examples [00:02, 9896.05 examples/s][A
Generating full split: 27899 examples [00:02, 10722.50 examples/s][A
Generating full split: 29135 examples [00:02, 11125.07 examples/s][A
Generating full split: 30481 examples [00:02, 11732.94 examples/s][A
Generating full split: 31833 examples [00:02, 12216.08 examples/s][A
Generating full split: 33169 examples [00:02, 12532.99 examples/s][A
Generating full split: 34879 examples [00:02, 13603.57 examples/s][A
Generating full split: 36385 examples [00:03, 14018.11 examples/s][A
Generating full split: 37991 examples [00:03, 14608.58 examples/s][A
Generating full split: 39805 examples [00:03, 10483.91 examples/s][A
Generating full split: 41177 examples [00:03, 11188.68 examples/s][A
Generating full split: 42885 examples [00:03, 12481.09 examples/s][A
Generating full split: 44383 examples [00:03, 13109.92 examples/s][A
Generating full split: 46000 examples [00:03, 13674.09 examples/s][A
Generating full split: 47635 examples [00:03, 14396.66 examples/s][A
Generating full split: 50000 examples [00:04, 14662.03 examples/s][A
Generating full split: 51617 examples [00:04, 15045.91 examples/s][A
Generating full split: 54000 examples [00:04, 15097.10 examples/s][A
Generating full split: 55609 examples [00:04, 15341.45 examples/s][A
Generating full split: 57214 examples [00:04, 10961.74 examples/s][A
Generating full split: 58872 examples [00:04, 12076.49 examples/s][A
Generating full split: 60382 examples [00:04, 12768.45 examples/s][A
Generating full split: 62000 examples [00:05, 13393.15 examples/s][A
Generating full split: 63632 examples [00:05, 14143.65 examples/s][A
Generating full split: 65980 examples [00:05, 14678.04 examples/s][A
Generating full split: 68230 examples [00:05, 14782.11 examples/s][A
Generating full split: 69870 examples [00:05, 15137.38 examples/s][A
Generating full split: 71806 examples [00:05, 11238.09 examples/s][A
Generating full split: 73216 examples [00:05, 11816.80 examples/s][A
Generating full split: 74876 examples [00:06, 12825.00 examples/s][A
Generating full split: 76381 examples [00:06, 13362.11 examples/s][A
Generating full split: 78000 examples [00:06, 13865.68 examples/s][A
Generating full split: 79591 examples [00:06, 14405.61 examples/s][A
Generating full split: 81968 examples [00:06, 14924.85 examples/s][A
Generating full split: 84216 examples [00:06, 14944.09 examples/s][A
Generating full split: 85887 examples [00:06, 15276.31 examples/s][A
Generating full split: 87802 examples [00:06, 11304.02 examples/s][A
Generating full split: 89192 examples [00:07, 11832.14 examples/s][A
Generating full split: 90894 examples [00:07, 12923.23 examples/s][A
Generating full split: 92396 examples [00:07, 13429.74 examples/s][A
Generating full split: 94000 examples [00:07, 13860.93 examples/s][A
Generating full split: 95640 examples [00:07, 14531.48 examples/s][A
Generating full split: 98000 examples [00:07, 14750.22 examples/s][A
Generating full split: 99648 examples [00:07, 15186.16 examples/s][A
Generating full split: 102000 examples [00:07, 15207.27 examples/s][A
Generating full split: 103635 examples [00:08, 15488.60 examples/s][A
Generating full split: 105222 examples [00:08, 11048.14 examples/s][A
Generating full split: 106866 examples [00:08, 12140.98 examples/s][A
Generating full split: 108365 examples [00:08, 12794.90 examples/s][A
Generating full split: 109993 examples [00:08, 13656.04 examples/s][A
Generating full split: 111488 examples [00:08, 13991.56 examples/s][A
Generating full split: 113000 examples [00:08, 14232.49 examples/s][A
Generating full split: 114628 examples [00:08, 14801.45 examples/s][A
Generating full split: 117000 examples [00:09, 14952.46 examples/s][A
Generating full split: 118630 examples [00:09, 15300.28 examples/s][A
Generating full split: 120454 examples [00:09, 10946.60 examples/s][A
Generating full split: 122000 examples [00:09, 11825.73 examples/s][A
Generating full split: 123654 examples [00:09, 12899.33 examples/s][A
Generating full split: 125167 examples [00:09, 13446.56 examples/s][A
Generating full split: 126881 examples [00:09, 14242.93 examples/s][A
Generating full split: 129136 examples [00:09, 14519.24 examples/s][A
Generating full split: 130895 examples [00:10, 15045.81 examples/s][A
Generating full split: 133183 examples [00:10, 15113.79 examples/s][A
Generating full split: 134890 examples [00:10, 15478.66 examples/s][A
Generating full split: 137207 examples [00:10, 11385.21 examples/s][A
Generating full split: 138888 examples [00:10, 12300.74 examples/s][A
Generating full split: 140394 examples [00:10, 12895.23 examples/s][A
Generating full split: 142000 examples [00:10, 13454.75 examples/s][A
Generating full split: 143636 examples [00:11, 14178.20 examples/s][A
Generating full split: 145159 examples [00:11, 14453.61 examples/s][A
Generating full split: 146877 examples [00:11, 15010.15 examples/s][A
Generating full split: 149136 examples [00:11, 15025.10 examples/s][A
Generating full split: 150875 examples [00:11, 15401.97 examples/s][A
Generating full split: 153180 examples [00:11, 11212.16 examples/s][A
Generating full split: 154887 examples [00:11, 12251.58 examples/s][A
Generating full split: 156390 examples [00:12, 12855.11 examples/s][A
Generating full split: 158000 examples [00:12, 13491.06 examples/s][A
Generating full split: 159659 examples [00:12, 14268.05 examples/s][A
Generating full split: 162000 examples [00:12, 14592.28 examples/s][A
Generating full split: 163642 examples [00:12, 15045.66 examples/s][A
Generating full split: 166000 examples [00:12, 15003.49 examples/s][A
Generating full split: 167648 examples [00:12, 15362.63 examples/s][A
Generating full split: 170000 examples [00:13, 11347.52 examples/s][A
Generating full split: 171647 examples [00:13, 12338.90 examples/s][A
Generating full split: 173155 examples [00:13, 12932.36 examples/s][A
Generating full split: 174900 examples [00:13, 13851.31 examples/s][A
Generating full split: 177166 examples [00:13, 14267.14 examples/s][A
Generating full split: 178891 examples [00:13, 14832.41 examples/s][A
Generating full split: 181170 examples [00:13, 14952.36 examples/s][A
Generating full split: 182888 examples [00:13, 15334.60 examples/s][A
Generating full split: 185191 examples [00:14, 11319.31 examples/s][A
Generating full split: 186876 examples [00:14, 12316.50 examples/s][A
Generating full split: 188377 examples [00:14, 12893.44 examples/s][A
Generating full split: 190000 examples [00:14, 13477.27 examples/s][A
Generating full split: 191633 examples [00:14, 14185.62 examples/s][A
Generating full split: 193153 examples [00:14, 14450.97 examples/s][A
Generating full split: 194876 examples [00:14, 14987.31 examples/s][A
Generating full split: 197157 examples [00:14, 15065.56 examples/s][A
Generating full split: 198881 examples [00:15, 15400.70 examples/s][A
Generating full split: 201180 examples [00:15, 11233.58 examples/s][A
Generating full split: 202904 examples [00:15, 12304.84 examples/s][A
Generating full split: 204384 examples [00:15, 12847.81 examples/s][A
Generating full split: 206000 examples [00:15, 13441.58 examples/s][A
Generating full split: 207637 examples [00:15, 14173.53 examples/s][A
Generating full split: 209158 examples [00:15, 14444.54 examples/s][A
Generating full split: 210886 examples [00:15, 15009.47 examples/s][A
Generating full split: 213185 examples [00:16, 15123.09 examples/s][A
Generating full split: 214889 examples [00:16, 15470.73 examples/s][A
Generating full split: 217115 examples [00:16, 11309.19 examples/s][A
Generating full split: 218884 examples [00:16, 12396.01 examples/s][A
Generating full split: 220398 examples [00:16, 12998.86 examples/s][A
Generating full split: 222000 examples [00:16, 13589.72 examples/s][A
Generating full split: 223643 examples [00:16, 14306.05 examples/s][A
Generating full split: 226000 examples [00:17, 14646.06 examples/s][A
Generating full split: 227648 examples [00:17, 15101.38 examples/s][A
Generating full split: 230000 examples [00:17, 11231.08 examples/s][A
Generating full split: 231646 examples [00:17, 12247.03 examples/s][A
Generating full split: 233175 examples [00:17, 12910.62 examples/s][A
Generating full split: 234892 examples [00:17, 13782.78 examples/s][A
Generating full split: 236415 examples [00:17, 14134.10 examples/s][A
Generating full split: 238000 examples [00:17, 14439.88 examples/s][A
Generating full split: 239929 examples [00:18, 10984.56 examples/s][A
Generating full split: 241424 examples [00:18, 11828.37 examples/s][A
Generating full split: 243000 examples [00:18, 12634.15 examples/s][A
Generating full split: 244648 examples [00:18, 13587.23 examples/s][A
Generating full split: 246162 examples [00:18, 13991.84 examples/s][A
Generating full split: 247894 examples [00:18, 14736.87 examples/s][A
Generating full split: 250196 examples [00:18, 14954.76 examples/s][A
Generating full split: 252262 examples [00:19, 11170.09 examples/s][A
Generating full split: 253892 examples [00:19, 12197.34 examples/s][A
Generating full split: 255372 examples [00:19, 12776.05 examples/s][A
Generating full split: 257000 examples [00:19, 13410.12 examples/s][A
Generating full split: 258643 examples [00:19, 14174.53 examples/s][A
Generating full split: 260162 examples [00:19, 14442.16 examples/s][A
Generating full split: 261888 examples [00:19, 15041.67 examples/s][A
Generating full split: 264172 examples [00:19, 15105.58 examples/s][A
Generating full split: 266199 examples [00:20, 11215.70 examples/s][A
Generating full split: 267901 examples [00:20, 12326.73 examples/s][A
Generating full split: 269412 examples [00:20, 12944.19 examples/s][A
Generating full split: 271000 examples [00:20, 13501.01 examples/s][A
Generating full split: 272667 examples [00:20, 14306.97 examples/s][A
Generating full split: 274191 examples [00:20, 14552.90 examples/s][A
Generating full split: 275899 examples [00:20, 15142.62 examples/s][A
Generating full split: 278165 examples [00:20, 15122.65 examples/s][A
Generating full split: 279897 examples [00:21, 15529.85 examples/s][A
Generating full split: 282210 examples [00:21, 11277.61 examples/s][A
Generating full split: 283911 examples [00:21, 12367.35 examples/s][A
Generating full split: 285432 examples [00:21, 12989.33 examples/s][A
Generating full split: 287000 examples [00:21, 13489.69 examples/s][A
Generating full split: 288631 examples [00:21, 14198.92 examples/s][A
Generating full split: 291000 examples [00:21, 14564.15 examples/s][A
Generating full split: 292661 examples [00:22, 15070.86 examples/s][A
Generating full split: 295000 examples [00:22, 15139.55 examples/s][A
Generating full split: 296655 examples [00:22, 15484.16 examples/s][A
Generating full split: 299000 examples [00:22, 11351.23 examples/s][A
Generating full split: 300676 examples [00:22, 12398.74 examples/s][A
Generating full split: 302199 examples [00:22, 13011.04 examples/s][A
Generating full split: 303888 examples [00:22, 13886.30 examples/s][A
Generating full split: 306163 examples [00:23, 14314.34 examples/s][A
Generating full split: 307891 examples [00:23, 14884.07 examples/s][A
Generating full split: 310162 examples [00:23, 14969.46 examples/s][A
Generating full split: 311906 examples [00:23, 15404.88 examples/s][A
Generating full split: 314219 examples [00:23, 11407.30 examples/s][A
Generating full split: 315905 examples [00:23, 12444.75 examples/s][A
Generating full split: 317436 examples [00:23, 13064.08 examples/s][A
Generating full split: 319000 examples [00:24, 13591.99 examples/s][A
Generating full split: 320652 examples [00:24, 14326.02 examples/s][A
Generating full split: 322195 examples [00:24, 14616.98 examples/s][A
Generating full split: 323895 examples [00:24, 15158.24 examples/s][A
Generating full split: 326203 examples [00:24, 15240.00 examples/s][A
Generating full split: 327910 examples [00:24, 15622.43 examples/s][A
Generating full split: 330223 examples [00:24, 11346.04 examples/s][A
Generating full split: 331904 examples [00:24, 12420.48 examples/s][A
Generating full split: 333436 examples [00:25, 13054.67 examples/s][A
Generating full split: 335000 examples [00:25, 13623.36 examples/s][A
Generating full split: 336651 examples [00:25, 14355.73 examples/s][A
Generating full split: 339000 examples [00:25, 14707.82 examples/s][A
Generating full split: 340665 examples [00:25, 15189.01 examples/s][A
Generating full split: 343000 examples [00:25, 15229.82 examples/s][A
Generating full split: 344654 examples [00:25, 15552.06 examples/s][A
Generating full split: 347000 examples [00:26, 11410.32 examples/s][A
Generating full split: 348662 examples [00:26, 12424.35 examples/s][A
Generating full split: 350183 examples [00:26, 13028.15 examples/s][A
Generating full split: 351904 examples [00:26, 13925.05 examples/s][A
Generating full split: 353430 examples [00:26, 14257.62 examples/s][A
Generating full split: 355000 examples [00:26, 14555.82 examples/s][A
Generating full split: 356661 examples [00:26, 15115.20 examples/s][A
Generating full split: 359000 examples [00:26, 15206.70 examples/s][A
Generating full split: 360675 examples [00:26, 15604.01 examples/s][A
Generating full split: 363000 examples [00:27, 11328.49 examples/s][A
Generating full split: 364661 examples [00:27, 12375.33 examples/s][A
Generating full split: 366207 examples [00:27, 13054.69 examples/s][A
Generating full split: 367900 examples [00:27, 13930.24 examples/s][A
Generating full split: 369433 examples [00:27, 14285.99 examples/s][A
Generating full split: 371000 examples [00:27, 14598.70 examples/s][A
Generating full split: 372667 examples [00:27, 15163.42 examples/s][A
Generating full split: 375000 examples [00:28, 15292.06 examples/s][A
Generating full split: 376677 examples [00:28, 15674.60 examples/s][A
Generating full split: 379019 examples [00:28, 11399.83 examples/s][A
Generating full split: 380713 examples [00:28, 12502.30 examples/s][A
Generating full split: 382239 examples [00:28, 13110.28 examples/s][A
Generating full split: 383907 examples [00:28, 13966.65 examples/s][A
Generating full split: 385448 examples [00:28, 14332.47 examples/s][A
Generating full split: 387000 examples [00:28, 14639.52 examples/s][A
Generating full split: 388647 examples [00:29, 15142.99 examples/s][A
Generating full split: 391000 examples [00:29, 15212.28 examples/s][A
Generating full split: 392664 examples [00:29, 15580.35 examples/s][A
Generating full split: 395000 examples [00:29, 11383.50 examples/s][A
Generating full split: 396672 examples [00:29, 12446.15 examples/s][A
Generating full split: 398216 examples [00:29, 13107.46 examples/s][A
Generating full split: 399900 examples [00:29, 13986.74 examples/s][A
Generating full split: 402204 examples [00:30, 14447.45 examples/s][A
Generating full split: 403888 examples [00:30, 14954.31 examples/s][A
Generating full split: 406159 examples [00:30, 15014.48 examples/s][A
Generating full split: 407892 examples [00:30, 15406.68 examples/s][A
Generating full split: 410210 examples [00:30, 11374.86 examples/s][A
Generating full split: 411889 examples [00:30, 12403.63 examples/s][A
Generating full split: 413424 examples [00:30, 13039.31 examples/s][A
Generating full split: 415000 examples [00:31, 13587.55 examples/s][A
Generating full split: 416667 examples [00:31, 14360.20 examples/s][A
Generating full split: 418216 examples [00:31, 14656.52 examples/s][A
Generating full split: 419903 examples [00:31, 15204.19 examples/s][A
Generating full split: 422238 examples [00:31, 15335.40 examples/s][A
Generating full split: 423901 examples [00:31, 15669.92 examples/s][A
Generating full split: 426102 examples [00:31, 11372.90 examples/s][A
Generating full split: 427897 examples [00:31, 12511.10 examples/s][A
Generating full split: 429415 examples [00:32, 13101.10 examples/s][A
Generating full split: 431000 examples [00:32, 13660.49 examples/s][A
Generating full split: 432687 examples [00:32, 14474.36 examples/s][A
Generating full split: 434241 examples [00:32, 14756.27 examples/s][A
Generating full split: 435894 examples [00:32, 15233.66 examples/s][A
Generating full split: 438105 examples [00:32, 10954.57 examples/s][A
Generating full split: 439894 examples [00:32, 12193.05 examples/s][A
Generating full split: 441656 examples [00:33, 11769.79 examples/s][A
Generating full split: 443196 examples [00:33, 12563.55 examples/s][A
Generating full split: 444896 examples [00:33, 13538.17 examples/s][A
Generating full split: 446434 examples [00:33, 14003.06 examples/s][A
Generating full split: 448000 examples [00:33, 14380.74 examples/s][A
Generating full split: 449649 examples [00:33, 10642.47 examples/s][A
Generating full split: 451163 examples [00:33, 11621.40 examples/s][A
Generating full split: 452906 examples [00:33, 12884.92 examples/s][A
Generating full split: 454450 examples [00:33, 13525.80 examples/s][A
Generating full split: 456001 examples [00:34, 14047.98 examples/s][A
Generating full split: 457665 examples [00:34, 14756.56 examples/s][A
Generating full split: 460000 examples [00:34, 14974.88 examples/s][A
Generating full split: 462042 examples [00:34, 11197.91 examples/s][A
Generating full split: 463721 examples [00:34, 12326.83 examples/s][A
Generating full split: 465233 examples [00:34, 12950.55 examples/s][A
Generating full split: 466911 examples [00:34, 13861.06 examples/s][A
Generating full split: 468441 examples [00:35, 14224.69 examples/s][A
Generating full split: 470000 examples [00:35, 14547.47 examples/s][A
Generating full split: 471679 examples [00:35, 15163.45 examples/s][A
Generating full split: 474000 examples [00:35, 15218.90 examples/s][A
Generating full split: 476010 examples [00:35, 11276.97 examples/s][A
Generating full split: 477616 examples [00:35, 12247.31 examples/s][A
Generating full split: 479138 examples [00:35, 12915.36 examples/s][A
Generating full split: 480903 examples [00:35, 13890.96 examples/s][A
Generating full split: 482443 examples [00:36, 14274.60 examples/s][A
Generating full split: 484009 examples [00:36, 14640.84 examples/s][A
Generating full split: 485687 examples [00:36, 15227.80 examples/s][A
Generating full split: 488002 examples [00:36, 15301.55 examples/s][A
Generating full split: 489669 examples [00:36, 15655.19 examples/s][A
Generating full split: 492011 examples [00:36, 11412.32 examples/s][A
Generating full split: 493677 examples [00:36, 12459.29 examples/s][A
Generating full split: 495212 examples [00:37, 13100.41 examples/s][A
Generating full split: 496900 examples [00:37, 13980.86 examples/s][A
Generating full split: 498435 examples [00:37, 14329.44 examples/s][A
Generating full split: 500000 examples [00:37, 14608.15 examples/s][A
Generating full split: 501667 examples [00:37, 15172.22 examples/s][A
Generating full split: 504000 examples [00:37, 15259.61 examples/s][A
Generating full split: 505695 examples [00:37, 15699.61 examples/s][A
Generating full split: 508026 examples [00:37, 11458.53 examples/s][A
Generating full split: 509668 examples [00:38, 12449.20 examples/s][A
Generating full split: 511223 examples [00:38, 13134.20 examples/s][A
Generating full split: 512911 examples [00:38, 13986.22 examples/s][A
Generating full split: 515207 examples [00:38, 14426.02 examples/s][A
Generating full split: 516904 examples [00:38, 15010.04 examples/s][A
Generating full split: 519226 examples [00:38, 15167.52 examples/s][A
Generating full split: 520900 examples [00:38, 15552.02 examples/s][A
Generating full split: 523223 examples [00:39, 11435.27 examples/s][A
Generating full split: 524912 examples [00:39, 12465.33 examples/s][A
Generating full split: 526448 examples [00:39, 13093.25 examples/s][A
Generating full split: 528000 examples [00:39, 13662.50 examples/s][A
Generating full split: 529683 examples [00:39, 14459.33 examples/s][A
Generating full split: 532000 examples [00:39, 14784.26 examples/s][A
Generating full split: 533673 examples [00:39, 15268.93 examples/s][A
Generating full split: 536000 examples [00:39, 15299.35 examples/s][A
Generating full split: 537658 examples [00:39, 15617.34 examples/s][A
Generating full split: 540008 examples [00:40, 11484.08 examples/s][A
Generating full split: 541682 examples [00:40, 12511.60 examples/s][A
Generating full split: 543223 examples [00:40, 13144.02 examples/s][A
Generating full split: 544906 examples [00:40, 14019.13 examples/s][A
Generating full split: 546455 examples [00:40, 14389.75 examples/s][A
Generating full split: 548000 examples [00:40, 14645.64 examples/s][A
Generating full split: 549649 examples [00:40, 15151.46 examples/s][A
Generating full split: 552000 examples [00:41, 15257.57 examples/s][A
Generating full split: 553692 examples [00:41, 15687.89 examples/s][A
Generating full split: 556032 examples [00:41, 11450.07 examples/s][A
Generating full split: 557719 examples [00:41, 12529.69 examples/s][A
Generating full split: 559273 examples [00:41, 13196.26 examples/s][A
Generating full split: 560959 examples [00:41, 14076.53 examples/s][A
Generating full split: 563249 examples [00:41, 14476.94 examples/s][A
Generating full split: 564926 examples [00:42, 15036.05 examples/s][A
Generating full split: 567247 examples [00:42, 15184.44 examples/s][A
Generating full split: 568934 examples [00:42, 15596.89 examples/s][A
Generating full split: 571233 examples [00:42, 11466.95 examples/s][A
Generating full split: 572897 examples [00:42, 12477.18 examples/s][A
Generating full split: 574438 examples [00:42, 13117.50 examples/s][A
Generating full split: 576000 examples [00:42, 13676.84 examples/s][A
Generating full split: 577678 examples [00:42, 14461.83 examples/s][A
Generating full split: 579668 examples [00:43, 13276.87 examples/s][A
Generating full split: 581210 examples [00:43, 13786.05 examples/s][A
Generating full split: 582891 examples [00:43, 14508.98 examples/s][A
Generating full split: 584426 examples [00:43, 14731.36 examples/s][A
Generating full split: 586473 examples [00:43, 10862.02 examples/s][A
Generating full split: 588001 examples [00:43, 11777.78 examples/s][A
Generating full split: 589677 examples [00:43, 12916.37 examples/s][A
Generating full split: 591239 examples [00:44, 13580.60 examples/s][A
Generating full split: 592906 examples [00:44, 14381.17 examples/s][A
Generating full split: 594451 examples [00:44, 14668.50 examples/s][A
Generating full split: 596029 examples [00:44, 14978.44 examples/s][A
Generating full split: 597698 examples [00:44, 15461.99 examples/s][A
Generating full split: 600014 examples [00:44, 15449.45 examples/s][A
Generating full split: 601691 examples [00:44, 15796.91 examples/s][A
Generating full split: 604018 examples [00:44, 11449.71 examples/s][A
Generating full split: 605710 examples [00:45, 12547.29 examples/s][A
Generating full split: 607233 examples [00:45, 13144.32 examples/s][A
Generating full split: 608897 examples [00:45, 13987.91 examples/s][A
Generating full split: 610450 examples [00:45, 14382.83 examples/s][A
Generating full split: 612004 examples [00:45, 14690.26 examples/s][A
Generating full split: 613685 examples [00:45, 15275.05 examples/s][A
Generating full split: 616007 examples [00:45, 15347.88 examples/s][A
Generating full split: 617659 examples [00:45, 15650.94 examples/s][A
Generating full split: 620004 examples [00:46, 11408.96 examples/s][A
Generating full split: 621674 examples [00:46, 12464.21 examples/s][A
Generating full split: 623234 examples [00:46, 13158.22 examples/s][A
Generating full split: 624906 examples [00:46, 14013.57 examples/s][A
Generating full split: 626444 examples [00:46, 14360.17 examples/s][A
Generating full split: 628000 examples [00:46, 14621.73 examples/s][A
Generating full split: 629703 examples [00:46, 15282.55 examples/s][A
Generating full split: 632008 examples [00:46, 15310.61 examples/s][A
Generating full split: 633682 examples [00:46, 15682.75 examples/s][A
Generating full split: 636000 examples [00:47, 11428.77 examples/s][A
Generating full split: 637681 examples [00:47, 12505.65 examples/s][A
Generating full split: 639220 examples [00:47, 13145.77 examples/s][A
Generating full split: 640909 examples [00:47, 14035.15 examples/s][A
Generating full split: 643208 examples [00:47, 14472.95 examples/s][A
Generating full split: 644899 examples [00:47, 15019.80 examples/s][A
Generating full split: 647053 examples [00:48, 11047.24 examples/s][A
Generating full split: 648724 examples [00:48, 12157.15 examples/s][A
Generating full split: 650261 examples [00:48, 12858.81 examples/s][A
Generating full split: 651942 examples [00:48, 13798.98 examples/s][A
Generating full split: 653495 examples [00:48, 14238.06 examples/s][A
Generating full split: 655932 examples [00:48, 14943.31 examples/s][A
Generating full split: 657912 examples [00:48, 11277.61 examples/s][A
Generating full split: 659415 examples [00:49, 12027.54 examples/s][A
Generating full split: 661000 examples [00:49, 12834.61 examples/s][A
Generating full split: 662652 examples [00:49, 13719.65 examples/s][A
Generating full split: 664192 examples [00:49, 14148.71 examples/s][A
Generating full split: 665896 examples [00:49, 14853.21 examples/s][A
Generating full split: 668222 examples [00:49, 15086.20 examples/s][A
Generating full split: 670270 examples [00:49, 11270.75 examples/s][A
Generating full split: 671929 examples [00:49, 12338.31 examples/s][A
Generating full split: 673462 examples [00:50, 13003.30 examples/s][A
Generating full split: 675000 examples [00:50, 13565.21 examples/s][A
Generating full split: 676680 examples [00:50, 14390.24 examples/s][A
Generating full split: 678228 examples [00:50, 14680.51 examples/s][A
Generating full split: 679900 examples [00:50, 15241.89 examples/s][A
Generating full split: 682220 examples [00:50, 15321.92 examples/s][A
Generating full split: 684211 examples [00:50, 11289.40 examples/s][A
Generating full split: 685900 examples [00:51, 12409.98 examples/s][A
Generating full split: 687459 examples [00:51, 13125.05 examples/s][A
Generating full split: 689008 examples [00:51, 13697.26 examples/s][A
Generating full split: 690674 examples [00:51, 14459.52 examples/s][A
Generating full split: 692233 examples [00:51, 14760.79 examples/s][A
Generating full split: 693929 examples [00:51, 15369.32 examples/s][A
Generating full split: 696265 examples [00:51, 15443.43 examples/s][A
Generating full split: 697953 examples [00:51, 15819.43 examples/s][A
Generating full split: 700266 examples [00:52, 11507.49 examples/s][A
Generating full split: 701950 examples [00:52, 12577.54 examples/s][A
Generating full split: 703530 examples [00:52, 13293.11 examples/s][A
Generating full split: 705079 examples [00:52, 13822.91 examples/s][A
Generating full split: 706763 examples [00:52, 14594.30 examples/s][A
Generating full split: 709113 examples [00:52, 14971.84 examples/s][A
Generating full split: 710906 examples [00:52, 15444.72 examples/s][A
Generating full split: 713253 examples [00:52, 15510.92 examples/s][A
Generating full split: 715483 examples [00:53, 11686.72 examples/s][A
Generating full split: 717027 examples [00:53, 12415.55 examples/s][A
Generating full split: 718726 examples [00:53, 13406.92 examples/s][A
Generating full split: 720295 examples [00:53, 13947.06 examples/s][A
Generating full split: 721987 examples [00:53, 14695.98 examples/s][A
Generating full split: 724334 examples [00:53, 15026.26 examples/s][A
Generating full split: 726000 examples [00:53, 15178.08 examples/s][A
Generating full split: 727673 examples [00:53, 15579.92 examples/s][A
Generating full split: 730000 examples [00:54, 15539.25 examples/s][A
Generating full split: 732278 examples [00:54, 11699.23 examples/s][A
Generating full split: 733952 examples [00:54, 12687.76 examples/s][A
Generating full split: 735512 examples [00:54, 13323.19 examples/s][A
Generating full split: 737069 examples [00:54, 13856.30 examples/s][A
Generating full split: 738761 examples [00:54, 14631.68 examples/s][A
Generating full split: 741075 examples [00:54, 14908.09 examples/s][A
Generating full split: 742768 examples [00:55, 15414.25 examples/s][A
Generating full split: 745107 examples [00:55, 15474.88 examples/s][A
Generating full split: 746805 examples [00:55, 11552.39 examples/s][A
Generating full split: 748250 examples [00:55, 12148.67 examples/s][A
Generating full split: 749940 examples [00:55, 13229.60 examples/s][A
Generating full split: 751504 examples [00:55, 13820.83 examples/s][A
Generating full split: 753024 examples [00:55, 14178.30 examples/s][A
Generating full split: 754697 examples [00:55, 14864.45 examples/s][A
Generating full split: 756249 examples [00:56, 15045.39 examples/s][A
Generating full split: 757931 examples [00:56, 15549.75 examples/s][A
Generating full split: 760262 examples [00:56, 15543.28 examples/s][A
Generating full split: 761958 examples [00:56, 15918.32 examples/s][A
Generating full split: 764273 examples [00:56, 11533.08 examples/s][A
Generating full split: 765996 examples [00:56, 12681.23 examples/s][A
Generating full split: 767580 examples [00:56, 13384.77 examples/s][A
Generating full split: 769169 examples [00:56, 13990.30 examples/s][A
Generating full split: 770912 examples [00:57, 14731.86 examples/s][A
Generating full split: 773260 examples [00:57, 15053.95 examples/s][A
Generating full split: 774950 examples [00:57, 15515.96 examples/s][A
Generating full split: 777327 examples [00:57, 15628.39 examples/s][A
Generating full split: 779486 examples [00:57, 11717.72 examples/s][A
Generating full split: 781055 examples [00:57, 12495.68 examples/s][A
Generating full split: 782764 examples [00:57, 13499.94 examples/s][A
Generating full split: 784347 examples [00:58, 14053.57 examples/s][A
Generating full split: 786000 examples [00:58, 14517.71 examples/s][A
Generating full split: 787715 examples [00:58, 15212.67 examples/s][A
Generating full split: 789317 examples [00:58, 15432.00 examples/s][A
Generating full split: 791000 examples [00:58, 15600.82 examples/s][A
Generating full split: 792727 examples [00:58, 16073.53 examples/s][A
Generating full split: 794806 examples [00:58, 11633.61 examples/s][A
Generating full split: 796274 examples [00:58, 12289.18 examples/s][A
Generating full split: 797986 examples [00:59, 13424.57 examples/s][A
Generating full split: 799552 examples [00:59, 13986.99 examples/s][A
Generating full split: 801117 examples [00:59, 14425.72 examples/s][A
Generating full split: 802915 examples [00:59, 15177.28 examples/s][A
Generating full split: 805279 examples [00:59, 15387.02 examples/s][A
Generating full split: 806999 examples [00:59, 15853.49 examples/s][A
Generating full split: 809377 examples [00:59, 15852.92 examples/s][A
Generating full split: 811495 examples [01:00, 11797.11 examples/s][A
Generating full split: 813067 examples [01:00, 12576.97 examples/s][A
Generating full split: 814808 examples [01:00, 13645.39 examples/s][A
Generating full split: 816455 examples [01:00, 14321.96 examples/s][A
Generating full split: 818098 examples [01:00, 14859.29 examples/s][A
Generating full split: 819937 examples [01:00, 15596.08 examples/s][A
Generating full split: 822317 examples [01:00, 15691.65 examples/s][A
Generating full split: 824000 examples [01:00, 15737.84 examples/s][A
Generating full split: 825699 examples [01:00, 16065.67 examples/s][A
Generating full split: 827435 examples [01:01, 11262.10 examples/s][A
Generating full split: 829000 examples [01:01, 12186.76 examples/s][A
Generating full split: 830700 examples [01:01, 13302.90 examples/s][A
Generating full split: 832267 examples [01:01, 13891.13 examples/s][A
Generating full split: 833967 examples [01:01, 14704.61 examples/s][A
Generating full split: 835578 examples [01:01, 15086.39 examples/s][A
Generating full split: 837173 examples [01:01, 15327.24 examples/s][A
Generating full split: 838922 examples [01:01, 15890.64 examples/s][A
Generating full split: 841320 examples [01:02, 15925.96 examples/s][A
Generating full split: 843432 examples [01:02, 11691.21 examples/s][A
Generating full split: 845000 examples [01:02, 12456.86 examples/s][A
Generating full split: 846677 examples [01:02, 13425.77 examples/s][A
Generating full split: 848283 examples [01:02, 14065.32 examples/s][A
Generating full split: 850000 examples [01:02, 14678.23 examples/s][A
Generating full split: 851752 examples [01:02, 15431.72 examples/s][A
Generating full split: 854107 examples [01:02, 15526.95 examples/s][A
Generating full split: 855941 examples [01:03, 16020.97 examples/s][A
Generating full split: 858288 examples [01:03, 15886.50 examples/s][A
Generating full split: 860116 examples [01:03, 11646.09 examples/s][A
Generating full split: 861917 examples [01:03, 12773.36 examples/s][A
Generating full split: 863502 examples [01:03, 13452.90 examples/s][A
Generating full split: 865078 examples [01:03, 14005.58 examples/s][A
Generating full split: 866790 examples [01:03, 14801.56 examples/s][A
Generating full split: 868372 examples [01:03, 15072.15 examples/s][A
Generating full split: 870000 examples [01:04, 15283.17 examples/s][A
Generating full split: 872187 examples [01:04, 11285.29 examples/s][A
Generating full split: 873919 examples [01:04, 12533.58 examples/s][A
Generating full split: 875464 examples [01:04, 13203.39 examples/s][A
Generating full split: 877058 examples [01:04, 13877.27 examples/s][A
Generating full split: 878741 examples [01:04, 14638.31 examples/s][A
Generating full split: 880311 examples [01:04, 14924.14 examples/s][A
Generating full split: 882000 examples [01:04, 15190.71 examples/s][A
Generating full split: 883707 examples [01:05, 11094.49 examples/s][A
Generating full split: 885275 examples [01:05, 12107.21 examples/s][A
Generating full split: 886967 examples [01:05, 13261.47 examples/s][A
Generating full split: 888540 examples [01:05, 13888.27 examples/s][A
Generating full split: 890104 examples [01:05, 14354.47 examples/s][A
Generating full split: 891918 examples [01:05, 15191.07 examples/s][A
Generating full split: 893504 examples [01:05, 15376.17 examples/s][A
Generating full split: 895298 examples [01:06, 11007.41 examples/s][A
Generating full split: 897000 examples [01:06, 12155.40 examples/s][A
Generating full split: 898691 examples [01:06, 13271.85 examples/s][A
Generating full split: 900276 examples [01:06, 13918.16 examples/s][A
Generating full split: 901978 examples [01:06, 14735.50 examples/s][A
Generating full split: 903568 examples [01:06, 15051.62 examples/s][A
Generating full split: 905158 examples [01:06, 15288.21 examples/s][A
Generating full split: 906929 examples [01:06, 15835.71 examples/s][A
Generating full split: 909233 examples [01:07, 11396.34 examples/s][A
Generating full split: 910945 examples [01:07, 12584.67 examples/s][A
Generating full split: 912521 examples [01:07, 13309.64 examples/s][A
Generating full split: 914118 examples [01:07, 13961.93 examples/s][A
Generating full split: 915938 examples [01:07, 14904.61 examples/s][A
Generating full split: 918296 examples [01:07, 15190.95 examples/s][A
Generating full split: 920000 examples [01:07, 15409.46 examples/s][A
Generating full split: 921709 examples [01:07, 15847.19 examples/s][A
Generating full split: 923805 examples [01:08, 11668.56 examples/s][A
Generating full split: 925923 examples [01:08, 11639.99 examples/s][A
Generating full split: 927532 examples [01:08, 12539.70 examples/s][A
Generating full split: 929113 examples [01:08, 13272.13 examples/s][A
Generating full split: 930927 examples [01:08, 14272.34 examples/s][A
Generating full split: 932506 examples [01:08, 14658.18 examples/s][A
Generating full split: 934079 examples [01:08, 14942.75 examples/s][A
Generating full split: 935911 examples [01:08, 15592.54 examples/s][A
Generating full split: 938252 examples [01:09, 15595.64 examples/s][A
Generating full split: 940503 examples [01:09, 11624.81 examples/s][A
Generating full split: 942081 examples [01:09, 12447.40 examples/s][A
Generating full split: 943923 examples [01:09, 13535.25 examples/s][A
Generating full split: 945491 examples [01:09, 14041.31 examples/s][A
Generating full split: 947049 examples [01:09, 14428.33 examples/s][A
Generating full split: 948738 examples [01:09, 15076.82 examples/s][A
Generating full split: 951068 examples [01:10, 15238.11 examples/s][A
Generating full split: 952761 examples [01:10, 15669.00 examples/s][A
Generating full split: 955139 examples [01:10, 15732.38 examples/s][A
Generating full split: 957272 examples [01:10, 11733.59 examples/s][A
Generating full split: 958976 examples [01:10, 12782.04 examples/s][A
Generating full split: 960556 examples [01:10, 13442.90 examples/s][A
Generating full split: 962119 examples [01:10, 13963.53 examples/s][A
Generating full split: 963913 examples [01:10, 14770.57 examples/s][A
Generating full split: 965489 examples [01:11, 15030.59 examples/s][A
Generating full split: 967971 examples [01:11, 15575.70 examples/s][A
Generating full split: 970346 examples [01:11, 15659.93 examples/s][A
Generating full split: 972485 examples [01:11, 11786.05 examples/s][A
Generating full split: 974092 examples [01:11, 12617.82 examples/s][A
Generating full split: 975923 examples [01:11, 13683.50 examples/s][A
Generating full split: 977496 examples [01:11, 14161.87 examples/s][A
Generating full split: 979082 examples [01:12, 14585.32 examples/s][A
Generating full split: 980772 examples [01:12, 15195.82 examples/s][A
Generating full split: 982405 examples [01:12, 15505.01 examples/s][A
Generating full split: 984030 examples [01:12, 15710.68 examples/s][A
Generating full split: 985770 examples [01:12, 16192.49 examples/s][A
Generating full split: 987804 examples [01:12, 11689.99 examples/s][A
Generating full split: 989254 examples [01:12, 12300.23 examples/s][A
Generating full split: 990952 examples [01:12, 13409.04 examples/s][A
Generating full split: 992522 examples [01:13, 13986.13 examples/s][A
Generating full split: 994095 examples [01:13, 14447.25 examples/s][A
Generating full split: 995905 examples [01:13, 15163.01 examples/s][A
Generating full split: 998203 examples [01:13, 15217.28 examples/s][A
Generating full split: 999904 examples [01:13, 15649.42 examples/s][A
Generating full split: 1002239 examples [01:13, 15616.25 examples/s][A
Generating full split: 1004482 examples [01:13, 11705.16 examples/s][A
Generating full split: 1006048 examples [01:14, 12479.33 examples/s][A
Generating full split: 1007772 examples [01:14, 13520.57 examples/s][A
Generating full split: 1009356 examples [01:14, 14072.37 examples/s][A
Generating full split: 1011000 examples [01:14, 14517.29 examples/s][A
Generating full split: 1012702 examples [01:14, 15176.25 examples/s][A
Generating full split: 1014299 examples [01:14, 15390.84 examples/s][A
Generating full split: 1016000 examples [01:14, 15555.70 examples/s][A
Generating full split: 1017703 examples [01:14, 15970.87 examples/s][A
Generating full split: 1019806 examples [01:14, 11600.97 examples/s][A
Generating full split: 1021225 examples [01:15, 12155.19 examples/s][A
Generating full split: 1022927 examples [01:15, 13295.03 examples/s][A
Generating full split: 1024477 examples [01:15, 13847.19 examples/s][A
Generating full split: 1026050 examples [01:15, 14342.18 examples/s][A
Generating full split: 1027754 examples [01:15, 15076.57 examples/s][A
Generating full split: 1029330 examples [01:15, 15266.39 examples/s][A
Generating full split: 1031000 examples [01:15, 15444.22 examples/s][A
Generating full split: 1032694 examples [01:15, 15870.60 examples/s][A
Generating full split: 1035054 examples [01:15, 15814.55 examples/s][A
Generating full split: 1037285 examples [01:16, 11666.94 examples/s][A
Generating full split: 1038967 examples [01:16, 12706.06 examples/s][A
Generating full split: 1040558 examples [01:16, 13421.87 examples/s][A
Generating full split: 1042087 examples [01:16, 13871.74 examples/s][A
Generating full split: 1043765 examples [01:16, 14616.22 examples/s][A
Generating full split: 1045343 examples [01:16, 14926.49 examples/s][A
Generating full split: 1047000 examples [01:16, 15178.41 examples/s][A
Generating full split: 1048716 examples [01:16, 15730.99 examples/s][A
Generating full split: 1051073 examples [01:17, 15720.58 examples/s][A
Generating full split: 1053249 examples [01:17, 11606.93 examples/s][A
Generating full split: 1054937 examples [01:17, 12669.26 examples/s][A
Generating full split: 1056491 examples [01:17, 13308.92 examples/s][A
Generating full split: 1058069 examples [01:17, 13904.14 examples/s][A
Generating full split: 1059756 examples [01:17, 14663.63 examples/s][A
Generating full split: 1061334 examples [01:17, 14961.88 examples/s][A
Generating full split: 1063000 examples [01:17, 15218.81 examples/s][A
Generating full split: 1064701 examples [01:18, 15720.75 examples/s][A
Generating full split: 1067059 examples [01:18, 15715.15 examples/s][A
Generating full split: 1069190 examples [01:18, 11580.81 examples/s][A
Generating full split: 1070908 examples [01:18, 12674.61 examples/s][A
Generating full split: 1072463 examples [01:18, 13316.42 examples/s][A
Generating full split: 1074021 examples [01:18, 13862.82 examples/s][A
Generating full split: 1075734 examples [01:18, 14700.92 examples/s][A
Generating full split: 1078072 examples [01:19, 15012.40 examples/s][A
Generating full split: 1079778 examples [01:19, 15528.27 examples/s][A
Generating full split: 1082126 examples [01:19, 15568.83 examples/s][A
Generating full split: 1083919 examples [01:19, 15944.56 examples/s][A
Generating full split: 1086000 examples [01:19, 11604.37 examples/s][A
Generating full split: 1087690 examples [01:19, 12666.63 examples/s][A
Generating full split: 1089247 examples [01:19, 13313.03 examples/s][A
Generating full split: 1090962 examples [01:20, 14239.08 examples/s][A
Generating full split: 1092520 examples [01:20, 14582.21 examples/s][A
Generating full split: 1094966 examples [01:20, 15187.89 examples/s][A
Generating full split: 1097171 examples [01:20, 11307.78 examples/s][A
Generating full split: 1098911 examples [01:20, 12433.37 examples/s][A
Generating full split: 1100445 examples [01:20, 13060.52 examples/s][A
Generating full split: 1102003 examples [01:20, 13651.12 examples/s][A
Generating full split: 1103694 examples [01:20, 14470.45 examples/s][A
Generating full split: 1105256 examples [01:21, 14773.02 examples/s][A
Generating full split: 1106951 examples [01:21, 15367.14 examples/s][A
Generating full split: 1108669 examples [01:21, 10973.14 examples/s][A
Generating full split: 1110212 examples [01:21, 11941.58 examples/s][A
Generating full split: 1111919 examples [01:21, 13151.11 examples/s][A
Generating full split: 1113462 examples [01:21, 13725.04 examples/s][A
Generating full split: 1115018 examples [01:21, 14209.61 examples/s][A
Generating full split: 1116711 examples [01:21, 14954.95 examples/s][A
Generating full split: 1119006 examples [01:22, 15078.06 examples/s][A
Generating full split: 1121039 examples [01:22, 11212.52 examples/s][A
Generating full split: 1122706 examples [01:22, 12317.50 examples/s][A
Generating full split: 1124256 examples [01:22, 13031.12 examples/s][A
Generating full split: 1125940 examples [01:22, 13954.39 examples/s][A
Generating full split: 1127479 examples [01:22, 14322.73 examples/s][A
Generating full split: 1129922 examples [01:22, 15017.38 examples/s][A
Generating full split: 1131497 examples [01:23, 15200.74 examples/s][A
Generating full split: 1133064 examples [01:23, 15323.54 examples/s][A
Generating full split: 1135000 examples [01:23, 11184.61 examples/s][A
Generating full split: 1136716 examples [01:23, 12443.13 examples/s][A
Generating full split: 1138682 examples [01:23, 12102.65 examples/s][A
Generating full split: 1140234 examples [01:23, 12856.93 examples/s][A
Generating full split: 1142000 examples [01:23, 13800.56 examples/s][A
Generating full split: 1143774 examples [01:23, 14793.46 examples/s][A
Generating full split: 1145435 examples [01:24, 15266.94 examples/s][A
Generating full split: 1147090 examples [01:24, 15615.87 examples/s][A
Generating full split: 1148805 examples [01:24, 11410.74 examples/s][A
Generating full split: 1150354 examples [01:24, 12317.38 examples/s][A
Generating full split: 1152022 examples [01:24, 13368.68 examples/s][A
Generating full split: 1153815 examples [01:24, 14534.00 examples/s][A
Generating full split: 1155448 examples [01:24, 15012.18 examples/s][A
Generating full split: 1157107 examples [01:24, 15447.55 examples/s][A
Generating full split: 1158960 examples [01:24, 16181.08 examples/s][A
Generating full split: 1160639 examples [01:25, 16354.73 examples/s][A
Generating full split: 1163120 examples [01:25, 16422.10 examples/s][A
Generating full split: 1164806 examples [01:25, 12026.03 examples/s][A
Generating full split: 1166346 examples [01:25, 12754.67 examples/s][A
Generating full split: 1168000 examples [01:25, 13646.70 examples/s][A
Generating full split: 1169797 examples [01:25, 14734.44 examples/s][A
Generating full split: 1171452 examples [01:25, 15212.75 examples/s][A
Generating full split: 1173121 examples [01:25, 15616.86 examples/s][A
Generating full split: 1174967 examples [01:26, 16299.20 examples/s][A
Generating full split: 1177454 examples [01:26, 16399.51 examples/s][A
Generating full split: 1179130 examples [01:26, 16492.80 examples/s][A
Generating full split: 1180806 examples [01:26, 11998.20 examples/s][A
Generating full split: 1182383 examples [01:26, 12827.33 examples/s][A
Generating full split: 1184040 examples [01:26, 13721.43 examples/s][A
Generating full split: 1185967 examples [01:26, 14851.02 examples/s][A
Generating full split: 1187609 examples [01:26, 15263.22 examples/s][A
Generating full split: 1189276 examples [01:27, 15643.02 examples/s][A
Generating full split: 1191000 examples [01:27, 15946.78 examples/s][A
Generating full split: 1192771 examples [01:27, 16443.50 examples/s][A
Generating full split: 1195258 examples [01:27, 16491.56 examples/s][A
Generating full split: 1197524 examples [01:27, 12159.28 examples/s][A
Generating full split: 1199198 examples [01:27, 13085.85 examples/s][A
Generating full split: 1200967 examples [01:27, 14117.48 examples/s][A
Generating full split: 1202610 examples [01:28, 14677.54 examples/s][A
Generating full split: 1204248 examples [01:28, 15114.09 examples/s][A
Generating full split: 1206000 examples [01:28, 15524.30 examples/s][A
Generating full split: 1207801 examples [01:28, 16202.36 examples/s][A
Generating full split: 1210284 examples [01:28, 16330.24 examples/s][A
Generating full split: 1211967 examples [01:28, 14796.44 examples/s][A
Generating full split: 1213541 examples [01:28, 10959.81 examples/s][A
Generating full split: 1215193 examples [01:28, 12110.85 examples/s][A
Generating full split: 1216987 examples [01:29, 13439.44 examples/s][A
Generating full split: 1218647 examples [01:29, 14212.72 examples/s][A
Generating full split: 1220242 examples [01:29, 14663.21 examples/s][A
Generating full split: 1221994 examples [01:29, 15435.95 examples/s][A
Generating full split: 1223645 examples [01:29, 15732.79 examples/s][A
Generating full split: 1225300 examples [01:29, 15962.21 examples/s][A
Generating full split: 1227000 examples [01:29, 16159.82 examples/s][A
Generating full split: 1228802 examples [01:29, 16698.33 examples/s][A
Generating full split: 1231164 examples [01:30, 11854.22 examples/s][A
Generating full split: 1232962 examples [01:30, 13128.85 examples/s][A
Generating full split: 1234626 examples [01:30, 13936.20 examples/s][A
Generating full split: 1236269 examples [01:30, 14547.30 examples/s][A
Generating full split: 1238000 examples [01:30, 15106.54 examples/s][A
Generating full split: 1239801 examples [01:30, 15888.27 examples/s][A
Generating full split: 1241476 examples [01:30, 16124.54 examples/s][A
Generating full split: 1244000 examples [01:30, 16281.33 examples/s][A
Generating full split: 1246352 examples [01:31, 12190.88 examples/s][A
Generating full split: 1248011 examples [01:31, 13069.25 examples/s][A
Generating full split: 1249773 examples [01:31, 14078.49 examples/s][A
Generating full split: 1251414 examples [01:31, 14638.22 examples/s][A
Generating full split: 1253050 examples [01:31, 15078.78 examples/s][A
Generating full split: 1254959 examples [01:31, 15888.35 examples/s][A
Generating full split: 1256631 examples [01:31, 16114.34 examples/s][A
Generating full split: 1259099 examples [01:31, 16237.54 examples/s][A
Generating full split: 1260806 examples [01:32, 12013.44 examples/s][A
Generating full split: 1262347 examples [01:32, 12737.31 examples/s][A
Generating full split: 1264000 examples [01:32, 13621.99 examples/s][A
Generating full split: 1265791 examples [01:32, 14691.77 examples/s][A
Generating full split: 1267444 examples [01:32, 15172.06 examples/s][A
Generating full split: 1269082 examples [01:32, 15500.52 examples/s][A
Generating full split: 1270961 examples [01:32, 16210.04 examples/s][A
Generating full split: 1273462 examples [01:32, 16381.33 examples/s][A
Generating full split: 1276000 examples [01:33, 16471.27 examples/s][A
Generating full split: 1278298 examples [01:33, 12355.07 examples/s][A
Generating full split: 1280000 examples [01:33, 13214.70 examples/s][A
Generating full split: 1281803 examples [01:33, 14257.41 examples/s][A
Generating full split: 1283390 examples [01:33, 14638.17 examples/s][A
Generating full split: 1285025 examples [01:33, 15068.49 examples/s][A
Generating full split: 1286814 examples [01:33, 15815.99 examples/s][A
Generating full split: 1289297 examples [01:33, 16080.46 examples/s][A
Generating full split: 1291000 examples [01:34, 16240.16 examples/s][A
Generating full split: 1292754 examples [01:34, 11960.96 examples/s][A
Generating full split: 1294287 examples [01:34, 12686.55 examples/s][A
Generating full split: 1296000 examples [01:34, 13639.86 examples/s][A
Generating full split: 1297807 examples [01:34, 14747.02 examples/s][A
Generating full split: 1299469 examples [01:34, 15238.44 examples/s][A
Generating full split: 1301115 examples [01:34, 15569.59 examples/s][A
Generating full split: 1302953 examples [01:34, 16223.14 examples/s][A
Generating full split: 1305448 examples [01:35, 16373.98 examples/s][A
Generating full split: 1308000 examples [01:35, 16498.95 examples/s][A
Generating full split: 1310144 examples [01:35, 12273.93 examples/s][A
Generating full split: 1311962 examples [01:35, 13405.16 examples/s][A
Generating full split: 1313624 examples [01:35, 14107.88 examples/s][A
Generating full split: 1315331 examples [01:35, 14811.50 examples/s][A
Generating full split: 1317034 examples [01:35, 15373.72 examples/s][A
Generating full split: 1318992 examples [01:36, 16247.04 examples/s][A
Generating full split: 1320699 examples [01:36, 11776.71 examples/s][A
Generating full split: 1322284 examples [01:36, 12662.16 examples/s][A
Generating full split: 1324000 examples [01:36, 13705.62 examples/s][A
Generating full split: 1325837 examples [01:36, 14882.49 examples/s][A
Generating full split: 1327535 examples [01:36, 15435.77 examples/s][A
Generating full split: 1329247 examples [01:36, 15894.10 examples/s][A
Generating full split: 1331000 examples [01:36, 16211.54 examples/s][A
Generating full split: 1333000 examples [01:37, 11833.18 examples/s][A
Generating full split: 1334845 examples [01:37, 13275.00 examples/s][A
Generating full split: 1336525 examples [01:37, 14110.73 examples/s][A
Generating full split: 1338226 examples [01:37, 14844.91 examples/s][A
Generating full split: 1340000 examples [01:37, 15462.97 examples/s][A
Generating full split: 1341846 examples [01:37, 16279.48 examples/s][A
Generating full split: 1343556 examples [01:37, 16507.29 examples/s][A
Generating full split: 1345350 examples [01:37, 11685.28 examples/s][A
Generating full split: 1347062 examples [01:38, 12881.36 examples/s][A
Generating full split: 1348994 examples [01:38, 14271.60 examples/s][A
Generating full split: 1350708 examples [01:38, 14994.82 examples/s][A
Generating full split: 1352429 examples [01:38, 15580.11 examples/s][A
Generating full split: 1354135 examples [01:38, 15984.50 examples/s][A
Generating full split: 1355990 examples [01:38, 14649.86 examples/s][A
Generating full split: 1357701 examples [01:38, 15289.20 examples/s][A
Generating full split: 1359305 examples [01:38, 11057.75 examples/s][A
Generating full split: 1361009 examples [01:39, 12353.62 examples/s][A
Generating full split: 1362989 examples [01:39, 13901.93 examples/s][A
Generating full split: 1364672 examples [01:39, 14632.23 examples/s][A
Generating full split: 1366369 examples [01:39, 15246.08 examples/s][A
Generating full split: 1368082 examples [01:39, 15759.38 examples/s][A
Generating full split: 1369981 examples [01:39, 16496.75 examples/s][A
Generating full split: 1371691 examples [01:39, 16665.73 examples/s][A
Generating full split: 1373417 examples [01:39, 16835.80 examples/s][A
Generating full split: 1375421 examples [01:40, 11941.77 examples/s][A
Generating full split: 1377116 examples [01:40, 13036.91 examples/s][A
Generating full split: 1378978 examples [01:40, 14314.59 examples/s][A
Generating full split: 1380680 examples [01:40, 14996.98 examples/s][A
Generating full split: 1382392 examples [01:40, 15559.20 examples/s][A
Generating full split: 1384074 examples [01:40, 15904.25 examples/s][A
Generating full split: 1385993 examples [01:40, 16643.33 examples/s][A
Generating full split: 1388561 examples [01:40, 16816.40 examples/s][A
Generating full split: 1390570 examples [01:41, 12350.16 examples/s][A
Generating full split: 1392274 examples [01:41, 13322.34 examples/s][A
Generating full split: 1394000 examples [01:41, 14160.52 examples/s][A
Generating full split: 1395828 examples [01:41, 15171.07 examples/s][A
Generating full split: 1397561 examples [01:41, 15730.21 examples/s][A
Generating full split: 1399240 examples [01:41, 16013.65 examples/s][A
Generating full split: 1401000 examples [01:41, 16358.78 examples/s][A
Generating full split: 1402864 examples [01:41, 17003.59 examples/s][A
Generating full split: 1405428 examples [01:41, 17032.52 examples/s][A
Generating full split: 1407419 examples [01:42, 12369.73 examples/s][A
Generating full split: 1409143 examples [01:42, 13382.14 examples/s][A
Generating full split: 1411000 examples [01:42, 14335.31 examples/s][A
Generating full split: 1412848 examples [01:42, 15342.51 examples/s][A
Generating full split: 1414543 examples [01:42, 15756.11 examples/s][A
Generating full split: 1416275 examples [01:42, 16175.79 examples/s][A
Generating full split: 1418000 examples [01:42, 16432.55 examples/s][A
Generating full split: 1419826 examples [01:42, 16947.95 examples/s][A
Generating full split: 1421804 examples [01:43, 12151.46 examples/s][A
Generating full split: 1423390 examples [01:43, 12966.24 examples/s][A
Generating full split: 1425111 examples [01:43, 13978.55 examples/s][A
Generating full split: 1426996 examples [01:43, 15170.48 examples/s][A
Generating full split: 1428702 examples [01:43, 15669.93 examples/s][A
Generating full split: 1430420 examples [01:43, 16081.85 examples/s][A
Generating full split: 1432144 examples [01:43, 16406.30 examples/s][A
Generating full split: 1434000 examples [01:43, 16746.33 examples/s][A
Generating full split: 1435838 examples [01:43, 17214.67 examples/s][A
Generating full split: 1437805 examples [01:44, 12228.97 examples/s][A
Generating full split: 1439400 examples [01:44, 13049.99 examples/s][A
Generating full split: 1441111 examples [01:44, 14023.14 examples/s][A
Generating full split: 1443000 examples [01:44, 14961.03 examples/s][A
Generating full split: 1444843 examples [01:44, 15872.30 examples/s][A
Generating full split: 1446563 examples [01:44, 16231.08 examples/s][A
Generating full split: 1448277 examples [01:44, 16484.63 examples/s][A
Generating full split: 1450000 examples [01:44, 16625.31 examples/s][A
Generating full split: 1451856 examples [01:45, 17180.67 examples/s][A
Generating full split: 1453806 examples [01:45, 12130.47 examples/s][A
Generating full split: 1455432 examples [01:45, 13041.85 examples/s][A
Generating full split: 1457149 examples [01:45, 14030.93 examples/s][A
Generating full split: 1459000 examples [01:45, 14912.11 examples/s][A
Generating full split: 1460837 examples [01:45, 15822.52 examples/s][A
Generating full split: 1462561 examples [01:45, 16207.80 examples/s][A
Generating full split: 1464288 examples [01:45, 16504.31 examples/s][A
Generating full split: 1466022 examples [01:46, 16740.06 examples/s][A
Generating full split: 1468000 examples [01:46, 16999.78 examples/s][A
Generating full split: 1469806 examples [01:46, 12233.22 examples/s][A
Generating full split: 1471409 examples [01:46, 13082.70 examples/s][A
Generating full split: 1473132 examples [01:46, 14087.02 examples/s][A
Generating full split: 1474998 examples [01:46, 15220.42 examples/s][A
Generating full split: 1476719 examples [01:46, 15751.41 examples/s][A
Generating full split: 1478425 examples [01:46, 16110.67 examples/s][A
Generating full split: 1480130 examples [01:46, 16375.86 examples/s][A
Generating full split: 1481997 examples [01:47, 17000.87 examples/s][A
Generating full split: 1484573 examples [01:47, 17065.03 examples/s][A
Generating full split: 1486557 examples [01:47, 12347.34 examples/s][A
Generating full split: 1488300 examples [01:47, 13407.16 examples/s][A
Generating full split: 1490000 examples [01:47, 14203.18 examples/s][A
Generating full split: 1491995 examples [01:47, 15368.19 examples/s][A
Generating full split: 1493716 examples [01:47, 15840.17 examples/s][A
Generating full split: 1495433 examples [01:47, 16196.23 examples/s][A
Generating full split: 1497143 examples [01:48, 16446.44 examples/s][A
Generating full split: 1498999 examples [01:48, 17015.69 examples/s][A
Generating full split: 1501576 examples [01:48, 17073.29 examples/s][A
Generating full split: 1503428 examples [01:48, 12310.80 examples/s][A
Generating full split: 1505129 examples [01:48, 13298.07 examples/s][A
Generating full split: 1506991 examples [01:48, 14471.60 examples/s][A
Generating full split: 1508691 examples [01:48, 15096.10 examples/s][A
Generating full split: 1510411 examples [01:49, 15644.03 examples/s][A
Generating full split: 1512121 examples [01:49, 16036.61 examples/s][A
Generating full split: 1513991 examples [01:49, 16711.92 examples/s][A
Generating full split: 1516537 examples [01:49, 16805.14 examples/s][A
Generating full split: 1518560 examples [01:49, 12270.79 examples/s][A
Generating full split: 1520285 examples [01:49, 13296.97 examples/s][A
Generating full split: 1522000 examples [01:49, 14158.21 examples/s][A
Generating full split: 1523845 examples [01:49, 15210.04 examples/s][A
Generating full split: 1525563 examples [01:50, 15719.76 examples/s][A
Generating full split: 1527284 examples [01:50, 16120.32 examples/s][A
Generating full split: 1529000 examples [01:50, 16400.04 examples/s][A
Generating full split: 1530834 examples [01:50, 16950.01 examples/s][A
Generating full split: 1533396 examples [01:50, 16997.12 examples/s][A
Generating full split: 1535362 examples [01:50, 12321.83 examples/s][A
Generating full split: 1537056 examples [01:50, 13284.39 examples/s][A
Generating full split: 1539000 examples [01:50, 14332.77 examples/s][A
Generating full split: 1540854 examples [01:51, 15350.05 examples/s][A
Generating full split: 1542553 examples [01:51, 15768.08 examples/s][A
Generating full split: 1544249 examples [01:51, 16086.52 examples/s][A
Generating full split: 1546000 examples [01:51, 16401.49 examples/s][A
Generating full split: 1548000 examples [01:51, 16795.84 examples/s][A
Generating full split: 1549994 examples [01:51, 17354.68 examples/s][A
Generating full split: 1552065 examples [01:51, 12252.88 examples/s][A
Generating full split: 1553995 examples [01:51, 13641.71 examples/s][A
Generating full split: 1555713 examples [01:52, 14460.14 examples/s][A
Generating full split: 1557424 examples [01:52, 15116.91 examples/s][A
Generating full split: 1559151 examples [01:52, 15678.75 examples/s][A
Generating full split: 1561000 examples [01:52, 16157.56 examples/s][A
Generating full split: 1563301 examples [01:52, 12002.55 examples/s][A
Generating full split: 1565015 examples [01:52, 13070.36 examples/s][A
Generating full split: 1566985 examples [01:52, 14363.96 examples/s][A
Generating full split: 1568687 examples [01:52, 15008.85 examples/s][A
Generating full split: 1570410 examples [01:53, 15579.26 examples/s][A
Generating full split: 1572120 examples [01:53, 15986.25 examples/s][A
Generating full split: 1574000 examples [01:53, 11673.61 examples/s][A
Generating full split: 1576000 examples [01:53, 13126.10 examples/s][A
Generating full split: 1577865 examples [01:53, 14404.07 examples/s][A
Generating full split: 1579583 examples [01:53, 15092.67 examples/s][A
Generating full split: 1582059 examples [01:53, 15581.59 examples/s][A
Generating full split: 1583997 examples [01:53, 16374.43 examples/s][A
Generating full split: 1587421 examples [01:54, 13884.60 examples/s]
Loading full item metadata dataset: 100%|██████████| 1/1 [02:16<00:00, 136.46s/dataset]
Scanning review item IDs: 100%|██████████| 19595170/19595170 [05:09<00:00, 63361.06review/s]
Joining item metadata by parent_asin: 100%|██████████| 1587421/1587421 [00:51<00:00, 30729.06item/s]
Normalising review interactions: 100%|██████████| 19595170/19595170 [05:28<00:00, 59641.05review/s]
Grouping interactions by user: 100%|██████████| 19595170/19595170 [00:28<00:00, 683216.65interaction/s] 
Building item index and text table: 100%|██████████| 631803/631803 [00:02<00:00, 307091.74user/s]
Creating chronological train/valid/test split: 100%|██████████| 631803/631803 [00:02<00:00, 297095.39user/s]
Finalising item text array: 100%|██████████| 401572/401572 [00:00<00:00, 2177476.44item/s]
`torch_dtype` is deprecated! Use `dtype` instead!
Loading LLAMA
Loading checkpoint shards: 100%|██████████| 2/2 [00:00<00:00,  4.54it/s]
The new embeddings will be initialized from a multivariate normal distribution that has old embeddings' mean and covariance. As described in this article: https://nlp.stanford.edu/~johnhew/vocab-expansion.html. To disable this, use `mean_resizing=False`
The new lm_head weights will be initialized from a multivariate normal distribution that has old embeddings' mean and covariance. As described in this article: https://nlp.stanford.edu/~johnhew/vocab-expansion.html. To disable this, use `mean_resizing=False`
Using bfloat16 Automatic Mixed Precision (AMP)
GPU available: True (cuda), used: True
TPU available: False, using: 0 TPU cores
💡 Tip: For seamless cloud logging and experiment tracking, try installing [litlogger](https://pypi.org/project/litlogger/) to enable LitLogger, which logs metrics and artifacts automatically to the Lightning Experiments platform.
You are using a CUDA device ('NVIDIA RTX PRO 6000 Blackwell Workstation Edition') that has Tensor Cores. To properly utilize them, you should set `torch.set_float32_matmul_precision('medium' | 'high')` which will trade-off precision for performance. For more details, read https://pytorch.org/docs/stable/generated/torch.set_float32_matmul_precision.html#torch.set_float32_matmul_precision
LOCAL_RANK: 0 - CUDA_VISIBLE_DEVICES: [1]
/workspace/P78123011/MediaTek_2026_project/Reproduce/LLaRA/.venv/lib/python3.10/site-packages/pytorch_lightning/utilities/model_summary/model_summary.py:242: Precision bf16-mixed is not supported by the model summary.  Estimated model size in MB will not be accurate. Using 32 bits instead.

  | Name        | Type                 | Params | Mode  | FLOPs
---------------------------------------------------------------------
0 | llama_model | PeftModelForCausalLM | 6.8 B  | train | 0    
1 | rec_model   | SASRec               | 51.8 M | eval  | 0    
2 | projector   | MlpProjector         | 17.0 M | train | 0    
---------------------------------------------------------------------
37.0 M    Trainable params
6.8 B     Non-trainable params
6.8 B     Total params
27,309.270Total estimated model params size (MB)
2248      Modules in train mode
442       Modules in eval mode
0         Total Flops
trainable params: 19,988,480 || all params: 6,758,445,056 || trainable%: 0.2958
Loading LLAMA Done
max_step: 785
warmup_steps: 39
/workspace/P78123011/MediaTek_2026_project/Reproduce/LLaRA/.venv/lib/python3.10/site-packages/pytorch_lightning/loops/fit_loop.py:538: Found 442 module(s) in eval mode at the start of training. This may lead to unexpected behavior during training. If this is intentional, you can ignore this warning.
Validation DataLoader 0:   0%|          | 0/250 [00:00<?, ?it/s][A
Validation DataLoader 0:   0%|          | 1/250 [00:01<08:06,  0.51it/s][A
Validation DataLoader 0:   1%|          | 2/250 [00:03<08:09,  0.51it/s][A
Validation DataLoader 0:   1%|          | 3/250 [00:05<08:00,  0.51it/s][A
Validation DataLoader 0:   2%|▏         | 4/250 [00:07<07:52,  0.52it/s][A
Validation DataLoader 0:   2%|▏         | 5/250 [00:09<07:49,  0.52it/s][A
Validation DataLoader 0:   2%|▏         | 6/250 [00:11<07:42,  0.53it/s][A
Validation DataLoader 0:   3%|▎         | 7/250 [00:13<07:36,  0.53it/s][A
Validation DataLoader 0:   3%|▎         | 8/250 [00:14<07:31,  0.54it/s][A
Validation DataLoader 0:   4%|▎         | 9/250 [00:16<07:30,  0.54it/s][A
Validation DataLoader 0:   4%|▍         | 10/250 [00:18<07:27,  0.54it/s][A
Validation DataLoader 0:   4%|▍         | 11/250 [00:20<07:23,  0.54it/s][A
Validation DataLoader 0:   5%|▍         | 12/250 [00:22<07:22,  0.54it/s][A
Validation DataLoader 0:   5%|▌         | 13/250 [00:24<07:20,  0.54it/s][A
Validation DataLoader 0:   6%|▌         | 14/250 [00:26<07:19,  0.54it/s][A
Validation DataLoader 0:   6%|▌         | 15/250 [00:27<07:16,  0.54it/s][A
Validation DataLoader 0:   6%|▋         | 16/250 [00:29<07:12,  0.54it/s][A
Validation DataLoader 0:   7%|▋         | 17/250 [00:31<07:09,  0.54it/s][A
Validation DataLoader 0:   7%|▋         | 18/250 [00:33<07:08,  0.54it/s][A
Validation DataLoader 0:   8%|▊         | 19/250 [00:35<07:07,  0.54it/s][A
Validation DataLoader 0:   8%|▊         | 20/250 [00:37<07:06,  0.54it/s][A
Validation DataLoader 0:   8%|▊         | 21/250 [00:39<07:05,  0.54it/s][A
Validation DataLoader 0:   9%|▉         | 22/250 [00:40<07:02,  0.54it/s][A
Validation DataLoader 0:   9%|▉         | 23/250 [00:42<07:01,  0.54it/s][A
Validation DataLoader 0:  10%|▉         | 24/250 [00:44<07:00,  0.54it/s][A
Validation DataLoader 0:  10%|█         | 25/250 [00:46<06:58,  0.54it/s][A
Validation DataLoader 0:  10%|█         | 26/250 [00:48<06:55,  0.54it/s][A
Validation DataLoader 0:  11%|█         | 27/250 [00:50<06:54,  0.54it/s][A
Validation DataLoader 0:  11%|█         | 28/250 [00:51<06:51,  0.54it/s][A
Validation DataLoader 0:  12%|█▏        | 29/250 [00:53<06:50,  0.54it/s][A
Validation DataLoader 0:  12%|█▏        | 30/250 [00:55<06:48,  0.54it/s][A
Validation DataLoader 0:  12%|█▏        | 31/250 [00:57<06:47,  0.54it/s][A
Validation DataLoader 0:  13%|█▎        | 32/250 [00:59<06:44,  0.54it/s][A
Validation DataLoader 0:  13%|█▎        | 33/250 [01:01<06:42,  0.54it/s][A
Validation DataLoader 0:  14%|█▎        | 34/250 [01:03<06:41,  0.54it/s][A
Validation DataLoader 0:  14%|█▍        | 35/250 [01:05<06:39,  0.54it/s][A
Validation DataLoader 0:  14%|█▍        | 36/250 [01:06<06:37,  0.54it/s][A
Validation DataLoader 0:  15%|█▍        | 37/250 [01:08<06:34,  0.54it/s][A
Validation DataLoader 0:  15%|█▌        | 38/250 [01:10<06:33,  0.54it/s][A
Validation DataLoader 0:  16%|█▌        | 39/250 [01:12<06:30,  0.54it/s][A
Validation DataLoader 0:  16%|█▌        | 40/250 [01:14<06:29,  0.54it/s][A
Validation DataLoader 0:  16%|█▋        | 41/250 [01:15<06:27,  0.54it/s][A
Validation DataLoader 0:  17%|█▋        | 42/250 [01:17<06:25,  0.54it/s][A
Validation DataLoader 0:  17%|█▋        | 43/250 [01:19<06:24,  0.54it/s][A
Validation DataLoader 0:  18%|█▊        | 44/250 [01:21<06:21,  0.54it/s][A
Validation DataLoader 0:  18%|█▊        | 45/250 [01:23<06:19,  0.54it/s][A
Validation DataLoader 0:  18%|█▊        | 46/250 [01:25<06:17,  0.54it/s][A
Validation DataLoader 0:  19%|█▉        | 47/250 [01:26<06:15,  0.54it/s][A
Validation DataLoader 0:  19%|█▉        | 48/250 [01:28<06:13,  0.54it/s][A
Validation DataLoader 0:  20%|█▉        | 49/250 [01:30<06:11,  0.54it/s][A
Validation DataLoader 0:  20%|██        | 50/250 [01:32<06:09,  0.54it/s][A
Validation DataLoader 0:  20%|██        | 51/250 [01:34<06:07,  0.54it/s][A
Validation DataLoader 0:  21%|██        | 52/250 [01:36<06:06,  0.54it/s][A
Validation DataLoader 0:  21%|██        | 53/250 [01:38<06:04,  0.54it/s][A
Validation DataLoader 0:  22%|██▏       | 54/250 [01:39<06:02,  0.54it/s][A
Validation DataLoader 0:  22%|██▏       | 55/250 [01:41<06:01,  0.54it/s][A
Validation DataLoader 0:  22%|██▏       | 56/250 [01:43<05:59,  0.54it/s][A
Validation DataLoader 0:  23%|██▎       | 57/250 [01:45<05:57,  0.54it/s][A
Validation DataLoader 0:  23%|██▎       | 58/250 [01:47<05:55,  0.54it/s][A
Validation DataLoader 0:  24%|██▎       | 59/250 [01:49<05:53,  0.54it/s][A
Validation DataLoader 0:  24%|██▍       | 60/250 [01:51<05:51,  0.54it/s][A
Validation DataLoader 0:  24%|██▍       | 61/250 [01:52<05:49,  0.54it/s][A
Validation DataLoader 0:  25%|██▍       | 62/250 [01:54<05:47,  0.54it/s][A
Validation DataLoader 0:  25%|██▌       | 63/250 [01:56<05:45,  0.54it/s][A
Validation DataLoader 0:  26%|██▌       | 64/250 [01:58<05:43,  0.54it/s][A
Validation DataLoader 0:  26%|██▌       | 65/250 [02:00<05:42,  0.54it/s][A
Validation DataLoader 0:  26%|██▋       | 66/250 [02:02<05:40,  0.54it/s][A
Validation DataLoader 0:  27%|██▋       | 67/250 [02:03<05:38,  0.54it/s][A
Validation DataLoader 0:  27%|██▋       | 68/250 [02:05<05:36,  0.54it/s][A
Validation DataLoader 0:  28%|██▊       | 69/250 [02:07<05:34,  0.54it/s][A
Validation DataLoader 0:  28%|██▊       | 70/250 [02:09<05:32,  0.54it/s][A
Validation DataLoader 0:  28%|██▊       | 71/250 [02:11<05:30,  0.54it/s][A
Validation DataLoader 0:  29%|██▉       | 72/250 [02:13<05:28,  0.54it/s][A
Validation DataLoader 0:  29%|██▉       | 73/250 [02:14<05:26,  0.54it/s][A
Validation DataLoader 0:  30%|██▉       | 74/250 [02:16<05:25,  0.54it/s][A
Validation DataLoader 0:  30%|███       | 75/250 [02:18<05:23,  0.54it/s][A
Validation DataLoader 0:  30%|███       | 76/250 [02:20<05:21,  0.54it/s][A
Validation DataLoader 0:  31%|███       | 77/250 [02:22<05:19,  0.54it/s][A
Validation DataLoader 0:  31%|███       | 78/250 [02:24<05:17,  0.54it/s][A
Validation DataLoader 0:  32%|███▏      | 79/250 [02:25<05:15,  0.54it/s][A
Validation DataLoader 0:  32%|███▏      | 80/250 [02:27<05:13,  0.54it/s][A
Validation DataLoader 0:  32%|███▏      | 81/250 [02:29<05:12,  0.54it/s][A
Validation DataLoader 0:  33%|███▎      | 82/250 [02:31<05:10,  0.54it/s][A
Validation DataLoader 0:  33%|███▎      | 83/250 [02:33<05:08,  0.54it/s][A
Validation DataLoader 0:  34%|███▎      | 84/250 [02:35<05:06,  0.54it/s][A
Validation DataLoader 0:  34%|███▍      | 85/250 [02:36<05:04,  0.54it/s][A
Validation DataLoader 0:  34%|███▍      | 86/250 [02:38<05:02,  0.54it/s][A
Validation DataLoader 0:  35%|███▍      | 87/250 [02:40<05:00,  0.54it/s][A
Validation DataLoader 0:  35%|███▌      | 88/250 [02:42<04:59,  0.54it/s][A
Validation DataLoader 0:  36%|███▌      | 89/250 [02:44<04:57,  0.54it/s][A
Validation DataLoader 0:  36%|███▌      | 90/250 [02:46<04:55,  0.54it/s][A
Validation DataLoader 0:  36%|███▋      | 91/250 [02:47<04:53,  0.54it/s][A
Validation DataLoader 0:  37%|███▋      | 92/250 [02:49<04:51,  0.54it/s][A
Validation DataLoader 0:  37%|███▋      | 93/250 [02:51<04:49,  0.54it/s][A
Validation DataLoader 0:  38%|███▊      | 94/250 [02:53<04:48,  0.54it/s][A
Validation DataLoader 0:  38%|███▊      | 95/250 [02:55<04:46,  0.54it/s][A
Validation DataLoader 0:  38%|███▊      | 96/250 [02:57<04:44,  0.54it/s][A
Validation DataLoader 0:  39%|███▉      | 97/250 [02:59<04:43,  0.54it/s][A
Validation DataLoader 0:  39%|███▉      | 98/250 [03:01<04:41,  0.54it/s][A
Validation DataLoader 0:  40%|███▉      | 99/250 [03:03<04:39,  0.54it/s][A
Validation DataLoader 0:  40%|████      | 100/250 [03:04<04:37,  0.54it/s][A
Validation DataLoader 0:  40%|████      | 101/250 [03:06<04:35,  0.54it/s][A
Validation DataLoader 0:  41%|████      | 102/250 [03:08<04:33,  0.54it/s][A
Validation DataLoader 0:  41%|████      | 103/250 [03:10<04:31,  0.54it/s][A
Validation DataLoader 0:  42%|████▏     | 104/250 [03:12<04:30,  0.54it/s][A
Validation DataLoader 0:  42%|████▏     | 105/250 [03:14<04:28,  0.54it/s][A
Validation DataLoader 0:  42%|████▏     | 106/250 [03:15<04:26,  0.54it/s][A
Validation DataLoader 0:  43%|████▎     | 107/250 [03:17<04:24,  0.54it/s][A
Validation DataLoader 0:  43%|████▎     | 108/250 [03:19<04:22,  0.54it/s][A
Validation DataLoader 0:  44%|████▎     | 109/250 [03:21<04:20,  0.54it/s][A
Validation DataLoader 0:  44%|████▍     | 110/250 [03:23<04:18,  0.54it/s][A
Validation DataLoader 0:  44%|████▍     | 111/250 [03:25<04:16,  0.54it/s][A
Validation DataLoader 0:  45%|████▍     | 112/250 [03:27<04:15,  0.54it/s][A
Validation DataLoader 0:  45%|████▌     | 113/250 [03:28<04:13,  0.54it/s][A
Validation DataLoader 0:  46%|████▌     | 114/250 [03:30<04:11,  0.54it/s][A
Validation DataLoader 0:  46%|████▌     | 115/250 [03:32<04:09,  0.54it/s][A
Validation DataLoader 0:  46%|████▋     | 116/250 [03:34<04:07,  0.54it/s][A
Validation DataLoader 0:  47%|████▋     | 117/250 [03:36<04:06,  0.54it/s][A
Validation DataLoader 0:  47%|████▋     | 118/250 [03:38<04:04,  0.54it/s][A
Validation DataLoader 0:  48%|████▊     | 119/250 [03:40<04:02,  0.54it/s][A
Validation DataLoader 0:  48%|████▊     | 120/250 [03:42<04:00,  0.54it/s][A
Validation DataLoader 0:  48%|████▊     | 121/250 [03:43<03:58,  0.54it/s][A
Validation DataLoader 0:  49%|████▉     | 122/250 [03:45<03:56,  0.54it/s][A
Validation DataLoader 0:  49%|████▉     | 123/250 [03:47<03:55,  0.54it/s][A
Validation DataLoader 0:  50%|████▉     | 124/250 [03:49<03:53,  0.54it/s][A
Validation DataLoader 0:  50%|█████     | 125/250 [03:51<03:51,  0.54it/s][A
Validation DataLoader 0:  50%|█████     | 126/250 [03:53<03:49,  0.54it/s][A
Validation DataLoader 0:  51%|█████     | 127/250 [03:55<03:47,  0.54it/s][A
Validation DataLoader 0:  51%|█████     | 128/250 [03:57<03:45,  0.54it/s][A
Validation DataLoader 0:  52%|█████▏    | 129/250 [03:58<03:43,  0.54it/s][A
Validation DataLoader 0:  52%|█████▏    | 130/250 [04:00<03:42,  0.54it/s][A
Validation DataLoader 0:  52%|█████▏    | 131/250 [04:02<03:40,  0.54it/s][A
Validation DataLoader 0:  53%|█████▎    | 132/250 [04:04<03:38,  0.54it/s][A
Validation DataLoader 0:  53%|█████▎    | 133/250 [04:06<03:36,  0.54it/s][A
Validation DataLoader 0:  54%|█████▎    | 134/250 [04:08<03:34,  0.54it/s][A
Validation DataLoader 0:  54%|█████▍    | 135/250 [04:09<03:32,  0.54it/s][A
Validation DataLoader 0:  54%|█████▍    | 136/250 [04:11<03:30,  0.54it/s][A
Validation DataLoader 0:  55%|█████▍    | 137/250 [04:13<03:29,  0.54it/s][A
Validation DataLoader 0:  55%|█████▌    | 138/250 [04:15<03:27,  0.54it/s][A
Validation DataLoader 0:  56%|█████▌    | 139/250 [04:17<03:25,  0.54it/s][A
Validation DataLoader 0:  56%|█████▌    | 140/250 [04:19<03:23,  0.54it/s][A
Validation DataLoader 0:  56%|█████▋    | 141/250 [04:20<03:21,  0.54it/s][A
Validation DataLoader 0:  57%|█████▋    | 142/250 [04:22<03:19,  0.54it/s][A
Validation DataLoader 0:  57%|█████▋    | 143/250 [04:24<03:18,  0.54it/s][A
Validation DataLoader 0:  58%|█████▊    | 144/250 [04:26<03:16,  0.54it/s][A
Validation DataLoader 0:  58%|█████▊    | 145/250 [04:28<03:14,  0.54it/s][A
Validation DataLoader 0:  58%|█████▊    | 146/250 [04:30<03:12,  0.54it/s][A
Validation DataLoader 0:  59%|█████▉    | 147/250 [04:32<03:10,  0.54it/s][A
Validation DataLoader 0:  59%|█████▉    | 148/250 [04:33<03:08,  0.54it/s][A
Validation DataLoader 0:  60%|█████▉    | 149/250 [04:35<03:06,  0.54it/s][A
Validation DataLoader 0:  60%|██████    | 150/250 [04:37<03:05,  0.54it/s][A
Validation DataLoader 0:  60%|██████    | 151/250 [04:39<03:03,  0.54it/s][A
Validation DataLoader 0:  61%|██████    | 152/250 [04:41<03:01,  0.54it/s][A
Validation DataLoader 0:  61%|██████    | 153/250 [04:43<02:59,  0.54it/s][A
Validation DataLoader 0:  62%|██████▏   | 154/250 [04:45<02:57,  0.54it/s][A
Validation DataLoader 0:  62%|██████▏   | 155/250 [04:46<02:55,  0.54it/s][A
Validation DataLoader 0:  62%|██████▏   | 156/250 [04:48<02:53,  0.54it/s][A
Validation DataLoader 0:  63%|██████▎   | 157/250 [04:50<02:52,  0.54it/s][A
Validation DataLoader 0:  63%|██████▎   | 158/250 [04:52<02:50,  0.54it/s][A
Validation DataLoader 0:  64%|██████▎   | 159/250 [04:54<02:48,  0.54it/s][A
Validation DataLoader 0:  64%|██████▍   | 160/250 [04:55<02:46,  0.54it/s][A
Validation DataLoader 0:  64%|██████▍   | 161/250 [04:57<02:44,  0.54it/s][A
Validation DataLoader 0:  65%|██████▍   | 162/250 [04:59<02:42,  0.54it/s][A
Validation DataLoader 0:  65%|██████▌   | 163/250 [05:01<02:40,  0.54it/s][A
Validation DataLoader 0:  66%|██████▌   | 164/250 [05:03<02:39,  0.54it/s][A
Validation DataLoader 0:  66%|██████▌   | 165/250 [05:05<02:37,  0.54it/s][A
Validation DataLoader 0:  66%|██████▋   | 166/250 [05:07<02:35,  0.54it/s][A
Validation DataLoader 0:  67%|██████▋   | 167/250 [05:09<02:33,  0.54it/s][A
Validation DataLoader 0:  67%|██████▋   | 168/250 [05:11<02:31,  0.54it/s][A
Validation DataLoader 0:  68%|██████▊   | 169/250 [05:12<02:29,  0.54it/s][A
Validation DataLoader 0:  68%|██████▊   | 170/250 [05:14<02:28,  0.54it/s][A
Validation DataLoader 0:  68%|██████▊   | 171/250 [05:16<02:26,  0.54it/s][A
Validation DataLoader 0:  69%|██████▉   | 172/250 [05:18<02:24,  0.54it/s][A
Validation DataLoader 0:  69%|██████▉   | 173/250 [05:20<02:22,  0.54it/s][A
Validation DataLoader 0:  70%|██████▉   | 174/250 [05:21<02:20,  0.54it/s][A
Validation DataLoader 0:  70%|███████   | 175/250 [05:24<02:18,  0.54it/s][A
Validation DataLoader 0:  70%|███████   | 176/250 [05:26<02:17,  0.54it/s][A
Validation DataLoader 0:  71%|███████   | 177/250 [05:28<02:15,  0.54it/s][A
Validation DataLoader 0:  71%|███████   | 178/250 [05:29<02:13,  0.54it/s][A
Validation DataLoader 0:  72%|███████▏  | 179/250 [05:31<02:11,  0.54it/s][A
Validation DataLoader 0:  72%|███████▏  | 180/250 [05:33<02:09,  0.54it/s][A
Validation DataLoader 0:  72%|███████▏  | 181/250 [05:35<02:07,  0.54it/s][A
Validation DataLoader 0:  73%|███████▎  | 182/250 [05:37<02:06,  0.54it/s][A
Validation DataLoader 0:  73%|███████▎  | 183/250 [05:39<02:04,  0.54it/s][A
Validation DataLoader 0:  74%|███████▎  | 184/250 [05:41<02:02,  0.54it/s][A
Validation DataLoader 0:  74%|███████▍  | 185/250 [05:42<02:00,  0.54it/s][A
Validation DataLoader 0:  74%|███████▍  | 186/250 [05:44<01:58,  0.54it/s][A
Validation DataLoader 0:  75%|███████▍  | 187/250 [05:46<01:56,  0.54it/s][A
Validation DataLoader 0:  75%|███████▌  | 188/250 [05:48<01:54,  0.54it/s][A
Validation DataLoader 0:  76%|███████▌  | 189/250 [05:50<01:53,  0.54it/s][A
Validation DataLoader 0:  76%|███████▌  | 190/250 [05:51<01:51,  0.54it/s][A
Validation DataLoader 0:  76%|███████▋  | 191/250 [05:53<01:49,  0.54it/s][A
Validation DataLoader 0:  77%|███████▋  | 192/250 [05:55<01:47,  0.54it/s][A
Validation DataLoader 0:  77%|███████▋  | 193/250 [05:57<01:45,  0.54it/s][A
Validation DataLoader 0:  78%|███████▊  | 194/250 [05:59<01:43,  0.54it/s][A
Validation DataLoader 0:  78%|███████▊  | 195/250 [06:01<01:41,  0.54it/s][A
Validation DataLoader 0:  78%|███████▊  | 196/250 [06:02<01:40,  0.54it/s][A
Validation DataLoader 0:  79%|███████▉  | 197/250 [06:04<01:38,  0.54it/s][A
Validation DataLoader 0:  79%|███████▉  | 198/250 [06:06<01:36,  0.54it/s][A
Validation DataLoader 0:  80%|███████▉  | 199/250 [06:08<01:34,  0.54it/s][A
Validation DataLoader 0:  80%|████████  | 200/250 [06:10<01:32,  0.54it/s][A
Validation DataLoader 0:  80%|████████  | 201/250 [06:12<01:30,  0.54it/s][A
Validation DataLoader 0:  81%|████████  | 202/250 [06:14<01:28,  0.54it/s][A
Validation DataLoader 0:  81%|████████  | 203/250 [06:16<01:27,  0.54it/s][A
Validation DataLoader 0:  82%|████████▏ | 204/250 [06:17<01:25,  0.54it/s][A
Validation DataLoader 0:  82%|████████▏ | 205/250 [06:19<01:23,  0.54it/s][A
Validation DataLoader 0:  82%|████████▏ | 206/250 [06:21<01:21,  0.54it/s][A
Validation DataLoader 0:  83%|████████▎ | 207/250 [06:23<01:19,  0.54it/s][A
Validation DataLoader 0:  83%|████████▎ | 208/250 [06:25<01:17,  0.54it/s][A
Validation DataLoader 0:  84%|████████▎ | 209/250 [06:27<01:15,  0.54it/s][A
Validation DataLoader 0:  84%|████████▍ | 210/250 [06:28<01:14,  0.54it/s][A
Validation DataLoader 0:  84%|████████▍ | 211/250 [06:30<01:12,  0.54it/s][A
Validation DataLoader 0:  85%|████████▍ | 212/250 [06:32<01:10,  0.54it/s][A
Validation DataLoader 0:  85%|████████▌ | 213/250 [06:34<01:08,  0.54it/s][A
Validation DataLoader 0:  86%|████████▌ | 214/250 [06:36<01:06,  0.54it/s][A
Validation DataLoader 0:  86%|████████▌ | 215/250 [06:37<01:04,  0.54it/s][A
Validation DataLoader 0:  86%|████████▋ | 216/250 [06:39<01:02,  0.54it/s][A
Validation DataLoader 0:  87%|████████▋ | 217/250 [06:41<01:01,  0.54it/s][A
Validation DataLoader 0:  87%|████████▋ | 218/250 [06:43<00:59,  0.54it/s][A
Validation DataLoader 0:  88%|████████▊ | 219/250 [06:45<00:57,  0.54it/s][A
Validation DataLoader 0:  88%|████████▊ | 220/250 [06:47<00:55,  0.54it/s][A
Validation DataLoader 0:  88%|████████▊ | 221/250 [06:48<00:53,  0.54it/s][A
Validation DataLoader 0:  89%|████████▉ | 222/250 [06:50<00:51,  0.54it/s][A
Validation DataLoader 0:  89%|████████▉ | 223/250 [06:52<00:49,  0.54it/s][A
Validation DataLoader 0:  90%|████████▉ | 224/250 [06:54<00:48,  0.54it/s][A
Validation DataLoader 0:  90%|█████████ | 225/250 [06:56<00:46,  0.54it/s][A
Validation DataLoader 0:  90%|█████████ | 226/250 [06:58<00:44,  0.54it/s][A
Validation DataLoader 0:  91%|█████████ | 227/250 [07:00<00:42,  0.54it/s][A
Validation DataLoader 0:  91%|█████████ | 228/250 [07:02<00:40,  0.54it/s][A
Validation DataLoader 0:  92%|█████████▏| 229/250 [07:03<00:38,  0.54it/s][A
Validation DataLoader 0:  92%|█████████▏| 230/250 [07:05<00:37,  0.54it/s][A
Validation DataLoader 0:  92%|█████████▏| 231/250 [07:07<00:35,  0.54it/s][A
Validation DataLoader 0:  93%|█████████▎| 232/250 [07:09<00:33,  0.54it/s][A
Validation DataLoader 0:  93%|█████████▎| 233/250 [07:11<00:31,  0.54it/s][A
Validation DataLoader 0:  94%|█████████▎| 234/250 [07:13<00:29,  0.54it/s][A
Validation DataLoader 0:  94%|█████████▍| 235/250 [07:15<00:27,  0.54it/s][A
Validation DataLoader 0:  94%|█████████▍| 236/250 [07:16<00:25,  0.54it/s][A
Validation DataLoader 0:  95%|█████████▍| 237/250 [07:18<00:24,  0.54it/s][A
Validation DataLoader 0:  95%|█████████▌| 238/250 [07:20<00:22,  0.54it/s][A
Validation DataLoader 0:  96%|█████████▌| 239/250 [07:22<00:20,  0.54it/s][A
Validation DataLoader 0:  96%|█████████▌| 240/250 [07:24<00:18,  0.54it/s][A
Validation DataLoader 0:  96%|█████████▋| 241/250 [07:26<00:16,  0.54it/s][A
Validation DataLoader 0:  97%|█████████▋| 242/250 [07:28<00:14,  0.54it/s][A
Validation DataLoader 0:  97%|█████████▋| 243/250 [07:29<00:12,  0.54it/s][A
Validation DataLoader 0:  98%|█████████▊| 244/250 [07:31<00:11,  0.54it/s][A
Validation DataLoader 0:  98%|█████████▊| 245/250 [07:33<00:09,  0.54it/s][A
Validation DataLoader 0:  98%|█████████▊| 246/250 [07:35<00:07,  0.54it/s][A
Validation DataLoader 0:  99%|█████████▉| 247/250 [07:37<00:05,  0.54it/s][A
Validation DataLoader 0:  99%|█████████▉| 248/250 [07:39<00:03,  0.54it/s][A
Validation DataLoader 0: 100%|█████████▉| 249/250 [07:40<00:01,  0.54it/s][A
Validation DataLoader 0: 100%|██████████| 250/250 [07:42<00:00,  0.54it/s][A
Validation DataLoader 0:   0%|          | 0/250 [00:00<?, ?it/s][A
Validation DataLoader 0:   0%|          | 1/250 [00:01<08:04,  0.51it/s][A
Validation DataLoader 0:   1%|          | 2/250 [00:03<08:01,  0.52it/s][A
Validation DataLoader 0:   1%|          | 3/250 [00:05<07:56,  0.52it/s][A
Validation DataLoader 0:   2%|▏         | 4/250 [00:07<07:51,  0.52it/s][A
Validation DataLoader 0:   2%|▏         | 5/250 [00:09<07:49,  0.52it/s][A
Validation DataLoader 0:   2%|▏         | 6/250 [00:11<07:40,  0.53it/s][A
Validation DataLoader 0:   3%|▎         | 7/250 [00:13<07:34,  0.54it/s][A
Validation DataLoader 0:   3%|▎         | 8/250 [00:14<07:29,  0.54it/s][A
Validation DataLoader 0:   4%|▎         | 9/250 [00:16<07:29,  0.54it/s][A
Validation DataLoader 0:   4%|▍         | 10/250 [00:18<07:26,  0.54it/s][A
Validation DataLoader 0:   4%|▍         | 11/250 [00:20<07:22,  0.54it/s][A
Validation DataLoader 0:   5%|▍         | 12/250 [00:22<07:20,  0.54it/s][A
Validation DataLoader 0:   5%|▌         | 13/250 [00:24<07:18,  0.54it/s][A
Validation DataLoader 0:   6%|▌         | 14/250 [00:25<07:17,  0.54it/s][A
Validation DataLoader 0:   6%|▌         | 15/250 [00:27<07:14,  0.54it/s][A
Validation DataLoader 0:   6%|▋         | 16/250 [00:29<07:10,  0.54it/s][A
Validation DataLoader 0:   7%|▋         | 17/250 [00:31<07:08,  0.54it/s][A
Validation DataLoader 0:   7%|▋         | 18/250 [00:33<07:07,  0.54it/s][A
Validation DataLoader 0:   8%|▊         | 19/250 [00:35<07:06,  0.54it/s][A
Validation DataLoader 0:   8%|▊         | 20/250 [00:37<07:06,  0.54it/s][A
Validation DataLoader 0:   8%|▊         | 21/250 [00:38<07:05,  0.54it/s][A
Validation DataLoader 0:   9%|▉         | 22/250 [00:40<07:02,  0.54it/s][A
Validation DataLoader 0:   9%|▉         | 23/250 [00:42<07:01,  0.54it/s][A
Validation DataLoader 0:  10%|▉         | 24/250 [00:45<07:04,  0.53it/s][A
Validation DataLoader 0:  10%|█         | 25/250 [00:46<07:02,  0.53it/s][A
Validation DataLoader 0:  10%|█         | 26/250 [00:48<06:59,  0.53it/s][A
Validation DataLoader 0:  11%|█         | 27/250 [00:50<06:58,  0.53it/s][A
Validation DataLoader 0:  11%|█         | 28/250 [00:52<06:55,  0.53it/s][A
Validation DataLoader 0:  12%|█▏        | 29/250 [00:54<06:53,  0.53it/s][A
Validation DataLoader 0:  12%|█▏        | 30/250 [00:56<06:52,  0.53it/s][A
Validation DataLoader 0:  12%|█▏        | 31/250 [00:58<06:50,  0.53it/s][A
Validation DataLoader 0:  13%|█▎        | 32/250 [00:59<06:47,  0.54it/s][A
Validation DataLoader 0:  13%|█▎        | 33/250 [01:01<06:45,  0.53it/s][A
Validation DataLoader 0:  14%|█▎        | 34/250 [01:03<06:43,  0.53it/s][A
Validation DataLoader 0:  14%|█▍        | 35/250 [01:05<06:41,  0.54it/s][A
Validation DataLoader 0:  14%|█▍        | 36/250 [01:07<06:39,  0.54it/s][A
Validation DataLoader 0:  15%|█▍        | 37/250 [01:08<06:37,  0.54it/s][A
Validation DataLoader 0:  15%|█▌        | 38/250 [01:10<06:35,  0.54it/s][A
Validation DataLoader 0:  16%|█▌        | 39/250 [01:12<06:32,  0.54it/s][A
Validation DataLoader 0:  16%|█▌        | 40/250 [01:14<06:30,  0.54it/s][A
Validation DataLoader 0:  16%|█▋        | 41/250 [01:16<06:29,  0.54it/s][A
Validation DataLoader 0:  17%|█▋        | 42/250 [01:18<06:27,  0.54it/s][A
Validation DataLoader 0:  17%|█▋        | 43/250 [01:20<06:25,  0.54it/s][A
Validation DataLoader 0:  18%|█▊        | 44/250 [01:21<06:23,  0.54it/s][A
Validation DataLoader 0:  18%|█▊        | 45/250 [01:23<06:21,  0.54it/s][A
Validation DataLoader 0:  18%|█▊        | 46/250 [01:25<06:19,  0.54it/s][A
Validation DataLoader 0:  19%|█▉        | 47/250 [01:27<06:17,  0.54it/s][A
Validation DataLoader 0:  19%|█▉        | 48/250 [01:29<06:14,  0.54it/s][A
Validation DataLoader 0:  20%|█▉        | 49/250 [01:30<06:12,  0.54it/s][A
Validation DataLoader 0:  20%|██        | 50/250 [01:32<06:11,  0.54it/s][A
Validation DataLoader 0:  20%|██        | 51/250 [01:34<06:09,  0.54it/s][A
Validation DataLoader 0:  21%|██        | 52/250 [01:36<06:07,  0.54it/s][A
Validation DataLoader 0:  21%|██        | 53/250 [01:38<06:05,  0.54it/s][A
Validation DataLoader 0:  22%|██▏       | 54/250 [01:40<06:04,  0.54it/s][A
Validation DataLoader 0:  22%|██▏       | 55/250 [01:42<06:02,  0.54it/s][A
Validation DataLoader 0:  22%|██▏       | 56/250 [01:43<06:00,  0.54it/s][A
Validation DataLoader 0:  23%|██▎       | 57/250 [01:45<05:58,  0.54it/s][A
Validation DataLoader 0:  23%|██▎       | 58/250 [01:47<05:56,  0.54it/s][A
Validation DataLoader 0:  24%|██▎       | 59/250 [01:49<05:54,  0.54it/s][A
Validation DataLoader 0:  24%|██▍       | 60/250 [01:51<05:52,  0.54it/s][A
Validation DataLoader 0:  24%|██▍       | 61/250 [01:53<05:50,  0.54it/s][A
Validation DataLoader 0:  25%|██▍       | 62/250 [01:55<05:49,  0.54it/s][A
Validation DataLoader 0:  25%|██▌       | 63/250 [01:56<05:47,  0.54it/s][A
Validation DataLoader 0:  26%|██▌       | 64/250 [01:58<05:44,  0.54it/s][A
Validation DataLoader 0:  26%|██▌       | 65/250 [02:00<05:43,  0.54it/s][A
Validation DataLoader 0:  26%|██▋       | 66/250 [02:02<05:41,  0.54it/s][A
Validation DataLoader 0:  27%|██▋       | 67/250 [02:04<05:39,  0.54it/s][A
Validation DataLoader 0:  27%|██▋       | 68/250 [02:06<05:37,  0.54it/s][A
Validation DataLoader 0:  28%|██▊       | 69/250 [02:07<05:35,  0.54it/s][A
Validation DataLoader 0:  28%|██▊       | 70/250 [02:09<05:33,  0.54it/s][A
Validation DataLoader 0:  28%|██▊       | 71/250 [02:11<05:31,  0.54it/s][A
Validation DataLoader 0:  29%|██▉       | 72/250 [02:13<05:29,  0.54it/s][A
Validation DataLoader 0:  29%|██▉       | 73/250 [02:15<05:27,  0.54it/s][A
Validation DataLoader 0:  30%|██▉       | 74/250 [02:17<05:26,  0.54it/s][A
Validation DataLoader 0:  30%|███       | 75/250 [02:19<05:24,  0.54it/s][A
Validation DataLoader 0:  30%|███       | 76/250 [02:20<05:22,  0.54it/s][A
Validation DataLoader 0:  31%|███       | 77/250 [02:22<05:20,  0.54it/s][A
Validation DataLoader 0:  31%|███       | 78/250 [02:24<05:18,  0.54it/s][A
Validation DataLoader 0:  32%|███▏      | 79/250 [02:26<05:16,  0.54it/s][A
Validation DataLoader 0:  32%|███▏      | 80/250 [02:28<05:14,  0.54it/s][A
Validation DataLoader 0:  32%|███▏      | 81/250 [02:30<05:12,  0.54it/s][A
Validation DataLoader 0:  33%|███▎      | 82/250 [02:31<05:11,  0.54it/s][A
Validation DataLoader 0:  33%|███▎      | 83/250 [02:33<05:09,  0.54it/s][A
Validation DataLoader 0:  34%|███▎      | 84/250 [02:35<05:07,  0.54it/s][A
Validation DataLoader 0:  34%|███▍      | 85/250 [02:37<05:05,  0.54it/s][A
Validation DataLoader 0:  34%|███▍      | 86/250 [02:39<05:03,  0.54it/s][A
Validation DataLoader 0:  35%|███▍      | 87/250 [02:41<05:01,  0.54it/s][A
Validation DataLoader 0:  35%|███▌      | 88/250 [02:42<04:59,  0.54it/s][A
Validation DataLoader 0:  36%|███▌      | 89/250 [02:44<04:58,  0.54it/s][A
Validation DataLoader 0:  36%|███▌      | 90/250 [02:46<04:56,  0.54it/s][A
Validation DataLoader 0:  36%|███▋      | 91/250 [02:48<04:54,  0.54it/s][A
Validation DataLoader 0:  37%|███▋      | 92/250 [02:50<04:52,  0.54it/s][A
Validation DataLoader 0:  37%|███▋      | 93/250 [02:52<04:50,  0.54it/s][A
Validation DataLoader 0:  38%|███▊      | 94/250 [02:54<04:49,  0.54it/s][A
Validation DataLoader 0:  38%|███▊      | 95/250 [02:56<04:47,  0.54it/s][A
Validation DataLoader 0:  38%|███▊      | 96/250 [02:57<04:45,  0.54it/s][A
Validation DataLoader 0:  39%|███▉      | 97/250 [02:59<04:43,  0.54it/s][A
Validation DataLoader 0:  39%|███▉      | 98/250 [03:01<04:42,  0.54it/s][A
Validation DataLoader 0:  40%|███▉      | 99/250 [03:03<04:40,  0.54it/s][A
Validation DataLoader 0:  40%|████      | 100/250 [03:05<04:38,  0.54it/s][A
Validation DataLoader 0:  40%|████      | 101/250 [03:07<04:36,  0.54it/s][A
Validation DataLoader 0:  41%|████      | 102/250 [03:09<04:34,  0.54it/s][A
Validation DataLoader 0:  41%|████      | 103/250 [03:10<04:32,  0.54it/s][A
Validation DataLoader 0:  42%|████▏     | 104/250 [03:12<04:30,  0.54it/s][A
Validation DataLoader 0:  42%|████▏     | 105/250 [03:14<04:28,  0.54it/s][A
Validation DataLoader 0:  42%|████▏     | 106/250 [03:16<04:26,  0.54it/s][A
Validation DataLoader 0:  43%|████▎     | 107/250 [03:18<04:24,  0.54it/s][A
Validation DataLoader 0:  43%|████▎     | 108/250 [03:20<04:23,  0.54it/s][A
Validation DataLoader 0:  44%|████▎     | 109/250 [03:21<04:21,  0.54it/s][A
Validation DataLoader 0:  44%|████▍     | 110/250 [03:23<04:19,  0.54it/s][A
Validation DataLoader 0:  44%|████▍     | 111/250 [03:25<04:17,  0.54it/s][A
Validation DataLoader 0:  45%|████▍     | 112/250 [03:27<04:15,  0.54it/s][A
Validation DataLoader 0:  45%|████▌     | 113/250 [03:29<04:13,  0.54it/s][A
Validation DataLoader 0:  46%|████▌     | 114/250 [03:31<04:11,  0.54it/s][A
Validation DataLoader 0:  46%|████▌     | 115/250 [03:33<04:10,  0.54it/s][A
Validation DataLoader 0:  46%|████▋     | 116/250 [03:35<04:08,  0.54it/s][A
Validation DataLoader 0:  47%|████▋     | 117/250 [03:36<04:06,  0.54it/s][A
Validation DataLoader 0:  47%|████▋     | 118/250 [03:38<04:04,  0.54it/s][A
Validation DataLoader 0:  48%|████▊     | 119/250 [03:40<04:02,  0.54it/s][A
Validation DataLoader 0:  48%|████▊     | 120/250 [03:42<04:01,  0.54it/s][A
Validation DataLoader 0:  48%|████▊     | 121/250 [03:44<03:59,  0.54it/s][A
Validation DataLoader 0:  49%|████▉     | 122/250 [03:46<03:57,  0.54it/s][A
Validation DataLoader 0:  49%|████▉     | 123/250 [03:48<03:55,  0.54it/s][A
Validation DataLoader 0:  50%|████▉     | 124/250 [03:50<03:53,  0.54it/s][A
Validation DataLoader 0:  50%|█████     | 125/250 [03:51<03:51,  0.54it/s][A
Validation DataLoader 0:  50%|█████     | 126/250 [03:53<03:50,  0.54it/s][A
Validation DataLoader 0:  51%|█████     | 127/250 [03:55<03:48,  0.54it/s][A
Validation DataLoader 0:  51%|█████     | 128/250 [03:57<03:46,  0.54it/s][A
Validation DataLoader 0:  52%|█████▏    | 129/250 [03:59<03:44,  0.54it/s][A
Validation DataLoader 0:  52%|█████▏    | 130/250 [04:00<03:42,  0.54it/s][A
Validation DataLoader 0:  52%|█████▏    | 131/250 [04:02<03:40,  0.54it/s][A
Validation DataLoader 0:  53%|█████▎    | 132/250 [04:04<03:38,  0.54it/s][A
Validation DataLoader 0:  53%|█████▎    | 133/250 [04:06<03:36,  0.54it/s][A
Validation DataLoader 0:  54%|█████▎    | 134/250 [04:08<03:35,  0.54it/s][A
Validation DataLoader 0:  54%|█████▍    | 135/250 [04:10<03:33,  0.54it/s][A
Validation DataLoader 0:  54%|█████▍    | 136/250 [04:12<03:31,  0.54it/s][A
Validation DataLoader 0:  55%|█████▍    | 137/250 [04:13<03:29,  0.54it/s][A
Validation DataLoader 0:  55%|█████▌    | 138/250 [04:15<03:27,  0.54it/s][A
Validation DataLoader 0:  56%|█████▌    | 139/250 [04:17<03:25,  0.54it/s][A
Validation DataLoader 0:  56%|█████▌    | 140/250 [04:19<03:23,  0.54it/s][A
Validation DataLoader 0:  56%|█████▋    | 141/250 [04:21<03:21,  0.54it/s][A
Validation DataLoader 0:  57%|█████▋    | 142/250 [04:23<03:20,  0.54it/s][A
Validation DataLoader 0:  57%|█████▋    | 143/250 [04:25<03:18,  0.54it/s][A
Validation DataLoader 0:  58%|█████▊    | 144/250 [04:26<03:16,  0.54it/s][A
Validation DataLoader 0:  58%|█████▊    | 145/250 [04:28<03:14,  0.54it/s][A
Validation DataLoader 0:  58%|█████▊    | 146/250 [04:30<03:12,  0.54it/s][A
Validation DataLoader 0:  59%|█████▉    | 147/250 [04:32<03:10,  0.54it/s][A
Validation DataLoader 0:  59%|█████▉    | 148/250 [04:34<03:08,  0.54it/s][A
Validation DataLoader 0:  60%|█████▉    | 149/250 [04:35<03:07,  0.54it/s][A
Validation DataLoader 0:  60%|██████    | 150/250 [04:37<03:05,  0.54it/s][A
Validation DataLoader 0:  60%|██████    | 151/250 [04:39<03:03,  0.54it/s][A
Validation DataLoader 0:  61%|██████    | 152/250 [04:41<03:01,  0.54it/s][A
Validation DataLoader 0:  61%|██████    | 153/250 [04:43<02:59,  0.54it/s][A
Validation DataLoader 0:  62%|██████▏   | 154/250 [04:45<02:57,  0.54it/s][A
Validation DataLoader 0:  62%|██████▏   | 155/250 [04:47<02:56,  0.54it/s][A
Validation DataLoader 0:  62%|██████▏   | 156/250 [04:49<02:54,  0.54it/s][A
Validation DataLoader 0:  63%|██████▎   | 157/250 [04:50<02:52,  0.54it/s][A
Validation DataLoader 0:  63%|██████▎   | 158/250 [04:52<02:50,  0.54it/s][A
Validation DataLoader 0:  64%|██████▎   | 159/250 [04:54<02:48,  0.54it/s][A
Validation DataLoader 0:  64%|██████▍   | 160/250 [04:56<02:46,  0.54it/s][A
Validation DataLoader 0:  64%|██████▍   | 161/250 [04:58<02:44,  0.54it/s][A
Validation DataLoader 0:  65%|██████▍   | 162/250 [05:00<02:43,  0.54it/s][A
Validation DataLoader 0:  65%|██████▌   | 163/250 [05:02<02:41,  0.54it/s][A
Validation DataLoader 0:  66%|██████▌   | 164/250 [05:03<02:39,  0.54it/s][A
Validation DataLoader 0:  66%|██████▌   | 165/250 [05:05<02:37,  0.54it/s][A
Validation DataLoader 0:  66%|██████▋   | 166/250 [05:07<02:35,  0.54it/s][A
Validation DataLoader 0:  67%|██████▋   | 167/250 [05:09<02:33,  0.54it/s][A
Validation DataLoader 0:  67%|██████▋   | 168/250 [05:11<02:32,  0.54it/s][A
Validation DataLoader 0:  68%|██████▊   | 169/250 [05:13<02:30,  0.54it/s][A
Validation DataLoader 0:  68%|██████▊   | 170/250 [05:15<02:28,  0.54it/s][A
Validation DataLoader 0:  68%|██████▊   | 171/250 [05:16<02:26,  0.54it/s][A
Validation DataLoader 0:  69%|██████▉   | 172/250 [05:18<02:24,  0.54it/s][A
Validation DataLoader 0:  69%|██████▉   | 173/250 [05:20<02:22,  0.54it/s][A
Validation DataLoader 0:  70%|██████▉   | 174/250 [05:22<02:20,  0.54it/s][A
Validation DataLoader 0:  70%|███████   | 175/250 [05:24<02:18,  0.54it/s][A
Validation DataLoader 0:  70%|███████   | 176/250 [05:26<02:17,  0.54it/s][A
Validation DataLoader 0:  71%|███████   | 177/250 [05:28<02:15,  0.54it/s][A
Validation DataLoader 0:  71%|███████   | 178/250 [05:29<02:13,  0.54it/s][A
Validation DataLoader 0:  72%|███████▏  | 179/250 [05:31<02:11,  0.54it/s][A
Validation DataLoader 0:  72%|███████▏  | 180/250 [05:33<02:09,  0.54it/s][A
Validation DataLoader 0:  72%|███████▏  | 181/250 [05:35<02:07,  0.54it/s][A
Validation DataLoader 0:  73%|███████▎  | 182/250 [05:37<02:06,  0.54it/s][A
Validation DataLoader 0:  73%|███████▎  | 183/250 [05:39<02:04,  0.54it/s][A
Validation DataLoader 0:  74%|███████▎  | 184/250 [05:41<02:02,  0.54it/s][A
Validation DataLoader 0:  74%|███████▍  | 185/250 [05:42<02:00,  0.54it/s][A
Validation DataLoader 0:  74%|███████▍  | 186/250 [05:44<01:58,  0.54it/s][A
Validation DataLoader 0:  75%|███████▍  | 187/250 [05:46<01:56,  0.54it/s][A
Validation DataLoader 0:  75%|███████▌  | 188/250 [05:48<01:54,  0.54it/s][A
Validation DataLoader 0:  76%|███████▌  | 189/250 [05:50<01:53,  0.54it/s][A
Validation DataLoader 0:  76%|███████▌  | 190/250 [05:51<01:51,  0.54it/s][A
Validation DataLoader 0:  76%|███████▋  | 191/250 [05:53<01:49,  0.54it/s][A
Validation DataLoader 0:  77%|███████▋  | 192/250 [05:55<01:47,  0.54it/s][A
Validation DataLoader 0:  77%|███████▋  | 193/250 [05:57<01:45,  0.54it/s][A
Validation DataLoader 0:  78%|███████▊  | 194/250 [05:59<01:43,  0.54it/s][A
Validation DataLoader 0:  78%|███████▊  | 195/250 [06:01<01:41,  0.54it/s][A
Validation DataLoader 0:  78%|███████▊  | 196/250 [06:03<01:40,  0.54it/s][A
Validation DataLoader 0:  79%|███████▉  | 197/250 [06:04<01:38,  0.54it/s][A
Validation DataLoader 0:  79%|███████▉  | 198/250 [06:06<01:36,  0.54it/s][A
Validation DataLoader 0:  80%|███████▉  | 199/250 [06:08<01:34,  0.54it/s][A
Validation DataLoader 0:  80%|████████  | 200/250 [06:10<01:32,  0.54it/s][A
Validation DataLoader 0:  80%|████████  | 201/250 [06:12<01:30,  0.54it/s][A
Validation DataLoader 0:  81%|████████  | 202/250 [06:14<01:28,  0.54it/s][A
Validation DataLoader 0:  81%|████████  | 203/250 [06:16<01:27,  0.54it/s][A
Validation DataLoader 0:  82%|████████▏ | 204/250 [06:17<01:25,  0.54it/s][A
Validation DataLoader 0:  82%|████████▏ | 205/250 [06:19<01:23,  0.54it/s][A
Validation DataLoader 0:  82%|████████▏ | 206/250 [06:21<01:21,  0.54it/s][A
Validation DataLoader 0:  83%|████████▎ | 207/250 [06:23<01:19,  0.54it/s][A
Validation DataLoader 0:  83%|████████▎ | 208/250 [06:25<01:17,  0.54it/s][A
Validation DataLoader 0:  84%|████████▎ | 209/250 [06:27<01:15,  0.54it/s][A
Validation DataLoader 0:  84%|████████▍ | 210/250 [06:28<01:14,  0.54it/s][A
Validation DataLoader 0:  84%|████████▍ | 211/250 [06:30<01:12,  0.54it/s][A
Validation DataLoader 0:  85%|████████▍ | 212/250 [06:33<01:10,  0.54it/s][A
Validation DataLoader 0:  85%|████████▌ | 213/250 [06:34<01:08,  0.54it/s][A
Validation DataLoader 0:  86%|████████▌ | 214/250 [06:36<01:06,  0.54it/s][A
Validation DataLoader 0:  86%|████████▌ | 215/250 [06:38<01:04,  0.54it/s][A
Validation DataLoader 0:  86%|████████▋ | 216/250 [06:40<01:03,  0.54it/s][A
Validation DataLoader 0:  87%|████████▋ | 217/250 [06:42<01:01,  0.54it/s][A
Validation DataLoader 0:  87%|████████▋ | 218/250 [06:43<00:59,  0.54it/s][A
Validation DataLoader 0:  88%|████████▊ | 219/250 [06:45<00:57,  0.54it/s][A
Validation DataLoader 0:  88%|████████▊ | 220/250 [06:47<00:55,  0.54it/s][A
Validation DataLoader 0:  88%|████████▊ | 221/250 [06:49<00:53,  0.54it/s][A
Validation DataLoader 0:  89%|████████▉ | 222/250 [06:51<00:51,  0.54it/s][A
Validation DataLoader 0:  89%|████████▉ | 223/250 [06:53<00:50,  0.54it/s][A
Validation DataLoader 0:  90%|████████▉ | 224/250 [06:55<00:48,  0.54it/s][A
Validation DataLoader 0:  90%|█████████ | 225/250 [06:56<00:46,  0.54it/s][A
Validation DataLoader 0:  90%|█████████ | 226/250 [06:58<00:44,  0.54it/s][A
Validation DataLoader 0:  91%|█████████ | 227/250 [07:00<00:42,  0.54it/s][A
Validation DataLoader 0:  91%|█████████ | 228/250 [07:02<00:40,  0.54it/s][A
Validation DataLoader 0:  92%|█████████▏| 229/250 [07:04<00:38,  0.54it/s][A
Validation DataLoader 0:  92%|█████████▏| 230/250 [07:06<00:37,  0.54it/s][A
Validation DataLoader 0:  92%|█████████▏| 231/250 [07:08<00:35,  0.54it/s][A
Validation DataLoader 0:  93%|█████████▎| 232/250 [07:10<00:33,  0.54it/s][A
Validation DataLoader 0:  93%|█████████▎| 233/250 [07:11<00:31,  0.54it/s][A
Validation DataLoader 0:  94%|█████████▎| 234/250 [07:13<00:29,  0.54it/s][A
Validation DataLoader 0:  94%|█████████▍| 235/250 [07:15<00:27,  0.54it/s][A
Validation DataLoader 0:  94%|█████████▍| 236/250 [07:17<00:25,  0.54it/s][A
Validation DataLoader 0:  95%|█████████▍| 237/250 [07:19<00:24,  0.54it/s][A
Validation DataLoader 0:  95%|█████████▌| 238/250 [07:21<00:22,  0.54it/s][A
Validation DataLoader 0:  96%|█████████▌| 239/250 [07:22<00:20,  0.54it/s][A
Validation DataLoader 0:  96%|█████████▌| 240/250 [07:24<00:18,  0.54it/s][A
Validation DataLoader 0:  96%|█████████▋| 241/250 [07:26<00:16,  0.54it/s][A
Validation DataLoader 0:  97%|█████████▋| 242/250 [07:28<00:14,  0.54it/s][A
Validation DataLoader 0:  97%|█████████▋| 243/250 [07:30<00:12,  0.54it/s][A
Validation DataLoader 0:  98%|█████████▊| 244/250 [07:32<00:11,  0.54it/s][A
Validation DataLoader 0:  98%|█████████▊| 245/250 [07:33<00:09,  0.54it/s][A
Validation DataLoader 0:  98%|█████████▊| 246/250 [07:35<00:07,  0.54it/s][A
Validation DataLoader 0:  99%|█████████▉| 247/250 [07:37<00:05,  0.54it/s][A
Validation DataLoader 0:  99%|█████████▉| 248/250 [07:39<00:03,  0.54it/s][A
Validation DataLoader 0: 100%|█████████▉| 249/250 [07:41<00:01,  0.54it/s][A
Validation DataLoader 0: 100%|██████████| 250/250 [07:43<00:00,  0.54it/s][A
Validation DataLoader 0:   0%|          | 0/250 [00:00<?, ?it/s][A
Validation DataLoader 0:   0%|          | 1/250 [00:01<08:05,  0.51it/s][A
Validation DataLoader 0:   1%|          | 2/250 [00:03<08:03,  0.51it/s][A
Validation DataLoader 0:   1%|          | 3/250 [00:05<07:58,  0.52it/s][A
Validation DataLoader 0:   2%|▏         | 4/250 [00:07<07:51,  0.52it/s][A
Validation DataLoader 0:   2%|▏         | 5/250 [00:09<07:49,  0.52it/s][A
Validation DataLoader 0:   2%|▏         | 6/250 [00:11<07:42,  0.53it/s][A
Validation DataLoader 0:   3%|▎         | 7/250 [00:13<07:34,  0.53it/s][A
Validation DataLoader 0:   3%|▎         | 8/250 [00:14<07:31,  0.54it/s][A
Validation DataLoader 0:   4%|▎         | 9/250 [00:16<07:30,  0.53it/s][A
Validation DataLoader 0:   4%|▍         | 10/250 [00:18<07:28,  0.54it/s][A
Validation DataLoader 0:   4%|▍         | 11/250 [00:20<07:24,  0.54it/s][A
Validation DataLoader 0:   5%|▍         | 12/250 [00:22<07:22,  0.54it/s][A
Validation DataLoader 0:   5%|▌         | 13/250 [00:24<07:20,  0.54it/s][A
Validation DataLoader 0:   6%|▌         | 14/250 [00:26<07:19,  0.54it/s][A
Validation DataLoader 0:   6%|▌         | 15/250 [00:27<07:15,  0.54it/s][A
Validation DataLoader 0:   6%|▋         | 16/250 [00:29<07:12,  0.54it/s][A
Validation DataLoader 0:   7%|▋         | 17/250 [00:31<07:09,  0.54it/s][A
Validation DataLoader 0:   7%|▋         | 18/250 [00:33<07:08,  0.54it/s][A
Validation DataLoader 0:   8%|▊         | 19/250 [00:35<07:07,  0.54it/s][A
Validation DataLoader 0:   8%|▊         | 20/250 [00:37<07:06,  0.54it/s][A
Validation DataLoader 0:   8%|▊         | 21/250 [00:39<07:05,  0.54it/s][A
Validation DataLoader 0:   9%|▉         | 22/250 [00:40<07:02,  0.54it/s][A
Validation DataLoader 0:   9%|▉         | 23/250 [00:42<07:01,  0.54it/s][A
Validation DataLoader 0:  10%|▉         | 24/250 [00:44<07:00,  0.54it/s][A
Validation DataLoader 0:  10%|█         | 25/250 [00:46<06:59,  0.54it/s][A
Validation DataLoader 0:  10%|█         | 26/250 [00:48<06:56,  0.54it/s][A
Validation DataLoader 0:  11%|█         | 27/250 [00:50<06:54,  0.54it/s][A
Validation DataLoader 0:  11%|█         | 28/250 [00:51<06:51,  0.54it/s][A
Validation DataLoader 0:  12%|█▏        | 29/250 [00:53<06:50,  0.54it/s][A
Validation DataLoader 0:  12%|█▏        | 30/250 [00:55<06:48,  0.54it/s][A
Validation DataLoader 0:  12%|█▏        | 31/250 [00:57<06:47,  0.54it/s][A
Validation DataLoader 0:  13%|█▎        | 32/250 [00:59<06:44,  0.54it/s][A
Validation DataLoader 0:  13%|█▎        | 33/250 [01:01<06:43,  0.54it/s][A
Validation DataLoader 0:  14%|█▎        | 34/250 [01:03<06:41,  0.54it/s][A
Validation DataLoader 0:  14%|█▍        | 35/250 [01:05<06:39,  0.54it/s][A
Validation DataLoader 0:  14%|█▍        | 36/250 [01:06<06:37,  0.54it/s][A
Validation DataLoader 0:  15%|█▍        | 37/250 [01:08<06:34,  0.54it/s][A
Validation DataLoader 0:  15%|█▌        | 38/250 [01:10<06:33,  0.54it/s][A
Validation DataLoader 0:  16%|█▌        | 39/250 [01:12<06:30,  0.54it/s][A
Validation DataLoader 0:  16%|█▌        | 40/250 [01:14<06:29,  0.54it/s][A
Validation DataLoader 0:  16%|█▋        | 41/250 [01:16<06:27,  0.54it/s][A
Validation DataLoader 0:  17%|█▋        | 42/250 [01:17<06:25,  0.54it/s][A
Validation DataLoader 0:  17%|█▋        | 43/250 [01:19<06:24,  0.54it/s][A
Validation DataLoader 0:  18%|█▊        | 44/250 [01:21<06:21,  0.54it/s][A
Validation DataLoader 0:  18%|█▊        | 45/250 [01:23<06:19,  0.54it/s][A
Validation DataLoader 0:  18%|█▊        | 46/250 [01:25<06:17,  0.54it/s][A
Validation DataLoader 0:  19%|█▉        | 47/250 [01:27<06:16,  0.54it/s][A
Validation DataLoader 0:  19%|█▉        | 48/250 [01:28<06:13,  0.54it/s][A
Validation DataLoader 0:  20%|█▉        | 49/250 [01:30<06:11,  0.54it/s][A
Validation DataLoader 0:  20%|██        | 50/250 [01:32<06:10,  0.54it/s][A
Validation DataLoader 0:  20%|██        | 51/250 [01:34<06:08,  0.54it/s][A
Validation DataLoader 0:  21%|██        | 52/250 [01:36<06:06,  0.54it/s][A
Validation DataLoader 0:  21%|██        | 53/250 [01:38<06:05,  0.54it/s][A
Validation DataLoader 0:  22%|██▏       | 54/250 [01:40<06:03,  0.54it/s][A
Validation DataLoader 0:  22%|██▏       | 55/250 [01:42<06:01,  0.54it/s][A
Validation DataLoader 0:  22%|██▏       | 56/250 [01:43<05:59,  0.54it/s][A
Validation DataLoader 0:  23%|██▎       | 57/250 [01:45<05:58,  0.54it/s][A
Validation DataLoader 0:  23%|██▎       | 58/250 [01:47<05:56,  0.54it/s][A
Validation DataLoader 0:  24%|██▎       | 59/250 [01:49<05:54,  0.54it/s][A
Validation DataLoader 0:  24%|██▍       | 60/250 [01:51<05:52,  0.54it/s][A
Validation DataLoader 0:  24%|██▍       | 61/250 [01:53<05:50,  0.54it/s][A
Validation DataLoader 0:  25%|██▍       | 62/250 [01:55<05:50,  0.54it/s][A
Validation DataLoader 0:  25%|██▌       | 63/250 [01:57<05:47,  0.54it/s][A
Validation DataLoader 0:  26%|██▌       | 64/250 [01:58<05:45,  0.54it/s][A
Validation DataLoader 0:  26%|██▌       | 65/250 [02:00<05:44,  0.54it/s][A
Validation DataLoader 0:  26%|██▋       | 66/250 [02:02<05:42,  0.54it/s][A
Validation DataLoader 0:  27%|██▋       | 67/250 [02:04<05:40,  0.54it/s][A
Validation DataLoader 0:  27%|██▋       | 68/250 [02:06<05:38,  0.54it/s][A
Validation DataLoader 0:  28%|██▊       | 69/250 [02:08<05:36,  0.54it/s][A
Validation DataLoader 0:  28%|██▊       | 70/250 [02:10<05:34,  0.54it/s][A
Validation DataLoader 0:  28%|██▊       | 71/250 [02:11<05:32,  0.54it/s][A
Validation DataLoader 0:  29%|██▉       | 72/250 [02:13<05:30,  0.54it/s][A
Validation DataLoader 0:  29%|██▉       | 73/250 [02:15<05:28,  0.54it/s][A
Validation DataLoader 0:  30%|██▉       | 74/250 [02:17<05:26,  0.54it/s][A
Validation DataLoader 0:  30%|███       | 75/250 [02:19<05:25,  0.54it/s][A
Validation DataLoader 0:  30%|███       | 76/250 [02:21<05:23,  0.54it/s][A
Validation DataLoader 0:  31%|███       | 77/250 [02:22<05:21,  0.54it/s][A
Validation DataLoader 0:  31%|███       | 78/250 [02:24<05:19,  0.54it/s][A
Validation DataLoader 0:  32%|███▏      | 79/250 [02:26<05:17,  0.54it/s][A
Validation DataLoader 0:  32%|███▏      | 80/250 [02:28<05:15,  0.54it/s][A
Validation DataLoader 0:  32%|███▏      | 81/250 [02:30<05:13,  0.54it/s][A
Validation DataLoader 0:  33%|███▎      | 82/250 [02:32<05:11,  0.54it/s][A
Validation DataLoader 0:  33%|███▎      | 83/250 [02:33<05:09,  0.54it/s][A
Validation DataLoader 0:  34%|███▎      | 84/250 [02:35<05:08,  0.54it/s][A
Validation DataLoader 0:  34%|███▍      | 85/250 [02:37<05:06,  0.54it/s][A
Validation DataLoader 0:  34%|███▍      | 86/250 [02:39<05:04,  0.54it/s][A
Validation DataLoader 0:  35%|███▍      | 87/250 [02:41<05:02,  0.54it/s][A
Validation DataLoader 0:  35%|███▌      | 88/250 [02:43<05:00,  0.54it/s][A
Validation DataLoader 0:  36%|███▌      | 89/250 [02:45<04:58,  0.54it/s][A
Validation DataLoader 0:  36%|███▌      | 90/250 [02:47<04:56,  0.54it/s][A
Validation DataLoader 0:  36%|███▋      | 91/250 [02:48<04:54,  0.54it/s][A
Validation DataLoader 0:  37%|███▋      | 92/250 [02:50<04:53,  0.54it/s][A
Validation DataLoader 0:  37%|███▋      | 93/250 [02:52<04:51,  0.54it/s][A
Validation DataLoader 0:  38%|███▊      | 94/250 [02:54<04:49,  0.54it/s][A
Validation DataLoader 0:  38%|███▊      | 95/250 [02:56<04:47,  0.54it/s][A
Validation DataLoader 0:  38%|███▊      | 96/250 [02:58<04:46,  0.54it/s][A
Validation DataLoader 0:  39%|███▉      | 97/250 [03:00<04:44,  0.54it/s][A
Validation DataLoader 0:  39%|███▉      | 98/250 [03:02<04:42,  0.54it/s][A
Validation DataLoader 0:  40%|███▉      | 99/250 [03:03<04:40,  0.54it/s][A
Validation DataLoader 0:  40%|████      | 100/250 [03:05<04:38,  0.54it/s][A
Validation DataLoader 0:  40%|████      | 101/250 [03:07<04:36,  0.54it/s][A
Validation DataLoader 0:  41%|████      | 102/250 [03:09<04:35,  0.54it/s][A
Validation DataLoader 0:  41%|████      | 103/250 [03:11<04:33,  0.54it/s][A
Validation DataLoader 0:  42%|████▏     | 104/250 [03:13<04:31,  0.54it/s][A
Validation DataLoader 0:  42%|████▏     | 105/250 [03:15<04:29,  0.54it/s][A
Validation DataLoader 0:  42%|████▏     | 106/250 [03:16<04:27,  0.54it/s][A
Validation DataLoader 0:  43%|████▎     | 107/250 [03:18<04:25,  0.54it/s][A
Validation DataLoader 0:  43%|████▎     | 108/250 [03:20<04:23,  0.54it/s][A
Validation DataLoader 0:  44%|████▎     | 109/250 [03:22<04:21,  0.54it/s][A
Validation DataLoader 0:  44%|████▍     | 110/250 [03:24<04:19,  0.54it/s][A
Validation DataLoader 0:  44%|████▍     | 111/250 [03:25<04:17,  0.54it/s][A
Validation DataLoader 0:  45%|████▍     | 112/250 [03:27<04:16,  0.54it/s][A
Validation DataLoader 0:  45%|████▌     | 113/250 [03:29<04:14,  0.54it/s][A
Validation DataLoader 0:  46%|████▌     | 114/250 [03:31<04:12,  0.54it/s][A
Validation DataLoader 0:  46%|████▌     | 115/250 [03:33<04:10,  0.54it/s][A
Validation DataLoader 0:  46%|████▋     | 116/250 [03:35<04:08,  0.54it/s][A
Validation DataLoader 0:  47%|████▋     | 117/250 [03:37<04:06,  0.54it/s][A
Validation DataLoader 0:  47%|████▋     | 118/250 [03:39<04:05,  0.54it/s][A
Validation DataLoader 0:  48%|████▊     | 119/250 [03:41<04:03,  0.54it/s][A
Validation DataLoader 0:  48%|████▊     | 120/250 [03:42<04:01,  0.54it/s][A
Validation DataLoader 0:  48%|████▊     | 121/250 [03:44<03:59,  0.54it/s][A
Validation DataLoader 0:  49%|████▉     | 122/250 [03:46<03:57,  0.54it/s][A
Validation DataLoader 0:  49%|████▉     | 123/250 [03:48<03:56,  0.54it/s][A
Validation DataLoader 0:  50%|████▉     | 124/250 [03:50<03:54,  0.54it/s][A
Validation DataLoader 0:  50%|█████     | 125/250 [03:52<03:52,  0.54it/s][A
Validation DataLoader 0:  50%|█████     | 126/250 [03:54<03:50,  0.54it/s][A
Validation DataLoader 0:  51%|█████     | 127/250 [03:56<03:48,  0.54it/s][A
Validation DataLoader 0:  51%|█████     | 128/250 [03:57<03:46,  0.54it/s][A
Validation DataLoader 0:  52%|█████▏    | 129/250 [03:59<03:44,  0.54it/s][A
Validation DataLoader 0:  52%|█████▏    | 130/250 [04:01<03:42,  0.54it/s][A
Validation DataLoader 0:  52%|█████▏    | 131/250 [04:03<03:40,  0.54it/s][A
Validation DataLoader 0:  53%|█████▎    | 132/250 [04:05<03:39,  0.54it/s][A
Validation DataLoader 0:  53%|█████▎    | 133/250 [04:07<03:37,  0.54it/s][A
Validation DataLoader 0:  54%|█████▎    | 134/250 [04:08<03:35,  0.54it/s][A
Validation DataLoader 0:  54%|█████▍    | 135/250 [04:10<03:33,  0.54it/s][A
Validation DataLoader 0:  54%|█████▍    | 136/250 [04:12<03:31,  0.54it/s][A
Validation DataLoader 0:  55%|█████▍    | 137/250 [04:14<03:29,  0.54it/s][A
Validation DataLoader 0:  55%|█████▌    | 138/250 [04:16<03:27,  0.54it/s][A
Validation DataLoader 0:  56%|█████▌    | 139/250 [04:18<03:26,  0.54it/s][A
Validation DataLoader 0:  56%|█████▌    | 140/250 [04:19<03:24,  0.54it/s][A
Validation DataLoader 0:  56%|█████▋    | 141/250 [04:21<03:22,  0.54it/s][A
Validation DataLoader 0:  57%|█████▋    | 142/250 [04:23<03:20,  0.54it/s][A
Validation DataLoader 0:  57%|█████▋    | 143/250 [04:25<03:18,  0.54it/s][A
Validation DataLoader 0:  58%|█████▊    | 144/250 [04:27<03:16,  0.54it/s][A
Validation DataLoader 0:  58%|█████▊    | 145/250 [04:29<03:14,  0.54it/s][A
Validation DataLoader 0:  58%|█████▊    | 146/250 [04:31<03:13,  0.54it/s][A
Validation DataLoader 0:  59%|█████▉    | 147/250 [04:33<03:11,  0.54it/s][A
Validation DataLoader 0:  59%|█████▉    | 148/250 [04:34<03:09,  0.54it/s][A
Validation DataLoader 0:  60%|█████▉    | 149/250 [04:36<03:07,  0.54it/s][A
Validation DataLoader 0:  60%|██████    | 150/250 [04:38<03:05,  0.54it/s][A
Validation DataLoader 0:  60%|██████    | 151/250 [04:40<03:03,  0.54it/s][A
Validation DataLoader 0:  61%|██████    | 152/250 [04:42<03:01,  0.54it/s][A
Validation DataLoader 0:  61%|██████    | 153/250 [04:44<03:00,  0.54it/s][A
Validation DataLoader 0:  62%|██████▏   | 154/250 [04:45<02:58,  0.54it/s][A
Validation DataLoader 0:  62%|██████▏   | 155/250 [04:47<02:56,  0.54it/s][A
Validation DataLoader 0:  62%|██████▏   | 156/250 [04:49<02:54,  0.54it/s][A
Validation DataLoader 0:  63%|██████▎   | 157/250 [04:51<02:52,  0.54it/s][A
Validation DataLoader 0:  63%|██████▎   | 158/250 [04:53<02:50,  0.54it/s][A
Validation DataLoader 0:  64%|██████▎   | 159/250 [04:55<02:48,  0.54it/s][A
Validation DataLoader 0:  64%|██████▍   | 160/250 [04:56<02:47,  0.54it/s][A
Validation DataLoader 0:  64%|██████▍   | 161/250 [04:58<02:45,  0.54it/s][A
Validation DataLoader 0:  65%|██████▍   | 162/250 [05:00<02:43,  0.54it/s][A
Validation DataLoader 0:  65%|██████▌   | 163/250 [05:02<02:41,  0.54it/s][A
Validation DataLoader 0:  66%|██████▌   | 164/250 [05:04<02:39,  0.54it/s][A
Validation DataLoader 0:  66%|██████▌   | 165/250 [05:06<02:37,  0.54it/s][A
Validation DataLoader 0:  66%|██████▋   | 166/250 [05:08<02:35,  0.54it/s][A
Validation DataLoader 0:  67%|██████▋   | 167/250 [05:10<02:34,  0.54it/s][A
Validation DataLoader 0:  67%|██████▋   | 168/250 [05:11<02:32,  0.54it/s][A
Validation DataLoader 0:  68%|██████▊   | 169/250 [05:13<02:30,  0.54it/s][A
Validation DataLoader 0:  68%|██████▊   | 170/250 [05:15<02:28,  0.54it/s][A
Validation DataLoader 0:  68%|██████▊   | 171/250 [05:17<02:26,  0.54it/s][A
Validation DataLoader 0:  69%|██████▉   | 172/250 [05:19<02:24,  0.54it/s][A
Validation DataLoader 0:  69%|██████▉   | 173/250 [05:21<02:22,  0.54it/s][A
Validation DataLoader 0:  70%|██████▉   | 174/250 [05:22<02:21,  0.54it/s][A
Validation DataLoader 0:  70%|███████   | 175/250 [05:24<02:19,  0.54it/s][A
Validation DataLoader 0:  70%|███████   | 176/250 [05:26<02:17,  0.54it/s][A
Validation DataLoader 0:  71%|███████   | 177/250 [05:28<02:15,  0.54it/s][A
Validation DataLoader 0:  71%|███████   | 178/250 [05:30<02:13,  0.54it/s][A
Validation DataLoader 0:  72%|███████▏  | 179/250 [05:32<02:11,  0.54it/s][A
Validation DataLoader 0:  72%|███████▏  | 180/250 [05:34<02:09,  0.54it/s][A
Validation DataLoader 0:  72%|███████▏  | 181/250 [05:36<02:08,  0.54it/s][A
Validation DataLoader 0:  73%|███████▎  | 182/250 [05:37<02:06,  0.54it/s][A
Validation DataLoader 0:  73%|███████▎  | 183/250 [05:39<02:04,  0.54it/s][A
Validation DataLoader 0:  74%|███████▎  | 184/250 [05:41<02:02,  0.54it/s][A
Validation DataLoader 0:  74%|███████▍  | 185/250 [05:43<02:00,  0.54it/s][A
Validation DataLoader 0:  74%|███████▍  | 186/250 [05:45<01:58,  0.54it/s][A
Validation DataLoader 0:  75%|███████▍  | 187/250 [05:47<01:56,  0.54it/s][A
Validation DataLoader 0:  75%|███████▌  | 188/250 [05:48<01:55,  0.54it/s][A
Validation DataLoader 0:  76%|███████▌  | 189/250 [05:50<01:53,  0.54it/s][A
Validation DataLoader 0:  76%|███████▌  | 190/250 [05:52<01:51,  0.54it/s][A
Validation DataLoader 0:  76%|███████▋  | 191/250 [05:54<01:49,  0.54it/s][A
Validation DataLoader 0:  77%|███████▋  | 192/250 [05:56<01:47,  0.54it/s][A
Validation DataLoader 0:  77%|███████▋  | 193/250 [05:58<01:45,  0.54it/s][A
Validation DataLoader 0:  78%|███████▊  | 194/250 [05:59<01:43,  0.54it/s][A
Validation DataLoader 0:  78%|███████▊  | 195/250 [06:01<01:42,  0.54it/s][A
Validation DataLoader 0:  78%|███████▊  | 196/250 [06:03<01:40,  0.54it/s][A
Validation DataLoader 0:  79%|███████▉  | 197/250 [06:05<01:38,  0.54it/s][A
Validation DataLoader 0:  79%|███████▉  | 198/250 [06:07<01:36,  0.54it/s][A
Validation DataLoader 0:  80%|███████▉  | 199/250 [06:09<01:34,  0.54it/s][A
Validation DataLoader 0:  80%|████████  | 200/250 [06:10<01:32,  0.54it/s][A
Validation DataLoader 0:  80%|████████  | 201/250 [06:12<01:30,  0.54it/s][A
Validation DataLoader 0:  81%|████████  | 202/250 [06:14<01:29,  0.54it/s][A
Validation DataLoader 0:  81%|████████  | 203/250 [06:16<01:27,  0.54it/s][A
Validation DataLoader 0:  82%|████████▏ | 204/250 [06:18<01:25,  0.54it/s][A
Validation DataLoader 0:  82%|████████▏ | 205/250 [06:20<01:23,  0.54it/s][A
Validation DataLoader 0:  82%|████████▏ | 206/250 [06:22<01:21,  0.54it/s][A
Validation DataLoader 0:  83%|████████▎ | 207/250 [06:23<01:19,  0.54it/s][A
Validation DataLoader 0:  83%|████████▎ | 208/250 [06:25<01:17,  0.54it/s][A
Validation DataLoader 0:  84%|████████▎ | 209/250 [06:27<01:16,  0.54it/s][A
Validation DataLoader 0:  84%|████████▍ | 210/250 [06:29<01:14,  0.54it/s][A
Validation DataLoader 0:  84%|████████▍ | 211/250 [06:31<01:12,  0.54it/s][A
Validation DataLoader 0:  85%|████████▍ | 212/250 [06:33<01:10,  0.54it/s][A
Validation DataLoader 0:  85%|████████▌ | 213/250 [06:34<01:08,  0.54it/s][A
Validation DataLoader 0:  86%|████████▌ | 214/250 [06:36<01:06,  0.54it/s][A
Validation DataLoader 0:  86%|████████▌ | 215/250 [06:38<01:04,  0.54it/s][A
Validation DataLoader 0:  86%|████████▋ | 216/250 [06:40<01:03,  0.54it/s][A
Validation DataLoader 0:  87%|████████▋ | 217/250 [06:42<01:01,  0.54it/s][A
Validation DataLoader 0:  87%|████████▋ | 218/250 [06:43<00:59,  0.54it/s][A
Validation DataLoader 0:  88%|████████▊ | 219/250 [06:45<00:57,  0.54it/s][A
Validation DataLoader 0:  88%|████████▊ | 220/250 [06:47<00:55,  0.54it/s][A
Validation DataLoader 0:  88%|████████▊ | 221/250 [06:49<00:53,  0.54it/s][A
Validation DataLoader 0:  89%|████████▉ | 222/250 [06:51<00:51,  0.54it/s][A
Validation DataLoader 0:  89%|████████▉ | 223/250 [06:53<00:50,  0.54it/s][A
Validation DataLoader 0:  90%|████████▉ | 224/250 [06:55<00:48,  0.54it/s][A
Validation DataLoader 0:  90%|█████████ | 225/250 [06:57<00:46,  0.54it/s][A
Validation DataLoader 0:  90%|█████████ | 226/250 [06:58<00:44,  0.54it/s][A
Validation DataLoader 0:  91%|█████████ | 227/250 [07:00<00:42,  0.54it/s][A
Validation DataLoader 0:  91%|█████████ | 228/250 [07:02<00:40,  0.54it/s][A
Validation DataLoader 0:  92%|█████████▏| 229/250 [07:04<00:38,  0.54it/s][A
Validation DataLoader 0:  92%|█████████▏| 230/250 [07:06<00:37,  0.54it/s][A
Validation DataLoader 0:  92%|█████████▏| 231/250 [07:08<00:35,  0.54it/s][A
Validation DataLoader 0:  93%|█████████▎| 232/250 [07:10<00:33,  0.54it/s][A
Validation DataLoader 0:  93%|█████████▎| 233/250 [07:11<00:31,  0.54it/s][A
Validation DataLoader 0:  94%|█████████▎| 234/250 [07:13<00:29,  0.54it/s][A
Validation DataLoader 0:  94%|█████████▍| 235/250 [07:15<00:27,  0.54it/s][A
Validation DataLoader 0:  94%|█████████▍| 236/250 [07:17<00:25,  0.54it/s][A
Validation DataLoader 0:  95%|█████████▍| 237/250 [07:19<00:24,  0.54it/s][A
Validation DataLoader 0:  95%|█████████▌| 238/250 [07:21<00:22,  0.54it/s][A
Validation DataLoader 0:  96%|█████████▌| 239/250 [07:23<00:20,  0.54it/s][A
Validation DataLoader 0:  96%|█████████▌| 240/250 [07:24<00:18,  0.54it/s][A
Validation DataLoader 0:  96%|█████████▋| 241/250 [07:26<00:16,  0.54it/s][A
Validation DataLoader 0:  97%|█████████▋| 242/250 [07:28<00:14,  0.54it/s][A
Validation DataLoader 0:  97%|█████████▋| 243/250 [07:30<00:12,  0.54it/s][A
Validation DataLoader 0:  98%|█████████▊| 244/250 [07:32<00:11,  0.54it/s][A
Validation DataLoader 0:  98%|█████████▊| 245/250 [07:34<00:09,  0.54it/s][A
Validation DataLoader 0:  98%|█████████▊| 246/250 [07:36<00:07,  0.54it/s][A
Validation DataLoader 0:  99%|█████████▉| 247/250 [07:38<00:05,  0.54it/s][A
Validation DataLoader 0:  99%|█████████▉| 248/250 [07:39<00:03,  0.54it/s][A
Validation DataLoader 0: 100%|█████████▉| 249/250 [07:41<00:01,  0.54it/s][A
Validation DataLoader 0: 100%|██████████| 250/250 [07:43<00:00,  0.54it/s][A
Validation DataLoader 0:   0%|          | 0/250 [00:00<?, ?it/s][A
Validation DataLoader 0:   0%|          | 1/250 [00:01<08:06,  0.51it/s][A
Validation DataLoader 0:   1%|          | 2/250 [00:03<08:04,  0.51it/s][A
Validation DataLoader 0:   1%|          | 3/250 [00:05<07:57,  0.52it/s][A
Validation DataLoader 0:   2%|▏         | 4/250 [00:07<07:52,  0.52it/s][A
Validation DataLoader 0:   2%|▏         | 5/250 [00:09<07:50,  0.52it/s][A
Validation DataLoader 0:   2%|▏         | 6/250 [00:11<07:42,  0.53it/s][A
Validation DataLoader 0:   3%|▎         | 7/250 [00:13<07:34,  0.53it/s][A
Validation DataLoader 0:   3%|▎         | 8/250 [00:14<07:30,  0.54it/s][A
Validation DataLoader 0:   4%|▎         | 9/250 [00:16<07:29,  0.54it/s][A
Validation DataLoader 0:   4%|▍         | 10/250 [00:18<07:27,  0.54it/s][A
Validation DataLoader 0:   4%|▍         | 11/250 [00:20<07:23,  0.54it/s][A
Validation DataLoader 0:   5%|▍         | 12/250 [00:22<07:22,  0.54it/s][A
Validation DataLoader 0:   5%|▌         | 13/250 [00:24<07:20,  0.54it/s][A
Validation DataLoader 0:   6%|▌         | 14/250 [00:26<07:18,  0.54it/s][A
Validation DataLoader 0:   6%|▌         | 15/250 [00:27<07:15,  0.54it/s][A
Validation DataLoader 0:   6%|▋         | 16/250 [00:29<07:12,  0.54it/s][A
Validation DataLoader 0:   7%|▋         | 17/250 [00:31<07:09,  0.54it/s][A
Validation DataLoader 0:   7%|▋         | 18/250 [00:33<07:07,  0.54it/s][A
Validation DataLoader 0:   8%|▊         | 19/250 [00:35<07:06,  0.54it/s][A
Validation DataLoader 0:   8%|▊         | 20/250 [00:37<07:06,  0.54it/s][A
Validation DataLoader 0:   8%|▊         | 21/250 [00:39<07:05,  0.54it/s][A
Validation DataLoader 0:   9%|▉         | 22/250 [00:40<07:02,  0.54it/s][A
Validation DataLoader 0:   9%|▉         | 23/250 [00:42<07:01,  0.54it/s][A
Validation DataLoader 0:  10%|▉         | 24/250 [00:44<07:00,  0.54it/s][A
Validation DataLoader 0:  10%|█         | 25/250 [00:46<06:58,  0.54it/s][A
Validation DataLoader 0:  10%|█         | 26/250 [00:48<06:55,  0.54it/s][A
Validation DataLoader 0:  11%|█         | 27/250 [00:50<06:54,  0.54it/s][A
Validation DataLoader 0:  11%|█         | 28/250 [00:51<06:51,  0.54it/s][A
Validation DataLoader 0:  12%|█▏        | 29/250 [00:53<06:50,  0.54it/s][A
Validation DataLoader 0:  12%|█▏        | 30/250 [00:55<06:48,  0.54it/s][A
Validation DataLoader 0:  12%|█▏        | 31/250 [00:57<06:46,  0.54it/s][A
Validation DataLoader 0:  13%|█▎        | 32/250 [00:59<06:44,  0.54it/s][A
Validation DataLoader 0:  13%|█▎        | 33/250 [01:01<06:42,  0.54it/s][A
Validation DataLoader 0:  14%|█▎        | 34/250 [01:03<06:41,  0.54it/s][A
Validation DataLoader 0:  14%|█▍        | 35/250 [01:05<06:39,  0.54it/s][A
Validation DataLoader 0:  14%|█▍        | 36/250 [01:06<06:37,  0.54it/s][A
Validation DataLoader 0:  15%|█▍        | 37/250 [01:08<06:34,  0.54it/s][A
Validation DataLoader 0:  15%|█▌        | 38/250 [01:10<06:33,  0.54it/s][A
Validation DataLoader 0:  16%|█▌        | 39/250 [01:12<06:30,  0.54it/s][A
Validation DataLoader 0:  16%|█▌        | 40/250 [01:14<06:28,  0.54it/s][A
Validation DataLoader 0:  16%|█▋        | 41/250 [01:15<06:27,  0.54it/s][A
Validation DataLoader 0:  17%|█▋        | 42/250 [01:17<06:25,  0.54it/s][A
Validation DataLoader 0:  17%|█▋        | 43/250 [01:19<06:24,  0.54it/s][A
Validation DataLoader 0:  18%|█▊        | 44/250 [01:21<06:21,  0.54it/s][A
Validation DataLoader 0:  18%|█▊        | 45/250 [01:23<06:19,  0.54it/s][A
Validation DataLoader 0:  18%|█▊        | 46/250 [01:25<06:17,  0.54it/s][A
Validation DataLoader 0:  19%|█▉        | 47/250 [01:26<06:15,  0.54it/s][A
Validation DataLoader 0:  19%|█▉        | 48/250 [01:28<06:13,  0.54it/s][A
Validation DataLoader 0:  20%|█▉        | 49/250 [01:30<06:11,  0.54it/s][A
Validation DataLoader 0:  20%|██        | 50/250 [01:32<06:09,  0.54it/s][A
Validation DataLoader 0:  20%|██        | 51/250 [01:34<06:08,  0.54it/s][A
Validation DataLoader 0:  21%|██        | 52/250 [01:36<06:06,  0.54it/s][A
Validation DataLoader 0:  21%|██        | 53/250 [01:38<06:04,  0.54it/s][A
Validation DataLoader 0:  22%|██▏       | 54/250 [01:40<06:03,  0.54it/s][A
Validation DataLoader 0:  22%|██▏       | 55/250 [01:41<06:01,  0.54it/s][A
Validation DataLoader 0:  22%|██▏       | 56/250 [01:43<05:59,  0.54it/s][A
Validation DataLoader 0:  23%|██▎       | 57/250 [01:45<05:57,  0.54it/s][A
Validation DataLoader 0:  23%|██▎       | 58/250 [01:47<05:56,  0.54it/s][A
Validation DataLoader 0:  24%|██▎       | 59/250 [01:49<05:53,  0.54it/s][A
Validation DataLoader 0:  24%|██▍       | 60/250 [01:51<05:52,  0.54it/s][A
Validation DataLoader 0:  24%|██▍       | 61/250 [01:52<05:49,  0.54it/s][A
Validation DataLoader 0:  25%|██▍       | 62/250 [01:54<05:48,  0.54it/s][A
Validation DataLoader 0:  25%|██▌       | 63/250 [01:56<05:46,  0.54it/s][A
Validation DataLoader 0:  26%|██▌       | 64/250 [01:58<05:44,  0.54it/s][A
Validation DataLoader 0:  26%|██▌       | 65/250 [02:00<05:42,  0.54it/s][A
Validation DataLoader 0:  26%|██▋       | 66/250 [02:02<05:40,  0.54it/s][A
Validation DataLoader 0:  27%|██▋       | 67/250 [02:04<05:38,  0.54it/s][A
Validation DataLoader 0:  27%|██▋       | 68/250 [02:05<05:36,  0.54it/s][A
Validation DataLoader 0:  28%|██▊       | 69/250 [02:07<05:34,  0.54it/s][A
Validation DataLoader 0:  28%|██▊       | 70/250 [02:09<05:32,  0.54it/s][A
Validation DataLoader 0:  28%|██▊       | 71/250 [02:11<05:31,  0.54it/s][A
Validation DataLoader 0:  29%|██▉       | 72/250 [02:13<05:29,  0.54it/s][A
Validation DataLoader 0:  29%|██▉       | 73/250 [02:14<05:27,  0.54it/s][A
Validation DataLoader 0:  30%|██▉       | 74/250 [02:16<05:25,  0.54it/s][A
Validation DataLoader 0:  30%|███       | 75/250 [02:18<05:23,  0.54it/s][A
Validation DataLoader 0:  30%|███       | 76/250 [02:20<05:21,  0.54it/s][A
Validation DataLoader 0:  31%|███       | 77/250 [02:22<05:19,  0.54it/s][A
Validation DataLoader 0:  31%|███       | 78/250 [02:24<05:17,  0.54it/s][A
Validation DataLoader 0:  32%|███▏      | 79/250 [02:26<05:16,  0.54it/s][A
Validation DataLoader 0:  32%|███▏      | 80/250 [02:27<05:14,  0.54it/s][A
Validation DataLoader 0:  32%|███▏      | 81/250 [02:29<05:12,  0.54it/s][A
Validation DataLoader 0:  33%|███▎      | 82/250 [02:31<05:10,  0.54it/s][A
Validation DataLoader 0:  33%|███▎      | 83/250 [02:33<05:08,  0.54it/s][A
Validation DataLoader 0:  34%|███▎      | 84/250 [02:35<05:06,  0.54it/s][A
Validation DataLoader 0:  34%|███▍      | 85/250 [02:36<05:04,  0.54it/s][A
Validation DataLoader 0:  34%|███▍      | 86/250 [02:38<05:02,  0.54it/s][A
Validation DataLoader 0:  35%|███▍      | 87/250 [02:40<05:01,  0.54it/s][A
Validation DataLoader 0:  35%|███▌      | 88/250 [02:42<04:59,  0.54it/s][A
Validation DataLoader 0:  36%|███▌      | 89/250 [02:44<04:57,  0.54it/s][A
Validation DataLoader 0:  36%|███▌      | 90/250 [02:46<04:55,  0.54it/s][A
Validation DataLoader 0:  36%|███▋      | 91/250 [02:48<04:53,  0.54it/s][A
Validation DataLoader 0:  37%|███▋      | 92/250 [02:50<04:52,  0.54it/s][A
Validation DataLoader 0:  37%|███▋      | 93/250 [02:52<04:50,  0.54it/s][A
Validation DataLoader 0:  38%|███▊      | 94/250 [02:54<04:49,  0.54it/s][A
Validation DataLoader 0:  38%|███▊      | 95/250 [02:56<04:47,  0.54it/s][A
Validation DataLoader 0:  38%|███▊      | 96/250 [02:58<04:45,  0.54it/s][A
Validation DataLoader 0:  39%|███▉      | 97/250 [03:00<04:43,  0.54it/s][A
Validation DataLoader 0:  39%|███▉      | 98/250 [03:01<04:42,  0.54it/s][A
Validation DataLoader 0:  40%|███▉      | 99/250 [03:03<04:40,  0.54it/s][A
Validation DataLoader 0:  40%|████      | 100/250 [03:05<04:38,  0.54it/s][A
Validation DataLoader 0:  40%|████      | 101/250 [03:07<04:36,  0.54it/s][A
Validation DataLoader 0:  41%|████      | 102/250 [03:09<04:34,  0.54it/s][A
Validation DataLoader 0:  41%|████      | 103/250 [03:11<04:32,  0.54it/s][A
Validation DataLoader 0:  42%|████▏     | 104/250 [03:12<04:30,  0.54it/s][A
Validation DataLoader 0:  42%|████▏     | 105/250 [03:14<04:29,  0.54it/s][A
Validation DataLoader 0:  42%|████▏     | 106/250 [03:16<04:26,  0.54it/s][A
Validation DataLoader 0:  43%|████▎     | 107/250 [03:18<04:25,  0.54it/s][A
Validation DataLoader 0:  43%|████▎     | 108/250 [03:20<04:23,  0.54it/s][A
Validation DataLoader 0:  44%|████▎     | 109/250 [03:22<04:21,  0.54it/s][A
Validation DataLoader 0:  44%|████▍     | 110/250 [03:23<04:19,  0.54it/s][A
Validation DataLoader 0:  44%|████▍     | 111/250 [03:25<04:17,  0.54it/s][A
Validation DataLoader 0:  45%|████▍     | 112/250 [03:27<04:15,  0.54it/s][A
Validation DataLoader 0:  45%|████▌     | 113/250 [03:29<04:14,  0.54it/s][A
Validation DataLoader 0:  46%|████▌     | 114/250 [03:31<04:12,  0.54it/s][A
Validation DataLoader 0:  46%|████▌     | 115/250 [03:33<04:10,  0.54it/s][A
Validation DataLoader 0:  46%|████▋     | 116/250 [03:35<04:08,  0.54it/s][A
Validation DataLoader 0:  47%|████▋     | 117/250 [03:36<04:06,  0.54it/s][A
Validation DataLoader 0:  47%|████▋     | 118/250 [03:38<04:04,  0.54it/s][A
Validation DataLoader 0:  48%|████▊     | 119/250 [03:40<04:02,  0.54it/s][A
Validation DataLoader 0:  48%|████▊     | 120/250 [03:42<04:01,  0.54it/s][A
Validation DataLoader 0:  48%|████▊     | 121/250 [03:44<03:59,  0.54it/s][A
Validation DataLoader 0:  49%|████▉     | 122/250 [03:46<03:57,  0.54it/s][A
Validation DataLoader 0:  49%|████▉     | 123/250 [03:48<03:55,  0.54it/s][A
Validation DataLoader 0:  50%|████▉     | 124/250 [03:50<03:53,  0.54it/s][A
Validation DataLoader 0:  50%|█████     | 125/250 [03:52<03:52,  0.54it/s][A
Validation DataLoader 0:  50%|█████     | 126/250 [03:54<03:50,  0.54it/s][A
Validation DataLoader 0:  51%|█████     | 127/250 [03:55<03:48,  0.54it/s][A
Validation DataLoader 0:  51%|█████     | 128/250 [03:57<03:46,  0.54it/s][A
Validation DataLoader 0:  52%|█████▏    | 129/250 [03:59<03:44,  0.54it/s][A
Validation DataLoader 0:  52%|█████▏    | 130/250 [04:01<03:42,  0.54it/s][A
Validation DataLoader 0:  52%|█████▏    | 131/250 [04:02<03:40,  0.54it/s][A
Validation DataLoader 0:  53%|█████▎    | 132/250 [04:04<03:38,  0.54it/s][A
Validation DataLoader 0:  53%|█████▎    | 133/250 [04:06<03:37,  0.54it/s][A
Validation DataLoader 0:  54%|█████▎    | 134/250 [04:08<03:35,  0.54it/s][A
Validation DataLoader 0:  54%|█████▍    | 135/250 [04:10<03:33,  0.54it/s][A
Validation DataLoader 0:  54%|█████▍    | 136/250 [04:12<03:31,  0.54it/s][A
Validation DataLoader 0:  55%|█████▍    | 137/250 [04:13<03:29,  0.54it/s][A
Validation DataLoader 0:  55%|█████▌    | 138/250 [04:15<03:27,  0.54it/s][A
Validation DataLoader 0:  56%|█████▌    | 139/250 [04:17<03:25,  0.54it/s][A
Validation DataLoader 0:  56%|█████▌    | 140/250 [04:19<03:23,  0.54it/s][A
Validation DataLoader 0:  56%|█████▋    | 141/250 [04:21<03:22,  0.54it/s][A
Validation DataLoader 0:  57%|█████▋    | 142/250 [04:23<03:20,  0.54it/s][A
Validation DataLoader 0:  57%|█████▋    | 143/250 [04:25<03:18,  0.54it/s][A
Validation DataLoader 0:  58%|█████▊    | 144/250 [04:27<03:16,  0.54it/s][A
Validation DataLoader 0:  58%|█████▊    | 145/250 [04:28<03:14,  0.54it/s][A
Validation DataLoader 0:  58%|█████▊    | 146/250 [04:30<03:12,  0.54it/s][A
Validation DataLoader 0:  59%|█████▉    | 147/250 [04:32<03:10,  0.54it/s][A
Validation DataLoader 0:  59%|█████▉    | 148/250 [04:34<03:09,  0.54it/s][A
Validation DataLoader 0:  60%|█████▉    | 149/250 [04:36<03:07,  0.54it/s][A
Validation DataLoader 0:  60%|██████    | 150/250 [04:38<03:05,  0.54it/s][A
Validation DataLoader 0:  60%|██████    | 151/250 [04:39<03:03,  0.54it/s][A
Validation DataLoader 0:  61%|██████    | 152/250 [04:41<03:01,  0.54it/s][A
Validation DataLoader 0:  61%|██████    | 153/250 [04:43<02:59,  0.54it/s][A
Validation DataLoader 0:  62%|██████▏   | 154/250 [04:45<02:58,  0.54it/s][A
Validation DataLoader 0:  62%|██████▏   | 155/250 [04:47<02:56,  0.54it/s][A
Validation DataLoader 0:  62%|██████▏   | 156/250 [04:49<02:54,  0.54it/s][A
Validation DataLoader 0:  63%|██████▎   | 157/250 [04:51<02:52,  0.54it/s][A
Validation DataLoader 0:  63%|██████▎   | 158/250 [04:52<02:50,  0.54it/s][A
Validation DataLoader 0:  64%|██████▎   | 159/250 [04:54<02:48,  0.54it/s][A
Validation DataLoader 0:  64%|██████▍   | 160/250 [04:56<02:46,  0.54it/s][A
Validation DataLoader 0:  64%|██████▍   | 161/250 [04:58<02:45,  0.54it/s][A
Validation DataLoader 0:  65%|██████▍   | 162/250 [05:00<02:43,  0.54it/s][A
Validation DataLoader 0:  65%|██████▌   | 163/250 [05:02<02:41,  0.54it/s][A
Validation DataLoader 0:  66%|██████▌   | 164/250 [05:04<02:39,  0.54it/s][A
Validation DataLoader 0:  66%|██████▌   | 165/250 [05:06<02:37,  0.54it/s][A
Validation DataLoader 0:  66%|██████▋   | 166/250 [05:07<02:35,  0.54it/s][A
Validation DataLoader 0:  67%|██████▋   | 167/250 [05:09<02:33,  0.54it/s][A
Validation DataLoader 0:  67%|██████▋   | 168/250 [05:11<02:32,  0.54it/s][A
Validation DataLoader 0:  68%|██████▊   | 169/250 [05:13<02:30,  0.54it/s][A
Validation DataLoader 0:  68%|██████▊   | 170/250 [05:15<02:28,  0.54it/s][A
Validation DataLoader 0:  68%|██████▊   | 171/250 [05:17<02:26,  0.54it/s][A
Validation DataLoader 0:  69%|██████▉   | 172/250 [05:19<02:24,  0.54it/s][A
Validation DataLoader 0:  69%|██████▉   | 173/250 [05:20<02:22,  0.54it/s][A
Validation DataLoader 0:  70%|██████▉   | 174/250 [05:22<02:20,  0.54it/s][A
Validation DataLoader 0:  70%|███████   | 175/250 [05:24<02:19,  0.54it/s][A
Validation DataLoader 0:  70%|███████   | 176/250 [05:26<02:17,  0.54it/s][A
Validation DataLoader 0:  71%|███████   | 177/250 [05:28<02:15,  0.54it/s][A
Validation DataLoader 0:  71%|███████   | 178/250 [05:30<02:13,  0.54it/s][A
Validation DataLoader 0:  72%|███████▏  | 179/250 [05:32<02:11,  0.54it/s][A
Validation DataLoader 0:  72%|███████▏  | 180/250 [05:34<02:09,  0.54it/s][A
Validation DataLoader 0:  72%|███████▏  | 181/250 [05:35<02:08,  0.54it/s][A
Validation DataLoader 0:  73%|███████▎  | 182/250 [05:37<02:06,  0.54it/s][A
Validation DataLoader 0:  73%|███████▎  | 183/250 [05:39<02:04,  0.54it/s][A
Validation DataLoader 0:  74%|███████▎  | 184/250 [05:41<02:02,  0.54it/s][A
Validation DataLoader 0:  74%|███████▍  | 185/250 [05:43<02:00,  0.54it/s][A
Validation DataLoader 0:  74%|███████▍  | 186/250 [05:45<01:58,  0.54it/s][A
Validation DataLoader 0:  75%|███████▍  | 187/250 [05:46<01:56,  0.54it/s][A
Validation DataLoader 0:  75%|███████▌  | 188/250 [05:48<01:55,  0.54it/s][A
Validation DataLoader 0:  76%|███████▌  | 189/250 [05:50<01:53,  0.54it/s][A
Validation DataLoader 0:  76%|███████▌  | 190/250 [05:52<01:51,  0.54it/s][A
Validation DataLoader 0:  76%|███████▋  | 191/250 [05:54<01:49,  0.54it/s][A
Validation DataLoader 0:  77%|███████▋  | 192/250 [05:56<01:47,  0.54it/s][A
Validation DataLoader 0:  77%|███████▋  | 193/250 [05:57<01:45,  0.54it/s][A
Validation DataLoader 0:  78%|███████▊  | 194/250 [05:59<01:43,  0.54it/s][A
Validation DataLoader 0:  78%|███████▊  | 195/250 [06:01<01:41,  0.54it/s][A
Validation DataLoader 0:  78%|███████▊  | 196/250 [06:03<01:40,  0.54it/s][A
Validation DataLoader 0:  79%|███████▉  | 197/250 [06:05<01:38,  0.54it/s][A
Validation DataLoader 0:  79%|███████▉  | 198/250 [06:07<01:36,  0.54it/s][A
Validation DataLoader 0:  80%|███████▉  | 199/250 [06:08<01:34,  0.54it/s][A
Validation DataLoader 0:  80%|████████  | 200/250 [06:10<01:32,  0.54it/s][A
Validation DataLoader 0:  80%|████████  | 201/250 [06:12<01:30,  0.54it/s][A
Validation DataLoader 0:  81%|████████  | 202/250 [06:14<01:28,  0.54it/s][A
Validation DataLoader 0:  81%|████████  | 203/250 [06:16<01:27,  0.54it/s][A
Validation DataLoader 0:  82%|████████▏ | 204/250 [06:18<01:25,  0.54it/s][A
Validation DataLoader 0:  82%|████████▏ | 205/250 [06:20<01:23,  0.54it/s][A
Validation DataLoader 0:  82%|████████▏ | 206/250 [06:21<01:21,  0.54it/s][A
Validation DataLoader 0:  83%|████████▎ | 207/250 [06:23<01:19,  0.54it/s][A
Validation DataLoader 0:  83%|████████▎ | 208/250 [06:25<01:17,  0.54it/s][A
Validation DataLoader 0:  84%|████████▎ | 209/250 [06:27<01:16,  0.54it/s][A
Validation DataLoader 0:  84%|████████▍ | 210/250 [06:29<01:14,  0.54it/s][A
Validation DataLoader 0:  84%|████████▍ | 211/250 [06:31<01:12,  0.54it/s][A
Validation DataLoader 0:  85%|████████▍ | 212/250 [06:33<01:10,  0.54it/s][A
Validation DataLoader 0:  85%|████████▌ | 213/250 [06:34<01:08,  0.54it/s][A
Validation DataLoader 0:  86%|████████▌ | 214/250 [06:36<01:06,  0.54it/s][A
Validation DataLoader 0:  86%|████████▌ | 215/250 [06:38<01:04,  0.54it/s][A
Validation DataLoader 0:  86%|████████▋ | 216/250 [06:40<01:03,  0.54it/s][A
Validation DataLoader 0:  87%|████████▋ | 217/250 [06:42<01:01,  0.54it/s][A
Validation DataLoader 0:  87%|████████▋ | 218/250 [06:43<00:59,  0.54it/s][A
Validation DataLoader 0:  88%|████████▊ | 219/250 [06:45<00:57,  0.54it/s][A
Validation DataLoader 0:  88%|████████▊ | 220/250 [06:47<00:55,  0.54it/s][A
Validation DataLoader 0:  88%|████████▊ | 221/250 [06:49<00:53,  0.54it/s][A
Validation DataLoader 0:  89%|████████▉ | 222/250 [06:51<00:51,  0.54it/s][A
Validation DataLoader 0:  89%|████████▉ | 223/250 [06:53<00:50,  0.54it/s][A
Validation DataLoader 0:  90%|████████▉ | 224/250 [06:55<00:48,  0.54it/s][A
Validation DataLoader 0:  90%|█████████ | 225/250 [06:56<00:46,  0.54it/s][A
Validation DataLoader 0:  90%|█████████ | 226/250 [06:58<00:44,  0.54it/s][A
Validation DataLoader 0:  91%|█████████ | 227/250 [07:00<00:42,  0.54it/s][A
Validation DataLoader 0:  91%|█████████ | 228/250 [07:02<00:40,  0.54it/s][A
Validation DataLoader 0:  92%|█████████▏| 229/250 [07:04<00:38,  0.54it/s][A
Validation DataLoader 0:  92%|█████████▏| 230/250 [07:06<00:37,  0.54it/s][A
Validation DataLoader 0:  92%|█████████▏| 231/250 [07:08<00:35,  0.54it/s][A
Validation DataLoader 0:  93%|█████████▎| 232/250 [07:10<00:33,  0.54it/s][A
Validation DataLoader 0:  93%|█████████▎| 233/250 [07:11<00:31,  0.54it/s][A
Validation DataLoader 0:  94%|█████████▎| 234/250 [07:13<00:29,  0.54it/s][A
Validation DataLoader 0:  94%|█████████▍| 235/250 [07:15<00:27,  0.54it/s][A
Validation DataLoader 0:  94%|█████████▍| 236/250 [07:17<00:25,  0.54it/s][A
Validation DataLoader 0:  95%|█████████▍| 237/250 [07:19<00:24,  0.54it/s][A
Validation DataLoader 0:  95%|█████████▌| 238/250 [07:21<00:22,  0.54it/s][A
Validation DataLoader 0:  96%|█████████▌| 239/250 [07:23<00:20,  0.54it/s][A
Validation DataLoader 0:  96%|█████████▌| 240/250 [07:24<00:18,  0.54it/s][A
Validation DataLoader 0:  96%|█████████▋| 241/250 [07:26<00:16,  0.54it/s][A
Validation DataLoader 0:  97%|█████████▋| 242/250 [07:28<00:14,  0.54it/s][A
Validation DataLoader 0:  97%|█████████▋| 243/250 [07:30<00:12,  0.54it/s][A
Validation DataLoader 0:  98%|█████████▊| 244/250 [07:32<00:11,  0.54it/s][A
Validation DataLoader 0:  98%|█████████▊| 245/250 [07:34<00:09,  0.54it/s][A
Validation DataLoader 0:  98%|█████████▊| 246/250 [07:35<00:07,  0.54it/s][A
Validation DataLoader 0:  99%|█████████▉| 247/250 [07:37<00:05,  0.54it/s][A
Validation DataLoader 0:  99%|█████████▉| 248/250 [07:39<00:03,  0.54it/s][A
Validation DataLoader 0: 100%|█████████▉| 249/250 [07:41<00:01,  0.54it/s][A
Validation DataLoader 0: 100%|██████████| 250/250 [07:43<00:00,  0.54it/s][A
Validation DataLoader 0:   0%|          | 0/250 [00:00<?, ?it/s][A
Validation DataLoader 0:   0%|          | 1/250 [00:01<08:03,  0.51it/s][A
Validation DataLoader 0:   1%|          | 2/250 [00:03<08:07,  0.51it/s][A
Validation DataLoader 0:   1%|          | 3/250 [00:05<07:59,  0.52it/s][A
Validation DataLoader 0:   2%|▏         | 4/250 [00:07<07:52,  0.52it/s][A
Validation DataLoader 0:   2%|▏         | 5/250 [00:09<07:50,  0.52it/s][A
Validation DataLoader 0:   2%|▏         | 6/250 [00:11<07:42,  0.53it/s][A
Validation DataLoader 0:   3%|▎         | 7/250 [00:13<07:35,  0.53it/s][A
Validation DataLoader 0:   3%|▎         | 8/250 [00:14<07:30,  0.54it/s][A
Validation DataLoader 0:   4%|▎         | 9/250 [00:16<07:29,  0.54it/s][A
Validation DataLoader 0:   4%|▍         | 10/250 [00:18<07:27,  0.54it/s][A
Validation DataLoader 0:   4%|▍         | 11/250 [00:20<07:23,  0.54it/s][A
Validation DataLoader 0:   5%|▍         | 12/250 [00:22<07:22,  0.54it/s][A
Validation DataLoader 0:   5%|▌         | 13/250 [00:24<07:19,  0.54it/s][A
Validation DataLoader 0:   6%|▌         | 14/250 [00:26<07:18,  0.54it/s][A
Validation DataLoader 0:   6%|▌         | 15/250 [00:27<07:15,  0.54it/s][A
Validation DataLoader 0:   6%|▋         | 16/250 [00:29<07:12,  0.54it/s][A
Validation DataLoader 0:   7%|▋         | 17/250 [00:31<07:09,  0.54it/s][A
Validation DataLoader 0:   7%|▋         | 18/250 [00:33<07:08,  0.54it/s][A
Validation DataLoader 0:   8%|▊         | 19/250 [00:35<07:07,  0.54it/s][A
Validation DataLoader 0:   8%|▊         | 20/250 [00:37<07:06,  0.54it/s][A
Validation DataLoader 0:   8%|▊         | 21/250 [00:39<07:05,  0.54it/s][A
Validation DataLoader 0:   9%|▉         | 22/250 [00:40<07:02,  0.54it/s][A
Validation DataLoader 0:   9%|▉         | 23/250 [00:42<07:01,  0.54it/s][A
Validation DataLoader 0:  10%|▉         | 24/250 [00:44<06:59,  0.54it/s][A
Validation DataLoader 0:  10%|█         | 25/250 [00:46<06:58,  0.54it/s][A
Validation DataLoader 0:  10%|█         | 26/250 [00:48<06:55,  0.54it/s][A
Validation DataLoader 0:  11%|█         | 27/250 [00:50<06:54,  0.54it/s][A
Validation DataLoader 0:  11%|█         | 28/250 [00:51<06:51,  0.54it/s][A
Validation DataLoader 0:  12%|█▏        | 29/250 [00:53<06:50,  0.54it/s][A
Validation DataLoader 0:  12%|█▏        | 30/250 [00:55<06:48,  0.54it/s][A
Validation DataLoader 0:  12%|█▏        | 31/250 [00:57<06:46,  0.54it/s][A
Validation DataLoader 0:  13%|█▎        | 32/250 [00:59<06:44,  0.54it/s][A
Validation DataLoader 0:  13%|█▎        | 33/250 [01:01<06:42,  0.54it/s][A
Validation DataLoader 0:  14%|█▎        | 34/250 [01:03<06:41,  0.54it/s][A
Validation DataLoader 0:  14%|█▍        | 35/250 [01:05<06:39,  0.54it/s][A
Validation DataLoader 0:  14%|█▍        | 36/250 [01:06<06:37,  0.54it/s][A
Validation DataLoader 0:  15%|█▍        | 37/250 [01:08<06:34,  0.54it/s][A
Validation DataLoader 0:  15%|█▌        | 38/250 [01:10<06:33,  0.54it/s][A
Validation DataLoader 0:  16%|█▌        | 39/250 [01:12<06:30,  0.54it/s][A
Validation DataLoader 0:  16%|█▌        | 40/250 [01:14<06:28,  0.54it/s][A
Validation DataLoader 0:  16%|█▋        | 41/250 [01:15<06:27,  0.54it/s][A
Validation DataLoader 0:  17%|█▋        | 42/250 [01:17<06:25,  0.54it/s][A
Validation DataLoader 0:  17%|█▋        | 43/250 [01:19<06:24,  0.54it/s][A
Validation DataLoader 0:  18%|█▊        | 44/250 [01:21<06:21,  0.54it/s][A
Validation DataLoader 0:  18%|█▊        | 45/250 [01:23<06:19,  0.54it/s][A
Validation DataLoader 0:  18%|█▊        | 46/250 [01:25<06:17,  0.54it/s][A
Validation DataLoader 0:  19%|█▉        | 47/250 [01:27<06:16,  0.54it/s][A
Validation DataLoader 0:  19%|█▉        | 48/250 [01:28<06:13,  0.54it/s][A
Validation DataLoader 0:  20%|█▉        | 49/250 [01:30<06:11,  0.54it/s][A
Validation DataLoader 0:  20%|██        | 50/250 [01:32<06:09,  0.54it/s][A
Validation DataLoader 0:  20%|██        | 51/250 [01:34<06:08,  0.54it/s][A
Validation DataLoader 0:  21%|██        | 52/250 [01:36<06:06,  0.54it/s][A
Validation DataLoader 0:  21%|██        | 53/250 [01:38<06:04,  0.54it/s][A
Validation DataLoader 0:  22%|██▏       | 54/250 [01:40<06:03,  0.54it/s][A
Validation DataLoader 0:  22%|██▏       | 55/250 [01:42<06:01,  0.54it/s][A
Validation DataLoader 0:  22%|██▏       | 56/250 [01:43<05:59,  0.54it/s][A
Validation DataLoader 0:  23%|██▎       | 57/250 [01:45<05:57,  0.54it/s][A
Validation DataLoader 0:  23%|██▎       | 58/250 [01:47<05:56,  0.54it/s][A
Validation DataLoader 0:  24%|██▎       | 59/250 [01:49<05:53,  0.54it/s][A
Validation DataLoader 0:  24%|██▍       | 60/250 [01:51<05:52,  0.54it/s][A
Validation DataLoader 0:  24%|██▍       | 61/250 [01:52<05:49,  0.54it/s][A
Validation DataLoader 0:  25%|██▍       | 62/250 [01:54<05:48,  0.54it/s][A
Validation DataLoader 0:  25%|██▌       | 63/250 [01:56<05:46,  0.54it/s][A
Validation DataLoader 0:  26%|██▌       | 64/250 [01:58<05:44,  0.54it/s][A
Validation DataLoader 0:  26%|██▌       | 65/250 [02:00<05:42,  0.54it/s][A
Validation DataLoader 0:  26%|██▋       | 66/250 [02:02<05:40,  0.54it/s][A
Validation DataLoader 0:  27%|██▋       | 67/250 [02:04<05:38,  0.54it/s][A
Validation DataLoader 0:  27%|██▋       | 68/250 [02:05<05:36,  0.54it/s][A
Validation DataLoader 0:  28%|██▊       | 69/250 [02:07<05:34,  0.54it/s][A
Validation DataLoader 0:  28%|██▊       | 70/250 [02:09<05:32,  0.54it/s][A
Validation DataLoader 0:  28%|██▊       | 71/250 [02:11<05:31,  0.54it/s][A
Validation DataLoader 0:  29%|██▉       | 72/250 [02:13<05:29,  0.54it/s][A
Validation DataLoader 0:  29%|██▉       | 73/250 [02:14<05:27,  0.54it/s][A
Validation DataLoader 0:  30%|██▉       | 74/250 [02:16<05:25,  0.54it/s][A
Validation DataLoader 0:  30%|███       | 75/250 [02:18<05:23,  0.54it/s][A
Validation DataLoader 0:  30%|███       | 76/250 [02:20<05:21,  0.54it/s][A
Validation DataLoader 0:  31%|███       | 77/250 [02:22<05:19,  0.54it/s][A
Validation DataLoader 0:  31%|███       | 78/250 [02:24<05:17,  0.54it/s][A
Validation DataLoader 0:  32%|███▏      | 79/250 [02:26<05:16,  0.54it/s][A
Validation DataLoader 0:  32%|███▏      | 80/250 [02:27<05:13,  0.54it/s][A
Validation DataLoader 0:  32%|███▏      | 81/250 [02:29<05:12,  0.54it/s][A
Validation DataLoader 0:  33%|███▎      | 82/250 [02:31<05:10,  0.54it/s][A
Validation DataLoader 0:  33%|███▎      | 83/250 [02:33<05:08,  0.54it/s][A
Validation DataLoader 0:  34%|███▎      | 84/250 [02:35<05:06,  0.54it/s][A
Validation DataLoader 0:  34%|███▍      | 85/250 [02:36<05:04,  0.54it/s][A
Validation DataLoader 0:  34%|███▍      | 86/250 [02:38<05:02,  0.54it/s][A
Validation DataLoader 0:  35%|███▍      | 87/250 [02:40<05:00,  0.54it/s][A
Validation DataLoader 0:  35%|███▌      | 88/250 [02:42<04:59,  0.54it/s][A
Validation DataLoader 0:  36%|███▌      | 89/250 [02:44<04:57,  0.54it/s][A
Validation DataLoader 0:  36%|███▌      | 90/250 [02:46<04:55,  0.54it/s][A
Validation DataLoader 0:  36%|███▋      | 91/250 [02:48<04:53,  0.54it/s][A
Validation DataLoader 0:  37%|███▋      | 92/250 [02:49<04:51,  0.54it/s][A
Validation DataLoader 0:  37%|███▋      | 93/250 [02:51<04:50,  0.54it/s][A
Validation DataLoader 0:  38%|███▊      | 94/250 [02:53<04:48,  0.54it/s][A
Validation DataLoader 0:  38%|███▊      | 95/250 [02:55<04:46,  0.54it/s][A
Validation DataLoader 0:  38%|███▊      | 96/250 [02:57<04:44,  0.54it/s][A
Validation DataLoader 0:  39%|███▉      | 97/250 [02:59<04:43,  0.54it/s][A
Validation DataLoader 0:  39%|███▉      | 98/250 [03:01<04:41,  0.54it/s][A
Validation DataLoader 0:  40%|███▉      | 99/250 [03:03<04:39,  0.54it/s][A
Validation DataLoader 0:  40%|████      | 100/250 [03:05<04:37,  0.54it/s][A
Validation DataLoader 0:  40%|████      | 101/250 [03:06<04:35,  0.54it/s][A
Validation DataLoader 0:  41%|████      | 102/250 [03:08<04:33,  0.54it/s][A
Validation DataLoader 0:  41%|████      | 103/250 [03:10<04:31,  0.54it/s][A
Validation DataLoader 0:  42%|████▏     | 104/250 [03:12<04:30,  0.54it/s][A
Validation DataLoader 0:  42%|████▏     | 105/250 [03:14<04:28,  0.54it/s][A
Validation DataLoader 0:  42%|████▏     | 106/250 [03:15<04:26,  0.54it/s][A
Validation DataLoader 0:  43%|████▎     | 107/250 [03:17<04:24,  0.54it/s][A
Validation DataLoader 0:  43%|████▎     | 108/250 [03:19<04:22,  0.54it/s][A
Validation DataLoader 0:  44%|████▎     | 109/250 [03:21<04:20,  0.54it/s][A
Validation DataLoader 0:  44%|████▍     | 110/250 [03:23<04:18,  0.54it/s][A
Validation DataLoader 0:  44%|████▍     | 111/250 [03:25<04:16,  0.54it/s][A
Validation DataLoader 0:  45%|████▍     | 112/250 [03:27<04:15,  0.54it/s][A
Validation DataLoader 0:  45%|████▌     | 113/250 [03:29<04:13,  0.54it/s][A
Validation DataLoader 0:  46%|████▌     | 114/250 [03:30<04:11,  0.54it/s][A
Validation DataLoader 0:  46%|████▌     | 115/250 [03:32<04:09,  0.54it/s][A
Validation DataLoader 0:  46%|████▋     | 116/250 [03:34<04:07,  0.54it/s][A
Validation DataLoader 0:  47%|████▋     | 117/250 [03:36<04:06,  0.54it/s][A
Validation DataLoader 0:  47%|████▋     | 118/250 [03:38<04:04,  0.54it/s][A
Validation DataLoader 0:  48%|████▊     | 119/250 [03:40<04:02,  0.54it/s][A
Validation DataLoader 0:  48%|████▊     | 120/250 [03:42<04:00,  0.54it/s][A
Validation DataLoader 0:  48%|████▊     | 121/250 [03:44<03:58,  0.54it/s][A
Validation DataLoader 0:  49%|████▉     | 122/250 [03:45<03:57,  0.54it/s][A
Validation DataLoader 0:  49%|████▉     | 123/250 [03:47<03:55,  0.54it/s][A
Validation DataLoader 0:  50%|████▉     | 124/250 [03:49<03:53,  0.54it/s][A
Validation DataLoader 0:  50%|█████     | 125/250 [03:51<03:51,  0.54it/s][A
Validation DataLoader 0:  50%|█████     | 126/250 [03:54<03:50,  0.54it/s][A
Validation DataLoader 0:  51%|█████     | 127/250 [03:55<03:48,  0.54it/s][A
Validation DataLoader 0:  51%|█████     | 128/250 [03:57<03:46,  0.54it/s][A
Validation DataLoader 0:  52%|█████▏    | 129/250 [03:59<03:44,  0.54it/s][A
Validation DataLoader 0:  52%|█████▏    | 130/250 [04:01<03:42,  0.54it/s][A
Validation DataLoader 0:  52%|█████▏    | 131/250 [04:02<03:40,  0.54it/s][A
Validation DataLoader 0:  53%|█████▎    | 132/250 [04:04<03:38,  0.54it/s][A
Validation DataLoader 0:  53%|█████▎    | 133/250 [04:06<03:37,  0.54it/s][A
Validation DataLoader 0:  54%|█████▎    | 134/250 [04:08<03:35,  0.54it/s][A
Validation DataLoader 0:  54%|█████▍    | 135/250 [04:10<03:33,  0.54it/s][A
Validation DataLoader 0:  54%|█████▍    | 136/250 [04:12<03:31,  0.54it/s][A
Validation DataLoader 0:  55%|█████▍    | 137/250 [04:14<03:29,  0.54it/s][A
Validation DataLoader 0:  55%|█████▌    | 138/250 [04:16<03:27,  0.54it/s][A
Validation DataLoader 0:  56%|█████▌    | 139/250 [04:17<03:25,  0.54it/s][A
Validation DataLoader 0:  56%|█████▌    | 140/250 [04:19<03:24,  0.54it/s][A
Validation DataLoader 0:  56%|█████▋    | 141/250 [04:21<03:22,  0.54it/s][A
Validation DataLoader 0:  57%|█████▋    | 142/250 [04:23<03:20,  0.54it/s][A
Validation DataLoader 0:  57%|█████▋    | 143/250 [04:25<03:18,  0.54it/s][A
Validation DataLoader 0:  58%|█████▊    | 144/250 [04:27<03:16,  0.54it/s][A
Validation DataLoader 0:  58%|█████▊    | 145/250 [04:29<03:14,  0.54it/s][A
Validation DataLoader 0:  58%|█████▊    | 146/250 [04:30<03:12,  0.54it/s][A
Validation DataLoader 0:  59%|█████▉    | 147/250 [04:32<03:11,  0.54it/s][A
Validation DataLoader 0:  59%|█████▉    | 148/250 [04:34<03:09,  0.54it/s][A
Validation DataLoader 0:  60%|█████▉    | 149/250 [04:36<03:07,  0.54it/s][A
Validation DataLoader 0:  60%|██████    | 150/250 [04:38<03:05,  0.54it/s][A
Validation DataLoader 0:  60%|██████    | 151/250 [04:40<03:03,  0.54it/s][A
Validation DataLoader 0:  61%|██████    | 152/250 [04:41<03:01,  0.54it/s][A
Validation DataLoader 0:  61%|██████    | 153/250 [04:43<02:59,  0.54it/s][A
Validation DataLoader 0:  62%|██████▏   | 154/250 [04:45<02:58,  0.54it/s][A
Validation DataLoader 0:  62%|██████▏   | 155/250 [04:47<02:56,  0.54it/s][A
Validation DataLoader 0:  62%|██████▏   | 156/250 [04:49<02:54,  0.54it/s][A
Validation DataLoader 0:  63%|██████▎   | 157/250 [04:51<02:52,  0.54it/s][A
Validation DataLoader 0:  63%|██████▎   | 158/250 [04:53<02:50,  0.54it/s][A
Validation DataLoader 0:  64%|██████▎   | 159/250 [04:54<02:48,  0.54it/s][A
Validation DataLoader 0:  64%|██████▍   | 160/250 [04:56<02:46,  0.54it/s][A
Validation DataLoader 0:  64%|██████▍   | 161/250 [04:58<02:45,  0.54it/s][A
Validation DataLoader 0:  65%|██████▍   | 162/250 [05:00<02:43,  0.54it/s][A
Validation DataLoader 0:  65%|██████▌   | 163/250 [05:02<02:41,  0.54it/s][A
Validation DataLoader 0:  66%|██████▌   | 164/250 [05:04<02:39,  0.54it/s][A
Validation DataLoader 0:  66%|██████▌   | 165/250 [05:06<02:37,  0.54it/s][A
Validation DataLoader 0:  66%|██████▋   | 166/250 [05:07<02:35,  0.54it/s][A
Validation DataLoader 0:  67%|██████▋   | 167/250 [05:09<02:33,  0.54it/s][A
Validation DataLoader 0:  67%|██████▋   | 168/250 [05:11<02:32,  0.54it/s][A
Validation DataLoader 0:  68%|██████▊   | 169/250 [05:13<02:30,  0.54it/s][A
Validation DataLoader 0:  68%|██████▊   | 170/250 [05:15<02:28,  0.54it/s][A
Validation DataLoader 0:  68%|██████▊   | 171/250 [05:17<02:26,  0.54it/s][A
Validation DataLoader 0:  69%|██████▉   | 172/250 [05:19<02:24,  0.54it/s][A
Validation DataLoader 0:  69%|██████▉   | 173/250 [05:20<02:22,  0.54it/s][A
Validation DataLoader 0:  70%|██████▉   | 174/250 [05:22<02:20,  0.54it/s][A
Validation DataLoader 0:  70%|███████   | 175/250 [05:24<02:19,  0.54it/s][A
Validation DataLoader 0:  70%|███████   | 176/250 [05:26<02:17,  0.54it/s][A
Validation DataLoader 0:  71%|███████   | 177/250 [05:28<02:15,  0.54it/s][A
Validation DataLoader 0:  71%|███████   | 178/250 [05:30<02:13,  0.54it/s][A
Validation DataLoader 0:  72%|███████▏  | 179/250 [05:32<02:11,  0.54it/s][A
Validation DataLoader 0:  72%|███████▏  | 180/250 [05:34<02:09,  0.54it/s][A
Validation DataLoader 0:  72%|███████▏  | 181/250 [05:36<02:08,  0.54it/s][A
Validation DataLoader 0:  73%|███████▎  | 182/250 [05:37<02:06,  0.54it/s][A
Validation DataLoader 0:  73%|███████▎  | 183/250 [05:39<02:04,  0.54it/s][A
Validation DataLoader 0:  74%|███████▎  | 184/250 [05:41<02:02,  0.54it/s][A
Validation DataLoader 0:  74%|███████▍  | 185/250 [05:43<02:00,  0.54it/s][A
Validation DataLoader 0:  74%|███████▍  | 186/250 [05:45<01:58,  0.54it/s][A
Validation DataLoader 0:  75%|███████▍  | 187/250 [05:47<01:56,  0.54it/s][A
Validation DataLoader 0:  75%|███████▌  | 188/250 [05:48<01:55,  0.54it/s][A
Validation DataLoader 0:  76%|███████▌  | 189/250 [05:50<01:53,  0.54it/s][A
Validation DataLoader 0:  76%|███████▌  | 190/250 [05:52<01:51,  0.54it/s][A
Validation DataLoader 0:  76%|███████▋  | 191/250 [05:54<01:49,  0.54it/s][A
Validation DataLoader 0:  77%|███████▋  | 192/250 [05:56<01:47,  0.54it/s][A
Validation DataLoader 0:  77%|███████▋  | 193/250 [05:58<01:45,  0.54it/s][A
Validation DataLoader 0:  78%|███████▊  | 194/250 [05:59<01:43,  0.54it/s][A
Validation DataLoader 0:  78%|███████▊  | 195/250 [06:01<01:42,  0.54it/s][A
Validation DataLoader 0:  78%|███████▊  | 196/250 [06:03<01:40,  0.54it/s][A
Validation DataLoader 0:  79%|███████▉  | 197/250 [06:05<01:38,  0.54it/s][A
Validation DataLoader 0:  79%|███████▉  | 198/250 [06:07<01:36,  0.54it/s][A
Validation DataLoader 0:  80%|███████▉  | 199/250 [06:09<01:34,  0.54it/s][A
Validation DataLoader 0:  80%|████████  | 200/250 [06:10<01:32,  0.54it/s][A
Validation DataLoader 0:  80%|████████  | 201/250 [06:12<01:30,  0.54it/s][A
Validation DataLoader 0:  81%|████████  | 202/250 [06:14<01:29,  0.54it/s][A
Validation DataLoader 0:  81%|████████  | 203/250 [06:16<01:27,  0.54it/s][A
Validation DataLoader 0:  82%|████████▏ | 204/250 [06:18<01:25,  0.54it/s][A
Validation DataLoader 0:  82%|████████▏ | 205/250 [06:20<01:23,  0.54it/s][A
Validation DataLoader 0:  82%|████████▏ | 206/250 [06:21<01:21,  0.54it/s][A
Validation DataLoader 0:  83%|████████▎ | 207/250 [06:23<01:19,  0.54it/s][A
Validation DataLoader 0:  83%|████████▎ | 208/250 [06:25<01:17,  0.54it/s][A
Validation DataLoader 0:  84%|████████▎ | 209/250 [06:27<01:16,  0.54it/s][A
Validation DataLoader 0:  84%|████████▍ | 210/250 [06:29<01:14,  0.54it/s][A
Validation DataLoader 0:  84%|████████▍ | 211/250 [06:31<01:12,  0.54it/s][A
Validation DataLoader 0:  85%|████████▍ | 212/250 [06:33<01:10,  0.54it/s][A
Validation DataLoader 0:  85%|████████▌ | 213/250 [06:34<01:08,  0.54it/s][A
Validation DataLoader 0:  86%|████████▌ | 214/250 [06:36<01:06,  0.54it/s][A
Validation DataLoader 0:  86%|████████▌ | 215/250 [06:38<01:04,  0.54it/s][A
Validation DataLoader 0:  86%|████████▋ | 216/250 [06:40<01:03,  0.54it/s][A
Validation DataLoader 0:  87%|████████▋ | 217/250 [06:42<01:01,  0.54it/s][A
Validation DataLoader 0:  87%|████████▋ | 218/250 [06:44<00:59,  0.54it/s][A
Validation DataLoader 0:  88%|████████▊ | 219/250 [06:45<00:57,  0.54it/s][A
Validation DataLoader 0:  88%|████████▊ | 220/250 [06:47<00:55,  0.54it/s][A
Validation DataLoader 0:  88%|████████▊ | 221/250 [06:49<00:53,  0.54it/s][A
Validation DataLoader 0:  89%|████████▉ | 222/250 [06:51<00:51,  0.54it/s][A
Validation DataLoader 0:  89%|████████▉ | 223/250 [06:53<00:50,  0.54it/s][A
Validation DataLoader 0:  90%|████████▉ | 224/250 [06:55<00:48,  0.54it/s][A
Validation DataLoader 0:  90%|█████████ | 225/250 [06:57<00:46,  0.54it/s][A
Validation DataLoader 0:  90%|█████████ | 226/250 [06:58<00:44,  0.54it/s][A
Validation DataLoader 0:  91%|█████████ | 227/250 [07:00<00:42,  0.54it/s][A
Validation DataLoader 0:  91%|█████████ | 228/250 [07:02<00:40,  0.54it/s][A
Validation DataLoader 0:  92%|█████████▏| 229/250 [07:04<00:38,  0.54it/s][A
Validation DataLoader 0:  92%|█████████▏| 230/250 [07:06<00:37,  0.54it/s][A
Validation DataLoader 0:  92%|█████████▏| 231/250 [07:08<00:35,  0.54it/s][A
Validation DataLoader 0:  93%|█████████▎| 232/250 [07:10<00:33,  0.54it/s][A
Validation DataLoader 0:  93%|█████████▎| 233/250 [07:11<00:31,  0.54it/s][A
Validation DataLoader 0:  94%|█████████▎| 234/250 [07:13<00:29,  0.54it/s][A
Validation DataLoader 0:  94%|█████████▍| 235/250 [07:15<00:27,  0.54it/s][A
Validation DataLoader 0:  94%|█████████▍| 236/250 [07:17<00:25,  0.54it/s][A
Validation DataLoader 0:  95%|█████████▍| 237/250 [07:19<00:24,  0.54it/s][A
Validation DataLoader 0:  95%|█████████▌| 238/250 [07:21<00:22,  0.54it/s][A
Validation DataLoader 0:  96%|█████████▌| 239/250 [07:23<00:20,  0.54it/s][A
Validation DataLoader 0:  96%|█████████▌| 240/250 [07:24<00:18,  0.54it/s][A
Validation DataLoader 0:  96%|█████████▋| 241/250 [07:26<00:16,  0.54it/s][A
Validation DataLoader 0:  97%|█████████▋| 242/250 [07:28<00:14,  0.54it/s][A
Validation DataLoader 0:  97%|█████████▋| 243/250 [07:30<00:12,  0.54it/s][A
Validation DataLoader 0:  98%|█████████▊| 244/250 [07:32<00:11,  0.54it/s][A
Validation DataLoader 0:  98%|█████████▊| 245/250 [07:34<00:09,  0.54it/s][A
Validation DataLoader 0:  98%|█████████▊| 246/250 [07:35<00:07,  0.54it/s][A
Validation DataLoader 0:  99%|█████████▉| 247/250 [07:37<00:05,  0.54it/s][A
Validation DataLoader 0:  99%|█████████▉| 248/250 [07:39<00:03,  0.54it/s][A
Validation DataLoader 0: 100%|█████████▉| 249/250 [07:41<00:01,  0.54it/s][A
Validation DataLoader 0: 100%|██████████| 250/250 [07:43<00:00,  0.54it/s][A

Testing DataLoader 0: 100%|██████████| 250/250 [07:46<00:00,  0.54it/s]
────────────────────────────────────────────────────────────────────────────────────────────────────────────────────────
       Test metric             DataLoader 0
────────────────────────────────────────────────────────────────────────────────────────────────────────────────────────
         metric             0.5759999752044678
         test_hr            0.5859613418579102
  test_prediction_valid     0.9829999804496765
────────────────────────────────────────────────────────────────────────────────────────────────────────────────────────
FINAL_RESULT {"method": "LLaRA", "dataset": "amazon-sports-and-outdoors", "validation": {"val_prediction_valid": 0.9819999933242798, "val_hr": 0.5773930549621582, "metric": 0.5669999718666077}, "test": {"test_prediction_valid": 0.9829999804496765, "test_hr": 0.5859613418579102, "metric": 0.5759999752044678}, "num_users": 631803, "num_items": 401572, "train_interactions": 3678023, "train_examples": 10000, "validation_examples": 1000, "test_examples": 1000, "visible_gpus": 1, "interaction_cache": "/workspace/P78123011/cache/mamba_multi_agent_data/amazon-sports-and-outdoors_fcc157f72b81.pkl", "rec_model_cache": "/workspace/P78123011/cache/llara/amazon-sports-and-outdoors_809bea1c4a40_sasrec.pt"}
