2026-09-08 18:25:32,783 | INFO | EXPERIMENT_CONFIG {"batch_size": 256, "branch_factor": 0, "cache_dir": "/workspace/P78123011/cache", "d_model": 96, "data_path": null, "dataset": "amazon:Baby_Products", "device": "cuda", "din_batch_size": 128, "din_negatives": 60, "din_steps": 20000, "eval_batch_size": 50, "eval_every_steps": 300, "eval_user_limit": 0, "kmeans_iters": 100, "log_every_steps": 100, "max_events": null, "max_train_samples": 0, "maxlen": 19, "min_history": 4, "min_rating": 4.0, "monitor_metric": "ndcg@10", "num_heads": 4, "output_dir": "/workspace/P78123011/MediaTek_2026_project/Reproduce/EAGER/outputs/Baby_Products/eager_20260908_182530_r1", "predict_candidates": 50, "seed": 2024, "semantic_backend": "t5", "semantic_batch_size": 32, "semantic_max_tokens": 64, "semantic_model_id": "google-t5/t5-base", "train_steps": 30000, "tree_workers": 1, "use_contrastive": false, "use_guide": false}
2026-09-08 18:32:41,513 | INFO | INTERACTION_CACHE miss_saved path=/workspace/P78123011/cache/mamba_multi_agent_data/amazon_Baby_Products_e6e228b87df8.pkl
2026-09-08 18:32:43,710 | INFO | DIN step=100 loss=11.501109
2026-09-08 18:32:44,353 | INFO | DIN step=200 loss=10.214703
2026-09-08 18:32:44,993 | INFO | DIN step=300 loss=10.077072
2026-09-08 18:32:45,633 | INFO | DIN step=400 loss=9.992104
2026-09-08 18:32:46,276 | INFO | DIN step=500 loss=9.889752
2026-09-08 18:32:46,915 | INFO | DIN step=600 loss=9.793221
2026-09-08 18:32:47,558 | INFO | DIN step=700 loss=9.786904
2026-09-08 18:32:48,199 | INFO | DIN step=800 loss=9.644530
2026-09-08 18:32:48,839 | INFO | DIN step=900 loss=9.628652
2026-09-08 18:32:49,475 | INFO | DIN step=1000 loss=9.526069
2026-09-08 18:32:50,114 | INFO | DIN step=1100 loss=9.506963
2026-09-08 18:32:50,756 | INFO | DIN step=1200 loss=9.455639
2026-09-08 18:32:51,399 | INFO | DIN step=1300 loss=9.465041
2026-09-08 18:32:52,039 | INFO | DIN step=1400 loss=9.438996
2026-09-08 18:32:52,676 | INFO | DIN step=1500 loss=9.416099
2026-09-08 18:32:53,316 | INFO | DIN step=1600 loss=9.380971
2026-09-08 18:32:53,957 | INFO | DIN step=1700 loss=9.339557
2026-09-08 18:32:54,598 | INFO | DIN step=1800 loss=9.345656
2026-09-08 18:32:55,238 | INFO | DIN step=1900 loss=9.390263
2026-09-08 18:32:55,878 | INFO | DIN step=2000 loss=9.300323
2026-09-08 18:32:56,519 | INFO | DIN step=2100 loss=9.198392
2026-09-08 18:32:57,158 | INFO | DIN step=2200 loss=9.257001
2026-09-08 18:32:57,799 | INFO | DIN step=2300 loss=9.217307
2026-09-08 18:32:58,439 | INFO | DIN step=2400 loss=9.160506
2026-09-08 18:32:59,080 | INFO | DIN step=2500 loss=9.115442
2026-09-08 18:32:59,721 | INFO | DIN step=2600 loss=9.097482
2026-09-08 18:33:00,361 | INFO | DIN step=2700 loss=9.142317
2026-09-08 18:33:01,000 | INFO | DIN step=2800 loss=9.113329
2026-09-08 18:33:01,642 | INFO | DIN step=2900 loss=9.106000
2026-09-08 18:33:02,282 | INFO | DIN step=3000 loss=9.064737
2026-09-08 18:33:02,921 | INFO | DIN step=3100 loss=9.067188
2026-09-08 18:33:03,562 | INFO | DIN step=3200 loss=8.971954
2026-09-08 18:33:04,201 | INFO | DIN step=3300 loss=8.989926
2026-09-08 18:33:04,843 | INFO | DIN step=3400 loss=8.983469
2026-09-08 18:33:05,485 | INFO | DIN step=3500 loss=8.936104
2026-09-08 18:33:06,148 | INFO | DIN step=3600 loss=8.924503
2026-09-08 18:33:06,788 | INFO | DIN step=3700 loss=8.743733
2026-09-08 18:33:07,430 | INFO | DIN step=3800 loss=8.737921
2026-09-08 18:33:08,070 | INFO | DIN step=3900 loss=8.759995
2026-09-08 18:33:08,712 | INFO | DIN step=4000 loss=8.722183
2026-09-08 18:33:09,354 | INFO | DIN step=4100 loss=8.695620
2026-09-08 18:33:09,996 | INFO | DIN step=4200 loss=8.735001
2026-09-08 18:33:10,639 | INFO | DIN step=4300 loss=8.712936
2026-09-08 18:33:11,279 | INFO | DIN step=4400 loss=8.751099
2026-09-08 18:33:11,921 | INFO | DIN step=4500 loss=8.732449
2026-09-08 18:33:12,561 | INFO | DIN step=4600 loss=8.640185
2026-09-08 18:33:13,199 | INFO | DIN step=4700 loss=8.697065
2026-09-08 18:33:13,845 | INFO | DIN step=4800 loss=8.670478
2026-09-08 18:33:14,470 | INFO | DIN step=4900 loss=8.701472
2026-09-08 18:33:15,091 | INFO | DIN step=5000 loss=8.726205
2026-09-08 18:33:15,721 | INFO | DIN step=5100 loss=8.652888
2026-09-08 18:33:16,362 | INFO | DIN step=5200 loss=8.601085
2026-09-08 18:33:17,003 | INFO | DIN step=5300 loss=8.648183
2026-09-08 18:33:17,644 | INFO | DIN step=5400 loss=8.575065
2026-09-08 18:33:18,282 | INFO | DIN step=5500 loss=8.594761
2026-09-08 18:33:18,924 | INFO | DIN step=5600 loss=8.667465
2026-09-08 18:33:19,566 | INFO | DIN step=5700 loss=8.548868
2026-09-08 18:33:20,206 | INFO | DIN step=5800 loss=8.498435
2026-09-08 18:33:20,850 | INFO | DIN step=5900 loss=8.503176
2026-09-08 18:33:21,493 | INFO | DIN step=6000 loss=8.520545
2026-09-08 18:33:22,132 | INFO | DIN step=6100 loss=8.498104
2026-09-08 18:33:22,774 | INFO | DIN step=6200 loss=8.554556
2026-09-08 18:33:23,413 | INFO | DIN step=6300 loss=8.467612
2026-09-08 18:33:24,055 | INFO | DIN step=6400 loss=8.458415
2026-09-08 18:33:24,699 | INFO | DIN step=6500 loss=8.450578
2026-09-08 18:33:25,335 | INFO | DIN step=6600 loss=8.426906
2026-09-08 18:33:25,978 | INFO | DIN step=6700 loss=8.432188
2026-09-08 18:33:26,617 | INFO | DIN step=6800 loss=8.400538
2026-09-08 18:33:27,258 | INFO | DIN step=6900 loss=8.333424
2026-09-08 18:33:27,899 | INFO | DIN step=7000 loss=8.371657
2026-09-08 18:33:28,544 | INFO | DIN step=7100 loss=8.264722
2026-09-08 18:33:29,202 | INFO | DIN step=7200 loss=8.167943
2026-09-08 18:33:29,843 | INFO | DIN step=7300 loss=7.852190
2026-09-08 18:33:30,489 | INFO | DIN step=7400 loss=7.825601
2026-09-08 18:33:31,131 | INFO | DIN step=7500 loss=7.761154
2026-09-08 18:33:31,770 | INFO | DIN step=7600 loss=7.848636
2026-09-08 18:33:32,411 | INFO | DIN step=7700 loss=7.867244
2026-09-08 18:33:33,052 | INFO | DIN step=7800 loss=7.821491
2026-09-08 18:33:33,694 | INFO | DIN step=7900 loss=7.867721
2026-09-08 18:33:34,336 | INFO | DIN step=8000 loss=7.847586
2026-09-08 18:33:34,978 | INFO | DIN step=8100 loss=7.841978
2026-09-08 18:33:35,620 | INFO | DIN step=8200 loss=7.878002
2026-09-08 18:33:36,258 | INFO | DIN step=8300 loss=7.840364
2026-09-08 18:33:36,900 | INFO | DIN step=8400 loss=7.844961
2026-09-08 18:33:37,543 | INFO | DIN step=8500 loss=7.736438
2026-09-08 18:33:38,185 | INFO | DIN step=8600 loss=7.863571
2026-09-08 18:33:38,829 | INFO | DIN step=8700 loss=7.811469
2026-09-08 18:33:39,469 | INFO | DIN step=8800 loss=7.846356
2026-09-08 18:33:40,110 | INFO | DIN step=8900 loss=7.805242
2026-09-08 18:33:40,751 | INFO | DIN step=9000 loss=7.776071
2026-09-08 18:33:41,394 | INFO | DIN step=9100 loss=7.816297
2026-09-08 18:33:42,037 | INFO | DIN step=9200 loss=7.730441
2026-09-08 18:33:42,676 | INFO | DIN step=9300 loss=7.813374
2026-09-08 18:33:43,315 | INFO | DIN step=9400 loss=7.742806
2026-09-08 18:33:43,956 | INFO | DIN step=9500 loss=7.798388
2026-09-08 18:33:44,588 | INFO | DIN step=9600 loss=7.778084
2026-09-08 18:33:45,211 | INFO | DIN step=9700 loss=7.825819
2026-09-08 18:33:45,832 | INFO | DIN step=9800 loss=7.778569
2026-09-08 18:33:46,451 | INFO | DIN step=9900 loss=7.747134
2026-09-08 18:33:47,074 | INFO | DIN step=10000 loss=7.725269
2026-09-08 18:33:47,702 | INFO | DIN step=10100 loss=7.811128
2026-09-08 18:33:48,342 | INFO | DIN step=10200 loss=7.789508
2026-09-08 18:33:48,983 | INFO | DIN step=10300 loss=7.831050
2026-09-08 18:33:49,606 | INFO | DIN step=10400 loss=7.734075
2026-09-08 18:33:50,232 | INFO | DIN step=10500 loss=7.744463
2026-09-08 18:33:50,853 | INFO | DIN step=10600 loss=7.680179
2026-09-08 18:33:51,471 | INFO | DIN step=10700 loss=7.660882
2026-09-08 18:33:52,112 | INFO | DIN step=10800 loss=7.358209
2026-09-08 18:33:52,734 | INFO | DIN step=10900 loss=6.913926
2026-09-08 18:33:53,356 | INFO | DIN step=11000 loss=6.876719
2026-09-08 18:33:53,979 | INFO | DIN step=11100 loss=6.932877
2026-09-08 18:33:54,598 | INFO | DIN step=11200 loss=7.017357
2026-09-08 18:33:55,219 | INFO | DIN step=11300 loss=6.914713
2026-09-08 18:33:55,849 | INFO | DIN step=11400 loss=6.917617
2026-09-08 18:33:56,489 | INFO | DIN step=11500 loss=7.056354
2026-09-08 18:33:57,130 | INFO | DIN step=11600 loss=7.023696
2026-09-08 18:33:57,773 | INFO | DIN step=11700 loss=7.073888
2026-09-08 18:33:58,415 | INFO | DIN step=11800 loss=7.011093
2026-09-08 18:33:59,056 | INFO | DIN step=11900 loss=7.079401
2026-09-08 18:33:59,695 | INFO | DIN step=12000 loss=6.986537
2026-09-08 18:34:00,337 | INFO | DIN step=12100 loss=7.074097
2026-09-08 18:34:00,977 | INFO | DIN step=12200 loss=7.035326
2026-09-08 18:34:01,619 | INFO | DIN step=12300 loss=7.092812
2026-09-08 18:34:02,261 | INFO | DIN step=12400 loss=7.103358
2026-09-08 18:34:02,902 | INFO | DIN step=12500 loss=7.069399
2026-09-08 18:34:03,543 | INFO | DIN step=12600 loss=7.131802
2026-09-08 18:34:04,183 | INFO | DIN step=12700 loss=7.094179
2026-09-08 18:34:04,822 | INFO | DIN step=12800 loss=7.065486
2026-09-08 18:34:05,464 | INFO | DIN step=12900 loss=7.045694
2026-09-08 18:34:06,105 | INFO | DIN step=13000 loss=7.008740
2026-09-08 18:34:06,744 | INFO | DIN step=13100 loss=7.082447
2026-09-08 18:34:07,386 | INFO | DIN step=13200 loss=7.046700
2026-09-08 18:34:08,029 | INFO | DIN step=13300 loss=7.118677
2026-09-08 18:34:08,669 | INFO | DIN step=13400 loss=7.128773
2026-09-08 18:34:09,312 | INFO | DIN step=13500 loss=7.026555
2026-09-08 18:34:09,954 | INFO | DIN step=13600 loss=7.079008
2026-09-08 18:34:10,600 | INFO | DIN step=13700 loss=7.154919
2026-09-08 18:34:11,243 | INFO | DIN step=13800 loss=7.134869
2026-09-08 18:34:11,884 | INFO | DIN step=13900 loss=7.160345
2026-09-08 18:34:12,527 | INFO | DIN step=14000 loss=7.059205
2026-09-08 18:34:13,168 | INFO | DIN step=14100 loss=7.074465
2026-09-08 18:34:13,807 | INFO | DIN step=14200 loss=7.130858
2026-09-08 18:34:14,451 | INFO | DIN step=14300 loss=7.069648
2026-09-08 18:34:15,112 | INFO | DIN step=14400 loss=6.545915
2026-09-08 18:34:15,757 | INFO | DIN step=14500 loss=6.081213
2026-09-08 18:34:16,399 | INFO | DIN step=14600 loss=6.189740
2026-09-08 18:34:17,040 | INFO | DIN step=14700 loss=6.192498
2026-09-08 18:34:17,678 | INFO | DIN step=14800 loss=6.221621
2026-09-08 18:34:18,321 | INFO | DIN step=14900 loss=6.213317
2026-09-08 18:34:18,961 | INFO | DIN step=15000 loss=6.250569
2026-09-08 18:34:19,599 | INFO | DIN step=15100 loss=6.240000
2026-09-08 18:34:20,242 | INFO | DIN step=15200 loss=6.252086
2026-09-08 18:34:20,883 | INFO | DIN step=15300 loss=6.290395
2026-09-08 18:34:21,525 | INFO | DIN step=15400 loss=6.256657
2026-09-08 18:34:22,172 | INFO | DIN step=15500 loss=6.307861
2026-09-08 18:34:22,814 | INFO | DIN step=15600 loss=6.291723
2026-09-08 18:34:23,455 | INFO | DIN step=15700 loss=6.367637
2026-09-08 18:34:24,094 | INFO | DIN step=15800 loss=6.386626
2026-09-08 18:34:24,740 | INFO | DIN step=15900 loss=6.399033
2026-09-08 18:34:25,382 | INFO | DIN step=16000 loss=6.332209
2026-09-08 18:34:26,021 | INFO | DIN step=16100 loss=6.418828
2026-09-08 18:34:26,662 | INFO | DIN step=16200 loss=6.460480
2026-09-08 18:34:27,305 | INFO | DIN step=16300 loss=6.312634
2026-09-08 18:34:27,945 | INFO | DIN step=16400 loss=6.466137
2026-09-08 18:34:28,584 | INFO | DIN step=16500 loss=6.541139
2026-09-08 18:34:29,227 | INFO | DIN step=16600 loss=6.436211
2026-09-08 18:34:29,871 | INFO | DIN step=16700 loss=6.319375
2026-09-08 18:34:30,513 | INFO | DIN step=16800 loss=6.506323
2026-09-08 18:34:31,153 | INFO | DIN step=16900 loss=6.463651
2026-09-08 18:34:31,792 | INFO | DIN step=17000 loss=6.440935
2026-09-08 18:34:32,431 | INFO | DIN step=17100 loss=6.477922
2026-09-08 18:34:33,074 | INFO | DIN step=17200 loss=6.461215
2026-09-08 18:34:33,716 | INFO | DIN step=17300 loss=6.442514
2026-09-08 18:34:34,356 | INFO | DIN step=17400 loss=6.515529
2026-09-08 18:34:34,998 | INFO | DIN step=17500 loss=6.446748
2026-09-08 18:34:35,639 | INFO | DIN step=17600 loss=6.515615
2026-09-08 18:34:36,281 | INFO | DIN step=17700 loss=6.497285
2026-09-08 18:34:36,921 | INFO | DIN step=17800 loss=6.457929
2026-09-08 18:34:37,563 | INFO | DIN step=17900 loss=6.519634
2026-09-08 18:34:38,223 | INFO | DIN step=18000 loss=5.749939
2026-09-08 18:34:38,864 | INFO | DIN step=18100 loss=5.419276
2026-09-08 18:34:39,504 | INFO | DIN step=18200 loss=5.387715
2026-09-08 18:34:40,145 | INFO | DIN step=18300 loss=5.435685
2026-09-08 18:34:40,788 | INFO | DIN step=18400 loss=5.496015
2026-09-08 18:34:41,429 | INFO | DIN step=18500 loss=5.556392
2026-09-08 18:34:42,070 | INFO | DIN step=18600 loss=5.443704
2026-09-08 18:34:42,713 | INFO | DIN step=18700 loss=5.479673
2026-09-08 18:34:43,355 | INFO | DIN step=18800 loss=5.509232
2026-09-08 18:34:43,994 | INFO | DIN step=18900 loss=5.530825
2026-09-08 18:34:44,638 | INFO | DIN step=19000 loss=5.592963
2026-09-08 18:34:45,279 | INFO | DIN step=19100 loss=5.646367
2026-09-08 18:34:45,922 | INFO | DIN step=19200 loss=5.641475
2026-09-08 18:34:46,559 | INFO | DIN step=19300 loss=5.654870
2026-09-08 18:34:47,203 | INFO | DIN step=19400 loss=5.670905
2026-09-08 18:34:47,847 | INFO | DIN step=19500 loss=5.611819
2026-09-08 18:34:48,488 | INFO | DIN step=19600 loss=5.726185
2026-09-08 18:34:49,129 | INFO | DIN step=19700 loss=5.653809
2026-09-08 18:34:49,773 | INFO | DIN step=19800 loss=5.714171
2026-09-08 18:34:50,411 | INFO | DIN step=19900 loss=5.709002
2026-09-08 18:34:51,054 | INFO | DIN step=20000 loss=5.683403
2026-09-08 18:34:51,079 | INFO | DIN_CACHE saved path=/workspace/P78123011/cache/eager/amazon_Baby_Products/din_steps20000_seed2024.pt
2026-09-08 18:37:07,548 | INFO | TRAIN step=100 loss=11.204093 lr=5.0095e-05
2026-09-08 18:37:17,548 | INFO | TRAIN step=200 loss=10.783059 lr=0.00010009
2026-09-08 18:37:27,505 | INFO | TRAIN step=300 loss=10.306671 lr=0.000150085
2026-09-08 18:43:47,990 | INFO | VALID step=300 ndcg@10=0.007766 metrics={"evaluated_users": 184584, "hit@10": 0.016198587093139167, "hit@5": 0.009177393490226672, "ndcg@10": 0.0077663305763622376, "ndcg@5": 0.005526047079291882, "recall@10": 0.016198587093139167, "recall@5": 0.009177393490226672, "users_per_second": 486.10443486796896}
2026-09-08 18:43:58,174 | INFO | TRAIN step=400 loss=9.995618 lr=0.00020008
2026-09-08 18:44:08,334 | INFO | TRAIN step=500 loss=9.837746 lr=0.000250075
2026-09-08 18:44:18,262 | INFO | TRAIN step=600 loss=9.728101 lr=0.00030007
2026-09-08 18:51:17,736 | INFO | VALID step=600 ndcg@10=0.008761 metrics={"evaluated_users": 184584, "hit@10": 0.01870693017813028, "hit@5": 0.009713734668226932, "ndcg@10": 0.008761207112764593, "ndcg@5": 0.0058876080169099915, "recall@10": 0.01870693017813028, "recall@5": 0.009713734668226932, "users_per_second": 440.87108076599907}
2026-09-08 18:51:27,810 | INFO | TRAIN step=700 loss=9.610253 lr=0.000350065
2026-09-08 18:51:37,846 | INFO | TRAIN step=800 loss=9.566966 lr=0.00040006
2026-09-08 18:51:47,915 | INFO | TRAIN step=900 loss=9.503778 lr=0.000450055
2026-09-08 18:58:34,821 | INFO | VALID step=900 ndcg@10=0.009363 metrics={"evaluated_users": 184584, "hit@10": 0.01956832661552464, "hit@5": 0.01079725219954059, "ndcg@10": 0.009363365387325264, "ndcg@5": 0.006556595531090053, "recall@10": 0.01956832661552464, "recall@5": 0.01079725219954059, "users_per_second": 454.32135456032927}
2026-09-08 18:58:44,959 | INFO | TRAIN step=1000 loss=9.468712 lr=0.00050005
2026-09-08 18:58:54,993 | INFO | TRAIN step=1100 loss=9.426588 lr=0.000550045
2026-09-08 18:59:04,999 | INFO | TRAIN step=1200 loss=9.386354 lr=0.00060004
2026-09-08 19:05:57,079 | INFO | VALID step=1200 ndcg@10=0.009701 metrics={"evaluated_users": 184584, "hit@10": 0.020429723052918996, "hit@5": 0.01120357127378321, "ndcg@10": 0.009701317283557128, "ndcg@5": 0.006728198150802227, "recall@10": 0.020429723052918996, "recall@5": 0.01120357127378321, "users_per_second": 448.7793488471348}
2026-09-08 19:06:07,213 | INFO | TRAIN step=1300 loss=9.375229 lr=0.000650035
2026-09-08 19:06:17,255 | INFO | TRAIN step=1400 loss=9.332291 lr=0.00070003
2026-09-08 19:06:27,297 | INFO | TRAIN step=1500 loss=9.284545 lr=0.000750025
2026-09-08 19:13:25,159 | INFO | VALID step=1500 ndcg@10=0.010138 metrics={"evaluated_users": 184584, "hit@10": 0.020695184848090842, "hit@5": 0.011804923503662289, "ndcg@10": 0.010137635545159987, "ndcg@5": 0.0072872084254843265, "recall@10": 0.020695184848090842, "recall@5": 0.011804923503662289, "users_per_second": 442.55578292150443}
2026-09-08 19:13:35,306 | INFO | TRAIN step=1600 loss=9.279293 lr=0.00080002
2026-09-08 19:13:45,342 | INFO | TRAIN step=1700 loss=9.264485 lr=0.000850015
2026-09-08 19:13:55,369 | INFO | TRAIN step=1800 loss=9.204080 lr=0.00090001
2026-09-08 19:20:50,039 | INFO | VALID step=1800 ndcg@10=0.010181 metrics={"evaluated_users": 184584, "hit@10": 0.021096086334676894, "hit@5": 0.011983703896329042, "ndcg@10": 0.010181026996570017, "ndcg@5": 0.007257251594746439, "recall@10": 0.021096086334676894, "recall@5": 0.011983703896329042, "users_per_second": 445.9734087846438}
2026-09-08 19:21:00,197 | INFO | TRAIN step=1900 loss=9.001821 lr=0.000950005
2026-09-08 19:21:10,231 | INFO | TRAIN step=2000 loss=9.017146 lr=0.001
2026-09-08 19:21:20,258 | INFO | TRAIN step=2100 loss=9.023574 lr=0.00097590007
2026-09-08 19:28:17,376 | INFO | VALID step=2100 ndcg@10=0.010080 metrics={"evaluated_users": 184584, "hit@10": 0.020890218003727302, "hit@5": 0.011555714471460149, "ndcg@10": 0.010079529910651665, "ndcg@5": 0.007091547188670119, "recall@10": 0.020890218003727302, "recall@5": 0.011555714471460149, "users_per_second": 443.3489713900702}
2026-09-08 19:28:27,395 | INFO | TRAIN step=2200 loss=9.014819 lr=0.00095346259
2026-09-08 19:28:37,436 | INFO | TRAIN step=2300 loss=9.010730 lr=0.00093250481
2026-09-08 19:28:47,496 | INFO | TRAIN step=2400 loss=8.978267 lr=0.00091287093
2026-09-08 19:35:48,064 | INFO | VALID step=2400 ndcg@10=0.011340 metrics={"evaluated_users": 184584, "hit@10": 0.02299765960213236, "hit@5": 0.013386859099380227, "ndcg@10": 0.01134011043111379, "ndcg@5": 0.008273363881875379, "recall@10": 0.02299765960213236, "recall@5": 0.013386859099380227, "users_per_second": 439.72335739176293}
2026-09-08 19:35:58,231 | INFO | TRAIN step=2500 loss=8.965394 lr=0.00089442719
2026-09-08 19:36:08,272 | INFO | TRAIN step=2600 loss=8.957882 lr=0.00087705802
2026-09-08 19:36:18,326 | INFO | TRAIN step=2700 loss=8.929893 lr=0.00086066297
2026-09-08 19:43:15,841 | INFO | VALID step=2700 ndcg@10=0.011362 metrics={"evaluated_users": 184584, "hit@10": 0.02325770380964764, "hit@5": 0.013045551077016427, "ndcg@10": 0.01136193955433203, "ndcg@5": 0.008094018608092337, "recall@10": 0.02325770380964764, "recall@5": 0.013045551077016427, "users_per_second": 442.94586258314934}
2026-09-08 19:43:26,014 | INFO | TRAIN step=2800 loss=8.937857 lr=0.00084515425
2026-09-08 19:43:36,036 | INFO | TRAIN step=2900 loss=8.937355 lr=0.0008304548
2026-09-08 19:43:46,093 | INFO | TRAIN step=3000 loss=8.904030 lr=0.00081649658
2026-09-08 19:50:44,657 | INFO | VALID step=3000 ndcg@10=0.011747 metrics={"evaluated_users": 184584, "hit@10": 0.024357474103931003, "hit@5": 0.013749837472370303, "ndcg@10": 0.011747269986403169, "ndcg@5": 0.008357210372321122, "recall@10": 0.024357474103931003, "recall@5": 0.013749837472370303, "users_per_second": 441.84408342853294}
2026-09-08 19:50:54,793 | INFO | TRAIN step=3100 loss=8.905128 lr=0.00080321933
2026-09-08 19:51:04,703 | INFO | TRAIN step=3200 loss=8.889925 lr=0.00079056942
2026-09-08 19:51:14,606 | INFO | TRAIN step=3300 loss=8.867053 lr=0.00077849894
2026-09-08 19:58:13,932 | INFO | VALID step=3300 ndcg@10=0.012634 metrics={"evaluated_users": 184584, "hit@10": 0.025663112729163957, "hit@5": 0.014752091188835435, "ndcg@10": 0.012634173790968678, "ndcg@5": 0.009147074904419999, "recall@10": 0.025663112729163957, "recall@5": 0.014752091188835435, "users_per_second": 440.84063957018026}
2026-09-08 19:58:24,073 | INFO | TRAIN step=3400 loss=8.881602 lr=0.00076696499
2026-09-08 19:58:34,096 | INFO | TRAIN step=3500 loss=8.839895 lr=0.00075592895
2026-09-08 19:58:44,130 | INFO | TRAIN step=3600 loss=8.826936 lr=0.00074535599
2026-09-08 20:05:45,878 | INFO | VALID step=3600 ndcg@10=0.013112 metrics={"evaluated_users": 184584, "hit@10": 0.025977332813244918, "hit@5": 0.015071728860572965, "ndcg@10": 0.013111504986870342, "ndcg@5": 0.009617835992714574, "recall@10": 0.025977332813244918, "recall@5": 0.015071728860572965, "users_per_second": 438.46722558908164}
2026-09-08 20:05:56,011 | INFO | TRAIN step=3700 loss=8.552508 lr=0.00073521462
2026-09-08 20:06:06,013 | INFO | TRAIN step=3800 loss=8.568933 lr=0.00072547625
2026-09-08 20:06:16,033 | INFO | TRAIN step=3900 loss=8.539277 lr=0.00071611487
2026-09-08 20:13:16,265 | INFO | VALID step=3900 ndcg@10=0.012823 metrics={"evaluated_users": 184584, "hit@10": 0.025874398647770122, "hit@5": 0.014762926364148572, "ndcg@10": 0.0128233301488658, "ndcg@5": 0.009267261319497346, "recall@10": 0.025874398647770122, "recall@5": 0.014762926364148572, "users_per_second": 440.0581552930374}
2026-09-08 20:13:26,311 | INFO | TRAIN step=4000 loss=8.580103 lr=0.00070710678
2026-09-08 20:13:36,368 | INFO | TRAIN step=4100 loss=8.593786 lr=0.0006984303
2026-09-08 20:13:46,427 | INFO | TRAIN step=4200 loss=8.597739 lr=0.00069006556
2026-09-08 20:20:47,862 | INFO | VALID step=4200 ndcg@10=0.012793 metrics={"evaluated_users": 184584, "hit@10": 0.025663112729163957, "hit@5": 0.014963377107441599, "ndcg@10": 0.012793154791464, "ndcg@5": 0.009369867144416046, "recall@10": 0.025663112729163957, "recall@5": 0.014963377107441599, "users_per_second": 438.78189917661507}
2026-09-08 20:20:57,888 | INFO | TRAIN step=4300 loss=8.598532 lr=0.00068199434
2026-09-08 20:21:07,910 | INFO | TRAIN step=4400 loss=8.598631 lr=0.00067419986
2026-09-08 20:21:17,918 | INFO | TRAIN step=4500 loss=8.595600 lr=0.00066666667
2026-09-08 20:28:20,770 | INFO | VALID step=4500 ndcg@10=0.013139 metrics={"evaluated_users": 184584, "hit@10": 0.026215706670133922, "hit@5": 0.015353443418714514, "ndcg@10": 0.013138948045579872, "ndcg@5": 0.009669941921811696, "recall@10": 0.026215706670133922, "recall@5": 0.015353443418714514, "users_per_second": 437.30958863162044}
2026-09-08 20:28:30,888 | INFO | TRAIN step=4600 loss=8.609677 lr=0.00065938047
2026-09-08 20:28:40,841 | INFO | TRAIN step=4700 loss=8.609459 lr=0.00065232807
2026-09-08 20:28:50,855 | INFO | TRAIN step=4800 loss=8.603226 lr=0.00064549722
2026-09-08 20:35:51,683 | INFO | VALID step=4800 ndcg@10=0.013304 metrics={"evaluated_users": 184584, "hit@10": 0.026643696095002816, "hit@5": 0.015315520305118537, "ndcg@10": 0.013304474428648355, "ndcg@5": 0.009677569560103157, "recall@10": 0.026643696095002816, "recall@5": 0.015315520305118537, "users_per_second": 439.26287324515454}
2026-09-08 20:36:01,848 | INFO | TRAIN step=4900 loss=8.619574 lr=0.00063887656
2026-09-08 20:36:11,909 | INFO | TRAIN step=5000 loss=8.603337 lr=0.00063245553
2026-09-08 20:36:21,991 | INFO | TRAIN step=5100 loss=8.588951 lr=0.00062622429
2026-09-08 20:43:23,618 | INFO | VALID step=5100 ndcg@10=0.013374 metrics={"evaluated_users": 184584, "hit@10": 0.026768300611103888, "hit@5": 0.015580982100290382, "ndcg@10": 0.013373619207562158, "ndcg@5": 0.00978191903255873, "recall@10": 0.026768300611103888, "recall@5": 0.015580982100290382, "users_per_second": 438.5784981446099}
2026-09-08 20:43:33,878 | INFO | TRAIN step=5200 loss=8.620552 lr=0.00062017367
2026-09-08 20:43:43,915 | INFO | TRAIN step=5300 loss=8.593748 lr=0.00061429512
2026-09-08 20:43:53,997 | INFO | TRAIN step=5400 loss=8.522116 lr=0.00060858062
2026-09-08 20:50:58,359 | INFO | VALID step=5400 ndcg@10=0.013415 metrics={"evaluated_users": 184584, "hit@10": 0.026687036796255365, "hit@5": 0.015792268018896546, "ndcg@10": 0.013414992217338589, "ndcg@5": 0.009928352425261541, "recall@10": 0.026687036796255365, "recall@5": 0.015792268018896546, "users_per_second": 435.7924447686888}
2026-09-08 20:51:08,530 | INFO | TRAIN step=5500 loss=8.246386 lr=0.00060302269
2026-09-08 20:51:18,554 | INFO | TRAIN step=5600 loss=8.246439 lr=0.0005976143
2026-09-08 20:51:28,591 | INFO | TRAIN step=5700 loss=8.283415 lr=0.00059234888
2026-09-08 20:58:33,633 | INFO | VALID step=5700 ndcg@10=0.013312 metrics={"evaluated_users": 184584, "hit@10": 0.0265949378060937, "hit@5": 0.015423872058249903, "ndcg@10": 0.013312324651779365, "ndcg@5": 0.009737177140991178, "recall@10": 0.0265949378060937, "recall@5": 0.015423872058249903, "users_per_second": 434.906084204637}
2026-09-08 20:58:43,691 | INFO | TRAIN step=5800 loss=8.310251 lr=0.00058722022
2026-09-08 20:58:53,754 | INFO | TRAIN step=5900 loss=8.309918 lr=0.00058222251
2026-09-08 20:59:03,807 | INFO | TRAIN step=6000 loss=8.329853 lr=0.00057735027
2026-09-08 21:06:08,773 | INFO | VALID step=6000 ndcg@10=0.013405 metrics={"evaluated_users": 184584, "hit@10": 0.026334893598578425, "hit@5": 0.01549430069778529, "ndcg@10": 0.013405336837306514, "ndcg@5": 0.00993092545439965, "recall@10": 0.026334893598578425, "recall@5": 0.01549430069778529, "users_per_second": 435.1431569460058}
2026-09-08 21:06:18,819 | INFO | TRAIN step=6100 loss=8.335157 lr=0.00057259833
2026-09-08 21:06:28,854 | INFO | TRAIN step=6200 loss=8.351612 lr=0.00056796183
2026-09-08 21:06:38,878 | INFO | TRAIN step=6300 loss=8.362613 lr=0.00056343617
2026-09-08 21:13:42,809 | INFO | VALID step=6300 ndcg@10=0.013720 metrics={"evaluated_users": 184584, "hit@10": 0.027250465912538466, "hit@5": 0.01606856498938153, "ndcg@10": 0.01372039191734903, "ndcg@5": 0.010150534526859697, "recall@10": 0.027250465912538466, "recall@5": 0.01606856498938153, "users_per_second": 436.2084161971619}
2026-09-08 21:13:52,940 | INFO | TRAIN step=6400 loss=8.350184 lr=0.00055901699
2026-09-08 21:14:02,986 | INFO | TRAIN step=6500 loss=8.348294 lr=0.0005547002
2026-09-08 21:14:13,003 | INFO | TRAIN step=6600 loss=8.383253 lr=0.00055048188
2026-09-08 21:21:16,866 | INFO | VALID step=6600 ndcg@10=0.013998 metrics={"evaluated_users": 184584, "hit@10": 0.02786265331773068, "hit@5": 0.016399037836432193, "ndcg@10": 0.01399755381603743, "ndcg@5": 0.010316445138620697, "recall@10": 0.02786265331773068, "recall@5": 0.016399037836432193, "users_per_second": 436.11404443137354}
2026-09-08 21:21:27,004 | INFO | TRAIN step=6700 loss=8.380221 lr=0.00054635836
2026-09-08 21:21:37,035 | INFO | TRAIN step=6800 loss=8.349181 lr=0.00054232614
2026-09-08 21:21:47,081 | INFO | TRAIN step=6900 loss=8.375412 lr=0.0005383819
2026-09-08 21:28:51,117 | INFO | VALID step=6900 ndcg@10=0.014045 metrics={"evaluated_users": 184584, "hit@10": 0.027472587006457765, "hit@5": 0.01663199410566463, "ndcg@10": 0.014044607292083185, "ndcg@5": 0.010560950419581824, "recall@10": 0.027472587006457765, "recall@5": 0.01663199410566463, "users_per_second": 436.10152761212277}
2026-09-08 21:29:01,415 | INFO | TRAIN step=7000 loss=8.376773 lr=0.00053452248
2026-09-08 21:29:11,470 | INFO | TRAIN step=7100 loss=8.394882 lr=0.00053074489
2026-09-08 21:29:21,548 | INFO | TRAIN step=7200 loss=8.254390 lr=0.00052704628
2026-09-08 21:36:27,949 | INFO | VALID step=7200 ndcg@10=0.013570 metrics={"evaluated_users": 184584, "hit@10": 0.0265949378060937, "hit@5": 0.015960213236250163, "ndcg@10": 0.013569559756603991, "ndcg@5": 0.01015701109461025, "recall@10": 0.0265949378060937, "recall@5": 0.015960213236250163, "users_per_second": 433.70696579897174}
2026-09-08 21:36:37,961 | INFO | TRAIN step=7300 loss=7.977833 lr=0.00052342392
2026-09-08 21:36:48,008 | INFO | TRAIN step=7400 loss=8.000968 lr=0.00051987524
2026-09-08 21:36:58,046 | INFO | TRAIN step=7500 loss=8.027762 lr=0.00051639778
2026-09-08 21:44:04,193 | INFO | VALID step=7500 ndcg@10=0.013640 metrics={"evaluated_users": 184584, "hit@10": 0.026784553374073594, "hit@5": 0.01587353183374507, "ndcg@10": 0.013639800822133508, "ndcg@5": 0.010139957306469976, "recall@10": 0.026784553374073594, "recall@5": 0.01587353183374507, "users_per_second": 433.77859680782257}
2026-09-08 21:44:14,249 | INFO | TRAIN step=7600 loss=8.047509 lr=0.00051298918
2026-09-08 21:44:24,279 | INFO | TRAIN step=7700 loss=8.050484 lr=0.00050964719
2026-09-08 21:44:34,251 | INFO | TRAIN step=7800 loss=8.089278 lr=0.00050636968
2026-09-08 21:51:40,297 | INFO | VALID step=7800 ndcg@10=0.014066 metrics={"evaluated_users": 184584, "hit@10": 0.027570103584275994, "hit@5": 0.01640987301174533, "ndcg@10": 0.01406624635395292, "ndcg@5": 0.010485733668696795, "recall@10": 0.027570103584275994, "recall@5": 0.01640987301174533, "users_per_second": 434.0416368950861}
2026-09-08 21:51:50,316 | INFO | TRAIN step=7900 loss=8.093702 lr=0.00050315461
2026-09-08 21:52:00,242 | INFO | TRAIN step=8000 loss=8.122064 lr=0.0005
2026-09-08 21:52:10,198 | INFO | TRAIN step=8100 loss=8.122821 lr=0.00049690399
2026-09-08 21:59:16,844 | INFO | VALID step=8100 ndcg@10=0.014110 metrics={"evaluated_users": 184584, "hit@10": 0.027857235730074113, "hit@5": 0.016371949898149354, "ndcg@10": 0.014110081674909068, "ndcg@5": 0.010429395507214775, "recall@10": 0.027857235730074113, "recall@5": 0.016371949898149354, "users_per_second": 433.4252093186519}
2026-09-08 21:59:26,952 | INFO | TRAIN step=8200 loss=8.133562 lr=0.0004938648
2026-09-08 21:59:36,955 | INFO | TRAIN step=8300 loss=8.142768 lr=0.00049088069
2026-09-08 21:59:46,966 | INFO | TRAIN step=8400 loss=8.165781 lr=0.00048795004
2026-09-08 22:06:52,805 | INFO | VALID step=8400 ndcg@10=0.014227 metrics={"evaluated_users": 184584, "hit@10": 0.028225631690720756, "hit@5": 0.016588653404412082, "ndcg@10": 0.01422746965574403, "ndcg@5": 0.010497641421092392, "recall@10": 0.028225631690720756, "recall@5": 0.016588653404412082, "users_per_second": 434.08720822669346}
2026-09-08 22:07:02,933 | INFO | TRAIN step=8500 loss=8.157440 lr=0.00048507125
2026-09-08 22:07:12,996 | INFO | TRAIN step=8600 loss=8.162520 lr=0.00048224282
2026-09-08 22:07:23,040 | INFO | TRAIN step=8700 loss=8.152582 lr=0.0004794633
2026-09-08 22:14:29,461 | INFO | VALID step=8700 ndcg@10=0.014003 metrics={"evaluated_users": 184584, "hit@10": 0.027505092532397173, "hit@5": 0.01640987301174533, "ndcg@10": 0.01400277440049225, "ndcg@5": 0.010446005032567084, "recall@10": 0.027505092532397173, "recall@5": 0.01640987301174533, "users_per_second": 433.6484223843593}
2026-09-08 22:14:39,653 | INFO | TRAIN step=8800 loss=8.171049 lr=0.00047673129
2026-09-08 22:14:49,711 | INFO | TRAIN step=8900 loss=8.181069 lr=0.00047404546
2026-09-08 22:14:59,781 | INFO | TRAIN step=9000 loss=8.020432 lr=0.00047140452
2026-09-08 22:22:06,539 | INFO | VALID step=9000 ndcg@10=0.013721 metrics={"evaluated_users": 184584, "hit@10": 0.02654076192952802, "hit@5": 0.015965630823906733, "ndcg@10": 0.013720784040152553, "ndcg@5": 0.0103210820881715, "recall@10": 0.02654076192952802, "recall@5": 0.015965630823906733, "users_per_second": 433.3342219124073}
2026-09-08 22:22:16,555 | INFO | TRAIN step=9100 loss=7.740853 lr=0.00046880723
2026-09-08 22:22:26,606 | INFO | TRAIN step=9200 loss=7.756637 lr=0.0004662524
2026-09-08 22:22:36,659 | INFO | TRAIN step=9300 loss=7.782611 lr=0.0004637389
2026-09-08 22:29:43,504 | INFO | VALID step=9300 ndcg@10=0.013346 metrics={"evaluated_users": 184584, "hit@10": 0.025890651410739825, "hit@5": 0.01572183937936116, "ndcg@10": 0.013345644037837891, "ndcg@5": 0.010085754442269132, "recall@10": 0.025890651410739825, "recall@5": 0.01572183937936116, "users_per_second": 433.0692573957329}
2026-09-08 22:29:53,513 | INFO | TRAIN step=9400 loss=7.801954 lr=0.0004612656
2026-09-08 22:30:03,522 | INFO | TRAIN step=9500 loss=7.807717 lr=0.00045883147
2026-09-08 22:30:13,555 | INFO | TRAIN step=9600 loss=7.844276 lr=0.00045643546
2026-09-08 22:37:20,738 | INFO | VALID step=9600 ndcg@10=0.013708 metrics={"evaluated_users": 184584, "hit@10": 0.02673037749750791, "hit@5": 0.016019806700472414, "ndcg@10": 0.01370806043317859, "ndcg@5": 0.010267481468713422, "recall@10": 0.02673037749750791, "recall@5": 0.016019806700472414, "users_per_second": 432.8944589363791}
2026-09-08 22:37:30,743 | INFO | TRAIN step=9700 loss=7.853206 lr=0.00045407661
2026-09-08 22:37:40,770 | INFO | TRAIN step=9800 loss=7.892226 lr=0.00045175395
2026-09-08 22:37:50,783 | INFO | TRAIN step=9900 loss=7.895442 lr=0.00044946657
2026-09-08 22:44:57,768 | INFO | VALID step=9900 ndcg@10=0.013850 metrics={"evaluated_users": 184584, "hit@10": 0.02707710310752828, "hit@5": 0.01609565292766437, "ndcg@10": 0.013850161534414282, "ndcg@5": 0.010338423273117157, "recall@10": 0.02707710310752828, "recall@5": 0.01609565292766437, "users_per_second": 433.06625372171385}
2026-09-08 22:45:07,675 | INFO | TRAIN step=10000 loss=7.893384 lr=0.0004472136
2026-09-08 22:45:17,570 | INFO | TRAIN step=10100 loss=7.913506 lr=0.00044499416
2026-09-08 22:45:27,465 | INFO | TRAIN step=10200 loss=7.940454 lr=0.00044280744
2026-09-08 22:52:34,055 | INFO | VALID step=10200 ndcg@10=0.013848 metrics={"evaluated_users": 184584, "hit@10": 0.027131278984093964, "hit@5": 0.016523642352533265, "ndcg@10": 0.013848479189779536, "ndcg@5": 0.010454196248342368, "recall@10": 0.027131278984093964, "recall@5": 0.016523642352533265, "users_per_second": 433.32564300319615}
2026-09-08 22:52:44,017 | INFO | TRAIN step=10300 loss=7.942021 lr=0.00044065265
2026-09-08 22:52:54,069 | INFO | TRAIN step=10400 loss=7.951354 lr=0.00043852901
2026-09-08 22:53:04,090 | INFO | TRAIN step=10500 loss=7.961559 lr=0.00043643578
2026-09-08 23:00:10,570 | INFO | VALID step=10500 ndcg@10=0.014281 metrics={"evaluated_users": 184584, "hit@10": 0.027797642265851862, "hit@5": 0.016675334806917175, "ndcg@10": 0.01428111099012748, "ndcg@5": 0.010720533790379887, "recall@10": 0.027797642265851862, "recall@5": 0.016675334806917175, "users_per_second": 433.58183772577564}
2026-09-08 23:00:20,823 | INFO | TRAIN step=10600 loss=7.986846 lr=0.00043437224
2026-09-08 23:00:30,777 | INFO | TRAIN step=10700 loss=7.972674 lr=0.0004323377
2026-09-08 23:00:40,847 | INFO | TRAIN step=10800 loss=7.767169 lr=0.00043033148
2026-09-08 23:07:48,066 | INFO | VALID step=10800 ndcg@10=0.013383 metrics={"evaluated_users": 184584, "hit@10": 0.02632405842326529, "hit@5": 0.015673081090452044, "ndcg@10": 0.013382510125182592, "ndcg@5": 0.009971662820971776, "recall@10": 0.02632405842326529, "recall@5": 0.015673081090452044, "users_per_second": 432.86282271735274}
2026-09-08 23:07:58,043 | INFO | TRAIN step=10900 loss=7.493372 lr=0.00042835294
2026-09-08 23:08:08,096 | INFO | TRAIN step=11000 loss=7.495997 lr=0.00042640143
2026-09-08 23:08:18,141 | INFO | TRAIN step=11100 loss=7.547271 lr=0.00042447636
2026-09-08 23:15:25,238 | INFO | VALID step=11100 ndcg@10=0.013282 metrics={"evaluated_users": 184584, "hit@10": 0.026221124257790492, "hit@5": 0.015320937892775105, "ndcg@10": 0.01328205661734256, "ndcg@5": 0.00978756523530109, "recall@10": 0.026221124257790492, "recall@5": 0.015320937892775105, "users_per_second": 432.81128738842915}
2026-09-08 23:15:35,246 | INFO | TRAIN step=11200 loss=7.576949 lr=0.00042257713
2026-09-08 23:15:45,276 | INFO | TRAIN step=11300 loss=7.600636 lr=0.00042070316
2026-09-08 23:15:55,292 | INFO | TRAIN step=11400 loss=7.628322 lr=0.00041885391
2026-09-08 23:23:02,593 | INFO | VALID step=11400 ndcg@10=0.013483 metrics={"evaluated_users": 184584, "hit@10": 0.026242794608416765, "hit@5": 0.01606856498938153, "ndcg@10": 0.013482821375129714, "ndcg@5": 0.010213115692439665, "recall@10": 0.026242794608416765, "recall@5": 0.01606856498938153, "users_per_second": 432.7725525262308}
2026-09-08 23:23:12,601 | INFO | TRAIN step=11500 loss=7.628316 lr=0.00041702883
2026-09-08 23:23:22,618 | INFO | TRAIN step=11600 loss=7.671482 lr=0.0004152274
2026-09-08 23:23:32,616 | INFO | TRAIN step=11700 loss=7.665552 lr=0.00041344912
2026-09-08 23:30:39,767 | INFO | VALID step=11700 ndcg@10=0.013229 metrics={"evaluated_users": 184584, "hit@10": 0.02599900316387119, "hit@5": 0.015391366532310493, "ndcg@10": 0.01322858875321369, "ndcg@5": 0.00983043276816396, "recall@10": 0.02599900316387119, "recall@5": 0.015391366532310493, "users_per_second": 432.897961468733}
2026-09-08 23:30:49,945 | INFO | TRAIN step=11800 loss=7.718112 lr=0.00041169348
2026-09-08 23:30:59,954 | INFO | TRAIN step=11900 loss=7.681808 lr=0.00040996003
2026-09-08 23:31:10,010 | INFO | TRAIN step=12000 loss=7.747726 lr=0.00040824829
2026-09-08 23:38:17,077 | INFO | VALID step=12000 ndcg@10=0.013551 metrics={"evaluated_users": 184584, "hit@10": 0.026622025744376544, "hit@5": 0.01597646599921987, "ndcg@10": 0.013551234178338284, "ndcg@5": 0.010141692537442012, "recall@10": 0.026622025744376544, "recall@5": 0.01597646599921987, "users_per_second": 433.01221935073215}
2026-09-08 23:38:27,076 | INFO | TRAIN step=12100 loss=7.718459 lr=0.00040655781
2026-09-08 23:38:37,135 | INFO | TRAIN step=12200 loss=7.718041 lr=0.00040488817
2026-09-08 23:38:47,162 | INFO | TRAIN step=12300 loss=7.738388 lr=0.00040323892
2026-09-08 23:45:54,517 | INFO | VALID step=12300 ndcg@10=0.013656 metrics={"evaluated_users": 184584, "hit@10": 0.026703289559225067, "hit@5": 0.016176916742512894, "ndcg@10": 0.013656156429377914, "ndcg@5": 0.010278867938613667, "recall@10": 0.026703289559225067, "recall@5": 0.016176916742512894, "users_per_second": 432.55407313892414}
2026-09-08 23:46:04,560 | INFO | TRAIN step=12400 loss=7.754545 lr=0.00040160966
2026-09-08 23:46:14,580 | INFO | TRAIN step=12500 loss=7.774667 lr=0.0004
2026-09-08 23:46:24,642 | INFO | TRAIN step=12600 loss=7.520514 lr=0.00039840954
2026-09-08 23:53:31,949 | INFO | VALID step=12600 ndcg@10=0.013156 metrics={"evaluated_users": 184584, "hit@10": 0.02571728860572964, "hit@5": 0.015884367009058206, "ndcg@10": 0.013156190360374475, "ndcg@5": 0.010009804745932875, "recall@10": 0.02571728860572964, "recall@5": 0.015884367009058206, "users_per_second": 432.7429787639333}
2026-09-08 23:53:41,976 | INFO | TRAIN step=12700 loss=7.264684 lr=0.0003968379
2026-09-08 23:53:52,013 | INFO | TRAIN step=12800 loss=7.290763 lr=0.00039528471
2026-09-08 23:54:02,062 | INFO | TRAIN step=12900 loss=7.291264 lr=0.00039374962
2026-09-09 00:01:09,454 | INFO | VALID step=12900 ndcg@10=0.013088 metrics={"evaluated_users": 184584, "hit@10": 0.0253651454080527, "hit@5": 0.015727256967017725, "ndcg@10": 0.013088099644818305, "ndcg@5": 0.01000467494295617, "recall@10": 0.0253651454080527, "recall@5": 0.015727256967017725, "users_per_second": 432.66353206748545}
2026-09-09 00:01:19,451 | INFO | TRAIN step=13000 loss=7.352743 lr=0.00039223227
2026-09-09 00:01:29,497 | INFO | TRAIN step=13100 loss=7.389512 lr=0.00039073233
2026-09-09 00:01:39,522 | INFO | TRAIN step=13200 loss=7.417927 lr=0.00038924947
2026-09-09 00:08:46,594 | INFO | VALID step=13200 ndcg@10=0.012847 metrics={"evaluated_users": 184584, "hit@10": 0.02500216703506263, "hit@5": 0.015136739912451784, "ndcg@10": 0.012846530329375591, "ndcg@5": 0.009685848826714782, "recall@10": 0.02500216703506263, "recall@5": 0.015136739912451784, "users_per_second": 432.84172104178606}
2026-09-09 00:08:56,627 | INFO | TRAIN step=13300 loss=7.425097 lr=0.00038778337
2026-09-09 00:09:06,642 | INFO | TRAIN step=13400 loss=7.456003 lr=0.0003863337
2026-09-09 00:09:16,652 | INFO | TRAIN step=13500 loss=7.455093 lr=0.00038490018
2026-09-09 00:16:23,845 | INFO | VALID step=13500 ndcg@10=0.013509 metrics={"evaluated_users": 184584, "hit@10": 0.026275300134356173, "hit@5": 0.015732674554674295, "ndcg@10": 0.013508616197642547, "ndcg@5": 0.010126045922708908, "recall@10": 0.026275300134356173, "recall@5": 0.015732674554674295, "users_per_second": 432.86045233023845}
2026-09-09 00:16:34,030 | INFO | TRAIN step=13600 loss=7.472160 lr=0.00038348249
2026-09-09 00:16:44,096 | INFO | TRAIN step=13700 loss=7.508052 lr=0.00038208036
2026-09-09 00:16:54,143 | INFO | TRAIN step=13800 loss=7.504330 lr=0.00038069349
2026-09-09 00:24:01,135 | INFO | VALID step=13800 ndcg@10=0.013577 metrics={"evaluated_users": 184584, "hit@10": 0.026280717722012743, "hit@5": 0.016052312226411822, "ndcg@10": 0.013577005037513521, "ndcg@5": 0.010295346843636798, "recall@10": 0.026280717722012743, "recall@5": 0.016052312226411822, "users_per_second": 433.091732455118}
2026-09-09 00:24:11,195 | INFO | TRAIN step=13900 loss=7.528603 lr=0.00037932162
2026-09-09 00:24:21,241 | INFO | TRAIN step=14000 loss=7.561723 lr=0.00037796447
2026-09-09 00:24:31,249 | INFO | TRAIN step=14100 loss=7.547369 lr=0.00037662179
2026-09-09 00:31:38,001 | INFO | VALID step=14100 ndcg@10=0.013724 metrics={"evaluated_users": 184584, "hit@10": 0.026719542322194773, "hit@5": 0.0159710484115633, "ndcg@10": 0.013724253486115992, "ndcg@5": 0.010274276603218406, "recall@10": 0.026719542322194773, "recall@5": 0.0159710484115633, "users_per_second": 433.15679935343036}
2026-09-09 00:31:48,021 | INFO | TRAIN step=14200 loss=7.571655 lr=0.00037529331
2026-09-09 00:31:58,050 | INFO | TRAIN step=14300 loss=7.547790 lr=0.0003739788
2026-09-09 00:32:08,107 | INFO | TRAIN step=14400 loss=7.266367 lr=0.000372678
2026-09-09 00:39:15,283 | INFO | VALID step=14400 ndcg@10=0.012701 metrics={"evaluated_users": 184584, "hit@10": 0.02474754041520392, "hit@5": 0.014811684653057686, "ndcg@10": 0.012700543584391082, "ndcg@5": 0.0095026354427904, "recall@10": 0.02474754041520392, "recall@5": 0.014811684653057686, "users_per_second": 432.8728424924509}
2026-09-09 00:39:25,354 | INFO | TRAIN step=14500 loss=7.047557 lr=0.00037139068
2026-09-09 00:39:35,375 | INFO | TRAIN step=14600 loss=7.088637 lr=0.00037011661
2026-09-09 00:39:45,396 | INFO | TRAIN step=14700 loss=7.130232 lr=0.00036885556
2026-09-09 00:46:52,412 | INFO | VALID step=14700 ndcg@10=0.012894 metrics={"evaluated_users": 184584, "hit@10": 0.02512135396350713, "hit@5": 0.01524509166558315, "ndcg@10": 0.012893533862919452, "ndcg@5": 0.009728287762828833, "recall@10": 0.02512135396350713, "recall@5": 0.01524509166558315, "users_per_second": 433.03381951170354}
2026-09-09 00:47:02,569 | INFO | TRAIN step=14800 loss=7.148054 lr=0.00036760731
2026-09-09 00:47:12,494 | INFO | TRAIN step=14900 loss=7.163604 lr=0.00036637165
2026-09-09 00:47:22,384 | INFO | TRAIN step=15000 loss=7.211418 lr=0.00036514837
2026-09-09 00:54:29,392 | INFO | VALID step=15000 ndcg@10=0.012916 metrics={"evaluated_users": 184584, "hit@10": 0.025007584622719195, "hit@5": 0.015380531356997356, "ndcg@10": 0.012915910689754017, "ndcg@5": 0.009838988258173871, "recall@10": 0.025007584622719195, "recall@5": 0.015380531356997356, "users_per_second": 433.0759554539104}
2026-09-09 00:54:39,363 | INFO | TRAIN step=15100 loss=7.201649 lr=0.00036393726
2026-09-09 00:54:49,422 | INFO | TRAIN step=15200 loss=7.261880 lr=0.00036273813
2026-09-09 00:54:59,484 | INFO | TRAIN step=15300 loss=7.260089 lr=0.00036155076
2026-09-09 01:02:06,362 | INFO | VALID step=15300 ndcg@10=0.012915 metrics={"evaluated_users": 184584, "hit@10": 0.025224288128981927, "hit@5": 0.015039223334633554, "ndcg@10": 0.0129148202165179, "ndcg@5": 0.009651356886082348, "recall@10": 0.025224288128981927, "recall@5": 0.015039223334633554, "users_per_second": 433.0236123699748}
2026-09-09 01:02:16,327 | INFO | TRAIN step=15400 loss=7.289642 lr=0.00036037499
2026-09-09 01:02:26,340 | INFO | TRAIN step=15500 loss=7.294184 lr=0.0003592106
2026-09-09 01:02:36,376 | INFO | TRAIN step=15600 loss=7.318817 lr=0.00035805744
2026-09-09 01:09:43,605 | INFO | VALID step=15600 ndcg@10=0.012890 metrics={"evaluated_users": 184584, "hit@10": 0.02489923286958783, "hit@5": 0.015299267542148831, "ndcg@10": 0.012889957840740419, "ndcg@5": 0.009812716340764582, "recall@10": 0.02489923286958783, "recall@5": 0.015299267542148831, "users_per_second": 432.83089179039877}
2026-09-09 01:09:53,563 | INFO | TRAIN step=15700 loss=7.341458 lr=0.00035691531
2026-09-09 01:10:03,571 | INFO | TRAIN step=15800 loss=7.345178 lr=0.00035578403
2026-09-09 01:10:13,588 | INFO | TRAIN step=15900 loss=7.359455 lr=0.00035466345
2026-09-09 01:17:20,762 | INFO | VALID step=15900 ndcg@10=0.013455 metrics={"evaluated_users": 184584, "hit@10": 0.02599900316387119, "hit@5": 0.015786850431239976, "ndcg@10": 0.013454587590881691, "ndcg@5": 0.010177974787004683, "recall@10": 0.02599900316387119, "recall@5": 0.015786850431239976, "users_per_second": 432.8773357192086}
2026-09-09 01:17:30,804 | INFO | TRAIN step=16000 loss=7.369759 lr=0.00035355339
2026-09-09 01:17:40,833 | INFO | TRAIN step=16100 loss=7.377009 lr=0.00035245369
2026-09-09 01:17:50,913 | INFO | TRAIN step=16200 loss=7.048613 lr=0.00035136418
2026-09-09 01:24:57,945 | INFO | VALID step=16200 ndcg@10=0.012800 metrics={"evaluated_users": 184584, "hit@10": 0.02471503488926451, "hit@5": 0.015201750964330603, "ndcg@10": 0.012800141112423068, "ndcg@5": 0.009756277691305295, "recall@10": 0.02471503488926451, "recall@5": 0.015201750964330603, "users_per_second": 432.86472463645845}
2026-09-09 01:25:07,991 | INFO | TRAIN step=16300 loss=6.856675 lr=0.00035028472
2026-09-09 01:25:18,023 | INFO | TRAIN step=16400 loss=6.898126 lr=0.00034921515
2026-09-09 01:25:28,046 | INFO | TRAIN step=16500 loss=6.934912 lr=0.00034815531
2026-09-09 01:32:35,320 | INFO | VALID step=16500 ndcg@10=0.012624 metrics={"evaluated_users": 184584, "hit@10": 0.024639188662072552, "hit@5": 0.01470333289992632, "ndcg@10": 0.012623572752362183, "ndcg@5": 0.009443223604487015, "recall@10": 0.024639188662072552, "recall@5": 0.01470333289992632, "users_per_second": 432.7912585631476}
2026-09-09 01:32:45,527 | INFO | TRAIN step=16600 loss=6.966747 lr=0.00034710507
2026-09-09 01:32:55,543 | INFO | TRAIN step=16700 loss=6.983385 lr=0.00034606427
2026-09-09 01:33:05,581 | INFO | TRAIN step=16800 loss=6.999144 lr=0.00034503278
2026-09-09 01:40:12,640 | INFO | VALID step=16800 ndcg@10=0.012548 metrics={"evaluated_users": 184584, "hit@10": 0.024568760022537165, "hit@5": 0.014692497724613184, "ndcg@10": 0.012548398426557333, "ndcg@5": 0.009373313429685132, "recall@10": 0.024568760022537165, "recall@5": 0.014692497724613184, "users_per_second": 433.02921330693897}
2026-09-09 01:40:22,696 | INFO | TRAIN step=16900 loss=7.030513 lr=0.00034401046
2026-09-09 01:40:32,745 | INFO | TRAIN step=17000 loss=7.053220 lr=0.00034299717
2026-09-09 01:40:42,803 | INFO | TRAIN step=17100 loss=7.101961 lr=0.00034199278
2026-09-09 01:47:49,754 | INFO | VALID step=17100 ndcg@10=0.012641 metrics={"evaluated_users": 184584, "hit@10": 0.024417067568153254, "hit@5": 0.014838772591340529, "ndcg@10": 0.012640509620094225, "ndcg@5": 0.00956379211997631, "recall@10": 0.024417067568153254, "recall@5": 0.014838772591340529, "users_per_second": 432.95250545497424}
2026-09-09 01:47:59,783 | INFO | TRAIN step=17200 loss=7.102691 lr=0.00034099717
2026-09-09 01:48:09,787 | INFO | TRAIN step=17300 loss=7.106369 lr=0.0003400102
2026-09-09 01:48:19,776 | INFO | TRAIN step=17400 loss=7.125426 lr=0.00033903175
2026-09-09 01:55:27,962 | INFO | VALID step=17400 ndcg@10=0.012784 metrics={"evaluated_users": 184584, "hit@10": 0.024785463528799897, "hit@5": 0.01495795951978503, "ndcg@10": 0.01278428191568109, "ndcg@5": 0.009630914204678454, "recall@10": 0.024785463528799897, "recall@5": 0.01495795951978503, "users_per_second": 431.8596544072589}
2026-09-09 01:55:37,942 | INFO | TRAIN step=17500 loss=7.148716 lr=0.0003380617
2026-09-09 01:55:47,908 | INFO | TRAIN step=17600 loss=7.146783 lr=0.00033709993
2026-09-09 01:55:57,912 | INFO | TRAIN step=17700 loss=7.181689 lr=0.00033614632
2026-09-09 02:03:05,682 | INFO | VALID step=17700 ndcg@10=0.012822 metrics={"evaluated_users": 184584, "hit@10": 0.024704199713951373, "hit@5": 0.015082564035886101, "ndcg@10": 0.012822099736913837, "ndcg@5": 0.009743092520766916, "recall@10": 0.024704199713951373, "recall@5": 0.015082564035886101, "users_per_second": 432.3024844701551}
2026-09-09 02:03:15,833 | INFO | TRAIN step=17800 loss=7.208155 lr=0.00033520076
2026-09-09 02:03:25,859 | INFO | TRAIN step=17900 loss=7.199108 lr=0.00033426314
2026-09-09 02:03:35,863 | INFO | TRAIN step=18000 loss=6.828804 lr=0.00033333333
2026-09-09 02:10:43,917 | INFO | VALID step=18000 ndcg@10=0.012192 metrics={"evaluated_users": 184584, "hit@10": 0.02353400078013262, "hit@5": 0.014508299744289863, "ndcg@10": 0.012192313130594771, "ndcg@5": 0.009297328068031073, "recall@10": 0.02353400078013262, "recall@5": 0.014508299744289863, "users_per_second": 432.0372601716683}
2026-09-09 02:10:53,904 | INFO | TRAIN step=18100 loss=6.689637 lr=0.00033241125
2026-09-09 02:11:03,837 | INFO | TRAIN step=18200 loss=6.733505 lr=0.00033149677
2026-09-09 02:11:13,784 | INFO | TRAIN step=18300 loss=6.758752 lr=0.0003305898
2026-09-09 02:18:22,922 | INFO | VALID step=18300 ndcg@10=0.012331 metrics={"evaluated_users": 184584, "hit@10": 0.024092012308759157, "hit@5": 0.01457872838382525, "ndcg@10": 0.012331173824625306, "ndcg@5": 0.009280750813223137, "recall@10": 0.024092012308759157, "recall@5": 0.01457872838382525, "users_per_second": 430.76344337073186}
2026-09-09 02:18:32,925 | INFO | TRAIN step=18400 loss=6.777369 lr=0.00032969024
2026-09-09 02:18:42,992 | INFO | TRAIN step=18500 loss=6.813653 lr=0.00032879797
2026-09-09 02:18:53,064 | INFO | TRAIN step=18600 loss=6.816040 lr=0.00032791292
2026-09-09 02:26:02,645 | INFO | VALID step=18600 ndcg@10=0.012206 metrics={"evaluated_users": 184584, "hit@10": 0.02388072639015299, "hit@5": 0.014513717331946431, "ndcg@10": 0.01220601150451763, "ndcg@5": 0.009200095335994299, "recall@10": 0.02388072639015299, "recall@5": 0.014513717331946431, "users_per_second": 430.49916297391906}
2026-09-09 02:26:12,633 | INFO | TRAIN step=18700 loss=6.846356 lr=0.00032703497
2026-09-09 02:26:22,601 | INFO | TRAIN step=18800 loss=6.885485 lr=0.00032616404
2026-09-09 02:26:32,587 | INFO | TRAIN step=18900 loss=6.909597 lr=0.00032530002
2026-09-09 02:33:41,167 | INFO | VALID step=18900 ndcg@10=0.012239 metrics={"evaluated_users": 184584, "hit@10": 0.023777792224678195, "hit@5": 0.014286178650370563, "ndcg@10": 0.012238663266430505, "ndcg@5": 0.009201824245801874, "recall@10": 0.023777792224678195, "recall@5": 0.014286178650370563, "users_per_second": 431.4884348431931}
2026-09-09 02:33:51,219 | INFO | TRAIN step=19000 loss=6.934514 lr=0.00032444284
2026-09-09 02:34:01,254 | INFO | TRAIN step=19100 loss=6.947604 lr=0.0003235924
2026-09-09 02:34:11,263 | INFO | TRAIN step=19200 loss=6.938512 lr=0.00032274861
2026-09-09 02:41:19,576 | INFO | VALID step=19200 ndcg@10=0.012333 metrics={"evaluated_users": 184584, "hit@10": 0.02402158366922377, "hit@5": 0.014616651497421229, "ndcg@10": 0.01233265364438532, "ndcg@5": 0.009327147053381123, "recall@10": 0.02402158366922377, "recall@5": 0.014616651497421229, "users_per_second": 431.603124055751}
2026-09-09 02:41:29,600 | INFO | TRAIN step=19300 loss=6.989238 lr=0.00032191139
2026-09-09 02:41:39,600 | INFO | TRAIN step=19400 loss=6.984597 lr=0.00032108065
2026-09-09 02:41:49,661 | INFO | TRAIN step=19500 loss=6.995174 lr=0.00032025631
2026-09-09 02:48:58,104 | INFO | VALID step=19500 ndcg@10=0.012439 metrics={"evaluated_users": 184584, "hit@10": 0.02427079270142591, "hit@5": 0.014752091188835435, "ndcg@10": 0.012439075103263664, "ndcg@5": 0.009392519539786995, "recall@10": 0.02427079270142591, "recall@5": 0.014752091188835435, "users_per_second": 431.63442598414747}
2026-09-09 02:49:08,267 | INFO | TRAIN step=19600 loss=7.038200 lr=0.00031943828
2026-09-09 02:49:18,220 | INFO | TRAIN step=19700 loss=7.043791 lr=0.00031862649
2026-09-09 02:49:28,194 | INFO | TRAIN step=19800 loss=6.618404 lr=0.00031782086
2026-09-09 02:56:36,278 | INFO | VALID step=19800 ndcg@10=0.012215 metrics={"evaluated_users": 184584, "hit@10": 0.02353400078013262, "hit@5": 0.014416200754128201, "ndcg@10": 0.012215322803771328, "ndcg@5": 0.009283623764820713, "recall@10": 0.02353400078013262, "recall@5": 0.014416200754128201, "users_per_second": 432.0272727995645}
2026-09-09 02:56:46,254 | INFO | TRAIN step=19900 loss=6.517756 lr=0.00031702131
2026-09-09 02:56:56,263 | INFO | TRAIN step=20000 loss=6.558348 lr=0.00031622777
2026-09-09 02:57:06,237 | INFO | TRAIN step=20100 loss=6.596690 lr=0.00031544015
2026-09-09 03:04:14,515 | INFO | VALID step=20100 ndcg@10=0.012217 metrics={"evaluated_users": 184584, "hit@10": 0.023658605296233693, "hit@5": 0.01438911281584536, "ndcg@10": 0.012216611730291612, "ndcg@5": 0.009245861025599754, "recall@10": 0.023658605296233693, "recall@5": 0.01438911281584536, "users_per_second": 431.6333048085297}
2026-09-09 03:04:24,478 | INFO | TRAIN step=20200 loss=6.633540 lr=0.00031465839
2026-09-09 03:04:34,444 | INFO | TRAIN step=20300 loss=6.648512 lr=0.00031388241
2026-09-09 03:04:44,500 | INFO | TRAIN step=20400 loss=6.654049 lr=0.00031311215
2026-09-09 03:11:52,953 | INFO | VALID step=20400 ndcg@10=0.012115 metrics={"evaluated_users": 184584, "hit@10": 0.023647770120920557, "hit@5": 0.01420491483552204, "ndcg@10": 0.012114829295456524, "ndcg@5": 0.009096016849323638, "recall@10": 0.023647770120920557, "recall@5": 0.01420491483552204, "users_per_second": 431.61816492037093}
2026-09-09 03:12:02,962 | INFO | TRAIN step=20500 loss=6.689260 lr=0.00031234752
2026-09-09 03:12:12,958 | INFO | TRAIN step=20600 loss=6.720678 lr=0.00031158848
2026-09-09 03:12:22,980 | INFO | TRAIN step=20700 loss=6.739273 lr=0.00031083494
2026-09-09 03:19:31,484 | INFO | VALID step=20700 ndcg@10=0.012145 metrics={"evaluated_users": 184584, "hit@10": 0.023626099770294284, "hit@5": 0.014226585186148312, "ndcg@10": 0.012145400304150844, "ndcg@5": 0.009131847080228997, "recall@10": 0.023626099770294284, "recall@5": 0.014226585186148312, "users_per_second": 431.56559272334283}
2026-09-09 03:19:41,654 | INFO | TRAIN step=20800 loss=6.769096 lr=0.00031008684
2026-09-09 03:19:51,687 | INFO | TRAIN step=20900 loss=6.759483 lr=0.00030934411
2026-09-09 03:20:01,660 | INFO | TRAIN step=21000 loss=6.825868 lr=0.0003086067
2026-09-09 03:27:09,820 | INFO | VALID step=21000 ndcg@10=0.012259 metrics={"evaluated_users": 184584, "hit@10": 0.02366944047154683, "hit@5": 0.014399947991158497, "ndcg@10": 0.012258706139327679, "ndcg@5": 0.009295251970848812, "recall@10": 0.02366944047154683, "recall@5": 0.014399947991158497, "users_per_second": 431.9386737693184}
2026-09-09 03:27:19,728 | INFO | TRAIN step=21100 loss=6.807036 lr=0.00030787454
2026-09-09 03:27:29,715 | INFO | TRAIN step=21200 loss=6.840665 lr=0.00030714756
2026-09-09 03:27:39,707 | INFO | TRAIN step=21300 loss=6.849394 lr=0.00030642571
2026-09-09 03:34:48,131 | INFO | VALID step=21300 ndcg@10=0.012262 metrics={"evaluated_users": 184584, "hit@10": 0.02391864950374897, "hit@5": 0.014318684176309973, "ndcg@10": 0.012262202490155114, "ndcg@5": 0.009182758312163227, "recall@10": 0.02391864950374897, "recall@5": 0.014318684176309973, "users_per_second": 431.4958343213181}
2026-09-09 03:34:58,133 | INFO | TRAIN step=21400 loss=6.859486 lr=0.00030570892
2026-09-09 03:35:08,117 | INFO | TRAIN step=21500 loss=6.880726 lr=0.00030499714
2026-09-09 03:35:18,077 | INFO | TRAIN step=21600 loss=6.447161 lr=0.00030429031
2026-09-09 03:42:26,829 | INFO | VALID step=21600 ndcg@10=0.011760 metrics={"evaluated_users": 184584, "hit@10": 0.022661769167425128, "hit@5": 0.01369566159580462, "ndcg@10": 0.011760133703717687, "ndcg@5": 0.008882582011518597, "recall@10": 0.022661769167425128, "recall@5": 0.01369566159580462, "users_per_second": 431.3201552478053}
2026-09-09 03:42:36,787 | INFO | TRAIN step=21700 loss=6.385232 lr=0.00030358837
2026-09-09 03:42:46,768 | INFO | TRAIN step=21800 loss=6.412369 lr=0.00030289127
2026-09-09 03:42:56,768 | INFO | TRAIN step=21900 loss=6.443864 lr=0.00030219894
2026-09-09 03:50:05,545 | INFO | VALID step=21900 ndcg@10=0.011895 metrics={"evaluated_users": 184584, "hit@10": 0.023084341004637455, "hit@5": 0.013766090235340008, "ndcg@10": 0.011895346410463565, "ndcg@5": 0.008906107717282966, "recall@10": 0.023084341004637455, "recall@5": 0.013766090235340008, "users_per_second": 431.2979619239923}
2026-09-09 03:50:15,472 | INFO | TRAIN step=22000 loss=6.476682 lr=0.00030151134
2026-09-09 03:50:25,440 | INFO | TRAIN step=22100 loss=6.496957 lr=0.00030082842
2026-09-09 03:50:35,478 | INFO | TRAIN step=22200 loss=6.518668 lr=0.00030015011
2026-09-09 03:57:43,678 | INFO | VALID step=22200 ndcg@10=0.011691 metrics={"evaluated_users": 184584, "hit@10": 0.02274845056993022, "hit@5": 0.01369566159580462, "ndcg@10": 0.011691454457012869, "ndcg@5": 0.008792831506182701, "recall@10": 0.02274845056993022, "recall@5": 0.01369566159580462, "users_per_second": 431.7187034262447}
2026-09-09 03:57:53,649 | INFO | TRAIN step=22300 loss=6.550837 lr=0.00029947637
2026-09-09 03:58:03,646 | INFO | TRAIN step=22400 loss=6.577114 lr=0.00029880715
2026-09-09 03:58:13,553 | INFO | TRAIN step=22500 loss=6.590168 lr=0.0002981424
2026-09-09 04:05:21,755 | INFO | VALID step=22500 ndcg@10=0.011752 metrics={"evaluated_users": 184584, "hit@10": 0.02279179127118277, "hit@5": 0.013961123390976465, "ndcg@10": 0.011751898873481825, "ndcg@5": 0.008913312723043866, "recall@10": 0.02279179127118277, "recall@5": 0.013961123390976465, "users_per_second": 431.86536851743637}
2026-09-09 04:05:31,861 | INFO | TRAIN step=22600 loss=6.607758 lr=0.00029748206
2026-09-09 04:05:41,808 | INFO | TRAIN step=22700 loss=6.628118 lr=0.00029682609
2026-09-09 04:05:51,788 | INFO | TRAIN step=22800 loss=6.646161 lr=0.00029617444
2026-09-09 04:13:00,077 | INFO | VALID step=22800 ndcg@10=0.012022 metrics={"evaluated_users": 184584, "hit@10": 0.02344190178997096, "hit@5": 0.014307849000996836, "ndcg@10": 0.012021776897250168, "ndcg@5": 0.009097091568842003, "recall@10": 0.02344190178997096, "recall@5": 0.014307849000996836, "users_per_second": 431.806640821128}
2026-09-09 04:13:10,013 | INFO | TRAIN step=22900 loss=6.660599 lr=0.00029552706
2026-09-09 04:13:19,964 | INFO | TRAIN step=23000 loss=6.678045 lr=0.00029488391
2026-09-09 04:13:29,932 | INFO | TRAIN step=23100 loss=6.707269 lr=0.00029424494
2026-09-09 04:20:37,739 | INFO | VALID step=23100 ndcg@10=0.012040 metrics={"evaluated_users": 184584, "hit@10": 0.02357734148138517, "hit@5": 0.0140748927317644, "ndcg@10": 0.012040372811071037, "ndcg@5": 0.008988728600330105, "recall@10": 0.02357734148138517, "recall@5": 0.0140748927317644, "users_per_second": 432.11191610066527}
2026-09-09 04:20:47,703 | INFO | TRAIN step=23200 loss=6.708515 lr=0.00029361011
2026-09-09 04:20:57,643 | INFO | TRAIN step=23300 loss=6.724450 lr=0.00029297937
2026-09-09 04:21:07,615 | INFO | TRAIN step=23400 loss=6.254761 lr=0.00029235267
2026-09-09 04:28:15,709 | INFO | VALID step=23400 ndcg@10=0.011369 metrics={"evaluated_users": 184584, "hit@10": 0.02206041693754605, "hit@5": 0.013614397780956095, "ndcg@10": 0.0113691183286428, "ndcg@5": 0.008660608043445175, "recall@10": 0.02206041693754605, "recall@5": 0.013614397780956095, "users_per_second": 431.9763777216289}
2026-09-09 04:28:25,743 | INFO | TRAIN step=23500 loss=6.231278 lr=0.00029172998
2026-09-09 04:28:35,741 | INFO | TRAIN step=23600 loss=6.277416 lr=0.00029111125
2026-09-09 04:28:45,695 | INFO | TRAIN step=23700 loss=6.324176 lr=0.00029049645
2026-09-09 04:35:53,722 | INFO | VALID step=23700 ndcg@10=0.011558 metrics={"evaluated_users": 184584, "hit@10": 0.022575087764920038, "hit@5": 0.013657738482208642, "ndcg@10": 0.011558297005294508, "ndcg@5": 0.008703818952199086, "recall@10": 0.022575087764920038, "recall@5": 0.013657738482208642, "users_per_second": 432.03149026022015}
2026-09-09 04:36:03,825 | INFO | TRAIN step=23800 loss=6.322445 lr=0.00028988552
2026-09-09 04:36:13,833 | INFO | TRAIN step=23900 loss=6.353069 lr=0.00028927843
2026-09-09 04:36:23,820 | INFO | TRAIN step=24000 loss=6.375999 lr=0.00028867513
2026-09-09 04:43:32,244 | INFO | VALID step=24000 ndcg@10=0.011565 metrics={"evaluated_users": 184584, "hit@10": 0.0225642525896069, "hit@5": 0.013733584709400597, "ndcg@10": 0.011564806676758995, "ndcg@5": 0.008741036957682996, "recall@10": 0.0225642525896069, "recall@5": 0.013733584709400597, "users_per_second": 431.6750687962906}
2026-09-09 04:43:42,221 | INFO | TRAIN step=24100 loss=6.414019 lr=0.0002880756
2026-09-09 04:43:52,181 | INFO | TRAIN step=24200 loss=6.434398 lr=0.00028747979
2026-09-09 04:44:02,122 | INFO | TRAIN step=24300 loss=6.464544 lr=0.00028688766
2026-09-09 04:51:10,113 | INFO | VALID step=24300 ndcg@10=0.011632 metrics={"evaluated_users": 184584, "hit@10": 0.022472153599445238, "hit@5": 0.013560221904390412, "ndcg@10": 0.011631723500595995, "ndcg@5": 0.00877793753656748, "recall@10": 0.022472153599445238, "recall@5": 0.013560221904390412, "users_per_second": 431.9160732311801}
2026-09-09 04:51:20,054 | INFO | TRAIN step=24400 loss=6.478432 lr=0.00028629917
2026-09-09 04:51:30,033 | INFO | TRAIN step=24500 loss=6.492919 lr=0.00028571429
2026-09-09 04:51:39,922 | INFO | TRAIN step=24600 loss=6.491937 lr=0.00028513297
2026-09-09 04:58:48,298 | INFO | VALID step=24600 ndcg@10=0.011758 metrics={"evaluated_users": 184584, "hit@10": 0.02307350582932432, "hit@5": 0.013841936462531963, "ndcg@10": 0.011757696305796076, "ndcg@5": 0.008800352621540003, "recall@10": 0.02307350582932432, "recall@5": 0.013841936462531963, "users_per_second": 431.68919822880144}
2026-09-09 04:58:58,230 | INFO | TRAIN step=24700 loss=6.509126 lr=0.0002845552
2026-09-09 04:59:08,168 | INFO | TRAIN step=24800 loss=6.540871 lr=0.00028398092
2026-09-09 04:59:18,126 | INFO | TRAIN step=24900 loss=6.546289 lr=0.0002834101
2026-09-09 05:06:26,861 | INFO | VALID step=24900 ndcg@10=0.011908 metrics={"evaluated_users": 184584, "hit@10": 0.023301044510900187, "hit@5": 0.013841936462531963, "ndcg@10": 0.011908360730517178, "ndcg@5": 0.008873090286216247, "recall@10": 0.023301044510900187, "recall@5": 0.013841936462531963, "users_per_second": 431.32863828567525}
2026-09-09 05:06:36,863 | INFO | TRAIN step=25000 loss=6.581417 lr=0.00028284271
2026-09-09 05:06:46,829 | INFO | TRAIN step=25100 loss=6.614607 lr=0.00028227872
2026-09-09 05:06:56,869 | INFO | TRAIN step=25200 loss=6.094390 lr=0.00028171808
2026-09-09 05:14:05,300 | INFO | VALID step=25200 ndcg@10=0.011419 metrics={"evaluated_users": 184584, "hit@10": 0.022293373206778485, "hit@5": 0.013202661119056906, "ndcg@10": 0.01141933122697754, "ndcg@5": 0.0084990054183715, "recall@10": 0.022293373206778485, "recall@5": 0.013202661119056906, "users_per_second": 431.48784103056664}
2026-09-09 05:14:15,347 | INFO | TRAIN step=25300 loss=6.094831 lr=0.00028116078
2026-09-09 05:14:25,349 | INFO | TRAIN step=25400 loss=6.133064 lr=0.00028060677
2026-09-09 05:14:35,309 | INFO | TRAIN step=25500 loss=6.181770 lr=0.00028005602
2026-09-09 05:21:43,881 | INFO | VALID step=25500 ndcg@10=0.011324 metrics={"evaluated_users": 184584, "hit@10": 0.022065834525202617, "hit@5": 0.013462705326572184, "ndcg@10": 0.011323948614447922, "ndcg@5": 0.00856480913379259, "recall@10": 0.022065834525202617, "recall@5": 0.013462705326572184, "users_per_second": 431.4999856892935}
2026-09-09 05:21:53,966 | INFO | TRAIN step=25600 loss=6.205778 lr=0.0002795085
2026-09-09 05:22:03,924 | INFO | TRAIN step=25700 loss=6.234601 lr=0.00027896418
2026-09-09 05:22:13,919 | INFO | TRAIN step=25800 loss=6.244713 lr=0.00027842302
2026-09-09 05:29:22,216 | INFO | VALID step=25800 ndcg@10=0.011350 metrics={"evaluated_users": 184584, "hit@10": 0.022320461145061327, "hit@5": 0.01331643045984484, "ndcg@10": 0.011350409554898334, "ndcg@5": 0.00845855362280897, "recall@10": 0.022320461145061327, "recall@5": 0.01331643045984484, "users_per_second": 431.8068321258147}
2026-09-09 05:29:32,196 | INFO | TRAIN step=25900 loss=6.272229 lr=0.00027788501
2026-09-09 05:29:42,178 | INFO | TRAIN step=26000 loss=6.290287 lr=0.0002773501
2026-09-09 05:29:52,175 | INFO | TRAIN step=26100 loss=6.311392 lr=0.00027681827
2026-09-09 05:37:00,442 | INFO | VALID step=26100 ndcg@10=0.011399 metrics={"evaluated_users": 184584, "hit@10": 0.02209292246348546, "hit@5": 0.013311012872188272, "ndcg@10": 0.011398548297813834, "ndcg@5": 0.008579326452366054, "recall@10": 0.02209292246348546, "recall@5": 0.013311012872188272, "users_per_second": 431.64528825080384}
2026-09-09 05:37:10,392 | INFO | TRAIN step=26200 loss=6.353818 lr=0.00027628948
2026-09-09 05:37:20,363 | INFO | TRAIN step=26300 loss=6.379684 lr=0.00027576372
2026-09-09 05:37:30,322 | INFO | TRAIN step=26400 loss=6.352300 lr=0.00027524094
2026-09-09 05:44:38,800 | INFO | VALID step=26400 ndcg@10=0.011444 metrics={"evaluated_users": 184584, "hit@10": 0.022320461145061327, "hit@5": 0.013419364625319638, "ndcg@10": 0.011443666370642314, "ndcg@5": 0.008590612669731235, "recall@10": 0.022320461145061327, "recall@5": 0.013419364625319638, "users_per_second": 431.58428566624065}
2026-09-09 05:44:48,827 | INFO | TRAIN step=26500 loss=6.398357 lr=0.00027472113
2026-09-09 05:44:58,862 | INFO | TRAIN step=26600 loss=6.419181 lr=0.00027420425
2026-09-09 05:45:08,838 | INFO | TRAIN step=26700 loss=6.459050 lr=0.00027369028
2026-09-09 05:52:17,317 | INFO | VALID step=26700 ndcg@10=0.011549 metrics={"evaluated_users": 184584, "hit@10": 0.0224450656611624, "hit@5": 0.013646903306895506, "ndcg@10": 0.01154897711720949, "ndcg@5": 0.008723342456495368, "recall@10": 0.0224450656611624, "recall@5": 0.013646903306895506, "users_per_second": 431.5870195489414}
2026-09-09 05:52:27,416 | INFO | TRAIN step=26800 loss=6.432210 lr=0.00027317918
2026-09-09 05:52:37,395 | INFO | TRAIN step=26900 loss=6.417717 lr=0.00027267094
2026-09-09 05:52:47,380 | INFO | TRAIN step=27000 loss=5.946683 lr=0.00027216553
2026-09-09 05:59:55,646 | INFO | VALID step=27000 ndcg@10=0.011259 metrics={"evaluated_users": 184584, "hit@10": 0.02205499934988948, "hit@5": 0.013381441511723659, "ndcg@10": 0.011259009385895875, "ndcg@5": 0.008478739740102943, "recall@10": 0.02205499934988948, "recall@5": 0.013381441511723659, "users_per_second": 431.83977193701134}
2026-09-09 06:00:05,700 | INFO | TRAIN step=27100 loss=5.997721 lr=0.00027166291
2026-09-09 06:00:15,640 | INFO | TRAIN step=27200 loss=6.002794 lr=0.00027116307
2026-09-09 06:00:25,530 | INFO | TRAIN step=27300 loss=6.050796 lr=0.00027066598
2026-09-09 06:07:33,708 | INFO | VALID step=27300 ndcg@10=0.011250 metrics={"evaluated_users": 184584, "hit@10": 0.022082087288172323, "hit@5": 0.013170155593117497, "ndcg@10": 0.01124995232054778, "ndcg@5": 0.00838916050846823, "recall@10": 0.022082087288172323, "recall@5": 0.013170155593117497, "users_per_second": 431.7377086119654}
2026-09-09 06:07:43,651 | INFO | TRAIN step=27400 loss=6.078395 lr=0.00027017161
2026-09-09 06:07:53,648 | INFO | TRAIN step=27500 loss=6.092620 lr=0.00026967994
2026-09-09 06:08:03,620 | INFO | TRAIN step=27600 loss=6.140632 lr=0.00026919095
2026-09-09 06:15:12,119 | INFO | VALID step=27600 ndcg@10=0.011187 metrics={"evaluated_users": 184584, "hit@10": 0.021789537554717634, "hit@5": 0.013013045551077016, "ndcg@10": 0.011186975554340242, "ndcg@5": 0.008367461939798976, "recall@10": 0.021789537554717634, "recall@5": 0.013013045551077016, "users_per_second": 431.5740675802287}
2026-09-09 06:15:22,173 | INFO | TRAIN step=27700 loss=6.166367 lr=0.00026870461
2026-09-09 06:15:32,218 | INFO | TRAIN step=27800 loss=6.184903 lr=0.00026822089
2026-09-09 06:15:42,213 | INFO | TRAIN step=27900 loss=6.193994 lr=0.00026773978
2026-09-09 06:22:51,244 | INFO | VALID step=27900 ndcg@10=0.011564 metrics={"evaluated_users": 184584, "hit@10": 0.02243423048584926, "hit@5": 0.013327265635157976, "ndcg@10": 0.011564359942443102, "ndcg@5": 0.008636836212311422, "recall@10": 0.02243423048584926, "recall@5": 0.013327265635157976, "users_per_second": 431.02751056873893}
2026-09-09 06:23:01,214 | INFO | TRAIN step=28000 loss=6.222643 lr=0.00026726124
2026-09-09 06:23:11,137 | INFO | TRAIN step=28100 loss=6.244676 lr=0.00026678526
2026-09-09 06:23:21,133 | INFO | TRAIN step=28200 loss=6.254127 lr=0.00026631182
2026-09-09 06:30:29,439 | INFO | VALID step=28200 ndcg@10=0.011290 metrics={"evaluated_users": 184584, "hit@10": 0.022130845577081438, "hit@5": 0.013197243531400338, "ndcg@10": 0.011289555939387427, "ndcg@5": 0.008423723822223159, "recall@10": 0.022130845577081438, "recall@5": 0.013197243531400338, "users_per_second": 431.6000031891582}
2026-09-09 06:30:39,372 | INFO | TRAIN step=28300 loss=6.281996 lr=0.00026584089
2026-09-09 06:30:49,289 | INFO | TRAIN step=28400 loss=6.289456 lr=0.00026537245
2026-09-09 06:30:59,206 | INFO | TRAIN step=28500 loss=6.298374 lr=0.00026490647
2026-09-09 06:38:07,469 | INFO | VALID step=28500 ndcg@10=0.011334 metrics={"evaluated_users": 184584, "hit@10": 0.0220008234733238, "hit@5": 0.013327265635157976, "ndcg@10": 0.011334028083516136, "ndcg@5": 0.008558385158327656, "recall@10": 0.0220008234733238, "recall@5": 0.013327265635157976, "users_per_second": 431.8043245159029}
2026-09-09 06:38:17,578 | INFO | TRAIN step=28600 loss=6.323675 lr=0.00026444294
2026-09-09 06:38:27,540 | INFO | TRAIN step=28700 loss=6.263480 lr=0.00026398184
2026-09-09 06:38:37,524 | INFO | TRAIN step=28800 loss=5.831569 lr=0.00026352314
2026-09-09 06:45:46,133 | INFO | VALID step=28800 ndcg@10=0.011103 metrics={"evaluated_users": 184584, "hit@10": 0.021480735058293243, "hit@5": 0.01302929831404672, "ndcg@10": 0.011103365160960376, "ndcg@5": 0.008396372610133322, "recall@10": 0.021480735058293243, "recall@5": 0.01302929831404672, "users_per_second": 431.4928757088412}
2026-09-09 06:45:56,126 | INFO | TRAIN step=28900 loss=5.861827 lr=0.00026306682
2026-09-09 06:46:06,136 | INFO | TRAIN step=29000 loss=5.898748 lr=0.00026261287
2026-09-09 06:46:16,079 | INFO | TRAIN step=29100 loss=5.949267 lr=0.00026216125
2026-09-09 06:53:24,533 | INFO | VALID step=29100 ndcg@10=0.011022 metrics={"evaluated_users": 184584, "hit@10": 0.02161075716205088, "hit@5": 0.012828847570753695, "ndcg@10": 0.011022175720027954, "ndcg@5": 0.008206631516238485, "recall@10": 0.02161075716205088, "recall@5": 0.012828847570753695, "users_per_second": 431.4548491026537}
2026-09-09 06:53:34,520 | INFO | TRAIN step=29200 loss=5.958721 lr=0.00026171196
2026-09-09 06:53:44,503 | INFO | TRAIN step=29300 loss=6.000656 lr=0.00026126497
2026-09-09 06:53:54,494 | INFO | TRAIN step=29400 loss=6.013632 lr=0.00026082027
2026-09-09 07:01:03,075 | INFO | VALID step=29400 ndcg@10=0.010941 metrics={"evaluated_users": 184584, "hit@10": 0.02142655918172756, "hit@5": 0.01300221037576388, "ndcg@10": 0.010941199984857127, "ndcg@5": 0.008240168776663042, "recall@10": 0.02142655918172756, "recall@5": 0.01300221037576388, "users_per_second": 431.4886101411554}
2026-09-09 07:01:13,032 | INFO | TRAIN step=29500 loss=6.032894 lr=0.00026037782
2026-09-09 07:01:22,987 | INFO | TRAIN step=29600 loss=6.062835 lr=0.00025993762
2026-09-09 07:01:33,006 | INFO | TRAIN step=29700 loss=6.097687 lr=0.00025949965
2026-09-09 07:08:41,280 | INFO | VALID step=29700 ndcg@10=0.011228 metrics={"evaluated_users": 184584, "hit@10": 0.021762449616434795, "hit@5": 0.013007627963420448, "ndcg@10": 0.0112280826892057, "ndcg@5": 0.008421914001447121, "recall@10": 0.021762449616434795, "recall@5": 0.013007627963420448, "users_per_second": 431.7946371698552}
2026-09-09 07:08:51,457 | INFO | TRAIN step=29800 loss=6.091011 lr=0.00025906388
2026-09-09 07:09:01,461 | INFO | TRAIN step=29900 loss=6.116280 lr=0.0002586303
2026-09-09 07:09:11,442 | INFO | TRAIN step=30000 loss=6.117413 lr=0.00025819889
2026-09-09 07:16:20,265 | INFO | VALID step=30000 ndcg@10=0.011278 metrics={"evaluated_users": 184584, "hit@10": 0.021892471720192434, "hit@5": 0.013240584232652884, "ndcg@10": 0.011277793629816322, "ndcg@5": 0.008500322052197891, "recall@10": 0.021892471720192434, "recall@5": 0.013240584232652884, "users_per_second": 431.28022899601353}
2026-09-09 07:23:29,383 | INFO | FINAL_RESULT {"best_score": 0.01428111099012748, "best_step": 10500, "branch_factor": 280, "dataset": "amazon:Baby_Products", "din_cache": "/workspace/P78123011/cache/eager/amazon_Baby_Products/din_steps20000_seed2024.pt", "evaluation_users": 184584, "history": [{"loss": 10.764607518513998, "step": 300, "valid": {"evaluated_users": 184584, "hit@10": 0.016198587093139167, "hit@5": 0.009177393490226672, "ndcg@10": 0.0077663305763622376, "ndcg@5": 0.005526047079291882, "recall@10": 0.016198587093139167, "recall@5": 0.009177393490226672, "users_per_second": 486.10443486796896}}, {"loss": 9.853821551005046, "step": 600, "valid": {"evaluated_users": 184584, "hit@10": 0.01870693017813028, "hit@5": 0.009713734668226932, "ndcg@10": 0.008761207112764593, "ndcg@5": 0.0058876080169099915, "recall@10": 0.01870693017813028, "recall@5": 0.009713734668226932, "users_per_second": 440.87108076599907}}, {"loss": 9.560332310994466, "step": 900, "valid": {"evaluated_users": 184584, "hit@10": 0.01956832661552464, "hit@5": 0.01079725219954059, "ndcg@10": 0.009363365387325264, "ndcg@5": 0.006556595531090053, "recall@10": 0.01956832661552464, "recall@5": 0.01079725219954059, "users_per_second": 454.32135456032927}}, {"loss": 9.427218170166016, "step": 1200, "valid": {"evaluated_users": 184584, "hit@10": 0.020429723052918996, "hit@5": 0.01120357127378321, "ndcg@10": 0.009701317283557128, "ndcg@5": 0.006728198150802227, "recall@10": 0.020429723052918996, "recall@5": 0.01120357127378321, "users_per_second": 448.7793488471348}}, {"loss": 9.330688451131184, "step": 1500, "valid": {"evaluated_users": 184584, "hit@10": 0.020695184848090842, "hit@5": 0.011804923503662289, "ndcg@10": 0.010137635545159987, "ndcg@5": 0.0072872084254843265, "recall@10": 0.020695184848090842, "recall@5": 0.011804923503662289, "users_per_second": 442.55578292150443}}, {"loss": 9.249286162058512, "step": 1800, "valid": {"evaluated_users": 184584, "hit@10": 0.021096086334676894, "hit@5": 0.011983703896329042, "ndcg@10": 0.010181026996570017, "ndcg@5": 0.007257251594746439, "recall@10": 0.021096086334676894, "recall@5": 0.011983703896329042, "users_per_second": 445.9734087846438}}, {"loss": 9.01418040593465, "step": 2100, "valid": {"evaluated_users": 184584, "hit@10": 0.020890218003727302, "hit@5": 0.011555714471460149, "ndcg@10": 0.010079529910651665, "ndcg@5": 0.007091547188670119, "recall@10": 0.020890218003727302, "recall@5": 0.011555714471460149, "users_per_second": 443.3489713900702}}, {"loss": 9.001272239685058, "step": 2400, "valid": {"evaluated_users": 184584, "hit@10": 0.02299765960213236, "hit@5": 0.013386859099380227, "ndcg@10": 0.01134011043111379, "ndcg@5": 0.008273363881875379, "recall@10": 0.02299765960213236, "recall@5": 0.013386859099380227, "users_per_second": 439.72335739176293}}, {"loss": 8.95105642636617, "step": 2700, "valid": {"evaluated_users": 184584, "hit@10": 0.02325770380964764, "hit@5": 0.013045551077016427, "ndcg@10": 0.01136193955433203, "ndcg@5": 0.008094018608092337, "recall@10": 0.02325770380964764, "recall@5": 0.013045551077016427, "users_per_second": 442.94586258314934}}, {"loss": 8.926413831710816, "step": 3000, "valid": {"evaluated_users": 184584, "hit@10": 0.024357474103931003, "hit@5": 0.013749837472370303, "ndcg@10": 0.011747269986403169, "ndcg@5": 0.008357210372321122, "recall@10": 0.024357474103931003, "recall@5": 0.013749837472370303, "users_per_second": 441.84408342853294}}, {"loss": 8.88736846923828, "step": 3300, "valid": {"evaluated_users": 184584, "hit@10": 0.025663112729163957, "hit@5": 0.014752091188835435, "ndcg@10": 0.012634173790968678, "ndcg@5": 0.009147074904419999, "recall@10": 0.025663112729163957, "recall@5": 0.014752091188835435, "users_per_second": 440.84063957018026}}, {"loss": 8.84947774251302, "step": 3600, "valid": {"evaluated_users": 184584, "hit@10": 0.025977332813244918, "hit@5": 0.015071728860572965, "ndcg@10": 0.013111504986870342, "ndcg@5": 0.009617835992714574, "recall@10": 0.025977332813244918, "recall@5": 0.015071728860572965, "users_per_second": 438.46722558908164}}, {"loss": 8.553572638829548, "step": 3900, "valid": {"evaluated_users": 184584, "hit@10": 0.025874398647770122, "hit@5": 0.014762926364148572, "ndcg@10": 0.0128233301488658, "ndcg@5": 0.009267261319497346, "recall@10": 0.025874398647770122, "recall@5": 0.014762926364148572, "users_per_second": 440.0581552930374}}, {"loss": 8.590542697906494, "step": 4200, "valid": {"evaluated_users": 184584, "hit@10": 0.025663112729163957, "hit@5": 0.014963377107441599, "ndcg@10": 0.012793154791464, "ndcg@5": 0.009369867144416046, "recall@10": 0.025663112729163957, "recall@5": 0.014963377107441599, "users_per_second": 438.78189917661507}}, {"loss": 8.59758773803711, "step": 4500, "valid": {"evaluated_users": 184584, "hit@10": 0.026215706670133922, "hit@5": 0.015353443418714514, "ndcg@10": 0.013138948045579872, "ndcg@5": 0.009669941921811696, "recall@10": 0.026215706670133922, "recall@5": 0.015353443418714514, "users_per_second": 437.30958863162044}}, {"loss": 8.607454007466634, "step": 4800, "valid": {"evaluated_users": 184584, "hit@10": 0.026643696095002816, "hit@5": 0.015315520305118537, "ndcg@10": 0.013304474428648355, "ndcg@5": 0.009677569560103157, "recall@10": 0.026643696095002816, "recall@5": 0.015315520305118537, "users_per_second": 439.26287324515454}}, {"loss": 8.603953978220622, "step": 5100, "valid": {"evaluated_users": 184584, "hit@10": 0.026768300611103888, "hit@5": 0.015580982100290382, "ndcg@10": 0.013373619207562158, "ndcg@5": 0.00978191903255873, "recall@10": 0.026768300611103888, "recall@5": 0.015580982100290382, "users_per_second": 438.5784981446099}}, {"loss": 8.578805351257325, "step": 5400, "valid": {"evaluated_users": 184584, "hit@10": 0.026687036796255365, "hit@5": 0.015792268018896546, "ndcg@10": 0.013414992217338589, "ndcg@5": 0.009928352425261541, "recall@10": 0.026687036796255365, "recall@5": 0.015792268018896546, "users_per_second": 435.7924447686888}}, {"loss": 8.258746779759726, "step": 5700, "valid": {"evaluated_users": 184584, "hit@10": 0.0265949378060937, "hit@5": 0.015423872058249903, "ndcg@10": 0.013312324651779365, "ndcg@5": 0.009737177140991178, "recall@10": 0.0265949378060937, "recall@5": 0.015423872058249903, "users_per_second": 434.906084204637}}, {"loss": 8.316674100557963, "step": 6000, "valid": {"evaluated_users": 184584, "hit@10": 0.026334893598578425, "hit@5": 0.01549430069778529, "ndcg@10": 0.013405336837306514, "ndcg@5": 0.00993092545439965, "recall@10": 0.026334893598578425, "recall@5": 0.01549430069778529, "users_per_second": 435.1431569460058}}, {"loss": 8.34979383468628, "step": 6300, "valid": {"evaluated_users": 184584, "hit@10": 0.027250465912538466, "hit@5": 0.01606856498938153, "ndcg@10": 0.01372039191734903, "ndcg@5": 0.010150534526859697, "recall@10": 0.027250465912538466, "recall@5": 0.01606856498938153, "users_per_second": 436.2084161971619}}, {"loss": 8.360577173233033, "step": 6600, "valid": {"evaluated_users": 184584, "hit@10": 0.02786265331773068, "hit@5": 0.016399037836432193, "ndcg@10": 0.01399755381603743, "ndcg@5": 0.010316445138620697, "recall@10": 0.02786265331773068, "recall@5": 0.016399037836432193, "users_per_second": 436.11404443137354}}, {"loss": 8.368271249135335, "step": 6900, "valid": {"evaluated_users": 184584, "hit@10": 0.027472587006457765, "hit@5": 0.01663199410566463, "ndcg@10": 0.014044607292083185, "ndcg@5": 0.010560950419581824, "recall@10": 0.027472587006457765, "recall@5": 0.01663199410566463, "users_per_second": 436.10152761212277}}, {"loss": 8.342014983495076, "step": 7200, "valid": {"evaluated_users": 184584, "hit@10": 0.0265949378060937, "hit@5": 0.015960213236250163, "ndcg@10": 0.013569559756603991, "ndcg@5": 0.01015701109461025, "recall@10": 0.0265949378060937, "recall@5": 0.015960213236250163, "users_per_second": 433.70696579897174}}, {"loss": 8.002187740008036, "step": 7500, "valid": {"evaluated_users": 184584, "hit@10": 0.026784553374073594, "hit@5": 0.01587353183374507, "ndcg@10": 0.013639800822133508, "ndcg@5": 0.010139957306469976, "recall@10": 0.026784553374073594, "recall@5": 0.01587353183374507, "users_per_second": 433.77859680782257}}, {"loss": 8.062423639297485, "step": 7800, "valid": {"evaluated_users": 184584, "hit@10": 0.027570103584275994, "hit@5": 0.01640987301174533, "ndcg@10": 0.01406624635395292, "ndcg@5": 0.010485733668696795, "recall@10": 0.027570103584275994, "recall@5": 0.01640987301174533, "users_per_second": 434.0416368950861}}, {"loss": 8.11286258061727, "step": 8100, "valid": {"evaluated_users": 184584, "hit@10": 0.027857235730074113, "hit@5": 0.016371949898149354, "ndcg@10": 0.014110081674909068, "ndcg@5": 0.010429395507214775, "recall@10": 0.027857235730074113, "recall@5": 0.016371949898149354, "users_per_second": 433.4252093186519}}, {"loss": 8.14737011750539, "step": 8400, "valid": {"evaluated_users": 184584, "hit@10": 0.028225631690720756, "hit@5": 0.016588653404412082, "ndcg@10": 0.01422746965574403, "ndcg@5": 0.010497641421092392, "recall@10": 0.028225631690720756, "recall@5": 0.016588653404412082, "users_per_second": 434.08720822669346}}, {"loss": 8.15751426855723, "step": 8700, "valid": {"evaluated_users": 184584, "hit@10": 0.027505092532397173, "hit@5": 0.01640987301174533, "ndcg@10": 0.01400277440049225, "ndcg@5": 0.010446005032567084, "recall@10": 0.027505092532397173, "recall@5": 0.01640987301174533, "users_per_second": 433.6484223843593}}, {"loss": 8.12418314933777, "step": 9000, "valid": {"evaluated_users": 184584, "hit@10": 0.02654076192952802, "hit@5": 0.015965630823906733, "ndcg@10": 0.013720784040152553, "ndcg@5": 0.0103210820881715, "recall@10": 0.02654076192952802, "recall@5": 0.015965630823906733, "users_per_second": 433.3342219124073}}, {"loss": 7.7600335041681925, "step": 9300, "valid": {"evaluated_users": 184584, "hit@10": 0.025890651410739825, "hit@5": 0.01572183937936116, "ndcg@10": 0.013345644037837891, "ndcg@5": 0.010085754442269132, "recall@10": 0.025890651410739825, "recall@5": 0.01572183937936116, "users_per_second": 433.0692573957329}}, {"loss": 7.817982443173727, "step": 9600, "valid": {"evaluated_users": 184584, "hit@10": 0.02673037749750791, "hit@5": 0.016019806700472414, "ndcg@10": 0.01370806043317859, "ndcg@5": 0.010267481468713422, "recall@10": 0.02673037749750791, "recall@5": 0.016019806700472414, "users_per_second": 432.8944589363791}}, {"loss": 7.880291217168172, "step": 9900, "valid": {"evaluated_users": 184584, "hit@10": 0.02707710310752828, "hit@5": 0.01609565292766437, "ndcg@10": 0.013850161534414282, "ndcg@5": 0.010338423273117157, "recall@10": 0.02707710310752828, "recall@5": 0.01609565292766437, "users_per_second": 433.06625372171385}}, {"loss": 7.915781121253968, "step": 10200, "valid": {"evaluated_users": 184584, "hit@10": 0.027131278984093964, "hit@5": 0.016523642352533265, "ndcg@10": 0.013848479189779536, "ndcg@5": 0.010454196248342368, "recall@10": 0.027131278984093964, "recall@5": 0.016523642352533265, "users_per_second": 433.32564300319615}}, {"loss": 7.951644647916158, "step": 10500, "valid": {"evaluated_users": 184584, "hit@10": 0.027797642265851862, "hit@5": 0.016675334806917175, "ndcg@10": 0.01428111099012748, "ndcg@5": 0.010720533790379887, "recall@10": 0.027797642265851862, "recall@5": 0.016675334806917175, "users_per_second": 433.58183772577564}}, {"loss": 7.908896560668945, "step": 10800, "valid": {"evaluated_users": 184584, "hit@10": 0.02632405842326529, "hit@5": 0.015673081090452044, "ndcg@10": 0.013382510125182592, "ndcg@5": 0.009971662820971776, "recall@10": 0.02632405842326529, "recall@5": 0.015673081090452044, "users_per_second": 432.86282271735274}}, {"loss": 7.5122132492065425, "step": 11100, "valid": {"evaluated_users": 184584, "hit@10": 0.026221124257790492, "hit@5": 0.015320937892775105, "ndcg@10": 0.01328205661734256, "ndcg@5": 0.00978756523530109, "recall@10": 0.026221124257790492, "recall@5": 0.015320937892775105, "users_per_second": 432.81128738842915}}, {"loss": 7.601969010035197, "step": 11400, "valid": {"evaluated_users": 184584, "hit@10": 0.026242794608416765, "hit@5": 0.01606856498938153, "ndcg@10": 0.013482821375129714, "ndcg@5": 0.010213115692439665, "recall@10": 0.026242794608416765, "recall@5": 0.01606856498938153, "users_per_second": 432.7725525262308}}, {"loss": 7.655116761525472, "step": 11700, "valid": {"evaluated_users": 184584, "hit@10": 0.02599900316387119, "hit@5": 0.015391366532310493, "ndcg@10": 0.01322858875321369, "ndcg@5": 0.00983043276816396, "recall@10": 0.02599900316387119, "recall@5": 0.015391366532310493, "users_per_second": 432.897961468733}}, {"loss": 7.715881962776184, "step": 12000, "valid": {"evaluated_users": 184584, "hit@10": 0.026622025744376544, "hit@5": 0.01597646599921987, "ndcg@10": 0.013551234178338284, "ndcg@5": 0.010141692537442012, "recall@10": 0.026622025744376544, "recall@5": 0.01597646599921987, "users_per_second": 433.01221935073215}}, {"loss": 7.724962436358134, "step": 12300, "valid": {"evaluated_users": 184584, "hit@10": 0.026703289559225067, "hit@5": 0.016176916742512894, "ndcg@10": 0.013656156429377914, "ndcg@5": 0.010278867938613667, "recall@10": 0.026703289559225067, "recall@5": 0.016176916742512894, "users_per_second": 432.55407313892414}}, {"loss": 7.68324188709259, "step": 12600, "valid": {"evaluated_users": 184584, "hit@10": 0.02571728860572964, "hit@5": 0.015884367009058206, "ndcg@10": 0.013156190360374475, "ndcg@5": 0.010009804745932875, "recall@10": 0.02571728860572964, "recall@5": 0.015884367009058206, "users_per_second": 432.7429787639333}}, {"loss": 7.282236819267273, "step": 12900, "valid": {"evaluated_users": 184584, "hit@10": 0.0253651454080527, "hit@5": 0.015727256967017725, "ndcg@10": 0.013088099644818305, "ndcg@5": 0.01000467494295617, "recall@10": 0.0253651454080527, "recall@5": 0.015727256967017725, "users_per_second": 432.66353206748545}}, {"loss": 7.386727247238159, "step": 13200, "valid": {"evaluated_users": 184584, "hit@10": 0.02500216703506263, "hit@5": 0.015136739912451784, "ndcg@10": 0.012846530329375591, "ndcg@5": 0.009685848826714782, "recall@10": 0.02500216703506263, "recall@5": 0.015136739912451784, "users_per_second": 432.84172104178606}}, {"loss": 7.44539746761322, "step": 13500, "valid": {"evaluated_users": 184584, "hit@10": 0.026275300134356173, "hit@5": 0.015732674554674295, "ndcg@10": 0.013508616197642547, "ndcg@5": 0.010126045922708908, "recall@10": 0.026275300134356173, "recall@5": 0.015732674554674295, "users_per_second": 432.86045233023845}}, {"loss": 7.494847652117412, "step": 13800, "valid": {"evaluated_users": 184584, "hit@10": 0.026280717722012743, "hit@5": 0.016052312226411822, "ndcg@10": 0.013577005037513521, "ndcg@5": 0.010295346843636798, "recall@10": 0.026280717722012743, "recall@5": 0.016052312226411822, "users_per_second": 433.091732455118}}, {"loss": 7.545898469289144, "step": 14100, "valid": {"evaluated_users": 184584, "hit@10": 0.026719542322194773, "hit@5": 0.0159710484115633, "ndcg@10": 0.013724253486115992, "ndcg@5": 0.010274276603218406, "recall@10": 0.026719542322194773, "recall@5": 0.0159710484115633, "users_per_second": 433.15679935343036}}, {"loss": 7.461937239964803, "step": 14400, "valid": {"evaluated_users": 184584, "hit@10": 0.02474754041520392, "hit@5": 0.014811684653057686, "ndcg@10": 0.012700543584391082, "ndcg@5": 0.0095026354427904, "recall@10": 0.02474754041520392, "recall@5": 0.014811684653057686, "users_per_second": 432.8728424924509}}, {"loss": 7.088808450698853, "step": 14700, "valid": {"evaluated_users": 184584, "hit@10": 0.02512135396350713, "hit@5": 0.01524509166558315, "ndcg@10": 0.012893533862919452, "ndcg@5": 0.009728287762828833, "recall@10": 0.02512135396350713, "recall@5": 0.01524509166558315, "users_per_second": 433.03381951170354}}, {"loss": 7.174358293215434, "step": 15000, "valid": {"evaluated_users": 184584, "hit@10": 0.025007584622719195, "hit@5": 0.015380531356997356, "ndcg@10": 0.012915910689754017, "ndcg@5": 0.009838988258173871, "recall@10": 0.025007584622719195, "recall@5": 0.015380531356997356, "users_per_second": 433.0759554539104}}, {"loss": 7.241205679575602, "step": 15300, "valid": {"evaluated_users": 184584, "hit@10": 0.025224288128981927, "hit@5": 0.015039223334633554, "ndcg@10": 0.0129148202165179, "ndcg@5": 0.009651356886082348, "recall@10": 0.025224288128981927, "recall@5": 0.015039223334633554, "users_per_second": 433.0236123699748}}, {"loss": 7.300881101290385, "step": 15600, "valid": {"evaluated_users": 184584, "hit@10": 0.02489923286958783, "hit@5": 0.015299267542148831, "ndcg@10": 0.012889957840740419, "ndcg@5": 0.009812716340764582, "recall@10": 0.02489923286958783, "recall@5": 0.015299267542148831, "users_per_second": 432.83089179039877}}, {"loss": 7.348696907361348, "step": 15900, "valid": {"evaluated_users": 184584, "hit@10": 0.02599900316387119, "hit@5": 0.015786850431239976, "ndcg@10": 0.013454587590881691, "ndcg@5": 0.010177974787004683, "recall@10": 0.02599900316387119, "recall@5": 0.015786850431239976, "users_per_second": 432.8773357192086}}, {"loss": 7.265127015113831, "step": 16200, "valid": {"evaluated_users": 184584, "hit@10": 0.02471503488926451, "hit@5": 0.015201750964330603, "ndcg@10": 0.012800141112423068, "ndcg@5": 0.009756277691305295, "recall@10": 0.02471503488926451, "recall@5": 0.015201750964330603, "users_per_second": 432.86472463645845}}, {"loss": 6.896571227709452, "step": 16500, "valid": {"evaluated_users": 184584, "hit@10": 0.024639188662072552, "hit@5": 0.01470333289992632, "ndcg@10": 0.012623572752362183, "ndcg@5": 0.009443223604487015, "recall@10": 0.024639188662072552, "recall@5": 0.01470333289992632, "users_per_second": 432.7912585631476}}, {"loss": 6.983091894785563, "step": 16800, "valid": {"evaluated_users": 184584, "hit@10": 0.024568760022537165, "hit@5": 0.014692497724613184, "ndcg@10": 0.012548398426557333, "ndcg@5": 0.009373313429685132, "recall@10": 0.024568760022537165, "recall@5": 0.014692497724613184, "users_per_second": 433.02921330693897}}, {"loss": 7.061898053487142, "step": 17100, "valid": {"evaluated_users": 184584, "hit@10": 0.024417067568153254, "hit@5": 0.014838772591340529, "ndcg@10": 0.012640509620094225, "ndcg@5": 0.00956379211997631, "recall@10": 0.024417067568153254, "recall@5": 0.014838772591340529, "users_per_second": 432.95250545497424}}, {"loss": 7.111495381991069, "step": 17400, "valid": {"evaluated_users": 184584, "hit@10": 0.024785463528799897, "hit@5": 0.01495795951978503, "ndcg@10": 0.01278428191568109, "ndcg@5": 0.009630914204678454, "recall@10": 0.024785463528799897, "recall@5": 0.01495795951978503, "users_per_second": 431.8596544072589}}, {"loss": 7.159062377611796, "step": 17700, "valid": {"evaluated_users": 184584, "hit@10": 0.024704199713951373, "hit@5": 0.015082564035886101, "ndcg@10": 0.012822099736913837, "ndcg@5": 0.009743092520766916, "recall@10": 0.024704199713951373, "recall@5": 0.015082564035886101, "users_per_second": 432.3024844701551}}, {"loss": 7.0786891873677575, "step": 18000, "valid": {"evaluated_users": 184584, "hit@10": 0.02353400078013262, "hit@5": 0.014508299744289863, "ndcg@10": 0.012192313130594771, "ndcg@5": 0.009297328068031073, "recall@10": 0.02353400078013262, "recall@5": 0.014508299744289863, "users_per_second": 432.0372601716683}}, {"loss": 6.727297709782918, "step": 18300, "valid": {"evaluated_users": 184584, "hit@10": 0.024092012308759157, "hit@5": 0.01457872838382525, "ndcg@10": 0.012331173824625306, "ndcg@5": 0.009280750813223137, "recall@10": 0.024092012308759157, "recall@5": 0.01457872838382525, "users_per_second": 430.76344337073186}}, {"loss": 6.802353777885437, "step": 18600, "valid": {"evaluated_users": 184584, "hit@10": 0.02388072639015299, "hit@5": 0.014513717331946431, "ndcg@10": 0.01220601150451763, "ndcg@5": 0.009200095335994299, "recall@10": 0.02388072639015299, "recall@5": 0.014513717331946431, "users_per_second": 430.49916297391906}}, {"loss": 6.880479283332825, "step": 18900, "valid": {"evaluated_users": 184584, "hit@10": 0.023777792224678195, "hit@5": 0.014286178650370563, "ndcg@10": 0.012238663266430505, "ndcg@5": 0.009201824245801874, "recall@10": 0.023777792224678195, "recall@5": 0.014286178650370563, "users_per_second": 431.4884348431931}}, {"loss": 6.940209856033325, "step": 19200, "valid": {"evaluated_users": 184584, "hit@10": 0.02402158366922377, "hit@5": 0.014616651497421229, "ndcg@10": 0.01233265364438532, "ndcg@5": 0.009327147053381123, "recall@10": 0.02402158366922377, "recall@5": 0.014616651497421229, "users_per_second": 431.603124055751}}, {"loss": 6.989669520060222, "step": 19500, "valid": {"evaluated_users": 184584, "hit@10": 0.02427079270142591, "hit@5": 0.014752091188835435, "ndcg@10": 0.012439075103263664, "ndcg@5": 0.009392519539786995, "recall@10": 0.02427079270142591, "recall@5": 0.014752091188835435, "users_per_second": 431.63442598414747}}, {"loss": 6.900131929715474, "step": 19800, "valid": {"evaluated_users": 184584, "hit@10": 0.02353400078013262, "hit@5": 0.014416200754128201, "ndcg@10": 0.012215322803771328, "ndcg@5": 0.009283623764820713, "recall@10": 0.02353400078013262, "recall@5": 0.014416200754128201, "users_per_second": 432.0272727995645}}, {"loss": 6.557598082224528, "step": 20100, "valid": {"evaluated_users": 184584, "hit@10": 0.023658605296233693, "hit@5": 0.01438911281584536, "ndcg@10": 0.012216611730291612, "ndcg@5": 0.009245861025599754, "recall@10": 0.023658605296233693, "recall@5": 0.01438911281584536, "users_per_second": 431.6333048085297}}, {"loss": 6.645367240905761, "step": 20400, "valid": {"evaluated_users": 184584, "hit@10": 0.023647770120920557, "hit@5": 0.01420491483552204, "ndcg@10": 0.012114829295456524, "ndcg@5": 0.009096016849323638, "recall@10": 0.023647770120920557, "recall@5": 0.01420491483552204, "users_per_second": 431.61816492037093}}, {"loss": 6.716403444608052, "step": 20700, "valid": {"evaluated_users": 184584, "hit@10": 0.023626099770294284, "hit@5": 0.014226585186148312, "ndcg@10": 0.012145400304150844, "ndcg@5": 0.009131847080228997, "recall@10": 0.023626099770294284, "recall@5": 0.014226585186148312, "users_per_second": 431.56559272334283}}, {"loss": 6.784815791447957, "step": 21000, "valid": {"evaluated_users": 184584, "hit@10": 0.02366944047154683, "hit@5": 0.014399947991158497, "ndcg@10": 0.012258706139327679, "ndcg@5": 0.009295251970848812, "recall@10": 0.02366944047154683, "recall@5": 0.014399947991158497, "users_per_second": 431.9386737693184}}, {"loss": 6.832364978790284, "step": 21300, "valid": {"evaluated_users": 184584, "hit@10": 0.02391864950374897, "hit@5": 0.014318684176309973, "ndcg@10": 0.012262202490155114, "ndcg@5": 0.009182758312163227, "recall@10": 0.02391864950374897, "recall@5": 0.014318684176309973, "users_per_second": 431.4958343213181}}, {"loss": 6.729124304453532, "step": 21600, "valid": {"evaluated_users": 184584, "hit@10": 0.022661769167425128, "hit@5": 0.01369566159580462, "ndcg@10": 0.011760133703717687, "ndcg@5": 0.008882582011518597, "recall@10": 0.022661769167425128, "recall@5": 0.01369566159580462, "users_per_second": 431.3201552478053}}, {"loss": 6.413821740150452, "step": 21900, "valid": {"evaluated_users": 184584, "hit@10": 0.023084341004637455, "hit@5": 0.013766090235340008, "ndcg@10": 0.011895346410463565, "ndcg@5": 0.008906107717282966, "recall@10": 0.023084341004637455, "recall@5": 0.013766090235340008, "users_per_second": 431.2979619239923}}, {"loss": 6.49743549823761, "step": 22200, "valid": {"evaluated_users": 184584, "hit@10": 0.02274845056993022, "hit@5": 0.01369566159580462, "ndcg@10": 0.011691454457012869, "ndcg@5": 0.008792831506182701, "recall@10": 0.02274845056993022, "recall@5": 0.01369566159580462, "users_per_second": 431.7187034262447}}, {"loss": 6.572706087430318, "step": 22500, "valid": {"evaluated_users": 184584, "hit@10": 0.02279179127118277, "hit@5": 0.013961123390976465, "ndcg@10": 0.011751898873481825, "ndcg@5": 0.008913312723043866, "recall@10": 0.02279179127118277, "recall@5": 0.013961123390976465, "users_per_second": 431.86536851743637}}, {"loss": 6.627345542907715, "step": 22800, "valid": {"evaluated_users": 184584, "hit@10": 0.02344190178997096, "hit@5": 0.014307849000996836, "ndcg@10": 0.012021776897250168, "ndcg@5": 0.009097091568842003, "recall@10": 0.02344190178997096, "recall@5": 0.014307849000996836, "users_per_second": 431.806640821128}}, {"loss": 6.68197113831838, "step": 23100, "valid": {"evaluated_users": 184584, "hit@10": 0.02357734148138517, "hit@5": 0.0140748927317644, "ndcg@10": 0.012040372811071037, "ndcg@5": 0.008988728600330105, "recall@10": 0.02357734148138517, "recall@5": 0.0140748927317644, "users_per_second": 432.11191610066527}}, {"loss": 6.56257513999939, "step": 23400, "valid": {"evaluated_users": 184584, "hit@10": 0.02206041693754605, "hit@5": 0.013614397780956095, "ndcg@10": 0.0113691183286428, "ndcg@5": 0.008660608043445175, "recall@10": 0.02206041693754605, "recall@5": 0.013614397780956095, "users_per_second": 431.9763777216289}}, {"loss": 6.277623335520427, "step": 23700, "valid": {"evaluated_users": 184584, "hit@10": 0.022575087764920038, "hit@5": 0.013657738482208642, "ndcg@10": 0.011558297005294508, "ndcg@5": 0.008703818952199086, "recall@10": 0.022575087764920038, "recall@5": 0.013657738482208642, "users_per_second": 432.03149026022015}}, {"loss": 6.350504239400228, "step": 24000, "valid": {"evaluated_users": 184584, "hit@10": 0.0225642525896069, "hit@5": 0.013733584709400597, "ndcg@10": 0.011564806676758995, "ndcg@5": 0.008741036957682996, "recall@10": 0.0225642525896069, "recall@5": 0.013733584709400597, "users_per_second": 431.6750687962906}}, {"loss": 6.437653441429138, "step": 24300, "valid": {"evaluated_users": 184584, "hit@10": 0.022472153599445238, "hit@5": 0.013560221904390412, "ndcg@10": 0.011631723500595995, "ndcg@5": 0.00877793753656748, "recall@10": 0.022472153599445238, "recall@5": 0.013560221904390412, "users_per_second": 431.9160732311801}}, {"loss": 6.487762490908305, "step": 24600, "valid": {"evaluated_users": 184584, "hit@10": 0.02307350582932432, "hit@5": 0.013841936462531963, "ndcg@10": 0.011757696305796076, "ndcg@5": 0.008800352621540003, "recall@10": 0.02307350582932432, "recall@5": 0.013841936462531963, "users_per_second": 431.68919822880144}}, {"loss": 6.532095475196838, "step": 24900, "valid": {"evaluated_users": 184584, "hit@10": 0.023301044510900187, "hit@5": 0.013841936462531963, "ndcg@10": 0.011908360730517178, "ndcg@5": 0.008873090286216247, "recall@10": 0.023301044510900187, "recall@5": 0.013841936462531963, "users_per_second": 431.32863828567525}}, {"loss": 6.430137736002604, "step": 25200, "valid": {"evaluated_users": 184584, "hit@10": 0.022293373206778485, "hit@5": 0.013202661119056906, "ndcg@10": 0.01141933122697754, "ndcg@5": 0.0084990054183715, "recall@10": 0.022293373206778485, "recall@5": 0.013202661119056906, "users_per_second": 431.48784103056664}}, {"loss": 6.1365552282333375, "step": 25500, "valid": {"evaluated_users": 184584, "hit@10": 0.022065834525202617, "hit@5": 0.013462705326572184, "ndcg@10": 0.011323948614447922, "ndcg@5": 0.00856480913379259, "recall@10": 0.022065834525202617, "recall@5": 0.013462705326572184, "users_per_second": 431.4999856892935}}, {"loss": 6.228364005088806, "step": 25800, "valid": {"evaluated_users": 184584, "hit@10": 0.022320461145061327, "hit@5": 0.01331643045984484, "ndcg@10": 0.011350409554898334, "ndcg@5": 0.00845855362280897, "recall@10": 0.022320461145061327, "recall@5": 0.01331643045984484, "users_per_second": 431.8068321258147}}, {"loss": 6.29130266825358, "step": 26100, "valid": {"evaluated_users": 184584, "hit@10": 0.02209292246348546, "hit@5": 0.013311012872188272, "ndcg@10": 0.011398548297813834, "ndcg@5": 0.008579326452366054, "recall@10": 0.02209292246348546, "recall@5": 0.013311012872188272, "users_per_second": 431.64528825080384}}, {"loss": 6.361934027671814, "step": 26400, "valid": {"evaluated_users": 184584, "hit@10": 0.022320461145061327, "hit@5": 0.013419364625319638, "ndcg@10": 0.011443666370642314, "ndcg@5": 0.008590612669731235, "recall@10": 0.022320461145061327, "recall@5": 0.013419364625319638, "users_per_second": 431.58428566624065}}, {"loss": 6.42552915096283, "step": 26700, "valid": {"evaluated_users": 184584, "hit@10": 0.0224450656611624, "hit@5": 0.013646903306895506, "ndcg@10": 0.01154897711720949, "ndcg@5": 0.008723342456495368, "recall@10": 0.0224450656611624, "recall@5": 0.013646903306895506, "users_per_second": 431.5870195489414}}, {"loss": 6.265536556243896, "step": 27000, "valid": {"evaluated_users": 184584, "hit@10": 0.02205499934988948, "hit@5": 0.013381441511723659, "ndcg@10": 0.011259009385895875, "ndcg@5": 0.008478739740102943, "recall@10": 0.02205499934988948, "recall@5": 0.013381441511723659, "users_per_second": 431.83977193701134}}, {"loss": 6.017103718121846, "step": 27300, "valid": {"evaluated_users": 184584, "hit@10": 0.022082087288172323, "hit@5": 0.013170155593117497, "ndcg@10": 0.01124995232054778, "ndcg@5": 0.00838916050846823, "recall@10": 0.022082087288172323, "recall@5": 0.013170155593117497, "users_per_second": 431.7377086119654}}, {"loss": 6.103882455825806, "step": 27600, "valid": {"evaluated_users": 184584, "hit@10": 0.021789537554717634, "hit@5": 0.013013045551077016, "ndcg@10": 0.011186975554340242, "ndcg@5": 0.008367461939798976, "recall@10": 0.021789537554717634, "recall@5": 0.013013045551077016, "users_per_second": 431.5740675802287}}, {"loss": 6.181754735310872, "step": 27900, "valid": {"evaluated_users": 184584, "hit@10": 0.02243423048584926, "hit@5": 0.013327265635157976, "ndcg@10": 0.011564359942443102, "ndcg@5": 0.008636836212311422, "recall@10": 0.02243423048584926, "recall@5": 0.013327265635157976, "users_per_second": 431.02751056873893}}, {"loss": 6.2404818344116215, "step": 28200, "valid": {"evaluated_users": 184584, "hit@10": 0.022130845577081438, "hit@5": 0.013197243531400338, "ndcg@10": 0.011289555939387427, "ndcg@5": 0.008423723822223159, "recall@10": 0.022130845577081438, "recall@5": 0.013197243531400338, "users_per_second": 431.6000031891582}}, {"loss": 6.289941964149475, "step": 28500, "valid": {"evaluated_users": 184584, "hit@10": 0.0220008234733238, "hit@5": 0.013327265635157976, "ndcg@10": 0.011334028083516136, "ndcg@5": 0.008558385158327656, "recall@10": 0.0220008234733238, "recall@5": 0.013327265635157976, "users_per_second": 431.8043245159029}}, {"loss": 6.139574359258016, "step": 28800, "valid": {"evaluated_users": 184584, "hit@10": 0.021480735058293243, "hit@5": 0.01302929831404672, "ndcg@10": 0.011103365160960376, "ndcg@5": 0.008396372610133322, "recall@10": 0.021480735058293243, "recall@5": 0.01302929831404672, "users_per_second": 431.4928757088412}}, {"loss": 5.903280386924743, "step": 29100, "valid": {"evaluated_users": 184584, "hit@10": 0.02161075716205088, "hit@5": 0.012828847570753695, "ndcg@10": 0.011022175720027954, "ndcg@5": 0.008206631516238485, "recall@10": 0.02161075716205088, "recall@5": 0.012828847570753695, "users_per_second": 431.4548491026537}}, {"loss": 5.9910029029846195, "step": 29400, "valid": {"evaluated_users": 184584, "hit@10": 0.02142655918172756, "hit@5": 0.01300221037576388, "ndcg@10": 0.010941199984857127, "ndcg@5": 0.008240168776663042, "recall@10": 0.02142655918172756, "recall@5": 0.01300221037576388, "users_per_second": 431.4886101411554}}, {"loss": 6.06447186311086, "step": 29700, "valid": {"evaluated_users": 184584, "hit@10": 0.021762449616434795, "hit@5": 0.013007627963420448, "ndcg@10": 0.0112280826892057, "ndcg@5": 0.008421914001447121, "recall@10": 0.021762449616434795, "recall@5": 0.013007627963420448, "users_per_second": 431.7946371698552}}, {"loss": 6.108234936396281, "step": 30000, "valid": {"evaluated_users": 184584, "hit@10": 0.021892471720192434, "hit@5": 0.013240584232652884, "ndcg@10": 0.011277793629816322, "ndcg@5": 0.008500322052197891, "recall@10": 0.021892471720192434, "recall@5": 0.013240584232652884, "users_per_second": 431.28022899601353}}], "interaction_cache": "/workspace/P78123011/cache/mamba_multi_agent_data/amazon_Baby_Products_e6e228b87df8.pkl", "method": "EAGER", "monitor_metric": "ndcg@10", "num_items": 77324, "num_users": 184834, "semantic_cache": "/workspace/P78123011/cache/eager/semantic/amazon_Baby_Products_5b6103d64550.pt", "streams": ["DIN_behavior", "T5_semantic"], "test": {"evaluated_users": 184584, "hit@10": 0.024037836432193472, "hit@5": 0.014540805270229272, "ndcg@10": 0.012271464363696968, "ndcg@5": 0.009223972926881112, "recall@10": 0.024037836432193472, "recall@5": 0.014540805270229272, "users_per_second": 431.92321230531905}, "train_examples": 459002, "train_interactions": 1121805, "tree_cache": "/workspace/P78123011/cache/eager/amazon_Baby_Products/trees", "validation": {"evaluated_users": 184584, "hit@10": 0.027797642265851862, "hit@5": 0.016675334806917175, "ndcg@10": 0.01428111099012748, "ndcg@5": 0.010720533790379887, "recall@10": 0.027797642265851862, "recall@5": 0.016675334806917175, "users_per_second": 433.58183772577564}, "visible_gpus": 1}
2026-09-09 07:23:29,384 | INFO | outputs=/workspace/P78123011/MediaTek_2026_project/Reproduce/EAGER/outputs/Baby_Products/eager_20260908_182530_r1
