2026-09-08 18:09:02,254 | INFO | EXPERIMENT_CONFIG {"batch_size": 256, "branch_factor": 0, "cache_dir": "/workspace/P78123011/cache", "d_model": 96, "data_path": null, "dataset": "amazon-all-beauty", "device": "cuda", "din_batch_size": 128, "din_negatives": 60, "din_steps": 20000, "eval_batch_size": 50, "eval_every_steps": 300, "eval_user_limit": 0, "kmeans_iters": 100, "log_every_steps": 100, "max_events": null, "max_train_samples": 0, "maxlen": 19, "min_history": 4, "min_rating": 4.0, "monitor_metric": "ndcg@10", "num_heads": 4, "output_dir": "/workspace/P78123011/MediaTek_2026_project/Reproduce/EAGER/outputs/Full_Beauty/eager_20260908_180859_r1", "predict_candidates": 50, "seed": 2024, "semantic_backend": "t5", "semantic_batch_size": 32, "semantic_max_tokens": 64, "semantic_model_id": "google-t5/t5-base", "train_steps": 30000, "tree_workers": 1, "use_contrastive": false, "use_guide": false}
2026-09-08 18:10:09,664 | INFO | INTERACTION_CACHE miss_saved path=/workspace/P78123011/cache/mamba_multi_agent_data/amazon-all-beauty_90e3e920169a.pkl
2026-09-08 18:10:10,674 | INFO | DIN step=100 loss=9.315698
2026-09-08 18:10:11,295 | INFO | DIN step=200 loss=7.353183
2026-09-08 18:10:11,922 | INFO | DIN step=300 loss=7.198204
2026-09-08 18:10:12,550 | INFO | DIN step=400 loss=6.950549
2026-09-08 18:10:13,177 | INFO | DIN step=500 loss=6.474884
2026-09-08 18:10:13,805 | INFO | DIN step=600 loss=5.413227
2026-09-08 18:10:14,434 | INFO | DIN step=700 loss=3.592740
2026-09-08 18:10:15,061 | INFO | DIN step=800 loss=1.961954
2026-09-08 18:10:15,687 | INFO | DIN step=900 loss=0.934073
2026-09-08 18:10:16,317 | INFO | DIN step=1000 loss=0.533846
2026-09-08 18:10:16,947 | INFO | DIN step=1100 loss=0.397330
2026-09-08 18:10:17,575 | INFO | DIN step=1200 loss=0.290902
2026-09-08 18:10:18,205 | INFO | DIN step=1300 loss=0.251575
2026-09-08 18:10:18,830 | INFO | DIN step=1400 loss=0.231851
2026-09-08 18:10:19,456 | INFO | DIN step=1500 loss=0.181700
2026-09-08 18:10:20,083 | INFO | DIN step=1600 loss=0.172710
2026-09-08 18:10:20,711 | INFO | DIN step=1700 loss=0.158700
2026-09-08 18:10:21,337 | INFO | DIN step=1800 loss=0.141214
2026-09-08 18:10:21,966 | INFO | DIN step=1900 loss=0.158263
2026-09-08 18:10:22,593 | INFO | DIN step=2000 loss=0.126942
2026-09-08 18:10:23,221 | INFO | DIN step=2100 loss=0.118350
2026-09-08 18:10:23,849 | INFO | DIN step=2200 loss=0.124565
2026-09-08 18:10:24,480 | INFO | DIN step=2300 loss=0.102346
2026-09-08 18:10:25,106 | INFO | DIN step=2400 loss=0.107985
2026-09-08 18:10:25,734 | INFO | DIN step=2500 loss=0.090224
2026-09-08 18:10:26,362 | INFO | DIN step=2600 loss=0.098319
2026-09-08 18:10:26,991 | INFO | DIN step=2700 loss=0.112259
2026-09-08 18:10:27,620 | INFO | DIN step=2800 loss=0.078564
2026-09-08 18:10:28,250 | INFO | DIN step=2900 loss=0.090167
2026-09-08 18:10:28,875 | INFO | DIN step=3000 loss=0.077683
2026-09-08 18:10:29,505 | INFO | DIN step=3100 loss=0.086596
2026-09-08 18:10:30,132 | INFO | DIN step=3200 loss=0.076409
2026-09-08 18:10:30,759 | INFO | DIN step=3300 loss=0.102657
2026-09-08 18:10:31,386 | INFO | DIN step=3400 loss=0.074652
2026-09-08 18:10:32,016 | INFO | DIN step=3500 loss=0.065021
2026-09-08 18:10:32,645 | INFO | DIN step=3600 loss=0.054542
2026-09-08 18:10:33,266 | INFO | DIN step=3700 loss=0.052246
2026-09-08 18:10:33,891 | INFO | DIN step=3800 loss=0.050514
2026-09-08 18:10:34,515 | INFO | DIN step=3900 loss=0.045387
2026-09-08 18:10:35,144 | INFO | DIN step=4000 loss=0.054435
2026-09-08 18:10:35,773 | INFO | DIN step=4100 loss=0.059803
2026-09-08 18:10:36,396 | INFO | DIN step=4200 loss=0.070563
2026-09-08 18:10:37,021 | INFO | DIN step=4300 loss=0.058392
2026-09-08 18:10:37,647 | INFO | DIN step=4400 loss=0.065800
2026-09-08 18:10:38,266 | INFO | DIN step=4500 loss=0.065280
2026-09-08 18:10:38,894 | INFO | DIN step=4600 loss=0.075645
2026-09-08 18:10:39,523 | INFO | DIN step=4700 loss=0.074614
2026-09-08 18:10:40,148 | INFO | DIN step=4800 loss=0.051914
2026-09-08 18:10:40,778 | INFO | DIN step=4900 loss=0.046834
2026-09-08 18:10:41,406 | INFO | DIN step=5000 loss=0.056119
2026-09-08 18:10:42,034 | INFO | DIN step=5100 loss=0.043146
2026-09-08 18:10:42,663 | INFO | DIN step=5200 loss=0.042697
2026-09-08 18:10:43,293 | INFO | DIN step=5300 loss=0.046056
2026-09-08 18:10:43,921 | INFO | DIN step=5400 loss=0.052032
2026-09-08 18:10:44,549 | INFO | DIN step=5500 loss=0.044276
2026-09-08 18:10:45,157 | INFO | DIN step=5600 loss=0.033892
2026-09-08 18:10:45,766 | INFO | DIN step=5700 loss=0.034213
2026-09-08 18:10:46,397 | INFO | DIN step=5800 loss=0.032317
2026-09-08 18:10:47,025 | INFO | DIN step=5900 loss=0.025330
2026-09-08 18:10:47,652 | INFO | DIN step=6000 loss=0.030178
2026-09-08 18:10:48,283 | INFO | DIN step=6100 loss=0.028148
2026-09-08 18:10:48,912 | INFO | DIN step=6200 loss=0.023862
2026-09-08 18:10:49,539 | INFO | DIN step=6300 loss=0.023086
2026-09-08 18:10:50,168 | INFO | DIN step=6400 loss=0.020372
2026-09-08 18:10:50,799 | INFO | DIN step=6500 loss=0.017520
2026-09-08 18:10:51,426 | INFO | DIN step=6600 loss=0.016245
2026-09-08 18:10:52,055 | INFO | DIN step=6700 loss=0.015936
2026-09-08 18:10:52,685 | INFO | DIN step=6800 loss=0.014157
2026-09-08 18:10:53,313 | INFO | DIN step=6900 loss=0.018662
2026-09-08 18:10:53,943 | INFO | DIN step=7000 loss=0.019205
2026-09-08 18:10:54,572 | INFO | DIN step=7100 loss=0.012578
2026-09-08 18:10:55,199 | INFO | DIN step=7200 loss=0.016260
2026-09-08 18:10:55,828 | INFO | DIN step=7300 loss=0.010796
2026-09-08 18:10:56,456 | INFO | DIN step=7400 loss=0.011684
2026-09-08 18:10:57,081 | INFO | DIN step=7500 loss=0.012842
2026-09-08 18:10:57,712 | INFO | DIN step=7600 loss=0.013227
2026-09-08 18:10:58,339 | INFO | DIN step=7700 loss=0.009596
2026-09-08 18:10:58,962 | INFO | DIN step=7800 loss=0.009442
2026-09-08 18:10:59,589 | INFO | DIN step=7900 loss=0.010872
2026-09-08 18:11:00,220 | INFO | DIN step=8000 loss=0.010164
2026-09-08 18:11:00,847 | INFO | DIN step=8100 loss=0.008560
2026-09-08 18:11:01,473 | INFO | DIN step=8200 loss=0.005937
2026-09-08 18:11:02,087 | INFO | DIN step=8300 loss=0.007797
2026-09-08 18:11:02,694 | INFO | DIN step=8400 loss=0.003910
2026-09-08 18:11:03,303 | INFO | DIN step=8500 loss=0.005008
2026-09-08 18:11:03,913 | INFO | DIN step=8600 loss=0.006291
2026-09-08 18:11:04,520 | INFO | DIN step=8700 loss=0.006765
2026-09-08 18:11:05,131 | INFO | DIN step=8800 loss=0.004898
2026-09-08 18:11:05,740 | INFO | DIN step=8900 loss=0.006730
2026-09-08 18:11:06,348 | INFO | DIN step=9000 loss=0.006532
2026-09-08 18:11:06,958 | INFO | DIN step=9100 loss=0.003352
2026-09-08 18:11:07,567 | INFO | DIN step=9200 loss=0.005586
2026-09-08 18:11:08,176 | INFO | DIN step=9300 loss=0.004819
2026-09-08 18:11:08,797 | INFO | DIN step=9400 loss=0.005437
2026-09-08 18:11:09,407 | INFO | DIN step=9500 loss=0.004017
2026-09-08 18:11:10,015 | INFO | DIN step=9600 loss=0.005196
2026-09-08 18:11:10,635 | INFO | DIN step=9700 loss=0.004926
2026-09-08 18:11:11,263 | INFO | DIN step=9800 loss=0.006838
2026-09-08 18:11:11,886 | INFO | DIN step=9900 loss=0.005763
2026-09-08 18:11:12,514 | INFO | DIN step=10000 loss=0.006247
2026-09-08 18:11:13,143 | INFO | DIN step=10100 loss=0.002412
2026-09-08 18:11:13,770 | INFO | DIN step=10200 loss=0.003770
2026-09-08 18:11:14,400 | INFO | DIN step=10300 loss=0.006521
2026-09-08 18:11:15,027 | INFO | DIN step=10400 loss=0.003658
2026-09-08 18:11:15,651 | INFO | DIN step=10500 loss=0.003696
2026-09-08 18:11:16,280 | INFO | DIN step=10600 loss=0.002214
2026-09-08 18:11:16,910 | INFO | DIN step=10700 loss=0.002526
2026-09-08 18:11:17,538 | INFO | DIN step=10800 loss=0.001069
2026-09-08 18:11:18,168 | INFO | DIN step=10900 loss=0.002526
2026-09-08 18:11:18,797 | INFO | DIN step=11000 loss=0.002694
2026-09-08 18:11:19,425 | INFO | DIN step=11100 loss=0.003631
2026-09-08 18:11:20,056 | INFO | DIN step=11200 loss=0.002069
2026-09-08 18:11:20,683 | INFO | DIN step=11300 loss=0.003396
2026-09-08 18:11:21,311 | INFO | DIN step=11400 loss=0.002130
2026-09-08 18:11:21,941 | INFO | DIN step=11500 loss=0.001624
2026-09-08 18:11:22,572 | INFO | DIN step=11600 loss=0.005583
2026-09-08 18:11:23,201 | INFO | DIN step=11700 loss=0.002177
2026-09-08 18:11:23,830 | INFO | DIN step=11800 loss=0.001047
2026-09-08 18:11:24,460 | INFO | DIN step=11900 loss=0.003415
2026-09-08 18:11:25,088 | INFO | DIN step=12000 loss=0.002673
2026-09-08 18:11:25,717 | INFO | DIN step=12100 loss=0.003026
2026-09-08 18:11:26,345 | INFO | DIN step=12200 loss=0.001472
2026-09-08 18:11:26,967 | INFO | DIN step=12300 loss=0.001027
2026-09-08 18:11:27,577 | INFO | DIN step=12400 loss=0.001146
2026-09-08 18:11:28,187 | INFO | DIN step=12500 loss=0.001043
2026-09-08 18:11:28,795 | INFO | DIN step=12600 loss=0.002108
2026-09-08 18:11:29,417 | INFO | DIN step=12700 loss=0.000751
2026-09-08 18:11:30,046 | INFO | DIN step=12800 loss=0.002203
2026-09-08 18:11:30,674 | INFO | DIN step=12900 loss=0.000423
2026-09-08 18:11:31,305 | INFO | DIN step=13000 loss=0.001714
2026-09-08 18:11:31,933 | INFO | DIN step=13100 loss=0.001022
2026-09-08 18:11:32,561 | INFO | DIN step=13200 loss=0.001530
2026-09-08 18:11:33,190 | INFO | DIN step=13300 loss=0.001296
2026-09-08 18:11:33,820 | INFO | DIN step=13400 loss=0.000414
2026-09-08 18:11:34,449 | INFO | DIN step=13500 loss=0.001651
2026-09-08 18:11:35,079 | INFO | DIN step=13600 loss=0.003066
2026-09-08 18:11:35,709 | INFO | DIN step=13700 loss=0.000552
2026-09-08 18:11:36,337 | INFO | DIN step=13800 loss=0.002280
2026-09-08 18:11:36,968 | INFO | DIN step=13900 loss=0.001108
2026-09-08 18:11:37,597 | INFO | DIN step=14000 loss=0.002185
2026-09-08 18:11:38,219 | INFO | DIN step=14100 loss=0.000847
2026-09-08 18:11:38,837 | INFO | DIN step=14200 loss=0.001041
2026-09-08 18:11:39,469 | INFO | DIN step=14300 loss=0.000662
2026-09-08 18:11:40,098 | INFO | DIN step=14400 loss=0.001521
2026-09-08 18:11:40,729 | INFO | DIN step=14500 loss=0.001004
2026-09-08 18:11:41,360 | INFO | DIN step=14600 loss=0.003062
2026-09-08 18:11:41,987 | INFO | DIN step=14700 loss=0.000871
2026-09-08 18:11:42,620 | INFO | DIN step=14800 loss=0.001323
2026-09-08 18:11:43,249 | INFO | DIN step=14900 loss=0.002419
2026-09-08 18:11:43,875 | INFO | DIN step=15000 loss=0.000931
2026-09-08 18:11:44,506 | INFO | DIN step=15100 loss=0.000874
2026-09-08 18:11:45,138 | INFO | DIN step=15200 loss=0.001143
2026-09-08 18:11:45,763 | INFO | DIN step=15300 loss=0.002146
2026-09-08 18:11:46,393 | INFO | DIN step=15400 loss=0.000807
2026-09-08 18:11:47,022 | INFO | DIN step=15500 loss=0.000115
2026-09-08 18:11:47,649 | INFO | DIN step=15600 loss=0.000921
2026-09-08 18:11:48,279 | INFO | DIN step=15700 loss=0.001946
2026-09-08 18:11:48,910 | INFO | DIN step=15800 loss=0.000649
2026-09-08 18:11:49,538 | INFO | DIN step=15900 loss=0.000713
2026-09-08 18:11:50,165 | INFO | DIN step=16000 loss=0.000285
2026-09-08 18:11:50,795 | INFO | DIN step=16100 loss=0.000212
2026-09-08 18:11:51,424 | INFO | DIN step=16200 loss=0.000873
2026-09-08 18:11:52,055 | INFO | DIN step=16300 loss=0.000317
2026-09-08 18:11:52,685 | INFO | DIN step=16400 loss=0.000597
2026-09-08 18:11:53,313 | INFO | DIN step=16500 loss=0.001468
2026-09-08 18:11:53,942 | INFO | DIN step=16600 loss=0.001615
2026-09-08 18:11:54,573 | INFO | DIN step=16700 loss=0.000963
2026-09-08 18:11:55,200 | INFO | DIN step=16800 loss=0.000352
2026-09-08 18:11:55,828 | INFO | DIN step=16900 loss=0.001740
2026-09-08 18:11:56,460 | INFO | DIN step=17000 loss=0.000512
2026-09-08 18:11:57,087 | INFO | DIN step=17100 loss=0.001060
2026-09-08 18:11:57,716 | INFO | DIN step=17200 loss=0.000621
2026-09-08 18:11:58,345 | INFO | DIN step=17300 loss=0.000990
2026-09-08 18:11:58,973 | INFO | DIN step=17400 loss=0.000645
2026-09-08 18:11:59,603 | INFO | DIN step=17500 loss=0.000541
2026-09-08 18:12:00,234 | INFO | DIN step=17600 loss=0.000927
2026-09-08 18:12:00,861 | INFO | DIN step=17700 loss=0.001249
2026-09-08 18:12:01,493 | INFO | DIN step=17800 loss=0.001232
2026-09-08 18:12:02,123 | INFO | DIN step=17900 loss=0.000717
2026-09-08 18:12:02,750 | INFO | DIN step=18000 loss=0.000553
2026-09-08 18:12:03,379 | INFO | DIN step=18100 loss=0.000488
2026-09-08 18:12:04,008 | INFO | DIN step=18200 loss=0.000472
2026-09-08 18:12:04,636 | INFO | DIN step=18300 loss=0.001000
2026-09-08 18:12:05,266 | INFO | DIN step=18400 loss=0.000163
2026-09-08 18:12:05,896 | INFO | DIN step=18500 loss=0.000910
2026-09-08 18:12:06,521 | INFO | DIN step=18600 loss=0.001093
2026-09-08 18:12:07,148 | INFO | DIN step=18700 loss=0.000023
2026-09-08 18:12:07,777 | INFO | DIN step=18800 loss=0.000384
2026-09-08 18:12:08,403 | INFO | DIN step=18900 loss=0.000183
2026-09-08 18:12:09,030 | INFO | DIN step=19000 loss=0.000345
2026-09-08 18:12:09,657 | INFO | DIN step=19100 loss=0.000163
2026-09-08 18:12:10,284 | INFO | DIN step=19200 loss=0.000745
2026-09-08 18:12:10,914 | INFO | DIN step=19300 loss=0.000744
2026-09-08 18:12:11,544 | INFO | DIN step=19400 loss=0.000244
2026-09-08 18:12:12,173 | INFO | DIN step=19500 loss=0.000577
2026-09-08 18:12:12,805 | INFO | DIN step=19600 loss=0.000660
2026-09-08 18:12:13,434 | INFO | DIN step=19700 loss=0.000103
2026-09-08 18:12:14,063 | INFO | DIN step=19800 loss=0.000476
2026-09-08 18:12:14,692 | INFO | DIN step=19900 loss=0.000616
2026-09-08 18:12:15,321 | INFO | DIN step=20000 loss=0.000427
2026-09-08 18:12:15,326 | INFO | DIN_CACHE saved path=/workspace/P78123011/cache/eager/amazon-all-beauty/din_steps20000_seed2024.pt
2026-09-08 18:12:35,243 | INFO | TRAIN step=100 loss=8.232355 lr=5.0095e-05
2026-09-08 18:12:37,023 | INFO | TRAIN step=200 loss=7.749373 lr=0.00010009
2026-09-08 18:12:38,755 | INFO | TRAIN step=300 loss=7.326670 lr=0.000150085
2026-09-08 18:12:40,923 | INFO | VALID step=300 ndcg@10=0.003789 metrics={"evaluated_users": 1457, "hit@10": 0.0061770761839396015, "hit@5": 0.004118050789293068, "ndcg@10": 0.003788717996376127, "ndcg@5": 0.003083241502895157, "recall@10": 0.0061770761839396015, "recall@5": 0.004118050789293068, "users_per_second": 673.4125770685615}
2026-09-08 18:12:42,675 | INFO | TRAIN step=400 loss=7.006975 lr=0.00020008
2026-09-08 18:12:44,406 | INFO | TRAIN step=500 loss=6.513410 lr=0.000250075
2026-09-08 18:12:46,142 | INFO | TRAIN step=600 loss=5.878622 lr=0.00030007
2026-09-08 18:12:48,511 | INFO | VALID step=600 ndcg@10=0.005649 metrics={"evaluated_users": 1457, "hit@10": 0.01098146877144818, "hit@5": 0.004118050789293068, "ndcg@10": 0.005649181093341521, "ndcg@5": 0.003443913905838023, "recall@10": 0.01098146877144818, "recall@5": 0.004118050789293068, "users_per_second": 616.1223342098227}
2026-09-08 18:12:50,292 | INFO | TRAIN step=700 loss=5.168941 lr=0.000350065
2026-09-08 18:12:52,095 | INFO | TRAIN step=800 loss=4.435695 lr=0.00040006
2026-09-08 18:12:53,894 | INFO | TRAIN step=900 loss=3.740408 lr=0.000450055
2026-09-08 18:12:56,263 | INFO | VALID step=900 ndcg@10=0.006038 metrics={"evaluated_users": 1457, "hit@10": 0.012354152367879203, "hit@5": 0.008236101578586136, "ndcg@10": 0.00603776956247657, "ndcg@5": 0.004746219833568896, "recall@10": 0.012354152367879203, "recall@5": 0.008236101578586136, "users_per_second": 616.0940945160393}
2026-09-08 18:12:58,084 | INFO | TRAIN step=1000 loss=3.088843 lr=0.00050005
2026-09-08 18:12:59,880 | INFO | TRAIN step=1100 loss=2.512457 lr=0.000550045
2026-09-08 18:13:01,680 | INFO | TRAIN step=1200 loss=2.005564 lr=0.00060004
2026-09-08 18:13:04,047 | INFO | VALID step=1200 ndcg@10=0.006663 metrics={"evaluated_users": 1457, "hit@10": 0.013040494166094716, "hit@5": 0.0075497597803706245, "ndcg@10": 0.006663058078580098, "ndcg@5": 0.0049064600647751935, "recall@10": 0.013040494166094716, "recall@5": 0.0075497597803706245, "users_per_second": 616.5554325582947}
2026-09-08 18:13:05,867 | INFO | TRAIN step=1300 loss=1.571622 lr=0.000650035
2026-09-08 18:13:07,659 | INFO | TRAIN step=1400 loss=1.239546 lr=0.00070003
2026-09-08 18:13:09,457 | INFO | TRAIN step=1500 loss=0.992813 lr=0.000750025
2026-09-08 18:13:11,825 | INFO | VALID step=1500 ndcg@10=0.008380 metrics={"evaluated_users": 1457, "hit@10": 0.014413177762525738, "hit@5": 0.008922443376801648, "ndcg@10": 0.008380029266411376, "ndcg@5": 0.006514950493972714, "recall@10": 0.014413177762525738, "recall@5": 0.008922443376801648, "users_per_second": 616.3516431168665}
2026-09-08 18:13:13,641 | INFO | TRAIN step=1600 loss=0.796726 lr=0.00080002
2026-09-08 18:13:15,442 | INFO | TRAIN step=1700 loss=0.634641 lr=0.000850015
2026-09-08 18:13:17,243 | INFO | TRAIN step=1800 loss=0.520693 lr=0.00090001
2026-09-08 18:13:19,616 | INFO | VALID step=1800 ndcg@10=0.005805 metrics={"evaluated_users": 1457, "hit@10": 0.013040494166094716, "hit@5": 0.0068634179821551134, "ndcg@10": 0.0058048130717769115, "ndcg@5": 0.003909859328936664, "recall@10": 0.013040494166094716, "recall@5": 0.0068634179821551134, "users_per_second": 615.0931062548137}
2026-09-08 18:13:21,541 | INFO | TRAIN step=1900 loss=0.440623 lr=0.000950005
2026-09-08 18:13:23,344 | INFO | TRAIN step=2000 loss=0.403028 lr=0.001
2026-09-08 18:13:25,139 | INFO | TRAIN step=2100 loss=0.345627 lr=0.00097590007
2026-09-08 18:13:27,509 | INFO | VALID step=2100 ndcg@10=0.006599 metrics={"evaluated_users": 1457, "hit@10": 0.013040494166094716, "hit@5": 0.009608785175017159, "ndcg@10": 0.006598605023268994, "ndcg@5": 0.0055655576805648714, "recall@10": 0.013040494166094716, "recall@5": 0.009608785175017159, "users_per_second": 615.6404867718528}
2026-09-08 18:13:29,301 | INFO | TRAIN step=2200 loss=0.284124 lr=0.00095346259
2026-09-08 18:13:31,040 | INFO | TRAIN step=2300 loss=0.247849 lr=0.00093250481
2026-09-08 18:13:32,783 | INFO | TRAIN step=2400 loss=0.215068 lr=0.00091287093
2026-09-08 18:13:35,155 | INFO | VALID step=2400 ndcg@10=0.006599 metrics={"evaluated_users": 1457, "hit@10": 0.014413177762525738, "hit@5": 0.0061770761839396015, "ndcg@10": 0.006598679536587014, "ndcg@5": 0.003889152282212393, "recall@10": 0.014413177762525738, "recall@5": 0.0061770761839396015, "users_per_second": 615.3343589376743}
2026-09-08 18:13:36,902 | INFO | TRAIN step=2500 loss=0.188523 lr=0.00089442719
2026-09-08 18:13:38,641 | INFO | TRAIN step=2600 loss=0.173797 lr=0.00087705802
2026-09-08 18:13:40,381 | INFO | TRAIN step=2700 loss=0.157855 lr=0.00086066297
2026-09-08 18:13:42,752 | INFO | VALID step=2700 ndcg@10=0.006461 metrics={"evaluated_users": 1457, "hit@10": 0.013726835964310227, "hit@5": 0.0075497597803706245, "ndcg@10": 0.006461354919693587, "ndcg@5": 0.004527914504637508, "recall@10": 0.013726835964310227, "recall@5": 0.0075497597803706245, "users_per_second": 615.596232792363}
2026-09-08 18:13:44,503 | INFO | TRAIN step=2800 loss=0.142110 lr=0.00084515425
2026-09-08 18:13:46,245 | INFO | TRAIN step=2900 loss=0.135736 lr=0.0008304548
2026-09-08 18:13:47,986 | INFO | TRAIN step=3000 loss=0.129383 lr=0.00081649658
2026-09-08 18:13:50,357 | INFO | VALID step=3000 ndcg@10=0.006873 metrics={"evaluated_users": 1457, "hit@10": 0.015099519560741249, "hit@5": 0.008236101578586136, "ndcg@10": 0.006872906164296732, "ndcg@5": 0.004716141761613609, "recall@10": 0.015099519560741249, "recall@5": 0.008236101578586136, "users_per_second": 615.4398190278135}
2026-09-08 18:13:52,096 | INFO | TRAIN step=3100 loss=0.117981 lr=0.00080321933
2026-09-08 18:13:53,895 | INFO | TRAIN step=3200 loss=0.116883 lr=0.00079056942
2026-09-08 18:13:55,695 | INFO | TRAIN step=3300 loss=0.112518 lr=0.00077849894
2026-09-08 18:13:58,066 | INFO | VALID step=3300 ndcg@10=0.006381 metrics={"evaluated_users": 1457, "hit@10": 0.013726835964310227, "hit@5": 0.0075497597803706245, "ndcg@10": 0.006381088614787929, "ndcg@5": 0.004407973870176074, "recall@10": 0.013726835964310227, "recall@5": 0.0075497597803706245, "users_per_second": 615.532351467469}
2026-09-08 18:13:59,866 | INFO | TRAIN step=3400 loss=0.098306 lr=0.00076696499
2026-09-08 18:14:01,665 | INFO | TRAIN step=3500 loss=0.101496 lr=0.00075592895
2026-09-08 18:14:03,471 | INFO | TRAIN step=3600 loss=0.096349 lr=0.00074535599
2026-09-08 18:14:05,843 | INFO | VALID step=3600 ndcg@10=0.006877 metrics={"evaluated_users": 1457, "hit@10": 0.014413177762525738, "hit@5": 0.009608785175017159, "ndcg@10": 0.006877112109841858, "ndcg@5": 0.005337030826843905, "recall@10": 0.014413177762525738, "recall@5": 0.009608785175017159, "users_per_second": 615.3782776281918}
2026-09-08 18:14:07,755 | INFO | TRAIN step=3700 loss=0.094398 lr=0.00073521462
2026-09-08 18:14:09,551 | INFO | TRAIN step=3800 loss=0.086004 lr=0.00072547625
2026-09-08 18:14:11,352 | INFO | TRAIN step=3900 loss=0.080870 lr=0.00071611487
2026-09-08 18:14:13,721 | INFO | VALID step=3900 ndcg@10=0.006485 metrics={"evaluated_users": 1457, "hit@10": 0.014413177762525738, "hit@5": 0.008236101578586136, "ndcg@10": 0.006485122805238694, "ndcg@5": 0.0045185434794064935, "recall@10": 0.014413177762525738, "recall@5": 0.008236101578586136, "users_per_second": 615.9784577879466}
2026-09-08 18:14:15,521 | INFO | TRAIN step=4000 loss=0.076863 lr=0.00070710678
2026-09-08 18:14:17,319 | INFO | TRAIN step=4100 loss=0.078938 lr=0.0006984303
2026-09-08 18:14:19,115 | INFO | TRAIN step=4200 loss=0.079242 lr=0.00069006556
2026-09-08 18:14:21,483 | INFO | VALID step=4200 ndcg@10=0.006222 metrics={"evaluated_users": 1457, "hit@10": 0.011667810569663692, "hit@5": 0.0075497597803706245, "ndcg@10": 0.006222312853994093, "ndcg@5": 0.004799095998433935, "recall@10": 0.011667810569663692, "recall@5": 0.0075497597803706245, "users_per_second": 616.2500294102301}
2026-09-08 18:14:23,289 | INFO | TRAIN step=4300 loss=0.071684 lr=0.00068199434
2026-09-08 18:14:25,083 | INFO | TRAIN step=4400 loss=0.074116 lr=0.00067419986
2026-09-08 18:14:26,884 | INFO | TRAIN step=4500 loss=0.074322 lr=0.00066666667
2026-09-08 18:14:29,260 | INFO | VALID step=4500 ndcg@10=0.006881 metrics={"evaluated_users": 1457, "hit@10": 0.012354152367879203, "hit@5": 0.009608785175017159, "ndcg@10": 0.006881270938077219, "ndcg@5": 0.006040874128894527, "recall@10": 0.012354152367879203, "recall@5": 0.009608785175017159, "users_per_second": 614.4537925854394}
2026-09-08 18:14:31,069 | INFO | TRAIN step=4600 loss=0.069659 lr=0.00065938047
2026-09-08 18:14:32,860 | INFO | TRAIN step=4700 loss=0.066724 lr=0.00065232807
2026-09-08 18:14:34,642 | INFO | TRAIN step=4800 loss=0.061524 lr=0.00064549722
2026-09-08 18:14:37,012 | INFO | VALID step=4800 ndcg@10=0.006967 metrics={"evaluated_users": 1457, "hit@10": 0.013726835964310227, "hit@5": 0.004118050789293068, "ndcg@10": 0.006966958628148594, "ndcg@5": 0.0037748798901853123, "recall@10": 0.013726835964310227, "recall@5": 0.004118050789293068, "users_per_second": 615.8456007101933}
2026-09-08 18:14:38,802 | INFO | TRAIN step=4900 loss=0.059705 lr=0.00063887656
2026-09-08 18:14:40,587 | INFO | TRAIN step=5000 loss=0.057401 lr=0.00063245553
2026-09-08 18:14:42,379 | INFO | TRAIN step=5100 loss=0.057425 lr=0.00062622429
2026-09-08 18:14:44,749 | INFO | VALID step=5100 ndcg@10=0.005358 metrics={"evaluated_users": 1457, "hit@10": 0.009608785175017159, "hit@5": 0.0068634179821551134, "ndcg@10": 0.005358360465919127, "ndcg@5": 0.004510413000802398, "recall@10": 0.009608785175017159, "recall@5": 0.0068634179821551134, "users_per_second": 615.7905295931182}
2026-09-08 18:14:46,549 | INFO | TRAIN step=5200 loss=0.056642 lr=0.00062017367
2026-09-08 18:14:48,296 | INFO | TRAIN step=5300 loss=0.054772 lr=0.00061429512
2026-09-08 18:14:50,150 | INFO | TRAIN step=5400 loss=0.051221 lr=0.00060858062
2026-09-08 18:14:52,520 | INFO | VALID step=5400 ndcg@10=0.004989 metrics={"evaluated_users": 1457, "hit@10": 0.008922443376801648, "hit@5": 0.0061770761839396015, "ndcg@10": 0.0049886269305742395, "ndcg@5": 0.004146535054970371, "recall@10": 0.008922443376801648, "recall@5": 0.0061770761839396015, "users_per_second": 615.877995936239}
2026-09-08 18:14:54,261 | INFO | TRAIN step=5500 loss=0.058095 lr=0.00060302269
2026-09-08 18:14:55,999 | INFO | TRAIN step=5600 loss=0.051719 lr=0.0005976143
2026-09-08 18:14:57,765 | INFO | TRAIN step=5700 loss=0.052916 lr=0.00059234888
2026-09-08 18:15:00,138 | INFO | VALID step=5700 ndcg@10=0.004979 metrics={"evaluated_users": 1457, "hit@10": 0.009608785175017159, "hit@5": 0.0061770761839396015, "ndcg@10": 0.004979293790634196, "ndcg@5": 0.003850074838385802, "recall@10": 0.009608785175017159, "recall@5": 0.0061770761839396015, "users_per_second": 615.0580265399838}
2026-09-08 18:15:01,932 | INFO | TRAIN step=5800 loss=0.047124 lr=0.00058722022
2026-09-08 18:15:03,672 | INFO | TRAIN step=5900 loss=0.050644 lr=0.00058222251
2026-09-08 18:15:05,415 | INFO | TRAIN step=6000 loss=0.046374 lr=0.00057735027
2026-09-08 18:15:07,787 | INFO | VALID step=6000 ndcg@10=0.006416 metrics={"evaluated_users": 1457, "hit@10": 0.013040494166094716, "hit@5": 0.0075497597803706245, "ndcg@10": 0.006415879899407398, "ndcg@5": 0.004691360278732968, "recall@10": 0.013040494166094716, "recall@5": 0.0075497597803706245, "users_per_second": 615.1383124628683}
2026-09-08 18:15:09,528 | INFO | TRAIN step=6100 loss=0.046124 lr=0.00057259833
2026-09-08 18:15:11,270 | INFO | TRAIN step=6200 loss=0.048212 lr=0.00056796183
2026-09-08 18:15:13,011 | INFO | TRAIN step=6300 loss=0.047571 lr=0.00056343617
2026-09-08 18:15:15,384 | INFO | VALID step=6300 ndcg@10=0.006897 metrics={"evaluated_users": 1457, "hit@10": 0.013726835964310227, "hit@5": 0.008236101578586136, "ndcg@10": 0.006896742066486506, "ndcg@5": 0.0051845498842574425, "recall@10": 0.013726835964310227, "recall@5": 0.008236101578586136, "users_per_second": 614.916398222252}
2026-09-08 18:15:17,133 | INFO | TRAIN step=6400 loss=0.047739 lr=0.00055901699
2026-09-08 18:15:18,879 | INFO | TRAIN step=6500 loss=0.042263 lr=0.0005547002
2026-09-08 18:15:20,622 | INFO | TRAIN step=6600 loss=0.042307 lr=0.00055048188
2026-09-08 18:15:22,996 | INFO | VALID step=6600 ndcg@10=0.007272 metrics={"evaluated_users": 1457, "hit@10": 0.013040494166094716, "hit@5": 0.01029512697323267, "ndcg@10": 0.007272393066335083, "ndcg@5": 0.006431996257152388, "recall@10": 0.013040494166094716, "recall@5": 0.01029512697323267, "users_per_second": 614.7521693946128}
2026-09-08 18:15:24,740 | INFO | TRAIN step=6700 loss=0.046941 lr=0.00054635836
2026-09-08 18:15:26,485 | INFO | TRAIN step=6800 loss=0.043907 lr=0.00054232614
2026-09-08 18:15:28,231 | INFO | TRAIN step=6900 loss=0.042131 lr=0.0005383819
2026-09-08 18:15:30,604 | INFO | VALID step=6900 ndcg@10=0.008449 metrics={"evaluated_users": 1457, "hit@10": 0.016472203157172273, "hit@5": 0.01029512697323267, "ndcg@10": 0.008448575334954222, "ndcg@5": 0.006479575832942785, "recall@10": 0.016472203157172273, "recall@5": 0.01029512697323267, "users_per_second": 615.0285608448908}
2026-09-08 18:15:32,359 | INFO | TRAIN step=7000 loss=0.037026 lr=0.00053452248
2026-09-08 18:15:34,118 | INFO | TRAIN step=7100 loss=0.036980 lr=0.00053074489
2026-09-08 18:15:35,981 | INFO | TRAIN step=7200 loss=0.037602 lr=0.00052704628
2026-09-08 18:15:38,355 | INFO | VALID step=7200 ndcg@10=0.008929 metrics={"evaluated_users": 1457, "hit@10": 0.016472203157172273, "hit@5": 0.008922443376801648, "ndcg@10": 0.00892901764702928, "ndcg@5": 0.0065096539048980695, "recall@10": 0.016472203157172273, "recall@5": 0.008922443376801648, "users_per_second": 614.857486881784}
2026-09-08 18:15:40,099 | INFO | TRAIN step=7300 loss=0.035550 lr=0.00052342392
2026-09-08 18:15:41,833 | INFO | TRAIN step=7400 loss=0.037569 lr=0.00051987524
2026-09-08 18:15:43,573 | INFO | TRAIN step=7500 loss=0.038078 lr=0.00051639778
2026-09-08 18:15:45,946 | INFO | VALID step=7500 ndcg@10=0.007411 metrics={"evaluated_users": 1457, "hit@10": 0.013726835964310227, "hit@5": 0.01029512697323267, "ndcg@10": 0.007411442803900321, "ndcg@5": 0.006264104393540848, "recall@10": 0.013726835964310227, "recall@5": 0.01029512697323267, "users_per_second": 615.0210806211167}
2026-09-08 18:15:47,696 | INFO | TRAIN step=7600 loss=0.033593 lr=0.00051298918
2026-09-08 18:15:49,439 | INFO | TRAIN step=7700 loss=0.029332 lr=0.00050964719
2026-09-08 18:15:51,184 | INFO | TRAIN step=7800 loss=0.032741 lr=0.00050636968
2026-09-08 18:15:53,555 | INFO | VALID step=7800 ndcg@10=0.008206 metrics={"evaluated_users": 1457, "hit@10": 0.015099519560741249, "hit@5": 0.008922443376801648, "ndcg@10": 0.008205614044797522, "ndcg@5": 0.0061486098485954935, "recall@10": 0.015099519560741249, "recall@5": 0.008922443376801648, "users_per_second": 615.4307857234954}
2026-09-08 18:15:55,302 | INFO | TRAIN step=7900 loss=0.032801 lr=0.00050315461
2026-09-08 18:15:57,102 | INFO | TRAIN step=8000 loss=0.034551 lr=0.0005
2026-09-08 18:15:58,867 | INFO | TRAIN step=8100 loss=0.033238 lr=0.00049690399
2026-09-08 18:16:01,236 | INFO | VALID step=8100 ndcg@10=0.007329 metrics={"evaluated_users": 1457, "hit@10": 0.013726835964310227, "hit@5": 0.008922443376801648, "ndcg@10": 0.0073289509454499985, "ndcg@5": 0.005780657466607097, "recall@10": 0.013726835964310227, "recall@5": 0.008922443376801648, "users_per_second": 616.0008537762435}
2026-09-08 18:16:02,980 | INFO | TRAIN step=8200 loss=0.035798 lr=0.0004938648
2026-09-08 18:16:04,767 | INFO | TRAIN step=8300 loss=0.032948 lr=0.00049088069
2026-09-08 18:16:06,559 | INFO | TRAIN step=8400 loss=0.030026 lr=0.00048795004
2026-09-08 18:16:08,926 | INFO | VALID step=8400 ndcg@10=0.010005 metrics={"evaluated_users": 1457, "hit@10": 0.016472203157172273, "hit@5": 0.011667810569663692, "ndcg@10": 0.010004567431657303, "ndcg@5": 0.008478445083678747, "recall@10": 0.016472203157172273, "recall@5": 0.011667810569663692, "users_per_second": 616.6518136583136}
2026-09-08 18:16:10,731 | INFO | TRAIN step=8500 loss=0.028894 lr=0.00048507125
2026-09-08 18:16:12,516 | INFO | TRAIN step=8600 loss=0.027701 lr=0.00048224282
2026-09-08 18:16:14,303 | INFO | TRAIN step=8700 loss=0.029623 lr=0.0004794633
2026-09-08 18:16:16,671 | INFO | VALID step=8700 ndcg@10=0.008300 metrics={"evaluated_users": 1457, "hit@10": 0.015785861358956762, "hit@5": 0.008236101578586136, "ndcg@10": 0.008299849987348335, "ndcg@5": 0.005858315114352779, "recall@10": 0.015785861358956762, "recall@5": 0.008236101578586136, "users_per_second": 616.4405990479339}
2026-09-08 18:16:18,460 | INFO | TRAIN step=8800 loss=0.027854 lr=0.00047673129
2026-09-08 18:16:20,260 | INFO | TRAIN step=8900 loss=0.030663 lr=0.00047404546
2026-09-08 18:16:22,208 | INFO | TRAIN step=9000 loss=0.030749 lr=0.00047140452
2026-09-08 18:16:24,581 | INFO | VALID step=9000 ndcg@10=0.007757 metrics={"evaluated_users": 1457, "hit@10": 0.015785861358956762, "hit@5": 0.008236101578586136, "ndcg@10": 0.007757186556005789, "ndcg@5": 0.005252464853412401, "recall@10": 0.015785861358956762, "recall@5": 0.008236101578586136, "users_per_second": 614.8461053668567}
2026-09-08 18:16:26,383 | INFO | TRAIN step=9100 loss=0.030199 lr=0.00046880723
2026-09-08 18:16:28,180 | INFO | TRAIN step=9200 loss=0.031873 lr=0.0004662524
2026-09-08 18:16:29,968 | INFO | TRAIN step=9300 loss=0.028892 lr=0.0004637389
2026-09-08 18:16:32,341 | INFO | VALID step=9300 ndcg@10=0.010343 metrics={"evaluated_users": 1457, "hit@10": 0.01990391214824983, "hit@5": 0.011667810569663692, "ndcg@10": 0.01034265798835604, "ndcg@5": 0.007641234079487952, "recall@10": 0.01990391214824983, "recall@5": 0.011667810569663692, "users_per_second": 615.2068176307425}
2026-09-08 18:16:34,144 | INFO | TRAIN step=9400 loss=0.025754 lr=0.0004612656
2026-09-08 18:16:35,935 | INFO | TRAIN step=9500 loss=0.024887 lr=0.00045883147
2026-09-08 18:16:37,728 | INFO | TRAIN step=9600 loss=0.025732 lr=0.00045643546
2026-09-08 18:16:40,102 | INFO | VALID step=9600 ndcg@10=0.011140 metrics={"evaluated_users": 1457, "hit@10": 0.02059025394646534, "hit@5": 0.013726835964310227, "ndcg@10": 0.011139529815654676, "ndcg@5": 0.008996044518724154, "recall@10": 0.02059025394646534, "recall@5": 0.013726835964310227, "users_per_second": 614.7102957337355}
2026-09-08 18:16:41,912 | INFO | TRAIN step=9700 loss=0.028079 lr=0.00045407661
2026-09-08 18:16:43,715 | INFO | TRAIN step=9800 loss=0.026359 lr=0.00045175395
2026-09-08 18:16:45,504 | INFO | TRAIN step=9900 loss=0.024437 lr=0.00044946657
2026-09-08 18:16:47,878 | INFO | VALID step=9900 ndcg@10=0.008446 metrics={"evaluated_users": 1457, "hit@10": 0.016472203157172273, "hit@5": 0.008236101578586136, "ndcg@10": 0.008446218728622133, "ndcg@5": 0.005793234034727273, "recall@10": 0.016472203157172273, "recall@5": 0.008236101578586136, "users_per_second": 614.6248670274352}
2026-09-08 18:16:49,672 | INFO | TRAIN step=10000 loss=0.026365 lr=0.0004472136
2026-09-08 18:16:51,465 | INFO | TRAIN step=10100 loss=0.024731 lr=0.00044499416
2026-09-08 18:16:53,255 | INFO | TRAIN step=10200 loss=0.025489 lr=0.00044280744
2026-09-08 18:16:55,624 | INFO | VALID step=10200 ndcg@10=0.009849 metrics={"evaluated_users": 1457, "hit@10": 0.018531228551818806, "hit@5": 0.009608785175017159, "ndcg@10": 0.009849066675221218, "ndcg@5": 0.006930110798391799, "recall@10": 0.018531228551818806, "recall@5": 0.009608785175017159, "users_per_second": 615.8989037560893}
2026-09-08 18:16:57,418 | INFO | TRAIN step=10300 loss=0.026382 lr=0.00044065265
2026-09-08 18:16:59,211 | INFO | TRAIN step=10400 loss=0.022014 lr=0.00043852901
2026-09-08 18:17:01,003 | INFO | TRAIN step=10500 loss=0.021763 lr=0.00043643578
2026-09-08 18:17:03,372 | INFO | VALID step=10500 ndcg@10=0.007519 metrics={"evaluated_users": 1457, "hit@10": 0.013726835964310227, "hit@5": 0.0075497597803706245, "ndcg@10": 0.007518601480122129, "ndcg@5": 0.005519218651401393, "recall@10": 0.013726835964310227, "recall@5": 0.0075497597803706245, "users_per_second": 616.0318637945115}
2026-09-08 18:17:05,165 | INFO | TRAIN step=10600 loss=0.024338 lr=0.00043437224
2026-09-08 18:17:06,958 | INFO | TRAIN step=10700 loss=0.023747 lr=0.0004323377
2026-09-08 18:17:08,864 | INFO | TRAIN step=10800 loss=0.024073 lr=0.00043033148
2026-09-08 18:17:11,239 | INFO | VALID step=10800 ndcg@10=0.008375 metrics={"evaluated_users": 1457, "hit@10": 0.014413177762525738, "hit@5": 0.008922443376801648, "ndcg@10": 0.008375049382346345, "ndcg@5": 0.006664597547029725, "recall@10": 0.014413177762525738, "recall@5": 0.008922443376801648, "users_per_second": 614.4013824154679}
2026-09-08 18:17:13,026 | INFO | TRAIN step=10900 loss=0.024760 lr=0.00042835294
2026-09-08 18:17:14,803 | INFO | TRAIN step=11000 loss=0.022032 lr=0.00042640143
2026-09-08 18:17:16,554 | INFO | TRAIN step=11100 loss=0.022827 lr=0.00042447636
2026-09-08 18:17:18,924 | INFO | VALID step=11100 ndcg@10=0.009087 metrics={"evaluated_users": 1457, "hit@10": 0.015099519560741249, "hit@5": 0.009608785175017159, "ndcg@10": 0.00908669247000581, "ndcg@5": 0.007381017417200521, "recall@10": 0.015099519560741249, "recall@5": 0.009608785175017159, "users_per_second": 615.7010409151717}
2026-09-08 18:17:20,673 | INFO | TRAIN step=11200 loss=0.020446 lr=0.00042257713
2026-09-08 18:17:22,422 | INFO | TRAIN step=11300 loss=0.020258 lr=0.00042070316
2026-09-08 18:17:24,226 | INFO | TRAIN step=11400 loss=0.021156 lr=0.00041885391
2026-09-08 18:17:26,595 | INFO | VALID step=11400 ndcg@10=0.008442 metrics={"evaluated_users": 1457, "hit@10": 0.015785861358956762, "hit@5": 0.008922443376801648, "ndcg@10": 0.00844240267622495, "ndcg@5": 0.006283218097362587, "recall@10": 0.015785861358956762, "recall@5": 0.008922443376801648, "users_per_second": 615.9463657678132}
2026-09-08 18:17:28,374 | INFO | TRAIN step=11500 loss=0.019066 lr=0.00041702883
2026-09-08 18:17:30,141 | INFO | TRAIN step=11600 loss=0.019583 lr=0.0004152274
2026-09-08 18:17:31,890 | INFO | TRAIN step=11700 loss=0.018349 lr=0.00041344912
2026-09-08 18:17:34,266 | INFO | VALID step=11700 ndcg@10=0.008451 metrics={"evaluated_users": 1457, "hit@10": 0.015099519560741249, "hit@5": 0.01029512697323267, "ndcg@10": 0.00845051670229166, "ndcg@5": 0.006894736137361868, "recall@10": 0.015099519560741249, "recall@5": 0.01029512697323267, "users_per_second": 613.9951868989178}
2026-09-08 18:17:36,067 | INFO | TRAIN step=11800 loss=0.019504 lr=0.00041169348
2026-09-08 18:17:37,840 | INFO | TRAIN step=11900 loss=0.019975 lr=0.00040996003
2026-09-08 18:17:39,592 | INFO | TRAIN step=12000 loss=0.018806 lr=0.00040824829
2026-09-08 18:17:41,968 | INFO | VALID step=12000 ndcg@10=0.008838 metrics={"evaluated_users": 1457, "hit@10": 0.015785861358956762, "hit@5": 0.008922443376801648, "ndcg@10": 0.00883764903278708, "ndcg@5": 0.006617017971239328, "recall@10": 0.015785861358956762, "recall@5": 0.008922443376801648, "users_per_second": 614.2690327880028}
2026-09-08 18:17:43,721 | INFO | TRAIN step=12100 loss=0.019613 lr=0.00040655781
2026-09-08 18:17:45,473 | INFO | TRAIN step=12200 loss=0.021720 lr=0.00040488817
2026-09-08 18:17:47,223 | INFO | TRAIN step=12300 loss=0.019802 lr=0.00040323892
2026-09-08 18:17:49,597 | INFO | VALID step=12300 ndcg@10=0.008070 metrics={"evaluated_users": 1457, "hit@10": 0.016472203157172273, "hit@5": 0.009608785175017159, "ndcg@10": 0.008069609919812487, "ndcg@5": 0.005817643864248206, "recall@10": 0.016472203157172273, "recall@5": 0.009608785175017159, "users_per_second": 614.8441430542865}
2026-09-08 18:17:51,350 | INFO | TRAIN step=12400 loss=0.019551 lr=0.00040160966
2026-09-08 18:17:53,226 | INFO | TRAIN step=12500 loss=0.017622 lr=0.0004
2026-09-08 18:17:55,023 | INFO | TRAIN step=12600 loss=0.016165 lr=0.00039840954
2026-09-08 18:17:57,399 | INFO | VALID step=12600 ndcg@10=0.008483 metrics={"evaluated_users": 1457, "hit@10": 0.015785861358956762, "hit@5": 0.01098146877144818, "ndcg@10": 0.008482892426741283, "ndcg@5": 0.00693701912407762, "recall@10": 0.015785861358956762, "recall@5": 0.01098146877144818, "users_per_second": 614.0395284766075}
2026-09-08 18:17:59,186 | INFO | TRAIN step=12700 loss=0.018204 lr=0.0003968379
2026-09-08 18:18:00,962 | INFO | TRAIN step=12800 loss=0.018039 lr=0.00039528471
2026-09-08 18:18:02,712 | INFO | TRAIN step=12900 loss=0.014816 lr=0.00039374962
2026-09-08 18:18:05,087 | INFO | VALID step=12900 ndcg@10=0.007758 metrics={"evaluated_users": 1457, "hit@10": 0.015099519560741249, "hit@5": 0.008922443376801648, "ndcg@10": 0.007757665556125057, "ndcg@5": 0.00569486934025732, "recall@10": 0.015099519560741249, "recall@5": 0.008922443376801648, "users_per_second": 614.4712279140816}
2026-09-08 18:18:06,840 | INFO | TRAIN step=13000 loss=0.016877 lr=0.00039223227
2026-09-08 18:18:08,589 | INFO | TRAIN step=13100 loss=0.016991 lr=0.00039073233
2026-09-08 18:18:10,351 | INFO | TRAIN step=13200 loss=0.016442 lr=0.00038924947
2026-09-08 18:18:12,718 | INFO | VALID step=13200 ndcg@10=0.008543 metrics={"evaluated_users": 1457, "hit@10": 0.015785861358956762, "hit@5": 0.008236101578586136, "ndcg@10": 0.008543427536924685, "ndcg@5": 0.0061892810987000686, "recall@10": 0.015785861358956762, "recall@5": 0.008236101578586136, "users_per_second": 616.3892481753518}
2026-09-08 18:18:14,499 | INFO | TRAIN step=13300 loss=0.019000 lr=0.00038778337
2026-09-08 18:18:16,297 | INFO | TRAIN step=13400 loss=0.016596 lr=0.0003863337
2026-09-08 18:18:18,097 | INFO | TRAIN step=13500 loss=0.015669 lr=0.00038490018
2026-09-08 18:18:20,474 | INFO | VALID step=13500 ndcg@10=0.007916 metrics={"evaluated_users": 1457, "hit@10": 0.015099519560741249, "hit@5": 0.0075497597803706245, "ndcg@10": 0.007915734163277073, "ndcg@5": 0.0055574272019607756, "recall@10": 0.015099519560741249, "recall@5": 0.0075497597803706245, "users_per_second": 614.0219527967901}
2026-09-08 18:18:22,265 | INFO | TRAIN step=13600 loss=0.017388 lr=0.00038348249
2026-09-08 18:18:24,057 | INFO | TRAIN step=13700 loss=0.016999 lr=0.00038208036
2026-09-08 18:18:25,822 | INFO | TRAIN step=13800 loss=0.016591 lr=0.00038069349
2026-09-08 18:18:28,192 | INFO | VALID step=13800 ndcg@10=0.009042 metrics={"evaluated_users": 1457, "hit@10": 0.016472203157172273, "hit@5": 0.0075497597803706245, "ndcg@10": 0.009041827959227646, "ndcg@5": 0.006111623450954387, "recall@10": 0.016472203157172273, "recall@5": 0.0075497597803706245, "users_per_second": 615.5828145223946}
2026-09-08 18:18:29,931 | INFO | TRAIN step=13900 loss=0.015602 lr=0.00037932162
2026-09-08 18:18:31,732 | INFO | TRAIN step=14000 loss=0.018062 lr=0.00037796447
2026-09-08 18:18:33,532 | INFO | TRAIN step=14100 loss=0.015361 lr=0.00037662179
2026-09-08 18:18:35,901 | INFO | VALID step=14100 ndcg@10=0.008557 metrics={"evaluated_users": 1457, "hit@10": 0.015785861358956762, "hit@5": 0.009608785175017159, "ndcg@10": 0.00855650170915916, "ndcg@5": 0.006497077336777893, "recall@10": 0.015785861358956762, "recall@5": 0.009608785175017159, "users_per_second": 615.9560449059516}
2026-09-08 18:18:37,701 | INFO | TRAIN step=14200 loss=0.014209 lr=0.00037529331
2026-09-08 18:18:39,611 | INFO | TRAIN step=14300 loss=0.014300 lr=0.0003739788
2026-09-08 18:18:41,407 | INFO | TRAIN step=14400 loss=0.014818 lr=0.000372678
2026-09-08 18:18:43,779 | INFO | VALID step=14400 ndcg@10=0.009408 metrics={"evaluated_users": 1457, "hit@10": 0.016472203157172273, "hit@5": 0.008922443376801648, "ndcg@10": 0.009407943541447264, "ndcg@5": 0.006917905883631331, "recall@10": 0.016472203157172273, "recall@5": 0.008922443376801648, "users_per_second": 615.2219598300233}
2026-09-08 18:18:45,509 | INFO | TRAIN step=14500 loss=0.015901 lr=0.00037139068
2026-09-08 18:18:47,232 | INFO | TRAIN step=14600 loss=0.015753 lr=0.00037011661
2026-09-08 18:18:48,956 | INFO | TRAIN step=14700 loss=0.014939 lr=0.00036885556
2026-09-08 18:18:51,325 | INFO | VALID step=14700 ndcg@10=0.007932 metrics={"evaluated_users": 1457, "hit@10": 0.013726835964310227, "hit@5": 0.008236101578586136, "ndcg@10": 0.007932273874729041, "ndcg@5": 0.006115697887110757, "recall@10": 0.013726835964310227, "recall@5": 0.008236101578586136, "users_per_second": 615.9955685123583}
2026-09-08 18:18:53,063 | INFO | TRAIN step=14800 loss=0.016301 lr=0.00036760731
2026-09-08 18:18:54,865 | INFO | TRAIN step=14900 loss=0.013837 lr=0.00036637165
2026-09-08 18:18:56,662 | INFO | TRAIN step=15000 loss=0.013897 lr=0.00036514837
2026-09-08 18:18:59,032 | INFO | VALID step=15000 ndcg@10=0.009312 metrics={"evaluated_users": 1457, "hit@10": 0.015785861358956762, "hit@5": 0.009608785175017159, "ndcg@10": 0.009311861180836493, "ndcg@5": 0.007303359769454839, "recall@10": 0.015785861358956762, "recall@5": 0.009608785175017159, "users_per_second": 615.6711987516094}
2026-09-08 18:19:00,830 | INFO | TRAIN step=15100 loss=0.016138 lr=0.00036393726
2026-09-08 18:19:02,632 | INFO | TRAIN step=15200 loss=0.017475 lr=0.00036273813
2026-09-08 18:19:04,431 | INFO | TRAIN step=15300 loss=0.015391 lr=0.00036155076
2026-09-08 18:19:06,799 | INFO | VALID step=15300 ndcg@10=0.008901 metrics={"evaluated_users": 1457, "hit@10": 0.015785861358956762, "hit@5": 0.009608785175017159, "ndcg@10": 0.00890146690673533, "ndcg@5": 0.006930110798391799, "recall@10": 0.015785861358956762, "recall@5": 0.009608785175017159, "users_per_second": 616.1849858445901}
2026-09-08 18:19:08,602 | INFO | TRAIN step=15400 loss=0.013100 lr=0.00036037499
2026-09-08 18:19:10,403 | INFO | TRAIN step=15500 loss=0.013931 lr=0.0003592106
2026-09-08 18:19:12,201 | INFO | TRAIN step=15600 loss=0.012205 lr=0.00035805744
2026-09-08 18:19:14,570 | INFO | VALID step=15600 ndcg@10=0.008381 metrics={"evaluated_users": 1457, "hit@10": 0.015785861358956762, "hit@5": 0.008922443376801648, "ndcg@10": 0.008381316990353096, "ndcg@5": 0.006251899478780383, "recall@10": 0.015785861358956762, "recall@5": 0.008922443376801648, "users_per_second": 615.815889005713}
2026-09-08 18:19:16,367 | INFO | TRAIN step=15700 loss=0.012455 lr=0.00035691531
2026-09-08 18:19:18,165 | INFO | TRAIN step=15800 loss=0.013199 lr=0.00035578403
2026-09-08 18:19:19,960 | INFO | TRAIN step=15900 loss=0.014707 lr=0.00035466345
2026-09-08 18:19:22,325 | INFO | VALID step=15900 ndcg@10=0.007623 metrics={"evaluated_users": 1457, "hit@10": 0.014413177762525738, "hit@5": 0.008922443376801648, "ndcg@10": 0.00762343802352459, "ndcg@5": 0.005870891682472954, "recall@10": 0.014413177762525738, "recall@5": 0.008922443376801648, "users_per_second": 616.9284918366579}
2026-09-08 18:19:24,125 | INFO | TRAIN step=16000 loss=0.012013 lr=0.00035355339
2026-09-08 18:19:26,042 | INFO | TRAIN step=16100 loss=0.015177 lr=0.00035245369
2026-09-08 18:19:27,843 | INFO | TRAIN step=16200 loss=0.014434 lr=0.00035136418
2026-09-08 18:19:30,215 | INFO | VALID step=16200 ndcg@10=0.007066 metrics={"evaluated_users": 1457, "hit@10": 0.013726835964310227, "hit@5": 0.0068634179821551134, "ndcg@10": 0.0070661808806726685, "ndcg@5": 0.004897089039544179, "recall@10": 0.013726835964310227, "recall@5": 0.0068634179821551134, "users_per_second": 615.3497248876678}
2026-09-08 18:19:32,015 | INFO | TRAIN step=16300 loss=0.012787 lr=0.00035028472
2026-09-08 18:19:33,812 | INFO | TRAIN step=16400 loss=0.012813 lr=0.00034921515
2026-09-08 18:19:35,606 | INFO | TRAIN step=16500 loss=0.012134 lr=0.00034815531
2026-09-08 18:19:37,976 | INFO | VALID step=16500 ndcg@10=0.007909 metrics={"evaluated_users": 1457, "hit@10": 0.015785861358956762, "hit@5": 0.009608785175017159, "ndcg@10": 0.007909115942921985, "ndcg@5": 0.0058859304867628715, "recall@10": 0.015785861358956762, "recall@5": 0.009608785175017159, "users_per_second": 615.6932495556947}
2026-09-08 18:19:39,773 | INFO | TRAIN step=16600 loss=0.015698 lr=0.00034710507
2026-09-08 18:19:41,572 | INFO | TRAIN step=16700 loss=0.012078 lr=0.00034606427
2026-09-08 18:19:43,371 | INFO | TRAIN step=16800 loss=0.010961 lr=0.00034503278
2026-09-08 18:19:45,741 | INFO | VALID step=16800 ndcg@10=0.008407 metrics={"evaluated_users": 1457, "hit@10": 0.015785861358956762, "hit@5": 0.01098146877144818, "ndcg@10": 0.008406731746144862, "ndcg@5": 0.006906941052122334, "recall@10": 0.015785861358956762, "recall@5": 0.01098146877144818, "users_per_second": 615.8258834229289}
2026-09-08 18:19:47,544 | INFO | TRAIN step=16900 loss=0.010763 lr=0.00034401046
2026-09-08 18:19:49,340 | INFO | TRAIN step=17000 loss=0.012357 lr=0.00034299717
2026-09-08 18:19:51,135 | INFO | TRAIN step=17100 loss=0.013332 lr=0.00034199278
2026-09-08 18:19:53,502 | INFO | VALID step=17100 ndcg@10=0.007833 metrics={"evaluated_users": 1457, "hit@10": 0.015785861358956762, "hit@5": 0.0068634179821551134, "ndcg@10": 0.007832559696369056, "ndcg@5": 0.004978821123446231, "recall@10": 0.015785861358956762, "recall@5": 0.0068634179821551134, "users_per_second": 616.3765426125692}
2026-09-08 18:19:55,307 | INFO | TRAIN step=17200 loss=0.012034 lr=0.00034099717
2026-09-08 18:19:57,104 | INFO | TRAIN step=17300 loss=0.011470 lr=0.0003400102
2026-09-08 18:19:58,902 | INFO | TRAIN step=17400 loss=0.013280 lr=0.00033903175
2026-09-08 18:20:01,274 | INFO | VALID step=17400 ndcg@10=0.009084 metrics={"evaluated_users": 1457, "hit@10": 0.016472203157172273, "hit@5": 0.01029512697323267, "ndcg@10": 0.00908350505244477, "ndcg@5": 0.007092334419568983, "recall@10": 0.016472203157172273, "recall@5": 0.01029512697323267, "users_per_second": 615.3340504448088}
2026-09-08 18:20:03,074 | INFO | TRAIN step=17500 loss=0.013634 lr=0.0003380617
2026-09-08 18:20:04,872 | INFO | TRAIN step=17600 loss=0.010756 lr=0.00033709993
2026-09-08 18:20:06,674 | INFO | TRAIN step=17700 loss=0.013307 lr=0.00033614632
2026-09-08 18:20:09,042 | INFO | VALID step=17700 ndcg@10=0.007609 metrics={"evaluated_users": 1457, "hit@10": 0.015099519560741249, "hit@5": 0.009608785175017159, "ndcg@10": 0.007609471251995035, "ndcg@5": 0.005861149003882231, "recall@10": 0.015099519560741249, "recall@5": 0.009608785175017159, "users_per_second": 616.2630034364688}
2026-09-08 18:20:10,846 | INFO | TRAIN step=17800 loss=0.012337 lr=0.00033520076
2026-09-08 18:20:12,791 | INFO | TRAIN step=17900 loss=0.011465 lr=0.00033426314
2026-09-08 18:20:14,595 | INFO | TRAIN step=18000 loss=0.012448 lr=0.00033333333
2026-09-08 18:20:16,964 | INFO | VALID step=18000 ndcg@10=0.008778 metrics={"evaluated_users": 1457, "hit@10": 0.015099519560741249, "hit@5": 0.01098146877144818, "ndcg@10": 0.00877786910320814, "ndcg@5": 0.007418854314400193, "recall@10": 0.015099519560741249, "recall@5": 0.01098146877144818, "users_per_second": 616.0378420043764}
2026-09-08 18:20:18,767 | INFO | TRAIN step=18100 loss=0.011443 lr=0.00033241125
2026-09-08 18:20:20,507 | INFO | TRAIN step=18200 loss=0.009963 lr=0.00033149677
2026-09-08 18:20:22,240 | INFO | TRAIN step=18300 loss=0.010269 lr=0.0003305898
2026-09-08 18:20:24,604 | INFO | VALID step=18300 ndcg@10=0.008993 metrics={"evaluated_users": 1457, "hit@10": 0.016472203157172273, "hit@5": 0.01029512697323267, "ndcg@10": 0.008993270836578911, "ndcg@5": 0.007002100203703126, "recall@10": 0.016472203157172273, "recall@5": 0.01029512697323267, "users_per_second": 617.326308807585}
2026-09-08 18:20:26,406 | INFO | TRAIN step=18400 loss=0.009854 lr=0.00032969024
2026-09-08 18:20:28,203 | INFO | TRAIN step=18500 loss=0.011888 lr=0.00032879797
2026-09-08 18:20:29,999 | INFO | TRAIN step=18600 loss=0.011768 lr=0.00032791292
2026-09-08 18:20:32,363 | INFO | VALID step=18600 ndcg@10=0.007969 metrics={"evaluated_users": 1457, "hit@10": 0.014413177762525738, "hit@5": 0.009608785175017159, "ndcg@10": 0.007968778351097808, "ndcg@5": 0.006366915177526882, "recall@10": 0.014413177762525738, "recall@5": 0.009608785175017159, "users_per_second": 617.1572147126254}
2026-09-08 18:20:34,164 | INFO | TRAIN step=18700 loss=0.011870 lr=0.00032703497
2026-09-08 18:20:35,965 | INFO | TRAIN step=18800 loss=0.011501 lr=0.00032616404
2026-09-08 18:20:37,763 | INFO | TRAIN step=18900 loss=0.012199 lr=0.00032530002
2026-09-08 18:20:40,129 | INFO | VALID step=18900 ndcg@10=0.008989 metrics={"evaluated_users": 1457, "hit@10": 0.015785861358956762, "hit@5": 0.01029512697323267, "ndcg@10": 0.008988954715515678, "ndcg@5": 0.007207828964514338, "recall@10": 0.015785861358956762, "recall@5": 0.01029512697323267, "users_per_second": 616.8697252739878}
2026-09-08 18:20:41,928 | INFO | TRAIN step=19000 loss=0.011150 lr=0.00032444284
2026-09-08 18:20:43,726 | INFO | TRAIN step=19100 loss=0.011153 lr=0.0003235924
2026-09-08 18:20:45,526 | INFO | TRAIN step=19200 loss=0.009265 lr=0.00032274861
2026-09-08 18:20:47,893 | INFO | VALID step=19200 ndcg@10=0.009559 metrics={"evaluated_users": 1457, "hit@10": 0.019217570350034317, "hit@5": 0.01029512697323267, "ndcg@10": 0.009558819805918106, "ndcg@5": 0.006719085448505942, "recall@10": 0.019217570350034317, "recall@5": 0.01029512697323267, "users_per_second": 616.3139273783441}
2026-09-08 18:20:49,692 | INFO | TRAIN step=19300 loss=0.010580 lr=0.00032191139
2026-09-08 18:20:51,490 | INFO | TRAIN step=19400 loss=0.012676 lr=0.00032108065
2026-09-08 18:20:53,288 | INFO | TRAIN step=19500 loss=0.009149 lr=0.00032025631
2026-09-08 18:20:55,660 | INFO | VALID step=19500 ndcg@10=0.008566 metrics={"evaluated_users": 1457, "hit@10": 0.016472203157172273, "hit@5": 0.008236101578586136, "ndcg@10": 0.008565574291816784, "ndcg@5": 0.005998962795538484, "recall@10": 0.016472203157172273, "recall@5": 0.008236101578586136, "users_per_second": 615.3493836437113}
2026-09-08 18:20:57,571 | INFO | TRAIN step=19600 loss=0.009636 lr=0.00031943828
2026-09-08 18:20:59,366 | INFO | TRAIN step=19700 loss=0.011485 lr=0.00031862649
2026-09-08 18:21:01,169 | INFO | TRAIN step=19800 loss=0.011235 lr=0.00031782086
2026-09-08 18:21:03,534 | INFO | VALID step=19800 ndcg@10=0.007185 metrics={"evaluated_users": 1457, "hit@10": 0.012354152367879203, "hit@5": 0.0075497597803706245, "ndcg@10": 0.007185009825123388, "ndcg@5": 0.0056350848497064565, "recall@10": 0.012354152367879203, "recall@5": 0.0075497597803706245, "users_per_second": 617.0504008841441}
2026-09-08 18:21:05,328 | INFO | TRAIN step=19900 loss=0.010216 lr=0.00031702131
2026-09-08 18:21:07,122 | INFO | TRAIN step=20000 loss=0.009245 lr=0.00031622777
2026-09-08 18:21:08,920 | INFO | TRAIN step=20100 loss=0.009308 lr=0.00031544015
2026-09-08 18:21:11,291 | INFO | VALID step=20100 ndcg@10=0.007554 metrics={"evaluated_users": 1457, "hit@10": 0.013040494166094716, "hit@5": 0.008236101578586136, "ndcg@10": 0.007554207123433161, "ndcg@5": 0.006008333820769499, "recall@10": 0.013040494166094716, "recall@5": 0.008236101578586136, "users_per_second": 615.3625360144848}
2026-09-08 18:21:13,092 | INFO | TRAIN step=20200 loss=0.009601 lr=0.00031465839
2026-09-08 18:21:14,892 | INFO | TRAIN step=20300 loss=0.008799 lr=0.00031388241
2026-09-08 18:21:16,693 | INFO | TRAIN step=20400 loss=0.007802 lr=0.00031311215
2026-09-08 18:21:19,065 | INFO | VALID step=20400 ndcg@10=0.008210 metrics={"evaluated_users": 1457, "hit@10": 0.013040494166094716, "hit@5": 0.01029512697323267, "ndcg@10": 0.008209594757973171, "ndcg@5": 0.007315564684215305, "recall@10": 0.013040494166094716, "recall@5": 0.01029512697323267, "users_per_second": 615.209863435873}
2026-09-08 18:21:20,863 | INFO | TRAIN step=20500 loss=0.007659 lr=0.00031234752
2026-09-08 18:21:22,661 | INFO | TRAIN step=20600 loss=0.009341 lr=0.00031158848
2026-09-08 18:21:24,459 | INFO | TRAIN step=20700 loss=0.010990 lr=0.00031083494
2026-09-08 18:21:26,830 | INFO | VALID step=20700 ndcg@10=0.007874 metrics={"evaluated_users": 1457, "hit@10": 0.015785861358956762, "hit@5": 0.0068634179821551134, "ndcg@10": 0.00787358570598609, "ndcg@5": 0.005034531177840723, "recall@10": 0.015785861358956762, "recall@5": 0.0068634179821551134, "users_per_second": 615.4099533395342}
2026-09-08 18:21:28,633 | INFO | TRAIN step=20800 loss=0.010620 lr=0.00031008684
2026-09-08 18:21:30,431 | INFO | TRAIN step=20900 loss=0.010293 lr=0.00030934411
2026-09-08 18:21:32,231 | INFO | TRAIN step=21000 loss=0.010069 lr=0.0003086067
2026-09-08 18:21:34,604 | INFO | VALID step=21000 ndcg@10=0.007726 metrics={"evaluated_users": 1457, "hit@10": 0.014413177762525738, "hit@5": 0.009608785175017159, "ndcg@10": 0.007726281727876859, "ndcg@5": 0.006204319902989986, "recall@10": 0.014413177762525738, "recall@5": 0.009608785175017159, "users_per_second": 615.0881574985281}
2026-09-08 18:21:36,403 | INFO | TRAIN step=21100 loss=0.010510 lr=0.00030787454
2026-09-08 18:21:38,202 | INFO | TRAIN step=21200 loss=0.009601 lr=0.00030714756
2026-09-08 18:21:40,000 | INFO | TRAIN step=21300 loss=0.009458 lr=0.00030642571
2026-09-08 18:21:42,373 | INFO | VALID step=21300 ndcg@10=0.008981 metrics={"evaluated_users": 1457, "hit@10": 0.017158544955387784, "hit@5": 0.01029512697323267, "ndcg@10": 0.00898055186516676, "ndcg@5": 0.006865029718766291, "recall@10": 0.017158544955387784, "recall@5": 0.01029512697323267, "users_per_second": 614.9174791270015}
2026-09-08 18:21:44,284 | INFO | TRAIN step=21400 loss=0.009389 lr=0.00030570892
2026-09-08 18:21:46,078 | INFO | TRAIN step=21500 loss=0.007813 lr=0.00030499714
2026-09-08 18:21:47,879 | INFO | TRAIN step=21600 loss=0.010362 lr=0.00030429031
2026-09-08 18:21:50,249 | INFO | VALID step=21600 ndcg@10=0.007223 metrics={"evaluated_users": 1457, "hit@10": 0.012354152367879203, "hit@5": 0.008236101578586136, "ndcg@10": 0.007223361967914452, "ndcg@5": 0.005935972762098461, "recall@10": 0.012354152367879203, "recall@5": 0.008236101578586136, "users_per_second": 615.6721262450288}
2026-09-08 18:21:52,051 | INFO | TRAIN step=21700 loss=0.011611 lr=0.00030358837
2026-09-08 18:21:53,852 | INFO | TRAIN step=21800 loss=0.010128 lr=0.00030289127
2026-09-08 18:21:55,651 | INFO | TRAIN step=21900 loss=0.009389 lr=0.00030219894
2026-09-08 18:21:58,020 | INFO | VALID step=21900 ndcg@10=0.007800 metrics={"evaluated_users": 1457, "hit@10": 0.011667810569663692, "hit@5": 0.008922443376801648, "ndcg@10": 0.00779991377369784, "ndcg@5": 0.006887827811676046, "recall@10": 0.011667810569663692, "recall@5": 0.008922443376801648, "users_per_second": 616.0336518540162}
2026-09-08 18:21:59,817 | INFO | TRAIN step=22000 loss=0.009452 lr=0.00030151134
2026-09-08 18:22:01,615 | INFO | TRAIN step=22100 loss=0.008577 lr=0.00030082842
2026-09-08 18:22:03,406 | INFO | TRAIN step=22200 loss=0.008980 lr=0.00030015011
2026-09-08 18:22:05,776 | INFO | VALID step=22200 ndcg@10=0.006588 metrics={"evaluated_users": 1457, "hit@10": 0.01098146877144818, "hit@5": 0.0075497597803706245, "ndcg@10": 0.006588260391192434, "ndcg@5": 0.005437486567499341, "recall@10": 0.01098146877144818, "recall@5": 0.0075497597803706245, "users_per_second": 615.7930215379624}
2026-09-08 18:22:07,575 | INFO | TRAIN step=22300 loss=0.008552 lr=0.00029947637
2026-09-08 18:22:09,373 | INFO | TRAIN step=22400 loss=0.008708 lr=0.00029880715
2026-09-08 18:22:11,175 | INFO | TRAIN step=22500 loss=0.007501 lr=0.0002981424
2026-09-08 18:22:13,543 | INFO | VALID step=22500 ndcg@10=0.007655 metrics={"evaluated_users": 1457, "hit@10": 0.013726835964310227, "hit@5": 0.008922443376801648, "ndcg@10": 0.007655451151951595, "ndcg@5": 0.006141701522909672, "recall@10": 0.013726835964310227, "recall@5": 0.008922443376801648, "users_per_second": 616.4333783667037}
2026-09-08 18:22:15,342 | INFO | TRAIN step=22600 loss=0.008414 lr=0.00029748206
2026-09-08 18:22:17,138 | INFO | TRAIN step=22700 loss=0.009611 lr=0.00029682609
2026-09-08 18:22:18,933 | INFO | TRAIN step=22800 loss=0.009561 lr=0.00029617444
2026-09-08 18:22:21,298 | INFO | VALID step=22800 ndcg@10=0.007589 metrics={"evaluated_users": 1457, "hit@10": 0.013040494166094716, "hit@5": 0.008236101578586136, "ndcg@10": 0.007589161929459039, "ndcg@5": 0.006013630409844143, "recall@10": 0.013040494166094716, "recall@5": 0.008236101578586136, "users_per_second": 617.0278720556538}
2026-09-08 18:22:23,094 | INFO | TRAIN step=22900 loss=0.007810 lr=0.00029552706
2026-09-08 18:22:24,894 | INFO | TRAIN step=23000 loss=0.007774 lr=0.00029488391
2026-09-08 18:22:26,693 | INFO | TRAIN step=23100 loss=0.008714 lr=0.00029424494
2026-09-08 18:22:29,183 | INFO | VALID step=23100 ndcg@10=0.006669 metrics={"evaluated_users": 1457, "hit@10": 0.01098146877144818, "hit@5": 0.008236101578586136, "ndcg@10": 0.00666944990512807, "ndcg@5": 0.005763155962771987, "recall@10": 0.01098146877144818, "recall@5": 0.008236101578586136, "users_per_second": 614.3062383216995}
2026-09-08 18:22:30,984 | INFO | TRAIN step=23200 loss=0.008222 lr=0.00029361011
2026-09-08 18:22:32,781 | INFO | TRAIN step=23300 loss=0.006998 lr=0.00029297937
2026-09-08 18:22:34,578 | INFO | TRAIN step=23400 loss=0.008078 lr=0.00029235267
2026-09-08 18:22:36,944 | INFO | VALID step=23400 ndcg@10=0.008150 metrics={"evaluated_users": 1457, "hit@10": 0.012354152367879203, "hit@5": 0.009608785175017159, "ndcg@10": 0.008149530450909537, "ndcg@5": 0.007311490248058935, "recall@10": 0.012354152367879203, "recall@5": 0.009608785175017159, "users_per_second": 616.7794665936376}
2026-09-08 18:22:38,745 | INFO | TRAIN step=23500 loss=0.008952 lr=0.00029172998
2026-09-08 18:22:40,539 | INFO | TRAIN step=23600 loss=0.008407 lr=0.00029111125
2026-09-08 18:22:42,338 | INFO | TRAIN step=23700 loss=0.010128 lr=0.00029049645
2026-09-08 18:22:44,707 | INFO | VALID step=23700 ndcg@10=0.006958 metrics={"evaluated_users": 1457, "hit@10": 0.01098146877144818, "hit@5": 0.008236101578586136, "ndcg@10": 0.006958073948921856, "ndcg@5": 0.006064043875163991, "recall@10": 0.01098146877144818, "recall@5": 0.008236101578586136, "users_per_second": 616.1211797290705}
2026-09-08 18:22:46,506 | INFO | TRAIN step=23800 loss=0.009766 lr=0.00028988552
2026-09-08 18:22:48,306 | INFO | TRAIN step=23900 loss=0.008823 lr=0.00028927843
2026-09-08 18:22:50,107 | INFO | TRAIN step=24000 loss=0.008433 lr=0.00028867513
2026-09-08 18:22:52,480 | INFO | VALID step=24000 ndcg@10=0.007894 metrics={"evaluated_users": 1457, "hit@10": 0.012354152367879203, "hit@5": 0.0068634179821551134, "ndcg@10": 0.007894243247951913, "ndcg@5": 0.006129496608149206, "recall@10": 0.012354152367879203, "recall@5": 0.0068634179821551134, "users_per_second": 615.1684559448399}
2026-09-08 18:22:54,274 | INFO | TRAIN step=24100 loss=0.008547 lr=0.0002880756
2026-09-08 18:22:56,070 | INFO | TRAIN step=24200 loss=0.007360 lr=0.00028747979
2026-09-08 18:22:57,864 | INFO | TRAIN step=24300 loss=0.006875 lr=0.00028688766
2026-09-08 18:23:00,238 | INFO | VALID step=24300 ndcg@10=0.007134 metrics={"evaluated_users": 1457, "hit@10": 0.011667810569663692, "hit@5": 0.0075497597803706245, "ndcg@10": 0.007134422614438284, "ndcg@5": 0.005798530623801916, "recall@10": 0.011667810569663692, "recall@5": 0.0075497597803706245, "users_per_second": 614.5828216924986}
2026-09-08 18:23:02,035 | INFO | TRAIN step=24400 loss=0.006395 lr=0.00028629917
2026-09-08 18:23:03,838 | INFO | TRAIN step=24500 loss=0.009338 lr=0.00028571429
2026-09-08 18:23:05,650 | INFO | TRAIN step=24600 loss=0.009082 lr=0.00028513297
2026-09-08 18:23:08,024 | INFO | VALID step=24600 ndcg@10=0.007849 metrics={"evaluated_users": 1457, "hit@10": 0.013040494166094716, "hit@5": 0.008922443376801648, "ndcg@10": 0.00784860503949895, "ndcg@5": 0.006497077336777893, "recall@10": 0.013040494166094716, "recall@5": 0.008922443376801648, "users_per_second": 614.8045592763635}
2026-09-08 18:23:09,821 | INFO | TRAIN step=24700 loss=0.007031 lr=0.0002845552
2026-09-08 18:23:11,618 | INFO | TRAIN step=24800 loss=0.007262 lr=0.00028398092
2026-09-08 18:23:13,525 | INFO | TRAIN step=24900 loss=0.007162 lr=0.0002834101
2026-09-08 18:23:15,894 | INFO | VALID step=24900 ndcg@10=0.008108 metrics={"evaluated_users": 1457, "hit@10": 0.013726835964310227, "hit@5": 0.009608785175017159, "ndcg@10": 0.008108323350042239, "ndcg@5": 0.006732884169544392, "recall@10": 0.013726835964310227, "recall@5": 0.009608785175017159, "users_per_second": 615.9830554983683}
2026-09-08 18:23:17,690 | INFO | TRAIN step=25000 loss=0.007859 lr=0.00028284271
2026-09-08 18:23:19,490 | INFO | TRAIN step=25100 loss=0.007718 lr=0.00028227872
2026-09-08 18:23:21,290 | INFO | TRAIN step=25200 loss=0.006720 lr=0.00028171808
2026-09-08 18:23:23,664 | INFO | VALID step=25200 ndcg@10=0.007600 metrics={"evaluated_users": 1457, "hit@10": 0.013726835964310227, "hit@5": 0.008922443376801648, "ndcg@10": 0.00760014906099569, "ndcg@5": 0.006028669214134061, "recall@10": 0.013726835964310227, "recall@5": 0.008922443376801648, "users_per_second": 614.7912956014679}
2026-09-08 18:23:25,464 | INFO | TRAIN step=25300 loss=0.007881 lr=0.00028116078
2026-09-08 18:23:27,261 | INFO | TRAIN step=25400 loss=0.008276 lr=0.00028060677
2026-09-08 18:23:29,058 | INFO | TRAIN step=25500 loss=0.007898 lr=0.00028005602
2026-09-08 18:23:31,428 | INFO | VALID step=25500 ndcg@10=0.008308 metrics={"evaluated_users": 1457, "hit@10": 0.014413177762525738, "hit@5": 0.008922443376801648, "ndcg@10": 0.008308238658434153, "ndcg@5": 0.006622314560313972, "recall@10": 0.014413177762525738, "recall@5": 0.008922443376801648, "users_per_second": 615.6076093025032}
2026-09-08 18:23:33,227 | INFO | TRAIN step=25600 loss=0.007449 lr=0.0002795085
2026-09-08 18:23:35,022 | INFO | TRAIN step=25700 loss=0.009051 lr=0.00027896418
2026-09-08 18:23:36,819 | INFO | TRAIN step=25800 loss=0.007600 lr=0.00027842302
2026-09-08 18:23:39,185 | INFO | VALID step=25800 ndcg@10=0.007877 metrics={"evaluated_users": 1457, "hit@10": 0.014413177762525738, "hit@5": 0.008922443376801648, "ndcg@10": 0.007876847373954454, "ndcg@5": 0.006114457340483838, "recall@10": 0.014413177762525738, "recall@5": 0.008922443376801648, "users_per_second": 616.8806469370854}
2026-09-08 18:23:40,981 | INFO | TRAIN step=25900 loss=0.007705 lr=0.00027788501
2026-09-08 18:23:42,780 | INFO | TRAIN step=26000 loss=0.006724 lr=0.0002773501
2026-09-08 18:23:44,577 | INFO | TRAIN step=26100 loss=0.006607 lr=0.00027681827
2026-09-08 18:23:46,950 | INFO | VALID step=26100 ndcg@10=0.008435 metrics={"evaluated_users": 1457, "hit@10": 0.013726835964310227, "hit@5": 0.008922443376801648, "ndcg@10": 0.008434935328035327, "ndcg@5": 0.006870326307840935, "recall@10": 0.013726835964310227, "recall@5": 0.008922443376801648, "users_per_second": 615.1467447607682}
2026-09-08 18:23:48,747 | INFO | TRAIN step=26200 loss=0.008264 lr=0.00027628948
2026-09-08 18:23:50,544 | INFO | TRAIN step=26300 loss=0.007473 lr=0.00027576372
2026-09-08 18:23:52,344 | INFO | TRAIN step=26400 loss=0.007590 lr=0.00027524094
2026-09-08 18:23:54,712 | INFO | VALID step=26400 ndcg@10=0.009605 metrics={"evaluated_users": 1457, "hit@10": 0.016472203157172273, "hit@5": 0.008236101578586136, "ndcg@10": 0.009604704701559715, "ndcg@5": 0.006905700968870866, "recall@10": 0.016472203157172273, "recall@5": 0.008236101578586136, "users_per_second": 616.1988205308033}
2026-09-08 18:23:56,511 | INFO | TRAIN step=26500 loss=0.005970 lr=0.00027472113
2026-09-08 18:23:58,310 | INFO | TRAIN step=26600 loss=0.008025 lr=0.00027420425
2026-09-08 18:24:00,223 | INFO | TRAIN step=26700 loss=0.006342 lr=0.00027369028
2026-09-08 18:24:02,595 | INFO | VALID step=26700 ndcg@10=0.008358 metrics={"evaluated_users": 1457, "hit@10": 0.013040494166094716, "hit@5": 0.01029512697323267, "ndcg@10": 0.008357582935043652, "ndcg@5": 0.00744893238635548, "recall@10": 0.013040494166094716, "recall@5": 0.01029512697323267, "users_per_second": 615.4419647909248}
2026-09-08 18:24:04,389 | INFO | TRAIN step=26800 loss=0.007787 lr=0.00027317918
2026-09-08 18:24:06,182 | INFO | TRAIN step=26900 loss=0.007452 lr=0.00027267094
2026-09-08 18:24:07,981 | INFO | TRAIN step=27000 loss=0.007157 lr=0.00027216553
2026-09-08 18:24:10,356 | INFO | VALID step=27000 ndcg@10=0.008089 metrics={"evaluated_users": 1457, "hit@10": 0.013040494166094716, "hit@5": 0.009608785175017159, "ndcg@10": 0.008088593463903913, "ndcg@5": 0.007007768446137479, "recall@10": 0.013040494166094716, "recall@5": 0.009608785175017159, "users_per_second": 614.3889651793448}
2026-09-08 18:24:12,156 | INFO | TRAIN step=27100 loss=0.007225 lr=0.00027166291
2026-09-08 18:24:13,954 | INFO | TRAIN step=27200 loss=0.008588 lr=0.00027116307
2026-09-08 18:24:15,706 | INFO | TRAIN step=27300 loss=0.006674 lr=0.00027066598
2026-09-08 18:24:18,078 | INFO | VALID step=27300 ndcg@10=0.009892 metrics={"evaluated_users": 1457, "hit@10": 0.016472203157172273, "hit@5": 0.01029512697323267, "ndcg@10": 0.009892399449707155, "ndcg@5": 0.00792991707711949, "recall@10": 0.016472203157172273, "recall@5": 0.01029512697323267, "users_per_second": 615.215033402129}
2026-09-08 18:24:19,806 | INFO | TRAIN step=27400 loss=0.005847 lr=0.00027017161
2026-09-08 18:24:21,533 | INFO | TRAIN step=27500 loss=0.006856 lr=0.00026967994
2026-09-08 18:24:23,276 | INFO | TRAIN step=27600 loss=0.006560 lr=0.00026919095
2026-09-08 18:24:25,649 | INFO | VALID step=27600 ndcg@10=0.008768 metrics={"evaluated_users": 1457, "hit@10": 0.015099519560741249, "hit@5": 0.01029512697323267, "ndcg@10": 0.008767966456951408, "ndcg@5": 0.007177750892559052, "recall@10": 0.015099519560741249, "recall@5": 0.01029512697323267, "users_per_second": 614.8516223576866}
2026-09-08 18:24:27,404 | INFO | TRAIN step=27700 loss=0.006533 lr=0.00026870461
2026-09-08 18:24:29,129 | INFO | TRAIN step=27800 loss=0.005643 lr=0.00026822089
2026-09-08 18:24:30,902 | INFO | TRAIN step=27900 loss=0.006719 lr=0.00026773978
2026-09-08 18:24:33,276 | INFO | VALID step=27900 ndcg@10=0.008938 metrics={"evaluated_users": 1457, "hit@10": 0.015785861358956762, "hit@5": 0.011667810569663692, "ndcg@10": 0.008938181411298526, "ndcg@5": 0.007636787989971872, "recall@10": 0.015785861358956762, "recall@5": 0.011667810569663692, "users_per_second": 614.6586443473394}
2026-09-08 18:24:35,076 | INFO | TRAIN step=28000 loss=0.007621 lr=0.00026726124
2026-09-08 18:24:36,872 | INFO | TRAIN step=28100 loss=0.007720 lr=0.00026678526
2026-09-08 18:24:38,666 | INFO | TRAIN step=28200 loss=0.007607 lr=0.00026631182
2026-09-08 18:24:41,038 | INFO | VALID step=28200 ndcg@10=0.009335 metrics={"evaluated_users": 1457, "hit@10": 0.017158544955387784, "hit@5": 0.01029512697323267, "ndcg@10": 0.009335251157193646, "ndcg@5": 0.007135839559203009, "recall@10": 0.017158544955387784, "recall@5": 0.01029512697323267, "users_per_second": 615.4203211179599}
2026-09-08 18:24:42,833 | INFO | TRAIN step=28300 loss=0.006633 lr=0.00026584089
2026-09-08 18:24:44,739 | INFO | TRAIN step=28400 loss=0.006496 lr=0.00026537245
2026-09-08 18:24:46,534 | INFO | TRAIN step=28500 loss=0.007657 lr=0.00026490647
2026-09-08 18:24:48,904 | INFO | VALID step=28500 ndcg@10=0.008767 metrics={"evaluated_users": 1457, "hit@10": 0.015785861358956762, "hit@5": 0.01029512697323267, "ndcg@10": 0.008767200349471836, "ndcg@5": 0.007010602335666932, "recall@10": 0.015785861358956762, "recall@5": 0.01029512697323267, "users_per_second": 615.7568986275421}
2026-09-08 18:24:50,659 | INFO | TRAIN step=28600 loss=0.006409 lr=0.00026444294
2026-09-08 18:24:52,434 | INFO | TRAIN step=28700 loss=0.005924 lr=0.00026398184
2026-09-08 18:24:54,231 | INFO | TRAIN step=28800 loss=0.008577 lr=0.00026352314
2026-09-08 18:24:56,603 | INFO | VALID step=28800 ndcg@10=0.008605 metrics={"evaluated_users": 1457, "hit@10": 0.015785861358956762, "hit@5": 0.008922443376801648, "ndcg@10": 0.00860487735428524, "ndcg@5": 0.006317352211765598, "recall@10": 0.015785861358956762, "recall@5": 0.008922443376801648, "users_per_second": 615.4490296753743}
2026-09-08 18:24:58,402 | INFO | TRAIN step=28900 loss=0.007064 lr=0.00026306682
2026-09-08 18:25:00,197 | INFO | TRAIN step=29000 loss=0.006588 lr=0.00026261287
2026-09-08 18:25:01,997 | INFO | TRAIN step=29100 loss=0.005845 lr=0.00026216125
2026-09-08 18:25:04,365 | INFO | VALID step=29100 ndcg@10=0.009949 metrics={"evaluated_users": 1457, "hit@10": 0.017844886753603295, "hit@5": 0.012354152367879203, "ndcg@10": 0.009949136561188256, "ndcg@5": 0.008219840158002496, "recall@10": 0.017844886753603295, "recall@5": 0.012354152367879203, "users_per_second": 616.0728585067059}
2026-09-08 18:25:06,168 | INFO | TRAIN step=29200 loss=0.005725 lr=0.00026171196
2026-09-08 18:25:07,966 | INFO | TRAIN step=29300 loss=0.006339 lr=0.00026126497
2026-09-08 18:25:09,766 | INFO | TRAIN step=29400 loss=0.005043 lr=0.00026082027
2026-09-08 18:25:12,138 | INFO | VALID step=29400 ndcg@10=0.010520 metrics={"evaluated_users": 1457, "hit@10": 0.01990391214824983, "hit@5": 0.013726835964310227, "ndcg@10": 0.010520468579780772, "ndcg@5": 0.008565473293279993, "recall@10": 0.01990391214824983, "recall@5": 0.013726835964310227, "users_per_second": 615.3736177160621}
2026-09-08 18:25:13,939 | INFO | TRAIN step=29500 loss=0.007208 lr=0.00026037782
2026-09-08 18:25:15,738 | INFO | TRAIN step=29600 loss=0.007157 lr=0.00025993762
2026-09-08 18:25:17,536 | INFO | TRAIN step=29700 loss=0.005061 lr=0.00025949965
2026-09-08 18:25:19,908 | INFO | VALID step=29700 ndcg@10=0.010314 metrics={"evaluated_users": 1457, "hit@10": 0.018531228551818806, "hit@5": 0.011667810569663692, "ndcg@10": 0.010313812435240047, "ndcg@5": 0.00811777268073588, "recall@10": 0.018531228551818806, "recall@5": 0.011667810569663692, "users_per_second": 615.0503426056599}
2026-09-08 18:25:21,653 | INFO | TRAIN step=29800 loss=0.004999 lr=0.00025906388
2026-09-08 18:25:23,450 | INFO | TRAIN step=29900 loss=0.005251 lr=0.0002586303
2026-09-08 18:25:25,245 | INFO | TRAIN step=30000 loss=0.005349 lr=0.00025819889
2026-09-08 18:25:27,614 | INFO | VALID step=30000 ndcg@10=0.008682 metrics={"evaluated_users": 1457, "hit@10": 0.014413177762525738, "hit@5": 0.01098146877144818, "ndcg@10": 0.008682312668748934, "ndcg@5": 0.0075595019955859, "recall@10": 0.014413177762525738, "recall@5": 0.01098146877144818, "users_per_second": 615.9319050117557}
2026-09-08 18:25:30,009 | INFO | FINAL_RESULT {"best_score": 0.011139529815654676, "best_step": 9600, "branch_factor": 64, "dataset": "amazon-all-beauty", "din_cache": "/workspace/P78123011/cache/eager/amazon-all-beauty/din_steps20000_seed2024.pt", "evaluation_users": 1457, "history": [{"loss": 7.769466228485108, "step": 300, "valid": {"evaluated_users": 1457, "hit@10": 0.0061770761839396015, "hit@5": 0.004118050789293068, "ndcg@10": 0.003788717996376127, "ndcg@5": 0.003083241502895157, "recall@10": 0.0061770761839396015, "recall@5": 0.004118050789293068, "users_per_second": 673.4125770685615}}, {"loss": 6.466335463523865, "step": 600, "valid": {"evaluated_users": 1457, "hit@10": 0.01098146877144818, "hit@5": 0.004118050789293068, "ndcg@10": 0.005649181093341521, "ndcg@5": 0.003443913905838023, "recall@10": 0.01098146877144818, "recall@5": 0.004118050789293068, "users_per_second": 616.1223342098227}}, {"loss": 4.448347959518433, "step": 900, "valid": {"evaluated_users": 1457, "hit@10": 0.012354152367879203, "hit@5": 0.008236101578586136, "ndcg@10": 0.00603776956247657, "ndcg@5": 0.004746219833568896, "recall@10": 0.012354152367879203, "recall@5": 0.008236101578586136, "users_per_second": 616.0940945160393}}, {"loss": 2.5356214368343353, "step": 1200, "valid": {"evaluated_users": 1457, "hit@10": 0.013040494166094716, "hit@5": 0.0075497597803706245, "ndcg@10": 0.006663058078580098, "ndcg@5": 0.0049064600647751935, "recall@10": 0.013040494166094716, "recall@5": 0.0075497597803706245, "users_per_second": 616.5554325582947}}, {"loss": 1.2679938240845998, "step": 1500, "valid": {"evaluated_users": 1457, "hit@10": 0.014413177762525738, "hit@5": 0.008922443376801648, "ndcg@10": 0.008380029266411376, "ndcg@5": 0.006514950493972714, "recall@10": 0.014413177762525738, "recall@5": 0.008922443376801648, "users_per_second": 616.3516431168665}}, {"loss": 0.6506863021850586, "step": 1800, "valid": {"evaluated_users": 1457, "hit@10": 0.013040494166094716, "hit@5": 0.0068634179821551134, "ndcg@10": 0.0058048130717769115, "ndcg@5": 0.003909859328936664, "recall@10": 0.013040494166094716, "recall@5": 0.0068634179821551134, "users_per_second": 615.0931062548137}}, {"loss": 0.39642577230930326, "step": 2100, "valid": {"evaluated_users": 1457, "hit@10": 0.013040494166094716, "hit@5": 0.009608785175017159, "ndcg@10": 0.006598605023268994, "ndcg@5": 0.0055655576805648714, "recall@10": 0.013040494166094716, "recall@5": 0.009608785175017159, "users_per_second": 615.6404867718528}}, {"loss": 0.24901397769649825, "step": 2400, "valid": {"evaluated_users": 1457, "hit@10": 0.014413177762525738, "hit@5": 0.0061770761839396015, "ndcg@10": 0.006598679536587014, "ndcg@5": 0.003889152282212393, "recall@10": 0.014413177762525738, "recall@5": 0.0061770761839396015, "users_per_second": 615.3343589376743}}, {"loss": 0.17339148754874864, "step": 2700, "valid": {"evaluated_users": 1457, "hit@10": 0.013726835964310227, "hit@5": 0.0075497597803706245, "ndcg@10": 0.006461354919693587, "ndcg@5": 0.004527914504637508, "recall@10": 0.013726835964310227, "recall@5": 0.0075497597803706245, "users_per_second": 615.596232792363}}, {"loss": 0.13574306468168895, "step": 3000, "valid": {"evaluated_users": 1457, "hit@10": 0.015099519560741249, "hit@5": 0.008236101578586136, "ndcg@10": 0.006872906164296732, "ndcg@5": 0.004716141761613609, "recall@10": 0.015099519560741249, "recall@5": 0.008236101578586136, "users_per_second": 615.4398190278135}}, {"loss": 0.11579403487344583, "step": 3300, "valid": {"evaluated_users": 1457, "hit@10": 0.013726835964310227, "hit@5": 0.0075497597803706245, "ndcg@10": 0.006381088614787929, "ndcg@5": 0.004407973870176074, "recall@10": 0.013726835964310227, "recall@5": 0.0075497597803706245, "users_per_second": 615.532351467469}}, {"loss": 0.09871682075162728, "step": 3600, "valid": {"evaluated_users": 1457, "hit@10": 0.014413177762525738, "hit@5": 0.009608785175017159, "ndcg@10": 0.006877112109841858, "ndcg@5": 0.005337030826843905, "recall@10": 0.014413177762525738, "recall@5": 0.009608785175017159, "users_per_second": 615.3782776281918}}, {"loss": 0.0870909560099244, "step": 3900, "valid": {"evaluated_users": 1457, "hit@10": 0.014413177762525738, "hit@5": 0.008236101578586136, "ndcg@10": 0.006485122805238694, "ndcg@5": 0.0045185434794064935, "recall@10": 0.014413177762525738, "recall@5": 0.008236101578586136, "users_per_second": 615.9784577879466}}, {"loss": 0.07834778572122256, "step": 4200, "valid": {"evaluated_users": 1457, "hit@10": 0.011667810569663692, "hit@5": 0.0075497597803706245, "ndcg@10": 0.006222312853994093, "ndcg@5": 0.004799095998433935, "recall@10": 0.011667810569663692, "recall@5": 0.0075497597803706245, "users_per_second": 616.2500294102301}}, {"loss": 0.0733741571381688, "step": 4500, "valid": {"evaluated_users": 1457, "hit@10": 0.012354152367879203, "hit@5": 0.009608785175017159, "ndcg@10": 0.006881270938077219, "ndcg@5": 0.006040874128894527, "recall@10": 0.012354152367879203, "recall@5": 0.009608785175017159, "users_per_second": 614.4537925854394}}, {"loss": 0.06596877835690976, "step": 4800, "valid": {"evaluated_users": 1457, "hit@10": 0.013726835964310227, "hit@5": 0.004118050789293068, "ndcg@10": 0.006966958628148594, "ndcg@5": 0.0037748798901853123, "recall@10": 0.013726835964310227, "recall@5": 0.004118050789293068, "users_per_second": 615.8456007101933}}, {"loss": 0.0581769805898269, "step": 5100, "valid": {"evaluated_users": 1457, "hit@10": 0.009608785175017159, "hit@5": 0.0068634179821551134, "ndcg@10": 0.005358360465919127, "ndcg@5": 0.004510413000802398, "recall@10": 0.009608785175017159, "recall@5": 0.0068634179821551134, "users_per_second": 615.7905295931182}}, {"loss": 0.054211755394935605, "step": 5400, "valid": {"evaluated_users": 1457, "hit@10": 0.008922443376801648, "hit@5": 0.0061770761839396015, "ndcg@10": 0.0049886269305742395, "ndcg@5": 0.004146535054970371, "recall@10": 0.008922443376801648, "recall@5": 0.0061770761839396015, "users_per_second": 615.877995936239}}, {"loss": 0.05424344716593623, "step": 5700, "valid": {"evaluated_users": 1457, "hit@10": 0.009608785175017159, "hit@5": 0.0061770761839396015, "ndcg@10": 0.004979293790634196, "ndcg@5": 0.003850074838385802, "recall@10": 0.009608785175017159, "recall@5": 0.0061770761839396015, "users_per_second": 615.0580265399838}}, {"loss": 0.048047081052015224, "step": 6000, "valid": {"evaluated_users": 1457, "hit@10": 0.013040494166094716, "hit@5": 0.0075497597803706245, "ndcg@10": 0.006415879899407398, "ndcg@5": 0.004691360278732968, "recall@10": 0.013040494166094716, "recall@5": 0.0075497597803706245, "users_per_second": 615.1383124628683}}, {"loss": 0.047302375392367445, "step": 6300, "valid": {"evaluated_users": 1457, "hit@10": 0.013726835964310227, "hit@5": 0.008236101578586136, "ndcg@10": 0.006896742066486506, "ndcg@5": 0.0051845498842574425, "recall@10": 0.013726835964310227, "recall@5": 0.008236101578586136, "users_per_second": 614.916398222252}}, {"loss": 0.044102832482506835, "step": 6600, "valid": {"evaluated_users": 1457, "hit@10": 0.013040494166094716, "hit@5": 0.01029512697323267, "ndcg@10": 0.007272393066335083, "ndcg@5": 0.006431996257152388, "recall@10": 0.013040494166094716, "recall@5": 0.01029512697323267, "users_per_second": 614.7521693946128}}, {"loss": 0.0443265019915998, "step": 6900, "valid": {"evaluated_users": 1457, "hit@10": 0.016472203157172273, "hit@5": 0.01029512697323267, "ndcg@10": 0.008448575334954222, "ndcg@5": 0.006479575832942785, "recall@10": 0.016472203157172273, "recall@5": 0.01029512697323267, "users_per_second": 615.0285608448908}}, {"loss": 0.03720293515982727, "step": 7200, "valid": {"evaluated_users": 1457, "hit@10": 0.016472203157172273, "hit@5": 0.008922443376801648, "ndcg@10": 0.00892901764702928, "ndcg@5": 0.0065096539048980695, "recall@10": 0.016472203157172273, "recall@5": 0.008922443376801648, "users_per_second": 614.857486881784}}, {"loss": 0.03706563952378929, "step": 7500, "valid": {"evaluated_users": 1457, "hit@10": 0.013726835964310227, "hit@5": 0.01029512697323267, "ndcg@10": 0.007411442803900321, "ndcg@5": 0.006264104393540848, "recall@10": 0.013726835964310227, "recall@5": 0.01029512697323267, "users_per_second": 615.0210806211167}}, {"loss": 0.031888794684782625, "step": 7800, "valid": {"evaluated_users": 1457, "hit@10": 0.015099519560741249, "hit@5": 0.008922443376801648, "ndcg@10": 0.008205614044797522, "ndcg@5": 0.0061486098485954935, "recall@10": 0.015099519560741249, "recall@5": 0.008922443376801648, "users_per_second": 615.4307857234954}}, {"loss": 0.03353007575807472, "step": 8100, "valid": {"evaluated_users": 1457, "hit@10": 0.013726835964310227, "hit@5": 0.008922443376801648, "ndcg@10": 0.0073289509454499985, "ndcg@5": 0.005780657466607097, "recall@10": 0.013726835964310227, "recall@5": 0.008922443376801648, "users_per_second": 616.0008537762435}}, {"loss": 0.032923957069093984, "step": 8400, "valid": {"evaluated_users": 1457, "hit@10": 0.016472203157172273, "hit@5": 0.011667810569663692, "ndcg@10": 0.010004567431657303, "ndcg@5": 0.008478445083678747, "recall@10": 0.016472203157172273, "recall@5": 0.011667810569663692, "users_per_second": 616.6518136583136}}, {"loss": 0.02873937609605491, "step": 8700, "valid": {"evaluated_users": 1457, "hit@10": 0.015785861358956762, "hit@5": 0.008236101578586136, "ndcg@10": 0.008299849987348335, "ndcg@5": 0.005858315114352779, "recall@10": 0.015785861358956762, "recall@5": 0.008236101578586136, "users_per_second": 616.4405990479339}}, {"loss": 0.02975568635078768, "step": 9000, "valid": {"evaluated_users": 1457, "hit@10": 0.015785861358956762, "hit@5": 0.008236101578586136, "ndcg@10": 0.007757186556005789, "ndcg@5": 0.005252464853412401, "recall@10": 0.015785861358956762, "recall@5": 0.008236101578586136, "users_per_second": 614.8461053668567}}, {"loss": 0.030321117537096143, "step": 9300, "valid": {"evaluated_users": 1457, "hit@10": 0.01990391214824983, "hit@5": 0.011667810569663692, "ndcg@10": 0.01034265798835604, "ndcg@5": 0.007641234079487952, "recall@10": 0.01990391214824983, "recall@5": 0.011667810569663692, "users_per_second": 615.2068176307425}}, {"loss": 0.02545743968182554, "step": 9600, "valid": {"evaluated_users": 1457, "hit@10": 0.02059025394646534, "hit@5": 0.013726835964310227, "ndcg@10": 0.011139529815654676, "ndcg@5": 0.008996044518724154, "recall@10": 0.02059025394646534, "recall@5": 0.013726835964310227, "users_per_second": 614.7102957337355}}, {"loss": 0.026291717228790125, "step": 9900, "valid": {"evaluated_users": 1457, "hit@10": 0.016472203157172273, "hit@5": 0.008236101578586136, "ndcg@10": 0.008446218728622133, "ndcg@5": 0.005793234034727273, "recall@10": 0.016472203157172273, "recall@5": 0.008236101578586136, "users_per_second": 614.6248670274352}}, {"loss": 0.025528186589169007, "step": 10200, "valid": {"evaluated_users": 1457, "hit@10": 0.018531228551818806, "hit@5": 0.009608785175017159, "ndcg@10": 0.009849066675221218, "ndcg@5": 0.006930110798391799, "recall@10": 0.018531228551818806, "recall@5": 0.009608785175017159, "users_per_second": 615.8989037560893}}, {"loss": 0.023386461730115115, "step": 10500, "valid": {"evaluated_users": 1457, "hit@10": 0.013726835964310227, "hit@5": 0.0075497597803706245, "ndcg@10": 0.007518601480122129, "ndcg@5": 0.005519218651401393, "recall@10": 0.013726835964310227, "recall@5": 0.0075497597803706245, "users_per_second": 616.0318637945115}}, {"loss": 0.02405267735167096, "step": 10800, "valid": {"evaluated_users": 1457, "hit@10": 0.014413177762525738, "hit@5": 0.008922443376801648, "ndcg@10": 0.008375049382346345, "ndcg@5": 0.006664597547029725, "recall@10": 0.014413177762525738, "recall@5": 0.008922443376801648, "users_per_second": 614.4013824154679}}, {"loss": 0.02320640181656927, "step": 11100, "valid": {"evaluated_users": 1457, "hit@10": 0.015099519560741249, "hit@5": 0.009608785175017159, "ndcg@10": 0.00908669247000581, "ndcg@5": 0.007381017417200521, "recall@10": 0.015099519560741249, "recall@5": 0.009608785175017159, "users_per_second": 615.7010409151717}}, {"loss": 0.02061993104716142, "step": 11400, "valid": {"evaluated_users": 1457, "hit@10": 0.015785861358956762, "hit@5": 0.008922443376801648, "ndcg@10": 0.00844240267622495, "ndcg@5": 0.006283218097362587, "recall@10": 0.015785861358956762, "recall@5": 0.008922443376801648, "users_per_second": 615.9463657678132}}, {"loss": 0.01899929229170084, "step": 11700, "valid": {"evaluated_users": 1457, "hit@10": 0.015099519560741249, "hit@5": 0.01029512697323267, "ndcg@10": 0.00845051670229166, "ndcg@5": 0.006894736137361868, "recall@10": 0.015099519560741249, "recall@5": 0.01029512697323267, "users_per_second": 613.9951868989178}}, {"loss": 0.01942835866473615, "step": 12000, "valid": {"evaluated_users": 1457, "hit@10": 0.015785861358956762, "hit@5": 0.008922443376801648, "ndcg@10": 0.00883764903278708, "ndcg@5": 0.006617017971239328, "recall@10": 0.015785861358956762, "recall@5": 0.008922443376801648, "users_per_second": 614.2690327880028}}, {"loss": 0.020378250172361733, "step": 12300, "valid": {"evaluated_users": 1457, "hit@10": 0.016472203157172273, "hit@5": 0.009608785175017159, "ndcg@10": 0.008069609919812487, "ndcg@5": 0.005817643864248206, "recall@10": 0.016472203157172273, "recall@5": 0.009608785175017159, "users_per_second": 614.8441430542865}}, {"loss": 0.01777935612325867, "step": 12600, "valid": {"evaluated_users": 1457, "hit@10": 0.015785861358956762, "hit@5": 0.01098146877144818, "ndcg@10": 0.008482892426741283, "ndcg@5": 0.00693701912407762, "recall@10": 0.015785861358956762, "recall@5": 0.01098146877144818, "users_per_second": 614.0395284766075}}, {"loss": 0.01701967159130921, "step": 12900, "valid": {"evaluated_users": 1457, "hit@10": 0.015099519560741249, "hit@5": 0.008922443376801648, "ndcg@10": 0.007757665556125057, "ndcg@5": 0.00569486934025732, "recall@10": 0.015099519560741249, "recall@5": 0.008922443376801648, "users_per_second": 614.4712279140816}}, {"loss": 0.016769919894480456, "step": 13200, "valid": {"evaluated_users": 1457, "hit@10": 0.015785861358956762, "hit@5": 0.008236101578586136, "ndcg@10": 0.008543427536924685, "ndcg@5": 0.0061892810987000686, "recall@10": 0.015785861358956762, "recall@5": 0.008236101578586136, "users_per_second": 616.3892481753518}}, {"loss": 0.017088247080488752, "step": 13500, "valid": {"evaluated_users": 1457, "hit@10": 0.015099519560741249, "hit@5": 0.0075497597803706245, "ndcg@10": 0.007915734163277073, "ndcg@5": 0.0055574272019607756, "recall@10": 0.015099519560741249, "recall@5": 0.0075497597803706245, "users_per_second": 614.0219527967901}}, {"loss": 0.016992561008470755, "step": 13800, "valid": {"evaluated_users": 1457, "hit@10": 0.016472203157172273, "hit@5": 0.0075497597803706245, "ndcg@10": 0.009041827959227646, "ndcg@5": 0.006111623450954387, "recall@10": 0.016472203157172273, "recall@5": 0.0075497597803706245, "users_per_second": 615.5828145223946}}, {"loss": 0.016341594450641424, "step": 14100, "valid": {"evaluated_users": 1457, "hit@10": 0.015785861358956762, "hit@5": 0.009608785175017159, "ndcg@10": 0.00855650170915916, "ndcg@5": 0.006497077336777893, "recall@10": 0.015785861358956762, "recall@5": 0.009608785175017159, "users_per_second": 615.9560449059516}}, {"loss": 0.014442428722977638, "step": 14400, "valid": {"evaluated_users": 1457, "hit@10": 0.016472203157172273, "hit@5": 0.008922443376801648, "ndcg@10": 0.009407943541447264, "ndcg@5": 0.006917905883631331, "recall@10": 0.016472203157172273, "recall@5": 0.008922443376801648, "users_per_second": 615.2219598300233}}, {"loss": 0.015530978278256953, "step": 14700, "valid": {"evaluated_users": 1457, "hit@10": 0.013726835964310227, "hit@5": 0.008236101578586136, "ndcg@10": 0.007932273874729041, "ndcg@5": 0.006115697887110757, "recall@10": 0.013726835964310227, "recall@5": 0.008236101578586136, "users_per_second": 615.9955685123583}}, {"loss": 0.014678709936949114, "step": 15000, "valid": {"evaluated_users": 1457, "hit@10": 0.015785861358956762, "hit@5": 0.009608785175017159, "ndcg@10": 0.009311861180836493, "ndcg@5": 0.007303359769454839, "recall@10": 0.015785861358956762, "recall@5": 0.009608785175017159, "users_per_second": 615.6711987516094}}, {"loss": 0.016334502580575644, "step": 15300, "valid": {"evaluated_users": 1457, "hit@10": 0.015785861358956762, "hit@5": 0.009608785175017159, "ndcg@10": 0.00890146690673533, "ndcg@5": 0.006930110798391799, "recall@10": 0.015785861358956762, "recall@5": 0.009608785175017159, "users_per_second": 616.1849858445901}}, {"loss": 0.01307887930267801, "step": 15600, "valid": {"evaluated_users": 1457, "hit@10": 0.015785861358956762, "hit@5": 0.008922443376801648, "ndcg@10": 0.008381316990353096, "ndcg@5": 0.006251899478780383, "recall@10": 0.015785861358956762, "recall@5": 0.008922443376801648, "users_per_second": 615.815889005713}}, {"loss": 0.013453416316381967, "step": 15900, "valid": {"evaluated_users": 1457, "hit@10": 0.014413177762525738, "hit@5": 0.008922443376801648, "ndcg@10": 0.00762343802352459, "ndcg@5": 0.005870891682472954, "recall@10": 0.014413177762525738, "recall@5": 0.008922443376801648, "users_per_second": 616.9284918366579}}, {"loss": 0.013874660455621779, "step": 16200, "valid": {"evaluated_users": 1457, "hit@10": 0.013726835964310227, "hit@5": 0.0068634179821551134, "ndcg@10": 0.0070661808806726685, "ndcg@5": 0.004897089039544179, "recall@10": 0.013726835964310227, "recall@5": 0.0068634179821551134, "users_per_second": 615.3497248876678}}, {"loss": 0.01257828454603441, "step": 16500, "valid": {"evaluated_users": 1457, "hit@10": 0.015785861358956762, "hit@5": 0.009608785175017159, "ndcg@10": 0.007909115942921985, "ndcg@5": 0.0058859304867628715, "recall@10": 0.015785861358956762, "recall@5": 0.009608785175017159, "users_per_second": 615.6932495556947}}, {"loss": 0.01291226725676097, "step": 16800, "valid": {"evaluated_users": 1457, "hit@10": 0.015785861358956762, "hit@5": 0.01098146877144818, "ndcg@10": 0.008406731746144862, "ndcg@5": 0.006906941052122334, "recall@10": 0.015785861358956762, "recall@5": 0.01098146877144818, "users_per_second": 615.8258834229289}}, {"loss": 0.012150550841664274, "step": 17100, "valid": {"evaluated_users": 1457, "hit@10": 0.015785861358956762, "hit@5": 0.0068634179821551134, "ndcg@10": 0.007832559696369056, "ndcg@5": 0.004978821123446231, "recall@10": 0.015785861358956762, "recall@5": 0.0068634179821551134, "users_per_second": 616.3765426125692}}, {"loss": 0.012261461257003248, "step": 17400, "valid": {"evaluated_users": 1457, "hit@10": 0.016472203157172273, "hit@5": 0.01029512697323267, "ndcg@10": 0.00908350505244477, "ndcg@5": 0.007092334419568983, "recall@10": 0.016472203157172273, "recall@5": 0.01029512697323267, "users_per_second": 615.3340504448088}}, {"loss": 0.012565530924669777, "step": 17700, "valid": {"evaluated_users": 1457, "hit@10": 0.015099519560741249, "hit@5": 0.009608785175017159, "ndcg@10": 0.007609471251995035, "ndcg@5": 0.005861149003882231, "recall@10": 0.015099519560741249, "recall@5": 0.009608785175017159, "users_per_second": 616.2630034364688}}, {"loss": 0.012083457850385457, "step": 18000, "valid": {"evaluated_users": 1457, "hit@10": 0.015099519560741249, "hit@5": 0.01098146877144818, "ndcg@10": 0.00877786910320814, "ndcg@5": 0.007418854314400193, "recall@10": 0.015099519560741249, "recall@5": 0.01098146877144818, "users_per_second": 616.0378420043764}}, {"loss": 0.010558545945289856, "step": 18300, "valid": {"evaluated_users": 1457, "hit@10": 0.016472203157172273, "hit@5": 0.01029512697323267, "ndcg@10": 0.008993270836578911, "ndcg@5": 0.007002100203703126, "recall@10": 0.016472203157172273, "recall@5": 0.01029512697323267, "users_per_second": 617.326308807585}}, {"loss": 0.011169967766230304, "step": 18600, "valid": {"evaluated_users": 1457, "hit@10": 0.014413177762525738, "hit@5": 0.009608785175017159, "ndcg@10": 0.007968778351097808, "ndcg@5": 0.006366915177526882, "recall@10": 0.014413177762525738, "recall@5": 0.009608785175017159, "users_per_second": 617.1572147126254}}, {"loss": 0.011856549605339144, "step": 18900, "valid": {"evaluated_users": 1457, "hit@10": 0.015785861358956762, "hit@5": 0.01029512697323267, "ndcg@10": 0.008988954715515678, "ndcg@5": 0.007207828964514338, "recall@10": 0.015785861358956762, "recall@5": 0.01029512697323267, "users_per_second": 616.8697252739878}}, {"loss": 0.01052266754132385, "step": 19200, "valid": {"evaluated_users": 1457, "hit@10": 0.019217570350034317, "hit@5": 0.01029512697323267, "ndcg@10": 0.009558819805918106, "ndcg@5": 0.006719085448505942, "recall@10": 0.019217570350034317, "recall@5": 0.01029512697323267, "users_per_second": 616.3139273783441}}, {"loss": 0.010801520550545925, "step": 19500, "valid": {"evaluated_users": 1457, "hit@10": 0.016472203157172273, "hit@5": 0.008236101578586136, "ndcg@10": 0.008565574291816784, "ndcg@5": 0.005998962795538484, "recall@10": 0.016472203157172273, "recall@5": 0.008236101578586136, "users_per_second": 615.3493836437113}}, {"loss": 0.010785592921699087, "step": 19800, "valid": {"evaluated_users": 1457, "hit@10": 0.012354152367879203, "hit@5": 0.0075497597803706245, "ndcg@10": 0.007185009825123388, "ndcg@5": 0.0056350848497064565, "recall@10": 0.012354152367879203, "recall@5": 0.0075497597803706245, "users_per_second": 617.0504008841441}}, {"loss": 0.009589582788175904, "step": 20100, "valid": {"evaluated_users": 1457, "hit@10": 0.013040494166094716, "hit@5": 0.008236101578586136, "ndcg@10": 0.007554207123433161, "ndcg@5": 0.006008333820769499, "recall@10": 0.013040494166094716, "recall@5": 0.008236101578586136, "users_per_second": 615.3625360144848}}, {"loss": 0.008734011685010045, "step": 20400, "valid": {"evaluated_users": 1457, "hit@10": 0.013040494166094716, "hit@5": 0.01029512697323267, "ndcg@10": 0.008209594757973171, "ndcg@5": 0.007315564684215305, "recall@10": 0.013040494166094716, "recall@5": 0.01029512697323267, "users_per_second": 615.209863435873}}, {"loss": 0.009330117825884372, "step": 20700, "valid": {"evaluated_users": 1457, "hit@10": 0.015785861358956762, "hit@5": 0.0068634179821551134, "ndcg@10": 0.00787358570598609, "ndcg@5": 0.005034531177840723, "recall@10": 0.015785861358956762, "recall@5": 0.0068634179821551134, "users_per_second": 615.4099533395342}}, {"loss": 0.01032739296555519, "step": 21000, "valid": {"evaluated_users": 1457, "hit@10": 0.014413177762525738, "hit@5": 0.009608785175017159, "ndcg@10": 0.007726281727876859, "ndcg@5": 0.006204319902989986, "recall@10": 0.014413177762525738, "recall@5": 0.009608785175017159, "users_per_second": 615.0881574985281}}, {"loss": 0.009856372775975614, "step": 21300, "valid": {"evaluated_users": 1457, "hit@10": 0.017158544955387784, "hit@5": 0.01029512697323267, "ndcg@10": 0.00898055186516676, "ndcg@5": 0.006865029718766291, "recall@10": 0.017158544955387784, "recall@5": 0.01029512697323267, "users_per_second": 614.9174791270015}}, {"loss": 0.009187905786093324, "step": 21600, "valid": {"evaluated_users": 1457, "hit@10": 0.012354152367879203, "hit@5": 0.008236101578586136, "ndcg@10": 0.007223361967914452, "ndcg@5": 0.005935972762098461, "recall@10": 0.012354152367879203, "recall@5": 0.008236101578586136, "users_per_second": 615.6721262450288}}, {"loss": 0.010375878984147373, "step": 21900, "valid": {"evaluated_users": 1457, "hit@10": 0.011667810569663692, "hit@5": 0.008922443376801648, "ndcg@10": 0.00779991377369784, "ndcg@5": 0.006887827811676046, "recall@10": 0.011667810569663692, "recall@5": 0.008922443376801648, "users_per_second": 616.0336518540162}}, {"loss": 0.009002921062055975, "step": 22200, "valid": {"evaluated_users": 1457, "hit@10": 0.01098146877144818, "hit@5": 0.0075497597803706245, "ndcg@10": 0.006588260391192434, "ndcg@5": 0.005437486567499341, "recall@10": 0.01098146877144818, "recall@5": 0.0075497597803706245, "users_per_second": 615.7930215379624}}, {"loss": 0.00825383977595872, "step": 22500, "valid": {"evaluated_users": 1457, "hit@10": 0.013726835964310227, "hit@5": 0.008922443376801648, "ndcg@10": 0.007655451151951595, "ndcg@5": 0.006141701522909672, "recall@10": 0.013726835964310227, "recall@5": 0.008922443376801648, "users_per_second": 616.4333783667037}}, {"loss": 0.009195380778983235, "step": 22800, "valid": {"evaluated_users": 1457, "hit@10": 0.013040494166094716, "hit@5": 0.008236101578586136, "ndcg@10": 0.007589161929459039, "ndcg@5": 0.006013630409844143, "recall@10": 0.013040494166094716, "recall@5": 0.008236101578586136, "users_per_second": 617.0278720556538}}, {"loss": 0.008099381078306276, "step": 23100, "valid": {"evaluated_users": 1457, "hit@10": 0.01098146877144818, "hit@5": 0.008236101578586136, "ndcg@10": 0.00666944990512807, "ndcg@5": 0.005763155962771987, "recall@10": 0.01098146877144818, "recall@5": 0.008236101578586136, "users_per_second": 614.3062383216995}}, {"loss": 0.00776586198209164, "step": 23400, "valid": {"evaluated_users": 1457, "hit@10": 0.012354152367879203, "hit@5": 0.009608785175017159, "ndcg@10": 0.008149530450909537, "ndcg@5": 0.007311490248058935, "recall@10": 0.012354152367879203, "recall@5": 0.009608785175017159, "users_per_second": 616.7794665936376}}, {"loss": 0.009162402424456862, "step": 23700, "valid": {"evaluated_users": 1457, "hit@10": 0.01098146877144818, "hit@5": 0.008236101578586136, "ndcg@10": 0.006958073948921856, "ndcg@5": 0.006064043875163991, "recall@10": 0.01098146877144818, "recall@5": 0.008236101578586136, "users_per_second": 616.1211797290705}}, {"loss": 0.009007599616306834, "step": 24000, "valid": {"evaluated_users": 1457, "hit@10": 0.012354152367879203, "hit@5": 0.0068634179821551134, "ndcg@10": 0.007894243247951913, "ndcg@5": 0.006129496608149206, "recall@10": 0.012354152367879203, "recall@5": 0.0068634179821551134, "users_per_second": 615.1684559448399}}, {"loss": 0.007594191011351844, "step": 24300, "valid": {"evaluated_users": 1457, "hit@10": 0.011667810569663692, "hit@5": 0.0075497597803706245, "ndcg@10": 0.007134422614438284, "ndcg@5": 0.005798530623801916, "recall@10": 0.011667810569663692, "recall@5": 0.0075497597803706245, "users_per_second": 614.5828216924986}}, {"loss": 0.008271606107397626, "step": 24600, "valid": {"evaluated_users": 1457, "hit@10": 0.013040494166094716, "hit@5": 0.008922443376801648, "ndcg@10": 0.00784860503949895, "ndcg@5": 0.006497077336777893, "recall@10": 0.013040494166094716, "recall@5": 0.008922443376801648, "users_per_second": 614.8045592763635}}, {"loss": 0.007151953088274847, "step": 24900, "valid": {"evaluated_users": 1457, "hit@10": 0.013726835964310227, "hit@5": 0.009608785175017159, "ndcg@10": 0.008108323350042239, "ndcg@5": 0.006732884169544392, "recall@10": 0.013726835964310227, "recall@5": 0.009608785175017159, "users_per_second": 615.9830554983683}}, {"loss": 0.007432673778190899, "step": 25200, "valid": {"evaluated_users": 1457, "hit@10": 0.013726835964310227, "hit@5": 0.008922443376801648, "ndcg@10": 0.00760014906099569, "ndcg@5": 0.006028669214134061, "recall@10": 0.013726835964310227, "recall@5": 0.008922443376801648, "users_per_second": 614.7912956014679}}, {"loss": 0.008018102976687563, "step": 25500, "valid": {"evaluated_users": 1457, "hit@10": 0.014413177762525738, "hit@5": 0.008922443376801648, "ndcg@10": 0.008308238658434153, "ndcg@5": 0.006622314560313972, "recall@10": 0.014413177762525738, "recall@5": 0.008922443376801648, "users_per_second": 615.6076093025032}}, {"loss": 0.008033339334651828, "step": 25800, "valid": {"evaluated_users": 1457, "hit@10": 0.014413177762525738, "hit@5": 0.008922443376801648, "ndcg@10": 0.007876847373954454, "ndcg@5": 0.006114457340483838, "recall@10": 0.014413177762525738, "recall@5": 0.008922443376801648, "users_per_second": 616.8806469370854}}, {"loss": 0.0070118142926367, "step": 26100, "valid": {"evaluated_users": 1457, "hit@10": 0.013726835964310227, "hit@5": 0.008922443376801648, "ndcg@10": 0.008434935328035327, "ndcg@5": 0.006870326307840935, "recall@10": 0.013726835964310227, "recall@5": 0.008922443376801648, "users_per_second": 615.1467447607682}}, {"loss": 0.007775845068196455, "step": 26400, "valid": {"evaluated_users": 1457, "hit@10": 0.016472203157172273, "hit@5": 0.008236101578586136, "ndcg@10": 0.009604704701559715, "ndcg@5": 0.006905700968870866, "recall@10": 0.016472203157172273, "recall@5": 0.008236101578586136, "users_per_second": 616.1988205308033}}, {"loss": 0.006779269050457515, "step": 26700, "valid": {"evaluated_users": 1457, "hit@10": 0.013040494166094716, "hit@5": 0.01029512697323267, "ndcg@10": 0.008357582935043652, "ndcg@5": 0.00744893238635548, "recall@10": 0.013040494166094716, "recall@5": 0.01029512697323267, "users_per_second": 615.4419647909248}}, {"loss": 0.007465394568280317, "step": 27000, "valid": {"evaluated_users": 1457, "hit@10": 0.013040494166094716, "hit@5": 0.009608785175017159, "ndcg@10": 0.008088593463903913, "ndcg@5": 0.007007768446137479, "recall@10": 0.013040494166094716, "recall@5": 0.009608785175017159, "users_per_second": 614.3889651793448}}, {"loss": 0.007495526135899127, "step": 27300, "valid": {"evaluated_users": 1457, "hit@10": 0.016472203157172273, "hit@5": 0.01029512697323267, "ndcg@10": 0.009892399449707155, "ndcg@5": 0.00792991707711949, "recall@10": 0.016472203157172273, "recall@5": 0.01029512697323267, "users_per_second": 615.215033402129}}, {"loss": 0.006421058051249323, "step": 27600, "valid": {"evaluated_users": 1457, "hit@10": 0.015099519560741249, "hit@5": 0.01029512697323267, "ndcg@10": 0.008767966456951408, "ndcg@5": 0.007177750892559052, "recall@10": 0.015099519560741249, "recall@5": 0.01029512697323267, "users_per_second": 614.8516223576866}}, {"loss": 0.006298362120481518, "step": 27900, "valid": {"evaluated_users": 1457, "hit@10": 0.015785861358956762, "hit@5": 0.011667810569663692, "ndcg@10": 0.008938181411298526, "ndcg@5": 0.007636787989971872, "recall@10": 0.015785861358956762, "recall@5": 0.011667810569663692, "users_per_second": 614.6586443473394}}, {"loss": 0.00764935357340922, "step": 28200, "valid": {"evaluated_users": 1457, "hit@10": 0.017158544955387784, "hit@5": 0.01029512697323267, "ndcg@10": 0.009335251157193646, "ndcg@5": 0.007135839559203009, "recall@10": 0.017158544955387784, "recall@5": 0.01029512697323267, "users_per_second": 615.4203211179599}}, {"loss": 0.006928841181409856, "step": 28500, "valid": {"evaluated_users": 1457, "hit@10": 0.015785861358956762, "hit@5": 0.01029512697323267, "ndcg@10": 0.008767200349471836, "ndcg@5": 0.007010602335666932, "recall@10": 0.015785861358956762, "recall@5": 0.01029512697323267, "users_per_second": 615.7568986275421}}, {"loss": 0.006970123901070716, "step": 28800, "valid": {"evaluated_users": 1457, "hit@10": 0.015785861358956762, "hit@5": 0.008922443376801648, "ndcg@10": 0.00860487735428524, "ndcg@5": 0.006317352211765598, "recall@10": 0.015785861358956762, "recall@5": 0.008922443376801648, "users_per_second": 615.4490296753743}}, {"loss": 0.006498946619782752, "step": 29100, "valid": {"evaluated_users": 1457, "hit@10": 0.017844886753603295, "hit@5": 0.012354152367879203, "ndcg@10": 0.009949136561188256, "ndcg@5": 0.008219840158002496, "recall@10": 0.017844886753603295, "recall@5": 0.012354152367879203, "users_per_second": 616.0728585067059}}, {"loss": 0.00570259101485135, "step": 29400, "valid": {"evaluated_users": 1457, "hit@10": 0.01990391214824983, "hit@5": 0.013726835964310227, "ndcg@10": 0.010520468579780772, "ndcg@5": 0.008565473293279993, "recall@10": 0.01990391214824983, "recall@5": 0.013726835964310227, "users_per_second": 615.3736177160621}}, {"loss": 0.006475151903869119, "step": 29700, "valid": {"evaluated_users": 1457, "hit@10": 0.018531228551818806, "hit@5": 0.011667810569663692, "ndcg@10": 0.010313812435240047, "ndcg@5": 0.00811777268073588, "recall@10": 0.018531228551818806, "recall@5": 0.011667810569663692, "users_per_second": 615.0503426056599}}, {"loss": 0.005199506337521598, "step": 30000, "valid": {"evaluated_users": 1457, "hit@10": 0.014413177762525738, "hit@5": 0.01098146877144818, "ndcg@10": 0.008682312668748934, "ndcg@5": 0.0075595019955859, "recall@10": 0.014413177762525738, "recall@5": 0.01098146877144818, "users_per_second": 615.9319050117557}}], "interaction_cache": "/workspace/P78123011/cache/mamba_multi_agent_data/amazon-all-beauty_90e3e920169a.pkl", "method": "EAGER", "monitor_metric": "ndcg@10", "num_items": 4090, "num_users": 1603, "semantic_cache": "/workspace/P78123011/cache/eager/semantic/amazon-all-beauty_147ca0dd6cb1.pt", "streams": ["DIN_behavior", "T5_semantic"], "test": {"evaluated_users": 1457, "hit@10": 0.015785861358956762, "hit@5": 0.008922443376801648, "ndcg@10": 0.008594540673761355, "ndcg@5": 0.006467370918182318, "recall@10": 0.015785861358956762, "recall@5": 0.008922443376801648, "users_per_second": 615.156198592858}, "train_examples": 3785, "train_interactions": 8445, "tree_cache": "/workspace/P78123011/cache/eager/amazon-all-beauty/trees", "validation": {"evaluated_users": 1457, "hit@10": 0.02059025394646534, "hit@5": 0.013726835964310227, "ndcg@10": 0.011139529815654676, "ndcg@5": 0.008996044518724154, "recall@10": 0.02059025394646534, "recall@5": 0.013726835964310227, "users_per_second": 614.7102957337355}, "visible_gpus": 1}
2026-09-08 18:25:30,011 | INFO | outputs=/workspace/P78123011/MediaTek_2026_project/Reproduce/EAGER/outputs/Full_Beauty/eager_20260908_180859_r1
