dataset,split,user,history_length,positive_signal_total,items_for_50pct,items_for_80pct,items_for_90pct
amazon-all-beauty,valid,0,14,3.640928813078638,11,11,11
amazon-all-beauty,valid,1,1,1.4923081746784188,1,1,1
amazon-all-beauty,valid,3,3,0.8670457535125675,3,3,3
amazon-all-beauty,valid,4,7,7.425872107438233,3,5,6
amazon-all-beauty,valid,5,8,5.0755774805633855,3,4,5
amazon-all-beauty,valid,6,2,0.644445338320257,2,2,2
amazon-all-beauty,valid,7,4,38.17712034238427,2,3,4
amazon-all-beauty,valid,8,15,3.146695102594733,5,10,15
amazon-all-beauty,valid,9,5,5.5326221517744045,2,3,4
amazon-all-beauty,valid,10,5,1.629674601758306,3,3,3
amazon-all-beauty,valid,11,5,1.5753864300083227,5,5,5
amazon-all-beauty,valid,13,11,2.7375573359563186,8,9,10
amazon-all-beauty,valid,14,14,4.125392118713388,4,7,12
amazon-all-beauty,valid,15,25,18.73324753357522,13,25,25
amazon-all-beauty,valid,16,8,20.54518873842139,4,5,5
amazon-all-beauty,valid,17,10,1.6258266101175913,9,9,9
amazon-all-beauty,valid,18,6,4.5367849779748255,4,5,6
amazon-all-beauty,valid,19,2,0.18929226164248777,1,1,1
amazon-all-beauty,valid,20,2,1.0621364903603399,1,1,1
amazon-all-beauty,valid,21,1,0.06360502017904113,1,1,1
amazon-all-beauty,valid,23,4,15.088676963664298,1,1,1
amazon-all-beauty,valid,24,4,13.641971075013723,4,4,4
amazon-all-beauty,valid,26,2,1.400081422093723,1,1,1
amazon-all-beauty,valid,27,3,1.4094037528698393,1,1,1
amazon-all-beauty,valid,28,6,9.09136651689182,5,6,6
amazon-all-beauty,valid,29,3,1.4701067634730065,1,1,1
amazon-all-beauty,valid,30,1,4.34247778556052,1,1,1
amazon-all-beauty,valid,31,4,6.871074046612147,1,2,3
amazon-all-beauty,valid,32,1,0.5308915164868035,1,1,1
amazon-all-beauty,valid,33,37,5.686781870284835,14,32,33
amazon-all-beauty,valid,34,19,38.39711639632638,9,17,18
amazon-all-beauty,valid,36,23,12.540757770010366,9,20,21
amazon-all-beauty,valid,37,3,43.84289465953485,2,3,3
amazon-all-beauty,valid,38,3,1.1756198424743052,3,3,3
amazon-all-beauty,valid,39,1,1.4391838620892807,1,1,1
amazon-all-beauty,valid,41,4,5.612160412489329,3,3,3
amazon-all-beauty,valid,42,7,4.55240898949687,3,5,7
amazon-all-beauty,valid,44,6,4.923200510437311,5,5,5
amazon-all-beauty,valid,45,2,14.361294925447163,1,1,1
amazon-all-beauty,valid,46,6,1.2784324528334894,1,5,6
amazon-all-beauty,valid,47,4,2.4058884596163232,3,3,3
amazon-all-beauty,valid,48,3,45.78706329948713,2,3,3
amazon-all-beauty,valid,51,6,1.2644776003927085,5,5,5
amazon-all-beauty,valid,52,2,1.2475883986883516,2,2,2
amazon-all-beauty,valid,53,3,13.641831121165229,2,3,3
amazon-all-beauty,valid,54,2,3.1696629335989828,2,2,2
amazon-all-beauty,valid,55,3,45.99065192067253,2,3,3
amazon-all-beauty,valid,56,4,4.1109954753388935,3,4,4
amazon-all-beauty,valid,57,2,0.4765379261685546,1,1,1
amazon-all-beauty,valid,59,2,0.33723838655634863,2,2,2
amazon-all-beauty,valid,63,4,2.645968322013108,1,1,1
amazon-all-beauty,valid,64,6,5.808478948680489,3,4,6
amazon-all-beauty,valid,65,2,0.4486735584491808,1,1,1
amazon-all-beauty,valid,66,3,0.8294816970611477,2,2,2
amazon-all-beauty,valid,67,3,42.05091030676935,2,3,3
amazon-all-beauty,valid,68,6,7.068941130249294,5,5,5
amazon-all-beauty,valid,70,4,14.894135323914002,1,1,1
amazon-all-beauty,valid,72,2,17.762558809722087,1,2,2
amazon-all-beauty,valid,75,3,1.1103921091654803,2,2,2
amazon-all-beauty,valid,76,9,4.819385308159956,5,6,7
amazon-all-beauty,valid,77,3,43.20497356061132,2,3,3
amazon-all-beauty,valid,78,4,13.314411679789291,1,2,2
amazon-all-beauty,valid,79,2,0.35060989263038883,1,1,1
amazon-all-beauty,valid,80,2,1.2389425525795583,1,2,2
amazon-all-beauty,valid,81,40,6.945213550661784,28,37,38
amazon-all-beauty,valid,83,3,1.5844495504875806,1,1,1
amazon-all-beauty,valid,84,2,3.9020310740663238,1,1,1
amazon-all-beauty,valid,85,5,6.469158625428986,4,5,5
amazon-all-beauty,valid,86,5,2.057477665749677,5,5,5
amazon-all-beauty,valid,88,4,0.5184462190685517,2,2,2
amazon-all-beauty,valid,90,3,0.0032997569349072307,1,1,1
amazon-all-beauty,valid,91,2,0.44957463454766905,2,2,2
amazon-all-beauty,valid,93,19,4.738496172490161,4,15,15
amazon-all-beauty,valid,94,4,6.262805546139402,1,1,1
amazon-all-beauty,valid,95,2,1.2090376429652896,1,1,1
amazon-all-beauty,valid,97,8,5.40644279266324,3,6,7
amazon-all-beauty,valid,98,10,1.5840622134280173,8,10,10
amazon-all-beauty,valid,99,26,3.233335035530229,21,22,25
amazon-all-beauty,valid,100,2,1.522297475477739,2,2,2
amazon-all-beauty,valid,101,4,58.53712685467339,3,4,4
amazon-all-beauty,valid,103,5,1.4649632131432433,3,3,3
amazon-all-beauty,valid,105,3,45.14587804808486,2,3,3
amazon-all-beauty,valid,106,3,3.3225361485329206,1,1,2
amazon-all-beauty,valid,107,4,1.7877332546175069,2,4,4
amazon-all-beauty,valid,108,4,0.359488461291827,1,1,1
amazon-all-beauty,valid,109,12,4.45308580064104,8,12,12
amazon-all-beauty,valid,110,14,7.512606780258844,6,11,13
amazon-all-beauty,valid,111,4,16.735657671900995,3,3,3
amazon-all-beauty,valid,112,3,45.476846354390126,2,3,3
amazon-all-beauty,valid,113,4,60.286506471664296,3,4,4
amazon-all-beauty,valid,114,2,0.05684479346119851,1,1,1
amazon-all-beauty,valid,116,3,1.7578831684738188,2,2,2
amazon-all-beauty,valid,117,3,5.424572483188444,2,2,2
amazon-all-beauty,valid,118,3,2.8816769674218614,2,2,3
amazon-all-beauty,valid,120,6,12.401832385185022,1,1,1
amazon-all-beauty,valid,121,5,4.365373298863128,4,5,5
amazon-all-beauty,valid,122,3,2.3914260896765374,2,3,3
amazon-all-beauty,valid,123,3,2.6787956306063543,2,3,3
amazon-all-beauty,valid,124,12,5.0344572904528375,2,2,9
amazon-all-beauty,valid,125,5,12.638103186765147,3,3,3
amazon-all-beauty,valid,126,3,6.325538565139183,2,3,3
amazon-all-beauty,valid,127,3,44.55537838882198,2,3,3
amazon-all-beauty,valid,128,5,0.19116328197441862,3,5,5
amazon-all-beauty,valid,129,3,0.0814068170706489,3,3,3
amazon-all-beauty,valid,130,6,1.3243065154368416,6,6,6
amazon-all-beauty,valid,131,3,44.89930043403557,2,3,3
amazon-all-beauty,valid,133,6,2.897410687484473,3,4,4
amazon-all-beauty,valid,136,3,5.662131451528999,1,3,3
amazon-all-beauty,valid,137,4,0.5341185861236375,4,4,4
amazon-all-beauty,valid,138,3,0.8453133601779435,1,1,1
amazon-all-beauty,valid,139,2,0.1191730427697606,1,1,1
amazon-all-beauty,valid,140,14,7.540867724948554,6,14,14
amazon-all-beauty,valid,144,3,2.549256023944428,1,3,3
amazon-all-beauty,valid,145,4,3.047203439365827,3,3,3
amazon-all-beauty,valid,146,8,1.9660146225899926,5,6,6
amazon-all-beauty,valid,147,5,0.6730580156133549,4,4,4
amazon-all-beauty,valid,148,6,0.1822268098721424,3,3,3
amazon-all-beauty,valid,149,4,20.35039762108025,1,2,3
amazon-all-beauty,valid,150,5,75.91850620456928,3,5,5
amazon-all-beauty,valid,151,5,8.798525285601022,3,4,4
amazon-all-beauty,valid,152,3,0.22254078696812835,3,3,3
amazon-all-beauty,valid,155,1,3.966555342168372,1,1,1
amazon-all-beauty,valid,156,9,8.560722137218466,7,9,9
amazon-all-beauty,valid,157,3,3.1709854728274856,2,2,3
amazon-all-beauty,valid,158,4,1.3364672852027202,2,4,4
amazon-all-beauty,valid,159,6,0.6581848392406444,1,5,5
amazon-all-beauty,valid,160,1,0.8671069833212834,1,1,1
amazon-all-beauty,valid,161,4,0.7183116490080679,3,3,3
amazon-all-beauty,valid,162,10,1.1408329336045269,4,7,7
amazon-all-beauty,valid,163,11,1.6690106266981801,7,11,11
amazon-all-beauty,valid,164,2,2.012039726934765,2,2,2
amazon-all-beauty,valid,165,4,4.656937820882852,4,4,4
amazon-all-beauty,valid,166,3,1.708321395881944,1,1,1
amazon-all-beauty,valid,167,7,1.6159836411691741,5,7,7
amazon-all-beauty,valid,168,1,13.915941574935399,1,1,1
amazon-all-beauty,valid,170,26,17.775988219236964,18,20,22
amazon-all-beauty,valid,171,3,1.8979552878253767,2,3,3
amazon-all-beauty,valid,172,16,1.206409319546483,14,14,14
amazon-all-beauty,valid,173,9,1.282595094235694,6,6,6
amazon-all-beauty,valid,174,4,3.127363114879872,3,4,4
amazon-all-beauty,valid,175,3,0.13399041008140794,1,1,1
amazon-all-beauty,valid,176,6,4.245928479517859,3,4,4
amazon-all-beauty,valid,177,4,2.4392350511949576,1,3,3
amazon-all-beauty,valid,178,2,1.3719571664840347,2,2,2
amazon-all-beauty,valid,179,8,2.5244002943712376,6,8,8
amazon-all-beauty,valid,180,3,1.942466340391044,2,3,3
amazon-all-beauty,valid,181,10,9.750881656886017,5,6,6
amazon-all-beauty,valid,182,5,75.89573894122819,3,4,5
amazon-all-beauty,valid,183,45,20.903261152587703,16,34,37
amazon-all-beauty,valid,184,22,14.833529763569778,15,20,20
amazon-all-beauty,valid,185,3,0.3978871896829867,2,2,2
amazon-all-beauty,valid,186,2,2.1069785781292665,2,2,2
amazon-all-beauty,valid,187,2,10.457248072446813,2,2,2
amazon-all-beauty,valid,188,4,2.7899905648191137,2,2,2
amazon-all-beauty,valid,189,3,2.6205498202744955,1,1,2
amazon-all-beauty,valid,190,4,0.23775091208699214,4,4,4
amazon-all-beauty,valid,191,3,2.312948509118837,2,3,3
amazon-all-beauty,valid,192,3,43.893539472868014,2,3,3
amazon-all-beauty,valid,193,4,0.8222352662384811,3,3,3
amazon-all-beauty,valid,195,7,1.388196432864687,1,6,6
amazon-all-beauty,valid,196,3,0.43708572475057317,3,3,3
amazon-all-beauty,valid,197,6,13.635909200752028,2,2,4
amazon-all-beauty,valid,198,6,1.0663909148762132,1,1,1
amazon-all-beauty,valid,199,3,0.7627053547069307,3,3,3
amazon-all-beauty,valid,200,4,3.77213591563789,3,4,4
amazon-all-beauty,valid,201,3,7.045979335986749,2,3,3
amazon-all-beauty,valid,203,6,2.376095414521801,2,5,5
amazon-all-beauty,valid,204,3,47.188516170737046,2,3,3
amazon-all-beauty,valid,205,6,37.514689209749235,2,3,5
amazon-all-beauty,valid,206,4,2.3065782682349796,2,3,3
amazon-all-beauty,valid,208,4,0.383702201864577,4,4,4
amazon-all-beauty,valid,209,2,0.20849402821486832,2,2,2
amazon-all-beauty,valid,210,2,0.4553134815287716,2,2,2
amazon-all-beauty,valid,211,3,2.1707981490364343,2,3,3
amazon-all-beauty,valid,213,4,2.1730853965489425,1,1,2
amazon-all-beauty,valid,214,38,101.39278029099927,11,25,31
amazon-all-beauty,valid,215,2,0.6266646700246145,2,2,2
amazon-all-beauty,valid,216,3,44.10486054418269,2,3,3
amazon-all-beauty,valid,217,3,0.16928699242937154,3,3,3
amazon-all-beauty,valid,218,7,0.9531238998731236,3,3,3
amazon-all-beauty,valid,219,3,45.74236479993159,2,3,3
amazon-all-beauty,valid,220,2,2.646530724582099,1,1,2
amazon-all-beauty,valid,221,3,1.0115869097075303,3,3,3
amazon-all-beauty,valid,223,4,2.0927790528512427,4,4,4
amazon-all-beauty,valid,224,5,2.5278918718537717,2,3,3
amazon-all-beauty,valid,226,10,3.146929303533102,1,1,9
amazon-all-beauty,valid,227,5,10.933865461848008,2,4,4
amazon-all-beauty,valid,228,6,4.794967550357359,6,6,6
amazon-all-beauty,valid,229,2,5.359901793300363,1,1,1
amazon-all-beauty,valid,230,2,3.374940610473513,1,2,2
amazon-all-beauty,valid,231,2,1.0518240107458932,2,2,2
amazon-all-beauty,valid,232,6,2.2044598831718,4,4,4
amazon-all-beauty,valid,234,1,3.4412441157938227,1,1,1
amazon-all-beauty,valid,235,3,44.87725449972874,2,3,3
amazon-all-beauty,valid,236,4,58.84180773803104,3,4,4
amazon-all-beauty,valid,237,2,0.6450974296231415,2,2,2
amazon-all-beauty,valid,238,11,4.75538814616775,2,2,7
amazon-all-beauty,valid,239,9,1.7893647764622267,5,9,9
amazon-all-beauty,valid,240,9,4.935374277677675,5,9,9
amazon-all-beauty,valid,241,3,0.7676140881042741,1,1,1
amazon-all-beauty,valid,242,9,0.11833516766095287,9,9,9
amazon-all-beauty,valid,243,3,18.964955913613736,1,2,2
amazon-all-beauty,valid,245,3,45.27863339009308,2,3,3
amazon-all-beauty,valid,246,2,8.68499277716175,1,1,1
amazon-all-beauty,valid,247,3,3.876488018330504,2,3,3
amazon-all-beauty,valid,248,70,11.045131358575496,31,55,69
amazon-all-beauty,valid,250,15,19.133555333482853,13,15,15
amazon-all-beauty,valid,252,3,45.65858307939492,2,3,3
amazon-all-beauty,valid,255,4,0.48192873651057727,2,3,3
amazon-all-beauty,valid,256,9,1.4168827830463406,1,9,9
amazon-all-beauty,valid,258,4,24.425890772057993,1,3,4
amazon-all-beauty,valid,261,3,47.625728790262215,2,3,3
amazon-all-beauty,valid,262,4,5.77925372690261,2,3,4
amazon-all-beauty,valid,264,1,6.525366419441561,1,1,1
amazon-all-beauty,valid,266,5,2.1007210641568275,3,4,4
amazon-all-beauty,valid,267,6,2.8541314382235274,4,5,5
amazon-all-beauty,valid,268,3,0.5037791543054627,3,3,3
amazon-all-beauty,valid,269,3,0.7762070819234512,1,1,3
amazon-all-beauty,valid,270,4,1.4787997947261422,3,3,4
amazon-all-beauty,valid,271,2,2.6081062476395878,1,1,1
amazon-all-beauty,valid,272,5,0.6655072837292625,3,4,4
amazon-all-beauty,valid,273,36,17.128265669364083,28,29,30
amazon-all-beauty,valid,276,12,11.84910609715224,5,11,12
amazon-all-beauty,valid,277,57,21.758629137270148,22,49,55
amazon-all-beauty,valid,278,2,0.29816945663719113,1,1,1
amazon-all-beauty,valid,280,12,4.464059365071523,5,6,7
amazon-all-beauty,valid,281,10,4.694129940125994,8,8,9
amazon-all-beauty,valid,282,3,1.2192534115136557,3,3,3
amazon-all-beauty,valid,283,6,3.796372324791734,1,5,5
amazon-all-beauty,valid,284,4,2.5446363765554385,2,2,2
amazon-all-beauty,valid,285,5,46.448586333691495,3,4,5
amazon-all-beauty,valid,286,6,5.005835742845399,5,5,5
amazon-all-beauty,valid,287,15,11.71755933547301,10,13,13
amazon-all-beauty,valid,291,3,0.47088568795108854,3,3,3
amazon-all-beauty,valid,292,4,15.341207421028177,1,1,1
amazon-all-beauty,valid,293,4,11.161583186023488,2,2,2
amazon-all-beauty,valid,294,7,25.140460626799822,3,5,7
amazon-all-beauty,valid,295,3,45.02461506069728,2,3,3
amazon-all-beauty,valid,296,5,1.3229964192881782,4,5,5
amazon-all-beauty,valid,297,4,60.06296555675421,2,4,4
amazon-all-beauty,valid,298,9,4.316617061692359,3,8,8
amazon-all-beauty,valid,301,3,0.3869836637761556,1,1,1
amazon-all-beauty,valid,302,3,17.298818159972797,2,3,3
amazon-all-beauty,valid,303,3,46.22264747713784,2,3,3
amazon-all-beauty,valid,304,11,9.395877262692451,4,8,8
amazon-all-beauty,valid,305,9,9.156685540519073,6,7,7
amazon-all-beauty,valid,306,2,0.2366948518851543,2,2,2
amazon-all-beauty,valid,307,7,5.83705552872217,3,5,7
amazon-all-beauty,valid,309,3,1.2543336567507435,3,3,3
amazon-all-beauty,valid,310,1,3.2782659496413777,1,1,1
amazon-all-beauty,valid,311,3,0.9239740757671452,2,2,3
amazon-all-beauty,valid,312,3,0.32939160793112054,1,3,3
amazon-all-beauty,valid,313,2,3.602883911670642,2,2,2
amazon-all-beauty,valid,314,14,8.235016637691333,7,13,13
amazon-all-beauty,valid,315,3,11.253610110137888,2,3,3
amazon-all-beauty,valid,316,2,0.2087993148667762,2,2,2
amazon-all-beauty,valid,317,5,14.863265151621086,3,4,5
amazon-all-beauty,valid,318,4,44.04572031048811,2,4,4
amazon-all-beauty,valid,319,2,0.6069292062060415,1,1,1
amazon-all-beauty,valid,320,1,14.30115517980466,1,1,1
amazon-all-beauty,valid,321,7,4.053709876534464,2,3,5
amazon-all-beauty,valid,322,3,0.022520742521693615,1,1,1
amazon-all-beauty,valid,324,23,4.732232067381371,14,17,21
amazon-all-beauty,valid,326,2,3.589106095920253,1,1,1
amazon-all-beauty,valid,327,1,3.527130072010321,1,1,1
amazon-all-beauty,valid,329,2,3.770737485942246,1,1,1
amazon-all-beauty,valid,330,14,4.935682336302815,11,12,12
amazon-all-beauty,valid,332,14,17.046541861754548,9,11,11
amazon-all-beauty,valid,333,4,58.91859669409544,2,4,4
amazon-all-beauty,valid,335,19,5.881117090428481,2,16,19
amazon-all-beauty,valid,336,20,10.173805185598082,14,19,19
amazon-all-beauty,valid,337,6,8.031890566439177,5,5,5
amazon-all-beauty,valid,338,2,11.829901250609602,1,2,2
amazon-all-beauty,valid,339,3,0.1356041912974455,2,2,2
amazon-all-beauty,valid,340,7,0.17056123772423953,2,2,2
amazon-all-beauty,valid,341,3,8.937953937566416,1,2,2
amazon-all-beauty,valid,342,5,9.692772350835961,2,2,5
amazon-all-beauty,valid,343,6,3.6278383234908773,3,4,4
amazon-all-beauty,valid,344,2,16.859830738386524,1,2,2
amazon-all-beauty,valid,345,5,0.8618459629259052,2,4,4
amazon-all-beauty,valid,346,4,0.96753397191794,2,2,2
amazon-all-beauty,valid,347,13,3.1105422885152283,6,6,8
amazon-all-beauty,valid,348,3,44.73864167028512,2,3,3
amazon-all-beauty,valid,349,4,3.9751131011278047,2,2,2
amazon-all-beauty,valid,351,8,2.5904327623089007,5,8,8
amazon-all-beauty,valid,352,20,1.4145846324391216,14,15,19
amazon-all-beauty,valid,354,1,0.042101715032158316,1,1,1
amazon-all-beauty,valid,355,13,8.49992746670044,9,11,12
amazon-all-beauty,valid,356,1,1.7491688238265022,1,1,1
amazon-all-beauty,valid,357,3,45.91071314062534,2,3,3
amazon-all-beauty,valid,358,3,7.520728292231028,2,2,2
amazon-all-beauty,valid,360,10,10.773461719634865,8,10,10
amazon-all-beauty,valid,361,3,0.6769597219353573,2,2,3
amazon-all-beauty,valid,362,22,10.6162352747392,11,17,17
amazon-all-beauty,valid,363,2,0.15401736228513588,2,2,2
amazon-all-beauty,valid,364,4,2.955740519404952,3,4,4
amazon-all-beauty,valid,365,3,0.8716632449223765,2,3,3
amazon-all-beauty,valid,368,6,6.713546688622337,3,5,6
amazon-all-beauty,valid,369,6,6.161416190036135,5,6,6
amazon-all-beauty,valid,370,2,5.978101288271479,1,2,2
amazon-all-beauty,valid,371,4,3.2594234923992187,3,3,3
amazon-all-beauty,valid,373,7,6.082759540007675,6,7,7
amazon-all-beauty,valid,374,3,1.5109132894125468,2,3,3
amazon-all-beauty,valid,375,4,3.5597191141044586,4,4,4
amazon-all-beauty,valid,376,6,20.208201800636854,3,4,4
amazon-all-beauty,valid,378,2,2.5173624391343976,1,1,1
amazon-all-beauty,valid,379,11,6.283649121657161,6,8,8
amazon-all-beauty,valid,380,5,6.291055094939159,4,5,5
amazon-all-beauty,valid,381,5,0.739069293355648,1,1,1
amazon-all-beauty,valid,382,3,0.9404624501422114,3,3,3
amazon-all-beauty,valid,383,2,2.966880895024573,1,1,1
amazon-all-beauty,valid,384,1,8.632318201829587,1,1,1
amazon-all-beauty,valid,387,8,49.69701297708507,2,3,3
amazon-all-beauty,valid,388,10,1.269934075700618,5,5,5
amazon-all-beauty,valid,389,3,1.0806282621889978,3,3,3
amazon-all-beauty,valid,390,11,2.7887150875361426,7,7,7
amazon-all-beauty,valid,391,5,2.9544614077570777,1,2,4
amazon-all-beauty,valid,393,5,19.05041554034721,2,5,5
amazon-all-beauty,valid,394,1,0.25493295736341737,1,1,1
amazon-all-beauty,valid,397,12,6.110252340115202,4,10,10
amazon-all-beauty,valid,398,4,58.68620887261815,2,4,4
amazon-all-beauty,valid,399,1,1.0616329768226693,1,1,1
amazon-all-beauty,valid,400,3,2.5175665795630544,1,1,1
amazon-all-beauty,valid,401,5,2.389361092817799,2,4,4
amazon-all-beauty,valid,403,1,1.901699669266634,1,1,1
amazon-all-beauty,valid,404,5,0.9184013007823186,3,3,3
amazon-all-beauty,valid,405,2,0.9027745172870414,1,1,1
amazon-all-beauty,valid,407,9,6.770974458853846,3,8,8
amazon-all-beauty,valid,408,16,4.277495094685369,7,10,11
amazon-all-beauty,valid,409,3,0.04453057957709913,2,2,2
amazon-all-beauty,valid,410,2,1.1913799270823202,1,1,1
amazon-all-beauty,valid,411,3,1.592175963875152,1,1,1
amazon-all-beauty,valid,412,30,7.931646959271643,28,29,29
amazon-all-beauty,valid,414,3,5.634680231019945,1,1,1
amazon-all-beauty,valid,415,3,46.82156962306646,2,3,3
amazon-all-beauty,valid,417,2,0.6852103462607282,2,2,2
amazon-all-beauty,valid,419,94,10.380431643047709,67,67,67
amazon-all-beauty,valid,420,5,1.0034658905305882,5,5,5
amazon-all-beauty,valid,421,5,74.26391057786833,3,4,5
amazon-all-beauty,valid,423,11,4.637504070950688,2,6,10
amazon-all-beauty,valid,424,3,0.09237286637370401,2,2,2
amazon-all-beauty,valid,425,16,1.430190718534269,11,11,11
amazon-all-beauty,valid,427,6,8.921134959183927,4,5,6
amazon-all-beauty,valid,429,1,2.4172465275337327,1,1,1
amazon-all-beauty,valid,430,6,1.1500586765133727,1,2,2
amazon-all-beauty,valid,431,4,9.7924618713542,3,3,4
amazon-all-beauty,valid,432,47,44.87118129117651,30,39,43
amazon-all-beauty,valid,433,1,6.2118178089177825,1,1,1
amazon-all-beauty,valid,434,10,1.7585536163994373,3,4,4
amazon-all-beauty,valid,437,2,1.9684805699768317,1,2,2
amazon-all-beauty,valid,439,1,1.7707038526670356,1,1,1
amazon-all-beauty,valid,441,33,41.24082576959371,11,19,24
amazon-all-beauty,valid,443,2,0.07986596955030525,2,2,2
amazon-all-beauty,valid,444,3,1.0776673019823981,1,1,1
amazon-all-beauty,valid,446,4,1.1308369517337244,4,4,4
amazon-all-beauty,valid,447,4,4.239907753658804,3,4,4
amazon-all-beauty,valid,449,3,0.17242400373588074,2,2,2
amazon-all-beauty,valid,450,4,4.458887417415988,2,2,4
amazon-all-beauty,valid,451,6,0.6541012914746485,6,6,6
amazon-all-beauty,valid,452,3,0.3935343293176886,3,3,3
amazon-all-beauty,valid,453,3,5.791817048781123,3,3,3
amazon-all-beauty,valid,454,13,3.5071468553842466,11,11,11
amazon-all-beauty,valid,456,5,8.378524771861983,4,5,5
amazon-all-beauty,valid,457,3,0.07112710833974017,3,3,3
amazon-all-beauty,valid,458,2,1.7064969447003044,1,1,1
amazon-all-beauty,valid,459,11,1.1277056075724887,3,3,3
amazon-all-beauty,valid,461,4,1.5276945689590864,1,1,1
amazon-all-beauty,valid,462,19,1.686645550801245,15,15,18
amazon-all-beauty,valid,463,3,2.141330102403467,3,3,3
amazon-all-beauty,valid,464,21,9.179415351421834,13,16,18
amazon-all-beauty,valid,465,12,12.947145739203027,7,10,11
amazon-all-beauty,valid,466,6,2.0858266975887467,3,3,3
amazon-all-beauty,valid,468,4,1.1554476388732409,3,3,3
amazon-all-beauty,valid,469,2,1.0060545439324802,1,1,1
amazon-all-beauty,valid,470,2,1.5597141861520472,2,2,2
amazon-all-beauty,valid,471,15,2.6532403781883156,3,3,9
amazon-all-beauty,valid,472,1,0.08667516779523962,1,1,1
amazon-all-beauty,valid,473,2,10.518804604407697,1,1,1
amazon-all-beauty,valid,474,3,1.5780790632061026,1,2,3
amazon-all-beauty,valid,476,3,43.935537454501905,2,3,3
amazon-all-beauty,valid,478,4,0.39675573180924906,1,2,2
amazon-all-beauty,valid,479,3,3.3897120246289205,2,2,2
amazon-all-beauty,valid,481,4,15.08006795399978,1,1,1
amazon-all-beauty,valid,484,4,4.012836207243314,2,4,4
amazon-all-beauty,valid,485,1,3.4913559710736584,1,1,1
amazon-all-beauty,valid,486,2,0.5444067955724565,2,2,2
amazon-all-beauty,valid,487,4,0.47462230786729737,2,2,2
amazon-all-beauty,valid,489,6,1.7849960234504008,5,5,5
amazon-all-beauty,valid,490,16,41.941108689501604,10,12,14
amazon-all-beauty,valid,491,3,1.532857091905635,3,3,3
amazon-all-beauty,valid,492,3,3.338020267805878,1,2,2
amazon-all-beauty,valid,493,2,7.300297900883231,2,2,2
amazon-all-beauty,valid,494,5,0.6967777289568271,4,4,4
amazon-all-beauty,valid,495,2,4.714525133573691,2,2,2
amazon-all-beauty,valid,496,5,4.821594386027333,4,4,5
amazon-all-beauty,valid,497,3,46.811507298636315,2,3,3
amazon-all-beauty,valid,498,3,0.7902933874948156,1,1,1
amazon-all-beauty,valid,499,6,0.3785858784718888,2,2,2
amazon-all-beauty,valid,500,3,1.7295120840477067,1,1,1
amazon-all-beauty,valid,502,3,1.225222024275956,1,1,2
amazon-all-beauty,valid,503,6,0.2635228712123373,5,5,5
amazon-all-beauty,valid,505,2,1.715227613189985,2,2,2
amazon-all-beauty,valid,506,4,0.28506541518029865,2,2,2
amazon-all-beauty,valid,507,17,9.65913913722518,8,14,17
amazon-all-beauty,valid,508,1,0.08781143042257869,1,1,1
amazon-all-beauty,valid,509,6,9.977871892086712,1,1,1
amazon-all-beauty,valid,510,4,0.9235788539837229,1,1,4
amazon-all-beauty,valid,511,3,3.4423413243982988,2,3,3
amazon-all-beauty,valid,513,3,10.399219092021072,3,3,3
amazon-all-beauty,valid,514,1,0.05159541535339304,1,1,1
amazon-all-beauty,valid,515,2,1.0639419689251945,1,1,1
amazon-all-beauty,valid,517,9,7.102820187086017,3,3,5
amazon-all-beauty,valid,518,3,1.0482184127644316,2,2,2
amazon-all-beauty,valid,519,2,3.476402345877826,1,1,1
amazon-all-beauty,valid,520,7,3.6452687375688546,2,6,6
amazon-all-beauty,valid,521,1,0.24134573017255284,1,1,1
amazon-all-beauty,valid,522,3,11.760216307543162,1,1,1
amazon-all-beauty,valid,523,8,0.8371546421650515,7,8,8
amazon-all-beauty,valid,524,3,0.6153834781648281,1,1,1
amazon-all-beauty,valid,525,2,1.152998200126981,1,1,1
amazon-all-beauty,valid,527,8,0.6222674580876107,3,6,8
amazon-all-beauty,valid,528,4,0.3848310109638932,4,4,4
amazon-all-beauty,valid,529,3,0.6371807972724769,1,1,1
amazon-all-beauty,valid,530,2,6.793846933978928,1,1,1
amazon-all-beauty,valid,531,2,2.280723889105548,2,2,2
amazon-all-beauty,valid,532,3,46.11275438475346,2,3,3
amazon-all-beauty,valid,533,3,9.43401283842482,3,3,3
amazon-all-beauty,valid,534,3,1.907189161855702,3,3,3
amazon-all-beauty,valid,535,2,0.427467224034511,2,2,2
amazon-all-beauty,valid,536,4,0.23812827004292186,2,2,2
amazon-all-beauty,valid,538,5,1.543953608748791,5,5,5
amazon-all-beauty,valid,539,5,2.031510190112396,3,4,5
amazon-all-beauty,valid,541,5,1.4277034577532492,5,5,5
amazon-all-beauty,valid,542,3,43.94092604726534,2,3,3
amazon-all-beauty,valid,543,2,1.361680845720409,1,1,1
amazon-all-beauty,valid,544,2,3.7427886038390104,2,2,2
amazon-all-beauty,valid,545,3,20.73013158926527,2,3,3
amazon-all-beauty,valid,546,3,4.452029617240392,3,3,3
amazon-all-beauty,valid,548,5,45.9872776284574,2,3,4
amazon-all-beauty,valid,551,20,36.495793900217464,7,12,15
amazon-all-beauty,valid,552,27,51.042814974544356,11,20,22
amazon-all-beauty,valid,554,3,5.87767774924151,1,2,2
amazon-all-beauty,valid,555,6,8.48725049391943,2,4,4
amazon-all-beauty,valid,556,2,0.8704480118576391,2,2,2
amazon-all-beauty,valid,557,5,8.567258450098597,3,4,4
amazon-all-beauty,valid,560,3,26.333821837149284,2,3,3
amazon-all-beauty,valid,561,5,3.227605674857519,5,5,5
amazon-all-beauty,valid,562,3,45.77332219698221,2,3,3
amazon-all-beauty,valid,563,12,3.86751446338633,11,11,11
amazon-all-beauty,valid,564,1,1.7797098088983174,1,1,1
amazon-all-beauty,valid,565,3,3.168421212790032,2,2,2
amazon-all-beauty,valid,566,7,2.785311966799399,4,5,5
amazon-all-beauty,valid,567,3,6.3322913383290045,3,3,3
amazon-all-beauty,valid,568,6,1.620887693011726,3,6,6
amazon-all-beauty,valid,570,3,5.035759994672883,1,1,1
amazon-all-beauty,valid,571,19,6.659309397981006,10,15,15
amazon-all-beauty,valid,572,3,4.28544807068507,2,2,2
amazon-all-beauty,valid,573,1,2.6728090308177515,1,1,1
amazon-all-beauty,valid,575,2,2.3952217834222815,2,2,2
amazon-all-beauty,valid,576,7,1.7741027846442292,1,7,7
amazon-all-beauty,valid,577,10,13.672448735897047,2,5,9
amazon-all-beauty,valid,580,4,3.430466930266948,2,4,4
amazon-all-beauty,valid,581,2,2.0756786883860423,2,2,2
amazon-all-beauty,valid,582,7,2.175386072731773,6,6,6
amazon-all-beauty,valid,583,2,0.7684363169641744,2,2,2
amazon-all-beauty,valid,584,2,14.08243133837705,1,2,2
amazon-all-beauty,valid,585,15,5.021213787942692,2,11,15
amazon-all-beauty,valid,586,3,1.204487910901142,1,1,1
amazon-all-beauty,valid,587,22,5.2405958806137,14,15,15
amazon-all-beauty,valid,591,1,0.155332755982642,1,1,1
amazon-all-beauty,valid,592,4,59.20424989079965,2,4,4
amazon-all-beauty,valid,594,5,3.0246552235094377,2,4,4
amazon-all-beauty,valid,597,3,3.557122391180493,2,2,2
amazon-all-beauty,valid,599,8,0.39995292573458685,5,5,7
amazon-all-beauty,valid,600,1,0.11943052828327444,1,1,1
amazon-all-beauty,valid,602,9,19.730837641647064,6,8,8
amazon-all-beauty,valid,605,8,14.964216967149593,1,1,7
amazon-all-beauty,valid,606,3,46.381066917712985,2,3,3
amazon-all-beauty,valid,607,7,0.6805195515587945,6,7,7
amazon-all-beauty,valid,608,2,1.5748764485331117,1,1,1
amazon-all-beauty,valid,610,3,3.137321274715914,2,3,3
amazon-all-beauty,valid,611,2,2.781334986004307,1,2,2
amazon-all-beauty,valid,612,3,1.814364648643461,3,3,3
amazon-all-beauty,valid,613,4,1.4816783349286555,2,2,4
amazon-all-beauty,valid,614,6,47.825169923499075,2,4,5
amazon-all-beauty,valid,615,5,7.620069591311971,1,1,2
amazon-all-beauty,valid,616,2,1.3612539618427413,1,1,1
amazon-all-beauty,valid,617,19,20.383103578845358,15,17,19
amazon-all-beauty,valid,619,2,2.2506019031875413,1,1,1
amazon-all-beauty,valid,620,2,5.3997134272473755,1,2,2
amazon-all-beauty,valid,622,3,5.30433635788466,2,2,2
amazon-all-beauty,valid,623,6,1.6499165358859962,5,6,6
amazon-all-beauty,valid,624,4,6.854961921403717,4,4,4
amazon-all-beauty,valid,625,3,2.799130314958375,2,3,3
amazon-all-beauty,valid,626,4,16.831436923779915,1,1,1
amazon-all-beauty,valid,627,1,0.11247318346896196,1,1,1
amazon-all-beauty,valid,628,1,5.608828007869693,1,1,1
amazon-all-beauty,valid,629,1,1.263829328252943,1,1,1
amazon-all-beauty,valid,630,4,5.564529165254758,3,3,3
amazon-all-beauty,valid,631,6,29.97403856110442,2,2,2
amazon-all-beauty,valid,633,4,2.592662291178786,2,4,4
amazon-all-beauty,valid,634,2,3.780224903124156,1,1,2
amazon-all-beauty,valid,635,17,7.319107279244825,6,7,12
amazon-all-beauty,valid,636,40,28.63353121731574,1,24,30
amazon-all-beauty,valid,637,22,4.10045803469685,17,18,21
amazon-all-beauty,valid,638,3,0.7359006815542983,1,1,1
amazon-all-beauty,valid,639,4,61.29849180632432,3,4,4
amazon-all-beauty,valid,640,7,4.117206296962231,2,4,4
amazon-all-beauty,valid,641,3,46.45003853966783,2,3,3
amazon-all-beauty,valid,642,1,0.7854043659071193,1,1,1
amazon-all-beauty,valid,643,6,1.7876868086660263,3,3,3
amazon-all-beauty,valid,644,5,11.868685714475792,2,5,5
amazon-all-beauty,valid,645,19,2.4026132192446643,1,17,17
amazon-all-beauty,valid,646,4,0.644668081769268,4,4,4
amazon-all-beauty,valid,647,21,4.370263922035358,11,11,14
amazon-all-beauty,valid,648,7,2.409959564302479,5,5,5
amazon-all-beauty,valid,649,2,0.3729092468899846,2,2,2
amazon-all-beauty,valid,650,10,4.58845271102986,7,9,10
amazon-all-beauty,valid,651,3,45.39925315649212,2,3,3
amazon-all-beauty,valid,652,4,2.6113448979645892,3,3,3
amazon-all-beauty,valid,653,4,17.93099283518839,3,4,4
amazon-all-beauty,valid,654,3,43.97814292946936,2,3,3
amazon-all-beauty,valid,655,3,0.20944623181962857,1,1,1
amazon-all-beauty,valid,656,3,0.05714379697378136,2,2,2
amazon-all-beauty,valid,657,3,0.04840173259414868,3,3,3
amazon-all-beauty,valid,658,2,1.4403318286035975,1,2,2
amazon-all-beauty,valid,659,4,2.569591219571511,3,3,3
amazon-all-beauty,valid,662,10,0.5953375533443149,10,10,10
amazon-all-beauty,valid,663,4,2.3343602159502668,1,2,2
amazon-all-beauty,valid,664,3,0.8294500349669023,1,3,3
amazon-all-beauty,valid,665,8,2.021465298313907,3,3,6
amazon-all-beauty,valid,666,7,0.8994212920684668,1,1,4
amazon-all-beauty,valid,667,10,3.7185207789885415,3,3,5
amazon-all-beauty,valid,669,1,4.398168144569862,1,1,1
amazon-all-beauty,valid,671,28,10.878114304225786,7,22,24
amazon-all-beauty,valid,673,3,1.863622612969151,1,3,3
amazon-all-beauty,valid,674,24,6.11879950397695,8,19,19
amazon-all-beauty,valid,675,4,10.985110622983736,1,1,3
amazon-all-beauty,valid,676,3,0.308908080936444,3,3,3
amazon-all-beauty,valid,677,3,4.887706563595256,3,3,3
amazon-all-beauty,valid,678,10,36.608035285124856,2,3,7
amazon-all-beauty,valid,680,7,1.734313880877715,4,4,4
amazon-all-beauty,valid,683,2,5.436071613743641,1,1,1
amazon-all-beauty,valid,684,1,3.8076938026624862,1,1,1
amazon-all-beauty,valid,686,7,3.507159175265276,2,5,5
amazon-all-beauty,valid,687,3,1.552093908539544,3,3,3
amazon-all-beauty,valid,688,3,0.10072870248306581,2,2,2
amazon-all-beauty,valid,689,4,14.20344053621543,4,4,4
amazon-all-beauty,valid,690,1,0.19878078761369017,1,1,1
amazon-all-beauty,valid,691,1,1.6380547080332957,1,1,1
amazon-all-beauty,valid,692,9,4.0503592384909055,3,9,9
amazon-all-beauty,valid,695,3,1.4029761013403845,3,3,3
amazon-all-beauty,valid,696,7,0.6727285203952242,5,5,5
amazon-all-beauty,valid,697,33,8.382258927801985,25,32,32
amazon-all-beauty,valid,698,13,3.4691600422153037,7,13,13
amazon-all-beauty,valid,699,2,14.212371341172432,2,2,2
amazon-all-beauty,valid,704,10,19.365367446919638,3,8,9
amazon-all-beauty,valid,705,4,0.7550017330992638,3,3,3
amazon-all-beauty,valid,706,2,1.492983180960018,2,2,2
amazon-all-beauty,valid,707,3,5.183745666404849,1,2,3
amazon-all-beauty,valid,708,27,6.540960555252109,16,16,17
amazon-all-beauty,valid,709,10,2.9253877821152656,4,8,8
amazon-all-beauty,valid,711,3,0.38902796323476463,1,1,1
amazon-all-beauty,valid,713,3,21.703678895113647,2,3,3
amazon-all-beauty,valid,714,2,1.7462768549536671,1,1,1
amazon-all-beauty,valid,715,10,4.888096364631026,2,2,2
amazon-all-beauty,valid,716,3,0.041870840461667835,3,3,3
amazon-all-beauty,valid,717,3,4.010772011176843,2,2,2
amazon-all-beauty,valid,718,2,0.819992123900058,1,1,2
amazon-all-beauty,valid,719,11,12.80023984344388,9,9,9
amazon-all-beauty,valid,721,4,21.62205980649286,2,3,4
amazon-all-beauty,valid,722,2,0.6412920647707889,2,2,2
amazon-all-beauty,valid,723,7,1.107786454327768,6,6,7
amazon-all-beauty,valid,725,16,11.371696046605617,2,12,12
amazon-all-beauty,valid,726,3,1.856061101189158,3,3,3
amazon-all-beauty,valid,727,11,5.114775892432163,2,9,9
amazon-all-beauty,valid,728,3,0.16729905642647191,2,2,2
amazon-all-beauty,valid,729,2,1.3847444022002569,1,1,1
amazon-all-beauty,valid,730,3,1.2612744313250714,2,2,2
amazon-all-beauty,valid,731,14,5.014023042982279,8,9,14
amazon-all-beauty,valid,732,1,0.5737886030382182,1,1,1
amazon-all-beauty,valid,733,3,45.58302722022274,2,3,3
amazon-all-beauty,valid,734,10,5.07618300271598,3,8,8
amazon-all-beauty,valid,736,2,0.12168703769261441,2,2,2
amazon-all-beauty,valid,737,3,45.30995077406737,2,3,3
amazon-all-beauty,valid,739,5,3.4257735483899983,4,4,4
amazon-all-beauty,valid,742,15,2.593714778615126,8,8,8
amazon-all-beauty,valid,743,1,2.8149893282110554,1,1,1
amazon-all-beauty,valid,744,10,8.808595679553243,7,10,10
amazon-all-beauty,valid,745,6,7.0529550990232,5,5,5
amazon-all-beauty,valid,748,2,2.1897102136064093,1,1,1
amazon-all-beauty,valid,749,3,0.5917399016861173,2,2,2
amazon-all-beauty,valid,752,4,8.790026415672909,2,2,2
amazon-all-beauty,valid,753,4,12.673321168272143,2,3,4
amazon-all-beauty,valid,754,3,1.962681109181065,1,1,3
amazon-all-beauty,valid,756,4,3.1845824327243637,1,3,4
amazon-all-beauty,valid,757,2,0.524314178402842,2,2,2
amazon-all-beauty,valid,758,3,0.04094746537851632,1,1,1
amazon-all-beauty,valid,759,28,18.940643121197507,15,21,28
amazon-all-beauty,valid,760,2,0.49371627548067093,2,2,2
amazon-all-beauty,valid,761,3,8.377602259170505,2,2,2
amazon-all-beauty,valid,762,3,0.0061810691106518045,2,2,2
amazon-all-beauty,valid,763,3,0.039133116499320594,2,2,2
amazon-all-beauty,valid,764,3,2.852592808281769,2,3,3
amazon-all-beauty,valid,765,2,1.8786011243246625,1,2,2
amazon-all-beauty,valid,766,3,0.8827680160858222,2,2,2
amazon-all-beauty,valid,769,1,2.5993869750398595,1,1,1
amazon-all-beauty,valid,770,18,9.713128120664363,10,17,17
amazon-all-beauty,valid,772,2,2.900431399114065,2,2,2
amazon-all-beauty,valid,775,11,0.4720101234926395,6,9,9
amazon-all-beauty,valid,776,5,2.4599059635800913,3,3,3
amazon-all-beauty,valid,777,5,75.16993668135545,3,5,5
amazon-all-beauty,valid,778,1,3.236197190290973,1,1,1
amazon-all-beauty,valid,779,2,2.2871302272408216,1,1,1
amazon-all-beauty,valid,780,3,2.6245948068128695,2,2,2
amazon-all-beauty,valid,781,6,4.150016973716088,4,4,4
amazon-all-beauty,valid,783,11,4.670076974000677,8,8,10
amazon-all-beauty,valid,784,3,1.6655934612970629,1,1,1
amazon-all-beauty,valid,786,4,3.0259663052485832,4,4,4
amazon-all-beauty,valid,787,3,0.6858026861406206,2,2,2
amazon-all-beauty,valid,788,2,0.32173911382972553,1,2,2
amazon-all-beauty,valid,789,2,1.8394948651659861,2,2,2
amazon-all-beauty,valid,790,61,35.933768196387284,40,47,56
amazon-all-beauty,valid,792,5,4.640346267504164,4,4,5
amazon-all-beauty,valid,793,2,10.83796368875225,1,2,2
amazon-all-beauty,valid,794,1,1.4115853574025206,1,1,1
amazon-all-beauty,valid,795,1,5.165429083284429,1,1,1
amazon-all-beauty,valid,796,4,60.3608478369646,2,4,4
amazon-all-beauty,valid,797,4,15.499332970841365,1,1,1
amazon-all-beauty,valid,798,2,0.8850715874406943,1,1,1
amazon-all-beauty,valid,799,5,4.3809966327917165,5,5,5
amazon-all-beauty,valid,800,2,6.487496090747751,1,1,1
amazon-all-beauty,valid,802,1,0.11013406925732,1,1,1
amazon-all-beauty,valid,803,3,0.7932293383429254,3,3,3
amazon-all-beauty,valid,804,2,5.5187996148558796,1,2,2
amazon-all-beauty,valid,807,3,0.6181819391406501,2,2,3
amazon-all-beauty,valid,808,3,0.4512455800116829,1,1,1
amazon-all-beauty,valid,809,6,3.741551934181282,1,1,3
amazon-all-beauty,valid,810,4,0.7072617013152027,3,3,3
amazon-all-beauty,valid,811,1,0.05889494486329644,1,1,1
amazon-all-beauty,valid,814,9,1.6661498271243493,5,9,9
amazon-all-beauty,valid,815,2,1.3038587160971504,2,2,2
amazon-all-beauty,valid,816,21,2.931985386403521,11,20,21
amazon-all-beauty,valid,817,25,11.5122148848433,5,13,16
amazon-all-beauty,valid,818,6,1.9024065840400992,3,4,4
amazon-all-beauty,valid,820,4,0.15726870208759774,4,4,4
amazon-all-beauty,valid,821,2,1.4488685205664704,2,2,2
amazon-all-beauty,valid,822,3,0.02638130044105791,3,3,3
amazon-all-beauty,valid,823,3,46.168683626255955,2,3,3
amazon-all-beauty,valid,824,3,3.8797221102995256,2,2,2
amazon-all-beauty,valid,825,5,72.44865976018242,3,5,5
amazon-all-beauty,valid,826,3,3.6856474556396503,2,2,2
amazon-all-beauty,valid,828,15,17.007523689745234,13,15,15
amazon-all-beauty,valid,829,28,1.2955050975663738,24,24,24
amazon-all-beauty,valid,830,8,0.8920613951415194,6,6,7
amazon-all-beauty,valid,831,15,15.752676725151401,7,7,7
amazon-all-beauty,valid,832,4,1.1365206056478154,2,3,3
amazon-all-beauty,valid,833,3,1.5856036769424127,2,3,3
amazon-all-beauty,valid,834,3,4.832907486378986,3,3,3
amazon-all-beauty,valid,835,4,26.78737961243256,1,3,4
amazon-all-beauty,valid,836,6,1.3876215872158566,4,4,4
amazon-all-beauty,valid,837,1,2.0566206948252743,1,1,1
amazon-all-beauty,valid,838,1,0.23721111649969015,1,1,1
amazon-all-beauty,valid,839,3,1.4007544571943578,2,2,2
amazon-all-beauty,valid,840,40,4.883382716549782,20,31,36
amazon-all-beauty,valid,841,2,1.2539499540560837,2,2,2
amazon-all-beauty,valid,842,2,2.800081040177411,1,1,1
amazon-all-beauty,valid,843,3,46.07663113838842,2,3,3
amazon-all-beauty,valid,844,3,2.5908573054091733,1,1,2
amazon-all-beauty,valid,845,1,14.61168110751788,1,1,1
amazon-all-beauty,valid,846,9,11.000242147261634,1,4,9
amazon-all-beauty,valid,847,3,43.09416818103671,2,3,3
amazon-all-beauty,valid,848,9,1.936867755255461,5,8,8
amazon-all-beauty,valid,850,16,1.5426724643205465,6,6,14
amazon-all-beauty,valid,852,2,0.9950315767790694,2,2,2
amazon-all-beauty,valid,853,3,0.9469069183092713,1,2,2
amazon-all-beauty,valid,854,4,1.7269071684028563,3,3,3
amazon-all-beauty,valid,855,15,6.082021702332826,13,14,14
amazon-all-beauty,valid,856,7,0.211983141721197,3,7,7
amazon-all-beauty,valid,857,3,0.23619946946896325,2,2,2
amazon-all-beauty,valid,859,2,2.593683855713742,2,2,2
amazon-all-beauty,valid,860,1,0.092757061863605,1,1,1
amazon-all-beauty,valid,864,6,0.46909647162919277,2,2,2
amazon-all-beauty,valid,865,100,54.072854417259464,53,75,81
amazon-all-beauty,valid,867,5,15.483882361644811,1,1,1
amazon-all-beauty,valid,868,2,10.751983731843499,1,2,2
amazon-all-beauty,valid,869,3,3.0033861809003284,2,3,3
amazon-all-beauty,valid,870,22,9.437454273991566,6,13,19
amazon-all-beauty,valid,871,3,47.75916172572704,2,3,3
amazon-all-beauty,valid,872,3,22.85177513777785,2,3,3
amazon-all-beauty,valid,874,8,43.39144863505882,2,3,3
amazon-all-beauty,valid,876,12,6.142247440744914,7,10,10
amazon-all-beauty,valid,877,2,0.08946685283649553,1,1,1
amazon-all-beauty,valid,879,2,4.838027998531224,2,2,2
amazon-all-beauty,valid,880,3,0.48012091716832705,3,3,3
amazon-all-beauty,valid,881,7,7.553808035186566,2,2,3
amazon-all-beauty,valid,883,4,6.450688228593914,1,1,4
amazon-all-beauty,valid,884,2,0.14797877259858877,1,1,1
amazon-all-beauty,valid,885,21,9.674217008421193,13,18,19
amazon-all-beauty,valid,886,10,4.3176910473210945,5,6,6
amazon-all-beauty,valid,888,1,0.9671372717487942,1,1,1
amazon-all-beauty,valid,891,6,9.298110752404087,6,6,6
amazon-all-beauty,valid,892,1,2.651944881098672,1,1,1
amazon-all-beauty,valid,893,4,1.9384862180262896,2,2,2
amazon-all-beauty,valid,894,2,6.897312990827911,1,2,2
amazon-all-beauty,valid,895,2,1.9128184850944532,1,1,1
amazon-all-beauty,valid,896,6,5.111762326333567,3,5,5
amazon-all-beauty,valid,897,18,2.722838466093501,9,16,18
amazon-all-beauty,valid,898,1,0.11654200897712771,1,1,1
amazon-all-beauty,valid,899,3,21.037034979160616,2,3,3
amazon-all-beauty,valid,901,4,3.039448259056052,2,4,4
amazon-all-beauty,valid,902,6,5.239326932867675,3,3,4
amazon-all-beauty,valid,903,7,0.3630357862360195,1,4,7
amazon-all-beauty,valid,904,4,1.084862913295819,1,4,4
amazon-all-beauty,valid,905,2,2.7662515092624256,1,2,2
amazon-all-beauty,valid,906,3,0.5133775736154471,3,3,3
amazon-all-beauty,valid,907,3,2.992325145314537,1,2,2
amazon-all-beauty,valid,909,17,1.2322708442069117,10,13,13
amazon-all-beauty,valid,910,3,2.8569865706520847,1,1,1
amazon-all-beauty,valid,911,1,0.8310599970198207,1,1,1
amazon-all-beauty,valid,912,26,5.524759480502649,16,19,26
amazon-all-beauty,valid,913,2,5.266819609776392,2,2,2
amazon-all-beauty,valid,914,3,3.2440052844897687,3,3,3
amazon-all-beauty,valid,915,3,3.408023310200498,1,1,1
amazon-all-beauty,valid,916,2,7.142283229999305,1,2,2
amazon-all-beauty,valid,918,4,1.5347998139451566,2,4,4
amazon-all-beauty,valid,919,5,0.7088741273443271,2,2,2
amazon-all-beauty,valid,920,11,6.54784114720761,4,4,7
amazon-all-beauty,valid,921,3,0.10065921835406016,2,3,3
amazon-all-beauty,valid,922,9,2.2771221718866106,2,4,4
amazon-all-beauty,valid,923,4,0.3711354304193755,1,1,1
amazon-all-beauty,valid,924,2,1.6163396857309227,2,2,2
amazon-all-beauty,valid,926,4,1.952140095773523,2,4,4
amazon-all-beauty,valid,927,7,10.281658598479247,3,5,5
amazon-all-beauty,valid,928,2,1.1136223819713817,2,2,2
amazon-all-beauty,valid,929,3,0.8892699564978841,3,3,3
amazon-all-beauty,valid,931,3,5.92620526782097,3,3,3
amazon-all-beauty,valid,932,5,2.4015822916001266,2,4,4
amazon-all-beauty,valid,933,3,3.487727519712888,1,1,1
amazon-all-beauty,valid,934,6,2.098223824272174,2,2,4
amazon-all-beauty,valid,936,3,0.9255059297743373,2,2,2
amazon-all-beauty,valid,937,4,0.835247647780515,4,4,4
amazon-all-beauty,valid,938,1,0.7889037049147023,1,1,1
amazon-all-beauty,valid,939,4,55.93569342419574,3,4,4
amazon-all-beauty,valid,940,3,0.41090819514174115,1,1,1
amazon-all-beauty,valid,941,3,1.4147130055994475,3,3,3
amazon-all-beauty,valid,944,4,5.774932035836317,1,4,4
amazon-all-beauty,valid,945,28,9.92243107226762,8,24,25
amazon-all-beauty,valid,947,7,4.089769429114577,2,2,5
amazon-all-beauty,valid,948,3,1.1712212753503881,2,2,2
amazon-all-beauty,valid,950,3,0.5787356512655629,3,3,3
amazon-all-beauty,valid,951,4,2.180872731748204,2,2,2
amazon-all-beauty,valid,952,33,5.4488255857810834,25,27,29
amazon-all-beauty,valid,953,9,2.5408860199718823,2,7,9
amazon-all-beauty,valid,954,5,0.8445420124266942,3,3,3
amazon-all-beauty,valid,956,2,0.16039055994044077,2,2,2
amazon-all-beauty,valid,957,5,4.7023328865117815,3,5,5
amazon-all-beauty,valid,958,4,0.3075771025894357,1,1,1
amazon-all-beauty,valid,959,2,0.8299302639294273,2,2,2
amazon-all-beauty,valid,960,3,5.457838009949906,1,1,1
amazon-all-beauty,valid,961,7,7.556503501956982,3,4,4
amazon-all-beauty,valid,963,10,4.882636439756428,8,10,10
amazon-all-beauty,valid,964,5,0.8327120314664547,4,4,4
amazon-all-beauty,valid,968,3,46.351749358426794,2,3,3
amazon-all-beauty,valid,970,3,0.557325915615098,1,1,1
amazon-all-beauty,valid,971,4,1.4508089018285968,3,4,4
amazon-all-beauty,valid,974,3,0.11400719345533424,3,3,3
amazon-all-beauty,valid,978,3,7.12000950109225,1,3,3
amazon-all-beauty,valid,979,4,4.30748870744305,2,2,2
amazon-all-beauty,valid,980,5,1.1058965845778619,2,2,2
amazon-all-beauty,valid,981,2,0.2413040889746736,2,2,2
amazon-all-beauty,valid,984,4,1.1554239847016645,2,2,2
amazon-all-beauty,valid,985,5,76.85564197883653,3,5,5
amazon-all-beauty,valid,986,5,5.247930644983347,1,2,4
amazon-all-beauty,valid,987,1,5.603699241397166,1,1,1
amazon-all-beauty,valid,988,10,2.8337866330892414,5,10,10
amazon-all-beauty,valid,989,2,6.800235285087899,2,2,2
amazon-all-beauty,valid,990,12,4.970917996839088,5,11,11
amazon-all-beauty,valid,991,1,0.6236552926855696,1,1,1
amazon-all-beauty,valid,992,8,3.410709660258953,8,8,8
amazon-all-beauty,valid,993,2,0.06795011901929066,1,1,1
amazon-all-beauty,valid,994,17,3.177488830025866,9,14,15
amazon-all-beauty,valid,995,2,1.975938533156773,1,1,1
amazon-all-beauty,valid,997,5,0.023754948203216192,3,3,3
amazon-all-beauty,valid,998,6,7.97542350053034,6,6,6
amazon-all-beauty,valid,999,14,10.038079643472498,3,8,8
amazon-all-beauty,valid,1001,6,0.5005855331456235,5,5,5
amazon-all-beauty,valid,1002,3,43.16039505669701,2,3,3
amazon-all-beauty,valid,1003,4,0.18431798647806819,4,4,4
amazon-all-beauty,valid,1004,2,2.2512312027105215,1,2,2
amazon-all-beauty,valid,1005,4,0.480488296020623,2,2,2
amazon-all-beauty,valid,1006,2,1.3534466068368072,2,2,2
amazon-all-beauty,valid,1008,4,1.1408828291226958,1,1,4
amazon-all-beauty,valid,1009,4,1.0363989037030668,2,4,4
amazon-all-beauty,valid,1011,5,9.759734230598482,3,5,5
amazon-all-beauty,valid,1012,13,4.637834366961085,1,5,7
amazon-all-beauty,valid,1013,5,1.4346190997702772,3,3,3
amazon-all-beauty,valid,1014,20,6.047967456787863,17,20,20
amazon-all-beauty,valid,1015,4,1.3468636632069773,3,4,4
amazon-all-beauty,valid,1016,15,7.478571753728287,9,15,15
amazon-all-beauty,valid,1017,2,2.017388156886047,1,1,1
amazon-all-beauty,valid,1018,3,0.7512521773079741,3,3,3
amazon-all-beauty,valid,1019,1,0.7146373060904626,1,1,1
amazon-all-beauty,valid,1020,6,3.3551757021392796,3,5,5
amazon-all-beauty,valid,1023,1,0.44672812603583245,1,1,1
amazon-all-beauty,valid,1024,5,0.7076928971512308,1,2,2
amazon-all-beauty,valid,1025,4,5.205947816803123,2,3,4
amazon-all-beauty,valid,1026,4,3.9600819222808927,1,1,2
amazon-all-beauty,valid,1028,4,0.36014628133939036,4,4,4
amazon-all-beauty,valid,1029,2,0.021341360310751747,1,1,1
amazon-all-beauty,valid,1030,3,1.0055328585702914,2,2,2
amazon-all-beauty,valid,1031,3,0.1902347325412348,3,3,3
amazon-all-beauty,valid,1032,5,0.7437466593872596,5,5,5
amazon-all-beauty,valid,1034,26,2.9441871813732265,24,25,25
amazon-all-beauty,valid,1036,4,23.37860294150711,1,3,3
amazon-all-beauty,valid,1037,4,1.6349220702845515,3,3,3
amazon-all-beauty,valid,1038,3,0.7639427635575209,2,2,2
amazon-all-beauty,valid,1039,2,11.793702483373858,1,1,2
amazon-all-beauty,valid,1040,8,0.5685627559031788,5,5,5
amazon-all-beauty,valid,1041,2,7.640865242492526,2,2,2
amazon-all-beauty,valid,1042,4,0.38410296759446255,3,3,3
amazon-all-beauty,valid,1043,1,3.3949314654258247,1,1,1
amazon-all-beauty,valid,1044,11,1.9080777948743504,6,6,7
amazon-all-beauty,valid,1045,1,5.344792506407725,1,1,1
amazon-all-beauty,valid,1046,4,0.08691947103605208,2,2,2
amazon-all-beauty,valid,1048,14,4.573499701828079,5,11,14
amazon-all-beauty,valid,1049,12,6.3230567251058165,7,7,7
amazon-all-beauty,valid,1050,4,1.0273752068431026,4,4,4
amazon-all-beauty,valid,1051,2,9.04469732916683,1,2,2
amazon-all-beauty,valid,1052,2,0.9647174007170047,1,1,1
amazon-all-beauty,valid,1053,35,12.324056421851946,16,27,31
amazon-all-beauty,valid,1054,3,2.2587385686133907,2,2,2
amazon-all-beauty,valid,1055,3,44.92606623796355,2,3,3
amazon-all-beauty,valid,1056,3,1.1899348050375746,1,2,2
amazon-all-beauty,valid,1058,2,0.40565290349104155,1,1,1
amazon-all-beauty,valid,1060,2,0.03328376018538459,2,2,2
amazon-all-beauty,valid,1061,2,0.5641859949686838,1,1,1
amazon-all-beauty,valid,1062,3,0.26685515263316206,3,3,3
amazon-all-beauty,valid,1063,2,0.5766348651524342,2,2,2
amazon-all-beauty,valid,1064,6,7.8479329980806245,3,3,3
amazon-all-beauty,valid,1065,2,1.533360482244495,1,1,1
amazon-all-beauty,valid,1066,16,4.983024497529032,8,12,16
amazon-all-beauty,valid,1067,4,2.220320744406635,4,4,4
amazon-all-beauty,valid,1068,3,19.074304836853052,2,3,3
amazon-all-beauty,valid,1070,3,2.3418414637053533,2,3,3
amazon-all-beauty,valid,1071,2,0.11513113620164392,1,1,1
amazon-all-beauty,valid,1072,6,2.935073426182938,5,6,6
amazon-all-beauty,valid,1074,2,0.0361234311632499,1,1,1
amazon-all-beauty,valid,1075,1,1.8808159925361232,1,1,1
amazon-all-beauty,valid,1076,3,3.3395662896762537,2,2,2
amazon-all-beauty,valid,1077,3,9.112503736773913,1,1,3
amazon-all-beauty,valid,1078,5,1.2618105925474699,3,3,3
amazon-all-beauty,valid,1079,3,43.186975076819074,2,3,3
amazon-all-beauty,valid,1081,25,8.32544530363979,11,23,23
amazon-all-beauty,valid,1082,5,4.898566415523838,5,5,5
amazon-all-beauty,valid,1084,16,19.299808308811127,3,12,13
amazon-all-beauty,valid,1085,3,1.1548063890656621,1,2,2
amazon-all-beauty,valid,1087,11,4.896168597079091,7,11,11
amazon-all-beauty,valid,1088,4,5.178199625561856,1,2,2
amazon-all-beauty,valid,1090,8,2.2306887866845244,6,6,7
amazon-all-beauty,valid,1091,4,16.452068424865637,2,4,4
amazon-all-beauty,valid,1092,2,3.0202635555188975,1,1,1
amazon-all-beauty,valid,1093,2,13.659956006936833,1,1,1
amazon-all-beauty,valid,1094,13,2.262802158172119,2,3,4
amazon-all-beauty,valid,1096,4,0.6811026515279148,1,1,1
amazon-all-beauty,valid,1097,12,2.7721171894187253,10,10,10
amazon-all-beauty,valid,1098,5,0.8858651109777962,1,4,4
amazon-all-beauty,valid,1099,15,5.611985716576332,5,7,12
amazon-all-beauty,valid,1102,9,7.1754983684473554,3,3,9
amazon-all-beauty,valid,1103,3,3.5160830810889023,2,2,2
amazon-all-beauty,valid,1104,3,5.460140226117864,1,1,1
amazon-all-beauty,valid,1106,3,0.46027925597528097,1,1,1
amazon-all-beauty,valid,1107,8,3.9829171297658617,5,8,8
amazon-all-beauty,valid,1110,7,1.6796927027435082,3,6,6
amazon-all-beauty,valid,1111,3,45.5879205537688,2,3,3
amazon-all-beauty,valid,1112,2,4.054024895892385,1,1,1
amazon-all-beauty,valid,1113,1,0.1436875116384376,1,1,1
amazon-all-beauty,valid,1114,3,1.6649134038642415,1,1,1
amazon-all-beauty,valid,1115,3,3.7546961384503303,1,2,3
amazon-all-beauty,valid,1116,7,5.76327804437658,7,7,7
amazon-all-beauty,valid,1117,5,1.0473691417656719,5,5,5
amazon-all-beauty,valid,1118,12,4.118859009002322,2,4,4
amazon-all-beauty,valid,1119,3,2.558490637167615,3,3,3
amazon-all-beauty,valid,1120,7,3.1740846620992347,4,6,7
amazon-all-beauty,valid,1121,3,1.663860423632661,2,2,2
amazon-all-beauty,valid,1122,1,4.029805980969603,1,1,1
amazon-all-beauty,valid,1124,10,2.7735089047792085,5,6,6
amazon-all-beauty,valid,1126,4,8.215267252407198,2,3,3
amazon-all-beauty,valid,1128,2,0.18533505425644808,2,2,2
amazon-all-beauty,valid,1131,14,7.16876875663387,8,11,11
amazon-all-beauty,valid,1133,3,3.1329855389852472,2,3,3
amazon-all-beauty,valid,1134,5,24.21827318017955,3,4,5
amazon-all-beauty,valid,1135,2,9.89862302537717,1,2,2
amazon-all-beauty,valid,1136,3,3.20170645136114,2,3,3
amazon-all-beauty,valid,1138,1,0.7380133563526203,1,1,1
amazon-all-beauty,valid,1139,14,8.00896369903935,7,10,10
amazon-all-beauty,valid,1140,4,30.22240822504825,2,3,4
amazon-all-beauty,valid,1141,3,3.9112504106370345,2,2,2
amazon-all-beauty,valid,1143,16,5.226516350976902,4,4,16
amazon-all-beauty,valid,1144,22,7.596771279499107,9,15,17
amazon-all-beauty,valid,1145,5,1.08713044899868,3,5,5
amazon-all-beauty,valid,1146,1,3.135669548266306,1,1,1
amazon-all-beauty,valid,1147,3,43.60799567670735,2,3,3
amazon-all-beauty,valid,1148,5,1.3112781180494695,3,3,3
amazon-all-beauty,valid,1151,3,15.259120792922326,1,1,1
amazon-all-beauty,valid,1152,5,2.6050485763669076,2,2,2
amazon-all-beauty,valid,1153,2,4.300956706521276,2,2,2
amazon-all-beauty,valid,1155,5,7.471983697347831,2,5,5
amazon-all-beauty,valid,1156,4,24.510315220787973,3,4,4
amazon-all-beauty,valid,1160,1,0.5533318101853754,1,1,1
amazon-all-beauty,valid,1161,2,0.18367464229071434,1,1,1
amazon-all-beauty,valid,1162,2,6.9719803401802505,1,2,2
amazon-all-beauty,valid,1163,2,5.29578857802886,2,2,2
amazon-all-beauty,valid,1164,8,1.8539389400824433,4,7,8
amazon-all-beauty,valid,1165,23,9.751687623502956,16,18,18
amazon-all-beauty,valid,1167,2,0.3421297489214406,2,2,2
amazon-all-beauty,valid,1168,1,2.0592426119059457,1,1,1
amazon-all-beauty,valid,1169,3,7.456760389956266,1,1,1
amazon-all-beauty,valid,1170,4,12.231792032030707,1,2,2
amazon-all-beauty,valid,1171,11,9.109673120908607,3,4,4
amazon-all-beauty,valid,1172,3,2.9717697934134586,1,1,2
amazon-all-beauty,valid,1173,2,0.37422316220176727,1,1,1
amazon-all-beauty,valid,1174,3,2.0551711376233586,2,2,2
amazon-all-beauty,valid,1175,5,7.87594471157711,1,4,5
amazon-all-beauty,valid,1176,1,6.724954282461485,1,1,1
amazon-all-beauty,valid,1177,23,6.200766875634436,15,18,20
amazon-all-beauty,valid,1178,4,2.927292928517648,1,1,1
amazon-all-beauty,valid,1180,3,8.155636071453586,1,2,2
amazon-all-beauty,valid,1182,1,1.558419736252291,1,1,1
amazon-all-beauty,valid,1183,4,1.1115266470094753,4,4,4
amazon-all-beauty,valid,1185,4,0.11763527521967429,3,3,3
amazon-all-beauty,valid,1186,2,4.70418185425667,2,2,2
amazon-all-beauty,valid,1187,1,0.45948758042033344,1,1,1
amazon-all-beauty,valid,1188,2,0.9485694862541851,1,1,1
amazon-all-beauty,valid,1190,5,0.9158130785762627,1,4,4
amazon-all-beauty,valid,1191,1,0.39574784234223603,1,1,1
amazon-all-beauty,valid,1192,46,42.41958816732099,25,38,41
amazon-all-beauty,valid,1193,2,0.5969356883114451,2,2,2
amazon-all-beauty,valid,1194,5,2.148564336543915,5,5,5
amazon-all-beauty,valid,1195,2,2.991883600778444,2,2,2
amazon-all-beauty,valid,1196,3,0.2651189117996925,1,1,1
amazon-all-beauty,valid,1197,4,2.1654186729849587,3,3,3
amazon-all-beauty,valid,1199,4,58.79465992292805,3,4,4
amazon-all-beauty,valid,1200,3,0.4666551640044122,2,2,2
amazon-all-beauty,valid,1201,15,4.13778702781823,4,9,14
amazon-all-beauty,valid,1202,1,0.20154142655475205,1,1,1
amazon-all-beauty,valid,1203,2,0.4888867589183465,1,1,1
amazon-all-beauty,valid,1204,4,0.272601761139313,4,4,4
amazon-all-beauty,valid,1205,3,3.149071238048869,1,2,2
amazon-all-beauty,valid,1206,1,13.814797569262833,1,1,1
amazon-all-beauty,valid,1207,2,1.9922090304358353,2,2,2
amazon-all-beauty,valid,1208,66,39.291527747174854,30,51,57
amazon-all-beauty,valid,1209,4,1.406921912836472,4,4,4
amazon-all-beauty,valid,1212,5,4.689936622220027,4,5,5
amazon-all-beauty,valid,1213,12,9.515232762900254,8,9,10
amazon-all-beauty,valid,1214,4,1.8791583525436213,2,2,2
amazon-all-beauty,valid,1215,8,10.5944756544675,2,8,8
amazon-all-beauty,valid,1216,3,6.955054055633996,1,2,3
amazon-all-beauty,valid,1217,3,3.7105131027170697,2,2,3
amazon-all-beauty,valid,1218,14,25.37242636915304,2,8,13
amazon-all-beauty,valid,1219,3,0.5014759525470214,2,2,2
amazon-all-beauty,valid,1220,4,0.8755672920217743,4,4,4
amazon-all-beauty,valid,1221,8,0.32173640345589916,7,7,8
amazon-all-beauty,valid,1222,8,4.8401837313137435,3,5,5
amazon-all-beauty,valid,1223,3,6.639029395420934,3,3,3
amazon-all-beauty,valid,1224,3,8.546458178962657,2,2,2
amazon-all-beauty,valid,1225,49,13.827837670537185,26,43,44
amazon-all-beauty,valid,1226,1,2.3997075753038866,1,1,1
amazon-all-beauty,valid,1228,1,0.5188294289679704,1,1,1
amazon-all-beauty,valid,1229,3,0.08729682899198177,2,2,2
amazon-all-beauty,valid,1230,5,0.01169526306118368,4,4,4
amazon-all-beauty,valid,1231,5,0.6184036353997737,3,3,3
amazon-all-beauty,valid,1233,14,3.0437647141729083,4,7,7
amazon-all-beauty,valid,1234,1,0.31047122744145084,1,1,1
amazon-all-beauty,valid,1235,10,3.8338405325687455,10,10,10
amazon-all-beauty,valid,1236,1,0.9625322850182301,1,1,1
amazon-all-beauty,valid,1237,4,0.08622438334837489,1,1,1
amazon-all-beauty,valid,1238,4,11.588580037000298,2,4,4
amazon-all-beauty,valid,1239,3,46.05099580674369,2,3,3
amazon-all-beauty,valid,1240,3,8.477289438911347,1,3,3
amazon-all-beauty,valid,1241,3,3.3949833321249585,3,3,3
amazon-all-beauty,valid,1243,3,2.4825819982021597,2,3,3
amazon-all-beauty,valid,1244,3,3.0618411828120657,2,3,3
amazon-all-beauty,valid,1245,16,3.330533537703733,12,12,12
amazon-all-beauty,valid,1246,5,6.789776322088013,4,4,4
amazon-all-beauty,valid,1247,1,2.886555886707113,1,1,1
amazon-all-beauty,valid,1248,5,0.6453539295461732,5,5,5
amazon-all-beauty,valid,1249,9,17.14461661546627,4,5,5
amazon-all-beauty,valid,1250,3,0.8041535000504807,3,3,3
amazon-all-beauty,valid,1251,26,9.315150749452243,19,23,26
amazon-all-beauty,valid,1253,2,1.4516035341549913,2,2,2
amazon-all-beauty,valid,1255,2,1.0044301676187573,2,2,2
amazon-all-beauty,valid,1256,2,0.5250120380637509,2,2,2
amazon-all-beauty,valid,1257,7,5.183184742221582,6,6,7
amazon-all-beauty,valid,1258,14,3.053287674211588,4,4,4
amazon-all-beauty,valid,1259,10,4.174455305720004,8,10,10
amazon-all-beauty,valid,1260,8,4.679942365132568,4,7,7
amazon-all-beauty,valid,1261,4,3.5246404088525,2,3,4
amazon-all-beauty,valid,1262,3,44.210568203384966,2,3,3
amazon-all-beauty,valid,1263,4,2.0736748597366144,4,4,4
amazon-all-beauty,valid,1265,9,1.885914452101319,2,9,9
amazon-all-beauty,valid,1267,3,14.988013679749496,1,3,3
amazon-all-beauty,valid,1268,7,1.1741057290957952,5,5,5
amazon-all-beauty,valid,1269,1,2.491918681639675,1,1,1
amazon-all-beauty,valid,1270,1,0.44722517163596254,1,1,1
amazon-all-beauty,valid,1271,1,0.1633659344078446,1,1,1
amazon-all-beauty,valid,1272,4,2.656328233169518,2,2,2
amazon-all-beauty,valid,1273,2,0.9862434360443868,2,2,2
amazon-all-beauty,valid,1274,2,2.1446600430468967,1,2,2
amazon-all-beauty,valid,1275,3,4.112620590845479,2,2,3
amazon-all-beauty,valid,1276,2,11.007023071379605,1,2,2
amazon-all-beauty,valid,1277,13,6.308311305899382,7,11,13
amazon-all-beauty,valid,1278,8,6.092527234483002,7,8,8
amazon-all-beauty,valid,1279,3,1.4499409662100775,2,2,2
amazon-all-beauty,valid,1280,5,1.3803531654055523,3,5,5
amazon-all-beauty,valid,1281,1,2.666078679811405,1,1,1
amazon-all-beauty,valid,1282,2,8.199880583393183,2,2,2
amazon-all-beauty,valid,1283,6,0.14989950365047316,6,6,6
amazon-all-beauty,valid,1284,5,5.793554891199126,5,5,5
amazon-all-beauty,valid,1285,2,0.018591193268564843,1,1,1
amazon-all-beauty,valid,1286,8,6.682233370208791,7,8,8
amazon-all-beauty,valid,1292,3,1.6627793540723337,2,3,3
amazon-all-beauty,valid,1293,3,1.585056427827088,2,2,2
amazon-all-beauty,valid,1294,21,6.286564867900383,11,20,20
amazon-all-beauty,valid,1295,3,41.93371177133216,2,3,3
amazon-all-beauty,valid,1296,3,5.139645913067346,3,3,3
amazon-all-beauty,valid,1298,28,34.13832503702278,12,21,21
amazon-all-beauty,valid,1299,5,0.6332512480193482,1,1,1
amazon-all-beauty,valid,1301,3,1.3482986213498733,1,1,1
amazon-all-beauty,valid,1302,6,91.71415510594699,3,5,6
amazon-all-beauty,valid,1303,9,26.414649496612743,2,9,9
amazon-all-beauty,valid,1305,18,13.383061752849265,12,16,17
amazon-all-beauty,valid,1308,4,15.68637753178945,1,1,1
amazon-all-beauty,valid,1310,3,2.480307932962353,1,1,2
amazon-all-beauty,valid,1311,2,5.154108591004158,2,2,2
amazon-all-beauty,valid,1313,6,2.8248337755451964,5,5,5
amazon-all-beauty,valid,1314,3,2.035333788388672,2,2,2
amazon-all-beauty,valid,1315,4,3.0435558921894605,3,4,4
amazon-all-beauty,valid,1318,2,13.546095358466342,2,2,2
amazon-all-beauty,valid,1320,5,2.619621517238932,5,5,5
amazon-all-beauty,valid,1322,4,0.5184214561076828,2,2,2
amazon-all-beauty,valid,1323,2,9.977619704122041,1,2,2
amazon-all-beauty,valid,1324,3,14.373207757607327,2,2,3
amazon-all-beauty,valid,1325,3,4.011264190423966,1,3,3
amazon-all-beauty,valid,1327,64,26.84816547423565,19,20,29
amazon-all-beauty,valid,1328,2,0.13878937333877955,2,2,2
amazon-all-beauty,valid,1330,6,4.609663665399916,5,5,6
amazon-all-beauty,valid,1331,12,8.9848313312808,9,11,11
amazon-all-beauty,valid,1333,3,6.787037058140537,1,1,2
amazon-all-beauty,valid,1334,2,4.25100427050196,2,2,2
amazon-all-beauty,valid,1336,17,6.593990867148994,12,14,14
amazon-all-beauty,valid,1337,1,5.342902267061388,1,1,1
amazon-all-beauty,valid,1338,9,6.753607307364954,7,9,9
amazon-all-beauty,valid,1339,4,7.955080666577019,3,4,4
amazon-all-beauty,valid,1340,5,4.466307004166522,2,4,5
amazon-all-beauty,valid,1341,2,0.00044018934917949837,1,1,1
amazon-all-beauty,valid,1342,3,1.8631592622436364,2,2,2
amazon-all-beauty,valid,1343,10,1.48418013316929,4,4,9
amazon-all-beauty,valid,1344,4,1.8268864525229054,4,4,4
amazon-all-beauty,valid,1345,1,15.396107274871268,1,1,1
amazon-all-beauty,valid,1346,1,13.991644287089448,1,1,1
amazon-all-beauty,valid,1347,2,1.609002272586854,1,2,2
amazon-all-beauty,valid,1348,4,5.213517890900432,3,3,3
amazon-all-beauty,valid,1349,2,0.6485919638771233,2,2,2
amazon-all-beauty,valid,1351,1,4.460964734155755,1,1,1
amazon-all-beauty,valid,1352,5,0.29422561632206834,5,5,5
amazon-all-beauty,valid,1353,3,8.05084353301417,2,3,3
amazon-all-beauty,valid,1354,14,10.66541667100429,7,9,9
amazon-all-beauty,valid,1355,1,7.502493020325401,1,1,1
amazon-all-beauty,valid,1356,1,0.18519183563948163,1,1,1
amazon-all-beauty,valid,1358,3,0.2778670318936465,3,3,3
amazon-all-beauty,valid,1359,35,33.401803926259845,7,22,29
amazon-all-beauty,valid,1360,5,16.047302306411087,1,1,1
amazon-all-beauty,valid,1361,3,2.114424467825799,3,3,3
amazon-all-beauty,valid,1363,34,12.994722963759283,15,29,29
amazon-all-beauty,valid,1364,3,5.620487296878272,1,1,1
amazon-all-beauty,valid,1365,1,3.8428026916229676,1,1,1
amazon-all-beauty,valid,1366,3,45.34429133364745,2,3,3
amazon-all-beauty,valid,1367,7,4.313663924610212,3,5,5
amazon-all-beauty,valid,1368,2,0.37070940893337984,2,2,2
amazon-all-beauty,valid,1370,4,60.328184629186666,2,4,4
amazon-all-beauty,valid,1372,5,0.8645567679482032,1,1,1
amazon-all-beauty,valid,1373,3,46.08766100467521,2,3,3
amazon-all-beauty,valid,1375,3,0.24658020122431282,1,1,1
amazon-all-beauty,valid,1376,1,0.19287389745534703,1,1,1
amazon-all-beauty,valid,1377,2,1.6979507664290385,1,2,2
amazon-all-beauty,valid,1378,4,0.11034757279555907,3,3,3
amazon-all-beauty,valid,1380,2,0.3687850435165918,2,2,2
amazon-all-beauty,valid,1381,2,3.159975071952725,2,2,2
amazon-all-beauty,valid,1385,6,1.9855407716298765,4,4,4
amazon-all-beauty,valid,1386,5,11.287248066902867,3,4,5
amazon-all-beauty,valid,1388,4,7.543627747895564,1,2,2
amazon-all-beauty,valid,1389,3,2.496073931113262,1,1,1
amazon-all-beauty,valid,1391,8,0.4309190083013207,8,8,8
amazon-all-beauty,valid,1393,2,1.2428801097553561,2,2,2
amazon-all-beauty,valid,1394,2,1.2315484063833493,2,2,2
amazon-all-beauty,valid,1395,4,1.1560269196792423,2,2,2
amazon-all-beauty,valid,1396,4,2.740983556469992,2,3,3
amazon-all-beauty,valid,1398,3,2.7548858030187775,1,2,2
amazon-all-beauty,valid,1399,6,89.73565576231944,4,5,6
amazon-all-beauty,valid,1400,3,1.5353416423128285,1,1,2
amazon-all-beauty,valid,1401,2,0.879520249048859,1,2,2
amazon-all-beauty,valid,1402,2,0.5962256935677224,1,1,2
amazon-all-beauty,valid,1403,4,0.8152776134271427,4,4,4
amazon-all-beauty,valid,1406,2,0.5088309215215571,1,2,2
amazon-all-beauty,valid,1407,3,0.07721670233374889,1,1,1
amazon-all-beauty,valid,1408,5,0.3417433974523595,3,3,3
amazon-all-beauty,valid,1409,6,29.085555352209074,2,2,2
amazon-all-beauty,valid,1410,8,120.64432423388973,4,7,8
amazon-all-beauty,valid,1412,4,0.575782945379253,3,3,3
amazon-all-beauty,valid,1414,4,3.461549250911194,4,4,4
amazon-all-beauty,valid,1415,3,4.652930902776857,1,3,3
amazon-all-beauty,valid,1416,4,0.3325612053229524,2,2,4
amazon-all-beauty,valid,1417,4,5.028256571131944,3,3,4
amazon-all-beauty,valid,1419,6,2.7305937080026808,3,3,4
amazon-all-beauty,valid,1420,4,1.8000023777370386,3,3,3
amazon-all-beauty,valid,1423,1,0.09143470743331725,1,1,1
amazon-all-beauty,valid,1424,3,0.5203082458873312,2,2,2
amazon-all-beauty,valid,1425,2,0.1565649904831999,2,2,2
amazon-all-beauty,valid,1428,7,1.541959266407756,1,4,6
amazon-all-beauty,valid,1429,10,7.150689700819697,4,5,5
amazon-all-beauty,valid,1430,3,2.1933867741026,1,2,2
amazon-all-beauty,valid,1432,10,3.958099715022672,5,10,10
amazon-all-beauty,valid,1433,2,0.5298688431625553,2,2,2
amazon-all-beauty,valid,1434,2,0.4871456517318703,1,1,2
amazon-all-beauty,valid,1435,4,60.888499347939494,3,4,4
amazon-all-beauty,valid,1436,4,15.908894233390166,1,1,1
amazon-all-beauty,valid,1437,6,0.3331180023460749,3,3,3
amazon-all-beauty,valid,1438,3,1.1655807410199,1,1,2
amazon-all-beauty,valid,1439,2,1.0052859065550577,2,2,2
amazon-all-beauty,valid,1440,4,0.8689330360874571,4,4,4
amazon-all-beauty,valid,1441,4,0.9840656506748247,2,3,4
amazon-all-beauty,valid,1442,2,11.965997867551792,1,2,2
amazon-all-beauty,valid,1445,2,1.5819175685384241,1,1,1
amazon-all-beauty,valid,1446,1,1.1757609051120914,1,1,1
amazon-all-beauty,valid,1447,2,1.1401821974885553,2,2,2
amazon-all-beauty,valid,1448,8,2.1109824778644075,8,8,8
amazon-all-beauty,valid,1450,2,1.0912902568282479,2,2,2
amazon-all-beauty,valid,1451,1,2.3623897316748392,1,1,1
amazon-all-beauty,valid,1452,2,1.1079956459076465,1,1,1
amazon-all-beauty,valid,1453,13,24.52463911526499,4,11,11
amazon-all-beauty,valid,1454,5,1.2844966678725775,2,2,2
amazon-all-beauty,valid,1458,1,0.10502938815220447,1,1,1
amazon-all-beauty,valid,1459,5,13.735955628223689,2,2,2
amazon-all-beauty,valid,1460,2,2.154320184960838,2,2,2
amazon-all-beauty,valid,1461,9,5.607686570892323,2,4,9
amazon-all-beauty,valid,1462,4,1.8190331443607315,2,2,2
amazon-all-beauty,valid,1464,4,62.02921019152303,2,4,4
amazon-all-beauty,valid,1465,3,0.6650948141123991,1,2,3
amazon-all-beauty,valid,1466,33,19.077140996664824,18,28,29
amazon-all-beauty,valid,1467,33,18.19621541878694,18,28,32
amazon-all-beauty,valid,1468,35,17.09442190898651,15,25,30
amazon-all-beauty,valid,1469,2,0.06733369377198599,2,2,2
amazon-all-beauty,valid,1470,4,6.254851954145649,2,4,4
amazon-all-beauty,valid,1471,3,2.74089879568851,2,2,2
amazon-all-beauty,valid,1472,7,0.23751092080454,3,3,3
amazon-all-beauty,valid,1473,6,1.3751971103965444,1,1,2
amazon-all-beauty,valid,1475,4,59.932284636313724,3,4,4
amazon-all-beauty,valid,1476,6,29.671626876633578,2,2,2
amazon-all-beauty,valid,1477,7,1.9351562773828606,6,7,7
amazon-all-beauty,valid,1478,2,0.4086320971215645,1,1,1
amazon-all-beauty,valid,1480,6,9.286919495675814,1,4,4
amazon-all-beauty,valid,1481,3,2.543096822622603,1,1,1
amazon-all-beauty,valid,1482,2,13.739140194270973,2,2,2
amazon-all-beauty,valid,1483,6,3.722822758245188,5,5,6
amazon-all-beauty,valid,1485,6,0.04337731551393953,6,6,6
amazon-all-beauty,valid,1486,5,1.5047311731120074,4,4,4
amazon-all-beauty,valid,1487,2,3.2461001570600034,2,2,2
amazon-all-beauty,valid,1488,11,9.943713789944674,1,1,6
amazon-all-beauty,valid,1489,3,2.0265219934824135,2,3,3
amazon-all-beauty,valid,1490,8,1.3338535608429338,2,4,4
amazon-all-beauty,valid,1491,3,45.459609116046686,2,3,3
amazon-all-beauty,valid,1492,6,3.047293251298531,2,6,6
amazon-all-beauty,valid,1493,3,1.4436763067066414,1,1,3
amazon-all-beauty,valid,1494,3,0.509577875908368,3,3,3
amazon-all-beauty,valid,1495,3,44.73696431848296,2,3,3
amazon-all-beauty,valid,1497,3,1.7312409329525587,1,1,1
amazon-all-beauty,valid,1498,3,7.263474146082866,3,3,3
amazon-all-beauty,valid,1499,4,2.2194829924966384,4,4,4
amazon-all-beauty,valid,1503,10,2.5615309990074486,9,10,10
amazon-all-beauty,valid,1504,4,61.98150601059275,3,4,4
amazon-all-beauty,valid,1506,11,7.432918340194172,5,8,8
amazon-all-beauty,valid,1507,2,1.2947566647938393,1,1,1
amazon-all-beauty,valid,1508,5,1.9204300771908307,1,1,1
amazon-all-beauty,valid,1509,10,12.20712319505273,3,7,8
amazon-all-beauty,valid,1510,15,68.80862906643083,7,12,13
amazon-all-beauty,valid,1511,4,61.25739317600558,2,4,4
amazon-all-beauty,valid,1512,4,0.16568934077117403,2,2,2
amazon-all-beauty,valid,1513,10,13.69769981045247,5,8,8
amazon-all-beauty,valid,1514,26,28.70657770152045,14,17,25
amazon-all-beauty,valid,1515,5,0.8348980095569014,3,4,4
amazon-all-beauty,valid,1516,3,43.24959185774135,2,3,3
amazon-all-beauty,valid,1517,2,13.739639519049092,1,2,2
amazon-all-beauty,valid,1518,11,2.1962773877885216,1,7,9
amazon-all-beauty,valid,1519,3,2.610578847762183,3,3,3
amazon-all-beauty,valid,1520,5,0.3691482336093378,4,4,4
amazon-all-beauty,valid,1522,4,13.316197015348664,4,4,4
amazon-all-beauty,valid,1523,2,1.7210357595018777,2,2,2
amazon-all-beauty,valid,1524,5,1.2002460526639185,3,5,5
amazon-all-beauty,valid,1526,3,0.5152361508675384,3,3,3
amazon-all-beauty,valid,1527,4,17.099748840745395,1,1,1
amazon-all-beauty,valid,1528,8,0.5770745617063725,7,7,7
amazon-all-beauty,valid,1529,4,2.388255013898982,4,4,4
amazon-all-beauty,valid,1530,4,1.0668132403979,4,4,4
amazon-all-beauty,valid,1531,1,0.29092043863950817,1,1,1
amazon-all-beauty,valid,1533,4,0.5130796788921569,3,3,3
amazon-all-beauty,valid,1534,3,1.0557554079811762,2,2,2
amazon-all-beauty,valid,1535,4,19.31389547677416,2,3,4
amazon-all-beauty,valid,1536,6,89.98051635454966,3,5,6
amazon-all-beauty,valid,1537,3,45.86051171981042,2,3,3
amazon-all-beauty,valid,1539,4,8.88189133335177,3,4,4
amazon-all-beauty,valid,1540,37,25.36058178913378,22,31,32
amazon-all-beauty,valid,1541,6,31.26395653102457,1,2,2
amazon-all-beauty,valid,1542,6,2.085034406039748,2,2,2
amazon-all-beauty,valid,1546,9,5.419454927807653,6,8,8
amazon-all-beauty,valid,1547,1,0.16995713235796428,1,1,1
amazon-all-beauty,valid,1548,4,60.41238128331642,3,4,4
amazon-all-beauty,valid,1549,3,3.0780500806859807,2,2,2
amazon-all-beauty,valid,1551,3,1.9687004798532062,1,1,1
amazon-all-beauty,valid,1553,1,1.109829090602438,1,1,1
amazon-all-beauty,valid,1554,7,6.508141131382723,4,4,7
amazon-all-beauty,valid,1555,2,0.22672634334904757,2,2,2
amazon-all-beauty,valid,1556,5,77.37608278664374,3,5,5
amazon-all-beauty,valid,1557,10,2.982660568243425,6,8,9
amazon-all-beauty,valid,1559,3,13.42616051585313,3,3,3
amazon-all-beauty,valid,1560,4,1.3215786473793179,3,4,4
amazon-all-beauty,valid,1562,4,2.8131525571483857,2,2,2
amazon-all-beauty,valid,1563,3,0.15628348120167873,3,3,3
amazon-all-beauty,valid,1564,25,8.973427618204177,11,16,16
amazon-all-beauty,valid,1565,3,4.026519775903828,2,2,2
amazon-all-beauty,valid,1566,3,0.5353091794263162,1,1,1
amazon-all-beauty,valid,1567,3,0.10274189424207568,1,1,1
amazon-all-beauty,valid,1568,2,14.381192272502464,1,2,2
amazon-all-beauty,valid,1570,1,8.727541211080032,1,1,1
amazon-all-beauty,valid,1571,3,0.41633140677087105,3,3,3
amazon-all-beauty,valid,1572,5,2.4570637670266144,5,5,5
amazon-all-beauty,valid,1573,3,0.38456249915685814,1,1,1
amazon-all-beauty,valid,1574,5,0.39518125101369517,5,5,5
amazon-all-beauty,valid,1576,3,45.595061156813415,2,3,3
amazon-all-beauty,valid,1577,1,6.673373281368896,1,1,1
amazon-all-beauty,valid,1578,5,4.111245445724979,4,5,5
amazon-all-beauty,valid,1579,2,3.6781916484388892,2,2,2
amazon-all-beauty,valid,1580,52,18.520087966414525,23,45,47
amazon-all-beauty,valid,1581,5,0.4799295894159409,5,5,5
amazon-all-beauty,valid,1583,7,4.122518999258528,3,6,7
amazon-all-beauty,valid,1586,1,0.4559590432947107,1,1,1
amazon-all-beauty,valid,1587,27,13.819529635566214,11,21,24
amazon-all-beauty,valid,1588,2,0.9052949185480306,2,2,2
amazon-all-beauty,valid,1589,6,4.845483374536148,4,4,4
amazon-all-beauty,valid,1590,2,0.03364017434356442,1,1,1
amazon-all-beauty,valid,1593,3,1.2520998159224976,2,3,3
amazon-all-beauty,valid,1594,2,0.11556208564005138,1,1,1
amazon-all-beauty,valid,1595,1,0.5385862677801293,1,1,1
amazon-all-beauty,valid,1596,5,0.5809060447065074,5,5,5
amazon-all-beauty,valid,1597,3,0.227791889859278,2,2,2
amazon-all-beauty,valid,1599,1,1.2730709638083166,1,1,1
amazon-all-beauty,valid,1600,2,2.6995567245206225,2,2,2
amazon-all-beauty,valid,1601,3,3.369784247467479,1,3,3
amazon-all-beauty,valid,1602,1,0.06595472948836834,1,1,1
amazon-all-beauty,test,0,15,3.394763545447394,4,8,13
amazon-all-beauty,test,1,2,0.3840977932444302,1,1,1
amazon-all-beauty,test,3,4,1.4111457840473927,4,4,4
amazon-all-beauty,test,4,8,3.49622626644219,4,7,7
amazon-all-beauty,test,5,9,1.5146359878631923,5,9,9
amazon-all-beauty,test,6,3,1.6198836227078321,1,3,3
amazon-all-beauty,test,7,5,53.40345238794097,2,4,5
amazon-all-beauty,test,8,16,6.40921704507284,11,13,15
amazon-all-beauty,test,9,6,2.457467489527947,5,6,6
amazon-all-beauty,test,10,6,0.5843986077795245,4,4,4
amazon-all-beauty,test,11,6,0.6767752933163476,5,5,5
amazon-all-beauty,test,13,12,4.8811688955282095,7,10,10
amazon-all-beauty,test,14,15,4.050116475235223,12,15,15
amazon-all-beauty,test,15,26,27.031804943266025,10,19,21
amazon-all-beauty,test,16,9,2.5418716104542325,7,8,8
amazon-all-beauty,test,17,11,2.757227689203651,8,10,10
amazon-all-beauty,test,18,7,2.5326605282038113,5,6,6
amazon-all-beauty,test,20,3,2.578204787592007,3,3,3
amazon-all-beauty,test,23,5,30.32644881954904,1,2,2
amazon-all-beauty,test,24,5,10.970216995608517,4,4,4
amazon-all-beauty,test,25,4,2.019087438076428,2,3,3
amazon-all-beauty,test,26,3,2.6771044805374524,1,1,1
amazon-all-beauty,test,27,4,1.4993253941145341,1,2,4
amazon-all-beauty,test,28,7,7.928358906223714,5,6,7
amazon-all-beauty,test,29,4,3.969486734660501,3,4,4
amazon-all-beauty,test,30,2,0.37634723289004146,2,2,2
amazon-all-beauty,test,31,5,8.8861488378379,2,3,3
amazon-all-beauty,test,32,2,4.828391633987669,1,1,1
amazon-all-beauty,test,33,38,25.146567468627268,18,27,34
amazon-all-beauty,test,34,20,1.9607806443334734,3,19,19
amazon-all-beauty,test,35,3,9.266605675042317,2,2,2
amazon-all-beauty,test,36,24,17.843176292015187,21,22,24
amazon-all-beauty,test,37,4,58.79692382426601,3,4,4
amazon-all-beauty,test,38,4,4.112614307706154,4,4,4
amazon-all-beauty,test,39,2,6.726221936620003,2,2,2
amazon-all-beauty,test,40,4,1.911594135317754,1,4,4
amazon-all-beauty,test,42,8,2.9436787398831443,3,7,7
amazon-all-beauty,test,43,2,2.16240350530183,2,2,2
amazon-all-beauty,test,44,7,3.2318912686723973,5,5,7
amazon-all-beauty,test,45,3,0.33892497826926987,3,3,3
amazon-all-beauty,test,46,7,4.366165713610937,2,2,3
amazon-all-beauty,test,47,5,0.5272376861711121,2,2,3
amazon-all-beauty,test,48,4,61.236716596475176,3,4,4
amazon-all-beauty,test,49,7,2.4232241338091844,1,7,7
amazon-all-beauty,test,51,7,3.6874960537881076,2,6,7
amazon-all-beauty,test,52,3,1.0905497703789775,2,2,2
amazon-all-beauty,test,53,4,14.098381025954108,3,4,4
amazon-all-beauty,test,54,3,0.5695399688664287,3,3,3
amazon-all-beauty,test,55,4,62.06474818193975,3,4,4
amazon-all-beauty,test,56,5,4.191343645032688,2,4,4
amazon-all-beauty,test,57,3,1.2278168376183625,3,3,3
amazon-all-beauty,test,58,4,0.2700368851078079,2,2,2
amazon-all-beauty,test,59,3,14.809276845775354,1,1,1
amazon-all-beauty,test,60,4,3.009431669720252,3,3,3
amazon-all-beauty,test,62,4,0.9066214001384632,2,2,4
amazon-all-beauty,test,63,5,3.4668321390953993,1,1,2
amazon-all-beauty,test,64,7,6.17013133547572,2,4,4
amazon-all-beauty,test,66,4,1.7302619952059648,3,3,3
amazon-all-beauty,test,67,4,56.6215241996651,3,4,4
amazon-all-beauty,test,68,7,1.4768602758556881,3,3,3
amazon-all-beauty,test,69,3,2.9187355391546452,1,1,1
amazon-all-beauty,test,70,5,29.67727517248911,2,2,2
amazon-all-beauty,test,72,3,0.4912046213352127,3,3,3
amazon-all-beauty,test,74,3,1.3192913382674045,2,3,3
amazon-all-beauty,test,75,4,1.2795475868648634,2,4,4
amazon-all-beauty,test,76,10,0.9579805817731181,7,8,8
amazon-all-beauty,test,77,4,58.262824333957965,3,4,4
amazon-all-beauty,test,78,5,0.003705081020773597,1,1,1
amazon-all-beauty,test,79,3,7.865218899954128,1,1,1
amazon-all-beauty,test,80,3,2.316879043962448,3,3,3
amazon-all-beauty,test,81,41,15.605029418951908,20,36,39
amazon-all-beauty,test,82,2,0.17647946217312965,2,2,2
amazon-all-beauty,test,83,4,1.1759810613860864,3,3,3
amazon-all-beauty,test,84,3,0.18499373195252927,3,3,3
amazon-all-beauty,test,85,6,15.692122477111663,5,6,6
amazon-all-beauty,test,86,6,2.2150591696166106,2,5,5
amazon-all-beauty,test,87,4,0.6153472577146017,4,4,4
amazon-all-beauty,test,89,2,1.4401821420490906,1,1,1
amazon-all-beauty,test,90,4,0.16575463614062974,2,2,2
amazon-all-beauty,test,91,3,0.5448915828909624,2,2,2
amazon-all-beauty,test,93,20,5.945231845685113,10,11,11
amazon-all-beauty,test,94,5,1.7082992200960916,2,2,2
amazon-all-beauty,test,95,3,3.3705048373088866,2,2,2
amazon-all-beauty,test,97,9,7.735163706271121,4,7,8
amazon-all-beauty,test,98,11,0.7316841406725904,10,10,10
amazon-all-beauty,test,99,27,47.054607626265074,13,18,19
amazon-all-beauty,test,100,3,1.9260286007270084,2,2,2
amazon-all-beauty,test,101,5,72.70857758780795,3,5,5
amazon-all-beauty,test,102,3,15.191624476720753,1,1,1
amazon-all-beauty,test,103,6,3.0752689907424102,5,5,6
amazon-all-beauty,test,104,3,0.10749453474677684,3,3,3
amazon-all-beauty,test,105,4,58.89613557979793,2,4,4
amazon-all-beauty,test,106,4,2.536987763216568,3,4,4
amazon-all-beauty,test,107,5,1.0732787139621152,1,3,3
amazon-all-beauty,test,109,13,9.170405452828621,6,8,13
amazon-all-beauty,test,110,15,9.83858220837933,11,12,12
amazon-all-beauty,test,111,5,1.158654134308756,4,4,4
amazon-all-beauty,test,112,4,60.56638755770863,2,4,4
amazon-all-beauty,test,113,5,75.37877911580583,3,5,5
amazon-all-beauty,test,114,3,1.5979236811705955,2,2,2
amazon-all-beauty,test,116,4,0.34740814034907025,2,2,2
amazon-all-beauty,test,117,4,2.5298232596027463,4,4,4
amazon-all-beauty,test,118,4,1.9212354278137207,2,2,2
amazon-all-beauty,test,120,7,4.243865022644249,7,7,7
amazon-all-beauty,test,121,6,4.493869042005436,2,6,6
amazon-all-beauty,test,122,4,3.158210988188129,2,4,4
amazon-all-beauty,test,123,4,2.350684181512996,4,4,4
amazon-all-beauty,test,124,13,4.90816347964691,10,13,13
amazon-all-beauty,test,125,6,0.33859800862675027,4,4,4
amazon-all-beauty,test,126,4,15.286183629181929,2,3,4
amazon-all-beauty,test,127,4,60.340280534778934,3,4,4
amazon-all-beauty,test,128,6,1.8099044205149921,1,1,4
amazon-all-beauty,test,129,4,2.1723932040333076,4,4,4
amazon-all-beauty,test,130,7,6.0977818485402455,4,5,6
amazon-all-beauty,test,131,4,59.03426694829093,2,4,4
amazon-all-beauty,test,132,2,0.47216941955434927,2,2,2
amazon-all-beauty,test,133,7,1.673968639619641,4,7,7
amazon-all-beauty,test,136,4,2.0967676143345018,2,2,4
amazon-all-beauty,test,137,5,0.09666671450887132,5,5,5
amazon-all-beauty,test,138,4,1.496448886692391,2,2,2
amazon-all-beauty,test,139,3,0.746291946807928,3,3,3
amazon-all-beauty,test,140,15,5.298018722892797,2,3,3
amazon-all-beauty,test,141,3,0.5443404530131133,1,1,1
amazon-all-beauty,test,143,2,2.0219625287122525,2,2,2
amazon-all-beauty,test,144,4,0.4849834510118103,4,4,4
amazon-all-beauty,test,146,9,4.063523770563653,4,7,8
amazon-all-beauty,test,147,6,3.404050702963172,3,5,5
amazon-all-beauty,test,148,7,1.6650072813576855,5,5,5
amazon-all-beauty,test,149,5,35.20703874226827,2,2,4
amazon-all-beauty,test,150,6,90.5729662509795,4,5,6
amazon-all-beauty,test,151,6,1.1285182269251863,5,5,5
amazon-all-beauty,test,152,4,1.2920194336267334,1,2,2
amazon-all-beauty,test,153,3,0.47178590165790485,2,2,3
amazon-all-beauty,test,154,2,2.456582798871228,1,1,1
amazon-all-beauty,test,155,2,7.9027317057004645,2,2,2
amazon-all-beauty,test,156,10,4.198800376224527,8,10,10
amazon-all-beauty,test,157,4,8.336445232615677,2,2,2
amazon-all-beauty,test,158,5,4.930301936260262,3,4,5
amazon-all-beauty,test,159,7,7.24792707221785,2,3,3
amazon-all-beauty,test,160,2,0.02748516178128968,1,1,1
amazon-all-beauty,test,161,5,3.235626287004072,3,3,3
amazon-all-beauty,test,162,11,16.000603797369248,6,10,10
amazon-all-beauty,test,163,12,13.790993095137878,7,11,11
amazon-all-beauty,test,164,3,2.9064585313112548,3,3,3
amazon-all-beauty,test,165,5,1.6979503968326077,2,2,2
amazon-all-beauty,test,166,4,2.6314758299642054,3,3,3
amazon-all-beauty,test,167,8,1.1571319514081717,5,8,8
amazon-all-beauty,test,168,2,28.16694572223855,2,2,2
amazon-all-beauty,test,170,27,10.851996526039947,13,26,27
amazon-all-beauty,test,171,4,1.3533570413017235,4,4,4
amazon-all-beauty,test,172,17,10.946908396694994,12,16,16
amazon-all-beauty,test,173,10,2.036984652446608,6,7,7
amazon-all-beauty,test,174,5,2.565830699086105,2,5,5
amazon-all-beauty,test,175,4,1.0613342197077071,1,4,4
amazon-all-beauty,test,176,7,3.734791029869983,2,5,7
amazon-all-beauty,test,177,5,2.5094272037633787,4,5,5
amazon-all-beauty,test,178,3,2.5817223600235137,2,2,3
amazon-all-beauty,test,179,9,3.451551667455858,5,9,9
amazon-all-beauty,test,180,4,0.29032957714533947,3,3,4
amazon-all-beauty,test,181,11,5.807167127748481,5,5,6
amazon-all-beauty,test,182,6,91.17562969837913,4,5,6
amazon-all-beauty,test,183,46,16.33335947201425,27,35,39
amazon-all-beauty,test,184,23,10.39684634453422,17,21,22
amazon-all-beauty,test,185,4,0.6981627299821491,3,3,3
amazon-all-beauty,test,186,3,0.28022838349054624,3,3,3
amazon-all-beauty,test,187,3,18.219409997201538,2,3,3
amazon-all-beauty,test,188,5,1.4601819905145539,5,5,5
amazon-all-beauty,test,189,4,1.7648935503759628,3,3,3
amazon-all-beauty,test,190,5,0.20615583799430365,5,5,5
amazon-all-beauty,test,191,4,1.9303448710456492,1,3,3
amazon-all-beauty,test,192,4,58.17338162808829,3,4,4
amazon-all-beauty,test,193,5,9.458331667582753,4,4,5
amazon-all-beauty,test,195,8,7.5727563818061725,1,6,7
amazon-all-beauty,test,196,4,2.4930178614251157,3,4,4
amazon-all-beauty,test,197,7,8.232820618897847,3,5,5
amazon-all-beauty,test,198,7,5.248570046808772,2,2,5
amazon-all-beauty,test,199,4,1.005815784638131,1,1,1
amazon-all-beauty,test,200,5,4.644320537925429,2,3,3
amazon-all-beauty,test,201,4,4.610433965961278,4,4,4
amazon-all-beauty,test,203,7,3.07019812771072,2,6,7
amazon-all-beauty,test,204,4,62.461160497065315,3,4,4
amazon-all-beauty,test,205,7,52.786760415212015,2,3,5
amazon-all-beauty,test,206,5,4.446876703801047,5,5,5
amazon-all-beauty,test,207,3,1.9809654142131878,3,3,3
amazon-all-beauty,test,208,5,7.986179187864819,2,4,4
amazon-all-beauty,test,209,3,1.6366556623436,2,2,2
amazon-all-beauty,test,210,3,1.1075563189501392,1,1,1
amazon-all-beauty,test,211,4,0.28994458086317154,2,2,2
amazon-all-beauty,test,212,3,1.940153590724805,1,1,2
amazon-all-beauty,test,213,5,8.902748953533905,1,2,2
amazon-all-beauty,test,214,39,90.68345340802713,13,30,34
amazon-all-beauty,test,215,3,0.8070173795945688,3,3,3
amazon-all-beauty,test,216,4,59.37363507268083,3,4,4
amazon-all-beauty,test,217,4,12.515384605433942,3,4,4
amazon-all-beauty,test,218,8,2.832910443150433,4,5,5
amazon-all-beauty,test,219,4,60.94441583836513,2,4,4
amazon-all-beauty,test,220,3,0.4563478587399977,3,3,3
amazon-all-beauty,test,221,4,0.9566289060259803,2,3,3
amazon-all-beauty,test,222,2,6.986227173801428,2,2,2
amazon-all-beauty,test,223,5,1.1321609077485462,2,3,3
amazon-all-beauty,test,224,6,4.686922563326191,3,3,4
amazon-all-beauty,test,225,2,0.005980501447493625,1,1,1
amazon-all-beauty,test,226,11,1.9939713894170867,4,6,6
amazon-all-beauty,test,227,6,1.6306885279670231,2,5,5
amazon-all-beauty,test,228,7,7.001875763486127,1,4,4
amazon-all-beauty,test,229,3,5.79072310494512,1,2,2
amazon-all-beauty,test,230,3,0.2358194011392071,3,3,3
amazon-all-beauty,test,231,3,4.918694513950818,3,3,3
amazon-all-beauty,test,232,7,4.513481183814903,4,5,5
amazon-all-beauty,test,233,4,0.9118829749284877,1,1,1
amazon-all-beauty,test,234,2,9.471041472846704,1,2,2
amazon-all-beauty,test,235,4,60.048829971658726,2,4,4
amazon-all-beauty,test,236,5,74.76275808379773,3,5,5
amazon-all-beauty,test,238,12,16.634193226122854,8,11,12
amazon-all-beauty,test,239,10,4.6318047707876895,2,5,5
amazon-all-beauty,test,240,10,19.693413354245923,6,9,10
amazon-all-beauty,test,241,4,6.868173515421997,2,3,3
amazon-all-beauty,test,242,10,1.9624329867771333,8,10,10
amazon-all-beauty,test,243,4,0.4840636486941573,2,2,2
amazon-all-beauty,test,245,4,59.512075054193616,3,4,4
amazon-all-beauty,test,247,4,1.9445920742632574,3,3,3
amazon-all-beauty,test,248,71,43.53704141629845,45,57,65
amazon-all-beauty,test,250,16,1.4246653750914056,11,14,14
amazon-all-beauty,test,252,4,60.68159581636552,3,4,4
amazon-all-beauty,test,253,2,3.959482498469409,2,2,2
amazon-all-beauty,test,255,5,3.071038097199303,1,1,1
amazon-all-beauty,test,256,10,5.006455617659391,7,8,9
amazon-all-beauty,test,258,5,37.632660078528154,2,3,4
amazon-all-beauty,test,259,3,1.3431237785222956,1,1,1
amazon-all-beauty,test,261,4,63.12812318993997,2,4,4
amazon-all-beauty,test,262,5,5.033406774197463,3,3,3
amazon-all-beauty,test,264,2,12.988191332433942,2,2,2
amazon-all-beauty,test,265,3,0.3559138478111544,2,2,2
amazon-all-beauty,test,266,6,3.679436079621666,6,6,6
amazon-all-beauty,test,267,7,8.336730684259129,5,7,7
amazon-all-beauty,test,268,4,0.09765575455790942,2,2,2
amazon-all-beauty,test,269,4,0.2953615093529765,2,2,2
amazon-all-beauty,test,270,5,0.06321404875457398,4,4,4
amazon-all-beauty,test,271,3,0.5497584286928058,2,2,2
amazon-all-beauty,test,272,6,7.27527880968759,4,4,5
amazon-all-beauty,test,273,37,22.37143406433553,29,30,30
amazon-all-beauty,test,274,2,0.26585872065550636,2,2,2
amazon-all-beauty,test,276,13,10.601217832559634,6,12,12
amazon-all-beauty,test,277,58,12.29446511480928,29,51,56
amazon-all-beauty,test,278,3,2.378457751709183,3,3,3
amazon-all-beauty,test,279,3,6.1389588949017435,3,3,3
amazon-all-beauty,test,280,13,9.548708405232674,5,12,12
amazon-all-beauty,test,281,11,1.429519531415789,7,8,8
amazon-all-beauty,test,282,4,0.7391401326715668,3,3,3
amazon-all-beauty,test,283,7,2.2849923582857947,5,6,6
amazon-all-beauty,test,284,5,0.52540806063944,5,5,5
amazon-all-beauty,test,285,6,60.30484005622054,3,5,6
amazon-all-beauty,test,286,7,1.1501077096398695,3,6,6
amazon-all-beauty,test,287,16,3.923797470272589,7,9,11
amazon-all-beauty,test,289,2,5.4412733139118625,1,1,1
amazon-all-beauty,test,290,7,0.9530944553574635,3,7,7
amazon-all-beauty,test,291,4,3.5040481589077386,2,2,2
amazon-all-beauty,test,292,5,30.403113899209696,2,2,2
amazon-all-beauty,test,293,5,27.32197984430504,1,3,3
amazon-all-beauty,test,295,4,59.26882861277585,3,4,4
amazon-all-beauty,test,296,6,1.9736889228808094,5,5,5
amazon-all-beauty,test,297,5,75.46009673693783,3,5,5
amazon-all-beauty,test,298,10,10.107554840564415,1,4,8
amazon-all-beauty,test,299,6,5.390851120828897,5,5,6
amazon-all-beauty,test,300,6,6.652730088716079,1,1,1
amazon-all-beauty,test,301,4,2.140004113608276,1,1,1
amazon-all-beauty,test,302,4,26.57246193664957,3,4,4
amazon-all-beauty,test,303,4,61.20332121816766,2,4,4
amazon-all-beauty,test,304,12,4.0033762633961,6,6,8
amazon-all-beauty,test,305,10,6.600693252025404,4,6,9
amazon-all-beauty,test,306,3,0.8399232890287824,3,3,3
amazon-all-beauty,test,307,8,4.0016127956255545,6,8,8
amazon-all-beauty,test,308,3,4.48963469889564,2,3,3
amazon-all-beauty,test,309,4,1.443896339781826,3,3,3
amazon-all-beauty,test,310,2,6.743727193975234,2,2,2
amazon-all-beauty,test,311,4,1.976927942802242,3,3,3
amazon-all-beauty,test,312,4,1.6513434245068184,1,2,4
amazon-all-beauty,test,313,3,19.122313688441174,1,1,2
amazon-all-beauty,test,314,15,14.517823572281326,8,13,15
amazon-all-beauty,test,316,3,1.8000839353494529,2,2,2
amazon-all-beauty,test,317,6,11.26900786704483,4,5,6
amazon-all-beauty,test,318,5,60.05363811322747,2,4,5
amazon-all-beauty,test,319,3,0.9546261861658454,3,3,3
amazon-all-beauty,test,320,2,29.609412093429295,2,2,2
amazon-all-beauty,test,321,8,1.2352067950550216,8,8,8
amazon-all-beauty,test,322,4,1.7600271973693604,4,4,4
amazon-all-beauty,test,323,4,0.9130219479296533,2,2,2
amazon-all-beauty,test,324,24,1.4195256439247617,16,16,16
amazon-all-beauty,test,326,3,1.0107287067950241,2,3,3
amazon-all-beauty,test,327,2,0.4362596767275538,2,2,2
amazon-all-beauty,test,329,3,0.5049839154713252,3,3,3
amazon-all-beauty,test,330,15,3.425825538287942,10,10,10
amazon-all-beauty,test,332,15,1.231375928048938,13,13,13
amazon-all-beauty,test,333,5,73.12560161829029,3,4,5
amazon-all-beauty,test,334,6,2.2434117742211788,3,3,5
amazon-all-beauty,test,335,20,10.33751558387951,7,10,15
amazon-all-beauty,test,336,21,13.477368162951123,12,20,20
amazon-all-beauty,test,337,7,2.2622197973958604,6,6,7
amazon-all-beauty,test,338,3,15.17154085306429,2,2,3
amazon-all-beauty,test,339,4,1.2229414910986087,1,1,2
amazon-all-beauty,test,340,8,2.3062180349136803,2,3,3
amazon-all-beauty,test,341,4,16.75459511542589,2,3,3
amazon-all-beauty,test,342,6,6.823471258302753,5,6,6
amazon-all-beauty,test,343,7,2.2955472931588994,5,5,5
amazon-all-beauty,test,344,3,24.33082588848056,2,3,3
amazon-all-beauty,test,345,6,2.683318320531642,3,4,4
amazon-all-beauty,test,346,5,1.8070960420349411,4,4,4
amazon-all-beauty,test,347,14,1.1578919032694686,2,12,12
amazon-all-beauty,test,348,4,59.95225947542069,3,4,4
amazon-all-beauty,test,349,5,6.211378235562655,3,3,3
amazon-all-beauty,test,350,4,13.281870315634736,1,1,1
amazon-all-beauty,test,351,9,2.2030892964072826,2,5,5
amazon-all-beauty,test,352,21,5.010376727794015,8,16,18
amazon-all-beauty,test,354,2,0.9499714887153279,2,2,2
amazon-all-beauty,test,355,14,4.9311614943596815,6,6,6
amazon-all-beauty,test,357,4,60.86854674621778,2,4,4
amazon-all-beauty,test,358,4,1.0737453294561026,1,3,3
amazon-all-beauty,test,359,5,0.10499791085617445,4,4,4
amazon-all-beauty,test,360,11,14.579130257054935,7,11,11
amazon-all-beauty,test,361,4,1.943698143695766,4,4,4
amazon-all-beauty,test,362,23,29.015149449704793,11,15,18
amazon-all-beauty,test,363,3,5.16837378124807,1,1,1
amazon-all-beauty,test,364,5,4.282753589505137,3,3,4
amazon-all-beauty,test,365,4,9.716120250169968,3,4,4
amazon-all-beauty,test,367,4,2.9106803081424006,2,3,4
amazon-all-beauty,test,368,7,0.49913542154906115,7,7,7
amazon-all-beauty,test,369,7,1.1872388454719172,6,7,7
amazon-all-beauty,test,370,3,6.366551079489535,2,2,2
amazon-all-beauty,test,371,5,0.1281782598081807,4,4,4
amazon-all-beauty,test,372,3,5.505414310515086,2,3,3
amazon-all-beauty,test,373,8,2.295176341541105,4,6,7
amazon-all-beauty,test,374,4,1.9807273325122954,2,2,3
amazon-all-beauty,test,375,5,2.335146224359941,1,3,3
amazon-all-beauty,test,376,7,0.1403403231615673,4,4,4
amazon-all-beauty,test,377,4,0.2573999519401441,3,4,4
amazon-all-beauty,test,378,3,0.18447087620164265,3,3,3
amazon-all-beauty,test,379,12,6.187147863150515,7,10,10
amazon-all-beauty,test,380,6,1.8844201737312662,3,5,6
amazon-all-beauty,test,381,6,1.0186660365458182,4,4,4
amazon-all-beauty,test,382,4,6.320578581036759,1,4,4
amazon-all-beauty,test,384,2,18.10777702961878,1,2,2
amazon-all-beauty,test,386,4,2.2109929928828667,3,4,4
amazon-all-beauty,test,387,9,64.41344806181475,3,4,4
amazon-all-beauty,test,388,11,3.774008660753165,6,9,9
amazon-all-beauty,test,389,4,0.4336173086443739,2,2,4
amazon-all-beauty,test,390,12,2.882198837582265,2,6,6
amazon-all-beauty,test,392,3,0.6021216190319494,1,1,1
amazon-all-beauty,test,393,6,30.067232301151112,2,5,6
amazon-all-beauty,test,394,2,0.358565702202727,2,2,2
amazon-all-beauty,test,396,4,4.4032883487250745,3,3,3
amazon-all-beauty,test,397,13,8.44570816308541,7,10,13
amazon-all-beauty,test,398,5,73.38000260319086,3,5,5
amazon-all-beauty,test,399,2,3.4323981948171123,1,2,2
amazon-all-beauty,test,400,4,0.007410531637978085,2,2,2
amazon-all-beauty,test,401,6,5.280232757048312,2,3,5
amazon-all-beauty,test,402,3,0.31525466764872545,1,1,1
amazon-all-beauty,test,403,2,0.029794338682030186,2,2,2
amazon-all-beauty,test,404,6,0.3972119370037667,1,1,2
amazon-all-beauty,test,405,3,3.8687094918461793,3,3,3
amazon-all-beauty,test,407,10,0.01923700143212459,10,10,10
amazon-all-beauty,test,408,17,4.3597825368519985,8,16,16
amazon-all-beauty,test,410,3,1.819717883348344,2,2,2
amazon-all-beauty,test,411,4,1.5945349746946562,1,2,2
amazon-all-beauty,test,412,31,16.008525973666377,12,24,29
amazon-all-beauty,test,413,3,2.2562312264262925,2,2,2
amazon-all-beauty,test,414,4,2.0145352420360743,3,3,3
amazon-all-beauty,test,415,4,62.1413568365453,3,4,4
amazon-all-beauty,test,417,3,1.9980725546129547,3,3,3
amazon-all-beauty,test,418,6,4.336204378941554,1,1,1
amazon-all-beauty,test,419,95,39.31504418248134,44,66,79
amazon-all-beauty,test,420,6,2.0526918847650073,1,1,1
amazon-all-beauty,test,421,6,88.69707131172174,4,5,6
amazon-all-beauty,test,423,12,1.5080677664911928,12,12,12
amazon-all-beauty,test,424,4,0.14410885156964215,4,4,4
amazon-all-beauty,test,425,17,2.213485736010944,8,11,14
amazon-all-beauty,test,426,6,4.696847336284644,3,3,3
amazon-all-beauty,test,427,7,23.78390645317216,1,5,5
amazon-all-beauty,test,428,2,1.5015434038956572,1,1,2
amazon-all-beauty,test,429,2,5.123409295461116,1,2,2
amazon-all-beauty,test,430,7,6.196864060523141,2,5,6
amazon-all-beauty,test,431,5,1.1821535681794229,5,5,5
amazon-all-beauty,test,432,48,14.790395088112714,19,40,43
amazon-all-beauty,test,433,2,16.52444341395484,1,2,2
amazon-all-beauty,test,434,11,16.03802174003166,1,1,1
amazon-all-beauty,test,435,6,0.9403749173874978,2,4,4
amazon-all-beauty,test,436,3,4.927069815472206,1,1,1
amazon-all-beauty,test,437,3,13.374958474301007,1,2,3
amazon-all-beauty,test,441,34,11.622192861207978,2,7,24
amazon-all-beauty,test,442,3,5.536329696771384,1,1,1
amazon-all-beauty,test,443,3,14.970263564758808,1,1,1
amazon-all-beauty,test,444,4,6.242315304809565,3,4,4
amazon-all-beauty,test,445,5,6.312862885945684,4,5,5
amazon-all-beauty,test,446,5,8.706567599218008,1,1,1
amazon-all-beauty,test,449,4,0.8106948640818366,3,3,3
amazon-all-beauty,test,450,5,1.6494327341579726,4,4,4
amazon-all-beauty,test,451,7,1.9443869482441183,3,3,5
amazon-all-beauty,test,452,4,0.27764207086605003,2,2,2
amazon-all-beauty,test,453,4,2.041059329898263,2,4,4
amazon-all-beauty,test,454,14,11.881162181193048,10,12,12
amazon-all-beauty,test,456,6,1.0183728233773193,5,6,6
amazon-all-beauty,test,457,4,0.2736611477090288,2,2,2
amazon-all-beauty,test,458,3,2.5814845863196467,2,2,3
amazon-all-beauty,test,459,12,4.930866433209028,1,5,5
amazon-all-beauty,test,461,5,6.267229800215265,5,5,5
amazon-all-beauty,test,462,20,2.2855311066832087,10,14,14
amazon-all-beauty,test,463,4,1.5247424790668282,2,2,2
amazon-all-beauty,test,464,22,11.210270739857519,16,19,20
amazon-all-beauty,test,465,13,3.4823824161294836,10,11,13
amazon-all-beauty,test,466,7,1.6415308856645432,1,1,3
amazon-all-beauty,test,467,2,0.07213413541508112,2,2,2
amazon-all-beauty,test,468,5,1.343298104838861,5,5,5
amazon-all-beauty,test,471,16,5.383637584088578,9,11,12
amazon-all-beauty,test,472,2,1.0377356107947535,2,2,2
amazon-all-beauty,test,473,3,14.385170485285656,1,2,2
amazon-all-beauty,test,474,4,1.364423867231599,3,4,4
amazon-all-beauty,test,475,2,6.544037199141576,2,2,2
amazon-all-beauty,test,476,4,59.71611335103659,3,4,4
amazon-all-beauty,test,478,5,15.34295068419383,1,1,1
amazon-all-beauty,test,479,4,6.654631169557722,3,3,3
amazon-all-beauty,test,480,2,9.037602371281421,1,1,1
amazon-all-beauty,test,481,5,30.57531010834534,1,2,2
amazon-all-beauty,test,482,3,3.3082714510842512,3,3,3
amazon-all-beauty,test,484,5,0.20702229522709947,1,1,1
amazon-all-beauty,test,485,2,7.043095251837773,1,2,2
amazon-all-beauty,test,486,3,0.22396250123891806,2,3,3
amazon-all-beauty,test,487,5,0.5867309460566001,3,3,3
amazon-all-beauty,test,488,3,1.4005689197860554,2,2,2
amazon-all-beauty,test,489,7,2.610852718717466,3,3,6
amazon-all-beauty,test,490,17,18.8960609829183,9,15,17
amazon-all-beauty,test,491,4,1.7021339820325623,2,2,2
amazon-all-beauty,test,492,4,7.0444133559091044,1,3,3
amazon-all-beauty,test,493,3,12.137436404004134,1,3,3
amazon-all-beauty,test,494,6,1.9494887341771918,2,4,4
amazon-all-beauty,test,495,3,1.2114135320218042,3,3,3
amazon-all-beauty,test,496,6,5.758494604169306,4,4,5
amazon-all-beauty,test,497,4,61.87921847356304,3,4,4
amazon-all-beauty,test,498,4,0.6098620770838941,3,3,3
amazon-all-beauty,test,499,7,2.2514577653226517,6,6,6
amazon-all-beauty,test,500,4,1.5148131477523947,3,4,4
amazon-all-beauty,test,503,7,0.7644142454045151,5,7,7
amazon-all-beauty,test,506,5,15.752818958177885,1,1,1
amazon-all-beauty,test,507,18,7.49563250977598,9,17,17
amazon-all-beauty,test,508,2,1.9574259407291756,1,2,2
amazon-all-beauty,test,509,7,4.29277113116774,4,5,6
amazon-all-beauty,test,510,5,5.841864347884365,2,4,4
amazon-all-beauty,test,511,4,1.0008570941232136,2,3,3
amazon-all-beauty,test,513,4,20.918920337370086,3,4,4
amazon-all-beauty,test,514,2,1.347458775060101,1,1,1
amazon-all-beauty,test,515,3,0.46006944840135067,2,2,2
amazon-all-beauty,test,516,3,0.8367458685124969,3,3,3
amazon-all-beauty,test,517,10,9.3461674051306,4,4,5
amazon-all-beauty,test,518,4,5.277378240613807,1,1,3
amazon-all-beauty,test,519,3,4.75293199308633,1,2,2
amazon-all-beauty,test,520,8,3.1345233065353333,2,7,7
amazon-all-beauty,test,521,2,1.7833632696175779,1,1,1
amazon-all-beauty,test,522,4,1.3410236084032185,4,4,4
amazon-all-beauty,test,523,9,1.954100435242917,8,8,8
amazon-all-beauty,test,524,4,1.6846492372792454,4,4,4
amazon-all-beauty,test,525,3,2.7444947225633634,1,2,2
amazon-all-beauty,test,526,2,4.527544451208743,1,1,1
amazon-all-beauty,test,527,9,1.9639881253594713,3,8,9
amazon-all-beauty,test,528,5,0.7165352453624425,4,4,4
amazon-all-beauty,test,529,4,1.4311718738594483,4,4,4
amazon-all-beauty,test,530,3,15.673249158567526,1,2,2
amazon-all-beauty,test,531,3,1.2271641303214262,1,2,2
amazon-all-beauty,test,532,4,61.38890802919294,2,4,4
amazon-all-beauty,test,533,4,2.648075514464372,3,4,4
amazon-all-beauty,test,534,4,1.3224909345695433,1,1,1
amazon-all-beauty,test,535,3,0.3699634401370513,2,2,2
amazon-all-beauty,test,536,5,1.2310006644727833,1,1,2
amazon-all-beauty,test,538,6,1.8366737356090699,5,5,5
amazon-all-beauty,test,539,6,2.3839686808912424,6,6,6
amazon-all-beauty,test,540,2,1.2198557304971818,1,1,1
amazon-all-beauty,test,541,6,2.954808890001511,1,1,1
amazon-all-beauty,test,542,4,59.492598184677846,2,4,4
amazon-all-beauty,test,543,3,1.7394189931786668,2,2,2
amazon-all-beauty,test,544,3,6.643924207352714,2,2,2
amazon-all-beauty,test,545,4,38.67947815201538,3,4,4
amazon-all-beauty,test,546,4,2.8215539768175564,3,4,4
amazon-all-beauty,test,547,2,2.3703972231480956,1,1,1
amazon-all-beauty,test,548,6,64.60197168607982,3,4,5
amazon-all-beauty,test,550,3,3.3386823382123962,3,3,3
amazon-all-beauty,test,551,21,47.10276585641067,6,12,14
amazon-all-beauty,test,552,28,26.707504772567912,11,21,23
amazon-all-beauty,test,554,4,7.04514959199942,2,3,3
amazon-all-beauty,test,555,7,24.44902676943829,1,3,5
amazon-all-beauty,test,556,3,5.650350688493471,1,2,2
amazon-all-beauty,test,557,6,0.008323804418685521,2,2,2
amazon-all-beauty,test,560,4,40.20891056339248,2,4,4
amazon-all-beauty,test,561,6,0.8522392892956312,1,2,2
amazon-all-beauty,test,562,4,61.638781088218785,2,4,4
amazon-all-beauty,test,563,13,10.52028730208958,3,8,9
amazon-all-beauty,test,564,2,2.707911082244261,2,2,2
amazon-all-beauty,test,565,4,2.0430311268570143,4,4,4
amazon-all-beauty,test,567,4,8.963832956457907,2,4,4
amazon-all-beauty,test,568,7,0.9830785818067513,3,4,6
amazon-all-beauty,test,570,4,0.23155641430601834,4,4,4
amazon-all-beauty,test,571,20,7.975149321578031,13,19,19
amazon-all-beauty,test,572,4,0.6806303072892486,4,4,4
amazon-all-beauty,test,573,2,5.4808611572199775,2,2,2
amazon-all-beauty,test,575,3,4.314501183724969,3,3,3
amazon-all-beauty,test,576,8,7.31420187221536,5,7,7
amazon-all-beauty,test,577,11,2.6739135081520344,6,6,6
amazon-all-beauty,test,580,5,0.4665583297395214,2,2,2
amazon-all-beauty,test,582,8,1.0721716494528155,5,8,8
amazon-all-beauty,test,583,3,4.4235199341527,3,3,3
amazon-all-beauty,test,584,3,17.29633114558939,2,2,3
amazon-all-beauty,test,585,16,3.1382625136265587,1,16,16
amazon-all-beauty,test,586,4,4.30245160088538,2,4,4
amazon-all-beauty,test,587,23,6.982638885252813,19,23,23
amazon-all-beauty,test,589,3,2.391369479823207,2,2,2
amazon-all-beauty,test,590,3,11.62768038261608,1,1,1
amazon-all-beauty,test,591,2,5.061491790986073,2,2,2
amazon-all-beauty,test,592,5,74.06504564546721,3,4,5
amazon-all-beauty,test,593,2,0.4319204914301984,2,2,2
amazon-all-beauty,test,594,6,1.6614723378939273,4,4,4
amazon-all-beauty,test,597,4,0.817613586069122,4,4,4
amazon-all-beauty,test,599,9,3.3127820059267252,4,5,5
amazon-all-beauty,test,601,3,0.671566201219508,2,3,3
amazon-all-beauty,test,602,10,2.0650838370984017,4,7,10
amazon-all-beauty,test,604,3,3.9255483717644837,1,3,3
amazon-all-beauty,test,605,9,2.061717060010695,8,9,9
amazon-all-beauty,test,606,4,61.709942199430174,3,4,4
amazon-all-beauty,test,607,8,3.2149143494151105,6,7,7
amazon-all-beauty,test,608,3,2.3401575823662584,3,3,3
amazon-all-beauty,test,609,3,1.6913983145047564,2,3,3
amazon-all-beauty,test,611,3,6.573205995864339,1,2,2
amazon-all-beauty,test,612,4,2.5117315143111125,1,1,1
amazon-all-beauty,test,613,5,5.959242999982198,4,5,5
amazon-all-beauty,test,614,7,63.4669746185195,3,4,6
amazon-all-beauty,test,615,6,7.1265777224642495,4,6,6
amazon-all-beauty,test,616,3,0.8221645501213724,2,2,2
amazon-all-beauty,test,617,20,26.54626180005905,14,18,19
amazon-all-beauty,test,619,3,1.8152644927538464,2,2,2
amazon-all-beauty,test,620,3,0.5590314799448044,2,2,2
amazon-all-beauty,test,622,4,0.19585038071204353,1,1,1
amazon-all-beauty,test,623,7,1.9598907793267224,7,7,7
amazon-all-beauty,test,624,5,13.48439819506351,3,5,5
amazon-all-beauty,test,625,4,0.35425497583054943,4,4,4
amazon-all-beauty,test,626,5,32.17364533514173,2,2,2
amazon-all-beauty,test,628,2,5.233199393640096,1,2,2
amazon-all-beauty,test,629,2,3.888303523430535,2,2,2
amazon-all-beauty,test,630,5,2.8326799381763728,3,3,3
amazon-all-beauty,test,631,7,44.75981116825551,2,3,3
amazon-all-beauty,test,632,5,2.3284950901886132,3,5,5
amazon-all-beauty,test,633,5,2.1294783768532106,3,3,3
amazon-all-beauty,test,634,3,15.812170231434509,3,3,3
amazon-all-beauty,test,635,18,4.5474661300290755,9,11,18
amazon-all-beauty,test,636,41,45.207303188514565,2,9,26
amazon-all-beauty,test,637,23,19.029844111001392,1,2,18
amazon-all-beauty,test,638,4,0.9259296104829374,4,4,4
amazon-all-beauty,test,639,5,76.39586814598049,3,5,5
amazon-all-beauty,test,640,8,6.828042611758107,2,8,8
amazon-all-beauty,test,641,4,61.86544410737934,2,4,4
amazon-all-beauty,test,642,2,0.9781797043142313,1,2,2
amazon-all-beauty,test,643,7,1.290912369117434,7,7,7
amazon-all-beauty,test,644,6,2.1396574937555144,6,6,6
amazon-all-beauty,test,645,20,17.420005503290856,1,1,2
amazon-all-beauty,test,646,5,4.760954453215037,5,5,5
amazon-all-beauty,test,647,22,5.802110186182354,9,12,21
amazon-all-beauty,test,648,8,5.870299249294209,1,1,4
amazon-all-beauty,test,649,3,0.9985850000643713,1,1,1
amazon-all-beauty,test,650,11,6.30496374782608,7,10,11
amazon-all-beauty,test,651,4,60.50174119958558,3,4,4
amazon-all-beauty,test,652,5,0.15960245715099178,1,1,1
amazon-all-beauty,test,653,5,20.74568112710649,2,4,5
amazon-all-beauty,test,654,4,58.71691679207792,2,4,4
amazon-all-beauty,test,655,4,0.754172974702418,4,4,4
amazon-all-beauty,test,656,4,0.016464658604084775,2,2,2
amazon-all-beauty,test,657,4,1.8238932142280087,2,2,2
amazon-all-beauty,test,659,5,10.7421410092927,1,1,2
amazon-all-beauty,test,661,4,1.6037477817284216,3,3,3
amazon-all-beauty,test,662,11,2.150787335876855,8,8,8
amazon-all-beauty,test,663,5,0.1486152176525662,5,5,5
amazon-all-beauty,test,664,4,3.4005811164682744,1,2,2
amazon-all-beauty,test,665,9,3.123135178108212,6,7,7
amazon-all-beauty,test,666,8,1.14596810641519,5,5,5
amazon-all-beauty,test,667,11,4.690513747046848,5,5,10
amazon-all-beauty,test,669,2,8.305767004069196,1,2,2
amazon-all-beauty,test,670,2,0.08780243690942727,2,2,2
amazon-all-beauty,test,671,29,9.45559961076568,18,20,20
amazon-all-beauty,test,673,4,2.1166774044696406,2,2,2
amazon-all-beauty,test,674,25,11.975061604025102,9,24,25
amazon-all-beauty,test,675,5,9.48737615670593,2,4,5
amazon-all-beauty,test,676,4,5.612405824519434,1,4,4
amazon-all-beauty,test,677,4,0.6480849391733594,2,4,4
amazon-all-beauty,test,678,11,51.794741665338684,2,3,8
amazon-all-beauty,test,679,3,4.1266133885198295,3,3,3
amazon-all-beauty,test,680,8,1.5086726726497348,8,8,8
amazon-all-beauty,test,684,2,8.173475135985306,1,2,2
amazon-all-beauty,test,686,8,3.201121380211055,4,7,8
amazon-all-beauty,test,687,4,0.004828777369462703,2,2,2
amazon-all-beauty,test,688,4,6.668043084841539,2,2,2
amazon-all-beauty,test,689,5,0.6644267685635814,4,4,4
amazon-all-beauty,test,691,2,1.4894949298453617,2,2,2
amazon-all-beauty,test,692,10,2.1305710271017055,8,8,8
amazon-all-beauty,test,695,4,3.052433475260416,3,4,4
amazon-all-beauty,test,696,8,1.5393316821818117,7,7,7
amazon-all-beauty,test,697,34,9.855546191761537,13,20,20
amazon-all-beauty,test,698,14,0.826381275801296,4,13,13
amazon-all-beauty,test,699,3,2.304137207007819,2,3,3
amazon-all-beauty,test,701,3,14.867274410504471,1,1,1
amazon-all-beauty,test,702,3,2.6178431424123425,1,1,1
amazon-all-beauty,test,703,3,0.4132420734039455,3,3,3
amazon-all-beauty,test,704,11,17.627264093836096,4,7,8
amazon-all-beauty,test,705,5,4.134741183631338,4,4,4
amazon-all-beauty,test,706,3,15.745329086506077,1,1,2
amazon-all-beauty,test,707,4,2.2374500605922547,3,3,3
amazon-all-beauty,test,708,28,16.499303711123922,9,23,24
amazon-all-beauty,test,709,11,1.2404064008434683,11,11,11
amazon-all-beauty,test,710,3,13.20426874021763,1,1,1
amazon-all-beauty,test,711,4,6.601380085392791,2,3,4
amazon-all-beauty,test,713,4,27.404855129594985,3,4,4
amazon-all-beauty,test,714,3,0.6846885992991343,1,1,1
amazon-all-beauty,test,715,11,12.900911504877781,3,3,5
amazon-all-beauty,test,716,4,5.045616269092813,4,4,4
amazon-all-beauty,test,717,4,5.786650213876214,3,3,4
amazon-all-beauty,test,718,3,0.24338528647696556,2,2,2
amazon-all-beauty,test,719,12,16.750341245304664,3,10,10
amazon-all-beauty,test,720,3,8.89157981099208,1,1,1
amazon-all-beauty,test,721,5,15.93914545486017,3,5,5
amazon-all-beauty,test,723,8,1.1375796226211004,1,7,7
amazon-all-beauty,test,724,3,0.05204121024844094,1,1,1
amazon-all-beauty,test,725,17,12.477862867773862,14,14,14
amazon-all-beauty,test,726,4,2.4079030065622464,2,2,3
amazon-all-beauty,test,727,12,7.083935041456092,8,10,11
amazon-all-beauty,test,728,4,5.371787583321666,1,1,1
amazon-all-beauty,test,729,3,3.2929439174991777,3,3,3
amazon-all-beauty,test,731,15,3.340016334930257,6,9,9
amazon-all-beauty,test,732,2,16.180956876535635,2,2,2
amazon-all-beauty,test,733,4,59.67620186445383,2,4,4
amazon-all-beauty,test,734,11,4.867722361378701,8,10,10
amazon-all-beauty,test,735,3,4.804278115647093,2,2,3
amazon-all-beauty,test,736,3,4.080482949192256,1,2,2
amazon-all-beauty,test,737,4,60.57199051640198,2,4,4
amazon-all-beauty,test,739,6,4.947310640810604,5,5,5
amazon-all-beauty,test,742,16,8.276860251215926,10,15,15
amazon-all-beauty,test,743,2,0.5466273309291907,2,2,2
amazon-all-beauty,test,744,11,8.200226895248917,8,11,11
amazon-all-beauty,test,745,7,3.480197608427735,7,7,7
amazon-all-beauty,test,748,3,0.25976740187815356,1,3,3
amazon-all-beauty,test,752,5,16.52425578216676,2,3,3
amazon-all-beauty,test,753,5,27.61950281518521,1,3,4
amazon-all-beauty,test,754,4,0.6649809784116877,3,4,4
amazon-all-beauty,test,755,2,0.7402018600186782,2,2,2
amazon-all-beauty,test,756,5,17.667342330008587,5,5,5
amazon-all-beauty,test,757,3,1.5035960192739612,1,1,1
amazon-all-beauty,test,758,4,0.41210556437898593,3,3,3
amazon-all-beauty,test,759,29,31.17649517002144,12,18,22
amazon-all-beauty,test,761,4,0.4914014930340621,4,4,4
amazon-all-beauty,test,762,4,0.086845182153445,4,4,4
amazon-all-beauty,test,763,4,3.9518391210799755,2,4,4
amazon-all-beauty,test,764,4,1.0471923514729002,3,3,3
amazon-all-beauty,test,765,3,16.17487750804288,3,3,3
amazon-all-beauty,test,766,4,1.4682151689397565,2,4,4
amazon-all-beauty,test,767,3,0.17097543212444705,2,2,2
amazon-all-beauty,test,768,2,0.9385550245618388,2,2,2
amazon-all-beauty,test,769,2,5.120545292718218,2,2,2
amazon-all-beauty,test,770,19,4.800511496820578,14,17,17
amazon-all-beauty,test,771,3,0.9596576255782414,1,1,1
amazon-all-beauty,test,772,3,6.49189170110022,3,3,3
amazon-all-beauty,test,775,12,4.525836792499262,1,1,9
amazon-all-beauty,test,776,6,2.844842863921432,6,6,6
amazon-all-beauty,test,777,6,89.65120531864048,3,5,6
amazon-all-beauty,test,778,2,1.237116746211005,2,2,2
amazon-all-beauty,test,779,3,3.471216907952563,3,3,3
amazon-all-beauty,test,780,4,0.9135329765947516,4,4,4
amazon-all-beauty,test,781,7,6.579646152073039,5,6,7
amazon-all-beauty,test,782,4,0.40456419560447593,4,4,4
amazon-all-beauty,test,783,12,2.904031699546684,8,9,11
amazon-all-beauty,test,784,4,0.36439941226775563,1,1,1
amazon-all-beauty,test,785,3,1.8706761144548978,3,3,3
amazon-all-beauty,test,786,5,0.4600916857866087,3,3,3
amazon-all-beauty,test,787,4,3.724317159814051,2,2,2
amazon-all-beauty,test,788,3,15.350739928974653,1,1,1
amazon-all-beauty,test,789,3,3.9767414814028625,3,3,3
amazon-all-beauty,test,790,62,21.89846742527977,33,53,57
amazon-all-beauty,test,791,2,2.41828127434139,1,1,1
amazon-all-beauty,test,792,6,1.7288746534032469,6,6,6
amazon-all-beauty,test,793,3,1.2641639978211057,3,3,3
amazon-all-beauty,test,794,2,1.8246061657431787,2,2,2
amazon-all-beauty,test,795,2,4.229904256660574,2,2,2
amazon-all-beauty,test,796,5,76.51142364048418,3,4,5
amazon-all-beauty,test,797,5,30.733285725206407,1,2,2
amazon-all-beauty,test,798,3,0.6609138160874608,3,3,3
amazon-all-beauty,test,799,6,0.37302024901805925,6,6,6
amazon-all-beauty,test,800,3,2.4757132333324483,2,2,2
amazon-all-beauty,test,803,4,10.093200392782446,2,3,3
amazon-all-beauty,test,807,4,2.260361959336631,2,4,4
amazon-all-beauty,test,808,4,1.0602171760947738,1,1,1
amazon-all-beauty,test,809,7,24.048174430789153,5,7,7
amazon-all-beauty,test,810,5,3.885670764854558,2,5,5
amazon-all-beauty,test,811,2,0.03498759973174692,2,2,2
amazon-all-beauty,test,812,2,1.4972311991377563,2,2,2
amazon-all-beauty,test,813,3,2.7117569795052003,1,1,1
amazon-all-beauty,test,814,10,15.910076449173745,4,5,5
amazon-all-beauty,test,815,3,0.8150200047148184,2,2,2
amazon-all-beauty,test,816,22,5.074462346532012,1,7,21
amazon-all-beauty,test,817,26,3.217895514226598,6,24,24
amazon-all-beauty,test,818,7,4.578880286668848,4,5,5
amazon-all-beauty,test,820,5,5.507197613294087,5,5,5
amazon-all-beauty,test,821,3,0.8704839859102448,1,2,2
amazon-all-beauty,test,822,4,1.3455783916185877,1,1,1
amazon-all-beauty,test,823,4,61.58030489611168,3,4,4
amazon-all-beauty,test,824,4,6.14661619375674,3,3,3
amazon-all-beauty,test,825,6,87.44232530855295,4,5,6
amazon-all-beauty,test,826,4,0.38028984121706133,4,4,4
amazon-all-beauty,test,827,3,3.871250282510272,1,1,1
amazon-all-beauty,test,828,16,4.081326737843958,4,15,16
amazon-all-beauty,test,829,29,17.904375917022644,1,1,13
amazon-all-beauty,test,830,9,1.605275200578443,7,7,7
amazon-all-beauty,test,831,16,5.422681258251625,11,13,15
amazon-all-beauty,test,832,5,4.597989900531129,2,2,2
amazon-all-beauty,test,833,4,2.1768108053734148,1,3,3
amazon-all-beauty,test,834,4,2.5759248704087114,3,3,3
amazon-all-beauty,test,835,5,41.68266117807753,2,3,4
amazon-all-beauty,test,836,7,1.0174320772619163,1,7,7
amazon-all-beauty,test,837,2,2.725483544550507,1,1,1
amazon-all-beauty,test,839,4,2.3934345382813507,1,1,1
amazon-all-beauty,test,840,41,23.16904878752967,21,35,38
amazon-all-beauty,test,841,3,0.36611446290585464,2,3,3
amazon-all-beauty,test,842,3,3.1384374559371753,1,3,3
amazon-all-beauty,test,843,4,61.01777395396048,3,4,4
amazon-all-beauty,test,844,4,0.7120864131239257,3,3,3
amazon-all-beauty,test,845,2,29.995367478335332,2,2,2
amazon-all-beauty,test,846,10,1.1279504036085424,2,2,2
amazon-all-beauty,test,847,4,57.750323319877765,3,4,4
amazon-all-beauty,test,848,10,3.7453508310960943,5,9,9
amazon-all-beauty,test,850,17,4.802395329828779,17,17,17
amazon-all-beauty,test,852,3,0.6267573155299554,2,2,3
amazon-all-beauty,test,854,5,1.7068474453155902,2,2,2
amazon-all-beauty,test,855,16,4.17953774943986,5,15,15
amazon-all-beauty,test,856,8,1.6989812628777405,5,5,8
amazon-all-beauty,test,859,3,2.6415070466947514,1,2,3
amazon-all-beauty,test,860,2,1.039375386959763,2,2,2
amazon-all-beauty,test,863,3,2.4639285279349914,1,1,1
amazon-all-beauty,test,864,7,2.036933401741526,2,2,3
amazon-all-beauty,test,865,100,16.539759798047584,64,90,92
amazon-all-beauty,test,867,6,1.2721626805794262,3,6,6
amazon-all-beauty,test,868,3,18.956488828978678,2,3,3
amazon-all-beauty,test,869,4,17.598191268986554,1,1,3
amazon-all-beauty,test,870,23,14.997596452810575,11,17,18
amazon-all-beauty,test,871,4,62.90178436844871,2,4,4
amazon-all-beauty,test,872,4,1.561731197074176,2,4,4
amazon-all-beauty,test,874,9,57.642796876639125,2,4,4
amazon-all-beauty,test,875,3,15.020650522982029,1,1,1
amazon-all-beauty,test,876,13,2.450276374971102,4,13,13
amazon-all-beauty,test,877,3,1.328908606995364,2,2,2
amazon-all-beauty,test,878,2,1.0395946808420862,1,1,1
amazon-all-beauty,test,879,3,1.6908506957930007,1,3,3
amazon-all-beauty,test,880,4,1.381875225107326,4,4,4
amazon-all-beauty,test,881,8,0.5976130969698452,8,8,8
amazon-all-beauty,test,882,2,3.4913969962774867,2,2,2
amazon-all-beauty,test,883,5,1.215204729010973,4,4,5
amazon-all-beauty,test,884,3,13.27742314658016,3,3,3
amazon-all-beauty,test,885,22,3.796608681709283,9,14,15
amazon-all-beauty,test,886,11,2.15650228228876,2,8,8
amazon-all-beauty,test,887,5,1.8742786940655072,2,4,4
amazon-all-beauty,test,888,2,1.27965322984469,2,2,2
amazon-all-beauty,test,890,5,0.7620512922230813,5,5,5
amazon-all-beauty,test,891,7,8.745664248869481,7,7,7
amazon-all-beauty,test,893,5,4.600682040933667,4,5,5
amazon-all-beauty,test,894,3,21.784156300359438,1,2,3
amazon-all-beauty,test,895,3,10.54242428031721,1,2,2
amazon-all-beauty,test,896,7,9.166991613795384,4,5,7
amazon-all-beauty,test,897,19,2.12580372593858,11,14,14
amazon-all-beauty,test,898,2,0.7784016223312136,2,2,2
amazon-all-beauty,test,899,4,18.7367911009557,2,4,4
amazon-all-beauty,test,901,5,2.9667620697720443,2,3,3
amazon-all-beauty,test,902,7,1.2645454829371803,2,2,2
amazon-all-beauty,test,903,8,6.825741997174681,3,6,6
amazon-all-beauty,test,904,5,0.2193656456298333,4,4,4
amazon-all-beauty,test,905,3,0.10191153426069599,2,2,2
amazon-all-beauty,test,906,4,1.441658741389866,4,4,4
amazon-all-beauty,test,907,4,5.69790290369124,2,3,3
amazon-all-beauty,test,909,18,4.422559722625271,4,11,11
amazon-all-beauty,test,910,4,3.2471411870069855,3,3,3
amazon-all-beauty,test,912,27,9.978497988440624,21,22,24
amazon-all-beauty,test,913,3,0.45894230248597334,3,3,3
amazon-all-beauty,test,914,4,0.5728106508821065,4,4,4
amazon-all-beauty,test,915,4,0.5880264431462439,1,1,1
amazon-all-beauty,test,916,3,5.038076994698077,2,3,3
amazon-all-beauty,test,917,5,2.2341818425527826,3,4,4
amazon-all-beauty,test,918,5,1.7645341794463358,3,5,5
amazon-all-beauty,test,919,6,0.13027781393320642,5,5,5
amazon-all-beauty,test,920,12,8.299181042068513,5,5,11
amazon-all-beauty,test,921,4,4.623581250200583,4,4,4
amazon-all-beauty,test,922,10,0.11979507356293363,10,10,10
amazon-all-beauty,test,923,5,0.16480218613824887,1,1,1
amazon-all-beauty,test,924,3,0.9507213382741806,3,3,3
amazon-all-beauty,test,926,5,2.939522751216696,1,1,5
amazon-all-beauty,test,927,8,3.4678699042739085,7,7,7
amazon-all-beauty,test,929,4,0.6616077949858453,1,4,4
amazon-all-beauty,test,930,4,1.6732273523781034,3,4,4
amazon-all-beauty,test,931,4,1.4117740979798907,3,3,3
amazon-all-beauty,test,932,6,0.13678887105722995,3,3,3
amazon-all-beauty,test,933,4,2.7372320294977377,4,4,4
amazon-all-beauty,test,934,7,2.3557392750969686,3,5,5
amazon-all-beauty,test,935,3,9.177843334602485,3,3,3
amazon-all-beauty,test,936,4,1.2635672843834482,4,4,4
amazon-all-beauty,test,937,5,6.062592141160212,2,3,3
amazon-all-beauty,test,939,5,70.79673027893503,3,5,5
amazon-all-beauty,test,940,4,0.6004641022382577,4,4,4
amazon-all-beauty,test,941,4,1.5508277327667501,4,4,4
amazon-all-beauty,test,944,5,3.8652744626175695,4,5,5
amazon-all-beauty,test,945,29,11.698885599001548,16,20,25
amazon-all-beauty,test,946,4,6.776922251017207,1,2,4
amazon-all-beauty,test,947,8,4.224398009033306,8,8,8
amazon-all-beauty,test,948,4,1.8232737090104467,4,4,4
amazon-all-beauty,test,949,2,0.7282420891117939,1,1,1
amazon-all-beauty,test,950,4,6.159738838233986,1,1,4
amazon-all-beauty,test,951,5,0.8196724845867508,5,5,5
amazon-all-beauty,test,952,34,29.37245470487941,7,22,31
amazon-all-beauty,test,953,10,1.4058253202260476,4,7,7
amazon-all-beauty,test,954,6,0.6347231042059274,3,4,4
amazon-all-beauty,test,955,3,14.984394345100688,1,1,1
amazon-all-beauty,test,956,3,2.837968616704662,1,1,1
amazon-all-beauty,test,957,6,0.8148217162296507,4,4,6
amazon-all-beauty,test,958,5,1.9759068710625276,5,5,5
amazon-all-beauty,test,959,3,16.06128204501155,1,1,1
amazon-all-beauty,test,960,4,3.47570559500621,2,2,2
amazon-all-beauty,test,961,8,2.5303843685842295,6,6,6
amazon-all-beauty,test,962,3,2.248007952236807,3,3,3
amazon-all-beauty,test,963,11,19.15975109651561,7,10,10
amazon-all-beauty,test,964,6,0.8190224876636412,5,5,5
amazon-all-beauty,test,965,5,2.529300711848886,1,1,1
amazon-all-beauty,test,967,3,0.763624048235291,2,3,3
amazon-all-beauty,test,968,4,62.67142828015138,2,4,4
amazon-all-beauty,test,970,4,1.9926988689055627,2,2,2
amazon-all-beauty,test,971,5,0.0456782996937955,4,4,4
amazon-all-beauty,test,974,4,1.1434980934676109,1,1,1
amazon-all-beauty,test,975,2,0.8296756119885502,2,2,2
amazon-all-beauty,test,977,3,10.046005392535127,2,2,2
amazon-all-beauty,test,978,4,7.410581533496247,2,4,4
amazon-all-beauty,test,979,5,0.6112207751632184,5,5,5
amazon-all-beauty,test,980,6,6.088348946831891,4,6,6
amazon-all-beauty,test,981,3,0.484631841607232,2,2,2
amazon-all-beauty,test,982,2,0.805323765549461,1,1,1
amazon-all-beauty,test,983,3,2.2861432815715585,2,2,2
amazon-all-beauty,test,984,5,0.17073827441463163,3,3,3
amazon-all-beauty,test,985,6,92.22393632149172,4,5,6
amazon-all-beauty,test,986,6,0.34629171273018855,1,1,3
amazon-all-beauty,test,987,2,5.431337699458103,1,2,2
amazon-all-beauty,test,988,11,5.560393381193197,1,3,9
amazon-all-beauty,test,989,3,12.331607461733062,1,2,3
amazon-all-beauty,test,990,13,19.7027627887603,1,2,6
amazon-all-beauty,test,992,9,8.818660036763758,5,9,9
amazon-all-beauty,test,993,3,0.7831083096796752,2,2,2
amazon-all-beauty,test,994,18,23.676146301790396,12,17,18
amazon-all-beauty,test,996,3,0.6665120932260181,3,3,3
amazon-all-beauty,test,997,6,1.1189772182607987,1,5,6
amazon-all-beauty,test,998,7,0.2607602610903107,6,6,6
amazon-all-beauty,test,999,15,1.6851560771847938,8,15,15
amazon-all-beauty,test,1001,7,3.88807498963744,4,4,4
amazon-all-beauty,test,1002,4,56.855457180621094,2,4,4
amazon-all-beauty,test,1003,5,1.9535236800125269,5,5,5
amazon-all-beauty,test,1004,3,5.392589948837382,3,3,3
amazon-all-beauty,test,1005,5,7.662630899505929,4,5,5
amazon-all-beauty,test,1006,3,1.4273182150734607,1,3,3
amazon-all-beauty,test,1008,5,0.34194310272384565,3,3,3
amazon-all-beauty,test,1009,5,2.1428233951830373,4,4,5
amazon-all-beauty,test,1011,6,3.4212666895118327,3,3,5
amazon-all-beauty,test,1012,14,11.309379993979274,6,8,9
amazon-all-beauty,test,1013,6,3.397810929619415,3,5,5
amazon-all-beauty,test,1014,21,5.677228603338823,20,20,20
amazon-all-beauty,test,1015,5,2.9623187198805856,2,4,4
amazon-all-beauty,test,1016,16,7.4791524513206085,12,13,15
amazon-all-beauty,test,1018,4,2.025314768340345,2,4,4
amazon-all-beauty,test,1019,2,0.4983676465633107,1,2,2
amazon-all-beauty,test,1020,7,2.925404906749897,5,6,6
amazon-all-beauty,test,1021,4,1.4129818159172,3,3,3
amazon-all-beauty,test,1024,6,11.29000513307843,4,4,4
amazon-all-beauty,test,1025,5,20.494217941036183,1,2,3
amazon-all-beauty,test,1026,5,2.1316901650944136,5,5,5
amazon-all-beauty,test,1028,5,16.10790269240528,1,1,1
amazon-all-beauty,test,1029,3,2.3771182110448597,3,3,3
amazon-all-beauty,test,1030,4,3.7954307162846597,3,4,4
amazon-all-beauty,test,1031,4,0.5014396088979849,4,4,4
amazon-all-beauty,test,1032,6,4.430737413254947,1,1,6
amazon-all-beauty,test,1034,27,10.048755313179692,12,24,25
amazon-all-beauty,test,1035,3,0.1598148518999382,2,2,2
amazon-all-beauty,test,1036,5,37.96262320574023,2,3,4
amazon-all-beauty,test,1037,5,1.7523914583061653,3,3,5
amazon-all-beauty,test,1038,4,0.9925911315459609,1,1,1
amazon-all-beauty,test,1039,3,1.1172289039439205,3,3,3
amazon-all-beauty,test,1040,9,0.9377851551963132,1,9,9
amazon-all-beauty,test,1041,3,0.7165362309529248,1,1,1
amazon-all-beauty,test,1042,5,5.812920019393957,3,4,5
amazon-all-beauty,test,1043,2,6.601535439092572,1,2,2
amazon-all-beauty,test,1044,12,4.81619088620785,8,9,9
amazon-all-beauty,test,1046,5,3.2227072901602405,4,4,4
amazon-all-beauty,test,1048,15,2.4004980188707314,12,12,12
amazon-all-beauty,test,1049,13,5.262110889647561,4,8,11
amazon-all-beauty,test,1050,5,0.5765947023402784,5,5,5
amazon-all-beauty,test,1051,3,17.294141040338804,2,3,3
amazon-all-beauty,test,1053,36,15.634481942534777,22,32,36
amazon-all-beauty,test,1054,4,0.6229502874936637,1,1,1
amazon-all-beauty,test,1055,4,60.70837196899357,2,4,4
amazon-all-beauty,test,1056,4,0.012355362286737469,1,1,1
amazon-all-beauty,test,1058,3,0.05484632396001876,1,1,1
amazon-all-beauty,test,1059,2,2.4131697557023033,2,2,2
amazon-all-beauty,test,1060,3,2.9236597956020858,1,3,3
amazon-all-beauty,test,1061,3,0.8034218223161462,2,3,3
amazon-all-beauty,test,1062,4,7.26446996206647,1,4,4
amazon-all-beauty,test,1063,3,1.0944418055943717,3,3,3
amazon-all-beauty,test,1064,7,14.072783269946518,3,4,4
amazon-all-beauty,test,1066,17,2.506515523080897,17,17,17
amazon-all-beauty,test,1067,5,7.524083488630566,1,5,5
amazon-all-beauty,test,1068,4,24.97400917818817,2,4,4
amazon-all-beauty,test,1069,4,0.7617025163911397,1,1,1
amazon-all-beauty,test,1070,4,14.39163053810222,4,4,4
amazon-all-beauty,test,1071,3,3.559759892910666,1,3,3
amazon-all-beauty,test,1072,7,4.930568538485738,3,6,6
amazon-all-beauty,test,1073,2,0.6505821174586081,2,2,2
amazon-all-beauty,test,1074,3,15.46427835095682,1,1,1
amazon-all-beauty,test,1075,2,2.3665098078880873,2,2,2
amazon-all-beauty,test,1076,4,0.5759720555530539,1,2,2
amazon-all-beauty,test,1077,4,11.477853627863086,1,2,2
amazon-all-beauty,test,1078,6,2.6363336822528973,3,5,5
amazon-all-beauty,test,1079,4,57.89134961401504,2,4,4
amazon-all-beauty,test,1081,26,10.215361129900641,12,24,25
amazon-all-beauty,test,1082,6,2.4661817109764534,6,6,6
amazon-all-beauty,test,1084,17,17.336409073764855,4,14,15
amazon-all-beauty,test,1086,2,14.066258168158122,1,1,1
amazon-all-beauty,test,1087,12,8.403595113762705,11,12,12
amazon-all-beauty,test,1088,5,2.3829721257147765,2,3,3
amazon-all-beauty,test,1090,9,0.9486791331953466,8,9,9
amazon-all-beauty,test,1091,5,26.137944845494218,2,3,5
amazon-all-beauty,test,1092,3,0.8898120312631765,3,3,3
amazon-all-beauty,test,1093,3,0.6459414646724639,3,3,3
amazon-all-beauty,test,1094,14,2.6933875440951645,8,14,14
amazon-all-beauty,test,1095,2,0.19043468421034154,1,1,1
amazon-all-beauty,test,1096,5,3.4985361209363877,2,4,4
amazon-all-beauty,test,1097,13,1.0193003872200208,4,5,5
amazon-all-beauty,test,1098,6,4.8739004121185,5,5,5
amazon-all-beauty,test,1099,16,12.268839392671753,16,16,16
amazon-all-beauty,test,1102,10,7.871062096327548,8,8,10
amazon-all-beauty,test,1103,4,1.0350617038161387,3,3,3
amazon-all-beauty,test,1104,4,0.31173586322911595,1,1,1
amazon-all-beauty,test,1106,4,2.5463898036229446,4,4,4
amazon-all-beauty,test,1107,9,4.4207186396042415,9,9,9
amazon-all-beauty,test,1108,4,2.6040564563476125,1,3,3
amazon-all-beauty,test,1110,8,2.6991608867431487,7,7,8
amazon-all-beauty,test,1111,4,61.15611463723217,3,4,4
amazon-all-beauty,test,1112,3,6.364177223213391,1,2,2
amazon-all-beauty,test,1115,4,3.0984632611599796,2,4,4
amazon-all-beauty,test,1116,8,3.9450297380368253,3,8,8
amazon-all-beauty,test,1117,6,1.407797240383609,5,5,5
amazon-all-beauty,test,1118,13,8.41375531964763,1,3,3
amazon-all-beauty,test,1119,4,0.20112957293194011,3,3,3
amazon-all-beauty,test,1120,8,2.5645955078141,5,5,5
amazon-all-beauty,test,1121,4,1.1032112201098896,4,4,4
amazon-all-beauty,test,1122,2,9.922313910199033,1,2,2
amazon-all-beauty,test,1124,11,4.1031638501673315,2,5,8
amazon-all-beauty,test,1125,4,0.33080248070660434,3,3,3
amazon-all-beauty,test,1126,5,8.455751206901747,2,4,4
amazon-all-beauty,test,1128,3,0.1417983810813936,3,3,3
amazon-all-beauty,test,1129,3,0.19716472721966222,1,1,2
amazon-all-beauty,test,1131,15,5.695253698074088,10,13,15
amazon-all-beauty,test,1133,4,3.242827627062171,3,4,4
amazon-all-beauty,test,1134,6,3.3166721931599654,5,6,6
amazon-all-beauty,test,1135,3,15.915235830550632,2,3,3
amazon-all-beauty,test,1136,4,1.489139501277664,3,3,3
amazon-all-beauty,test,1138,2,1.8828805581990258,2,2,2
amazon-all-beauty,test,1139,15,4.905715457686968,11,11,13
amazon-all-beauty,test,1140,5,46.62321990808999,2,4,5
amazon-all-beauty,test,1141,4,1.4634620356398143,1,3,4
amazon-all-beauty,test,1143,17,4.775524930110855,14,14,15
amazon-all-beauty,test,1144,23,3.1230238063837064,1,8,8
amazon-all-beauty,test,1145,6,5.528001703593148,5,5,6
amazon-all-beauty,test,1147,4,58.23091054454305,3,4,4
amazon-all-beauty,test,1148,6,3.303561252569696,2,4,5
amazon-all-beauty,test,1150,3,3.042745120818917,3,3,3
amazon-all-beauty,test,1151,4,29.20669341600302,2,2,2
amazon-all-beauty,test,1152,6,1.2639763044336234,4,4,4
amazon-all-beauty,test,1153,3,13.30135876583867,1,3,3
amazon-all-beauty,test,1154,2,0.22860389321792396,1,1,1
amazon-all-beauty,test,1155,6,1.9240649348897367,5,5,5
amazon-all-beauty,test,1156,5,38.93231217124782,4,5,5
amazon-all-beauty,test,1159,3,5.470526501819677,2,3,3
amazon-all-beauty,test,1160,2,0.1611601829083457,2,2,2
amazon-all-beauty,test,1161,3,4.5687562396347445,2,2,2
amazon-all-beauty,test,1162,3,13.34639347494749,2,2,2
amazon-all-beauty,test,1163,3,0.011686885542083691,3,3,3
amazon-all-beauty,test,1164,9,3.1654552014322106,7,9,9
amazon-all-beauty,test,1165,24,15.04245671240402,11,18,19
amazon-all-beauty,test,1166,2,0.17770602952841405,2,2,2
amazon-all-beauty,test,1168,2,9.898913281774218,1,1,2
amazon-all-beauty,test,1169,4,1.4603658031395121,4,4,4
amazon-all-beauty,test,1170,5,27.263662886660235,1,3,3
amazon-all-beauty,test,1171,12,19.37824098340247,11,12,12
amazon-all-beauty,test,1172,4,6.78667984319009,1,2,2
amazon-all-beauty,test,1173,3,3.30983952554167,2,2,3
amazon-all-beauty,test,1174,4,0.7495025694035878,4,4,4
amazon-all-beauty,test,1175,6,1.8248317427648266,5,6,6
amazon-all-beauty,test,1176,2,9.21718330190429,1,2,2
amazon-all-beauty,test,1177,24,23.12823265208293,15,19,19
amazon-all-beauty,test,1178,5,2.4703561794644457,4,4,4
amazon-all-beauty,test,1179,3,3.420288860554532,2,3,3
amazon-all-beauty,test,1180,4,6.534359686195382,4,4,4
amazon-all-beauty,test,1182,2,0.44004643855955217,1,1,1
amazon-all-beauty,test,1183,5,0.0005945574584775848,2,2,2
amazon-all-beauty,test,1185,5,0.570089558759149,4,4,4
amazon-all-beauty,test,1186,3,11.258886653583364,1,3,3
amazon-all-beauty,test,1187,2,0.5801456000499694,2,2,2
amazon-all-beauty,test,1188,3,6.571102006582143,3,3,3
amazon-all-beauty,test,1189,5,0.336452501345485,5,5,5
amazon-all-beauty,test,1190,6,0.22451726548167067,5,5,5
amazon-all-beauty,test,1191,2,0.15643544693417605,2,2,2
amazon-all-beauty,test,1192,47,70.81189346530718,28,40,42
amazon-all-beauty,test,1193,3,1.6172236371947804,1,3,3
amazon-all-beauty,test,1194,6,2.644828856216701,1,1,3
amazon-all-beauty,test,1195,3,1.2464761598290197,2,2,2
amazon-all-beauty,test,1196,4,2.5957949905269357,2,4,4
amazon-all-beauty,test,1197,5,5.720923586985105,2,3,4
amazon-all-beauty,test,1199,5,74.32148347629837,3,5,5
amazon-all-beauty,test,1200,4,1.2445086748286287,1,1,1
amazon-all-beauty,test,1201,16,10.995196416787241,12,16,16
amazon-all-beauty,test,1203,3,0.05591304085894705,3,3,3
amazon-all-beauty,test,1204,5,0.9751443320262143,4,4,5
amazon-all-beauty,test,1205,4,7.801844692746171,2,3,3
amazon-all-beauty,test,1206,2,27.592675658249703,2,2,2
amazon-all-beauty,test,1207,3,0.8369077517492229,1,1,1
amazon-all-beauty,test,1208,67,10.923372619175291,19,46,55
amazon-all-beauty,test,1209,5,1.810172069930355,4,4,4
amazon-all-beauty,test,1210,7,2.258440057896049,5,5,5
amazon-all-beauty,test,1211,2,3.112089911970138,2,2,2
amazon-all-beauty,test,1212,6,7.966479944496472,2,5,6
amazon-all-beauty,test,1213,13,10.289021698575262,6,11,11
amazon-all-beauty,test,1214,5,1.6042771054168483,3,3,3
amazon-all-beauty,test,1215,9,4.458873434351019,7,9,9
amazon-all-beauty,test,1216,4,3.5865388791113517,3,4,4
amazon-all-beauty,test,1217,4,2.6488684836068277,4,4,4
amazon-all-beauty,test,1218,15,5.582645919904881,13,15,15
amazon-all-beauty,test,1219,4,2.7056730526564654,2,2,2
amazon-all-beauty,test,1220,5,3.547769445500019,3,4,4
amazon-all-beauty,test,1221,9,0.23439251251838508,7,9,9
amazon-all-beauty,test,1222,9,5.980545675866518,4,6,6
amazon-all-beauty,test,1224,4,4.461316220361523,3,4,4
amazon-all-beauty,test,1225,50,16.381139543411656,22,43,47
amazon-all-beauty,test,1226,2,3.684611661642106,2,2,2
amazon-all-beauty,test,1227,3,1.0015937614093648,1,1,1
amazon-all-beauty,test,1228,2,8.552269959639453,1,1,1
amazon-all-beauty,test,1230,6,1.515013592216743,3,4,4
amazon-all-beauty,test,1231,6,2.3996418487385953,4,6,6
amazon-all-beauty,test,1233,15,5.927489492219472,3,5,10
amazon-all-beauty,test,1234,2,4.158243943869882,2,2,2
amazon-all-beauty,test,1235,11,7.742686225627657,6,6,8
amazon-all-beauty,test,1237,5,0.39558090795428813,2,3,5
amazon-all-beauty,test,1238,5,26.76961840954894,1,4,5
amazon-all-beauty,test,1239,4,61.86619660571262,2,4,4
amazon-all-beauty,test,1240,4,4.060296700926818,2,3,4
amazon-all-beauty,test,1241,4,7.310866141227847,4,4,4
amazon-all-beauty,test,1243,4,0.256497335856527,1,4,4
amazon-all-beauty,test,1244,4,4.92941613681425,2,4,4
amazon-all-beauty,test,1245,17,2.532718308445839,9,11,11
amazon-all-beauty,test,1246,6,3.4799032864699435,6,6,6
amazon-all-beauty,test,1247,2,7.471759598711907,1,2,2
amazon-all-beauty,test,1248,6,4.976321866255002,1,5,5
amazon-all-beauty,test,1249,10,5.151385897296667,6,10,10
amazon-all-beauty,test,1251,27,5.102387759261887,16,16,26
amazon-all-beauty,test,1252,6,1.4367463736276191,3,5,5
amazon-all-beauty,test,1253,3,1.7489547658936169,1,3,3
amazon-all-beauty,test,1255,3,8.26931235290447,2,2,2
amazon-all-beauty,test,1256,3,0.19539318992704346,3,3,3
amazon-all-beauty,test,1257,8,8.539593294855472,5,7,7
amazon-all-beauty,test,1258,15,9.203355467436921,10,12,14
amazon-all-beauty,test,1259,11,4.821242037429893,11,11,11
amazon-all-beauty,test,1260,9,5.264714511704903,6,9,9
amazon-all-beauty,test,1261,5,18.67459701515154,1,1,2
amazon-all-beauty,test,1262,4,58.6652120993798,3,4,4
amazon-all-beauty,test,1263,5,0.21012628925244997,2,2,2
amazon-all-beauty,test,1264,2,0.24094114527954835,1,1,1
amazon-all-beauty,test,1265,10,12.167904455380254,8,9,9
amazon-all-beauty,test,1266,3,0.4316772969786785,1,2,2
amazon-all-beauty,test,1267,4,11.065807322111851,2,2,3
amazon-all-beauty,test,1268,8,3.945651707230594,1,8,8
amazon-all-beauty,test,1269,2,3.998769490282786,1,2,2
amazon-all-beauty,test,1272,5,0.3526738422992397,1,1,1
amazon-all-beauty,test,1273,3,1.4323069044986847,2,3,3
amazon-all-beauty,test,1274,3,1.3477052958794988,3,3,3
amazon-all-beauty,test,1275,4,9.328958009718292,2,3,4
amazon-all-beauty,test,1276,3,0.9013949986087775,3,3,3
amazon-all-beauty,test,1277,14,1.00954415023405,13,14,14
amazon-all-beauty,test,1278,9,11.775064967352623,4,7,7
amazon-all-beauty,test,1279,4,1.5736436596379075,3,3,3
amazon-all-beauty,test,1280,6,8.361467896576816,5,6,6
amazon-all-beauty,test,1281,2,7.938686785689447,1,2,2
amazon-all-beauty,test,1282,3,6.093820452394655,3,3,3
amazon-all-beauty,test,1283,7,1.4529131375084137,6,7,7
amazon-all-beauty,test,1285,3,1.491092818414871,1,2,2
amazon-all-beauty,test,1286,9,2.159435153166613,8,9,9
amazon-all-beauty,test,1288,3,0.9150485683589851,2,2,2
amazon-all-beauty,test,1292,4,1.1550449019623907,1,1,3
amazon-all-beauty,test,1293,4,2.66373630083129,1,3,3
amazon-all-beauty,test,1294,22,18.644444106332156,15,21,21
amazon-all-beauty,test,1295,4,56.62574449811053,2,4,4
amazon-all-beauty,test,1296,4,4.255255122252335,4,4,4
amazon-all-beauty,test,1297,3,2.402746766755023,2,2,2
amazon-all-beauty,test,1298,29,34.813698204679184,12,15,22
amazon-all-beauty,test,1299,6,2.81441670014081,3,3,3
amazon-all-beauty,test,1300,2,1.4977072393407311,1,1,1
amazon-all-beauty,test,1301,4,0.5702424484827235,2,2,4
amazon-all-beauty,test,1302,7,106.49115817538373,4,6,7
amazon-all-beauty,test,1303,10,2.3115125037860533,8,9,9
amazon-all-beauty,test,1305,19,5.360055976611445,11,18,19
amazon-all-beauty,test,1306,4,1.0220588085824973,3,4,4
amazon-all-beauty,test,1307,2,0.517025243990624,1,1,1
amazon-all-beauty,test,1308,5,30.816813040199833,1,2,2
amazon-all-beauty,test,1309,3,0.010601380824585671,1,1,1
amazon-all-beauty,test,1310,4,0.9076030482588835,1,1,4
amazon-all-beauty,test,1311,3,0.6069888344302237,1,1,1
amazon-all-beauty,test,1312,2,2.8002738463155206,1,2,2
amazon-all-beauty,test,1313,7,1.2660953239706756,5,6,6
amazon-all-beauty,test,1315,5,18.6048402471787,1,1,4
amazon-all-beauty,test,1316,4,0.1986313474568039,3,3,3
amazon-all-beauty,test,1318,3,18.466805589751782,2,3,3
amazon-all-beauty,test,1320,6,1.9631557941971267,5,6,6
amazon-all-beauty,test,1321,3,15.159459977726886,1,1,1
amazon-all-beauty,test,1322,5,1.1249080705877441,1,4,4
amazon-all-beauty,test,1323,3,0.22366805608231602,3,3,3
amazon-all-beauty,test,1324,4,15.58022518648142,2,3,3
amazon-all-beauty,test,1325,4,12.338441792535297,2,4,4
amazon-all-beauty,test,1327,65,44.46858920052781,19,21,24
amazon-all-beauty,test,1330,7,1.0191596941786654,5,5,5
amazon-all-beauty,test,1331,13,7.078780403233402,2,10,10
amazon-all-beauty,test,1333,4,20.70807124069764,1,2,2
amazon-all-beauty,test,1334,3,5.924161584356413,2,3,3
amazon-all-beauty,test,1336,18,12.948170938102884,13,15,15
amazon-all-beauty,test,1338,10,4.5346315859697,5,10,10
amazon-all-beauty,test,1339,5,14.959790988290383,3,4,5
amazon-all-beauty,test,1340,6,0.1469761806804184,2,2,2
amazon-all-beauty,test,1341,3,3.560041894987428,3,3,3
amazon-all-beauty,test,1342,4,3.5322670928031386,1,2,2
amazon-all-beauty,test,1343,11,6.096873688510165,6,11,11
amazon-all-beauty,test,1344,5,15.942950450116093,1,1,1
amazon-all-beauty,test,1345,2,30.84821013380438,2,2,2
amazon-all-beauty,test,1346,2,28.3193044589407,1,2,2
amazon-all-beauty,test,1347,3,3.5652641693569698,2,3,3
amazon-all-beauty,test,1348,5,8.2285437721985,1,4,4
amazon-all-beauty,test,1350,4,0.3445641574128447,2,2,2
amazon-all-beauty,test,1351,2,2.375565967634564,2,2,2
amazon-all-beauty,test,1352,6,1.4572788105499823,6,6,6
amazon-all-beauty,test,1354,15,12.032274761929079,10,14,14
amazon-all-beauty,test,1355,2,0.7754056120630854,1,1,1
amazon-all-beauty,test,1358,4,0.19279572781021567,3,3,3
amazon-all-beauty,test,1359,36,6.686420035379002,14,26,27
amazon-all-beauty,test,1360,6,2.085688468523597,3,3,3
amazon-all-beauty,test,1361,4,1.134336906735359,1,4,4
amazon-all-beauty,test,1362,2,5.401748178798187,1,1,1
amazon-all-beauty,test,1363,35,7.9222085752162315,12,32,35
amazon-all-beauty,test,1364,4,3.911260759337099,3,3,4
amazon-all-beauty,test,1365,2,0.4766096278761456,2,2,2
amazon-all-beauty,test,1366,4,60.23475114425514,3,4,4
amazon-all-beauty,test,1367,8,5.115833307820914,4,6,8
amazon-all-beauty,test,1368,3,0.5835875284119557,2,2,2
amazon-all-beauty,test,1369,3,15.076506276394191,1,1,1
amazon-all-beauty,test,1370,5,75.55309606926187,3,4,5
amazon-all-beauty,test,1371,2,0.632049074028502,1,1,1
amazon-all-beauty,test,1372,6,2.470586130043859,4,5,5
amazon-all-beauty,test,1373,4,61.15667925737975,2,4,4
amazon-all-beauty,test,1374,2,0.7625904102169265,1,1,1
amazon-all-beauty,test,1375,4,0.4771072278709219,4,4,4
amazon-all-beauty,test,1376,2,2.7121375406301977,2,2,2
amazon-all-beauty,test,1377,3,0.5441185103563692,2,2,2
amazon-all-beauty,test,1378,5,1.474279137581224,4,4,4
amazon-all-beauty,test,1379,3,8.24769453446342,1,1,1
amazon-all-beauty,test,1380,3,0.45101643022453664,2,2,2
amazon-all-beauty,test,1381,3,7.413915662899227,2,3,3
amazon-all-beauty,test,1383,4,0.2885479991496818,2,2,3
amazon-all-beauty,test,1385,7,0.7982100198454803,4,4,4
amazon-all-beauty,test,1386,6,5.5457392523051885,4,5,6
amazon-all-beauty,test,1388,5,0.9587879035769726,3,3,3
amazon-all-beauty,test,1389,4,2.886066417833816,3,3,3
amazon-all-beauty,test,1390,4,0.011288706987214368,4,4,4
amazon-all-beauty,test,1391,9,9.558538746303036,3,7,8
amazon-all-beauty,test,1393,3,3.924898990835425,1,3,3
amazon-all-beauty,test,1394,3,0.4545607367978769,1,1,1
amazon-all-beauty,test,1395,5,1.9253833469580952,1,1,3
amazon-all-beauty,test,1396,5,3.4453764502886948,4,4,5
amazon-all-beauty,test,1398,4,3.067893077970125,1,2,3
amazon-all-beauty,test,1399,7,104.5071905293625,4,6,7
amazon-all-beauty,test,1400,4,0.12964444884948634,3,3,3
amazon-all-beauty,test,1401,3,1.4844382346768554,1,3,3
amazon-all-beauty,test,1402,3,1.4517517423237747,3,3,3
amazon-all-beauty,test,1403,5,2.6592181076625776,1,3,5
amazon-all-beauty,test,1404,5,4.40796288118405,4,5,5
amazon-all-beauty,test,1405,3,0.5445606708865134,2,2,2
amazon-all-beauty,test,1406,3,1.8040573433790463,3,3,3
amazon-all-beauty,test,1407,4,2.523048680223505,4,4,4
amazon-all-beauty,test,1408,6,1.9877687605146335,2,6,6
amazon-all-beauty,test,1409,7,45.832679260582914,2,3,3
amazon-all-beauty,test,1410,9,136.42818448750802,5,8,9
amazon-all-beauty,test,1412,5,4.982785615035873,5,5,5
amazon-all-beauty,test,1413,5,7.932874635416221,1,1,1
amazon-all-beauty,test,1414,5,1.3410691303636217,5,5,5
amazon-all-beauty,test,1415,4,0.14762260483802958,1,1,1
amazon-all-beauty,test,1416,5,1.3123558612419193,4,5,5
amazon-all-beauty,test,1417,5,6.593748904685578,3,4,5
amazon-all-beauty,test,1419,7,1.7917762699749162,3,3,4
amazon-all-beauty,test,1420,5,2.919868229016486,4,4,4
amazon-all-beauty,test,1424,4,1.174643738300348,3,3,3
amazon-all-beauty,test,1426,3,1.1960094303761328,2,3,3
amazon-all-beauty,test,1427,4,2.9029456404345395,1,1,1
amazon-all-beauty,test,1428,8,3.0845584274361775,1,2,4
amazon-all-beauty,test,1429,11,0.05658915592983901,5,5,5
amazon-all-beauty,test,1430,4,0.6247202232017486,2,2,2
amazon-all-beauty,test,1431,2,0.939557123684768,2,2,2
amazon-all-beauty,test,1433,3,2.774498068027057,3,3,3
amazon-all-beauty,test,1434,3,2.138796765267397,3,3,3
amazon-all-beauty,test,1435,5,76.54561217273238,3,5,5
amazon-all-beauty,test,1436,5,30.656415211529584,2,2,2
amazon-all-beauty,test,1437,7,3.08419018619221,1,1,1
amazon-all-beauty,test,1438,4,0.0663848165351037,2,2,2
amazon-all-beauty,test,1439,3,2.535036047663895,2,3,3
amazon-all-beauty,test,1440,5,3.324197854086163,3,3,3
amazon-all-beauty,test,1441,5,2.039708208545772,5,5,5
amazon-all-beauty,test,1442,3,6.805408156734512,2,2,3
amazon-all-beauty,test,1443,3,1.7983619855779778,1,3,3
amazon-all-beauty,test,1444,2,0.6701649379512271,1,1,1
amazon-all-beauty,test,1445,3,2.582068425481629,2,2,2
amazon-all-beauty,test,1446,2,1.909171553912138,2,2,2
amazon-all-beauty,test,1448,9,3.2114334902290715,2,2,4
amazon-all-beauty,test,1450,3,2.047924583601881,1,1,1
amazon-all-beauty,test,1451,2,0.045049985761297484,2,2,2
amazon-all-beauty,test,1452,3,3.193565720374551,1,3,3
amazon-all-beauty,test,1453,14,23.365890549068144,5,12,12
amazon-all-beauty,test,1455,6,5.659947506218923,2,3,3
amazon-all-beauty,test,1458,2,1.916295525117373,1,2,2
amazon-all-beauty,test,1459,6,23.03561030811838,2,3,3
amazon-all-beauty,test,1460,3,5.633911655241928,3,3,3
amazon-all-beauty,test,1461,10,3.208759829648077,1,3,8
amazon-all-beauty,test,1462,5,0.08594447565138758,5,5,5
amazon-all-beauty,test,1464,5,77.24226996764739,3,5,5
amazon-all-beauty,test,1465,4,2.2693831922203893,2,2,2
amazon-all-beauty,test,1466,34,11.861421235027418,24,30,32
amazon-all-beauty,test,1467,34,10.794559515897667,24,29,32
amazon-all-beauty,test,1468,36,5.346756911437858,24,31,36
amazon-all-beauty,test,1469,3,0.9020209101644747,2,3,3
amazon-all-beauty,test,1470,5,3.9746506127939627,4,4,4
amazon-all-beauty,test,1471,4,1.2821245979791822,1,1,3
amazon-all-beauty,test,1472,8,4.811910836339436,5,8,8
amazon-all-beauty,test,1473,7,0.6291444156782067,7,7,7
amazon-all-beauty,test,1474,3,2.4883105580826026,2,2,2
amazon-all-beauty,test,1475,5,74.68565965232187,3,5,5
amazon-all-beauty,test,1476,7,45.025892878757645,2,3,3
amazon-all-beauty,test,1477,8,4.815339890425745,1,1,2
amazon-all-beauty,test,1478,3,3.4334538854225194,3,3,3
amazon-all-beauty,test,1479,4,0.3578590338268821,3,3,3
amazon-all-beauty,test,1480,7,1.7417660537135722,7,7,7
amazon-all-beauty,test,1481,4,4.798545983001151,4,4,4
amazon-all-beauty,test,1482,3,0.013056486716119087,2,2,2
amazon-all-beauty,test,1483,7,2.043261015837022,6,7,7
amazon-all-beauty,test,1485,7,2.5865715883954854,3,6,7
amazon-all-beauty,test,1486,6,0.8796180689042321,1,1,1
amazon-all-beauty,test,1487,3,3.070531750088996,1,2,2
amazon-all-beauty,test,1488,12,0.8692465770596546,8,10,10
amazon-all-beauty,test,1489,4,2.7553471825633276,1,2,2
amazon-all-beauty,test,1490,9,4.022088684293993,4,5,7
amazon-all-beauty,test,1491,4,60.585666446736255,2,4,4
amazon-all-beauty,test,1492,7,2.8011285996613386,4,6,6
amazon-all-beauty,test,1493,4,0.9046864396239899,2,4,4
amazon-all-beauty,test,1494,4,1.2835839494865167,4,4,4
amazon-all-beauty,test,1495,4,58.020504593991234,2,4,4
amazon-all-beauty,test,1496,4,1.5560702117411793,4,4,4
amazon-all-beauty,test,1497,4,6.41042143664227,2,2,2
amazon-all-beauty,test,1498,4,1.9793024766718434,3,3,4
amazon-all-beauty,test,1499,5,1.2396019126122502,2,2,2
amazon-all-beauty,test,1500,3,1.4536352057355453,2,3,3
amazon-all-beauty,test,1501,2,1.0895163787582336,1,1,1
amazon-all-beauty,test,1502,2,0.484637755150126,1,1,1
amazon-all-beauty,test,1503,11,6.096723509160416,5,10,11
amazon-all-beauty,test,1504,5,78.29949901819788,3,5,5
amazon-all-beauty,test,1505,3,1.5104161822130115,1,1,1
amazon-all-beauty,test,1506,12,4.9492310638654615,7,12,12
amazon-all-beauty,test,1507,3,1.528487969297378,2,2,2
amazon-all-beauty,test,1508,6,9.947301216101614,1,2,2
amazon-all-beauty,test,1509,11,5.444071774887685,4,6,7
amazon-all-beauty,test,1510,16,69.52046834274131,8,13,14
amazon-all-beauty,test,1511,5,76.50186932634828,3,4,5
amazon-all-beauty,test,1512,5,2.138075559431938,3,5,5
amazon-all-beauty,test,1513,11,10.100068480058702,4,8,9
amazon-all-beauty,test,1514,27,15.033022147511726,11,23,23
amazon-all-beauty,test,1515,6,1.7165925944086342,1,1,1
amazon-all-beauty,test,1516,4,58.05092361224086,2,4,4
amazon-all-beauty,test,1517,3,22.8852080917225,2,3,3
amazon-all-beauty,test,1518,12,5.325662318344124,10,12,12
amazon-all-beauty,test,1519,4,2.4818671371054304,1,4,4
amazon-all-beauty,test,1520,6,0.7057071787269162,1,2,2
amazon-all-beauty,test,1522,5,8.70411926926104,2,2,3
amazon-all-beauty,test,1523,3,1.4306773538349296,1,2,2
amazon-all-beauty,test,1524,6,0.44406037899773204,1,3,3
amazon-all-beauty,test,1526,4,15.48921723972696,1,1,1
amazon-all-beauty,test,1527,5,31.964337763583078,2,2,2
amazon-all-beauty,test,1528,9,2.6736814015934414,5,9,9
amazon-all-beauty,test,1529,5,17.362857517557526,1,1,4
amazon-all-beauty,test,1530,5,2.38649049893855,3,3,3
amazon-all-beauty,test,1531,2,0.7058404798396543,2,2,2
amazon-all-beauty,test,1532,4,0.41249641260464276,4,4,4
amazon-all-beauty,test,1533,5,4.32789387999438,2,5,5
amazon-all-beauty,test,1534,4,2.478583765612292,1,3,4
amazon-all-beauty,test,1535,5,29.859815769731078,3,4,4
amazon-all-beauty,test,1536,7,103.78505121651742,4,6,7
amazon-all-beauty,test,1537,4,60.437310439380546,2,4,4
amazon-all-beauty,test,1538,2,1.99281935734203,1,2,2
amazon-all-beauty,test,1539,5,7.633428839104386,3,5,5
amazon-all-beauty,test,1540,38,14.21545722497267,33,35,36
amazon-all-beauty,test,1541,7,46.69152169811326,2,3,3
amazon-all-beauty,test,1544,4,1.4050428845818723,3,3,3
amazon-all-beauty,test,1546,10,13.932278229975589,1,7,7
amazon-all-beauty,test,1547,2,1.171716534567769,2,2,2
amazon-all-beauty,test,1548,5,76.12094513445703,3,4,5
amazon-all-beauty,test,1549,4,0.21546166012984042,4,4,4
amazon-all-beauty,test,1550,2,0.20337092888761393,2,2,2
amazon-all-beauty,test,1551,4,2.0774732022567806,3,3,3
amazon-all-beauty,test,1554,8,4.287010231599595,4,4,4
amazon-all-beauty,test,1555,3,3.560124438190325,2,2,2
amazon-all-beauty,test,1556,6,92.74437589731083,4,5,6
amazon-all-beauty,test,1557,11,6.486255109131662,4,5,10
amazon-all-beauty,test,1560,5,5.689031049364962,3,5,5
amazon-all-beauty,test,1562,5,1.293432770378423,3,5,5
amazon-all-beauty,test,1563,4,3.019336977266678,3,3,3
amazon-all-beauty,test,1564,26,7.4312059999299,9,19,26
amazon-all-beauty,test,1565,4,5.157743571901874,3,3,3
amazon-all-beauty,test,1566,4,4.60063707336791,3,3,3
amazon-all-beauty,test,1567,4,10.277028047995547,1,1,4
amazon-all-beauty,test,1568,3,19.544756372196666,2,3,3
amazon-all-beauty,test,1569,3,1.1544238567597,1,1,1
amazon-all-beauty,test,1570,2,2.792057964054653,2,2,2
amazon-all-beauty,test,1571,4,2.7139863851762756,4,4,4
amazon-all-beauty,test,1572,6,3.747402892079752,4,4,4
amazon-all-beauty,test,1574,6,14.646646038668532,1,1,1
amazon-all-beauty,test,1576,4,59.80899699967777,3,4,4
amazon-all-beauty,test,1577,2,0.6138304339622653,2,2,2
amazon-all-beauty,test,1578,6,3.387575387661996,4,6,6
amazon-all-beauty,test,1579,3,8.217849006675712,1,3,3
amazon-all-beauty,test,1580,53,13.07327027484361,26,48,51
amazon-all-beauty,test,1581,6,0.5011545268509651,4,6,6
amazon-all-beauty,test,1583,8,4.713972463710712,6,7,7
amazon-all-beauty,test,1584,2,0.1703120065310153,2,2,2
amazon-all-beauty,test,1585,3,0.9121393516527091,1,1,1
amazon-all-beauty,test,1586,2,0.44298004863026635,2,2,2
amazon-all-beauty,test,1587,28,19.031608194765987,14,22,25
amazon-all-beauty,test,1588,3,0.569617707315724,2,3,3
amazon-all-beauty,test,1589,7,6.3548394309865825,1,3,3
amazon-all-beauty,test,1590,3,1.9217635811134501,1,2,2
amazon-all-beauty,test,1591,3,0.8106868561591675,2,2,2
amazon-all-beauty,test,1592,5,2.950892523021084,2,4,4
amazon-all-beauty,test,1594,3,0.08602972922811078,2,2,2
amazon-all-beauty,test,1595,2,0.09015146862529778,2,2,2
amazon-all-beauty,test,1596,6,1.5826706828657497,4,4,4
amazon-all-beauty,test,1597,4,1.9098986732904917,4,4,4
amazon-all-beauty,test,1600,3,0.720150884046943,2,3,3
amazon-all-beauty,test,1601,4,0.4125766766295491,3,3,3
amazon-all-beauty,test,1602,2,2.0969761899203294,2,2,2
